lang,tier,word,class,severity,on_repo_profanity_list,evidence
en,easy,sex,,,yes,
en,medium,sexual,,,yes,
es,hard,belgrano,not_in_reference_dictionary,C,,
es,hard,boludo,not_in_reference_dictionary,C,,
es,hard,catalunya,not_in_reference_dictionary,C,,
es,hard,imbécil,,,yes,
es,hard,jalisco,not_in_reference_dictionary,C,,
es,hard,querés,not_in_reference_dictionary,C,,
es,hard,racista,,,yes,
es,hard,uribe,not_in_reference_dictionary,C,,
es,expert,anaya,not_in_reference_dictionary,C,,
es,expert,asesinato,,,yes,
es,expert,asique,not_in_reference_dictionary,C,,
es,expert,ayacucho,not_in_reference_dictionary,C,,
es,expert,beltrán,not_in_reference_dictionary,C,,
es,expert,boludos,not_in_reference_dictionary,C,,
es,expert,bonilla,not_in_reference_dictionary,C,,
es,expert,castañeda,not_in_reference_dictionary,C,,
es,expert,chubut,not_in_reference_dictionary,C,,
es,expert,cisneros,not_in_reference_dictionary,C,,
es,expert,compu,not_in_reference_dictionary,C,,
es,expert,contraloría,not_in_reference_dictionary,C,,
es,expert,cosita,not_in_reference_dictionary,C,,
es,expert,cositas,not_in_reference_dictionary,C,,
es,expert,coña,not_in_reference_dictionary,C,,
es,expert,cuauhtémoc,not_in_reference_dictionary,C,,
es,expert,eurovisión,not_in_reference_dictionary,C,,
es,expert,gastón,not_in_reference_dictionary,C,,
es,expert,generalitat,not_in_reference_dictionary,C,,
es,expert,imss,not_in_reference_dictionary,C,,
es,expert,isbn,not_in_reference_dictionary,C,,
es,expert,laburo,not_in_reference_dictionary,C,,
es,expert,mahoma,not_in_reference_dictionary,C,,
es,expert,montt,not_in_reference_dictionary,C,,
es,expert,obregón,not_in_reference_dictionary,C,,
es,expert,ocampo,not_in_reference_dictionary,C,,
es,expert,ocde,not_in_reference_dictionary,C,,
es,expert,oporto,not_in_reference_dictionary,C,,
es,expert,pachuca,not_in_reference_dictionary,C,,
es,expert,playstation,not_in_reference_dictionary,C,,
es,expert,restrepo,not_in_reference_dictionary,C,,
es,expert,saltillo,not_in_reference_dictionary,C,,
es,expert,solís,not_in_reference_dictionary,C,,
es,expert,temuco,not_in_reference_dictionary,C,,
es,expert,táchira,not_in_reference_dictionary,C,,
es,expert,varsovia,not_in_reference_dictionary,C,,
es,expert,vzla,not_in_reference_dictionary,C,,
es,expert,zavala,not_in_reference_dictionary,C,,
es,expert,ébola,not_in_reference_dictionary,C,,
fr,medium,youtube,not_in_reference_dictionary,C,,
fr,hard,bourré,,,yes,
fr,hard,chatte,,,yes,
fr,hard,ouai,not_in_reference_dictionary,C,,
fr,hard,péter,,,yes,
fr,hard,urss,not_in_reference_dictionary,C,,
fr,expert,apparement,not_in_reference_dictionary,C,,
fr,expert,bernier,not_in_reference_dictionary,C,,
fr,expert,bieber,not_in_reference_dictionary,C,,
fr,expert,branler,,,yes,
fr,expert,cnil,not_in_reference_dictionary,C,,
fr,expert,coderre,not_in_reference_dictionary,C,,
fr,expert,dupuis,not_in_reference_dictionary,C,,
fr,expert,emmerder,,,yes,
fr,expert,fabius,not_in_reference_dictionary,C,,
fr,expert,guingamp,not_in_reference_dictionary,C,,
fr,expert,hallyday,not_in_reference_dictionary,C,,
fr,expert,ibrahimovic,not_in_reference_dictionary,C,,
fr,expert,ille,not_in_reference_dictionary,C,,
fr,expert,ipod,not_in_reference_dictionary,C,,
fr,expert,kadhafi,not_in_reference_dictionary,C,,
fr,expert,lepage,not_in_reference_dictionary,C,,
fr,expert,lepen,not_in_reference_dictionary,C,,
fr,expert,linkedin,not_in_reference_dictionary,C,,
fr,expert,lisée,not_in_reference_dictionary,C,,
fr,expert,masson,not_in_reference_dictionary,C,,
fr,expert,montebourg,not_in_reference_dictionary,C,,
fr,expert,ptit,not_in_reference_dictionary,C,,
fr,expert,ribéry,not_in_reference_dictionary,C,,
fr,expert,salaud,,,yes,
fr,expert,telecom,not_in_reference_dictionary,C,,
fr,expert,télécom,not_in_reference_dictionary,C,,
fr,expert,uqam,not_in_reference_dictionary,C,,
fr,expert,whatsapp,not_in_reference_dictionary,C,,
de,hard,Muschi,,,yes,
de,hard,aufl,not_in_reference_dictionary,C,,
de,hard,freu,not_in_reference_dictionary,C,,
de,hard,grossmutter,not_in_reference_dictionary,C,,
de,hard,grossvater,not_in_reference_dictionary,C,,
de,hard,isbn,not_in_reference_dictionary,C,,
de,hard,jedesmal,not_in_reference_dictionary,C,,
de,hard,jänner,not_in_reference_dictionary,C,,
de,hard,kacke,,,yes,
de,hard,massstab,not_in_reference_dictionary,C,,
de,hard,nehm,not_in_reference_dictionary,C,,
de,hard,wieviele,not_in_reference_dictionary,C,,
de,hard,wirtschafts,not_in_reference_dictionary,C,,
de,expert,Nußknacker,not_in_reference_dictionary,C,,
de,expert,aussenseiter,not_in_reference_dictionary,C,,
de,expert,ausstoss,not_in_reference_dictionary,C,,
de,expert,bekomm,not_in_reference_dictionary,C,,
de,expert,bieber,not_in_reference_dictionary,C,,
de,expert,bildungs,not_in_reference_dictionary,C,,
de,expert,fernseh,not_in_reference_dictionary,C,,
de,expert,fussboden,not_in_reference_dictionary,C,,
de,expert,grossraum,not_in_reference_dictionary,C,,
de,expert,hach,not_in_reference_dictionary,C,,
de,expert,heise,not_in_reference_dictionary,C,,
de,expert,ists,not_in_reference_dictionary,C,,
de,expert,liveticker,not_in_reference_dictionary,C,,
de,expert,oecd,not_in_reference_dictionary,C,,
de,expert,oesterreich,not_in_reference_dictionary,C,,
de,expert,pharma,not_in_reference_dictionary,C,,
de,expert,pinkeln,,,yes,
de,expert,prosieben,not_in_reference_dictionary,C,,
de,expert,soooo,not_in_reference_dictionary,C,,
de,expert,spiess,not_in_reference_dictionary,C,,
de,expert,vergrösserung,not_in_reference_dictionary,C,,
de,expert,vorstoss,not_in_reference_dictionary,C,,
de,expert,weils,not_in_reference_dictionary,C,,
de,expert,weissrussland,not_in_reference_dictionary,C,,
de,expert,wichsen,,,yes,
de,expert,wiesn,not_in_reference_dictionary,C,,
de,expert,wordpress,not_in_reference_dictionary,C,,
de,expert,überleg,not_in_reference_dictionary,C,,
pt,easy,comer,,,yes,
pt,medium,cerveja,,,yes,
pt,medium,foda,,,yes,
pt,medium,inferno,,,yes,
pt,medium,pau,,,yes,
pt,hard,acções,not_in_reference_dictionary,C,,
pt,hard,amador,,,yes,
pt,hard,assembléia,not_in_reference_dictionary,C,,
pt,hard,cocaína,,,yes,
pt,hard,dêem,not_in_reference_dictionary,C,,
pt,hard,estréia,not_in_reference_dictionary,C,,
pt,hard,itunes,not_in_reference_dictionary,C,,
pt,hard,pênis,,,yes,
pt,hard,transar,,,yes,
pt,expert,actuais,not_in_reference_dictionary,C,,
pt,expert,actuação,not_in_reference_dictionary,C,,
pt,expert,anitta,not_in_reference_dictionary,C,,
pt,expert,bicha,,,yes,
pt,expert,bieber,not_in_reference_dictionary,C,,
pt,expert,cagar,,,yes,
pt,expert,electricidade,not_in_reference_dictionary,C,,
pt,expert,goku,not_in_reference_dictionary,C,,
pt,expert,ipod,not_in_reference_dictionary,C,,
pt,expert,mattos,not_in_reference_dictionary,C,,
pt,expert,miley,not_in_reference_dictionary,C,,
pt,expert,nilton,not_in_reference_dictionary,C,,
pt,expert,ongs,not_in_reference_dictionary,C,,
pt,expert,petrobrás,not_in_reference_dictionary,C,,
pt,expert,qaeda,not_in_reference_dictionary,C,,
pt,expert,sesc,not_in_reference_dictionary,C,,
pt,expert,sesi,not_in_reference_dictionary,C,,
pt,expert,torneira,,,yes,
pt,expert,ufrgs,not_in_reference_dictionary,C,,
pt,expert,ufrj,not_in_reference_dictionary,C,,
pt,expert,willian,not_in_reference_dictionary,C,,
pt,expert,zhang,not_in_reference_dictionary,C,,
pl,medium,youtube,not_in_reference_dictionary,C,,
pl,hard,jebany,,,yes,
pl,hard,kurwy,,,yes,
pl,hard,napewno,not_in_reference_dictionary,C,,
pl,expert,burdel,,,yes,
pl,expert,codzień,not_in_reference_dictionary,C,,
pl,expert,pedał,,,yes,
ko,hard,개새끼,,,yes,
ko,hard,변태,,,yes,
ko,expert,염병,,,yes,
ko,expert,자위,,,yes,
ja,easy,いたし,not_in_reference_dictionary,C,,
ja,easy,おっぱい,,,yes,
ja,easy,っと,not_in_reference_dictionary,C,,
ja,medium,あげよ,not_in_reference_dictionary,C,,
ja,medium,おいし,not_in_reference_dictionary,C,,
ja,medium,しまえ,not_in_reference_dictionary,C,,
ja,medium,とけ,not_in_reference_dictionary,C,,
ja,medium,ほしく,not_in_reference_dictionary,C,,
ja,medium,まさかの,not_in_reference_dictionary,C,,
ja,medium,みれ,not_in_reference_dictionary,C,,
ja,medium,ものすごく,not_in_reference_dictionary,C,,
ja,hard,あいかつ,not_in_reference_dictionary,C,,
ja,hard,あいつぎい,not_in_reference_dictionary,C,,
ja,hard,あきはばら,not_in_reference_dictionary,C,,
ja,hard,あきやま,not_in_reference_dictionary,C,,
ja,hard,あさくさ,not_in_reference_dictionary,C,,
ja,hard,あさひかわ,not_in_reference_dictionary,C,,
ja,hard,あざむける,not_in_reference_dictionary,C,,
ja,hard,あべ,not_in_reference_dictionary,C,,
ja,hard,あまくさ,not_in_reference_dictionary,C,,
ja,hard,あめみや,not_in_reference_dictionary,C,,
ja,hard,ありほう,not_in_reference_dictionary,C,,
ja,hard,ありむら,not_in_reference_dictionary,C,,
ja,hard,ありよし,not_in_reference_dictionary,C,,
ja,hard,あれっくす,not_in_reference_dictionary,C,,
ja,hard,あわてふためき,not_in_reference_dictionary,C,,
ja,hard,あんでぃ,not_in_reference_dictionary,C,,
ja,hard,あんとにお,not_in_reference_dictionary,C,,
ja,hard,いえやす,not_in_reference_dictionary,C,,
ja,hard,いかめしく,not_in_reference_dictionary,C,,
ja,hard,いきのび,not_in_reference_dictionary,C,,
ja,hard,いすらむきょう,not_in_reference_dictionary,C,,
ja,hard,いたこと,not_in_reference_dictionary,C,,
ja,hard,いただけれ,not_in_reference_dictionary,C,,
ja,hard,いっつも,not_in_reference_dictionary,C,,
ja,hard,いまばり,not_in_reference_dictionary,C,,
ja,hard,いりこん,not_in_reference_dictionary,C,,
ja,hard,うぃるそん,not_in_reference_dictionary,C,,
ja,hard,うえすぎ,not_in_reference_dictionary,C,,
ja,hard,うえはら,not_in_reference_dictionary,C,,
ja,hard,うけつが,not_in_reference_dictionary,C,,
ja,hard,うざ,not_in_reference_dictionary,C,,
ja,hard,うしない,not_in_reference_dictionary,C,,
ja,hard,うたがわ,not_in_reference_dictionary,C,,
ja,hard,うばいとり,not_in_reference_dictionary,C,,
ja,hard,えどがわ,not_in_reference_dictionary,C,,
ja,hard,えりざべす,not_in_reference_dictionary,C,,
ja,hard,おいしく,not_in_reference_dictionary,C,,
ja,hard,おいださ,not_in_reference_dictionary,C,,
ja,hard,おいつか,not_in_reference_dictionary,C,,
ja,hard,おおくぼ,not_in_reference_dictionary,C,,
ja,hard,おおくり,not_in_reference_dictionary,C,,
ja,hard,おおにし,not_in_reference_dictionary,C,,
ja,hard,おがさわら,not_in_reference_dictionary,C,,
ja,hard,おこたえ,not_in_reference_dictionary,C,,
ja,hard,おすごし,not_in_reference_dictionary,C,,
ja,hard,おせ,not_in_reference_dictionary,C,,
ja,hard,おだわら,not_in_reference_dictionary,C,,
ja,hard,おつたえ,not_in_reference_dictionary,C,,
ja,hard,おとなり,not_in_reference_dictionary,C,,
ja,hard,おもいださ,not_in_reference_dictionary,C,,
ja,hard,かどかわ,not_in_reference_dictionary,C,,
ja,hard,かまわ,not_in_reference_dictionary,C,,
ja,hard,かるろす,not_in_reference_dictionary,C,,
ja,hard,かわいく,not_in_reference_dictionary,C,,
ja,hard,きずつい,not_in_reference_dictionary,C,,
ja,hard,きずつけ,not_in_reference_dictionary,C,,
ja,hard,きたかみ,not_in_reference_dictionary,C,,
ja,hard,きたむら,not_in_reference_dictionary,C,,
ja,hard,きにいら,not_in_reference_dictionary,C,,
ja,hard,きのした,not_in_reference_dictionary,C,,
ja,hard,きむ,not_in_reference_dictionary,C,,
ja,hard,きゃさりん,not_in_reference_dictionary,C,,
ja,hard,きりしま,not_in_reference_dictionary,C,,
ja,hard,きんめだる,not_in_reference_dictionary,C,,
ja,hard,ぎおんさん,not_in_reference_dictionary,C,,
ja,hard,ぎかわさき,not_in_reference_dictionary,C,,
ja,hard,ぎけんどう,not_in_reference_dictionary,C,,
ja,hard,ぎじぞうで,not_in_reference_dictionary,C,,
ja,hard,ぎたかひろ,not_in_reference_dictionary,C,,
ja,hard,ぎたゆうそうし,not_in_reference_dictionary,C,,
ja,hard,ぎはふりと,not_in_reference_dictionary,C,,
ja,hard,ぎふしりつ,not_in_reference_dictionary,C,,
ja,hard,くだろし,not_in_reference_dictionary,C,,
ja,hard,くっつい,not_in_reference_dictionary,C,,
ja,hard,くまがや,not_in_reference_dictionary,C,,
ja,hard,くりかえさ,not_in_reference_dictionary,C,,
ja,hard,くるしめ,not_in_reference_dictionary,C,,
ja,hard,くろさき,not_in_reference_dictionary,C,,
ja,hard,くんたち,not_in_reference_dictionary,C,,
ja,hard,ぐさちっく,not_in_reference_dictionary,C,,
ja,hard,ぐっさんに,not_in_reference_dictionary,C,,
ja,hard,ぐつたくもあり,not_in_reference_dictionary,C,,
ja,hard,ぐらおよび,not_in_reference_dictionary,C,,
ja,hard,ぐんまけんりつ,not_in_reference_dictionary,C,,
ja,hard,けんたろう,not_in_reference_dictionary,C,,
ja,hard,こいずみ,not_in_reference_dictionary,C,,
ja,hard,こうりやま,not_in_reference_dictionary,C,,
ja,hard,ことわら,not_in_reference_dictionary,C,,
ja,hard,こよ,not_in_reference_dictionary,C,,
ja,hard,ごうこん,not_in_reference_dictionary,C,,
ja,hard,さかもと,not_in_reference_dictionary,C,,
ja,hard,さがみはら,not_in_reference_dictionary,C,,
ja,hard,さくらい,not_in_reference_dictionary,C,,
ja,hard,さざえさん,not_in_reference_dictionary,C,,
ja,hard,さの,not_in_reference_dictionary,C,,
ja,hard,ざいしりつ,not_in_reference_dictionary,C,,
ja,hard,ざいじょうほう,not_in_reference_dictionary,C,,
ja,hard,ざぐるまん,not_in_reference_dictionary,C,,
ja,hard,ざつぎょ,not_in_reference_dictionary,C,,
ja,hard,ざとちょう,not_in_reference_dictionary,C,,
ja,hard,ざわいして,not_in_reference_dictionary,C,,
ja,hard,ざわちゅうべえ,not_in_reference_dictionary,C,,
ja,hard,ししゅん,not_in_reference_dictionary,C,,
ja,hard,したがえ,not_in_reference_dictionary,C,,
ja,hard,しつこく,not_in_reference_dictionary,C,,
ja,hard,してやろ,not_in_reference_dictionary,C,,
ja,hard,しながわ,not_in_reference_dictionary,C,,
ja,hard,しばたたい,not_in_reference_dictionary,C,,
ja,hard,しょうた,not_in_reference_dictionary,C,,
ja,hard,じぇしか,not_in_reference_dictionary,C,,
ja,hard,じゃぁ,not_in_reference_dictionary,C,,
ja,hard,じゃくしょ,not_in_reference_dictionary,C,,
ja,hard,じょせふ,not_in_reference_dictionary,C,,
ja,hard,じょんそん,not_in_reference_dictionary,C,,
ja,hard,すがわら,not_in_reference_dictionary,C,,
ja,hard,すくなから,not_in_reference_dictionary,C,,
ja,hard,すた,not_in_reference_dictionary,C,,
ja,hard,せんやか,not_in_reference_dictionary,C,,
ja,hard,そろもん,not_in_reference_dictionary,C,,
ja,hard,たかし,not_in_reference_dictionary,C,,
ja,hard,たからづか,not_in_reference_dictionary,C,,
ja,hard,たきざわ,not_in_reference_dictionary,C,,
ja,hard,たけしま,not_in_reference_dictionary,C,,
ja,hard,たけなか,not_in_reference_dictionary,C,,
ja,hard,たけれ,not_in_reference_dictionary,C,,
ja,hard,たたかえる,not_in_reference_dictionary,C,,
ja,hard,たまがわ,not_in_reference_dictionary,C,,
ja,hard,だいすけ,not_in_reference_dictionary,C,,
ja,hard,だんだんに,not_in_reference_dictionary,C,,
ja,hard,ちかづけ,not_in_reference_dictionary,C,,
ja,hard,ちまえ,not_in_reference_dictionary,C,,
ja,hard,ちょうん,not_in_reference_dictionary,C,,
ja,hard,っぽ,not_in_reference_dictionary,C,,
ja,hard,つかもと,not_in_reference_dictionary,C,,
ja,hard,つくりだし,not_in_reference_dictionary,C,,
ja,hard,つたわら,not_in_reference_dictionary,C,,
ja,hard,つなげ,not_in_reference_dictionary,C,,
ja,hard,つぶし,not_in_reference_dictionary,C,,
ja,hard,づのおかといい,not_in_reference_dictionary,C,,
ja,hard,てぇ,not_in_reference_dictionary,C,,
ja,hard,てれあさ,not_in_reference_dictionary,C,,
ja,hard,とよしま,not_in_reference_dictionary,C,,
ja,hard,とりくん,not_in_reference_dictionary,C,,
ja,hard,とりこん,not_in_reference_dictionary,C,,
ja,hard,どい,not_in_reference_dictionary,C,,
ja,hard,どらえもん,not_in_reference_dictionary,C,,
ja,hard,なかはら,not_in_reference_dictionary,C,,
ja,hard,なかろ,not_in_reference_dictionary,C,,
ja,hard,ながおか,not_in_reference_dictionary,C,,
ja,hard,なめ,,,yes,
ja,hard,にしのみや,not_in_reference_dictionary,C,,
ja,hard,にしむら,not_in_reference_dictionary,C,,
ja,hard,にってれ,not_in_reference_dictionary,C,,
ja,hard,にまつわる,not_in_reference_dictionary,C,,
ja,hard,のぎざか,not_in_reference_dictionary,C,,
ja,hard,のけ,not_in_reference_dictionary,C,,
ja,hard,はとやま,not_in_reference_dictionary,C,,
ja,hard,はばひろく,not_in_reference_dictionary,C,,
ja,hard,はまさき,not_in_reference_dictionary,C,,
ja,hard,はんざわ,not_in_reference_dictionary,C,,
ja,hard,はんしま,not_in_reference_dictionary,C,,
ja,hard,ばすてい,not_in_reference_dictionary,C,,
ja,hard,ばれ,not_in_reference_dictionary,C,,
ja,hard,ぱずるだま,not_in_reference_dictionary,C,,
ja,hard,ぱっかりと,not_in_reference_dictionary,C,,
ja,hard,ぱとりっく,not_in_reference_dictionary,C,,
ja,hard,ひきこもら,not_in_reference_dictionary,C,,
ja,hard,ひきつい,not_in_reference_dictionary,C,,
ja,hard,ひじりなる,not_in_reference_dictionary,C,,
ja,hard,ひできち,not_in_reference_dictionary,C,,
ja,hard,ひど,not_in_reference_dictionary,C,,
ja,hard,ひの,not_in_reference_dictionary,C,,
ja,hard,びさひもまさみ,not_in_reference_dictionary,C,,
ja,hard,びたいかい,not_in_reference_dictionary,C,,
ja,hard,びるらじお,not_in_reference_dictionary,C,,
ja,hard,ぴゃくごじゅう,not_in_reference_dictionary,C,,
ja,hard,ふぃりっぷ,not_in_reference_dictionary,C,,
ja,hard,ふくやま,not_in_reference_dictionary,C,,
ja,hard,ふくらまさ,not_in_reference_dictionary,C,,
ja,hard,ふじさわ,not_in_reference_dictionary,C,,
ja,hard,ふじわら,not_in_reference_dictionary,C,,
ja,hard,ふらんしす,not_in_reference_dictionary,C,,
ja,hard,ふらんすご,not_in_reference_dictionary,C,,
ja,hard,ぶっくす,not_in_reference_dictionary,C,,
ja,hard,ぶんしゅん,not_in_reference_dictionary,C,,
ja,hard,ぷいぷいい,not_in_reference_dictionary,C,,
ja,hard,ぷくちゃん,not_in_reference_dictionary,C,,
ja,hard,ぷりぱら,not_in_reference_dictionary,C,,
ja,hard,へつ,not_in_reference_dictionary,C,,
ja,hard,まえかわ,not_in_reference_dictionary,C,,
ja,hard,まくろす,not_in_reference_dictionary,C,,
ja,hard,まじわし,not_in_reference_dictionary,C,,
ja,hard,まつした,not_in_reference_dictionary,C,,
ja,hard,まつしま,not_in_reference_dictionary,C,,
ja,hard,みしぇる,not_in_reference_dictionary,C,,
ja,hard,むらかみ,not_in_reference_dictionary,C,,
ja,hard,めんどく,not_in_reference_dictionary,C,,
ja,hard,もらわ,not_in_reference_dictionary,C,,
ja,hard,やくたつ,not_in_reference_dictionary,C,,
ja,hard,やまざき,not_in_reference_dictionary,C,,
ja,hard,やらかし,not_in_reference_dictionary,C,,
ja,hard,ゆい,not_in_reference_dictionary,C,,
ja,hard,よけれ,not_in_reference_dictionary,C,,
ja,hard,よこすか,not_in_reference_dictionary,C,,
ja,hard,よこやま,not_in_reference_dictionary,C,,
ja,hard,よしかわ,not_in_reference_dictionary,C,,
ja,hard,よしもと,not_in_reference_dictionary,C,,
ja,hard,らいあん,not_in_reference_dictionary,C,,
ja,hard,らっしゃい,not_in_reference_dictionary,C,,
ja,hard,らてんご,not_in_reference_dictionary,C,,
ja,hard,られれ,not_in_reference_dictionary,C,,
ja,hard,れつしま,not_in_reference_dictionary,C,,
ja,expert,あかるく,not_in_reference_dictionary,C,,
ja,expert,あがりこん,not_in_reference_dictionary,C,,
ja,expert,あがれ,not_in_reference_dictionary,C,,
ja,expert,あきば,not_in_reference_dictionary,C,,
ja,expert,あきもと,not_in_reference_dictionary,C,,
ja,expert,あきら,not_in_reference_dictionary,C,,
ja,expert,あきれ,not_in_reference_dictionary,C,,
ja,expert,あげれ,not_in_reference_dictionary,C,,
ja,expert,あさの,not_in_reference_dictionary,C,,
ja,expert,あそう,not_in_reference_dictionary,C,,
ja,expert,あそば,not_in_reference_dictionary,C,,
ja,expert,あそべ,not_in_reference_dictionary,C,,
ja,expert,あそべる,not_in_reference_dictionary,C,,
ja,expert,あそぼ,not_in_reference_dictionary,C,,
ja,expert,あたため,not_in_reference_dictionary,C,,
ja,expert,あっけなく,not_in_reference_dictionary,C,,
ja,expert,あつく,not_in_reference_dictionary,C,,
ja,expert,あばれ,not_in_reference_dictionary,C,,
ja,expert,あまく,not_in_reference_dictionary,C,,
ja,expert,あやせ,not_in_reference_dictionary,C,,
ja,expert,あらわし,not_in_reference_dictionary,C,,
ja,expert,ありがたく,not_in_reference_dictionary,C,,
ja,expert,あるい,not_in_reference_dictionary,C,,
ja,expert,あわて,not_in_reference_dictionary,C,,
ja,expert,いいだ,not_in_reference_dictionary,C,,
ja,expert,いかし,not_in_reference_dictionary,C,,
ja,expert,いけだ,not_in_reference_dictionary,C,,
ja,expert,いしだ,not_in_reference_dictionary,C,,
ja,expert,いそが,not_in_reference_dictionary,C,,
ja,expert,いそがし,not_in_reference_dictionary,C,,
ja,expert,いそがしく,not_in_reference_dictionary,C,,
ja,expert,いたら,not_in_reference_dictionary,C,,
ja,expert,いちゃつき,not_in_reference_dictionary,C,,
ja,expert,いつくしま,not_in_reference_dictionary,C,,
ja,expert,いとし,not_in_reference_dictionary,C,,
ja,expert,いねだ,not_in_reference_dictionary,C,,
ja,expert,いわさき,not_in_reference_dictionary,C,,
ja,expert,うえだ,not_in_reference_dictionary,C,,
ja,expert,うかがえる,not_in_reference_dictionary,C,,
ja,expert,うかば,not_in_reference_dictionary,C,,
ja,expert,うけつい,not_in_reference_dictionary,C,,
ja,expert,うごけ,not_in_reference_dictionary,C,,
ja,expert,うすく,not_in_reference_dictionary,C,,
ja,expert,うちだ,not_in_reference_dictionary,C,,
ja,expert,うっとうし,not_in_reference_dictionary,C,,
ja,expert,うつくし,not_in_reference_dictionary,C,,
ja,expert,うつくしく,not_in_reference_dictionary,C,,
ja,expert,うて,not_in_reference_dictionary,C,,
ja,expert,うながし,not_in_reference_dictionary,C,,
ja,expert,うの,not_in_reference_dictionary,C,,
ja,expert,うみだし,not_in_reference_dictionary,C,,
ja,expert,うめだ,not_in_reference_dictionary,C,,
ja,expert,うもれ,not_in_reference_dictionary,C,,
ja,expert,うらやまし,not_in_reference_dictionary,C,,
ja,expert,うるさく,not_in_reference_dictionary,C,,
ja,expert,うるとらまん,not_in_reference_dictionary,C,,
ja,expert,うれしく,not_in_reference_dictionary,C,,
ja,expert,えがけ,not_in_reference_dictionary,C,,
ja,expert,えらべ,not_in_reference_dictionary,C,,
ja,expert,えゔぁ,not_in_reference_dictionary,C,,
ja,expert,おいかけ,not_in_reference_dictionary,C,,
ja,expert,おいこま,not_in_reference_dictionary,C,,
ja,expert,おいしゅう,not_in_reference_dictionary,C,,
ja,expert,おいつい,not_in_reference_dictionary,C,,
ja,expert,おいん,not_in_reference_dictionary,C,,
ja,expert,おおた,not_in_reference_dictionary,C,,
ja,expert,おかさ,not_in_reference_dictionary,C,,
ja,expert,おかだ,not_in_reference_dictionary,C,,
ja,expert,おぐら,not_in_reference_dictionary,C,,
ja,expert,おこさ,not_in_reference_dictionary,C,,
ja,expert,おこなえる,not_in_reference_dictionary,C,,
ja,expert,おざわ,not_in_reference_dictionary,C,,
ja,expert,おしり,,,yes,
ja,expert,おそろしく,not_in_reference_dictionary,C,,
ja,expert,おそわ,not_in_reference_dictionary,C,,
ja,expert,おちつけ,not_in_reference_dictionary,C,,
ja,expert,おちゃらけ,not_in_reference_dictionary,C,,
ja,expert,おどら,not_in_reference_dictionary,C,,
ja,expert,おばま,not_in_reference_dictionary,C,,
ja,expert,おぼれ,not_in_reference_dictionary,C,,
ja,expert,おもいだせ,not_in_reference_dictionary,C,,
ja,expert,おもいつい,not_in_reference_dictionary,C,,
ja,expert,おもいつか,not_in_reference_dictionary,C,,
ja,expert,おもいとうり,not_in_reference_dictionary,C,,
ja,expert,おもく,not_in_reference_dictionary,C,,
ja,expert,およい,not_in_reference_dictionary,C,,
ja,expert,およん,not_in_reference_dictionary,C,,
ja,expert,おわ,not_in_reference_dictionary,C,,
ja,expert,おわれ,not_in_reference_dictionary,C,,
ja,expert,かえせ,not_in_reference_dictionary,C,,
ja,expert,かえれる,not_in_reference_dictionary,C,,
ja,expert,かえろ,not_in_reference_dictionary,C,,
ja,expert,かかげ,not_in_reference_dictionary,C,,
ja,expert,かがつ,not_in_reference_dictionary,C,,
ja,expert,かがやい,not_in_reference_dictionary,C,,
ja,expert,かけつけ,not_in_reference_dictionary,C,,
ja,expert,かざま,not_in_reference_dictionary,C,,
ja,expert,かすが,not_in_reference_dictionary,C,,
ja,expert,かたむけ,not_in_reference_dictionary,C,,
ja,expert,かたら,not_in_reference_dictionary,C,,
ja,expert,かっこよさ,not_in_reference_dictionary,C,,
ja,expert,かっぱえびせん,not_in_reference_dictionary,C,,
ja,expert,かてる,not_in_reference_dictionary,C,,
ja,expert,かなし,not_in_reference_dictionary,C,,
ja,expert,かねこ,not_in_reference_dictionary,C,,
ja,expert,からま,not_in_reference_dictionary,C,,
ja,expert,かわいらし,not_in_reference_dictionary,C,,
ja,expert,かわいらしく,not_in_reference_dictionary,C,,
ja,expert,かわれ,not_in_reference_dictionary,C,,
ja,expert,がんばろ,not_in_reference_dictionary,C,,
ja,expert,きかさ,not_in_reference_dictionary,C,,
ja,expert,きけ,not_in_reference_dictionary,C,,
ja,expert,きざま,not_in_reference_dictionary,C,,
ja,expert,きちじょうじ,not_in_reference_dictionary,C,,
ja,expert,きつく,not_in_reference_dictionary,C,,
ja,expert,きづい,not_in_reference_dictionary,C,,
ja,expert,きてぃ,not_in_reference_dictionary,C,,
ja,expert,きびし,not_in_reference_dictionary,C,,
ja,expert,きゃす,not_in_reference_dictionary,C,,
ja,expert,きょうごく,not_in_reference_dictionary,C,,
ja,expert,きよし,not_in_reference_dictionary,C,,
ja,expert,きわめ,not_in_reference_dictionary,C,,
ja,expert,ぎじもんだい,not_in_reference_dictionary,C,,
ja,expert,ぎふけんどう,not_in_reference_dictionary,C,,
ja,expert,ぎゅうといい,not_in_reference_dictionary,C,,
ja,expert,くださ,not_in_reference_dictionary,C,,
ja,expert,くりす,not_in_reference_dictionary,C,,
ja,expert,くりひろげ,not_in_reference_dictionary,C,,
ja,expert,くるし,not_in_reference_dictionary,C,,
ja,expert,くるしく,not_in_reference_dictionary,C,,
ja,expert,くれあ,not_in_reference_dictionary,C,,
ja,expert,くろく,not_in_reference_dictionary,C,,
ja,expert,くろだ,not_in_reference_dictionary,C,,
ja,expert,くわわり,not_in_reference_dictionary,C,,
ja,expert,ぐぐ,not_in_reference_dictionary,C,,
ja,expert,ぐれ,not_in_reference_dictionary,C,,
ja,expert,こいけ,not_in_reference_dictionary,C,,
ja,expert,こおら,not_in_reference_dictionary,C,,
ja,expert,ことごときる,not_in_reference_dictionary,C,,
ja,expert,このん,not_in_reference_dictionary,C,,
ja,expert,こびりつい,not_in_reference_dictionary,C,,
ja,expert,こまら,not_in_reference_dictionary,C,,
ja,expert,こまり,not_in_reference_dictionary,C,,
ja,expert,ころさ,not_in_reference_dictionary,C,,
ja,expert,こわさ,not_in_reference_dictionary,C,,
ja,expert,こんなにも,not_in_reference_dictionary,C,,
ja,expert,さいや,not_in_reference_dictionary,C,,
ja,expert,さかた,not_in_reference_dictionary,C,,
ja,expert,さかのぼら,not_in_reference_dictionary,C,,
ja,expert,さかのぼれ,not_in_reference_dictionary,C,,
ja,expert,さがさ,not_in_reference_dictionary,C,,
ja,expert,さがせ,not_in_reference_dictionary,C,,
ja,expert,さがそ,not_in_reference_dictionary,C,,
ja,expert,さがわ,not_in_reference_dictionary,C,,
ja,expert,ささき,not_in_reference_dictionary,C,,
ja,expert,さそわ,not_in_reference_dictionary,C,,
ja,expert,さとみ,not_in_reference_dictionary,C,,
ja,expert,さびし,not_in_reference_dictionary,C,,
ja,expert,さむく,not_in_reference_dictionary,C,,
ja,expert,さわが,not_in_reference_dictionary,C,,
ja,expert,ざきけんりつ,not_in_reference_dictionary,C,,
ja,expert,ざじゅうおり,not_in_reference_dictionary,C,,
ja,expert,ざなみのみこと,not_in_reference_dictionary,C,,
ja,expert,ざんじんじゃ,not_in_reference_dictionary,C,,
ja,expert,ざんてつどう,not_in_reference_dictionary,C,,
ja,expert,しがみつき,not_in_reference_dictionary,C,,
ja,expert,しねる,not_in_reference_dictionary,C,,
ja,expert,しのだ,not_in_reference_dictionary,C,,
ja,expert,しめさ,not_in_reference_dictionary,C,,
ja,expert,しもきたざわ,not_in_reference_dictionary,C,,
ja,expert,しゃべら,not_in_reference_dictionary,C,,
ja,expert,しゃべれ,not_in_reference_dictionary,C,,
ja,expert,しゃべれる,not_in_reference_dictionary,C,,
ja,expert,しらい,not_in_reference_dictionary,C,,
ja,expert,しるさ,not_in_reference_dictionary,C,,
ja,expert,しんいちろう,not_in_reference_dictionary,C,,
ja,expert,しんじゅく,not_in_reference_dictionary,C,,
ja,expert,しんたろう,not_in_reference_dictionary,C,,
ja,expert,しんのすけ,not_in_reference_dictionary,C,,
ja,expert,じぇふ,not_in_reference_dictionary,C,,
ja,expert,じゅんいち,not_in_reference_dictionary,C,,
ja,expert,すぎた,not_in_reference_dictionary,C,,
ja,expert,すくな,not_in_reference_dictionary,C,,
ja,expert,すくわ,not_in_reference_dictionary,C,,
ja,expert,すごせ,not_in_reference_dictionary,C,,
ja,expert,すごせる,not_in_reference_dictionary,C,,
ja,expert,すさまじく,not_in_reference_dictionary,C,,
ja,expert,すすま,not_in_reference_dictionary,C,,
ja,expert,すすん,not_in_reference_dictionary,C,,
ja,expert,すずか,not_in_reference_dictionary,C,,
ja,expert,すずしく,not_in_reference_dictionary,C,,
ja,expert,すて,not_in_reference_dictionary,C,,
ja,expert,すばらし,not_in_reference_dictionary,C,,
ja,expert,すばらしく,not_in_reference_dictionary,C,,
ja,expert,すませ,not_in_reference_dictionary,C,,
ja,expert,すみす,not_in_reference_dictionary,C,,
ja,expert,せまく,not_in_reference_dictionary,C,,
ja,expert,せまら,not_in_reference_dictionary,C,,
ja,expert,ぜるだ,not_in_reference_dictionary,C,,
ja,expert,そそい,not_in_reference_dictionary,C,,
ja,expert,そそのかさ,not_in_reference_dictionary,C,,
ja,expert,それん,not_in_reference_dictionary,C,,
ja,expert,たいしんさい,not_in_reference_dictionary,C,,
ja,expert,たおせ,not_in_reference_dictionary,C,,
ja,expert,たかだ,not_in_reference_dictionary,C,,
ja,expert,たくましく,not_in_reference_dictionary,C,,
ja,expert,たぐち,not_in_reference_dictionary,C,,
ja,expert,たすかり,not_in_reference_dictionary,C,,
ja,expert,たたかえ,not_in_reference_dictionary,C,,
ja,expert,たたかわ,not_in_reference_dictionary,C,,
ja,expert,たたみかけ,not_in_reference_dictionary,C,,
ja,expert,たどりつい,not_in_reference_dictionary,C,,
ja,expert,たどりつき,not_in_reference_dictionary,C,,
ja,expert,たぶらかさ,not_in_reference_dictionary,C,,
ja,expert,たまりかね,not_in_reference_dictionary,C,,
ja,expert,ためさ,not_in_reference_dictionary,C,,
ja,expert,たよら,not_in_reference_dictionary,C,,
ja,expert,だいき,not_in_reference_dictionary,C,,
ja,expert,だせ,not_in_reference_dictionary,C,,
ja,expert,だせる,not_in_reference_dictionary,C,,
ja,expert,だそ,not_in_reference_dictionary,C,,
ja,expert,だまれ,not_in_reference_dictionary,C,,
ja,expert,ちがえ,not_in_reference_dictionary,C,,
ja,expert,ちゃえ,not_in_reference_dictionary,C,,
ja,expert,ちょろまかし,not_in_reference_dictionary,C,,
ja,expert,ちょろまかそ,not_in_reference_dictionary,C,,
ja,expert,ちら,not_in_reference_dictionary,C,,
ja,expert,ちんこ,,,yes,
ja,expert,ぢみち,not_in_reference_dictionary,C,,
ja,expert,ついていけ,not_in_reference_dictionary,C,,
ja,expert,ついやし,not_in_reference_dictionary,C,,
ja,expert,つかめ,not_in_reference_dictionary,C,,
ja,expert,つくば,not_in_reference_dictionary,C,,
ja,expert,つくりあげ,not_in_reference_dictionary,C,,
ja,expert,つちや,not_in_reference_dictionary,C,,
ja,expert,つつがなく,not_in_reference_dictionary,C,,
ja,expert,つつま,not_in_reference_dictionary,C,,
ja,expert,つつましく,not_in_reference_dictionary,C,,
ja,expert,つつん,not_in_reference_dictionary,C,,
ja,expert,つづい,not_in_reference_dictionary,C,,
ja,expert,つづか,not_in_reference_dictionary,C,,
ja,expert,つとむ,not_in_reference_dictionary,C,,
ja,expert,つながら,not_in_reference_dictionary,C,,
ja,expert,つなぎとめ,not_in_reference_dictionary,C,,
ja,expert,つぶさ,not_in_reference_dictionary,C,,
ja,expert,つめこん,not_in_reference_dictionary,C,,
ja,expert,つめたく,not_in_reference_dictionary,C,,
ja,expert,つよし,not_in_reference_dictionary,C,,
ja,expert,つん,not_in_reference_dictionary,C,,
ja,expert,づがわしりつ,not_in_reference_dictionary,C,,
ja,expert,づみみずはら,not_in_reference_dictionary,C,,
ja,expert,づらく,not_in_reference_dictionary,C,,
ja,expert,てぃむ,not_in_reference_dictionary,C,,
ja,expert,てがけ,not_in_reference_dictionary,C,,
ja,expert,てづか,not_in_reference_dictionary,C,,
ja,expert,てらし,not_in_reference_dictionary,C,,
ja,expert,てれびあさひ,not_in_reference_dictionary,C,,
ja,expert,でかく,not_in_reference_dictionary,C,,
ja,expert,とかし,not_in_reference_dictionary,C,,
ja,expert,とどき,not_in_reference_dictionary,C,,
ja,expert,とびこん,not_in_reference_dictionary,C,,
ja,expert,とよす,not_in_reference_dictionary,C,,
ja,expert,とりもどし,not_in_reference_dictionary,C,,
ja,expert,とんねるず,not_in_reference_dictionary,C,,
ja,expert,なおと,not_in_reference_dictionary,C,,
ja,expert,なおら,not_in_reference_dictionary,C,,
ja,expert,なかの,not_in_reference_dictionary,C,,
ja,expert,ながく,not_in_reference_dictionary,C,,
ja,expert,なぐら,not_in_reference_dictionary,C,,
ja,expert,なぐり,not_in_reference_dictionary,C,,
ja,expert,なしとげ,not_in_reference_dictionary,C,,
ja,expert,なすりつけよ,not_in_reference_dictionary,C,,
ja,expert,なつかしき,not_in_reference_dictionary,C,,
ja,expert,なで,not_in_reference_dictionary,C,,
ja,expert,なぽり,not_in_reference_dictionary,C,,
ja,expert,なやま,not_in_reference_dictionary,C,,
ja,expert,なやまさ,not_in_reference_dictionary,C,,
ja,expert,なんらかの,not_in_reference_dictionary,C,,
ja,expert,にあわ,not_in_reference_dictionary,C,,
ja,expert,におきまして,not_in_reference_dictionary,C,,
ja,expert,にげだし,not_in_reference_dictionary,C,,
ja,expert,にしだ,not_in_reference_dictionary,C,,
ja,expert,にしの,not_in_reference_dictionary,C,,
ja,expert,にじゅういち,not_in_reference_dictionary,C,,
ja,expert,にった,not_in_reference_dictionary,C,,
ja,expert,にほんてれび,not_in_reference_dictionary,C,,
ja,expert,ぬぎ,not_in_reference_dictionary,C,,
ja,expert,ぬぐい,not_in_reference_dictionary,C,,
ja,expert,ぬけだし,not_in_reference_dictionary,C,,
ja,expert,ぬげ,not_in_reference_dictionary,C,,
ja,expert,ぬすん,not_in_reference_dictionary,C,,
ja,expert,ぬまづ,not_in_reference_dictionary,C,,
ja,expert,ねかせ,not_in_reference_dictionary,C,,
ja,expert,ねむく,not_in_reference_dictionary,C,,
ja,expert,ねりま,not_in_reference_dictionary,C,,
ja,expert,のがし,not_in_reference_dictionary,C,,
ja,expert,のこし,not_in_reference_dictionary,C,,
ja,expert,のぞい,not_in_reference_dictionary,C,,
ja,expert,のぞま,not_in_reference_dictionary,C,,
ja,expert,のっとら,not_in_reference_dictionary,C,,
ja,expert,のばし,not_in_reference_dictionary,C,,
ja,expert,のぼりつめ,not_in_reference_dictionary,C,,
ja,expert,のりこえ,not_in_reference_dictionary,C,,
ja,expert,のりこん,not_in_reference_dictionary,C,,
ja,expert,のれ,not_in_reference_dictionary,C,,
ja,expert,のれる,not_in_reference_dictionary,C,,
ja,expert,のろわ,not_in_reference_dictionary,C,,
ja,expert,はぐらかし,not_in_reference_dictionary,C,,
ja,expert,はずかし,not_in_reference_dictionary,C,,
ja,expert,はずせ,not_in_reference_dictionary,C,,
ja,expert,はせがわ,not_in_reference_dictionary,C,,
ja,expert,はたらい,not_in_reference_dictionary,C,,
ja,expert,はなしかけ,not_in_reference_dictionary,C,,
ja,expert,はなせ,not_in_reference_dictionary,C,,
ja,expert,はなはだしく,not_in_reference_dictionary,C,,
ja,expert,はねだ,not_in_reference_dictionary,C,,
ja,expert,はるき,not_in_reference_dictionary,C,,
ja,expert,はんす,not_in_reference_dictionary,C,,
ja,expert,ぱみゅぱみゅの,not_in_reference_dictionary,C,,
ja,expert,ぱれっとの,not_in_reference_dictionary,C,,
ja,expert,ひがしあじあ,not_in_reference_dictionary,C,,
ja,expert,ひきい,not_in_reference_dictionary,C,,
ja,expert,ひずん,not_in_reference_dictionary,C,,
ja,expert,ひたちなか,not_in_reference_dictionary,C,,
ja,expert,ひだか,not_in_reference_dictionary,C,,
ja,expert,ひっくるめ,not_in_reference_dictionary,C,,
ja,expert,ひとし,not_in_reference_dictionary,C,,
ja,expert,ひょろりと,not_in_reference_dictionary,C,,
ja,expert,ひろげ,not_in_reference_dictionary,C,,
ja,expert,びどめしとも,not_in_reference_dictionary,C,,
ja,expert,びのしくみで,not_in_reference_dictionary,C,,
ja,expert,びのにゃんこ,not_in_reference_dictionary,C,,
ja,expert,ふぁみ,not_in_reference_dictionary,C,,
ja,expert,ふかめ,not_in_reference_dictionary,C,,
ja,expert,ふくま,not_in_reference_dictionary,C,,
ja,expert,ふさわしく,not_in_reference_dictionary,C,,
ja,expert,ふしみ,not_in_reference_dictionary,C,,
ja,expert,ふじい,not_in_reference_dictionary,C,,
ja,expert,ふてぶてしく,not_in_reference_dictionary,C,,
ja,expert,ふとり,not_in_reference_dictionary,C,,
ja,expert,ふりまわさ,not_in_reference_dictionary,C,,
ja,expert,ぷせとねでぶ,not_in_reference_dictionary,C,,
ja,expert,ぷよはすべて,not_in_reference_dictionary,C,,
ja,expert,へらし,not_in_reference_dictionary,C,,
ja,expert,ぺえあらあで,not_in_reference_dictionary,C,,
ja,expert,ぺきのりせい,not_in_reference_dictionary,C,,
ja,expert,ほしの,not_in_reference_dictionary,C,,
ja,expert,ほどこさ,not_in_reference_dictionary,C,,
ja,expert,ほめ,not_in_reference_dictionary,C,,
ja,expert,ほろび,not_in_reference_dictionary,C,,
ja,expert,まえだ,not_in_reference_dictionary,C,,
ja,expert,まかさ,not_in_reference_dictionary,C,,
ja,expert,まかなえる,not_in_reference_dictionary,C,,
ja,expert,まきこん,not_in_reference_dictionary,C,,
ja,expert,まきちらし,not_in_reference_dictionary,C,,
ja,expert,まぎれこん,not_in_reference_dictionary,C,,
ja,expert,まじえ,not_in_reference_dictionary,C,,
ja,expert,まぜ,not_in_reference_dictionary,C,,
ja,expert,まっすぐぐ,not_in_reference_dictionary,C,,
ja,expert,まつい,not_in_reference_dictionary,C,,
ja,expert,まつど,not_in_reference_dictionary,C,,
ja,expert,まとめあげ,not_in_reference_dictionary,C,,
ja,expert,まとわりつい,not_in_reference_dictionary,C,,
ja,expert,まなば,not_in_reference_dictionary,C,,
ja,expert,まなべ,not_in_reference_dictionary,C,,
ja,expert,まにあわ,not_in_reference_dictionary,C,,
ja,expert,まぬかれ,not_in_reference_dictionary,C,,
ja,expert,まねい,not_in_reference_dictionary,C,,
ja,expert,ままならなく,not_in_reference_dictionary,C,,
ja,expert,まもら,not_in_reference_dictionary,C,,
ja,expert,まもろ,not_in_reference_dictionary,C,,
ja,expert,まよわ,not_in_reference_dictionary,C,,
ja,expert,まりお,not_in_reference_dictionary,C,,
ja,expert,まるこ,not_in_reference_dictionary,C,,
ja,expert,まわら,not_in_reference_dictionary,C,,
ja,expert,みあげ,not_in_reference_dictionary,C,,
ja,expert,みあたら,not_in_reference_dictionary,C,,
ja,expert,みうら,not_in_reference_dictionary,C,,
ja,expert,みがい,not_in_reference_dictionary,C,,
ja,expert,みしま,not_in_reference_dictionary,C,,
ja,expert,みじかく,not_in_reference_dictionary,C,,
ja,expert,みすて,not_in_reference_dictionary,C,,
ja,expert,みすぼらしく,not_in_reference_dictionary,C,,
ja,expert,みずの,not_in_reference_dictionary,C,,
ja,expert,みせつけ,not_in_reference_dictionary,C,,
ja,expert,みだれとび,not_in_reference_dictionary,C,,
ja,expert,みつかり,not_in_reference_dictionary,C,,
ja,expert,みなとみらい,not_in_reference_dictionary,C,,
ja,expert,みなみあふりか,not_in_reference_dictionary,C,,
ja,expert,みほ,not_in_reference_dictionary,C,,
ja,expert,みやた,not_in_reference_dictionary,C,,
ja,expert,むくわ,not_in_reference_dictionary,C,,
ja,expert,むぐらのやど,not_in_reference_dictionary,C,,
ja,expert,むしかえし,not_in_reference_dictionary,C,,
ja,expert,むずかし,not_in_reference_dictionary,C,,
ja,expert,むたよしのり,not_in_reference_dictionary,C,,
ja,expert,むちとあなたの,not_in_reference_dictionary,C,,
ja,expert,むなかたの,not_in_reference_dictionary,C,,
ja,expert,むらた,not_in_reference_dictionary,C,,
ja,expert,めぐまれ,not_in_reference_dictionary,C,,
ja,expert,めずらしく,not_in_reference_dictionary,C,,
ja,expert,めまぐるしく,not_in_reference_dictionary,C,,
ja,expert,もうしこん,not_in_reference_dictionary,C,,
ja,expert,もちあがり,not_in_reference_dictionary,C,,
ja,expert,もちあげ,not_in_reference_dictionary,C,,
ja,expert,もちこたえ,not_in_reference_dictionary,C,,
ja,expert,もてはやさ,not_in_reference_dictionary,C,,
ja,expert,もどさ,not_in_reference_dictionary,C,,
ja,expert,もどら,not_in_reference_dictionary,C,,
ja,expert,もにか,not_in_reference_dictionary,C,,
ja,expert,もりのなか,not_in_reference_dictionary,C,,
ja,expert,やかましく,not_in_reference_dictionary,C,,
ja,expert,やくにたた,not_in_reference_dictionary,C,,
ja,expert,やさし,not_in_reference_dictionary,C,,
ja,expert,やさしく,not_in_reference_dictionary,C,,
ja,expert,やすし,not_in_reference_dictionary,C,,
ja,expert,やすだ,not_in_reference_dictionary,C,,
ja,expert,やすま,not_in_reference_dictionary,C,,
ja,expert,やわらかく,not_in_reference_dictionary,C,,
ja,expert,ゆきわたら,not_in_reference_dictionary,C,,
ja,expert,ゆでこぼし,not_in_reference_dictionary,C,,
ja,expert,ゆるさ,not_in_reference_dictionary,C,,
ja,expert,ゆるせ,not_in_reference_dictionary,C,,
ja,expert,ようなじみ,not_in_reference_dictionary,C,,
ja,expert,よしの,not_in_reference_dictionary,C,,
ja,expert,よっはらい,not_in_reference_dictionary,C,,
ja,expert,よびさまさ,not_in_reference_dictionary,C,,
ja,expert,よま,not_in_reference_dictionary,C,,
ja,expert,よろしけれ,not_in_reference_dictionary,C,,
ja,expert,よわく,not_in_reference_dictionary,C,,
ja,expert,らすべがす,not_in_reference_dictionary,C,,
ja,expert,りさ,not_in_reference_dictionary,C,,
ja,expert,るいす,not_in_reference_dictionary,C,,
ja,expert,れな,not_in_reference_dictionary,C,,
ja,expert,わかく,not_in_reference_dictionary,C,,
ja,expert,わかりやすさ,not_in_reference_dictionary,C,,
ja,expert,わめきたて,not_in_reference_dictionary,C,,
ja,expert,わらえ,not_in_reference_dictionary,C,,
ja,expert,わらわせろ,not_in_reference_dictionary,C,,
fil,easy,hilahin,not_in_reference_dictionary,C,,
fil,easy,itayo,not_in_reference_dictionary,C,,
fil,medium,aabot,not_in_reference_dictionary,C,,
fil,medium,akdang,linker_attached_form,C,,-ng linker attached
fil,medium,aking,linker_attached_form,C,,-ng linker attached
fil,medium,alang,linker_attached_form,C,,-ng linker attached
fil,medium,aming,linker_attached_form,C,,-ng linker attached
fil,medium,anyong,linker_attached_form,C,,-ng linker attached
fil,medium,bagong,linker_attached_form,C,,-ng linker attached
fil,medium,batong,linker_attached_form,C,,-ng linker attached
fil,medium,bayang,linker_attached_form,C,,-ng linker attached
fil,medium,buong,linker_attached_form,C,,-ng linker attached
fil,medium,daang,linker_attached_form,C,,-ng linker attached
fil,medium,gawang,linker_attached_form,C,,-ng linker attached
fil,medium,gawing,linker_attached_form,C,,-ng linker attached
fil,medium,gayong,linker_attached_form,C,,-ng linker attached
fil,medium,haring,linker_attached_form,C,,-ng linker attached
fil,medium,huling,linker_attached_form,C,,-ng linker attached
fil,medium,ibang,linker_attached_form,C,,-ng linker attached
fil,medium,iilang,linker_attached_form,C,,-ng linker attached
fil,medium,iisang,linker_attached_form,C,,-ng linker attached
fil,medium,ilabas,not_in_reference_dictionary,C,,
fil,medium,ilipat,not_in_reference_dictionary,C,,
fil,medium,isdang,linker_attached_form,C,,-ng linker attached
fil,medium,itong,linker_attached_form,C,,-ng linker attached
fil,medium,kanang,linker_attached_form,C,,-ng linker attached
fil,medium,kasing,linker_attached_form,C,,-ng linker attached
fil,medium,kasong,linker_attached_form,C,,-ng linker attached
fil,medium,kripto,not_in_reference_dictionary,C,,
fil,medium,laging,linker_attached_form,C,,-ng linker attached
fil,medium,lahing,linker_attached_form,C,,-ng linker attached
fil,medium,lalong,linker_attached_form,C,,-ng linker attached
fil,medium,larong,linker_attached_form,C,,-ng linker attached
fil,medium,libong,linker_attached_form,C,,-ng linker attached
fil,medium,limang,linker_attached_form,C,,-ng linker attached
fil,medium,linyar,not_in_reference_dictionary,C,,
fil,medium,lumang,linker_attached_form,C,,-ng linker attached
fil,medium,lumaon,not_in_reference_dictionary,C,,
fil,medium,lupang,linker_attached_form,C,,-ng linker attached
fil,medium,maabot,not_in_reference_dictionary,C,,
fil,medium,maling,linker_attached_form,C,,-ng linker attached
fil,medium,merong,linker_attached_form,C,,-ng linker attached
fil,medium,muling,linker_attached_form,C,,-ng linker attached
fil,medium,murang,linker_attached_form,C,,-ng linker attached
fil,medium,naabot,not_in_reference_dictionary,C,,
fil,medium,naiiba,not_in_reference_dictionary,C,,
fil,medium,namang,linker_attached_form,C,,-ng linker attached
fil,medium,namuno,not_in_reference_dictionary,C,,
fil,medium,napaka,not_in_reference_dictionary,C,,
fil,medium,nasawi,not_in_reference_dictionary,C,,
fil,medium,nating,linker_attached_form,C,,-ng linker attached
fil,medium,nilang,linker_attached_form,C,,-ng linker attached
fil,medium,nitong,linker_attached_form,C,,-ng linker attached
fil,medium,niyang,linker_attached_form,C,,-ng linker attached
fil,medium,noong,linker_attached_form,C,,-ng linker attached
fil,medium,pagbuo,not_in_reference_dictionary,C,,
fil,medium,palaro,not_in_reference_dictionary,C,,
fil,medium,papuri,not_in_reference_dictionary,C,,
fil,medium,paring,linker_attached_form,C,,-ng linker attached
fil,medium,pataas,not_in_reference_dictionary,C,,
fil,medium,pinaka,not_in_reference_dictionary,C,,
fil,medium,pitong,linker_attached_form,C,,-ng linker attached
fil,medium,pormal,not_in_reference_dictionary,C,,
fil,medium,pulang,linker_attached_form,C,,-ng linker attached
fil,medium,punong,linker_attached_form,C,,-ng linker attached
fil,medium,purong,linker_attached_form,C,,-ng linker attached
fil,medium,puting,linker_attached_form,C,,-ng linker attached
fil,medium,saang,linker_attached_form,C,,-ng linker attached
fil,medium,siyang,linker_attached_form,C,,-ng linker attached
fil,medium,skolar,not_in_reference_dictionary,C,,
fil,medium,sumali,not_in_reference_dictionary,C,,
fil,medium,sumuko,not_in_reference_dictionary,C,,
fil,medium,tamang,linker_attached_form,C,,-ng linker attached
fil,medium,temang,linker_attached_form,C,,-ng linker attached
fil,medium,tubong,linker_attached_form,C,,-ng linker attached
fil,medium,tulang,linker_attached_form,C,,-ng linker attached
fil,medium,tumaas,not_in_reference_dictionary,C,,
fil,medium,umabot,not_in_reference_dictionary,C,,
fil,medium,umiral,not_in_reference_dictionary,C,,
fil,medium,unang,linker_attached_form,C,,-ng linker attached
fil,medium,unyong,linker_attached_form,C,,-ng linker attached
fil,medium,uring,linker_attached_form,C,,-ng linker attached
fil,medium,walang,linker_attached_form,C,,-ng linker attached
fil,medium,walong,linker_attached_form,C,,-ng linker attached
fil,medium,wikang,linker_attached_form,C,,-ng linker attached
fil,hard,aabuso,not_in_reference_dictionary,C,,
fil,hard,aktibong,linker_attached_form,C,,-ng linker attached
fil,hard,alagaan,not_in_reference_dictionary,C,,
fil,hard,angkang,linker_attached_form,C,,-ng linker attached
fil,hard,anumang,linker_attached_form,C,,-ng linker attached
fil,hard,asawang,linker_attached_form,C,,-ng linker attached
fil,hard,asidong,linker_attached_form,C,,-ng linker attached
fil,hard,awiting,linker_attached_form,C,,-ng linker attached
fil,hard,ayokong,linker_attached_form,C,,-ng linker attached
fil,hard,babaeng,linker_attached_form,C,,-ng linker attached
fil,hard,baguhin,not_in_reference_dictionary,C,,
fil,hard,bagyong,linker_attached_form,C,,-ng linker attached
fil,hard,bahaging,linker_attached_form,C,,-ng linker attached
fil,hard,bandang,linker_attached_form,C,,-ng linker attached
fil,hard,bansang,linker_attached_form,C,,-ng linker attached
fil,hard,barkong,linker_attached_form,C,,-ng linker attached
fil,hard,bihirang,linker_attached_form,C,,-ng linker attached
fil,hard,bilyong,linker_attached_form,C,,-ng linker attached
fil,hard,dakilang,linker_attached_form,C,,-ng linker attached
fil,hard,dakong,linker_attached_form,C,,-ng linker attached
fil,hard,dalawang,linker_attached_form,C,,-ng linker attached
fil,hard,darna,not_in_reference_dictionary,C,,
fil,hard,dayuhang,linker_attached_form,C,,-ng linker attached
fil,hard,digmaang,linker_attached_form,C,,-ng linker attached
fil,hard,ecija,not_in_reference_dictionary,C,,
fil,hard,ekwasyon,not_in_reference_dictionary,C,,
fil,hard,epektong,linker_attached_form,C,,-ng linker attached
fil,hard,estadong,linker_attached_form,C,,-ng linker attached
fil,hard,estilong,linker_attached_form,C,,-ng linker attached
fil,hard,fakultad,not_in_reference_dictionary,C,,
fil,hard,gaanong,linker_attached_form,C,,-ng linker attached
fil,hard,ganang,linker_attached_form,C,,-ng linker attached
fil,hard,ganitong,linker_attached_form,C,,-ng linker attached
fil,hard,ganung,linker_attached_form,C,,-ng linker attached
fil,hard,gawaing,linker_attached_form,C,,-ng linker attached
fil,hard,ginawang,linker_attached_form,C,,-ng linker attached
fil,hard,gintong,linker_attached_form,C,,-ng linker attached
fil,hard,gitnang,linker_attached_form,C,,-ng linker attached
fil,hard,grupong,linker_attached_form,C,,-ng linker attached
fil,hard,gumana,not_in_reference_dictionary,C,,
fil,hard,gusaling,linker_attached_form,C,,-ng linker attached
fil,hard,gustong,linker_attached_form,C,,-ng linker attached
fil,hard,halagang,linker_attached_form,C,,-ng linker attached
fil,hard,halalang,linker_attached_form,C,,-ng linker attached
fil,hard,halamang,linker_attached_form,C,,-ng linker attached
fil,hard,halatang,linker_attached_form,C,,-ng linker attached
fil,hard,hangang,linker_attached_form,C,,-ng linker attached
fil,hard,hilagang,linker_attached_form,C,,-ng linker attached
fil,hard,hinango,not_in_reference_dictionary,C,,
fil,hard,hiniling,not_in_reference_dictionary,C,,
fil,hard,hinirang,not_in_reference_dictionary,C,,
fil,hard,hukbong,linker_attached_form,C,,-ng linker attached
fil,hard,iginawad,not_in_reference_dictionary,C,,
fil,hard,iginuhit,not_in_reference_dictionary,C,,
fil,hard,ikatlong,linker_attached_form,C,,-ng linker attached
fil,hard,ikinasal,not_in_reference_dictionary,C,,
fil,hard,ilarawan,not_in_reference_dictionary,C,,
fil,hard,iligtas,not_in_reference_dictionary,C,,
fil,hard,inihayag,not_in_reference_dictionary,C,,
fil,hard,inilabas,not_in_reference_dictionary,C,,
fil,hard,inilipat,not_in_reference_dictionary,C,,
fil,hard,iniulat,not_in_reference_dictionary,C,,
fil,hard,ipasa,not_in_reference_dictionary,C,,
fil,hard,ipinagkaloob,not_in_reference_dictionary,C,,
fil,hard,isahang,linker_attached_form,C,,-ng linker attached
fil,hard,itinakda,not_in_reference_dictionary,C,,
fil,hard,itinayo,not_in_reference_dictionary,C,,
fil,hard,ituloy,not_in_reference_dictionary,C,,
fil,hard,kaakibat,not_in_reference_dictionary,C,,
fil,hard,kabilang,linker_attached_form,C,,-ng linker attached
fil,hard,kabuuang,linker_attached_form,C,,-ng linker attached
fil,hard,kalapit,not_in_reference_dictionary,C,,
fil,hard,kaliwang,linker_attached_form,C,,-ng linker attached
fil,hard,kanilang,linker_attached_form,C,,-ng linker attached
fil,hard,kaniyang,linker_attached_form,C,,-ng linker attached
fil,hard,kantang,linker_attached_form,C,,-ng linker attached
fil,hard,kanyang,linker_attached_form,C,,-ng linker attached
fil,hard,kasabay,not_in_reference_dictionary,C,,
fil,hard,kasamang,linker_attached_form,C,,-ng linker attached
fil,hard,kasunod,not_in_reference_dictionary,C,,
fil,hard,katagang,linker_attached_form,C,,-ng linker attached
fil,hard,katotohanang,linker_attached_form,C,,-ng linker attached
fil,hard,kaugnay,not_in_reference_dictionary,C,,
fil,hard,kaunting,linker_attached_form,C,,-ng linker attached
fil,hard,kawalang,linker_attached_form,C,,-ng linker attached
fil,hard,kilalang,linker_attached_form,C,,-ng linker attached
fil,hard,kilusang,linker_attached_form,C,,-ng linker attached
fil,hard,kimikal,not_in_reference_dictionary,C,,
fil,hard,kinilala,not_in_reference_dictionary,C,,
fil,hard,klimang,linker_attached_form,C,,-ng linker attached
fil,hard,kondado,not_in_reference_dictionary,C,,
fil,hard,kontrol,not_in_reference_dictionary,C,,
fil,hard,kumilos,not_in_reference_dictionary,C,,
fil,hard,kumpara,not_in_reference_dictionary,C,,
fil,hard,kuponan,not_in_reference_dictionary,C,,
fil,hard,kursong,linker_attached_form,C,,-ng linker attached
fil,hard,kusang,linker_attached_form,C,,-ng linker attached
fil,hard,lalakeng,linker_attached_form,C,,-ng linker attached
fil,hard,lalaking,linker_attached_form,C,,-ng linker attached
fil,hard,larawang,linker_attached_form,C,,-ng linker attached
fil,hard,layuning,linker_attached_form,C,,-ng linker attached
fil,hard,libreng,linker_attached_form,C,,-ng linker attached
fil,hard,linggong,linker_attached_form,C,,-ng linker attached
fil,hard,linyang,linker_attached_form,C,,-ng linker attached
fil,hard,lubhang,linker_attached_form,C,,-ng linker attached
fil,hard,lumahok,not_in_reference_dictionary,C,,
fil,hard,lumipat,not_in_reference_dictionary,C,,
fil,hard,lumitaw,not_in_reference_dictionary,C,,
fil,hard,lupaing,linker_attached_form,C,,-ng linker attached
fil,hard,maaaring,linker_attached_form,C,,-ng linker attached
fil,hard,maagang,linker_attached_form,C,,-ng linker attached
fil,hard,maaring,linker_attached_form,C,,-ng linker attached
fil,hard,mababang,linker_attached_form,C,,-ng linker attached
fil,hard,mabawasan,not_in_reference_dictionary,C,,
fil,hard,mabuting,linker_attached_form,C,,-ng linker attached
fil,hard,madaling,linker_attached_form,C,,-ng linker attached
fil,hard,magkaiba,not_in_reference_dictionary,C,,
fil,hard,magkakasama,not_in_reference_dictionary,C,,
fil,hard,maglaon,not_in_reference_dictionary,C,,
fil,hard,mahabang,linker_attached_form,C,,-ng linker attached
fil,hard,mahinang,linker_attached_form,C,,-ng linker attached
fil,hard,maiiwasan,not_in_reference_dictionary,C,,
fil,hard,maikling,linker_attached_form,C,,-ng linker attached
fil,hard,maiwasan,not_in_reference_dictionary,C,,
fil,hard,makamit,not_in_reference_dictionary,C,,
fil,hard,makapaniwala,not_in_reference_dictionary,C,,
fil,hard,malaking,linker_attached_form,C,,-ng linker attached
fil,hard,malayang,linker_attached_form,C,,-ng linker attached
fil,hard,mapapanood,not_in_reference_dictionary,C,,
fil,hard,mapigilan,not_in_reference_dictionary,C,,
fil,hard,maraming,linker_attached_form,C,,-ng linker attached
fil,hard,masamang,linker_attached_form,C,,-ng linker attached
fil,hard,masasabing,linker_attached_form,C,,-ng linker attached
fil,hard,matukoy,not_in_reference_dictionary,C,,
fil,hard,matupad,not_in_reference_dictionary,C,,
fil,hard,maunawaan,not_in_reference_dictionary,C,,
fil,hard,mawawalan,not_in_reference_dictionary,C,,
fil,hard,mayamang,linker_attached_form,C,,-ng linker attached
fil,hard,mayroong,linker_attached_form,C,,-ng linker attached
fil,hard,medikal,not_in_reference_dictionary,C,,
fil,hard,milyong,linker_attached_form,C,,-ng linker attached
fil,hard,minsang,linker_attached_form,C,,-ng linker attached
fil,hard,mismong,linker_attached_form,C,,-ng linker attached
fil,hard,modelong,linker_attached_form,C,,-ng linker attached
fil,hard,mukhang,linker_attached_form,C,,-ng linker attached
fil,hard,mundong,linker_attached_form,C,,-ng linker attached
fil,hard,musikal,not_in_reference_dictionary,C,,
fil,hard,musikang,linker_attached_form,C,,-ng linker attached
fil,hard,nadarama,not_in_reference_dictionary,C,,
fil,hard,nagawang,linker_attached_form,C,,-ng linker attached
fil,hard,nagbago,not_in_reference_dictionary,C,,
fil,hard,nagbunga,not_in_reference_dictionary,C,,
fil,hard,nagkamit,not_in_reference_dictionary,C,,
fil,hard,nagkita,not_in_reference_dictionary,C,,
fil,hard,nagpapasalamat,not_in_reference_dictionary,C,,
fil,hard,nagpasya,not_in_reference_dictionary,C,,
fil,hard,nagtagal,not_in_reference_dictionary,C,,
fil,hard,nagtala,not_in_reference_dictionary,C,,
fil,hard,nagtamo,not_in_reference_dictionary,C,,
fil,hard,nagtataka,not_in_reference_dictionary,C,,
fil,hard,nagtayo,not_in_reference_dictionary,C,,
fil,hard,nahalal,not_in_reference_dictionary,C,,
fil,hard,nailabas,not_in_reference_dictionary,C,,
fil,hard,naitala,not_in_reference_dictionary,C,,
fil,hard,naitatag,not_in_reference_dictionary,C,,
fil,hard,naiulat,not_in_reference_dictionary,C,,
fil,hard,nakabase,not_in_reference_dictionary,C,,
fil,hard,nakaharap,not_in_reference_dictionary,C,,
fil,hard,nakakalungkot,not_in_reference_dictionary,C,,
fil,hard,nakamit,not_in_reference_dictionary,C,,
fil,hard,nakapasok,not_in_reference_dictionary,C,,
fil,hard,nakasaad,not_in_reference_dictionary,C,,
fil,hard,nakatakdang,not_in_reference_dictionary,C,,
fil,hard,nakatala,not_in_reference_dictionary,C,,
fil,hard,nakatuon,not_in_reference_dictionary,C,,
fil,hard,nakikitang,linker_attached_form,C,,-ng linker attached
fil,hard,namumuno,not_in_reference_dictionary,C,,
fil,hard,napag,not_in_reference_dictionary,C,,
fil,hard,napapanood,not_in_reference_dictionary,C,,
fil,hard,nasabing,linker_attached_form,C,,-ng linker attached
fil,hard,naturang,linker_attached_form,C,,-ng linker attached
fil,hard,naunang,linker_attached_form,C,,-ng linker attached
fil,hard,nawalan,not_in_reference_dictionary,C,,
fil,hard,nawawalan,not_in_reference_dictionary,C,,
fil,hard,ngayong,linker_attached_form,C,,-ng linker attached
fil,hard,nilabas,not_in_reference_dictionary,C,,
fil,hard,nilikha,not_in_reference_dictionary,C,,
fil,hard,nobelang,linker_attached_form,C,,-ng linker attached
fil,hard,olimpiko,not_in_reference_dictionary,C,,
fil,hard,ordinaryong,linker_attached_form,C,,-ng linker attached
fil,hard,pagbaba,not_in_reference_dictionary,C,,
fil,hard,pagbabawas,not_in_reference_dictionary,C,,
fil,hard,pagbaha,not_in_reference_dictionary,C,,
fil,hard,pagbasa,not_in_reference_dictionary,C,,
fil,hard,pagbisita,not_in_reference_dictionary,C,,
fil,hard,paggalang,not_in_reference_dictionary,C,,
fil,hard,paggalaw,not_in_reference_dictionary,C,,
fil,hard,paggamit,not_in_reference_dictionary,C,,
fil,hard,paggamot,not_in_reference_dictionary,C,,
fil,hard,pagganap,not_in_reference_dictionary,C,,
fil,hard,paggawa,not_in_reference_dictionary,C,,
fil,hard,paghahatid,not_in_reference_dictionary,C,,
fil,hard,paghinga,not_in_reference_dictionary,C,,
fil,hard,pagiging,not_in_reference_dictionary,C,,
fil,hard,pagkaing,linker_attached_form,C,,-ng linker attached
fil,hard,pagkilos,not_in_reference_dictionary,C,,
fil,hard,pagkuha,not_in_reference_dictionary,C,,
fil,hard,paglaban,not_in_reference_dictionary,C,,
fil,hard,paglago,not_in_reference_dictionary,C,,
fil,hard,paglaki,not_in_reference_dictionary,C,,
fil,hard,paglaon,not_in_reference_dictionary,C,,
fil,hard,paglikha,not_in_reference_dictionary,C,,
fil,hard,paglipad,not_in_reference_dictionary,C,,
fil,hard,paglipat,not_in_reference_dictionary,C,,
fil,hard,paglitaw,not_in_reference_dictionary,C,,
fil,hard,pagmamay,not_in_reference_dictionary,C,,
fil,hard,pagnanais,not_in_reference_dictionary,C,,
fil,hard,pagpapahalaga,not_in_reference_dictionary,C,,
fil,hard,pagpasok,not_in_reference_dictionary,C,,
fil,hard,pagpili,not_in_reference_dictionary,C,,
fil,hard,pagsabog,not_in_reference_dictionary,C,,
fil,hard,pagsamba,not_in_reference_dictionary,C,,
fil,hard,pagsapit,not_in_reference_dictionary,C,,
fil,hard,pagsubok,not_in_reference_dictionary,C,,
fil,hard,pagtakbo,not_in_reference_dictionary,C,,
fil,hard,pagtukoy,not_in_reference_dictionary,C,,
fil,hard,paksang,linker_attached_form,C,,-ng linker attached
fil,hard,palaging,linker_attached_form,C,,-ng linker attached
fil,hard,palarong,linker_attached_form,C,,-ng linker attached
fil,hard,palibot,not_in_reference_dictionary,C,,
fil,hard,paligid,not_in_reference_dictionary,C,,
fil,hard,pamamaga,not_in_reference_dictionary,C,,
fil,hard,pamumuno,not_in_reference_dictionary,C,,
fil,hard,panahong,linker_attached_form,C,,-ng linker attached
fil,hard,pananakit,not_in_reference_dictionary,C,,
fil,hard,pandagat,not_in_reference_dictionary,C,,
fil,hard,paolo,not_in_reference_dictionary,C,,
fil,hard,papaano,not_in_reference_dictionary,C,,
fil,hard,paraang,linker_attached_form,C,,-ng linker attached
fil,hard,parangal,not_in_reference_dictionary,C,,
fil,hard,parehong,linker_attached_form,C,,-ng linker attached
fil,hard,paunang,not_in_reference_dictionary,C,,
fil,hard,perpektong,linker_attached_form,C,,-ng linker attached
fil,hard,pigilan,not_in_reference_dictionary,C,,
fil,hard,pinayagan,not_in_reference_dictionary,C,,
fil,hard,pinunong,linker_attached_form,C,,-ng linker attached
fil,hard,pipiliin,not_in_reference_dictionary,C,,
fil,hard,planong,linker_attached_form,C,,-ng linker attached
fil,hard,puntong,linker_attached_form,C,,-ng linker attached
fil,hard,pwedeng,linker_attached_form,C,,-ng linker attached
fil,hard,pwersang,linker_attached_form,C,,-ng linker attached
fil,hard,rehiyong,linker_attached_form,C,,-ng linker attached
fil,hard,romanong,linker_attached_form,C,,-ng linker attached
fil,hard,salaping,linker_attached_form,C,,-ng linker attached
fil,hard,saligang,linker_attached_form,C,,-ng linker attached
fil,hard,salitang,linker_attached_form,C,,-ng linker attached
fil,hard,samahang,linker_attached_form,C,,-ng linker attached
fil,hard,sampung,linker_attached_form,C,,-ng linker attached
fil,hard,sangguniang,linker_attached_form,C,,-ng linker attached
fil,hard,sariling,linker_attached_form,C,,-ng linker attached
fil,hard,saring,linker_attached_form,C,,-ng linker attached
fil,hard,seksyon,not_in_reference_dictionary,C,,
fil,hard,selulang,linker_attached_form,C,,-ng linker attached
fil,hard,sentrong,linker_attached_form,C,,-ng linker attached
fil,hard,seryeng,linker_attached_form,C,,-ng linker attached
fil,hard,seryosong,linker_attached_form,C,,-ng linker attached
fil,hard,simpleng,linker_attached_form,C,,-ng linker attached
fil,hard,sinabing,linker_attached_form,C,,-ng linker attached
fil,hard,sinakop,not_in_reference_dictionary,C,,
fil,hard,sinumang,linker_attached_form,C,,-ng linker attached
fil,hard,sobrang,linker_attached_form,C,,-ng linker attached
fil,hard,sugatan,not_in_reference_dictionary,C,,
fil,hard,sumigaw,not_in_reference_dictionary,C,,
fil,hard,tagagawa,not_in_reference_dictionary,C,,
fil,hard,talagang,linker_attached_form,C,,-ng linker attached
fil,hard,tanghalan,not_in_reference_dictionary,C,,
fil,hard,tanging,linker_attached_form,C,,-ng linker attached
fil,hard,tatlong,linker_attached_form,C,,-ng linker attached
fil,hard,tauhang,linker_attached_form,C,,-ng linker attached
fil,hard,taunang,linker_attached_form,C,,-ng linker attached
fil,hard,tawagin,not_in_reference_dictionary,C,,
fil,hard,teknikal,not_in_reference_dictionary,C,,
fil,hard,tekstong,linker_attached_form,C,,-ng linker attached
fil,hard,tinawag,not_in_reference_dictionary,C,,
fil,hard,tinukoy,not_in_reference_dictionary,C,,
fil,hard,tipikal,not_in_reference_dictionary,C,,
fil,hard,tipong,linker_attached_form,C,,-ng linker attached
fil,hard,titulong,linker_attached_form,C,,-ng linker attached
fil,hard,totoong,linker_attached_form,C,,-ng linker attached
fil,hard,tukuyin,not_in_reference_dictionary,C,,
fil,hard,tuluyan,not_in_reference_dictionary,C,,
fil,hard,tuluyang,not_in_reference_dictionary,C,,
fil,hard,tumagal,not_in_reference_dictionary,C,,
fil,hard,tumataas,not_in_reference_dictionary,C,,
fil,hard,tumigil,not_in_reference_dictionary,C,,
fil,hard,tumukoy,not_in_reference_dictionary,C,,
fil,hard,tumungo,not_in_reference_dictionary,C,,
fil,hard,tuntunin,not_in_reference_dictionary,C,,
fil,hard,tuwirang,linker_attached_form,C,,-ng linker attached
fil,hard,ugnayang,linker_attached_form,C,,-ng linker attached
fil,hard,umaabot,not_in_reference_dictionary,C,,
fil,hard,umaayon,not_in_reference_dictionary,C,,
fil,hard,umiiral,not_in_reference_dictionary,C,,
fil,hard,unahan,not_in_reference_dictionary,C,,
fil,hard,yugtong,linker_attached_form,C,,-ng linker attached
fil,expert,aabang,linker_attached_form,C,,-ng linker attached
fil,expert,aalay,not_in_reference_dictionary,C,,
fil,expert,aircon,not_in_reference_dictionary,C,,
fil,expert,akademikong,linker_attached_form,C,,-ng linker attached
fil,expert,akoy,not_in_reference_dictionary,C,,
fil,expert,aldub,not_in_reference_dictionary,C,,
fil,expert,alinmang,linker_attached_form,C,,-ng linker attached
fil,expert,alternatibong,linker_attached_form,C,,-ng linker attached
fil,expert,amerikanong,linker_attached_form,C,,-ng linker attached
fil,expert,angking,linker_attached_form,C,,-ng linker attached
fil,expert,anung,linker_attached_form,C,,-ng linker attached
fil,expert,apektadong,linker_attached_form,C,,-ng linker attached
fil,expert,artistang,linker_attached_form,C,,-ng linker attached
fil,expert,asang,linker_attached_form,C,,-ng linker attached
fil,expert,asong,linker_attached_form,C,,-ng linker attached
fil,expert,aunor,not_in_reference_dictionary,C,,
fil,expert,awtomatikong,linker_attached_form,C,,-ng linker attached
fil,expert,babaing,linker_attached_form,C,,-ng linker attached
fil,expert,bahagyang,linker_attached_form,C,,-ng linker attached
fil,expert,bangsamoro,not_in_reference_dictionary,C,,
fil,expert,banyagang,linker_attached_form,C,,-ng linker attached
fil,expert,bayaning,linker_attached_form,C,,-ng linker attached
fil,expert,binibigkas,not_in_reference_dictionary,C,,
fil,expert,bonggang,linker_attached_form,C,,-ng linker attached
fil,expert,dalawampung,linker_attached_form,C,,-ng linker attached
fil,expert,damang,linker_attached_form,C,,-ng linker attached
fil,expert,damdaming,linker_attached_form,C,,-ng linker attached
fil,expert,demokratikong,linker_attached_form,C,,-ng linker attached
fil,expert,dinastiyang,linker_attached_form,C,,-ng linker attached
fil,expert,dingdong,not_in_reference_dictionary,C,,
fil,expert,dinisenyo,not_in_reference_dictionary,C,,
fil,expert,direktang,linker_attached_form,C,,-ng linker attached
fil,expert,diyagnosis,not_in_reference_dictionary,C,,
fil,expert,dokumentong,linker_attached_form,C,,-ng linker attached
fil,expert,ekonomiyang,linker_attached_form,C,,-ng linker attached
fil,expert,eksaktong,linker_attached_form,C,,-ng linker attached
fil,expert,eksklusibong,linker_attached_form,C,,-ng linker attached
fil,expert,ekwasyong,not_in_reference_dictionary,C,,
fil,expert,elementong,linker_attached_form,C,,-ng linker attached
fil,expert,epektibong,linker_attached_form,C,,-ng linker attached
fil,expert,espirituwal,not_in_reference_dictionary,C,,
fil,expert,estasyong,linker_attached_form,C,,-ng linker attached
fil,expert,gagawing,linker_attached_form,C,,-ng linker attached
fil,expert,ginagawang,linker_attached_form,C,,-ng linker attached
fil,expert,ginoong,linker_attached_form,C,,-ng linker attached
fil,expert,ginusto,not_in_reference_dictionary,C,,
fil,expert,gobyernong,linker_attached_form,C,,-ng linker attached
fil,expert,griyegong,linker_attached_form,C,,-ng linker attached
fil,expert,gugustuhin,not_in_reference_dictionary,C,,
fil,expert,gumaan,not_in_reference_dictionary,C,,
fil,expert,hangganang,linker_attached_form,C,,-ng linker attached
fil,expert,higanteng,linker_attached_form,C,,-ng linker attached
fil,expert,hikayatin,not_in_reference_dictionary,C,,
fil,expert,hinikayat,not_in_reference_dictionary,C,,
fil,expert,humahantong,not_in_reference_dictionary,C,,
fil,expert,humantong,not_in_reference_dictionary,C,,
fil,expert,humarap,not_in_reference_dictionary,C,,
fil,expert,humiling,not_in_reference_dictionary,C,,
fil,expert,humiwalay,not_in_reference_dictionary,C,,
fil,expert,idinagdag,not_in_reference_dictionary,C,,
fil,expert,idineklara,not_in_reference_dictionary,C,,
fil,expert,ihatid,not_in_reference_dictionary,C,,
fil,expert,ikabubuti,not_in_reference_dictionary,C,,
fil,expert,ikalawang,linker_attached_form,C,,-ng linker attached
fil,expert,ikalimang,linker_attached_form,C,,-ng linker attached
fil,expert,imbakan,not_in_reference_dictionary,C,,
fil,expert,iminungkahi,not_in_reference_dictionary,C,,
fil,expert,imperyong,linker_attached_form,C,,-ng linker attached
fil,expert,imposibleng,linker_attached_form,C,,-ng linker attached
fil,expert,inaasahang,linker_attached_form,C,,-ng linker attached
fil,expert,inaasam,not_in_reference_dictionary,C,,
fil,expert,inalok,not_in_reference_dictionary,C,,
fil,expert,inaresto,not_in_reference_dictionary,C,,
fil,expert,iniiwasan,not_in_reference_dictionary,C,,
fil,expert,inilahad,not_in_reference_dictionary,C,,
fil,expert,inilalarawan,not_in_reference_dictionary,C,,
fil,expert,inilapat,not_in_reference_dictionary,C,,
fil,expert,inilarawan,not_in_reference_dictionary,C,,
fil,expert,inilathala,not_in_reference_dictionary,C,,
fil,expert,inilibing,not_in_reference_dictionary,C,,
fil,expert,inilimbag,not_in_reference_dictionary,C,,
fil,expert,inilunsad,not_in_reference_dictionary,C,,
fil,expert,inisyal,not_in_reference_dictionary,C,,
fil,expert,institusyong,linker_attached_form,C,,-ng linker attached
fil,expert,inuming,linker_attached_form,C,,-ng linker attached
fil,expert,ipag,not_in_reference_dictionary,C,,
fil,expert,ipinagbabawal,not_in_reference_dictionary,C,,
fil,expert,ipinagpatuloy,not_in_reference_dictionary,C,,
fil,expert,ipinahayag,not_in_reference_dictionary,C,,
fil,expert,ipinakilala,not_in_reference_dictionary,C,,
fil,expert,ipinalabas,not_in_reference_dictionary,C,,
fil,expert,ipinangalan,not_in_reference_dictionary,C,,
fil,expert,ipinanganak,not_in_reference_dictionary,C,,
fil,expert,isalin,not_in_reference_dictionary,C,,
fil,expert,isat,not_in_reference_dictionary,C,,
fil,expert,isinilang,not_in_reference_dictionary,C,,
fil,expert,itinakdang,not_in_reference_dictionary,C,,
fil,expert,itinalaga,not_in_reference_dictionary,C,,
fil,expert,itinampok,not_in_reference_dictionary,C,,
fil,expert,itinanghal,not_in_reference_dictionary,C,,
fil,expert,itinuring,not_in_reference_dictionary,C,,
fil,expert,itinuturing,not_in_reference_dictionary,C,,
fil,expert,jehova,not_in_reference_dictionary,C,,
fil,expert,kaalamang,linker_attached_form,C,,-ng linker attached
fil,expert,kababaihang,linker_attached_form,C,,-ng linker attached
fil,expert,kabaitan,not_in_reference_dictionary,C,,
fil,expert,kabilis,not_in_reference_dictionary,C,,
fil,expert,kabundukan,not_in_reference_dictionary,C,,
fil,expert,kadahilanan,not_in_reference_dictionary,C,,
fil,expert,kadahilanang,not_in_reference_dictionary,C,,
fil,expert,kadalas,not_in_reference_dictionary,C,,
fil,expert,kadalasan,not_in_reference_dictionary,C,,
fil,expert,kadalasang,not_in_reference_dictionary,C,,
fil,expert,kagalang,not_in_reference_dictionary,C,,
fil,expert,kagamitang,linker_attached_form,C,,-ng linker attached
fil,expert,kahilingan,not_in_reference_dictionary,C,,
fil,expert,kahulugang,linker_attached_form,C,,-ng linker attached
fil,expert,kailangang,linker_attached_form,C,,-ng linker attached
fil,expert,kakaibang,linker_attached_form,C,,-ng linker attached
fil,expert,kakayahang,linker_attached_form,C,,-ng linker attached
fil,expert,kalagayang,linker_attached_form,C,,-ng linker attached
fil,expert,kalahating,linker_attached_form,C,,-ng linker attached
fil,expert,kalakasan,not_in_reference_dictionary,C,,
fil,expert,kalakhang,linker_attached_form,C,,-ng linker attached
fil,expert,kalaunang,linker_attached_form,C,,-ng linker attached
fil,expert,kalayaang,linker_attached_form,C,,-ng linker attached
fil,expert,kalendaryong,linker_attached_form,C,,-ng linker attached
fil,expert,kaligtasan,not_in_reference_dictionary,C,,
fil,expert,kalimitang,not_in_reference_dictionary,C,,
fil,expert,kalipunan,not_in_reference_dictionary,C,,
fil,expert,kamakailang,linker_attached_form,C,,-ng linker attached
fil,expert,kamangha,not_in_reference_dictionary,C,,
fil,expert,kanlurang,linker_attached_form,C,,-ng linker attached
fil,expert,kapaligiran,not_in_reference_dictionary,C,,
fil,expert,kapangyarihang,linker_attached_form,C,,-ng linker attached
fil,expert,kapantay,not_in_reference_dictionary,C,,
fil,expert,kapareho,not_in_reference_dictionary,C,,
fil,expert,kaparehong,not_in_reference_dictionary,C,,
fil,expert,kaparusahan,not_in_reference_dictionary,C,,
fil,expert,kapiling,not_in_reference_dictionary,C,,
fil,expert,kapistahan,not_in_reference_dictionary,C,,
fil,expert,karagdagang,linker_attached_form,C,,-ng linker attached
fil,expert,karamdaman,not_in_reference_dictionary,C,,
fil,expert,karaniwang,linker_attached_form,C,,-ng linker attached
fil,expert,karapatang,linker_attached_form,C,,-ng linker attached
fil,expert,kasagsagan,not_in_reference_dictionary,C,,
fil,expert,kasagutan,not_in_reference_dictionary,C,,
fil,expert,kasalanang,linker_attached_form,C,,-ng linker attached
fil,expert,kasalukuyang,linker_attached_form,C,,-ng linker attached
fil,expert,kasanayan,not_in_reference_dictionary,C,,
fil,expert,kasangkapan,not_in_reference_dictionary,C,,
fil,expert,kasangkapang,not_in_reference_dictionary,C,,
fil,expert,kasangkot,not_in_reference_dictionary,C,,
fil,expert,kastilang,linker_attached_form,C,,-ng linker attached
fil,expert,kasunduang,linker_attached_form,C,,-ng linker attached
fil,expert,katamtamang,not_in_reference_dictionary,C,,
fil,expert,katangi,not_in_reference_dictionary,C,,
fil,expert,katangiang,linker_attached_form,C,,-ng linker attached
fil,expert,katanyagan,not_in_reference_dictionary,C,,
fil,expert,katapusang,linker_attached_form,C,,-ng linker attached
fil,expert,katawagan,not_in_reference_dictionary,C,,
fil,expert,katawagang,not_in_reference_dictionary,C,,
fil,expert,katayuang,linker_attached_form,C,,-ng linker attached
fil,expert,katimugang,not_in_reference_dictionary,C,,
fil,expert,katolikong,linker_attached_form,C,,-ng linker attached
fil,expert,katutubong,linker_attached_form,C,,-ng linker attached
fil,expert,kaugalian,not_in_reference_dictionary,C,,
fil,expert,kautusang,linker_attached_form,C,,-ng linker attached
fil,expert,kawawang,linker_attached_form,C,,-ng linker attached
fil,expert,kinabibilangan,not_in_reference_dictionary,C,,
fil,expert,kinakailangang,linker_attached_form,C,,-ng linker attached
fil,expert,kinalalagyan,not_in_reference_dictionary,C,,
fil,expert,kinaroroonan,not_in_reference_dictionary,C,,
fil,expert,kinasasangkutan,not_in_reference_dictionary,C,,
fil,expert,kinikilala,not_in_reference_dictionary,C,,
fil,expert,kinikilalang,not_in_reference_dictionary,C,,
fil,expert,kinis,not_in_reference_dictionary,C,,
fil,expert,kinita,not_in_reference_dictionary,C,,
fil,expert,klasikong,not_in_reference_dictionary,C,,
fil,expert,koleksiyon,not_in_reference_dictionary,C,,
fil,expert,koleksyon,not_in_reference_dictionary,C,,
fil,expert,komersyal,not_in_reference_dictionary,C,,
fil,expert,kompanyang,linker_attached_form,C,,-ng linker attached
fil,expert,konseptong,linker_attached_form,C,,-ng linker attached
fil,expert,kontrolado,not_in_reference_dictionary,C,,
fil,expert,koreanong,linker_attached_form,C,,-ng linker attached
fil,expert,kulturang,linker_attached_form,C,,-ng linker attached
fil,expert,kumpanyang,linker_attached_form,C,,-ng linker attached
fil,expert,kumpletong,linker_attached_form,C,,-ng linker attached
fil,expert,kuwentong,linker_attached_form,C,,-ng linker attached
fil,expert,kwentong,linker_attached_form,C,,-ng linker attached
fil,expert,labindalawang,linker_attached_form,C,,-ng linker attached
fil,expert,lapu,not_in_reference_dictionary,C,,
fil,expert,larangang,linker_attached_form,C,,-ng linker attached
fil,expert,lehitimong,linker_attached_form,C,,-ng linker attached
fil,expert,likidong,linker_attached_form,C,,-ng linker attached
fil,expert,lilipat,not_in_reference_dictionary,C,,
fil,expert,limitadong,linker_attached_form,C,,-ng linker attached
fil,expert,lumalaking,linker_attached_form,C,,-ng linker attached
fil,expert,lumilitaw,not_in_reference_dictionary,C,,
fil,expert,lumingon,not_in_reference_dictionary,C,,
fil,expert,mabilisang,linker_attached_form,C,,-ng linker attached
fil,expert,magandang,linker_attached_form,C,,-ng linker attached
fil,expert,magbakasyon,not_in_reference_dictionary,C,,
fil,expert,magbukas,not_in_reference_dictionary,C,,
fil,expert,magkakaibang,not_in_reference_dictionary,C,,
fil,expert,magkasama,not_in_reference_dictionary,C,,
fil,expert,magkatulad,not_in_reference_dictionary,C,,
fil,expert,magkikita,not_in_reference_dictionary,C,,
fil,expert,mahahalagang,not_in_reference_dictionary,C,,
fil,expert,mahalagang,linker_attached_form,C,,-ng linker attached
fil,expert,maiwasang,linker_attached_form,C,,-ng linker attached
fil,expert,makabagong,linker_attached_form,C,,-ng linker attached
fil,expert,makabuluhang,linker_attached_form,C,,-ng linker attached
fil,expert,makalabas,not_in_reference_dictionary,C,,
fil,expert,makalipas,not_in_reference_dictionary,C,,
fil,expert,makaraan,not_in_reference_dictionary,C,,
fil,expert,makasaysayang,linker_attached_form,C,,-ng linker attached
fil,expert,makatakas,not_in_reference_dictionary,C,,
fil,expert,makatwirang,not_in_reference_dictionary,C,,
fil,expert,makauwi,not_in_reference_dictionary,C,,
fil,expert,makikipag,not_in_reference_dictionary,C,,
fil,expert,makikitang,linker_attached_form,C,,-ng linker attached
fil,expert,makumpleto,not_in_reference_dictionary,C,,
fil,expert,malalaking,linker_attached_form,C,,-ng linker attached
fil,expert,malalang,linker_attached_form,C,,-ng linker attached
fil,expert,malawakang,linker_attached_form,C,,-ng linker attached
fil,expert,malikhaing,linker_attached_form,C,,-ng linker attached
fil,expert,malilimutan,not_in_reference_dictionary,C,,
fil,expert,malubhang,linker_attached_form,C,,-ng linker attached
fil,expert,mananatiling,linker_attached_form,C,,-ng linker attached
fil,expert,manuskrito,not_in_reference_dictionary,C,,
fil,expert,mapabuti,not_in_reference_dictionary,C,,
fil,expert,mapagkukunan,not_in_reference_dictionary,C,,
fil,expert,mapang,linker_attached_form,C,,-ng linker attached
fil,expert,mapayapang,linker_attached_form,C,,-ng linker attached
fil,expert,mapupunta,not_in_reference_dictionary,C,,
fil,expert,maramihang,not_in_reference_dictionary,C,,
fil,expert,masaganang,linker_attached_form,C,,-ng linker attached
fil,expert,masasayang,linker_attached_form,C,,-ng linker attached
fil,expert,masyadong,linker_attached_form,C,,-ng linker attached
fil,expert,matandaan,not_in_reference_dictionary,C,,
fil,expert,matandang,linker_attached_form,C,,-ng linker attached
fil,expert,matang,linker_attached_form,C,,-ng linker attached
fil,expert,matatagpuan,not_in_reference_dictionary,C,,
fil,expert,matatandang,linker_attached_form,C,,-ng linker attached
fil,expert,matematikal,not_in_reference_dictionary,C,,
fil,expert,matinding,linker_attached_form,C,,-ng linker attached
fil,expert,matuloy,not_in_reference_dictionary,C,,
fil,expert,matutuwa,not_in_reference_dictionary,C,,
fil,expert,maubos,not_in_reference_dictionary,C,,
fil,expert,modernong,linker_attached_form,C,,-ng linker attached
fil,expert,munisipalidad,not_in_reference_dictionary,C,,
fil,expert,naabutan,not_in_reference_dictionary,C,,
fil,expert,naaresto,not_in_reference_dictionary,C,,
fil,expert,naawa,not_in_reference_dictionary,C,,
fil,expert,nabigla,not_in_reference_dictionary,C,,
fil,expert,nadiskubre,not_in_reference_dictionary,C,,
fil,expert,nag-iisang,linker_attached_form,C,,-ng linker attached
fil,expert,nagbabago,not_in_reference_dictionary,C,,
fil,expert,nagkakaisang,linker_attached_form,C,,-ng linker attached
fil,expert,nagkikita,not_in_reference_dictionary,C,,
fil,expert,naglalaman,not_in_reference_dictionary,C,,
fil,expert,nagngangalang,not_in_reference_dictionary,C,,
fil,expert,nagpahayag,not_in_reference_dictionary,C,,
fil,expert,nagpapa,not_in_reference_dictionary,C,,
fil,expert,nagpapahiwatig,not_in_reference_dictionary,C,,
fil,expert,nagreresulta,not_in_reference_dictionary,C,,
fil,expert,nagresulta,not_in_reference_dictionary,C,,
fil,expert,nagsasaad,not_in_reference_dictionary,C,,
fil,expert,nagsasabing,linker_attached_form,C,,-ng linker attached
fil,expert,nagsasama,not_in_reference_dictionary,C,,
fil,expert,nagsilbing,linker_attached_form,C,,-ng linker attached
fil,expert,nagsimulang,linker_attached_form,C,,-ng linker attached
fil,expert,nagsisilbing,linker_attached_form,C,,-ng linker attached
fil,expert,nagtataglay,not_in_reference_dictionary,C,,
fil,expert,nagtataguyod,not_in_reference_dictionary,C,,
fil,expert,nagtatampok,not_in_reference_dictionary,C,,
fil,expert,nagtatanghal,not_in_reference_dictionary,C,,
fil,expert,nakababatang,not_in_reference_dictionary,C,,
fil,expert,nakabatay,not_in_reference_dictionary,C,,
fil,expert,nakakaapekto,not_in_reference_dictionary,C,,
fil,expert,nakakagulat,not_in_reference_dictionary,C,,
fil,expert,nakakaranas,not_in_reference_dictionary,C,,
fil,expert,nakalabas,not_in_reference_dictionary,C,,
fil,expert,nakalagay,not_in_reference_dictionary,C,,
fil,expert,nakaligtas,not_in_reference_dictionary,C,,
fil,expert,nakalilipas,not_in_reference_dictionary,C,,
fil,expert,nakalipas,not_in_reference_dictionary,C,,
fil,expert,nakalista,not_in_reference_dictionary,C,,
fil,expert,nakapikit,not_in_reference_dictionary,C,,
fil,expert,nakaraang,linker_attached_form,C,,-ng linker attached
fil,expert,nakaranas,not_in_reference_dictionary,C,,
fil,expert,nakararami,not_in_reference_dictionary,C,,
fil,expert,nakarating,not_in_reference_dictionary,C,,
fil,expert,nakasalalay,not_in_reference_dictionary,C,,
fil,expert,nakatago,not_in_reference_dictionary,C,,
fil,expert,nakatagpo,not_in_reference_dictionary,C,,
fil,expert,nakatali,not_in_reference_dictionary,C,,
fil,expert,nakatatandang,not_in_reference_dictionary,C,,
fil,expert,nakumpleto,not_in_reference_dictionary,C,,
fil,expert,nalilito,not_in_reference_dictionary,C,,
fil,expert,namalayan,not_in_reference_dictionary,C,,
fil,expert,namamahala,not_in_reference_dictionary,C,,
fil,expert,nananatiling,linker_attached_form,C,,-ng linker attached
fil,expert,nanatiling,linker_attached_form,C,,-ng linker attached
fil,expert,nangangahulugan,not_in_reference_dictionary,C,,
fil,expert,nanggagaling,not_in_reference_dictionary,C,,
fil,expert,nanggaling,not_in_reference_dictionary,C,,
fil,expert,nangungunang,linker_attached_form,C,,-ng linker attached
fil,expert,napakalaking,not_in_reference_dictionary,C,,
fil,expert,napakaliit,not_in_reference_dictionary,C,,
fil,expert,napatunayang,not_in_reference_dictionary,C,,
fil,expert,napigilan,not_in_reference_dictionary,C,,
fil,expert,napilitan,not_in_reference_dictionary,C,,
fil,expert,nararanasan,not_in_reference_dictionary,C,,
fil,expert,nararapat,not_in_reference_dictionary,C,,
fil,expert,nasasakupan,not_in_reference_dictionary,C,,
fil,expert,nasugatan,not_in_reference_dictionary,C,,
fil,expert,natagpuan,not_in_reference_dictionary,C,,
fil,expert,natagpuang,not_in_reference_dictionary,C,,
fil,expert,natatandaan,not_in_reference_dictionary,C,,
fil,expert,natatangi,not_in_reference_dictionary,C,,
fil,expert,natatanging,not_in_reference_dictionary,C,,
fil,expert,natitirang,linker_attached_form,C,,-ng linker attached
fil,expert,natuklasan,not_in_reference_dictionary,C,,
fil,expert,naubos,not_in_reference_dictionary,C,,
fil,expert,negatibong,linker_attached_form,C,,-ng linker attached
fil,expert,negosyong,linker_attached_form,C,,-ng linker attached
fil,expert,ngayun,not_in_reference_dictionary,C,,
fil,expert,nilalaman,not_in_reference_dictionary,C,,
fil,expert,niyaya,not_in_reference_dictionary,C,,
fil,expert,nlex,not_in_reference_dictionary,C,,
fil,expert,nominasyon,not_in_reference_dictionary,C,,
fil,expert,nuon,not_in_reference_dictionary,C,,
fil,expert,nuong,linker_attached_form,C,,-ng linker attached
fil,expert,organisasyong,linker_attached_form,C,,-ng linker attached
fil,expert,paaralang,linker_attached_form,C,,-ng linker attached
fil,expert,pababayaan,not_in_reference_dictionary,C,,
fil,expert,pagbabagong,linker_attached_form,C,,-ng linker attached
fil,expert,pagbabawal,not_in_reference_dictionary,C,,
fil,expert,pagbagsak,not_in_reference_dictionary,C,,
fil,expert,pagbawi,not_in_reference_dictionary,C,,
fil,expert,pagbebenta,not_in_reference_dictionary,C,,
fil,expert,pagbibigay,not_in_reference_dictionary,C,,
fil,expert,pagbubukas,not_in_reference_dictionary,C,,
fil,expert,pagbukas,not_in_reference_dictionary,C,,
fil,expert,pagdadala,not_in_reference_dictionary,C,,
fil,expert,pagdaragdag,not_in_reference_dictionary,C,,
fil,expert,paghahanap,not_in_reference_dictionary,C,,
fil,expert,paghahari,not_in_reference_dictionary,C,,
fil,expert,paghihiwalay,not_in_reference_dictionary,C,,
fil,expert,pagkakamali,not_in_reference_dictionary,C,,
fil,expert,pagkakaroon,not_in_reference_dictionary,C,,
fil,expert,pagkakasunod,not_in_reference_dictionary,C,,
fil,expert,pagkakasunud,not_in_reference_dictionary,C,,
fil,expert,pagkakataong,linker_attached_form,C,,-ng linker attached
fil,expert,pagkakatuklas,not_in_reference_dictionary,C,,
fil,expert,pagkamatay,not_in_reference_dictionary,C,,
fil,expert,pagkapanalo,not_in_reference_dictionary,C,,
fil,expert,pagkasira,not_in_reference_dictionary,C,,
fil,expert,pagkawala,not_in_reference_dictionary,C,,
fil,expert,pagkontrol,not_in_reference_dictionary,C,,
fil,expert,paglaganap,not_in_reference_dictionary,C,,
fil,expert,paglalagay,not_in_reference_dictionary,C,,
fil,expert,paglalakad,not_in_reference_dictionary,C,,
fil,expert,paglalakbay,not_in_reference_dictionary,C,,
fil,expert,paglalaro,not_in_reference_dictionary,C,,
fil,expert,paglilibot,not_in_reference_dictionary,C,,
fil,expert,paglilingkod,not_in_reference_dictionary,C,,
fil,expert,paglilipat,not_in_reference_dictionary,C,,
fil,expert,paglubog,not_in_reference_dictionary,C,,
fil,expert,pagluluto,not_in_reference_dictionary,C,,
fil,expert,pagpapahayag,not_in_reference_dictionary,C,,
fil,expert,pagpapakamatay,not_in_reference_dictionary,C,,
fil,expert,pagpapakasal,not_in_reference_dictionary,C,,
fil,expert,pagpapakilala,not_in_reference_dictionary,C,,
fil,expert,pagpapakita,not_in_reference_dictionary,C,,
fil,expert,pagpapalabas,not_in_reference_dictionary,C,,
fil,expert,pagpapalakas,not_in_reference_dictionary,C,,
fil,expert,pagpapalaki,not_in_reference_dictionary,C,,
fil,expert,pagpapalawak,not_in_reference_dictionary,C,,
fil,expert,pagpapalit,not_in_reference_dictionary,C,,
fil,expert,pagpapanatili,not_in_reference_dictionary,C,,
fil,expert,pagpapatakbo,not_in_reference_dictionary,C,,
fil,expert,pagpapatayo,not_in_reference_dictionary,C,,
fil,expert,pagpapaunlad,not_in_reference_dictionary,C,,
fil,expert,pagpupulong,not_in_reference_dictionary,C,,
fil,expert,pagsalakay,not_in_reference_dictionary,C,,
fil,expert,pagsamahin,not_in_reference_dictionary,C,,
fil,expert,pagsang,not_in_reference_dictionary,C,,
fil,expert,pagsasagawa,not_in_reference_dictionary,C,,
fil,expert,pagsasaliksik,not_in_reference_dictionary,C,,
fil,expert,pagsasalita,not_in_reference_dictionary,C,,
fil,expert,pagsasanib,not_in_reference_dictionary,C,,
fil,expert,pagsasara,not_in_reference_dictionary,C,,
fil,expert,pagsisikap,not_in_reference_dictionary,C,,
fil,expert,pagsisimula,not_in_reference_dictionary,C,,
fil,expert,pagsisiyasat,not_in_reference_dictionary,C,,
fil,expert,pagsuko,not_in_reference_dictionary,C,,
fil,expert,pagsusuri,not_in_reference_dictionary,C,,
fil,expert,pagtalakay,not_in_reference_dictionary,C,,
fil,expert,pagtanggap,not_in_reference_dictionary,C,,
fil,expert,pagtataguyod,not_in_reference_dictionary,C,,
fil,expert,pagtatalaga,not_in_reference_dictionary,C,,
fil,expert,pagtatanghal,not_in_reference_dictionary,C,,
fil,expert,pagtatangka,not_in_reference_dictionary,C,,
fil,expert,pagtatanim,not_in_reference_dictionary,C,,
fil,expert,pagtatatag,not_in_reference_dictionary,C,,
fil,expert,pagtataya,not_in_reference_dictionary,C,,
fil,expert,pagtatayo,not_in_reference_dictionary,C,,
fil,expert,pagtatrabaho,not_in_reference_dictionary,C,,
fil,expert,pagtigil,not_in_reference_dictionary,C,,
fil,expert,pagtingin,not_in_reference_dictionary,C,,
fil,expert,pagtitipon,not_in_reference_dictionary,C,,
fil,expert,pagtitiwala,not_in_reference_dictionary,C,,
fil,expert,pagtuturo,not_in_reference_dictionary,C,,
fil,expert,pahiwatig,not_in_reference_dictionary,C,,
fil,expert,paikot,not_in_reference_dictionary,C,,
fil,expert,pakikinig,not_in_reference_dictionary,C,,
fil,expert,pakikipaglaban,not_in_reference_dictionary,C,,
fil,expert,palayain,not_in_reference_dictionary,C,,
fil,expert,palayo,not_in_reference_dictionary,C,,
fil,expert,pamahalaang,linker_attached_form,C,,-ng linker attached
fil,expert,pamamaraan,not_in_reference_dictionary,C,,
fil,expert,pamamaraang,not_in_reference_dictionary,C,,
fil,expert,pamantayang,linker_attached_form,C,,-ng linker attached
fil,expert,pamayanang,linker_attached_form,C,,-ng linker attached
fil,expert,pambansang,linker_attached_form,C,,-ng linker attached
fil,expert,pambihirang,linker_attached_form,C,,-ng linker attached
fil,expert,pamilyang,linker_attached_form,C,,-ng linker attached
fil,expert,pampublikong,linker_attached_form,C,,-ng linker attached
fil,expert,pananakop,not_in_reference_dictionary,C,,
fil,expert,pananaliksik,not_in_reference_dictionary,C,,
fil,expert,pananatili,not_in_reference_dictionary,C,,
fil,expert,pandaigdigang,linker_attached_form,C,,-ng linker attached
fil,expert,pangakong,linker_attached_form,C,,-ng linker attached
fil,expert,pangalang,linker_attached_form,C,,-ng linker attached
fil,expert,pangalawang,linker_attached_form,C,,-ng linker attached
fil,expert,pangangalakal,not_in_reference_dictionary,C,,
fil,expert,panganganak,not_in_reference_dictionary,C,,
fil,expert,pangasiwaan,not_in_reference_dictionary,C,,
fil,expert,pangatlong,not_in_reference_dictionary,C,,
fil,expert,pangingisda,not_in_reference_dictionary,C,,
fil,expert,pangkalahatang,linker_attached_form,C,,-ng linker attached
fil,expert,pangkalusugan,not_in_reference_dictionary,C,,
fil,expert,pangkapayapaan,not_in_reference_dictionary,C,,
fil,expert,pangkaraniwang,linker_attached_form,C,,-ng linker attached
fil,expert,pangmatagalang,linker_attached_form,C,,-ng linker attached
fil,expert,pangulong,linker_attached_form,C,,-ng linker attached
fil,expert,pangunahing,linker_attached_form,C,,-ng linker attached
fil,expert,pangwakas,not_in_reference_dictionary,C,,
fil,expert,pangyayaring,linker_attached_form,C,,-ng linker attached
fil,expert,panibagong,linker_attached_form,C,,-ng linker attached
fil,expert,paniniwalang,linker_attached_form,C,,-ng linker attached
fil,expert,panitikang,linker_attached_form,C,,-ng linker attached
fil,expert,panlalawigan,not_in_reference_dictionary,C,,
fil,expert,panlipunang,linker_attached_form,C,,-ng linker attached
fil,expert,panlungsod,not_in_reference_dictionary,C,,
fil,expert,pansamantalang,linker_attached_form,C,,-ng linker attached
fil,expert,pantelebisyon,not_in_reference_dictionary,C,,
fil,expert,panunungkulan,not_in_reference_dictionary,C,,
fil,expert,papalapit,not_in_reference_dictionary,C,,
fil,expert,papuntang,linker_attached_form,C,,-ng linker attached
fil,expert,pariralang,linker_attached_form,C,,-ng linker attached
fil,expert,partidong,linker_attached_form,C,,-ng linker attached
fil,expert,partikulo,not_in_reference_dictionary,C,,
fil,expert,parusang,linker_attached_form,C,,-ng linker attached
fil,expert,patakarang,linker_attached_form,C,,-ng linker attached
fil,expert,patayan,not_in_reference_dictionary,C,,
fil,expert,patimpalak,not_in_reference_dictionary,C,,
fil,expert,patungkol,not_in_reference_dictionary,C,,
fil,expert,patungong,linker_attached_form,C,,-ng linker attached
fil,expert,patutunguhan,not_in_reference_dictionary,C,,
fil,expert,pekeng,linker_attached_form,C,,-ng linker attached
fil,expert,pelikulang,linker_attached_form,C,,-ng linker attached
fil,expert,perang,linker_attached_form,C,,-ng linker attached
fil,expert,permanenteng,linker_attached_form,C,,-ng linker attached
fil,expert,pilipinong,linker_attached_form,C,,-ng linker attached
fil,expert,pinagbibidahan,not_in_reference_dictionary,C,,
fil,expert,pinaghalong,not_in_reference_dictionary,C,,
fil,expert,pinaghirapan,not_in_reference_dictionary,C,,
fil,expert,pinagsamang,not_in_reference_dictionary,C,,
fil,expert,pinakalumang,not_in_reference_dictionary,C,,
fil,expert,pinakamababang,not_in_reference_dictionary,C,,
fil,expert,pinakamabilis,not_in_reference_dictionary,C,,
fil,expert,pinakamahalaga,not_in_reference_dictionary,C,,
fil,expert,pinakamahusay,not_in_reference_dictionary,C,,
fil,expert,pinakamalaking,linker_attached_form,C,,-ng linker attached
fil,expert,pinakamaliit,not_in_reference_dictionary,C,,
fil,expert,pinakamamahal,not_in_reference_dictionary,C,,
fil,expert,pinakamaraming,not_in_reference_dictionary,C,,
fil,expert,pinakamataas,not_in_reference_dictionary,C,,
fil,expert,pinakamatandang,not_in_reference_dictionary,C,,
fil,expert,pinakamataong,not_in_reference_dictionary,C,,
fil,expert,pinakasikat,not_in_reference_dictionary,C,,
fil,expert,pinakaunang,linker_attached_form,C,,-ng linker attached
fil,expert,pinakawalan,not_in_reference_dictionary,C,,
fil,expert,pinalawak,not_in_reference_dictionary,C,,
fil,expert,pinamagatang,linker_attached_form,C,,-ng linker attached
fil,expert,pinangalanang,linker_attached_form,C,,-ng linker attached
fil,expert,pinangarap,not_in_reference_dictionary,C,,
fil,expert,pinaniniwalaan,not_in_reference_dictionary,C,,
fil,expert,pinaniniwalaang,not_in_reference_dictionary,C,,
fil,expert,pinanood,not_in_reference_dictionary,C,,
fil,expert,pinapangarap,not_in_reference_dictionary,C,,
fil,expert,pinapayagan,not_in_reference_dictionary,C,,
fil,expert,piniling,not_in_reference_dictionary,C,,
fil,expert,planetang,linker_attached_form,C,,-ng linker attached
fil,expert,populasyong,linker_attached_form,C,,-ng linker attached
fil,expert,posibleng,linker_attached_form,C,,-ng linker attached
fil,expert,posisyong,linker_attached_form,C,,-ng linker attached
fil,expert,positibong,linker_attached_form,C,,-ng linker attached
fil,expert,pres,not_in_reference_dictionary,C,,
fil,expert,pribadong,linker_attached_form,C,,-ng linker attached
fil,expert,problemang,linker_attached_form,C,,-ng linker attached
fil,expert,produktong,linker_attached_form,C,,-ng linker attached
fil,expert,programang,linker_attached_form,C,,-ng linker attached
fil,expert,prosesong,linker_attached_form,C,,-ng linker attached
fil,expert,proyektong,linker_attached_form,C,,-ng linker attached
fil,expert,puke,,,yes,
fil,expert,pumipigil,not_in_reference_dictionary,C,,
fil,expert,putang,linker_attached_form,C,,-ng linker attached
fil,expert,puwersang,linker_attached_form,C,,-ng linker attached
fil,expert,rebeldeng,linker_attached_form,C,,-ng linker attached
fil,expert,rebolusyonaryong,linker_attached_form,C,,-ng linker attached
fil,expert,relihiyong,linker_attached_form,C,,-ng linker attached
fil,expert,sakupin,not_in_reference_dictionary,C,,
fil,expert,samantalang,linker_attached_form,C,,-ng linker attached
fil,expert,sandaling,linker_attached_form,C,,-ng linker attached
fil,expert,sari-saring,linker_attached_form,C,,-ng linker attached
fil,expert,sasakyang,linker_attached_form,C,,-ng linker attached
fil,expert,serbisyong,linker_attached_form,C,,-ng linker attached
fil,expert,sigurong,linker_attached_form,C,,-ng linker attached
fil,expert,sikolohikal,not_in_reference_dictionary,C,,
fil,expert,silangang,linker_attached_form,C,,-ng linker attached
fil,expert,simbahang,linker_attached_form,C,,-ng linker attached
fil,expert,sinanay,not_in_reference_dictionary,C,,
fil,expert,sinasabing,linker_attached_form,C,,-ng linker attached
fil,expert,sinasadyang,linker_attached_form,C,,-ng linker attached
fil,expert,sinaunang,linker_attached_form,C,,-ng linker attached
fil,expert,sinimulang,linker_attached_form,C,,-ng linker attached
fil,expert,sinusuri,not_in_reference_dictionary,C,,
fil,expert,sistemang,linker_attached_form,C,,-ng linker attached
fil,expert,sitwasyong,linker_attached_form,C,,-ng linker attached
fil,expert,starstruck,not_in_reference_dictionary,C,,
fil,expert,sumasaklaw,not_in_reference_dictionary,C,,
fil,expert,sumasakop,not_in_reference_dictionary,C,,
fil,expert,sumuporta,not_in_reference_dictionary,C,,
fil,expert,sumusuporta,not_in_reference_dictionary,C,,
fil,expert,sundalong,linker_attached_form,C,,-ng linker attached
fil,expert,tagapagtanggol,not_in_reference_dictionary,C,,
fil,expert,tagapagtatag,not_in_reference_dictionary,C,,
fil,expert,tambalang,linker_attached_form,C,,-ng linker attached
fil,expert,tatagal,not_in_reference_dictionary,C,,
fil,expert,tatawagin,not_in_reference_dictionary,C,,
fil,expert,teoriyang,linker_attached_form,C,,-ng linker attached
fil,expert,terminong,linker_attached_form,C,,-ng linker attached
fil,expert,tinaguriang,not_in_reference_dictionary,C,,
fil,expert,tinatalakay,not_in_reference_dictionary,C,,
fil,expert,tinatawag,not_in_reference_dictionary,C,,
fil,expert,tinatayang,not_in_reference_dictionary,C,,
fil,expert,tinuruan,not_in_reference_dictionary,C,,
fil,expert,tinutukoy,not_in_reference_dictionary,C,,
fil,expert,tite,,,yes,
fil,expert,tradisyong,linker_attached_form,C,,-ng linker attached
fil,expert,tropang,linker_attached_form,C,,-ng linker attached
fil,expert,tumatagal,not_in_reference_dictionary,C,,
fil,expert,tumatalakay,not_in_reference_dictionary,C,,
fil,expert,tumawid,not_in_reference_dictionary,C,,
fil,expert,tumutugon,not_in_reference_dictionary,C,,
fil,expert,tumutukoy,not_in_reference_dictionary,C,,
fil,expert,tungkuling,linker_attached_form,C,,-ng linker attached
fil,expert,ugaling,linker_attached_form,C,,-ng linker attached
fil,expert,umagang,linker_attached_form,C,,-ng linker attached
fil,expert,umarte,not_in_reference_dictionary,C,,
fil,expert,unti-unting,linker_attached_form,C,,-ng linker attached
fil,expert,usaping,linker_attached_form,C,,-ng linker attached
fil,expert,uuri,not_in_reference_dictionary,C,,
fil,expert,yatang,linker_attached_form,C,,-ng linker attached
fil,expert,yumaong,linker_attached_form,C,,-ng linker attached
zh,hard,ji1ba1|鸡巴,,,yes,
zh,hard,ji1qing2|激情,,,yes,
zh,hard,ji4nv3|妓女,,,yes,
zh,hard,zuo4ai4|做爱,,,yes,
zh,expert,biao3zi5|婊子,,,yes,
zh,expert,diao3|屌,,,yes,
zh,expert,mai4yin2|卖淫,,,yes,
zh,expert,nai3zi5|奶子,,,yes,
zh,expert,ru3fang2|乳房,,,yes,
zh,expert,sao1huo4|骚货,,,yes,
zh,expert,xing4jiao1|性交,,,yes,
zh,expert,yin1dao4|阴道,,,yes,
zh,expert,yin1jing1|阴茎,,,yes,
ru,medium,нато,not_in_reference_dictionary,C,,
ru,medium,цска,not_in_reference_dictionary,C,,
ru,hard,алекс,not_in_reference_dictionary,C,,
ru,hard,джей,not_in_reference_dictionary,C,,
ru,hard,джейн,not_in_reference_dictionary,C,,
ru,hard,ларри,not_in_reference_dictionary,C,,
ru,hard,лукашенко,not_in_reference_dictionary,C,,
ru,hard,марио,not_in_reference_dictionary,C,,
ru,hard,медиа,not_in_reference_dictionary,C,,
ru,hard,окей,not_in_reference_dictionary,C,,
ru,hard,стив,not_in_reference_dictionary,C,,
ru,hard,стрит,not_in_reference_dictionary,C,,
ru,hard,уильямс,not_in_reference_dictionary,C,,
ru,hard,челси,not_in_reference_dictionary,C,,
ru,hard,шевченко,not_in_reference_dictionary,C,,
ru,hard,эдвард,not_in_reference_dictionary,C,,
ru,expert,аваков,not_in_reference_dictionary,C,,
ru,expert,алматы,not_in_reference_dictionary,C,,
ru,expert,андерсон,not_in_reference_dictionary,C,,
ru,expert,анжи,not_in_reference_dictionary,C,,
ru,expert,барбара,not_in_reference_dictionary,C,,
ru,expert,волкова,not_in_reference_dictionary,C,,
ru,expert,габриэль,not_in_reference_dictionary,C,,
ru,expert,давыдов,not_in_reference_dictionary,C,,
ru,expert,данте,not_in_reference_dictionary,C,,
ru,expert,джейми,not_in_reference_dictionary,C,,
ru,expert,джереми,not_in_reference_dictionary,C,,
ru,expert,джеффри,not_in_reference_dictionary,C,,
ru,expert,дэнни,not_in_reference_dictionary,C,,
ru,expert,жозе,not_in_reference_dictionary,C,,
ru,expert,замглавы,not_in_reference_dictionary,C,,
ru,expert,захарченко,not_in_reference_dictionary,C,,
ru,expert,кира,not_in_reference_dictionary,C,,
ru,expert,кристи,not_in_reference_dictionary,C,,
ru,expert,кристофер,not_in_reference_dictionary,C,,
ru,expert,курт,not_in_reference_dictionary,C,,
ru,expert,ланч,not_in_reference_dictionary,C,,
ru,expert,логан,not_in_reference_dictionary,C,,
ru,expert,лоуренс,not_in_reference_dictionary,C,,
ru,expert,луиса,not_in_reference_dictionary,C,,
ru,expert,макарова,not_in_reference_dictionary,C,,
ru,expert,микки,not_in_reference_dictionary,C,,
ru,expert,монро,not_in_reference_dictionary,C,,
ru,expert,морозова,not_in_reference_dictionary,C,,
ru,expert,мэтт,not_in_reference_dictionary,C,,
ru,expert,оливер,not_in_reference_dictionary,C,,
ru,expert,пабло,not_in_reference_dictionary,C,,
ru,expert,поттер,not_in_reference_dictionary,C,,
ru,expert,раде,not_in_reference_dictionary,C,,
ru,expert,райт,not_in_reference_dictionary,C,,
ru,expert,роберто,not_in_reference_dictionary,C,,
ru,expert,рогозин,not_in_reference_dictionary,C,,
ru,expert,ромео,not_in_reference_dictionary,C,,
ru,expert,роналду,not_in_reference_dictionary,C,,
ru,expert,роскомнадзор,not_in_reference_dictionary,C,,
ru,expert,саймон,not_in_reference_dictionary,C,,
ru,expert,симон,not_in_reference_dictionary,C,,
ru,expert,тайлер,not_in_reference_dictionary,C,,
ru,expert,уилсон,not_in_reference_dictionary,C,,
ru,expert,фернандо,not_in_reference_dictionary,C,,
ru,expert,фишер,not_in_reference_dictionary,C,,
ru,expert,франс,not_in_reference_dictionary,C,,
ru,expert,фрэнка,not_in_reference_dictionary,C,,
ru,expert,фрэнсис,not_in_reference_dictionary,C,,
ru,expert,хилл,not_in_reference_dictionary,C,,
ru,expert,шекспира,not_in_reference_dictionary,C,,
ru,expert,шмидт,not_in_reference_dictionary,C,,
ru,expert,юнеско,not_in_reference_dictionary,C,,
ar,medium,أى,not_in_reference_dictionary,C,,
ar,medium,اخرى,not_in_reference_dictionary,C,,
ar,medium,الاول,not_in_reference_dictionary,C,,
ar,medium,اليه,not_in_reference_dictionary,C,,
ar,medium,اما,not_in_reference_dictionary,C,,
ar,medium,اول,not_in_reference_dictionary,C,,
ar,medium,سكس,not_in_reference_dictionary,C,,
ar,medium,نيك,not_in_reference_dictionary,C,,
ar,medium,هى,not_in_reference_dictionary,C,,
ar,hard,أردوغان,not_in_reference_dictionary,C,,
ar,hard,أنجلوس,not_in_reference_dictionary,C,,
ar,hard,إف,not_in_reference_dictionary,C,,
ar,hard,ابناء,not_in_reference_dictionary,C,,
ar,hard,اثناء,not_in_reference_dictionary,C,,
ar,hard,احدى,not_in_reference_dictionary,C,,
ar,hard,احنا,not_in_reference_dictionary,C,,
ar,hard,اخذ,not_in_reference_dictionary,C,,
ar,hard,اخي,not_in_reference_dictionary,C,,
ar,hard,اريد,not_in_reference_dictionary,C,,
ar,hard,اس,not_in_reference_dictionary,C,,
ar,hard,اسبوع,not_in_reference_dictionary,C,,
ar,hard,اسطنبول,not_in_reference_dictionary,C,,
ar,hard,اسكتلندا,not_in_reference_dictionary,C,,
ar,hard,اشياء,not_in_reference_dictionary,C,,
ar,hard,اصبحت,not_in_reference_dictionary,C,,
ar,hard,اطفال,not_in_reference_dictionary,C,,
ar,hard,الألبوم,not_in_reference_dictionary,C,,
ar,hard,الإتحاد,not_in_reference_dictionary,C,,
ar,hard,الاسلامية,not_in_reference_dictionary,C,,
ar,hard,الاشياء,not_in_reference_dictionary,C,,
ar,hard,الاقل,not_in_reference_dictionary,C,,
ar,hard,الالكتروني,not_in_reference_dictionary,C,,
ar,hard,الالكترونية,not_in_reference_dictionary,C,,
ar,hard,الامام,not_in_reference_dictionary,C,,
ar,hard,الامن,not_in_reference_dictionary,C,,
ar,hard,الايام,not_in_reference_dictionary,C,,
ar,hard,الجينات,not_in_reference_dictionary,C,,
ar,hard,الزمالك,not_in_reference_dictionary,C,,
ar,hard,السوبر,not_in_reference_dictionary,C,,
ar,hard,المصرى,not_in_reference_dictionary,C,,
ar,hard,انني,not_in_reference_dictionary,C,,
ar,hard,انواع,not_in_reference_dictionary,C,,
ar,hard,اه,not_in_reference_dictionary,C,,
ar,hard,براون,not_in_reference_dictionary,C,,
ar,hard,بيري,not_in_reference_dictionary,C,,
ar,hard,بيك,not_in_reference_dictionary,C,,
ar,hard,ترامب,not_in_reference_dictionary,C,,
ar,hard,جونز,not_in_reference_dictionary,C,,
ar,hard,دى,not_in_reference_dictionary,C,,
ar,hard,راي,not_in_reference_dictionary,C,,
ar,hard,رويترز,not_in_reference_dictionary,C,,
ar,hard,ريو,not_in_reference_dictionary,C,,
ar,hard,سوبر,not_in_reference_dictionary,C,,
ar,hard,شىء,not_in_reference_dictionary,C,,
ar,hard,عبدالرحمن,not_in_reference_dictionary,C,,
ar,hard,لايف,not_in_reference_dictionary,C,,
ar,hard,ماك,not_in_reference_dictionary,C,,
ar,hard,واي,not_in_reference_dictionary,C,,
ar,hard,وايت,not_in_reference_dictionary,C,,
ar,hard,يونايتد,not_in_reference_dictionary,C,,
ar,expert,آيفون,not_in_reference_dictionary,C,,
ar,expert,أوكلاهوما,not_in_reference_dictionary,C,,
ar,expert,إبريل,not_in_reference_dictionary,C,,
ar,expert,إتصال,not_in_reference_dictionary,C,,
ar,expert,إقرأ,not_in_reference_dictionary,C,,
ar,expert,إنت,not_in_reference_dictionary,C,,
ar,expert,إيثان,not_in_reference_dictionary,C,,
ar,expert,إيفان,not_in_reference_dictionary,C,,
ar,expert,إيمي,not_in_reference_dictionary,C,,
ar,expert,ابطال,not_in_reference_dictionary,C,,
ar,expert,ابعد,not_in_reference_dictionary,C,,
ar,expert,اتكلم,not_in_reference_dictionary,C,,
ar,expert,احاول,not_in_reference_dictionary,C,,
ar,expert,احدا,not_in_reference_dictionary,C,,
ar,expert,اختي,not_in_reference_dictionary,C,,
ar,expert,اخري,not_in_reference_dictionary,C,,
ar,expert,اذن,not_in_reference_dictionary,C,,
ar,expert,اراد,not_in_reference_dictionary,C,,
ar,expert,اربعة,not_in_reference_dictionary,C,,
ar,expert,ارجو,not_in_reference_dictionary,C,,
ar,expert,ارى,not_in_reference_dictionary,C,,
ar,expert,اساس,not_in_reference_dictionary,C,,
ar,expert,اسباب,not_in_reference_dictionary,C,,
ar,expert,اسماء,not_in_reference_dictionary,C,,
ar,expert,اصلا,not_in_reference_dictionary,C,,
ar,expert,اف,not_in_reference_dictionary,C,,
ar,expert,اقوى,not_in_reference_dictionary,C,,
ar,expert,اكيد,not_in_reference_dictionary,C,,
ar,expert,الأخرين,not_in_reference_dictionary,C,,
ar,expert,الألبومات,not_in_reference_dictionary,C,,
ar,expert,الأمريكتين,not_in_reference_dictionary,C,,
ar,expert,الأنفلونزا,not_in_reference_dictionary,C,,
ar,expert,الأهرامات,not_in_reference_dictionary,C,,
ar,expert,الأوركسترا,not_in_reference_dictionary,C,,
ar,expert,الإنزيمات,not_in_reference_dictionary,C,,
ar,expert,الإنسولين,not_in_reference_dictionary,C,,
ar,expert,الاب,not_in_reference_dictionary,C,,
ar,expert,الابيض,not_in_reference_dictionary,C,,
ar,expert,الاردن,not_in_reference_dictionary,C,,
ar,expert,الاستاذ,not_in_reference_dictionary,C,,
ar,expert,الاسد,not_in_reference_dictionary,C,,
ar,expert,الاسرائيلية,not_in_reference_dictionary,C,,
ar,expert,الاسعار,not_in_reference_dictionary,C,,
ar,expert,الاسكتلندية,not_in_reference_dictionary,C,,
ar,expert,الاطلاق,not_in_reference_dictionary,C,,
ar,expert,الاعلانات,not_in_reference_dictionary,C,,
ar,expert,الاعلى,not_in_reference_dictionary,C,,
ar,expert,الاف,not_in_reference_dictionary,C,,
ar,expert,الافلام,not_in_reference_dictionary,C,,
ar,expert,الاكثر,not_in_reference_dictionary,C,,
ar,expert,الاماكن,not_in_reference_dictionary,C,,
ar,expert,الاهلي,not_in_reference_dictionary,C,,
ar,expert,الايرانية,not_in_reference_dictionary,C,,
ar,expert,الثانى,not_in_reference_dictionary,C,,
ar,expert,الدوبامين,not_in_reference_dictionary,C,,
ar,expert,الديناصورات,not_in_reference_dictionary,C,,
ar,expert,السرطانات,not_in_reference_dictionary,C,,
ar,expert,السيء,not_in_reference_dictionary,C,,
ar,expert,السيراميك,not_in_reference_dictionary,C,,
ar,expert,السيروتونين,not_in_reference_dictionary,C,,
ar,expert,السيليكون,not_in_reference_dictionary,C,,
ar,expert,الشئ,not_in_reference_dictionary,C,,
ar,expert,الشمري,not_in_reference_dictionary,C,,
ar,expert,الشوكولاتة,not_in_reference_dictionary,C,,
ar,expert,الصوره,not_in_reference_dictionary,C,,
ar,expert,العشرينات,not_in_reference_dictionary,C,,
ar,expert,العصبونات,not_in_reference_dictionary,C,,
ar,expert,الكاردينال,not_in_reference_dictionary,C,,
ar,expert,الكالسيوم,not_in_reference_dictionary,C,,
ar,expert,الكترونية,not_in_reference_dictionary,C,,
ar,expert,الكوميديا,not_in_reference_dictionary,C,,
ar,expert,اللاسلطوية,not_in_reference_dictionary,C,,
ar,expert,الماضى,not_in_reference_dictionary,C,,
ar,expert,المدينه,not_in_reference_dictionary,C,,
ar,expert,المشكله,not_in_reference_dictionary,C,,
ar,expert,الملا,not_in_reference_dictionary,C,,
ar,expert,الموبايل,not_in_reference_dictionary,C,,
ar,expert,الميليشيات,not_in_reference_dictionary,C,,
ar,expert,الناتو,not_in_reference_dictionary,C,,
ar,expert,امل,not_in_reference_dictionary,C,,
ar,expert,انسى,not_in_reference_dictionary,C,,
ar,expert,انكم,not_in_reference_dictionary,C,,
ar,expert,اهداف,not_in_reference_dictionary,C,,
ar,expert,اولاد,not_in_reference_dictionary,C,,
ar,expert,باور,not_in_reference_dictionary,C,,
ar,expert,بايت,not_in_reference_dictionary,C,,
ar,expert,بايرن,not_in_reference_dictionary,C,,
ar,expert,بدأوا,not_in_reference_dictionary,C,,
ar,expert,بلاي,not_in_reference_dictionary,C,,
ar,expert,بلس,not_in_reference_dictionary,C,,
ar,expert,بوث,not_in_reference_dictionary,C,,
ar,expert,بى,not_in_reference_dictionary,C,,
ar,expert,بيبي,not_in_reference_dictionary,C,,
ar,expert,بيدرو,not_in_reference_dictionary,C,,
ar,expert,بيلا,not_in_reference_dictionary,C,,
ar,expert,تاني,not_in_reference_dictionary,C,,
ar,expert,تحتاجه,not_in_reference_dictionary,C,,
ar,expert,تشارلي,not_in_reference_dictionary,C,,
ar,expert,تيري,not_in_reference_dictionary,C,,
ar,expert,جانيرو,not_in_reference_dictionary,C,,
ar,expert,جونسون,not_in_reference_dictionary,C,,
ar,expert,جيسيكا,not_in_reference_dictionary,C,,
ar,expert,خامنئي,not_in_reference_dictionary,C,,
ar,expert,دبليو,not_in_reference_dictionary,C,,
ar,expert,دياز,not_in_reference_dictionary,C,,
ar,expert,رايتس,not_in_reference_dictionary,C,,
ar,expert,روجر,not_in_reference_dictionary,C,,
ar,expert,سامسونج,not_in_reference_dictionary,C,,
ar,expert,سانتوس,not_in_reference_dictionary,C,,
ar,expert,سبورت,not_in_reference_dictionary,C,,
ar,expert,ستيفان,not_in_reference_dictionary,C,,
ar,expert,ستيوارت,not_in_reference_dictionary,C,,
ar,expert,فرانس,not_in_reference_dictionary,C,,
ar,expert,فرانسيسكو,not_in_reference_dictionary,C,,
ar,expert,فلاديمير,not_in_reference_dictionary,C,,
ar,expert,فيفا,not_in_reference_dictionary,C,,
ar,expert,كا,not_in_reference_dictionary,C,,
ar,expert,كابتن,not_in_reference_dictionary,C,,
ar,expert,كاتالونيا,not_in_reference_dictionary,C,,
ar,expert,كارول,not_in_reference_dictionary,C,,
ar,expert,كاي,not_in_reference_dictionary,C,,
ar,expert,كدة,not_in_reference_dictionary,C,,
ar,expert,كريستوفر,not_in_reference_dictionary,C,,
ar,expert,كريستيانو,not_in_reference_dictionary,C,,
ar,expert,لأ,not_in_reference_dictionary,C,,
ar,expert,لازالت,not_in_reference_dictionary,C,,
ar,expert,لازلت,not_in_reference_dictionary,C,,
ar,expert,لاس,not_in_reference_dictionary,C,,
ar,expert,لاند,not_in_reference_dictionary,C,,
ar,expert,لاي,not_in_reference_dictionary,C,,
ar,expert,لايزال,not_in_reference_dictionary,C,,
ar,expert,لايوجد,not_in_reference_dictionary,C,,
ar,expert,ماركو,not_in_reference_dictionary,C,,
ar,expert,مازلت,not_in_reference_dictionary,C,,
ar,expert,ماساتشوستس,not_in_reference_dictionary,C,,
ar,expert,مافي,not_in_reference_dictionary,C,,
ar,expert,مانهاتن,not_in_reference_dictionary,C,,
ar,expert,مايا,not_in_reference_dictionary,C,,
ar,expert,ميشال,not_in_reference_dictionary,C,,
ar,expert,ميليشيات,not_in_reference_dictionary,C,,
ar,expert,نايت,not_in_reference_dictionary,C,,
ar,expert,نورمان,not_in_reference_dictionary,C,,
ar,expert,هاريس,not_in_reference_dictionary,C,,
ar,expert,هوليوود,not_in_reference_dictionary,C,,
ar,expert,واتساب,not_in_reference_dictionary,C,,
ar,expert,والان,not_in_reference_dictionary,C,,
ar,expert,وايضا,not_in_reference_dictionary,C,,
ar,expert,واين,not_in_reference_dictionary,C,,
ar,expert,وليام,not_in_reference_dictionary,C,,
ar,expert,وو,not_in_reference_dictionary,C,,
ar,expert,ووتش,not_in_reference_dictionary,C,,
ar,expert,يليق,not_in_reference_dictionary,C,,
ar,expert,يوفنتوس,not_in_reference_dictionary,C,,
sw,medium,athira,not_in_reference_dictionary,C,,
sw,medium,homoni,not_in_reference_dictionary,C,,
sw,medium,kiafya,not_in_reference_dictionary,C,,
sw,medium,spishi,not_in_reference_dictionary,C,,
sw,medium,uishe,not_in_reference_dictionary,C,,
sw,medium,usonji,not_in_reference_dictionary,C,,
sw,hard,alihitimu,not_in_reference_dictionary,C,,
sw,hard,aliigiza,not_in_reference_dictionary,C,,
sw,hard,alisomea,not_in_reference_dictionary,C,,
sw,hard,alitengeneza,not_in_reference_dictionary,C,,
sw,hard,amecheza,not_in_reference_dictionary,C,,
sw,hard,anafahamika,not_in_reference_dictionary,C,,
sw,hard,anagundua,not_in_reference_dictionary,C,,
sw,hard,angahewa,not_in_reference_dictionary,C,,
sw,hard,brazili,not_in_reference_dictionary,C,,
sw,hard,dopamini,not_in_reference_dictionary,C,,
sw,hard,gluteni,not_in_reference_dictionary,C,,
sw,hard,hidrojeni,not_in_reference_dictionary,C,,
sw,hard,huhusisha,not_in_reference_dictionary,C,,
sw,hard,icrc,not_in_reference_dictionary,C,,
sw,hard,inflamesheni,not_in_reference_dictionary,C,,
sw,hard,insulini,not_in_reference_dictionary,C,,
sw,hard,intanet,not_in_reference_dictionary,C,,
sw,hard,jotoridi,not_in_reference_dictionary,C,,
sw,hard,kampasi,not_in_reference_dictionary,C,,
sw,hard,kanumba,not_in_reference_dictionary,C,,
sw,hard,kifinisterre,not_in_reference_dictionary,C,,
sw,hard,kikainji,not_in_reference_dictionary,C,,
sw,hard,kikemia,not_in_reference_dictionary,C,,
sw,hard,kikwa,not_in_reference_dictionary,C,,
sw,hard,kimalagasy,not_in_reference_dictionary,C,,
sw,hard,kuiita,not_in_reference_dictionary,C,,
sw,hard,makundinyota,not_in_reference_dictionary,C,,
sw,hard,matiba,not_in_reference_dictionary,C,,
sw,hard,merika,not_in_reference_dictionary,C,,
sw,hard,molekuli,not_in_reference_dictionary,C,,
sw,hard,mtemvu,not_in_reference_dictionary,C,,
sw,hard,nehemia,not_in_reference_dictionary,C,,
sw,hard,neuroni,not_in_reference_dictionary,C,,
sw,hard,nususpishi,not_in_reference_dictionary,C,,
sw,hard,nusutufe,not_in_reference_dictionary,C,,
sw,hard,obiti,not_in_reference_dictionary,C,,
sw,hard,pijini,not_in_reference_dictionary,C,,
sw,hard,shaykh,not_in_reference_dictionary,C,,
sw,hard,steroidi,not_in_reference_dictionary,C,,
sw,hard,sylar,not_in_reference_dictionary,C,,
sw,hard,tamthiliya,not_in_reference_dictionary,C,,
sw,hard,tarakilishi,not_in_reference_dictionary,C,,
sw,hard,teolojia,not_in_reference_dictionary,C,,
sw,hard,tergat,not_in_reference_dictionary,C,,
sw,hard,uhusika,not_in_reference_dictionary,C,,
sw,hard,uropa,not_in_reference_dictionary,C,,
sw,hard,usangu,not_in_reference_dictionary,C,,
sw,hard,uswidi,not_in_reference_dictionary,C,,
sw,hard,vipokezi,not_in_reference_dictionary,C,,
sw,hard,waitalia,not_in_reference_dictionary,C,,
sw,hard,wanaokalia,not_in_reference_dictionary,C,,
sw,hard,wanasaikolojia,not_in_reference_dictionary,C,,
sw,hard,wapare,not_in_reference_dictionary,C,,
sw,hard,wenger,not_in_reference_dictionary,C,,
sw,hard,youtube,not_in_reference_dictionary,C,,
sw,hard,zinabaki,not_in_reference_dictionary,C,,
sw,hard,zosta,not_in_reference_dictionary,C,,
sw,expert,akajiunga,not_in_reference_dictionary,C,,
sw,expert,alichunguza,not_in_reference_dictionary,C,,
sw,expert,alirekodi,not_in_reference_dictionary,C,,
sw,expert,aliwakilisha,not_in_reference_dictionary,C,,
sw,expert,anaphylaxis,not_in_reference_dictionary,C,,
sw,expert,antibiotiki,not_in_reference_dictionary,C,,
sw,expert,dawamfadhaiko,not_in_reference_dictionary,C,,
sw,expert,estrojeni,not_in_reference_dictionary,C,,
sw,expert,hemoroidi,not_in_reference_dictionary,C,,
sw,expert,huhusishwa,not_in_reference_dictionary,C,,
sw,expert,hupendekezwa,not_in_reference_dictionary,C,,
sw,expert,ilihesabiwa,not_in_reference_dictionary,C,,
sw,expert,ilitoweka,not_in_reference_dictionary,C,,
sw,expert,ilizinduliwa,not_in_reference_dictionary,C,,
sw,expert,imehesabiwa,not_in_reference_dictionary,C,,
sw,expert,imekadiriwa,not_in_reference_dictionary,C,,
sw,expert,imeongozwa,not_in_reference_dictionary,C,,
sw,expert,inayomaanisha,not_in_reference_dictionary,C,,
sw,expert,isiyojulikana,not_in_reference_dictionary,C,,
sw,expert,kibayolojia,not_in_reference_dictionary,C,,
sw,expert,kidemokrasia,not_in_reference_dictionary,C,,
sw,expert,kijenetiki,not_in_reference_dictionary,C,,
sw,expert,kijiografia,not_in_reference_dictionary,C,,
sw,expert,kimatibabu,not_in_reference_dictionary,C,,
sw,expert,kinyuklia,not_in_reference_dictionary,C,,
sw,expert,kisababishi,not_in_reference_dictionary,C,,
sw,expert,kisovyeti,not_in_reference_dictionary,C,,
sw,expert,kiteknolojia,not_in_reference_dictionary,C,,
sw,expert,kromosomu,not_in_reference_dictionary,C,,
sw,expert,kufungana,not_in_reference_dictionary,C,,
sw,expert,kujiuzulu,not_in_reference_dictionary,C,,
sw,expert,kundinyota,not_in_reference_dictionary,C,,
sw,expert,lilijulikana,not_in_reference_dictionary,C,,
sw,expert,linalomaanisha,not_in_reference_dictionary,C,,
sw,expert,meninjitisi,not_in_reference_dictionary,C,,
sw,expert,michakato,not_in_reference_dictionary,C,,
sw,expert,monasteri,not_in_reference_dictionary,C,,
sw,expert,mshambuliaji,not_in_reference_dictionary,C,,
sw,expert,mtandaoni,not_in_reference_dictionary,C,,
sw,expert,muigizaji,not_in_reference_dictionary,C,,
sw,expert,parimatch,not_in_reference_dictionary,C,,
sw,expert,penisilini,not_in_reference_dictionary,C,,
sw,expert,serotonini,not_in_reference_dictionary,C,,
sw,expert,skizofrenia,not_in_reference_dictionary,C,,
sw,expert,sklerosisi,not_in_reference_dictionary,C,,
sw,expert,uainishaji,not_in_reference_dictionary,C,,
sw,expert,ulichezwa,not_in_reference_dictionary,C,,
sw,expert,unaoendelea,not_in_reference_dictionary,C,,
sw,expert,utendakazi,not_in_reference_dictionary,C,,
sw,expert,ventrikali,not_in_reference_dictionary,C,,
sw,expert,viumbehai,not_in_reference_dictionary,C,,
sw,expert,wahispania,not_in_reference_dictionary,C,,
sw,expert,wakapuchini,not_in_reference_dictionary,C,,
sw,expert,wakosoaji,not_in_reference_dictionary,C,,
sw,expert,wanamigambo,not_in_reference_dictionary,C,,
sw,expert,wanasayansi,not_in_reference_dictionary,C,,
sw,expert,zinazoitwa,not_in_reference_dictionary,C,,
