lang,tier,word,class,severity,on_repo_profanity_list,evidence
en,easy,ben,proper_noun,B,,
en,easy,el,proper_noun,B,,
en,easy,leo,proper_noun,B,,
en,easy,os,proper_noun,B,,
en,easy,sex,,,yes,
en,medium,india,proper_noun,B,,
en,medium,paris,proper_noun,B,,
en,medium,sexual,,,yes,
en,expert,machiavellian,proper_noun,B,,
es,medium,ahi,misspelled_missing_diacritic,A,,→ ahí
es,medium,ana,proper_noun,B,,
es,medium,bogotá,proper_noun,B,,
es,medium,cataluña,proper_noun,B,,
es,medium,chile,proper_noun,B,,
es,medium,co,wrong_language_english,A,,
es,medium,daniel,proper_noun,B,,
es,medium,felipe,proper_noun,B,,
es,medium,fernández,proper_noun,B,,
es,medium,guatemala,proper_noun,B,,
es,medium,inglaterra,proper_noun,B,,
es,medium,israel,proper_noun,B,,
es,medium,iv,wrong_language_english,A,,
es,medium,mario,proper_noun,B,,
es,medium,martínez,proper_noun,B,,
es,medium,michael,proper_noun,B,,
es,medium,paul,misspelled_missing_diacritic,A,,→ paúl
es,medium,pérez,proper_noun,B,,
es,medium,rafael,proper_noun,B,,
es,medium,sub,wrong_language_english,A,,
es,medium,washington,proper_noun,B,,
es,medium,world,proper_noun,B,,
es,hard,ac,wrong_language_english,A,,
es,hard,adam,proper_noun,B,,
es,hard,aguirre,proper_noun,B,,
es,hard,air,wrong_language_english,A,,
es,hard,alicia,proper_noun,B,,
es,hard,alla,misspelled_missing_diacritic,A,,→ allá
es,hard,amazon,wrong_language_english,A,,
es,hard,américas,proper_noun,B,,
es,hard,andrea,proper_noun,B,,
es,hard,andrew,proper_noun,B,,
es,hard,arthur,proper_noun,B,,
es,hard,atencion,misspelled_missing_diacritic,A,,→ atención
es,hard,atras,misspelled_missing_diacritic,A,,→ atrás
es,hard,austria,proper_noun,B,,
es,hard,batman,wrong_language_english,A,,
es,hard,belgrano,not_in_reference_dictionary,C,,
es,hard,blue,wrong_language_english,A,,
es,hard,boludo,not_in_reference_dictionary,C,,
es,hard,boston,proper_noun,B,,
es,hard,brócoli,wrong_language_other,A,,pt
es,hard,bélgica,proper_noun,B,,
es,hard,cartagena,proper_noun,B,,
es,hard,catalunya,not_in_reference_dictionary,C,,
es,hard,charlie,wrong_language_english,A,,
es,hard,chiapas,proper_noun,B,,
es,hard,christian,wrong_language_english,A,,
es,hard,company,wrong_language_english,A,,
es,hard,comun,misspelled_missing_diacritic,A,,→ común
es,hard,cristóbal,proper_noun,B,,
es,hard,edward,proper_noun,B,,
es,hard,elizabeth,proper_noun,B,,
es,hard,em,wrong_language_english,A,,
es,hard,eric,proper_noun,B,,
es,hard,ernesto,proper_noun,B,,
es,hard,farc,proper_noun,B,,
es,hard,fi,wrong_language_other,A,,fr
es,hard,ford,proper_noun,B,,
es,hard,félix,proper_noun,B,,
es,hard,guadalupe,proper_noun,B,,
es,hard,guayaquil,proper_noun,B,,
es,hard,gustaria,misspelled_missing_diacritic,A,,→ gustaría
es,hard,héctor,proper_noun,B,,
es,hard,il,wrong_language_other,A,,fr
es,hard,imbécil,,,yes,
es,hard,increible,misspelled_missing_diacritic,A,,→ increíble
es,hard,irak,proper_noun,B,,
es,hard,iván,proper_noun,B,,
es,hard,ix,wrong_language_english,A,,
es,hard,jalisco,not_in_reference_dictionary,C,,
es,hard,janeiro,proper_noun,B,,
es,hard,joan,proper_noun,B,,
es,hard,johnson,proper_noun,B,,
es,hard,jonathan,proper_noun,B,,
es,hard,juana,proper_noun,B,,
es,hard,julián,proper_noun,B,,
es,hard,lara,proper_noun,B,,
es,hard,line,wrong_language_english,A,,
es,hard,lol,proper_noun,B,,
es,hard,maldonado,proper_noun,B,,
es,hard,marcelo,proper_noun,B,,
es,hard,marie,proper_noun,B,,
es,hard,master,wrong_language_english,A,,
es,hard,may,wrong_language_english,A,,
es,hard,men,wrong_language_english,A,,
es,hard,messi,proper_noun,B,,
es,hard,miller,wrong_language_english,A,,
es,hard,muñoz,proper_noun,B,,
es,hard,márquez,proper_noun,B,,
es,hard,nelson,wrong_language_english,A,,
es,hard,netflix,proper_noun,B,,
es,hard,not,wrong_language_english,A,,
es,hard,omar,proper_noun,B,,
es,hard,open,wrong_language_english,A,,
es,hard,ortiz,proper_noun,B,,
es,hard,paco,proper_noun,B,,
es,hard,papi,proper_noun,B,,
es,hard,pelicula,misspelled_missing_diacritic,A,,→ película
es,hard,podia,misspelled_missing_diacritic,A,,→ podía
es,hard,policia,misspelled_missing_diacritic,A,,→ policía
es,hard,querés,not_in_reference_dictionary,C,,
es,hard,racista,,,yes,
es,hard,ranking,wrong_language_english,A,,
es,hard,ray,wrong_language_english,A,,
es,hard,records,wrong_language_english,A,,
es,hard,roger,proper_noun,B,,
es,hard,rubén,proper_noun,B,,
es,hard,saint,proper_noun,B,,
es,hard,samsung,proper_noun,B,,
es,hard,samuel,proper_noun,B,,
es,hard,sofía,proper_noun,B,,
es,hard,taylor,proper_noun,B,,
es,hard,tio,misspelled_missing_diacritic,A,,→ tío
es,hard,tokio,proper_noun,B,,
es,hard,uds,abbreviation_or_noise,A,,
es,hard,unam,wrong_language_other,A,,pt
es,hard,unica,misspelled_missing_diacritic,A,,→ única
es,hard,uribe,not_in_reference_dictionary,C,,
es,hard,usd,abbreviation_or_noise,A,,
es,hard,valentín,proper_noun,B,,
es,hard,victor,wrong_language_english,A,,
es,hard,viii,wrong_language_english,A,,
es,hard,vázquez,proper_noun,B,,
es,hard,white,wrong_language_english,A,,
es,hard,wilson,proper_noun,B,,
es,hard,xvii,wrong_language_english,A,,
es,hard,zamora,proper_noun,B,,
es,hard,álvarez,proper_noun,B,,
es,hard,álvaro,proper_noun,B,,
es,expert,aaa,wrong_language_other,A,,pl
es,expert,ace,wrong_language_english,A,,
es,expert,act,wrong_language_english,A,,
es,expert,afa,wrong_language_other,A,,pt
es,expert,alarcón,proper_noun,B,,
es,expert,aldo,proper_noun,B,,
es,expert,alegria,misspelled_missing_diacritic,A,,→ alegría
es,expert,alejandría,proper_noun,B,,
es,expert,alien,wrong_language_english,A,,
es,expert,alpha,wrong_language_english,A,,
es,expert,alí,abbreviation_or_noise,A,,
es,expert,amelia,proper_noun,B,,
es,expert,anaya,not_in_reference_dictionary,C,,
es,expert,anc,abbreviation_or_noise,A,,
es,expert,andorra,proper_noun,B,,
es,expert,angie,proper_noun,B,,
es,expert,antillas,proper_noun,B,,
es,expert,antofagasta,proper_noun,B,,
es,expert,antoine,proper_noun,B,,
es,expert,aquiles,proper_noun,B,,
es,expert,aquino,proper_noun,B,,
es,expert,arbol,misspelled_missing_diacritic,A,,→ árbol
es,expert,armstrong,proper_noun,B,,
es,expert,articulos,misspelled_missing_diacritic,A,,→ artículos
es,expert,asesinato,,,yes,
es,expert,asique,not_in_reference_dictionary,C,,
es,expert,association,wrong_language_english,A,,
es,expert,audi,proper_noun,B,,
es,expert,aurelio,proper_noun,B,,
es,expert,aver,wrong_language_english,A,,
es,expert,awards,wrong_language_english,A,,
es,expert,axel,proper_noun,B,,
es,expert,ayacucho,not_in_reference_dictionary,C,,
es,expert,bagdad,proper_noun,B,,
es,expert,baltimore,proper_noun,B,,
es,expert,banner,wrong_language_english,A,,
es,expert,barack,proper_noun,B,,
es,expert,barbie,wrong_language_english,A,,
es,expert,basket,wrong_language_english,A,,
es,expert,beatles,proper_noun,B,,
es,expert,beijing,proper_noun,B,,
es,expert,belgrado,proper_noun,B,,
es,expert,beltrán,not_in_reference_dictionary,C,,
es,expert,berlin,proper_noun,B,,
es,expert,bielorrusia,proper_noun,B,,
es,expert,birmania,proper_noun,B,,
es,expert,blackberry,wrong_language_english,A,,
es,expert,boe,wrong_language_other,A,,pt
es,expert,bolivar,wrong_language_english,A,,
es,expert,boludos,not_in_reference_dictionary,C,,
es,expert,bonilla,not_in_reference_dictionary,C,,
es,expert,books,wrong_language_english,A,,
es,expert,bosch,proper_noun,B,,
es,expert,brandon,proper_noun,B,,
es,expert,break,wrong_language_english,A,,
es,expert,brenda,proper_noun,B,,
es,expert,broadway,proper_noun,B,,
es,expert,bros,wrong_language_english,A,,
es,expert,brother,wrong_language_english,A,,
es,expert,bryan,proper_noun,B,,
es,expert,bull,wrong_language_english,A,,
es,expert,bustamante,proper_noun,B,,
es,expert,caido,misspelled_missing_diacritic,A,,→ caído
es,expert,callate,misspelled_missing_diacritic,A,,→ cállate
es,expert,camerún,proper_noun,B,,
es,expert,cancion,misspelled_missing_diacritic,A,,→ canción
es,expert,candy,wrong_language_english,A,,
es,expert,carabobo,proper_noun,B,,
es,expert,caracter,misspelled_missing_diacritic,A,,→ carácter
es,expert,card,wrong_language_english,A,,
es,expert,caroline,proper_noun,B,,
es,expert,cash,wrong_language_english,A,,
es,expert,castañeda,not_in_reference_dictionary,C,,
es,expert,challenge,wrong_language_english,A,,
es,expert,chang,proper_noun,B,,
es,expert,change,wrong_language_english,A,,
es,expert,chao,wrong_language_other,A,,sw
es,expert,children,wrong_language_english,A,,
es,expert,christine,proper_noun,B,,
es,expert,chrome,wrong_language_english,A,,
es,expert,chu,wrong_language_other,A,,fr
es,expert,chubut,not_in_reference_dictionary,C,,
es,expert,ciro,proper_noun,B,,
es,expert,cisneros,not_in_reference_dictionary,C,,
es,expert,clarke,proper_noun,B,,
es,expert,cleveland,proper_noun,B,,
es,expert,cne,wrong_language_other,A,,pl
es,expert,code,wrong_language_english,A,,
es,expert,codigo,misspelled_missing_diacritic,A,,→ código
es,expert,cohen,proper_noun,B,,
es,expert,colin,misspelled_missing_diacritic,A,,→ colín
es,expert,compostela,proper_noun,B,,
es,expert,compu,not_in_reference_dictionary,C,,
es,expert,comunicacion,misspelled_missing_diacritic,A,,→ comunicación
es,expert,contraloría,not_in_reference_dictionary,C,,
es,expert,cook,proper_noun,B,,
es,expert,core,wrong_language_english,A,,
es,expert,cosita,not_in_reference_dictionary,C,,
es,expert,cositas,not_in_reference_dictionary,C,,
es,expert,cover,wrong_language_english,A,,
es,expert,coña,not_in_reference_dictionary,C,,
es,expert,cuauhtémoc,not_in_reference_dictionary,C,,
es,expert,cyrus,proper_noun,B,,
es,expert,dea,wrong_language_other,A,,sw
es,expert,deberian,misspelled_missing_diacritic,A,,→ deberían
es,expert,deberias,misspelled_missing_diacritic,A,,→ deberías
es,expert,delhi,proper_noun,B,,
es,expert,derek,proper_noun,B,,
es,expert,design,wrong_language_english,A,,
es,expert,detroit,proper_noun,B,,
es,expert,dilma,proper_noun,B,,
es,expert,diria,misspelled_missing_diacritic,A,,→ diría
es,expert,duke,wrong_language_english,A,,
es,expert,duncan,proper_noun,B,,
es,expert,dávila,proper_noun,B,,
es,expert,ebro,proper_noun,B,,
es,expert,edwards,proper_noun,B,,
es,expert,edwin,proper_noun,B,,
es,expert,elias,proper_noun,B,,
es,expert,ellen,proper_noun,B,,
es,expert,elvira,proper_noun,B,,
es,expert,elvis,proper_noun,B,,
es,expert,emilia,proper_noun,B,,
es,expert,empezo,misspelled_missing_diacritic,A,,→ empezó
es,expert,envio,misspelled_missing_diacritic,A,,→ envió
es,expert,epoca,misspelled_missing_diacritic,A,,→ época
es,expert,eslovenia,proper_noun,B,,
es,expert,espinoza,proper_noun,B,,
es,expert,estara,misspelled_missing_diacritic,A,,→ estará
es,expert,estocolmo,proper_noun,B,,
es,expert,europe,proper_noun,B,,
es,expert,eurovisión,not_in_reference_dictionary,C,,
es,expert,evans,proper_noun,B,,
es,expert,ever,wrong_language_english,A,,
es,expert,excel,wrong_language_english,A,,
es,expert,ezequiel,proper_noun,B,,
es,expert,fabio,proper_noun,B,,
es,expert,fake,wrong_language_english,A,,
es,expert,fast,wrong_language_english,A,,
es,expert,feb,proper_noun,B,,
es,expert,fernanda,proper_noun,B,,
es,expert,fiat,wrong_language_english,A,,
es,expert,fijate,misspelled_missing_diacritic,A,,→ fíjate
es,expert,fisher,wrong_language_english,A,,
es,expert,fisica,misspelled_missing_diacritic,A,,→ física
es,expert,folklore,wrong_language_english,A,,
es,expert,fonseca,proper_noun,B,,
es,expert,forbes,proper_noun,B,,
es,expert,forever,wrong_language_english,A,,
es,expert,formosa,proper_noun,B,,
es,expert,foster,wrong_language_english,A,,
es,expert,franz,proper_noun,B,,
es,expert,fria,misspelled_missing_diacritic,A,,→ fría
es,expert,friends,wrong_language_english,A,,
es,expert,front,wrong_language_english,A,,
es,expert,fujimori,proper_noun,B,,
es,expert,fun,wrong_language_english,A,,
es,expert,funes,misspelled_missing_diacritic,A,,→ fuñes
es,expert,gandhi,proper_noun,B,,
es,expert,gastón,not_in_reference_dictionary,C,,
es,expert,gates,wrong_language_english,A,,
es,expert,generalitat,not_in_reference_dictionary,C,,
es,expert,ghana,proper_noun,B,,
es,expert,gibraltar,proper_noun,B,,
es,expert,girls,wrong_language_english,A,,
es,expert,glenn,proper_noun,B,,
es,expert,god,wrong_language_english,A,,
es,expert,gore,wrong_language_english,A,,
es,expert,great,wrong_language_english,A,,
es,expert,gregory,proper_noun,B,,
es,expert,guardian,wrong_language_english,A,,
es,expert,guayana,proper_noun,B,,
es,expert,guyana,proper_noun,B,,
es,expert,hacian,misspelled_missing_diacritic,A,,→ hacían
es,expert,hacker,wrong_language_english,A,,
es,expert,hahaha,abbreviation_or_noise,A,,
es,expert,hanna,proper_noun,B,,
es,expert,hannah,proper_noun,B,,
es,expert,harvey,proper_noun,B,,
es,expert,hector,wrong_language_english,A,,
es,expert,hello,wrong_language_english,A,,
es,expert,help,wrong_language_english,A,,
es,expert,henri,proper_noun,B,,
es,expert,hermosillo,proper_noun,B,,
es,expert,heroes,wrong_language_english,A,,
es,expert,higgins,proper_noun,B,,
es,expert,holmes,proper_noun,B,,
es,expert,hu,wrong_language_other,A,,pl
es,expert,hudson,proper_noun,B,,
es,expert,hugh,proper_noun,B,,
es,expert,hulk,wrong_language_english,A,,
es,expert,ibiza,proper_noun,B,,
es,expert,ibm,abbreviation_or_noise,A,,
es,expert,ibáñez,proper_noun,B,,
es,expert,ie,wrong_language_other,A,,pl
es,expert,image,wrong_language_english,A,,
es,expert,imss,not_in_reference_dictionary,C,,
es,expert,indie,wrong_language_english,A,,
es,expert,ingrid,proper_noun,B,,
es,expert,iran,misspelled_missing_diacritic,A,,→ irán
es,expert,iraq,proper_noun,B,,
es,expert,isbn,not_in_reference_dictionary,C,,
es,expert,jacobo,wrong_language_other,A,,pt
es,expert,jajajajajaja,abbreviation_or_noise,A,,
es,expert,jake,proper_noun,B,,
es,expert,jamie,proper_noun,B,,
es,expert,jenny,wrong_language_english,A,,
es,expert,jobs,wrong_language_english,A,,
es,expert,joey,wrong_language_english,A,,
es,expert,johan,proper_noun,B,,
es,expert,jordania,proper_noun,B,,
es,expert,josep,proper_noun,B,,
es,expert,joshua,proper_noun,B,,
es,expert,judith,proper_noun,B,,
es,expert,jules,proper_noun,B,,
es,expert,june,misspelled_missing_diacritic,A,,→ juñe
es,expert,kai,proper_noun,B,,
es,expert,kansas,proper_noun,B,,
es,expert,ko,wrong_language_other,A,,fr
es,expert,lab,wrong_language_english,A,,
es,expert,laburo,not_in_reference_dictionary,C,,
es,expert,lake,wrong_language_english,A,,
es,expert,lane,wrong_language_english,A,,
es,expert,lanka,proper_noun,B,,
es,expert,laptop,wrong_language_english,A,,
es,expert,last,wrong_language_english,A,,
es,expert,laurent,proper_noun,B,,
es,expert,leonor,proper_noun,B,,
es,expert,let,wrong_language_english,A,,
es,expert,likes,wrong_language_english,A,,
es,expert,lloyd,proper_noun,B,,
es,expert,lope,proper_noun,B,,
es,expert,loreto,proper_noun,B,,
es,expert,louise,proper_noun,B,,
es,expert,luther,proper_noun,B,,
es,expert,mae,proper_noun,B,,
es,expert,mahoma,not_in_reference_dictionary,C,,
es,expert,mails,wrong_language_english,A,,
es,expert,make,wrong_language_english,A,,
es,expert,malik,proper_noun,B,,
es,expert,mall,wrong_language_english,A,,
es,expert,management,wrong_language_english,A,,
es,expert,manu,wrong_language_other,A,,fr
es,expert,marcela,proper_noun,B,,
es,expert,marilyn,proper_noun,B,,
es,expert,market,wrong_language_english,A,,
es,expert,marley,proper_noun,B,,
es,expert,mass,wrong_language_english,A,,
es,expert,maurice,proper_noun,B,,
es,expert,maximiliano,wrong_language_other,A,,pt
es,expert,melbourne,proper_noun,B,,
es,expert,melissa,proper_noun,B,,
es,expert,merkel,proper_noun,B,,
es,expert,michigan,proper_noun,B,,
es,expert,mickey,wrong_language_english,A,,
es,expert,miercoles,misspelled_missing_diacritic,A,,→ miércoles
es,expert,mill,wrong_language_english,A,,
es,expert,mind,wrong_language_english,A,,
es,expert,mit,wrong_language_other,A,,fr
es,expert,mohamed,proper_noun,B,,
es,expert,money,wrong_language_english,A,,
es,expert,mongolia,proper_noun,B,,
es,expert,monica,proper_noun,B,,
es,expert,montoya,proper_noun,B,,
es,expert,montt,not_in_reference_dictionary,C,,
es,expert,much,wrong_language_english,A,,
es,expert,muhammad,proper_noun,B,,
es,expert,multi,wrong_language_english,A,,
es,expert,munich,proper_noun,B,,
es,expert,murio,misspelled_missing_diacritic,A,,→ murió
es,expert,nadia,proper_noun,B,,
es,expert,nathan,proper_noun,B,,
es,expert,nilo,wrong_language_other,A,,pt
es,expert,nu,wrong_language_english,A,,
es,expert,obregón,not_in_reference_dictionary,C,,
es,expert,ocampo,not_in_reference_dictionary,C,,
es,expert,ocde,not_in_reference_dictionary,C,,
es,expert,oficialista,wrong_language_other,A,,pt
es,expert,ohio,proper_noun,B,,
es,expert,oil,wrong_language_english,A,,
es,expert,olimpia,proper_noun,B,,
es,expert,olvidate,misspelled_missing_diacritic,A,,→ olvídate
es,expert,only,wrong_language_english,A,,
es,expert,opcion,misspelled_missing_diacritic,A,,→ opción
es,expert,oporto,not_in_reference_dictionary,C,,
es,expert,other,wrong_language_english,A,,
es,expert,otorrinolaringólogo,wrong_language_other,A,,pt
es,expert,oz,wrong_language_english,A,,
es,expert,pac,wrong_language_other,A,,pl
es,expert,pachuca,not_in_reference_dictionary,C,,
es,expert,palmer,proper_noun,B,,
es,expert,paola,proper_noun,B,,
es,expert,paolo,proper_noun,B,,
es,expert,pará,wrong_language_other,A,,pt
es,expert,paulina,proper_noun,B,,
es,expert,pearl,wrong_language_english,A,,
es,expert,phoenix,wrong_language_english,A,,
es,expert,picasso,proper_noun,B,,
es,expert,platón,proper_noun,B,,
es,expert,playstation,not_in_reference_dictionary,C,,
es,expert,pokemon,proper_noun,B,,
es,expert,politico,wrong_language_english,A,,
es,expert,porfirio,proper_noun,B,,
es,expert,posicion,misspelled_missing_diacritic,A,,→ posición
es,expert,prince,wrong_language_english,A,,
es,expert,principe,misspelled_missing_diacritic,A,,→ príncipe
es,expert,prohibe,misspelled_missing_diacritic,A,,→ prohíbe
es,expert,puig,proper_noun,B,,
es,expert,rally,wrong_language_english,A,,
es,expert,ramon,misspelled_missing_diacritic,A,,→ ramón
es,expert,reagan,proper_noun,B,,
es,expert,regimen,wrong_language_english,A,,
es,expert,restrepo,not_in_reference_dictionary,C,,
es,expert,reunion,wrong_language_english,A,,
es,expert,revolucion,misspelled_missing_diacritic,A,,→ revolución
es,expert,ri,wrong_language_other,A,,fr
es,expert,rivero,proper_noun,B,,
es,expert,rom,proper_noun,B,,
es,expert,roosevelt,proper_noun,B,,
es,expert,run,wrong_language_english,A,,
es,expert,sali,misspelled_missing_diacritic,A,,→ salí
es,expert,salon,wrong_language_english,A,,
es,expert,saltillo,not_in_reference_dictionary,C,,
es,expert,sandwich,wrong_language_english,A,,
es,expert,sandy,wrong_language_english,A,,
es,expert,sat,wrong_language_english,A,,
es,expert,say,wrong_language_english,A,,
es,expert,schmidt,proper_noun,B,,
es,expert,senegal,proper_noun,B,,
es,expert,seran,misspelled_missing_diacritic,A,,→ serán
es,expert,server,wrong_language_english,A,,
es,expert,shaw,proper_noun,B,,
es,expert,she,wrong_language_english,A,,
es,expert,shell,wrong_language_english,A,,
es,expert,shin,wrong_language_english,A,,
es,expert,siberia,proper_noun,B,,
es,expert,silvio,proper_noun,B,,
es,expert,simone,proper_noun,B,,
es,expert,simpsons,proper_noun,B,,
es,expert,sisi,wrong_language_other,A,,sw
es,expert,site,wrong_language_english,A,,
es,expert,smartphones,wrong_language_english,A,,
es,expert,solucion,misspelled_missing_diacritic,A,,→ solución
es,expert,solís,not_in_reference_dictionary,C,,
es,expert,some,wrong_language_english,A,,
es,expert,sophie,proper_noun,B,,
es,expert,soul,wrong_language_english,A,,
es,expert,southern,wrong_language_english,A,,
es,expert,spa,wrong_language_english,A,,
es,expert,space,wrong_language_english,A,,
es,expert,spot,wrong_language_english,A,,
es,expert,starbucks,proper_noun,B,,
es,expert,stark,wrong_language_english,A,,
es,expert,stefan,proper_noun,B,,
es,expert,stewart,proper_noun,B,,
es,expert,studio,wrong_language_english,A,,
es,expert,surf,wrong_language_english,A,,
es,expert,system,wrong_language_english,A,,
es,expert,sáenz,proper_noun,B,,
es,expert,take,wrong_language_english,A,,
es,expert,talk,wrong_language_english,A,,
es,expert,tanzania,proper_noun,B,,
es,expert,tech,wrong_language_english,A,,
es,expert,technology,wrong_language_english,A,,
es,expert,temuco,not_in_reference_dictionary,C,,
es,expert,teodoro,proper_noun,B,,
es,expert,teruel,proper_noun,B,,
es,expert,theory,wrong_language_english,A,,
es,expert,think,wrong_language_english,A,,
es,expert,thor,proper_noun,B,,
es,expert,tip,wrong_language_english,A,,
es,expert,tipico,misspelled_missing_diacritic,A,,→ típico
es,expert,tor,wrong_language_english,A,,
es,expert,town,wrong_language_english,A,,
es,expert,traves,misspelled_missing_diacritic,A,,→ través
es,expert,troya,proper_noun,B,,
es,expert,táchira,not_in_reference_dictionary,C,,
es,expert,ucr,abbreviation_or_noise,A,,
es,expert,und,wrong_language_other,A,,de
es,expert,urquiza,proper_noun,B,,
es,expert,valverde,wrong_language_other,A,,pt
es,expert,vanessa,proper_noun,B,,
es,expert,varsovia,not_in_reference_dictionary,C,,
es,expert,veia,misspelled_missing_diacritic,A,,→ veía
es,expert,vicky,proper_noun,B,,
es,expert,vision,wrong_language_english,A,,
es,expert,volkswagen,proper_noun,B,,
es,expert,vox,wrong_language_other,A,,fr
es,expert,vzla,not_in_reference_dictionary,C,,
es,expert,wade,wrong_language_english,A,,
es,expert,wagner,proper_noun,B,,
es,expert,water,wrong_language_english,A,,
es,expert,website,wrong_language_english,A,,
es,expert,western,wrong_language_english,A,,
es,expert,wii,proper_noun,B,,
es,expert,win,wrong_language_english,A,,
es,expert,women,wrong_language_english,A,,
es,expert,yolanda,proper_noun,B,,
es,expert,yugoslavia,proper_noun,B,,
es,expert,zavala,not_in_reference_dictionary,C,,
es,expert,zeus,proper_noun,B,,
es,expert,zombie,wrong_language_english,A,,
es,expert,zombies,wrong_language_english,A,,
es,expert,zoom,wrong_language_english,A,,
es,expert,ángela,proper_noun,B,,
es,expert,ébola,not_in_reference_dictionary,C,,
fr,medium,alain,proper_noun,B,,
fr,medium,alexandre,proper_noun,B,,
fr,medium,andré,proper_noun,B,,
fr,medium,anne,proper_noun,B,,
fr,medium,by,wrong_language_english,A,,
fr,medium,daniel,proper_noun,B,,
fr,medium,denis,proper_noun,B,,
fr,medium,george,proper_noun,B,,
fr,medium,henri,proper_noun,B,,
fr,medium,israël,proper_noun,B,,
fr,medium,james,proper_noun,B,,
fr,medium,lille,proper_noun,B,,
fr,medium,maroc,proper_noun,B,,
fr,medium,nantes,proper_noun,B,,
fr,medium,oeuvre,wrong_language_english,A,,
fr,medium,one,wrong_language_english,A,,
fr,medium,patrick,proper_noun,B,,
fr,medium,pen,wrong_language_english,A,,
fr,medium,peter,proper_noun,B,yes,
fr,medium,sarkozy,proper_noun,B,,
fr,medium,soeur,misspelled_missing_diacritic,A,,→ sœur
fr,medium,syrie,proper_noun,B,,
fr,medium,toulouse,proper_noun,B,,
fr,medium,ue,wrong_language_other,A,,sw
fr,medium,up,wrong_language_english,A,,
fr,medium,vincent,proper_noun,B,,
fr,medium,ya,wrong_language_english,A,,
fr,medium,youtube,not_in_reference_dictionary,C,,
fr,hard,afghanistan,proper_noun,B,,
fr,hard,alexis,proper_noun,B,,
fr,hard,american,proper_noun,B,,
fr,hard,amiens,proper_noun,B,,
fr,hard,amsterdam,proper_noun,B,,
fr,hard,andrew,proper_noun,B,,
fr,hard,andy,proper_noun,B,,
fr,hard,ann,proper_noun,B,,
fr,hard,annie,proper_noun,B,,
fr,hard,antonio,proper_noun,B,,
fr,hard,ap,wrong_language_other,A,,es
fr,hard,athènes,proper_noun,B,,
fr,hard,avignon,proper_noun,B,,
fr,hard,bay,wrong_language_english,A,,
fr,hard,beach,wrong_language_english,A,,
fr,hard,bell,proper_noun,B,,
fr,hard,bi,wrong_language_english,A,,
fr,hard,bourré,,,yes,
fr,hard,brest,proper_noun,B,,
fr,hard,carl,proper_noun,B,,
fr,hard,cdi,roman_numeral,A,,
fr,hard,chaine,misspelled_missing_diacritic,A,,→ chaîne
fr,hard,chatte,,,yes,
fr,hard,chelsea,proper_noun,B,,
fr,hard,chirac,proper_noun,B,,
fr,hard,clermont,proper_noun,B,,
fr,hard,clinton,proper_noun,B,,
fr,hard,costa,proper_noun,B,,
fr,hard,céline,proper_noun,B,,
fr,hard,danemark,proper_noun,B,,
fr,hard,davis,proper_noun,B,,
fr,hard,dead,wrong_language_english,A,,
fr,hard,deja,misspelled_missing_diacritic,A,,→ déjà
fr,hard,diego,proper_noun,B,,
fr,hard,déja,misspelled_missing_diacritic,A,,→ déjà
fr,hard,education,wrong_language_english,A,,
fr,hard,edward,proper_noun,B,,
fr,hard,er,wrong_language_english,A,,
fr,hard,eva,proper_noun,B,,
fr,hard,floride,proper_noun,B,,
fr,hard,francais,misspelled_missing_diacritic,A,,→ français
fr,hard,françois,proper_noun,B,,
fr,hard,fred,proper_noun,B,,
fr,hard,general,wrong_language_english,A,,
fr,hard,gilbert,proper_noun,B,,
fr,hard,group,wrong_language_english,A,,
fr,hard,he,wrong_language_english,A,,
fr,hard,hervé,proper_noun,B,,
fr,hard,hollywood,proper_noun,B,,
fr,hard,hongrie,proper_noun,B,,
fr,hard,ia,proper_noun,B,,
fr,hard,ie,wrong_language_other,A,,pl
fr,hard,insee,proper_noun,B,,
fr,hard,instagram,proper_noun,B,,
fr,hard,island,proper_noun,B,,
fr,hard,jane,proper_noun,B,,
fr,hard,jay,proper_noun,B,,
fr,hard,jeff,proper_noun,B,,
fr,hard,jessica,proper_noun,B,,
fr,hard,jimmy,proper_noun,B,,
fr,hard,jordan,proper_noun,B,,
fr,hard,just,wrong_language_english,A,,
fr,hard,karl,proper_noun,B,,
fr,hard,ken,proper_noun,B,,
fr,hard,lambert,proper_noun,B,,
fr,hard,libye,proper_noun,B,,
fr,hard,lionel,proper_noun,B,,
fr,hard,lisa,proper_noun,B,,
fr,hard,little,wrong_language_english,A,,
fr,hard,lou,proper_noun,B,,
fr,hard,louvre,proper_noun,B,,
fr,hard,madagascar,proper_noun,B,,
fr,hard,marco,proper_noun,B,,
fr,hard,marion,proper_noun,B,,
fr,hard,men,wrong_language_english,A,,
fr,hard,miller,proper_noun,B,,
fr,hard,morgan,proper_noun,B,,
fr,hard,munich,proper_noun,B,,
fr,hard,music,wrong_language_english,A,,
fr,hard,mélenchon,proper_noun,B,,
fr,hard,nathalie,proper_noun,B,,
fr,hard,nelson,proper_noun,B,,
fr,hard,nick,proper_noun,B,,
fr,hard,nicole,proper_noun,B,,
fr,hard,nintendo,proper_noun,B,,
fr,hard,nobel,proper_noun,B,,
fr,hard,norvège,proper_noun,B,,
fr,hard,not,wrong_language_english,A,,
fr,hard,oeufs,misspelled_missing_diacritic,A,,→ œufs
fr,hard,oise,proper_noun,B,,
fr,hard,om,wrong_language_english,A,,
fr,hard,ong,abbreviation_or_noise,A,,
fr,hard,otan,proper_noun,B,,
fr,hard,ouai,not_in_reference_dictionary,C,,
fr,hard,pa,proper_noun,B,,
fr,hard,party,wrong_language_english,A,,
fr,hard,pauline,proper_noun,B,,
fr,hard,per,wrong_language_english,A,,
fr,hard,power,wrong_language_english,A,,
fr,hard,press,wrong_language_english,A,,
fr,hard,péter,,,yes,
fr,hard,rer,wrong_language_other,A,,pt
fr,hard,samsung,proper_noun,B,,
fr,hard,samuel,proper_noun,B,,
fr,hard,sex,wrong_language_english,A,,
fr,hard,socio,wrong_language_other,A,,es
fr,hard,soeurs,misspelled_missing_diacritic,A,,→ sœurs
fr,hard,sony,proper_noun,B,,
fr,hard,start,wrong_language_english,A,,
fr,hard,steven,proper_noun,B,,
fr,hard,story,wrong_language_english,A,,
fr,hard,thaïlande,proper_noun,B,,
fr,hard,united,wrong_language_english,A,,
fr,hard,urss,not_in_reference_dictionary,C,,
fr,hard,valérie,proper_noun,B,,
fr,hard,vancouver,proper_noun,B,,
fr,hard,vatican,proper_noun,B,,
fr,hard,vegas,proper_noun,B,,
fr,hard,vietnam,proper_noun,B,,
fr,hard,vii,wrong_language_english,A,,
fr,hard,vladimir,proper_noun,B,,
fr,hard,wars,wrong_language_english,A,,
fr,hard,weekend,wrong_language_english,A,,
fr,hard,what,wrong_language_english,A,,
fr,hard,wilson,proper_noun,B,,
fr,hard,xxe,roman_numeral,A,,
fr,hard,young,proper_noun,B,,
fr,hard,éric,proper_noun,B,,
fr,expert,abdel,proper_noun,B,,
fr,expert,abe,proper_noun,B,,
fr,expert,academy,wrong_language_english,A,,
fr,expert,again,wrong_language_english,A,,
fr,expert,agathe,proper_noun,B,,
fr,expert,aignan,proper_noun,B,,
fr,expert,aisne,proper_noun,B,,
fr,expert,albanie,proper_noun,B,,
fr,expert,alberto,proper_noun,B,,
fr,expert,alison,proper_noun,B,,
fr,expert,allan,proper_noun,B,,
fr,expert,alonso,proper_noun,B,,
fr,expert,alt,proper_noun,B,,
fr,expert,amber,proper_noun,B,,
fr,expert,ambroise,proper_noun,B,,
fr,expert,amir,proper_noun,B,,
fr,expert,amériques,proper_noun,B,,
fr,expert,angelo,proper_noun,B,,
fr,expert,angola,proper_noun,B,,
fr,expert,angoulême,proper_noun,B,,
fr,expert,antibes,proper_noun,B,,
fr,expert,antoinette,proper_noun,B,,
fr,expert,antonin,proper_noun,B,,
fr,expert,apollo,proper_noun,B,,
fr,expert,apparement,not_in_reference_dictionary,C,,
fr,expert,april,proper_noun,B,,
fr,expert,aragon,proper_noun,B,,
fr,expert,ardenne,proper_noun,B,,
fr,expert,ariel,proper_noun,B,,
fr,expert,armstrong,proper_noun,B,,
fr,expert,artois,proper_noun,B,,
fr,expert,ass,wrong_language_english,A,,
fr,expert,atlantic,proper_noun,B,,
fr,expert,auchan,proper_noun,B,,
fr,expert,avc,abbreviation_or_noise,A,,
fr,expert,ave,proper_noun,B,,
fr,expert,aveyron,proper_noun,B,,
fr,expert,award,wrong_language_english,A,,
fr,expert,bachar,wrong_language_other,A,,pt
fr,expert,bamako,proper_noun,B,,
fr,expert,barbie,wrong_language_english,A,,
fr,expert,bastien,proper_noun,B,,
fr,expert,baudelaire,proper_noun,B,,
fr,expert,beat,wrong_language_english,A,,
fr,expert,beatles,proper_noun,B,,
fr,expert,beautiful,wrong_language_english,A,,
fr,expert,bebe,misspelled_missing_diacritic,A,,→ bébé
fr,expert,been,wrong_language_english,A,,
fr,expert,beethoven,proper_noun,B,,
fr,expert,bennett,proper_noun,B,,
fr,expert,bernadette,proper_noun,B,,
fr,expert,bernier,not_in_reference_dictionary,C,,
fr,expert,beta,wrong_language_english,A,,
fr,expert,beyoncé,proper_noun,B,,
fr,expert,biarritz,proper_noun,B,,
fr,expert,bieber,not_in_reference_dictionary,C,,
fr,expert,bientot,misspelled_missing_diacritic,A,,→ bientôt
fr,expert,bird,wrong_language_english,A,,
fr,expert,birmanie,proper_noun,B,,
fr,expert,biélorussie,proper_noun,B,,
fr,expert,block,wrong_language_english,A,,
fr,expert,blu,proper_noun,B,,
fr,expert,bolivie,proper_noun,B,,
fr,expert,bologne,proper_noun,B,,
fr,expert,bourget,proper_noun,B,,
fr,expert,branler,,,yes,
fr,expert,broadway,proper_noun,B,,
fr,expert,brothers,wrong_language_english,A,,
fr,expert,burn,wrong_language_english,A,,
fr,expert,burton,proper_noun,B,,
fr,expert,calgary,proper_noun,B,,
fr,expert,candy,wrong_language_english,A,,
fr,expert,cardio,wrong_language_english,A,,
fr,expert,castle,wrong_language_english,A,,
fr,expert,caucase,proper_noun,B,,
fr,expert,cayenne,proper_noun,B,,
fr,expert,century,wrong_language_english,A,,
fr,expert,champlain,proper_noun,B,,
fr,expert,charentes,proper_noun,B,,
fr,expert,chase,proper_noun,B,,
fr,expert,chateau,wrong_language_english,A,,
fr,expert,cherbourg,proper_noun,B,,
fr,expert,christina,proper_noun,B,,
fr,expert,churchill,proper_noun,B,,
fr,expert,clichy,proper_noun,B,,
fr,expert,clio,proper_noun,B,,
fr,expert,cnil,not_in_reference_dictionary,C,,
fr,expert,coderre,not_in_reference_dictionary,C,,
fr,expert,color,wrong_language_english,A,,
fr,expert,columbia,proper_noun,B,,
fr,expert,coming,wrong_language_english,A,,
fr,expert,controle,misspelled_missing_diacritic,A,,→ contrôle
fr,expert,copé,wrong_language_other,A,,es
fr,expert,core,wrong_language_english,A,,
fr,expert,corinne,proper_noun,B,,
fr,expert,corn,wrong_language_english,A,,
fr,expert,corp,wrong_language_english,A,,
fr,expert,crazy,wrong_language_english,A,,
fr,expert,credit,wrong_language_english,A,,
fr,expert,cristina,proper_noun,B,,
fr,expert,cyprien,proper_noun,B,,
fr,expert,dale,proper_noun,B,,
fr,expert,dana,proper_noun,B,,
fr,expert,danube,proper_noun,B,,
fr,expert,darwin,proper_noun,B,,
fr,expert,dauphiné,proper_noun,B,,
fr,expert,dawn,proper_noun,B,,
fr,expert,debut,wrong_language_english,A,,
fr,expert,delhi,proper_noun,B,,
fr,expert,dem,proper_noun,B,,
fr,expert,denver,proper_noun,B,,
fr,expert,derriere,wrong_language_english,A,,
fr,expert,detroit,proper_noun,B,,
fr,expert,dev,abbreviation_or_noise,A,,
fr,expert,diderot,proper_noun,B,,
fr,expert,dogs,wrong_language_english,A,,
fr,expert,douai,proper_noun,B,,
fr,expert,doubs,proper_noun,B,,
fr,expert,drew,proper_noun,B,,
fr,expert,drole,misspelled_missing_diacritic,A,,→ drôle
fr,expert,duke,wrong_language_english,A,,
fr,expert,dun,wrong_language_english,A,,
fr,expert,dupuis,not_in_reference_dictionary,C,,
fr,expert,duval,proper_noun,B,,
fr,expert,ebola,proper_noun,B,,
fr,expert,ect,abbreviation_or_noise,A,,
fr,expert,edge,wrong_language_english,A,,
fr,expert,ein,wrong_language_other,A,,de
fr,expert,elie,proper_noun,B,,
fr,expert,ellis,proper_noun,B,,
fr,expert,emilie,proper_noun,B,,
fr,expert,emmerder,,,yes,
fr,expert,ens,wrong_language_english,A,,
fr,expert,entraine,misspelled_missing_diacritic,A,,→ entraîne
fr,expert,entraineur,misspelled_missing_diacritic,A,,→ entraîneur
fr,expert,enzo,proper_noun,B,,
fr,expert,estelle,proper_noun,B,,
fr,expert,etaient,misspelled_missing_diacritic,A,,→ étaient
fr,expert,ethan,proper_noun,B,,
fr,expert,european,proper_noun,B,,
fr,expert,evan,proper_noun,B,,
fr,expert,ever,wrong_language_english,A,,
fr,expert,evil,wrong_language_english,A,,
fr,expert,excel,wrong_language_english,A,,
fr,expert,eye,wrong_language_english,A,,
fr,expert,fabius,not_in_reference_dictionary,C,,
fr,expert,fatima,proper_noun,B,,
fr,expert,faure,proper_noun,B,,
fr,expert,fed,proper_noun,B,,
fr,expert,felix,proper_noun,B,,
fr,expert,field,wrong_language_english,A,,
fr,expert,fight,wrong_language_english,A,,
fr,expert,firefox,proper_noun,B,,
fr,expert,fisher,wrong_language_english,A,,
fr,expert,five,wrong_language_english,A,,
fr,expert,flandres,proper_noun,B,,
fr,expert,flow,wrong_language_english,A,,
fr,expert,floyd,proper_noun,B,,
fr,expert,forever,wrong_language_english,A,,
fr,expert,foster,wrong_language_english,A,,
fr,expert,foucault,proper_noun,B,,
fr,expert,fran,proper_noun,B,,
fr,expert,francaise,misspelled_missing_diacritic,A,,→ française
fr,expert,francesco,proper_noun,B,,
fr,expert,francine,proper_noun,B,,
fr,expert,frere,misspelled_missing_diacritic,A,,→ frère
fr,expert,fribourg,proper_noun,B,,
fr,expert,fréjus,proper_noun,B,,
fr,expert,fukushima,proper_noun,B,,
fr,expert,galilée,proper_noun,B,,
fr,expert,gaming,wrong_language_english,A,,
fr,expert,garros,proper_noun,B,,
fr,expert,gen,wrong_language_english,A,,
fr,expert,geoffroy,proper_noun,B,,
fr,expert,gervais,proper_noun,B,,
fr,expert,ges,wrong_language_other,A,,es
fr,expert,ghost,wrong_language_english,A,,
fr,expert,gil,proper_noun,B,,
fr,expert,giovanni,proper_noun,B,,
fr,expert,graal,proper_noun,B,,
fr,expert,gregory,proper_noun,B,,
fr,expert,guardian,wrong_language_english,A,,
fr,expert,guingamp,not_in_reference_dictionary,C,,
fr,expert,gun,wrong_language_english,A,,
fr,expert,gérald,proper_noun,B,,
fr,expert,hainaut,proper_noun,B,,
fr,expert,hallyday,not_in_reference_dictionary,C,,
fr,expert,ham,proper_noun,B,,
fr,expert,hand,wrong_language_english,A,,
fr,expert,hardy,proper_noun,B,,
fr,expert,harlem,proper_noun,B,,
fr,expert,harley,proper_noun,B,,
fr,expert,hate,wrong_language_english,A,,
fr,expert,hawaï,proper_noun,B,,
fr,expert,hazard,wrong_language_english,A,,
fr,expert,health,wrong_language_english,A,,
fr,expert,heart,wrong_language_english,A,,
fr,expert,hec,wrong_language_other,A,,pl
fr,expert,help,wrong_language_english,A,,
fr,expert,herman,proper_noun,B,,
fr,expert,hills,wrong_language_english,A,,
fr,expert,hold,wrong_language_english,A,,
fr,expert,honduras,proper_noun,B,,
fr,expert,hopital,misspelled_missing_diacritic,A,,→ hôpital
fr,expert,hugh,proper_noun,B,,
fr,expert,hunt,wrong_language_english,A,,
fr,expert,hussein,proper_noun,B,,
fr,expert,ibrahimovic,not_in_reference_dictionary,C,,
fr,expert,ill,wrong_language_english,A,,
fr,expert,ille,not_in_reference_dictionary,C,,
fr,expert,imp,wrong_language_english,A,,
fr,expert,indiana,proper_noun,B,,
fr,expert,indo,proper_noun,B,,
fr,expert,inside,wrong_language_english,A,,
fr,expert,int,wrong_language_english,A,,
fr,expert,intel,proper_noun,B,,
fr,expert,into,wrong_language_english,A,,
fr,expert,ipod,not_in_reference_dictionary,C,,
fr,expert,isis,proper_noun,B,,
fr,expert,its,wrong_language_english,A,,
fr,expert,jaime,proper_noun,B,,
fr,expert,jamaïque,proper_noun,B,,
fr,expert,janeiro,proper_noun,B,,
fr,expert,japan,wrong_language_english,A,,
fr,expert,jedi,proper_noun,B,,
fr,expert,jen,wrong_language_other,A,,pl
fr,expert,joachim,proper_noun,B,,
fr,expert,johan,proper_noun,B,,
fr,expert,joséphine,proper_noun,B,,
fr,expert,joy,proper_noun,B,,
fr,expert,joyce,proper_noun,B,,
fr,expert,ju,wrong_language_other,A,,es
fr,expert,june,proper_noun,B,,
fr,expert,jung,proper_noun,B,,
fr,expert,jérémie,proper_noun,B,,
fr,expert,kadhafi,not_in_reference_dictionary,C,,
fr,expert,karine,proper_noun,B,,
fr,expert,keller,proper_noun,B,,
fr,expert,kill,wrong_language_english,A,,
fr,expert,kosovo,proper_noun,B,,
fr,expert,lab,wrong_language_english,A,,
fr,expert,laden,wrong_language_english,A,,
fr,expert,lafayette,proper_noun,B,,
fr,expert,lan,abbreviation_or_noise,A,,
fr,expert,lana,proper_noun,B,,
fr,expert,language,wrong_language_english,A,,
fr,expert,lara,proper_noun,B,,
fr,expert,leblanc,proper_noun,B,,
fr,expert,legrand,proper_noun,B,,
fr,expert,leipzig,proper_noun,B,,
fr,expert,leon,proper_noun,B,,
fr,expert,leone,proper_noun,B,,
fr,expert,lepage,not_in_reference_dictionary,C,,
fr,expert,lepen,not_in_reference_dictionary,C,,
fr,expert,levallois,proper_noun,B,,
fr,expert,linkedin,not_in_reference_dictionary,C,,
fr,expert,lisée,not_in_reference_dictionary,C,,
fr,expert,lituanie,proper_noun,B,,
fr,expert,lorenzo,proper_noun,B,,
fr,expert,lost,wrong_language_english,A,,
fr,expert,loïc,proper_noun,B,,
fr,expert,luca,proper_noun,B,,
fr,expert,lydia,proper_noun,B,,
fr,expert,lénine,proper_noun,B,,
fr,expert,maggie,proper_noun,B,,
fr,expert,maitrise,misspelled_missing_diacritic,A,,→ maîtrise
fr,expert,malik,proper_noun,B,,
fr,expert,mandela,proper_noun,B,,
fr,expert,maniere,misspelled_missing_diacritic,A,,→ manière
fr,expert,manoeuvre,misspelled_missing_diacritic,A,,→ manœuvre
fr,expert,maps,wrong_language_english,A,,
fr,expert,margot,proper_noun,B,,
fr,expert,marilyn,proper_noun,B,,
fr,expert,marius,proper_noun,B,,
fr,expert,market,wrong_language_english,A,,
fr,expert,martha,proper_noun,B,,
fr,expert,marthe,proper_noun,B,,
fr,expert,marty,proper_noun,B,,
fr,expert,mass,wrong_language_english,A,,
fr,expert,masson,not_in_reference_dictionary,C,,
fr,expert,mayenne,proper_noun,B,,
fr,expert,mayer,proper_noun,B,,
fr,expert,mayotte,proper_noun,B,,
fr,expert,mecque,proper_noun,B,,
fr,expert,medias,wrong_language_english,A,,
fr,expert,melbourne,proper_noun,B,,
fr,expert,melissa,proper_noun,B,,
fr,expert,memphis,proper_noun,B,,
fr,expert,michigan,proper_noun,B,,
fr,expert,mick,wrong_language_english,A,,
fr,expert,minnesota,proper_noun,B,,
fr,expert,miranda,proper_noun,B,,
fr,expert,mireille,proper_noun,B,,
fr,expert,mister,wrong_language_english,A,,
fr,expert,moeurs,misspelled_missing_diacritic,A,,→ mœurs
fr,expert,mona,proper_noun,B,,
fr,expert,montana,proper_noun,B,,
fr,expert,montauban,proper_noun,B,,
fr,expert,montebourg,not_in_reference_dictionary,C,,
fr,expert,montmartre,proper_noun,B,,
fr,expert,mountain,wrong_language_english,A,,
fr,expert,muller,proper_noun,B,,
fr,expert,myriam,proper_noun,B,,
fr,expert,médicis,proper_noun,B,,
fr,expert,nadal,wrong_language_other,A,,pt
fr,expert,natalie,proper_noun,B,,
fr,expert,navy,wrong_language_english,A,,
fr,expert,nazaire,proper_noun,B,,
fr,expert,need,wrong_language_english,A,,
fr,expert,neo,proper_noun,B,,
fr,expert,nicholas,proper_noun,B,,
fr,expert,nietzsche,proper_noun,B,,
fr,expert,niort,proper_noun,B,,
fr,expert,nora,proper_noun,B,,
fr,expert,noé,proper_noun,B,,
fr,expert,népal,proper_noun,B,,
fr,expert,ocean,wrong_language_english,A,,
fr,expert,oil,wrong_language_english,A,,
fr,expert,oo,wrong_language_other,A,,pl
fr,expert,ooo,wrong_language_other,A,,pl
fr,expert,orlando,proper_noun,B,,
fr,expert,ouganda,proper_noun,B,,
fr,expert,pac,wrong_language_other,A,,pl
fr,expert,paolo,proper_noun,B,,
fr,expert,paradise,wrong_language_english,A,,
fr,expert,paula,proper_noun,B,,
fr,expert,pearl,proper_noun,B,,
fr,expert,perez,proper_noun,B,,
fr,expert,perfect,wrong_language_english,A,,
fr,expert,photoshop,proper_noun,B,,
fr,expert,please,wrong_language_english,A,,
fr,expert,politico,wrong_language_english,A,,
fr,expert,polynésie,proper_noun,B,,
fr,expert,por,wrong_language_other,A,,es
fr,expert,porn,wrong_language_english,A,,
fr,expert,pre,proper_noun,B,,
fr,expert,present,wrong_language_english,A,,
fr,expert,pret,misspelled_missing_diacritic,A,,→ prêt
fr,expert,psa,wrong_language_other,A,,pl
fr,expert,ptit,not_in_reference_dictionary,C,,
fr,expert,pétain,proper_noun,B,,
fr,expert,quil,wrong_language_other,A,,pt
fr,expert,rachid,proper_noun,B,,
fr,expert,randy,proper_noun,B,,
fr,expert,rca,abbreviation_or_noise,A,,
fr,expert,reagan,proper_noun,B,,
fr,expert,reuters,proper_noun,B,,
fr,expert,ribéry,not_in_reference_dictionary,C,,
fr,expert,ricard,proper_noun,B,,
fr,expert,ricardo,proper_noun,B,,
fr,expert,rights,wrong_language_english,A,,
fr,expert,roll,wrong_language_english,A,,
fr,expert,rolland,proper_noun,B,,
fr,expert,roméo,proper_noun,B,,
fr,expert,ronald,proper_noun,B,,
fr,expert,rossi,proper_noun,B,,
fr,expert,rothschild,proper_noun,B,,
fr,expert,rudy,proper_noun,B,,
fr,expert,sabrina,proper_noun,B,,
fr,expert,sal,proper_noun,B,,
fr,expert,salaud,,,yes,
fr,expert,sally,proper_noun,B,,
fr,expert,samson,proper_noun,B,,
fr,expert,sanders,wrong_language_english,A,,
fr,expert,sandy,proper_noun,B,,
fr,expert,sao,proper_noun,B,,
fr,expert,sarthe,proper_noun,B,,
fr,expert,sartre,proper_noun,B,,
fr,expert,saïd,proper_noun,B,,
fr,expert,scene,wrong_language_english,A,,
fr,expert,sci,wrong_language_english,A,,
fr,expert,screen,wrong_language_english,A,,
fr,expert,ser,wrong_language_other,A,,es
fr,expert,sergueï,proper_noun,B,,
fr,expert,she,wrong_language_english,A,,
fr,expert,sidi,proper_noun,B,,
fr,expert,sidney,proper_noun,B,,
fr,expert,sion,proper_noun,B,,
fr,expert,slovaquie,proper_noun,B,,
fr,expert,slovénie,proper_noun,B,,
fr,expert,snow,wrong_language_english,A,,
fr,expert,sri,proper_noun,B,,
fr,expert,stadium,wrong_language_english,A,,
fr,expert,stanislas,proper_noun,B,,
fr,expert,stevens,proper_noun,B,,
fr,expert,suv,abbreviation_or_noise,A,,
fr,expert,sy,proper_noun,B,,
fr,expert,sylvia,proper_noun,B,,
fr,expert,tahiti,proper_noun,B,,
fr,expert,tea,wrong_language_english,A,,
fr,expert,teen,wrong_language_english,A,,
fr,expert,telecom,not_in_reference_dictionary,C,,
fr,expert,teresa,proper_noun,B,,
fr,expert,their,wrong_language_english,A,,
fr,expert,thibaut,proper_noun,B,,
fr,expert,théodore,proper_noun,B,,
fr,expert,tiger,wrong_language_english,A,,
fr,expert,tina,proper_noun,B,,
fr,expert,titanic,proper_noun,B,,
fr,expert,tite,proper_noun,B,,
fr,expert,today,wrong_language_english,A,,
fr,expert,tot,wrong_language_english,A,,
fr,expert,tottenham,proper_noun,B,,
fr,expert,town,wrong_language_english,A,,
fr,expert,tracy,proper_noun,B,,
fr,expert,traine,misspelled_missing_diacritic,A,,→ traîne
fr,expert,trainer,wrong_language_english,A,,
fr,expert,travis,proper_noun,B,,
fr,expert,troie,proper_noun,B,,
fr,expert,télécom,not_in_reference_dictionary,C,,
fr,expert,ui,wrong_language_other,A,,pt
fr,expert,ulysse,proper_noun,B,,
fr,expert,um,wrong_language_english,A,,
fr,expert,una,wrong_language_other,A,,es
fr,expert,ups,wrong_language_english,A,,
fr,expert,uqam,not_in_reference_dictionary,C,,
fr,expert,ur,proper_noun,B,,
fr,expert,valois,proper_noun,B,,
fr,expert,valéry,proper_noun,B,,
fr,expert,very,wrong_language_english,A,,
fr,expert,vidal,proper_noun,B,,
fr,expert,view,wrong_language_english,A,,
fr,expert,virgin,wrong_language_english,A,,
fr,expert,wa,wrong_language_other,A,,pl
fr,expert,wallace,proper_noun,B,,
fr,expert,water,wrong_language_english,A,,
fr,expert,well,wrong_language_english,A,,
fr,expert,whatsapp,not_in_reference_dictionary,C,,
fr,expert,where,wrong_language_english,A,,
fr,expert,win,wrong_language_english,A,,
fr,expert,winston,proper_noun,B,,
fr,expert,woman,wrong_language_english,A,,
fr,expert,wood,wrong_language_english,A,,
fr,expert,woods,wrong_language_english,A,,
fr,expert,woody,proper_noun,B,,
fr,expert,xiie,roman_numeral,A,,
fr,expert,xiiie,roman_numeral,A,,
fr,expert,xive,roman_numeral,A,,
fr,expert,xviii,wrong_language_english,A,,
fr,expert,yahoo,wrong_language_english,A,,
fr,expert,years,wrong_language_english,A,,
fr,expert,yonne,proper_noun,B,,
fr,expert,yougoslavie,proper_noun,B,,
fr,expert,yu,wrong_language_other,A,,sw
fr,expert,zelda,proper_noun,B,,
fr,expert,zeus,proper_noun,B,,
fr,expert,zidane,proper_noun,B,,
fr,expert,zola,proper_noun,B,,
fr,expert,ève,proper_noun,B,,
fr,expert,élisabeth,proper_noun,B,,
fr,expert,émilie,proper_noun,B,,
de,easy,arbeit,noun_shown_lowercase,C,,
de,easy,baby,noun_shown_lowercase,C,,
de,easy,bein,noun_shown_lowercase,C,,
de,easy,bett,noun_shown_lowercase,C,,
de,easy,bild,noun_shown_lowercase,C,,
de,easy,blut,noun_shown_lowercase,C,,
de,easy,boden,noun_shown_lowercase,C,,
de,easy,brief,noun_shown_lowercase,C,,
de,easy,brücke,noun_shown_lowercase,C,,
de,easy,bus,noun_shown_lowercase,C,,
de,easy,dach,noun_shown_lowercase,C,,
de,easy,eis,noun_shown_lowercase,C,,
de,easy,eisen,noun_shown_lowercase,C,,
de,easy,farbe,noun_shown_lowercase,C,,
de,easy,feld,noun_shown_lowercase,C,,
de,easy,felsen,noun_shown_lowercase,C,,
de,easy,film,noun_shown_lowercase,C,,
de,easy,fleisch,noun_shown_lowercase,C,,
de,easy,form,noun_shown_lowercase,C,,
de,easy,frieden,noun_shown_lowercase,C,,
de,easy,fuchs,noun_shown_lowercase,C,,
de,easy,gedicht,noun_shown_lowercase,C,,
de,easy,geist,noun_shown_lowercase,C,,
de,easy,geld,noun_shown_lowercase,C,,
de,easy,gesetz,noun_shown_lowercase,C,,
de,easy,glas,noun_shown_lowercase,C,,
de,easy,gold,noun_shown_lowercase,C,,
de,easy,gott,noun_shown_lowercase,C,,
de,easy,größe,noun_shown_lowercase,C,,
de,easy,haar,noun_shown_lowercase,C,,
de,easy,hügel,noun_shown_lowercase,C,,
de,easy,insel,noun_shown_lowercase,C,,
de,easy,jahr,noun_shown_lowercase,C,,
de,easy,kamera,noun_shown_lowercase,C,,
de,easy,kirche,noun_shown_lowercase,C,,
de,easy,kiste,noun_shown_lowercase,C,,
de,easy,knochen,noun_shown_lowercase,C,,
de,easy,kopf,noun_shown_lowercase,C,,
de,easy,kreis,noun_shown_lowercase,C,,
de,easy,kunst,noun_shown_lowercase,C,,
de,easy,königin,noun_shown_lowercase,C,,
de,easy,körper,noun_shown_lowercase,C,,
de,easy,lampe,noun_shown_lowercase,C,,
de,easy,land,noun_shown_lowercase,C,,
de,easy,lehrer,noun_shown_lowercase,C,,
de,easy,leute,noun_shown_lowercase,C,,
de,easy,lied,noun_shown_lowercase,C,,
de,easy,linie,noun_shown_lowercase,C,,
de,easy,lärm,noun_shown_lowercase,C,,
de,easy,mann,noun_shown_lowercase,C,,
de,easy,mantel,noun_shown_lowercase,C,,
de,easy,medizin,noun_shown_lowercase,C,,
de,easy,metall,noun_shown_lowercase,C,,
de,easy,mitte,noun_shown_lowercase,C,,
de,easy,monat,noun_shown_lowercase,C,,
de,easy,mutter,noun_shown_lowercase,C,,
de,easy,nahrung,noun_shown_lowercase,C,,
de,easy,name,noun_shown_lowercase,C,,
de,easy,nation,noun_shown_lowercase,C,,
de,easy,natur,noun_shown_lowercase,C,,
de,easy,ort,noun_shown_lowercase,C,,
de,easy,osten,noun_shown_lowercase,C,,
de,easy,papier,noun_shown_lowercase,C,,
de,easy,plastik,noun_shown_lowercase,C,,
de,easy,punkt,noun_shown_lowercase,C,,
de,easy,quadrat,noun_shown_lowercase,C,,
de,easy,reis,noun_shown_lowercase,C,,
de,easy,ring,noun_shown_lowercase,C,,
de,easy,salz,noun_shown_lowercase,C,,
de,easy,samen,noun_shown_lowercase,C,,
de,easy,sand,noun_shown_lowercase,C,,
de,easy,schiff,noun_shown_lowercase,C,,
de,easy,schmerz,noun_shown_lowercase,C,,
de,easy,schwein,noun_shown_lowercase,C,,
de,easy,see,noun_shown_lowercase,C,,
de,easy,seele,noun_shown_lowercase,C,,
de,easy,seite,noun_shown_lowercase,C,,
de,easy,silber,noun_shown_lowercase,C,,
de,easy,socke,noun_shown_lowercase,C,,
de,easy,sohn,noun_shown_lowercase,C,,
de,easy,sommer,noun_shown_lowercase,C,,
de,easy,stadt,noun_shown_lowercase,C,,
de,easy,stein,noun_shown_lowercase,C,,
de,easy,student,noun_shown_lowercase,C,,
de,easy,süden,noun_shown_lowercase,C,,
de,easy,tasse,noun_shown_lowercase,C,,
de,easy,tee,noun_shown_lowercase,C,,
de,easy,teller,noun_shown_lowercase,C,,
de,easy,tier,noun_shown_lowercase,C,,
de,easy,tod,noun_shown_lowercase,C,,
de,easy,vater,noun_shown_lowercase,C,,
de,easy,welt,noun_shown_lowercase,C,,
de,easy,westen,noun_shown_lowercase,C,,
de,easy,winter,noun_shown_lowercase,C,,
de,easy,woche,noun_shown_lowercase,C,,
de,easy,wort,noun_shown_lowercase,C,,
de,easy,wurzel,noun_shown_lowercase,C,,
de,easy,zucker,noun_shown_lowercase,C,,
de,easy,zug,noun_shown_lowercase,C,,
de,medium,abstand,noun_shown_lowercase,C,,
de,medium,abteilung,noun_shown_lowercase,C,,
de,medium,adresse,noun_shown_lowercase,C,,
de,medium,afrika,noun_shown_lowercase,C,,
de,medium,amerika,noun_shown_lowercase,C,,
de,medium,amerikaner,noun_shown_lowercase,C,,
de,medium,analyse,noun_shown_lowercase,C,,
de,medium,angebote,noun_shown_lowercase,C,,
de,medium,anhänger,noun_shown_lowercase,C,,
de,medium,anlass,noun_shown_lowercase,C,,
de,medium,ansicht,noun_shown_lowercase,C,,
de,medium,antrag,noun_shown_lowercase,C,,
de,medium,anwendung,noun_shown_lowercase,C,,
de,medium,aufbau,noun_shown_lowercase,C,,
de,medium,aufnahme,noun_shown_lowercase,C,,
de,medium,ausnahme,noun_shown_lowercase,C,,
de,medium,autoren,noun_shown_lowercase,C,,
de,medium,bauernhof,noun_shown_lowercase,C,,
de,medium,behörden,noun_shown_lowercase,C,,
de,medium,beine,noun_shown_lowercase,C,,
de,medium,beispiele,noun_shown_lowercase,C,,
de,medium,beschreibung,noun_shown_lowercase,C,,
de,medium,beweis,noun_shown_lowercase,C,,
de,medium,beziehungen,noun_shown_lowercase,C,,
de,medium,big,wrong_language_english,A,,
de,medium,black,wrong_language_english,A,,
de,medium,bonn,noun_shown_lowercase,C,,
de,medium,brandenburg,noun_shown_lowercase,C,,
de,medium,bühne,noun_shown_lowercase,C,,
de,medium,chancen,noun_shown_lowercase,C,,
de,medium,charakter,noun_shown_lowercase,C,,
de,medium,dame,noun_shown_lowercase,C,,
de,medium,dauer,noun_shown_lowercase,C,,
de,medium,della,proper_noun,B,,
de,medium,design,noun_shown_lowercase,C,,
de,medium,drogen,noun_shown_lowercase,C,,
de,medium,einheit,noun_shown_lowercase,C,,
de,medium,einrichtung,noun_shown_lowercase,C,,
de,medium,entscheidungen,noun_shown_lowercase,C,,
de,medium,experten,noun_shown_lowercase,C,,
de,medium,fan,noun_shown_lowercase,C,,
de,medium,farben,noun_shown_lowercase,C,,
de,medium,fischer,noun_shown_lowercase,C,,
de,medium,fläche,noun_shown_lowercase,C,,
de,medium,freiburg,noun_shown_lowercase,C,,
de,medium,frühling,noun_shown_lowercase,C,,
de,medium,förderung,noun_shown_lowercase,C,,
de,medium,gast,noun_shown_lowercase,C,,
de,medium,gefühle,noun_shown_lowercase,C,,
de,medium,gegenteil,noun_shown_lowercase,C,,
de,medium,geniessen,misspelled_missing_diacritic,A,,→ genießen
de,medium,george,noun_shown_lowercase,C,,
de,medium,geschenk,noun_shown_lowercase,C,,
de,medium,geschichte,noun_shown_lowercase,C,,
de,medium,geschäft,noun_shown_lowercase,C,,
de,medium,gesetze,noun_shown_lowercase,C,,
de,medium,gesundheit,noun_shown_lowercase,C,,
de,medium,gewicht,noun_shown_lowercase,C,,
de,medium,grossartig,misspelled_missing_diacritic,A,,→ großartig
de,medium,hamburger,noun_shown_lowercase,C,,
de,medium,hauptstadt,noun_shown_lowercase,C,,
de,medium,heisse,misspelled_missing_diacritic,A,,→ heiße
de,medium,hersteller,noun_shown_lowercase,C,,
de,medium,hessen,noun_shown_lowercase,C,,
de,medium,hi,noun_shown_lowercase,C,,
de,medium,hoffnung,noun_shown_lowercase,C,,
de,medium,homepage,noun_shown_lowercase,C,,
de,medium,hunde,noun_shown_lowercase,C,,
de,medium,händen,noun_shown_lowercase,C,,
de,medium,häuser,noun_shown_lowercase,C,,
de,medium,infos,noun_shown_lowercase,C,,
de,medium,islam,noun_shown_lowercase,C,,
de,medium,japan,noun_shown_lowercase,C,,
de,medium,jesus,noun_shown_lowercase,C,,
de,medium,johann,noun_shown_lowercase,C,,
de,medium,josef,noun_shown_lowercase,C,,
de,medium,jürgen,noun_shown_lowercase,C,,
de,medium,kategorie,noun_shown_lowercase,C,,
de,medium,keller,noun_shown_lowercase,C,,
de,medium,kommunikation,noun_shown_lowercase,C,,
de,medium,konzert,noun_shown_lowercase,C,,
de,medium,krankheit,noun_shown_lowercase,C,,
de,medium,leser,noun_shown_lowercase,C,,
de,medium,ludwig,noun_shown_lowercase,C,,
de,medium,mainz,noun_shown_lowercase,C,,
de,medium,manager,noun_shown_lowercase,C,,
de,medium,maschine,noun_shown_lowercase,C,,
de,medium,media,noun_shown_lowercase,C,,
de,medium,minister,noun_shown_lowercase,C,,
de,medium,mission,noun_shown_lowercase,C,,
de,medium,münster,noun_shown_lowercase,C,,
de,medium,nachbarn,noun_shown_lowercase,C,,
de,medium,nachmittag,noun_shown_lowercase,C,,
de,medium,nazis,noun_shown_lowercase,C,,
de,medium,nem,wrong_language_other,A,,fr
de,medium,news,noun_shown_lowercase,C,,
de,medium,niveau,noun_shown_lowercase,C,,
de,medium,nutzer,noun_shown_lowercase,C,,
de,medium,nutzung,noun_shown_lowercase,C,,
de,medium,otto,noun_shown_lowercase,C,,
de,medium,parlament,noun_shown_lowercase,C,,
de,medium,pflicht,noun_shown_lowercase,C,,
de,medium,philosophie,noun_shown_lowercase,C,,
de,medium,posten,noun_shown_lowercase,C,,
de,medium,prinzip,noun_shown_lowercase,C,,
de,medium,projekte,noun_shown_lowercase,C,,
de,medium,präsidenten,noun_shown_lowercase,C,,
de,medium,prüfung,noun_shown_lowercase,C,,
de,medium,publikum,noun_shown_lowercase,C,,
de,medium,realität,noun_shown_lowercase,C,,
de,medium,rechnung,noun_shown_lowercase,C,,
de,medium,republik,noun_shown_lowercase,C,,
de,medium,respekt,noun_shown_lowercase,C,,
de,medium,rhein,noun_shown_lowercase,C,,
de,medium,richard,noun_shown_lowercase,C,,
de,medium,rock,noun_shown_lowercase,C,,
de,medium,sammlung,noun_shown_lowercase,C,,
de,medium,schmidt,noun_shown_lowercase,C,,
de,medium,schüssel,noun_shown_lowercase,C,,
de,medium,service,noun_shown_lowercase,C,,
de,medium,simon,noun_shown_lowercase,C,,
de,medium,single,noun_shown_lowercase,C,,
de,medium,sitz,noun_shown_lowercase,C,,
de,medium,software,noun_shown_lowercase,C,,
de,medium,staffel,noun_shown_lowercase,C,,
de,medium,standard,noun_shown_lowercase,C,,
de,medium,stefan,noun_shown_lowercase,C,,
de,medium,städten,noun_shown_lowercase,C,,
de,medium,syrien,noun_shown_lowercase,C,,
de,medium,teams,noun_shown_lowercase,C,,
de,medium,termin,noun_shown_lowercase,C,,
de,medium,theorie,noun_shown_lowercase,C,,
de,medium,tipps,noun_shown_lowercase,C,,
de,medium,ton,noun_shown_lowercase,C,,
de,medium,tradition,noun_shown_lowercase,C,,
de,medium,training,noun_shown_lowercase,C,,
de,medium,typen,noun_shown_lowercase,C,,
de,medium,umgang,noun_shown_lowercase,C,,
de,medium,umwelt,noun_shown_lowercase,C,,
de,medium,unterricht,noun_shown_lowercase,C,,
de,medium,unterseite,noun_shown_lowercase,C,,
de,medium,untersuchung,noun_shown_lowercase,C,,
de,medium,vorschlag,noun_shown_lowercase,C,,
de,medium,vorstellung,noun_shown_lowercase,C,,
de,medium,vorteil,noun_shown_lowercase,C,,
de,medium,west,noun_shown_lowercase,C,,
de,medium,wilhelm,noun_shown_lowercase,C,,
de,medium,witz,noun_shown_lowercase,C,,
de,medium,worten,noun_shown_lowercase,C,,
de,medium,württemberg,noun_shown_lowercase,C,,
de,medium,zugang,noun_shown_lowercase,C,,
de,medium,ärzte,noun_shown_lowercase,C,,
de,hard,abbau,noun_shown_lowercase,C,,
de,hard,abgabe,noun_shown_lowercase,C,,
de,hard,abhängigkeit,noun_shown_lowercase,C,,
de,hard,about,wrong_language_english,A,,
de,hard,abschaffung,noun_shown_lowercase,C,,
de,hard,abt,noun_shown_lowercase,C,,
de,hard,abwechslung,noun_shown_lowercase,C,,
de,hard,abwehr,noun_shown_lowercase,C,,
de,hard,abzug,noun_shown_lowercase,C,,
de,hard,affen,noun_shown_lowercase,C,,
de,hard,ak,abbreviation_or_noise,A,,
de,hard,akteure,noun_shown_lowercase,C,,
de,hard,aktie,noun_shown_lowercase,C,,
de,hard,aktivität,noun_shown_lowercase,C,,
de,hard,aldi,noun_shown_lowercase,C,,
de,hard,amateur,noun_shown_lowercase,C,,
de,hard,amtsgericht,noun_shown_lowercase,C,,
de,hard,amtszeit,noun_shown_lowercase,C,,
de,hard,analysen,noun_shown_lowercase,C,,
de,hard,anbau,noun_shown_lowercase,C,,
de,hard,andy,noun_shown_lowercase,C,,
de,hard,anfänger,noun_shown_lowercase,C,,
de,hard,anime,wrong_language_english,A,,
de,hard,ankündigung,noun_shown_lowercase,C,,
de,hard,anleger,noun_shown_lowercase,C,,
de,hard,ann,proper_noun,B,,
de,hard,anordnung,noun_shown_lowercase,C,,
de,hard,anpassung,noun_shown_lowercase,C,,
de,hard,anschliessen,misspelled_missing_diacritic,A,,→ anschließen
de,hard,ansätze,noun_shown_lowercase,C,,
de,hard,antifa,noun_shown_lowercase,C,,
de,hard,antisemitismus,noun_shown_lowercase,C,,
de,hard,antonio,noun_shown_lowercase,C,,
de,hard,anträge,noun_shown_lowercase,C,,
de,hard,anwendungen,noun_shown_lowercase,C,,
de,hard,anwesenheit,noun_shown_lowercase,C,,
de,hard,anwälte,noun_shown_lowercase,C,,
de,hard,anzeichen,noun_shown_lowercase,C,,
de,hard,anzug,noun_shown_lowercase,C,,
de,hard,apfel,noun_shown_lowercase,C,,
de,hard,applaus,noun_shown_lowercase,C,,
de,hard,arabien,noun_shown_lowercase,C,,
de,hard,arbeitslosigkeit,noun_shown_lowercase,C,,
de,hard,architekt,noun_shown_lowercase,C,,
de,hard,asche,noun_shown_lowercase,C,,
de,hard,atem,noun_shown_lowercase,C,,
de,hard,aufführung,noun_shown_lowercase,C,,
de,hard,aufhebung,noun_shown_lowercase,C,,
de,hard,aufl,not_in_reference_dictionary,C,,
de,hard,auftakt,noun_shown_lowercase,C,,
de,hard,auftritte,noun_shown_lowercase,C,,
de,hard,aufträge,noun_shown_lowercase,C,,
de,hard,aufzeichnungen,noun_shown_lowercase,C,,
de,hard,ausblick,noun_shown_lowercase,C,,
de,hard,ausbruch,noun_shown_lowercase,C,,
de,hard,ausflug,noun_shown_lowercase,C,,
de,hard,ausführungen,noun_shown_lowercase,C,,
de,hard,ausgangspunkt,noun_shown_lowercase,C,,
de,hard,ausstellungen,noun_shown_lowercase,C,,
de,hard,auswertung,noun_shown_lowercase,C,,
de,hard,auszug,noun_shown_lowercase,C,,
de,hard,award,wrong_language_english,A,,
de,hard,babys,noun_shown_lowercase,C,,
de,hard,bakterien,noun_shown_lowercase,C,,
de,hard,bamberg,noun_shown_lowercase,C,,
de,hard,baron,noun_shown_lowercase,C,,
de,hard,baustelle,noun_shown_lowercase,C,,
de,hard,bayreuth,noun_shown_lowercase,C,,
de,hard,beach,wrong_language_english,A,,
de,hard,becken,noun_shown_lowercase,C,,
de,hard,bedingung,noun_shown_lowercase,C,,
de,hard,bedürfnis,noun_shown_lowercase,C,,
de,hard,befreiung,noun_shown_lowercase,C,,
de,hard,bekämpfung,noun_shown_lowercase,C,,
de,hard,beleuchtung,noun_shown_lowercase,C,,
de,hard,belohnung,noun_shown_lowercase,C,,
de,hard,benutzung,noun_shown_lowercase,C,,
de,hard,benz,noun_shown_lowercase,C,,
de,hard,beobachter,noun_shown_lowercase,C,,
de,hard,beobachtung,noun_shown_lowercase,C,,
de,hard,berechnung,noun_shown_lowercase,C,,
de,hard,bereitschaft,noun_shown_lowercase,C,,
de,hard,berger,noun_shown_lowercase,C,,
de,hard,beschwerde,noun_shown_lowercase,C,,
de,hard,besserung,noun_shown_lowercase,C,,
de,hard,bestellung,noun_shown_lowercase,C,,
de,hard,besuchern,noun_shown_lowercase,C,,
de,hard,betracht,noun_shown_lowercase,C,,
de,hard,betrachtung,noun_shown_lowercase,C,,
de,hard,bewerber,noun_shown_lowercase,C,,
de,hard,bienen,noun_shown_lowercase,C,,
de,hard,bildschirm,noun_shown_lowercase,C,,
de,hard,bitcoin,wrong_language_english,A,,
de,hard,blitz,noun_shown_lowercase,C,,
de,hard,blüten,noun_shown_lowercase,C,,
de,hard,boris,noun_shown_lowercase,C,,
de,hard,bosch,noun_shown_lowercase,C,,
de,hard,boys,noun_shown_lowercase,C,,
de,hard,brian,proper_noun,B,,
de,hard,brown,wrong_language_english,A,,
de,hard,browser,noun_shown_lowercase,C,,
de,hard,bruch,noun_shown_lowercase,C,,
de,hard,brötchen,noun_shown_lowercase,C,,
de,hard,buches,noun_shown_lowercase,C,,
de,hard,bull,noun_shown_lowercase,C,,
de,hard,bundesamt,noun_shown_lowercase,C,,
de,hard,bundesland,noun_shown_lowercase,C,,
de,hard,bundesländer,noun_shown_lowercase,C,,
de,hard,bundesrat,noun_shown_lowercase,C,,
de,hard,bundestagswahl,noun_shown_lowercase,C,,
de,hard,busch,noun_shown_lowercase,C,,
de,hard,call,noun_shown_lowercase,C,,
de,hard,campus,noun_shown_lowercase,C,,
de,hard,carlos,noun_shown_lowercase,C,,
de,hard,charaktere,noun_shown_lowercase,C,,
de,hard,charlie,noun_shown_lowercase,C,,
de,hard,chinesen,noun_shown_lowercase,C,,
de,hard,christ,noun_shown_lowercase,C,,
de,hard,christopher,noun_shown_lowercase,C,,
de,hard,cia,wrong_language_other,A,,pt
de,hard,clinton,noun_shown_lowercase,C,,
de,hard,couch,noun_shown_lowercase,C,,
de,hard,crew,noun_shown_lowercase,C,,
de,hard,daily,wrong_language_english,A,,
de,hard,dance,wrong_language_english,A,,
de,hard,dankeschön,noun_shown_lowercase,C,,
de,hard,dark,wrong_language_english,A,,
de,hard,dating,wrong_language_english,A,,
de,hard,debüt,noun_shown_lowercase,C,,
de,hard,demokraten,noun_shown_lowercase,C,,
de,hard,denkmal,noun_shown_lowercase,C,,
de,hard,depression,noun_shown_lowercase,C,,
de,hard,diebstahl,noun_shown_lowercase,C,,
de,hard,dietrich,noun_shown_lowercase,C,,
de,hard,dimension,noun_shown_lowercase,C,,
de,hard,dinger,noun_shown_lowercase,C,,
de,hard,diskriminierung,noun_shown_lowercase,C,,
de,hard,disney,noun_shown_lowercase,C,,
de,hard,doku,noun_shown_lowercase,C,,
de,hard,dresdner,noun_shown_lowercase,C,,
de,hard,dummheit,noun_shown_lowercase,C,,
de,hard,durchbruch,noun_shown_lowercase,C,,
de,hard,dörfer,noun_shown_lowercase,C,,
de,hard,düsseldorfer,noun_shown_lowercase,C,,
de,hard,echo,noun_shown_lowercase,C,,
de,hard,effekte,noun_shown_lowercase,C,,
de,hard,eigenschaft,noun_shown_lowercase,C,,
de,hard,einbruch,noun_shown_lowercase,C,,
de,hard,einkauf,noun_shown_lowercase,C,,
de,hard,einleitung,noun_shown_lowercase,C,,
de,hard,einschränkung,noun_shown_lowercase,C,,
de,hard,einschränkungen,noun_shown_lowercase,C,,
de,hard,einstellungen,noun_shown_lowercase,C,,
de,hard,einwohnern,noun_shown_lowercase,C,,
de,hard,einzel,noun_shown_lowercase,C,,
de,hard,eisenbahn,noun_shown_lowercase,C,,
de,hard,eishockey,noun_shown_lowercase,C,,
de,hard,elbe,noun_shown_lowercase,C,,
de,hard,email,noun_shown_lowercase,C,,
de,hard,empfehlungen,noun_shown_lowercase,C,,
de,hard,english,proper_noun,B,,
de,hard,enkel,noun_shown_lowercase,C,,
de,hard,ensemble,noun_shown_lowercase,C,,
de,hard,erdbeben,noun_shown_lowercase,C,,
de,hard,erfindung,noun_shown_lowercase,C,,
de,hard,ergebnissen,noun_shown_lowercase,C,,
de,hard,ergänzung,noun_shown_lowercase,C,,
de,hard,erhaltung,noun_shown_lowercase,C,,
de,hard,erik,noun_shown_lowercase,C,,
de,hard,erscheinung,noun_shown_lowercase,C,,
de,hard,erzählung,noun_shown_lowercase,C,,
de,hard,erzählungen,noun_shown_lowercase,C,,
de,hard,europäer,noun_shown_lowercase,C,,
de,hard,evolution,noun_shown_lowercase,C,,
de,hard,ewigkeit,noun_shown_lowercase,C,,
de,hard,exemplare,noun_shown_lowercase,C,,
de,hard,explosion,noun_shown_lowercase,C,,
de,hard,fa,wrong_language_english,A,,
de,hard,fahne,noun_shown_lowercase,C,,
de,hard,fahrzeugen,noun_shown_lowercase,C,,
de,hard,fakt,noun_shown_lowercase,C,,
de,hard,fakultät,noun_shown_lowercase,C,,
de,hard,fantasie,noun_shown_lowercase,C,,
de,hard,fantasy,wrong_language_english,A,,
de,hard,faschismus,noun_shown_lowercase,C,,
de,hard,fassade,noun_shown_lowercase,C,,
de,hard,favoriten,noun_shown_lowercase,C,,
de,hard,faz,wrong_language_other,A,,es
de,hard,ferrari,noun_shown_lowercase,C,,
de,hard,films,noun_shown_lowercase,C,,
de,hard,finnland,noun_shown_lowercase,C,,
de,hard,fire,wrong_language_english,A,,
de,hard,flecken,noun_shown_lowercase,C,,
de,hard,fliessen,misspelled_missing_diacritic,A,,→ fließen
de,hard,flur,noun_shown_lowercase,C,,
de,hard,flüchtling,noun_shown_lowercase,C,,
de,hard,focus,noun_shown_lowercase,C,,
de,hard,food,wrong_language_english,A,,
de,hard,football,noun_shown_lowercase,C,,
de,hard,formulierung,noun_shown_lowercase,C,,
de,hard,forschungen,noun_shown_lowercase,C,,
de,hard,fox,wrong_language_english,A,,
de,hard,france,proper_noun,B,,
de,hard,francisco,noun_shown_lowercase,C,,
de,hard,fred,proper_noun,B,,
de,hard,freu,not_in_reference_dictionary,C,,
de,hard,freundinnen,noun_shown_lowercase,C,,
de,hard,full,wrong_language_english,A,,
de,hard,fun,wrong_language_english,A,,
de,hard,fusion,noun_shown_lowercase,C,,
de,hard,fürsten,noun_shown_lowercase,C,,
de,hard,garage,noun_shown_lowercase,C,,
de,hard,garantie,noun_shown_lowercase,C,,
de,hard,gastgeber,noun_shown_lowercase,C,,
de,hard,gebäuden,noun_shown_lowercase,C,,
de,hard,gemeinderat,noun_shown_lowercase,C,,
de,hard,genf,noun_shown_lowercase,C,,
de,hard,gepäck,noun_shown_lowercase,C,,
de,hard,gerd,noun_shown_lowercase,C,,
de,hard,geräten,noun_shown_lowercase,C,,
de,hard,gerüchte,noun_shown_lowercase,C,,
de,hard,gesetzen,noun_shown_lowercase,C,,
de,hard,gestossen,misspelled_missing_diacritic,A,,→ gestoßen
de,hard,gewerkschaft,noun_shown_lowercase,C,,
de,hard,geäussert,misspelled_missing_diacritic,A,,→ geäußert
de,hard,gift,noun_shown_lowercase,C,,
de,hard,glanz,noun_shown_lowercase,C,,
de,hard,gleichermassen,misspelled_missing_diacritic,A,,→ gleichermaßen
de,hard,gnade,noun_shown_lowercase,C,,
de,hard,gottesdienst,noun_shown_lowercase,C,,
de,hard,grammatik,noun_shown_lowercase,C,,
de,hard,griechen,noun_shown_lowercase,C,,
de,hard,grossmutter,not_in_reference_dictionary,C,,
de,hard,grossvater,not_in_reference_dictionary,C,,
de,hard,grundgesetz,noun_shown_lowercase,C,,
de,hard,gruss,misspelled_missing_diacritic,A,,→ grüß
de,hard,grüssen,misspelled_missing_diacritic,A,,→ grüßen
de,hard,gustav,noun_shown_lowercase,C,,
de,hard,hall,noun_shown_lowercase,C,,
de,hard,haltestelle,noun_shown_lowercase,C,,
de,hard,hamilton,proper_noun,B,,
de,hard,hamm,noun_shown_lowercase,C,,
de,hard,handball,noun_shown_lowercase,C,,
de,hard,handys,noun_shown_lowercase,C,,
de,hard,hardcore,noun_shown_lowercase,C,,
de,hard,hardware,noun_shown_lowercase,C,,
de,hard,hartmann,noun_shown_lowercase,C,,
de,hard,hauptmann,noun_shown_lowercase,C,,
de,hard,haustür,noun_shown_lowercase,C,,
de,hard,heide,noun_shown_lowercase,C,,
de,hard,heizung,noun_shown_lowercase,C,,
de,hard,helene,noun_shown_lowercase,C,,
de,hard,helm,noun_shown_lowercase,C,,
de,hard,herausgeber,noun_shown_lowercase,C,,
de,hard,here,wrong_language_english,A,,
de,hard,hertha,noun_shown_lowercase,C,,
de,hard,highlight,noun_shown_lowercase,C,,
de,hard,hill,wrong_language_english,A,,
de,hard,hintergründe,noun_shown_lowercase,C,,
de,hard,hintern,noun_shown_lowercase,C,,
de,hard,historiker,noun_shown_lowercase,C,,
de,hard,hits,noun_shown_lowercase,C,,
de,hard,ho,wrong_language_english,A,,
de,hard,hoffnungen,noun_shown_lowercase,C,,
de,hard,holocaust,noun_shown_lowercase,C,,
de,hard,honig,noun_shown_lowercase,C,,
de,hard,hubert,noun_shown_lowercase,C,,
de,hard,hubschrauber,noun_shown_lowercase,C,,
de,hard,hä,abbreviation_or_noise,A,,
de,hard,höhen,noun_shown_lowercase,C,,
de,hard,ichs,noun_shown_lowercase,C,,
de,hard,ideologie,noun_shown_lowercase,C,,
de,hard,idiot,noun_shown_lowercase,C,,
de,hard,ikea,noun_shown_lowercase,C,,
de,hard,ing,proper_noun,B,,
de,hard,ingenieur,noun_shown_lowercase,C,,
de,hard,ingolstadt,noun_shown_lowercase,C,,
de,hard,innenminister,noun_shown_lowercase,C,,
de,hard,innovation,noun_shown_lowercase,C,,
de,hard,insekten,noun_shown_lowercase,C,,
de,hard,institute,noun_shown_lowercase,C,,
de,hard,institution,noun_shown_lowercase,C,,
de,hard,internetseite,noun_shown_lowercase,C,,
de,hard,ios,proper_noun,B,,
de,hard,ip,abbreviation_or_noise,A,,
de,hard,ironie,noun_shown_lowercase,C,,
de,hard,isbn,not_in_reference_dictionary,C,,
de,hard,islamisten,noun_shown_lowercase,C,,
de,hard,jacob,noun_shown_lowercase,C,,
de,hard,jahrhunderte,noun_shown_lowercase,C,,
de,hard,jap,proper_noun,B,,
de,hard,jedesmal,not_in_reference_dictionary,C,,
de,hard,jennifer,noun_shown_lowercase,C,,
de,hard,jim,noun_shown_lowercase,C,,
de,hard,jochen,noun_shown_lowercase,C,,
de,hard,johanna,noun_shown_lowercase,C,,
de,hard,johnson,noun_shown_lowercase,C,,
de,hard,jonas,noun_shown_lowercase,C,,
de,hard,jonathan,noun_shown_lowercase,C,,
de,hard,journalismus,noun_shown_lowercase,C,,
de,hard,jubiläum,noun_shown_lowercase,C,,
de,hard,julius,noun_shown_lowercase,C,,
de,hard,jungfrau,noun_shown_lowercase,C,,
de,hard,junioren,noun_shown_lowercase,C,,
de,hard,jura,noun_shown_lowercase,C,,
de,hard,juristen,noun_shown_lowercase,C,,
de,hard,justin,noun_shown_lowercase,C,,
de,hard,jänner,not_in_reference_dictionary,C,,
de,hard,kacke,,,yes,
de,hard,kameraden,noun_shown_lowercase,C,,
de,hard,kanton,noun_shown_lowercase,C,,
de,hard,kapelle,noun_shown_lowercase,C,,
de,hard,kasten,noun_shown_lowercase,C,,
de,hard,kater,noun_shown_lowercase,C,,
de,hard,kaufmann,noun_shown_lowercase,C,,
de,hard,ki,wrong_language_other,A,,pl
de,hard,kilometern,noun_shown_lowercase,C,,
de,hard,kirchengemeinde,noun_shown_lowercase,C,,
de,hard,kita,noun_shown_lowercase,C,,
de,hard,klamotten,noun_shown_lowercase,C,,
de,hard,klimawandel,noun_shown_lowercase,C,,
de,hard,klo,noun_shown_lowercase,C,,
de,hard,knopf,noun_shown_lowercase,C,,
de,hard,koblenz,noun_shown_lowercase,C,,
de,hard,kohl,noun_shown_lowercase,C,,
de,hard,kollegin,noun_shown_lowercase,C,,
de,hard,kommando,noun_shown_lowercase,C,,
de,hard,kommissar,noun_shown_lowercase,C,,
de,hard,komponenten,noun_shown_lowercase,C,,
de,hard,komödie,noun_shown_lowercase,C,,
de,hard,konsum,noun_shown_lowercase,C,,
de,hard,kopfschmerzen,noun_shown_lowercase,C,,
de,hard,kopie,noun_shown_lowercase,C,,
de,hard,korrektur,noun_shown_lowercase,C,,
de,hard,korruption,noun_shown_lowercase,C,,
de,hard,kreativität,noun_shown_lowercase,C,,
de,hard,kreises,noun_shown_lowercase,C,,
de,hard,kreuzung,noun_shown_lowercase,C,,
de,hard,krieger,noun_shown_lowercase,C,,
de,hard,kriminalität,noun_shown_lowercase,C,,
de,hard,kroatien,noun_shown_lowercase,C,,
de,hard,kuh,noun_shown_lowercase,C,,
de,hard,kurden,noun_shown_lowercase,C,,
de,hard,kärnten,noun_shown_lowercase,C,,
de,hard,könige,noun_shown_lowercase,C,,
de,hard,königreich,noun_shown_lowercase,C,,
de,hard,körpers,noun_shown_lowercase,C,,
de,hard,kündigung,noun_shown_lowercase,C,,
de,hard,künstlerin,noun_shown_lowercase,C,,
de,hard,künstlern,noun_shown_lowercase,C,,
de,hard,label,noun_shown_lowercase,C,,
de,hard,labor,noun_shown_lowercase,C,,
de,hard,ladung,noun_shown_lowercase,C,,
de,hard,landesregierung,noun_shown_lowercase,C,,
de,hard,landgericht,noun_shown_lowercase,C,,
de,hard,landrat,noun_shown_lowercase,C,,
de,hard,lars,noun_shown_lowercase,C,,
de,hard,lebensjahr,noun_shown_lowercase,C,,
de,hard,lebenslauf,noun_shown_lowercase,C,,
de,hard,led,wrong_language_english,A,,
de,hard,leichen,noun_shown_lowercase,C,,
de,hard,leinwand,noun_shown_lowercase,C,,
de,hard,leon,noun_shown_lowercase,C,,
de,hard,lewis,proper_noun,B,,
de,hard,liebhaber,noun_shown_lowercase,C,,
de,hard,light,wrong_language_english,A,,
de,hard,linux,noun_shown_lowercase,C,,
de,hard,lit,wrong_language_english,A,,
de,hard,little,wrong_language_english,A,,
de,hard,lizenz,noun_shown_lowercase,C,,
de,hard,long,wrong_language_english,A,,
de,hard,look,noun_shown_lowercase,C,,
de,hard,lothar,noun_shown_lowercase,C,,
de,hard,lucas,noun_shown_lowercase,C,,
de,hard,lücke,noun_shown_lowercase,C,,
de,hard,made,noun_shown_lowercase,C,,
de,hard,magie,noun_shown_lowercase,C,,
de,hard,mailand,noun_shown_lowercase,C,,
de,hard,manchester,noun_shown_lowercase,C,,
de,hard,marathon,noun_shown_lowercase,C,,
de,hard,marburg,noun_shown_lowercase,C,,
de,hard,marktplatz,noun_shown_lowercase,C,,
de,hard,mars,noun_shown_lowercase,C,,
de,hard,marsch,noun_shown_lowercase,C,,
de,hard,massstab,not_in_reference_dictionary,C,,
de,hard,match,noun_shown_lowercase,C,,
de,hard,materie,noun_shown_lowercase,C,,
de,hard,maximilian,noun_shown_lowercase,C,,
de,hard,mayer,noun_shown_lowercase,C,,
de,hard,medaille,noun_shown_lowercase,C,,
de,hard,mediziner,noun_shown_lowercase,C,,
de,hard,meilen,noun_shown_lowercase,C,,
de,hard,meinungsfreiheit,noun_shown_lowercase,C,,
de,hard,meldungen,noun_shown_lowercase,C,,
de,hard,melodie,noun_shown_lowercase,C,,
de,hard,men,wrong_language_english,A,,
de,hard,messung,noun_shown_lowercase,C,,
de,hard,mia,proper_noun,B,,
de,hard,miami,noun_shown_lowercase,C,,
de,hard,migration,noun_shown_lowercase,C,,
de,hard,miller,wrong_language_english,A,,
de,hard,mind,wrong_language_english,A,,
de,hard,minderheit,noun_shown_lowercase,C,,
de,hard,mindestlohn,noun_shown_lowercase,C,,
de,hard,mittelmeer,noun_shown_lowercase,C,,
de,hard,mitternacht,noun_shown_lowercase,C,,
de,hard,mix,noun_shown_lowercase,C,,
de,hard,mobilität,noun_shown_lowercase,C,,
de,hard,moschee,noun_shown_lowercase,C,,
de,hard,muschi,noun_shown_lowercase,C,yes,
de,hard,museen,noun_shown_lowercase,C,,
de,hard,musical,noun_shown_lowercase,C,,
de,hard,muskeln,noun_shown_lowercase,C,,
de,hard,mythos,noun_shown_lowercase,C,,
de,hard,mängel,noun_shown_lowercase,C,,
de,hard,märkte,noun_shown_lowercase,C,,
de,hard,möbel,noun_shown_lowercase,C,,
de,hard,mönchengladbach,noun_shown_lowercase,C,,
de,hard,nachteil,noun_shown_lowercase,C,,
de,hard,neckar,noun_shown_lowercase,C,,
de,hard,nehm,not_in_reference_dictionary,C,,
de,hard,neuigkeiten,noun_shown_lowercase,C,,
de,hard,nice,wrong_language_english,A,,
de,hard,nichtmal,noun_shown_lowercase,C,,
de,hard,nicole,noun_shown_lowercase,C,,
de,hard,nikolaus,noun_shown_lowercase,C,,
de,hard,nils,noun_shown_lowercase,C,,
de,hard,nina,noun_shown_lowercase,C,,
de,hard,notfall,noun_shown_lowercase,C,,
de,hard,now,wrong_language_english,A,,
de,hard,nsu,abbreviation_or_noise,A,,
de,hard,nu,noun_shown_lowercase,C,,
de,hard,nächte,noun_shown_lowercase,C,,
de,hard,nürnberger,noun_shown_lowercase,C,,
de,hard,oberliga,noun_shown_lowercase,C,,
de,hard,offenbach,noun_shown_lowercase,C,,
de,hard,offizier,noun_shown_lowercase,C,,
de,hard,oldenburg,noun_shown_lowercase,C,,
de,hard,optionen,noun_shown_lowercase,C,,
de,hard,orden,noun_shown_lowercase,C,,
de,hard,orgel,noun_shown_lowercase,C,,
de,hard,os,proper_noun,B,,
de,hard,oskar,noun_shown_lowercase,C,,
de,hard,osnabrück,noun_shown_lowercase,C,,
de,hard,ostern,noun_shown_lowercase,C,,
de,hard,ostsee,noun_shown_lowercase,C,,
de,hard,palast,noun_shown_lowercase,C,,
de,hard,panorama,noun_shown_lowercase,C,,
de,hard,papiere,noun_shown_lowercase,C,,
de,hard,pariser,noun_shown_lowercase,C,,
de,hard,partnerschaft,noun_shown_lowercase,C,,
de,hard,passagiere,noun_shown_lowercase,C,,
de,hard,passwort,noun_shown_lowercase,C,,
de,hard,pauli,noun_shown_lowercase,C,,
de,hard,people,wrong_language_english,A,,
de,hard,perspektiven,noun_shown_lowercase,C,,
de,hard,persönlichkeiten,noun_shown_lowercase,C,,
de,hard,petra,noun_shown_lowercase,C,,
de,hard,phasen,noun_shown_lowercase,C,,
de,hard,planet,noun_shown_lowercase,C,,
de,hard,player,noun_shown_lowercase,C,,
de,hard,plänen,noun_shown_lowercase,C,,
de,hard,plätzen,noun_shown_lowercase,C,,
de,hard,po,noun_shown_lowercase,C,,
de,hard,podcast,noun_shown_lowercase,C,,
de,hard,point,wrong_language_english,A,,
de,hard,politikern,noun_shown_lowercase,C,,
de,hard,porn,wrong_language_english,A,,
de,hard,potential,noun_shown_lowercase,C,,
de,hard,potenzial,noun_shown_lowercase,C,,
de,hard,praktikum,noun_shown_lowercase,C,,
de,hard,premier,noun_shown_lowercase,C,,
de,hard,pressekonferenz,noun_shown_lowercase,C,,
de,hard,prinzipien,noun_shown_lowercase,C,,
de,hard,problematik,noun_shown_lowercase,C,,
de,hard,prognose,noun_shown_lowercase,C,,
de,hard,projekten,noun_shown_lowercase,C,,
de,hard,proteste,noun_shown_lowercase,C,,
de,hard,präsenz,noun_shown_lowercase,C,,
de,hard,prüfungen,noun_shown_lowercase,C,,
de,hard,quote,noun_shown_lowercase,C,,
de,hard,rabatt,noun_shown_lowercase,C,,
de,hard,rache,noun_shown_lowercase,C,,
de,hard,raketen,noun_shown_lowercase,C,,
de,hard,rapper,noun_shown_lowercase,C,,
de,hard,rasse,noun_shown_lowercase,C,,
de,hard,rebellen,noun_shown_lowercase,C,,
de,hard,recherche,noun_shown_lowercase,C,,
de,hard,rechnungen,noun_shown_lowercase,C,,
de,hard,reformen,noun_shown_lowercase,C,,
de,hard,regelmässige,misspelled_missing_diacritic,A,,→ regelmäßige
de,hard,regelmässigen,misspelled_missing_diacritic,A,,→ regelmäßigen
de,hard,reichtum,noun_shown_lowercase,C,,
de,hard,reissen,misspelled_missing_diacritic,A,,→ reißen
de,hard,reisst,misspelled_missing_diacritic,A,,→ reißt
de,hard,religionen,noun_shown_lowercase,C,,
de,hard,report,noun_shown_lowercase,C,,
de,hard,reserve,noun_shown_lowercase,C,,
de,hard,restaurants,noun_shown_lowercase,C,,
de,hard,reste,noun_shown_lowercase,C,,
de,hard,resultat,noun_shown_lowercase,C,,
de,hard,review,noun_shown_lowercase,C,,
de,hard,rezension,noun_shown_lowercase,C,,
de,hard,richtlinien,noun_shown_lowercase,C,,
de,hard,rohr,noun_shown_lowercase,C,,
de,hard,roma,noun_shown_lowercase,C,,
de,hard,rosen,noun_shown_lowercase,C,,
de,hard,ross,noun_shown_lowercase,C,,
de,hard,rucksack,noun_shown_lowercase,C,,
de,hard,ruhestand,noun_shown_lowercase,C,,
de,hard,russlands,noun_shown_lowercase,C,,
de,hard,römer,noun_shown_lowercase,C,,
de,hard,rückzug,noun_shown_lowercase,C,,
de,hard,saarland,noun_shown_lowercase,C,,
de,hard,safe,noun_shown_lowercase,C,,
de,hard,saft,noun_shown_lowercase,C,,
de,hard,saint,noun_shown_lowercase,C,,
de,hard,salzburger,noun_shown_lowercase,C,,
de,hard,sandra,noun_shown_lowercase,C,,
de,hard,sanierung,noun_shown_lowercase,C,,
de,hard,santa,noun_shown_lowercase,C,,
de,hard,sassen,misspelled_missing_diacritic,A,,→ saßen
de,hard,satire,noun_shown_lowercase,C,,
de,hard,saudi,noun_shown_lowercase,C,,
de,hard,scheidung,noun_shown_lowercase,C,,
de,hard,schein,noun_shown_lowercase,C,,
de,hard,schlagzeilen,noun_shown_lowercase,C,,
de,hard,schuh,noun_shown_lowercase,C,,
de,hard,schwaben,noun_shown_lowercase,C,,
de,hard,schwachsinn,noun_shown_lowercase,C,,
de,hard,schwangerschaft,noun_shown_lowercase,C,,
de,hard,schweine,noun_shown_lowercase,C,,
de,hard,schädel,noun_shown_lowercase,C,,
de,hard,schäfer,noun_shown_lowercase,C,,
de,hard,schülerinnen,noun_shown_lowercase,C,,
de,hard,security,wrong_language_english,A,,
de,hard,seelen,noun_shown_lowercase,C,,
de,hard,segen,noun_shown_lowercase,C,,
de,hard,selbstmord,noun_shown_lowercase,C,,
de,hard,semester,noun_shown_lowercase,C,,
de,hard,sendungen,noun_shown_lowercase,C,,
de,hard,shirts,noun_shown_lowercase,C,,
de,hard,siegfried,noun_shown_lowercase,C,,
de,hard,socken,noun_shown_lowercase,C,,
de,hard,sohnes,noun_shown_lowercase,C,,
de,hard,sonnenschein,noun_shown_lowercase,C,,
de,hard,sony,noun_shown_lowercase,C,,
de,hard,sorte,noun_shown_lowercase,C,,
de,hard,sorten,noun_shown_lowercase,C,,
de,hard,spanier,noun_shown_lowercase,C,,
de,hard,sparkasse,noun_shown_lowercase,C,,
de,hard,sprüche,noun_shown_lowercase,C,,
de,hard,staats,noun_shown_lowercase,C,,
de,hard,staatsanwalt,noun_shown_lowercase,C,,
de,hard,stabilität,noun_shown_lowercase,C,,
de,hard,stadtrat,noun_shown_lowercase,C,,
de,hard,standorte,noun_shown_lowercase,C,,
de,hard,standpunkt,noun_shown_lowercase,C,,
de,hard,state,wrong_language_english,A,,
de,hard,statement,noun_shown_lowercase,C,,
de,hard,statistiken,noun_shown_lowercase,C,,
de,hard,steiermark,noun_shown_lowercase,C,,
de,hard,stellvertreter,noun_shown_lowercase,C,,
de,hard,sternen,noun_shown_lowercase,C,,
de,hard,stift,noun_shown_lowercase,C,,
de,hard,stirn,noun_shown_lowercase,C,,
de,hard,stop,wrong_language_english,A,,
de,hard,store,wrong_language_english,A,,
de,hard,straftaten,noun_shown_lowercase,C,,
de,hard,sturz,noun_shown_lowercase,C,,
de,hard,stuttgarter,noun_shown_lowercase,C,,
de,hard,störungen,noun_shown_lowercase,C,,
de,hard,substanz,noun_shown_lowercase,C,,
de,hard,suppe,noun_shown_lowercase,C,,
de,hard,sven,noun_shown_lowercase,C,,
de,hard,sätzen,noun_shown_lowercase,C,,
de,hard,süssen,misspelled_missing_diacritic,A,,→ süßen
de,hard,süsser,misspelled_missing_diacritic,A,,→ süßer
de,hard,tablet,wrong_language_english,A,,
de,hard,tatsachen,noun_shown_lowercase,C,,
de,hard,taylor,noun_shown_lowercase,C,,
de,hard,techniker,noun_shown_lowercase,C,,
de,hard,teilnehmern,noun_shown_lowercase,C,,
de,hard,telefonnummer,noun_shown_lowercase,C,,
de,hard,testament,noun_shown_lowercase,C,,
de,hard,texas,noun_shown_lowercase,C,,
de,hard,thailand,noun_shown_lowercase,C,,
de,hard,theodor,noun_shown_lowercase,C,,
de,hard,theorien,noun_shown_lowercase,C,,
de,hard,thüringer,noun_shown_lowercase,C,,
de,hard,tiger,noun_shown_lowercase,C,,
de,hard,tobias,noun_shown_lowercase,C,,
de,hard,tommy,noun_shown_lowercase,C,,
de,hard,tony,wrong_language_english,A,,
de,hard,topf,noun_shown_lowercase,C,,
de,hard,toren,noun_shown_lowercase,C,,
de,hard,transparenz,noun_shown_lowercase,C,,
de,hard,trends,noun_shown_lowercase,C,,
de,hard,tricks,noun_shown_lowercase,C,,
de,hard,trio,noun_shown_lowercase,C,,
de,hard,tschechien,noun_shown_lowercase,C,,
de,hard,töchter,noun_shown_lowercase,C,,
de,hard,uber,misspelled_missing_diacritic,A,,→ über
de,hard,ueber,misspelled_missing_diacritic,A,,→ über
de,hard,uk,abbreviation_or_noise,A,,
de,hard,ulrike,noun_shown_lowercase,C,,
de,hard,umfragen,noun_shown_lowercase,C,,
de,hard,umstand,noun_shown_lowercase,C,,
de,hard,united,wrong_language_english,A,,
de,hard,university,wrong_language_english,A,,
de,hard,untergang,noun_shown_lowercase,C,,
de,hard,unterkunft,noun_shown_lowercase,C,,
de,hard,unterschrift,noun_shown_lowercase,C,,
de,hard,ups,wrong_language_english,A,,
de,hard,ur,noun_shown_lowercase,C,,
de,hard,urkunde,noun_shown_lowercase,C,,
de,hard,ursula,noun_shown_lowercase,C,,
de,hard,usb,abbreviation_or_noise,A,,
de,hard,venedig,noun_shown_lowercase,C,,
de,hard,verbesserungen,noun_shown_lowercase,C,,
de,hard,verbrecher,noun_shown_lowercase,C,,
de,hard,vergewaltigung,noun_shown_lowercase,C,,
de,hard,verhandlung,noun_shown_lowercase,C,,
de,hard,vermieter,noun_shown_lowercase,C,,
de,hard,vermittlung,noun_shown_lowercase,C,,
de,hard,vermutung,noun_shown_lowercase,C,,
de,hard,versand,noun_shown_lowercase,C,,
de,hard,versionen,noun_shown_lowercase,C,,
de,hard,verstärkung,noun_shown_lowercase,C,,
de,hard,verteidiger,noun_shown_lowercase,C,,
de,hard,vertretern,noun_shown_lowercase,C,,
de,hard,vertretung,noun_shown_lowercase,C,,
de,hard,victor,noun_shown_lowercase,C,,
de,hard,victoria,noun_shown_lowercase,C,,
de,hard,viertelfinale,noun_shown_lowercase,C,,
de,hard,vii,wrong_language_english,A,,
de,hard,viktor,noun_shown_lowercase,C,,
de,hard,vol,wrong_language_english,A,,
de,hard,volumen,noun_shown_lowercase,C,,
de,hard,vorbereitungen,noun_shown_lowercase,C,,
de,hard,vorfall,noun_shown_lowercase,C,,
de,hard,vorgang,noun_shown_lowercase,C,,
de,hard,vorjahr,noun_shown_lowercase,C,,
de,hard,vormittag,noun_shown_lowercase,C,,
de,hard,vorpommern,noun_shown_lowercase,C,,
de,hard,vorsprung,noun_shown_lowercase,C,,
de,hard,vorträge,noun_shown_lowercase,C,,
de,hard,väter,noun_shown_lowercase,C,,
de,hard,wa,wrong_language_other,A,,pl
de,hard,way,wrong_language_english,A,,
de,hard,weimar,noun_shown_lowercase,C,,
de,hard,weisheit,noun_shown_lowercase,C,,
de,hard,welten,noun_shown_lowercase,C,,
de,hard,wiederholung,noun_shown_lowercase,C,,
de,hard,wieviele,not_in_reference_dictionary,C,,
de,hard,wikipedia,noun_shown_lowercase,C,,
de,hard,willi,noun_shown_lowercase,C,,
de,hard,williams,noun_shown_lowercase,C,,
de,hard,wilson,noun_shown_lowercase,C,,
de,hard,win,wrong_language_english,A,,
de,hard,wirtschafts,not_in_reference_dictionary,C,,
de,hard,wissens,noun_shown_lowercase,C,,
de,hard,wortes,noun_shown_lowercase,C,,
de,hard,währung,noun_shown_lowercase,C,,
de,hard,wäsche,noun_shown_lowercase,C,,
de,hard,young,wrong_language_english,A,,
de,hard,zaun,noun_shown_lowercase,C,,
de,hard,zeichnung,noun_shown_lowercase,C,,
de,hard,zeilen,noun_shown_lowercase,C,,
de,hard,zeitalter,noun_shown_lowercase,C,,
de,hard,zeitschriften,noun_shown_lowercase,C,,
de,hard,zielgruppe,noun_shown_lowercase,C,,
de,hard,zigaretten,noun_shown_lowercase,C,,
de,hard,zimmermann,noun_shown_lowercase,C,,
de,hard,zulassung,noun_shown_lowercase,C,,
de,hard,zusammensetzung,noun_shown_lowercase,C,,
de,hard,zuschauern,noun_shown_lowercase,C,,
de,hard,zügen,noun_shown_lowercase,C,,
de,hard,ära,noun_shown_lowercase,C,,
de,hard,äussert,misspelled_missing_diacritic,A,,→ äußert
de,hard,öffnung,noun_shown_lowercase,C,,
de,hard,überlegungen,noun_shown_lowercase,C,,
de,hard,überprüfung,noun_shown_lowercase,C,,
de,hard,übersetzer,noun_shown_lowercase,C,,
de,hard,übungen,noun_shown_lowercase,C,,
de,expert,Nußknacker,not_in_reference_dictionary,C,,
de,expert,abe,proper_noun,B,,
de,expert,abel,noun_shown_lowercase,C,,
de,expert,abgeordnetenhaus,noun_shown_lowercase,C,,
de,expert,abhilfe,noun_shown_lowercase,C,,
de,expert,abkommens,noun_shown_lowercase,C,,
de,expert,abkühlung,noun_shown_lowercase,C,,
de,expert,ableger,noun_shown_lowercase,C,,
de,expert,abläufe,noun_shown_lowercase,C,,
de,expert,abneigung,noun_shown_lowercase,C,,
de,expert,abschliessenden,misspelled_missing_diacritic,A,,→ abschließenden
de,expert,absender,noun_shown_lowercase,C,,
de,expert,abteilungsleiter,noun_shown_lowercase,C,,
de,expert,abtreibung,noun_shown_lowercase,C,,
de,expert,abweichung,noun_shown_lowercase,C,,
de,expert,abwicklung,noun_shown_lowercase,C,,
de,expert,abzeichen,noun_shown_lowercase,C,,
de,expert,advent,noun_shown_lowercase,C,,
de,expert,adventure,wrong_language_english,A,,
de,expert,aggression,noun_shown_lowercase,C,,
de,expert,aires,noun_shown_lowercase,C,,
de,expert,akademiker,noun_shown_lowercase,C,,
de,expert,akkus,noun_shown_lowercase,C,,
de,expert,akp,abbreviation_or_noise,A,,
de,expert,aktionäre,noun_shown_lowercase,C,,
de,expert,aktualisierung,noun_shown_lowercase,C,,
de,expert,alaska,noun_shown_lowercase,C,,
de,expert,albanien,noun_shown_lowercase,C,,
de,expert,aleppo,noun_shown_lowercase,C,,
de,expert,algorithmen,noun_shown_lowercase,C,,
de,expert,aliens,noun_shown_lowercase,C,,
de,expert,alm,noun_shown_lowercase,C,,
de,expert,alphabet,noun_shown_lowercase,C,,
de,expert,altona,noun_shown_lowercase,C,,
de,expert,alzheimer,noun_shown_lowercase,C,,
de,expert,amanda,noun_shown_lowercase,C,,
de,expert,ambiente,noun_shown_lowercase,C,,
de,expert,amd,abbreviation_or_noise,A,,
de,expert,ameisen,noun_shown_lowercase,C,,
de,expert,amerikanern,noun_shown_lowercase,C,,
de,expert,ami,noun_shown_lowercase,C,,
de,expert,amis,noun_shown_lowercase,C,,
de,expert,amts,noun_shown_lowercase,C,,
de,expert,andi,not_in_reference_dictionary,C,,
de,expert,anekdoten,noun_shown_lowercase,C,,
de,expert,anfall,noun_shown_lowercase,C,,
de,expert,angels,wrong_language_english,A,,
de,expert,ankauf,noun_shown_lowercase,C,,
de,expert,anmeldungen,noun_shown_lowercase,C,,
de,expert,anreiz,noun_shown_lowercase,C,,
de,expert,anrufer,noun_shown_lowercase,C,,
de,expert,anschlägen,noun_shown_lowercase,C,,
de,expert,anschuldigungen,noun_shown_lowercase,C,,
de,expert,antenne,noun_shown_lowercase,C,,
de,expert,antoine,proper_noun,B,,
de,expert,any,wrong_language_english,A,,
de,expert,anzuschliessen,misspelled_missing_diacritic,A,,→ anzuschließen
de,expert,apa,wrong_language_other,A,,pt
de,expert,apokalypse,noun_shown_lowercase,C,,
de,expert,arbeitern,noun_shown_lowercase,C,,
de,expert,arbeitsrecht,noun_shown_lowercase,C,,
de,expert,arbeitsweise,noun_shown_lowercase,C,,
de,expert,arbeitszeiten,noun_shown_lowercase,C,,
de,expert,arche,noun_shown_lowercase,C,,
de,expert,archäologie,noun_shown_lowercase,C,,
de,expert,aristoteles,noun_shown_lowercase,C,,
de,expert,arizona,noun_shown_lowercase,C,,
de,expert,armeen,noun_shown_lowercase,C,,
de,expert,arndt,noun_shown_lowercase,C,,
de,expert,arroganz,noun_shown_lowercase,C,,
de,expert,asiaten,noun_shown_lowercase,C,,
de,expert,asphalt,noun_shown_lowercase,C,,
de,expert,astra,wrong_language_other,A,,pt
de,expert,atlanta,noun_shown_lowercase,C,,
de,expert,atlantik,noun_shown_lowercase,C,,
de,expert,attraktivität,noun_shown_lowercase,C,,
de,expert,auferstehung,noun_shown_lowercase,C,,
de,expert,aufgebot,noun_shown_lowercase,C,,
de,expert,auflistung,noun_shown_lowercase,C,,
de,expert,aufruhr,noun_shown_lowercase,C,,
de,expert,aufwendungen,noun_shown_lowercase,C,,
de,expert,augenbrauen,noun_shown_lowercase,C,,
de,expert,augenmerk,noun_shown_lowercase,C,,
de,expert,augustin,noun_shown_lowercase,C,,
de,expert,aura,noun_shown_lowercase,C,,
de,expert,ausbilder,noun_shown_lowercase,C,,
de,expert,ausflüge,noun_shown_lowercase,C,,
de,expert,ausgestaltung,noun_shown_lowercase,C,,
de,expert,ausgrenzung,noun_shown_lowercase,C,,
de,expert,auslastung,noun_shown_lowercase,C,,
de,expert,ausländern,noun_shown_lowercase,C,,
de,expert,ausprägung,noun_shown_lowercase,C,,
de,expert,ausschau,noun_shown_lowercase,C,,
de,expert,ausschlag,noun_shown_lowercase,C,,
de,expert,aussenseiter,not_in_reference_dictionary,C,,
de,expert,aussteller,noun_shown_lowercase,C,,
de,expert,ausstoss,not_in_reference_dictionary,C,,
de,expert,austin,noun_shown_lowercase,C,,
de,expert,auswärtssieg,noun_shown_lowercase,C,,
de,expert,auszahlung,noun_shown_lowercase,C,,
de,expert,autofahren,noun_shown_lowercase,C,,
de,expert,autounfall,noun_shown_lowercase,C,,
de,expert,av,wrong_language_english,A,,
de,expert,aviv,noun_shown_lowercase,C,,
de,expert,away,wrong_language_english,A,,
de,expert,babe,wrong_language_english,A,,
de,expert,backup,noun_shown_lowercase,C,,
de,expert,bag,wrong_language_english,A,,
de,expert,bagdad,noun_shown_lowercase,C,,
de,expert,bahnhöfen,noun_shown_lowercase,C,,
de,expert,baseball,noun_shown_lowercase,C,,
de,expert,bastian,noun_shown_lowercase,C,,
de,expert,bauhaus,noun_shown_lowercase,C,,
de,expert,baujahr,noun_shown_lowercase,C,,
de,expert,baumeister,noun_shown_lowercase,C,,
de,expert,bauteile,noun_shown_lowercase,C,,
de,expert,bauweise,noun_shown_lowercase,C,,
de,expert,bauzeit,noun_shown_lowercase,C,,
de,expert,bde,noun_shown_lowercase,C,,
de,expert,beantwortung,noun_shown_lowercase,C,,
de,expert,beatles,noun_shown_lowercase,C,,
de,expert,been,wrong_language_english,A,,
de,expert,beeren,noun_shown_lowercase,C,,
de,expert,befestigung,noun_shown_lowercase,C,,
de,expert,begriffs,noun_shown_lowercase,C,,
de,expert,begrüsste,misspelled_missing_diacritic,A,,→ begrüßte
de,expert,beihilfe,noun_shown_lowercase,C,,
de,expert,beilage,noun_shown_lowercase,C,,
de,expert,beirat,noun_shown_lowercase,C,,
de,expert,bekleidung,noun_shown_lowercase,C,,
de,expert,bekomm,not_in_reference_dictionary,C,,
de,expert,belagerung,noun_shown_lowercase,C,,
de,expert,belegschaft,noun_shown_lowercase,C,,
de,expert,belästigung,noun_shown_lowercase,C,,
de,expert,benennung,noun_shown_lowercase,C,,
de,expert,benny,proper_noun,B,,
de,expert,berechtigung,noun_shown_lowercase,C,,
de,expert,bereitstellung,noun_shown_lowercase,C,,
de,expert,berlinale,noun_shown_lowercase,C,,
de,expert,bernie,proper_noun,B,,
de,expert,bertelsmann,noun_shown_lowercase,C,,
de,expert,berufs,noun_shown_lowercase,C,,
de,expert,berufserfahrung,noun_shown_lowercase,C,,
de,expert,berufsleben,noun_shown_lowercase,C,,
de,expert,beschleunigung,noun_shown_lowercase,C,,
de,expert,beschränkung,noun_shown_lowercase,C,,
de,expert,beschränkungen,noun_shown_lowercase,C,,
de,expert,bestehens,noun_shown_lowercase,C,,
de,expert,bestrebungen,noun_shown_lowercase,C,,
de,expert,better,wrong_language_english,A,,
de,expert,betty,noun_shown_lowercase,C,,
de,expert,bewältigung,noun_shown_lowercase,C,,
de,expert,bezirken,noun_shown_lowercase,C,,
de,expert,bianca,noun_shown_lowercase,C,,
de,expert,bieber,not_in_reference_dictionary,C,,
de,expert,bikini,noun_shown_lowercase,C,,
de,expert,bildhauer,noun_shown_lowercase,C,,
de,expert,bildungs,not_in_reference_dictionary,C,,
de,expert,birne,noun_shown_lowercase,C,,
de,expert,bischofs,noun_shown_lowercase,C,,
de,expert,bistum,noun_shown_lowercase,C,,
de,expert,blech,noun_shown_lowercase,C,,
de,expert,blickwinkel,noun_shown_lowercase,C,,
de,expert,blondine,noun_shown_lowercase,C,,
de,expert,bluetooth,noun_shown_lowercase,C,,
de,expert,blöcke,noun_shown_lowercase,C,,
de,expert,boateng,not_in_reference_dictionary,C,,
de,expert,bodo,noun_shown_lowercase,C,,
de,expert,bologna,noun_shown_lowercase,C,,
de,expert,bomber,noun_shown_lowercase,C,,
de,expert,bordeaux,noun_shown_lowercase,C,,
de,expert,born,noun_shown_lowercase,C,,
de,expert,brad,wrong_language_english,A,,
de,expert,brandstiftung,noun_shown_lowercase,C,,
de,expert,brasilianer,noun_shown_lowercase,C,,
de,expert,braunkohle,noun_shown_lowercase,C,,
de,expert,brei,noun_shown_lowercase,C,,
de,expert,brigade,noun_shown_lowercase,C,,
de,expert,bro,wrong_language_english,A,,
de,expert,broker,noun_shown_lowercase,C,,
de,expert,brothers,wrong_language_english,A,,
de,expert,bruchteil,noun_shown_lowercase,C,,
de,expert,brühl,noun_shown_lowercase,C,,
de,expert,bu,wrong_language_english,A,,
de,expert,bub,noun_shown_lowercase,C,,
de,expert,buben,noun_shown_lowercase,C,,
de,expert,buchhaltung,noun_shown_lowercase,C,,
de,expert,buchholz,noun_shown_lowercase,C,,
de,expert,buddha,noun_shown_lowercase,C,,
de,expert,buddy,wrong_language_english,A,,
de,expert,buenos,noun_shown_lowercase,C,,
de,expert,buffet,noun_shown_lowercase,C,,
de,expert,bulle,noun_shown_lowercase,C,,
de,expert,bundesbank,noun_shown_lowercase,C,,
de,expert,bundesebene,noun_shown_lowercase,C,,
de,expert,burgen,noun_shown_lowercase,C,,
de,expert,busen,noun_shown_lowercase,C,,
de,expert,bushaltestelle,noun_shown_lowercase,C,,
de,expert,bussen,noun_shown_lowercase,C,,
de,expert,bäder,noun_shown_lowercase,C,,
de,expert,caesar,noun_shown_lowercase,C,,
de,expert,california,proper_noun,B,,
de,expert,canon,noun_shown_lowercase,C,,
de,expert,carolina,noun_shown_lowercase,C,,
de,expert,causa,wrong_language_other,A,,es
de,expert,chemiker,noun_shown_lowercase,C,,
de,expert,christentums,noun_shown_lowercase,C,,
de,expert,chuck,wrong_language_english,A,,
de,expert,circus,noun_shown_lowercase,C,,
de,expert,coaching,wrong_language_english,A,,
de,expert,coca,noun_shown_lowercase,C,,
de,expert,collection,wrong_language_english,A,,
de,expert,colorado,noun_shown_lowercase,C,,
de,expert,coming,wrong_language_english,A,,
de,expert,commander,wrong_language_english,A,,
de,expert,commerce,wrong_language_english,A,,
de,expert,commerzbank,noun_shown_lowercase,C,,
de,expert,commission,wrong_language_english,A,,
de,expert,computern,noun_shown_lowercase,C,,
de,expert,congress,wrong_language_english,A,,
de,expert,cook,wrong_language_english,A,,
de,expert,core,wrong_language_english,A,,
de,expert,cornelius,noun_shown_lowercase,C,,
de,expert,court,wrong_language_english,A,,
de,expert,covid,proper_noun,B,,
de,expert,craig,proper_noun,B,,
de,expert,culture,wrong_language_english,A,,
de,expert,curry,noun_shown_lowercase,C,,
de,expert,cyrus,proper_noun,B,,
de,expert,daddy,wrong_language_english,A,,
de,expert,damaskus,noun_shown_lowercase,C,,
de,expert,dans,wrong_language_other,A,,fr
de,expert,danzig,noun_shown_lowercase,C,,
de,expert,datierung,noun_shown_lowercase,C,,
de,expert,dee,proper_noun,B,,
de,expert,definitionen,noun_shown_lowercase,C,,
de,expert,defizite,noun_shown_lowercase,C,,
de,expert,deko,wrong_language_other,A,,pl
de,expert,dekoration,noun_shown_lowercase,C,,
de,expert,denise,noun_shown_lowercase,C,,
de,expert,denker,noun_shown_lowercase,C,,
de,expert,denkmalschutz,noun_shown_lowercase,C,,
de,expert,department,wrong_language_english,A,,
de,expert,deppen,noun_shown_lowercase,C,,
de,expert,det,wrong_language_other,A,,pl
de,expert,detmold,noun_shown_lowercase,C,,
de,expert,deutung,noun_shown_lowercase,C,,
de,expert,diamant,noun_shown_lowercase,C,,
de,expert,differenzierung,noun_shown_lowercase,C,,
de,expert,dildo,noun_shown_lowercase,C,,
de,expert,diplomaten,noun_shown_lowercase,C,,
de,expert,diplomatie,noun_shown_lowercase,C,,
de,expert,direct,wrong_language_english,A,,
de,expert,direktorin,noun_shown_lowercase,C,,
de,expert,dirty,wrong_language_english,A,,
de,expert,disposition,noun_shown_lowercase,C,,
de,expert,dividende,noun_shown_lowercase,C,,
de,expert,donna,proper_noun,B,,
de,expert,donner,noun_shown_lowercase,C,,
de,expert,dorothea,noun_shown_lowercase,C,,
de,expert,dozent,noun_shown_lowercase,C,,
de,expert,drache,noun_shown_lowercase,C,,
de,expert,dragon,wrong_language_english,A,,
de,expert,drake,wrong_language_english,A,,
de,expert,drink,noun_shown_lowercase,C,,
de,expert,druckerei,noun_shown_lowercase,C,,
de,expert,dude,wrong_language_english,A,,
de,expert,duden,noun_shown_lowercase,C,,
de,expert,durchfall,noun_shown_lowercase,C,,
de,expert,dylan,noun_shown_lowercase,C,,
de,expert,dynastie,noun_shown_lowercase,C,,
de,expert,dämmerung,noun_shown_lowercase,C,,
de,expert,dänen,noun_shown_lowercase,C,,
de,expert,düren,noun_shown_lowercase,C,,
de,expert,early,wrong_language_english,A,,
de,expert,earth,wrong_language_english,A,,
de,expert,eden,noun_shown_lowercase,C,,
de,expert,eder,noun_shown_lowercase,C,,
de,expert,edit,wrong_language_english,A,,
de,expert,editor,noun_shown_lowercase,C,,
de,expert,edmund,noun_shown_lowercase,C,,
de,expert,edv,abbreviation_or_noise,A,,
de,expert,ehrungen,noun_shown_lowercase,C,,
de,expert,eignung,noun_shown_lowercase,C,,
de,expert,einbindung,noun_shown_lowercase,C,,
de,expert,einfamilienhaus,noun_shown_lowercase,C,,
de,expert,einfliessen,misspelled_missing_diacritic,A,,→ einfließen
de,expert,eingabe,noun_shown_lowercase,C,,
de,expert,einlagen,noun_shown_lowercase,C,,
de,expert,einsatzes,noun_shown_lowercase,C,,
de,expert,einwand,noun_shown_lowercase,C,,
de,expert,eisbären,noun_shown_lowercase,C,,
de,expert,eisenach,noun_shown_lowercase,C,,
de,expert,eliten,noun_shown_lowercase,C,,
de,expert,ella,proper_noun,B,,
de,expert,elster,noun_shown_lowercase,C,,
de,expert,emails,noun_shown_lowercase,C,,
de,expert,emden,noun_shown_lowercase,C,,
de,expert,empathie,noun_shown_lowercase,C,,
de,expert,empire,noun_shown_lowercase,C,,
de,expert,endstand,noun_shown_lowercase,C,,
de,expert,engagements,noun_shown_lowercase,C,,
de,expert,englands,noun_shown_lowercase,C,,
de,expert,enkelin,noun_shown_lowercase,C,,
de,expert,ensembles,noun_shown_lowercase,C,,
de,expert,enten,noun_shown_lowercase,C,,
de,expert,entsorgung,noun_shown_lowercase,C,,
de,expert,entzug,noun_shown_lowercase,C,,
de,expert,entzündung,noun_shown_lowercase,C,,
de,expert,epidemie,noun_shown_lowercase,C,,
de,expert,erasmus,noun_shown_lowercase,C,,
de,expert,erdbeeren,noun_shown_lowercase,C,,
de,expert,erdöl,noun_shown_lowercase,C,,
de,expert,erhebungen,noun_shown_lowercase,C,,
de,expert,erlösung,noun_shown_lowercase,C,,
de,expert,erpressung,noun_shown_lowercase,C,,
de,expert,erreger,noun_shown_lowercase,C,,
de,expert,errungenschaften,noun_shown_lowercase,C,,
de,expert,erschiesst,misspelled_missing_diacritic,A,,→ erschießt
de,expert,erschliesst,misspelled_missing_diacritic,A,,→ erschließt
de,expert,erweiterungen,noun_shown_lowercase,C,,
de,expert,erwägung,noun_shown_lowercase,C,,
de,expert,erwärmung,noun_shown_lowercase,C,,
de,expert,erzgebirge,noun_shown_lowercase,C,,
de,expert,esc,noun_shown_lowercase,C,,
de,expert,ess,abbreviation_or_noise,A,,
de,expert,essener,noun_shown_lowercase,C,,
de,expert,essig,noun_shown_lowercase,C,,
de,expert,estland,noun_shown_lowercase,C,,
de,expert,etagen,noun_shown_lowercase,C,,
de,expert,europameister,noun_shown_lowercase,C,,
de,expert,evangelium,noun_shown_lowercase,C,,
de,expert,eve,wrong_language_english,A,,
de,expert,evil,wrong_language_english,A,,
de,expert,excel,noun_shown_lowercase,C,,
de,expert,experience,wrong_language_english,A,,
de,expert,expertin,noun_shown_lowercase,C,,
de,expert,expertise,noun_shown_lowercase,C,,
de,expert,eye,wrong_language_english,A,,
de,expert,facetten,noun_shown_lowercase,C,,
de,expert,facharzt,noun_shown_lowercase,C,,
de,expert,fachgebiet,noun_shown_lowercase,C,,
de,expert,fahndung,noun_shown_lowercase,C,,
de,expert,fahrplan,noun_shown_lowercase,C,,
de,expert,fahrzeugs,noun_shown_lowercase,C,,
de,expert,falk,noun_shown_lowercase,C,,
de,expert,fed,wrong_language_english,A,,
de,expert,fee,noun_shown_lowercase,C,,
de,expert,feed,wrong_language_english,A,,
de,expert,feeling,noun_shown_lowercase,C,,
de,expert,fernando,noun_shown_lowercase,C,,
de,expert,fernbedienung,noun_shown_lowercase,C,,
de,expert,fernseh,not_in_reference_dictionary,C,,
de,expert,festland,noun_shown_lowercase,C,,
de,expert,fiktion,noun_shown_lowercase,C,,
de,expert,filmemacher,noun_shown_lowercase,C,,
de,expert,financial,wrong_language_english,A,,
de,expert,finanzkrise,noun_shown_lowercase,C,,
de,expert,fine,wrong_language_english,A,,
de,expert,finn,proper_noun,B,,
de,expert,fitnessstudio,noun_shown_lowercase,C,,
de,expert,flohmarkt,noun_shown_lowercase,C,,
de,expert,flugplatz,noun_shown_lowercase,C,,
de,expert,flüchtlingskrise,noun_shown_lowercase,C,,
de,expert,flüssigkeiten,noun_shown_lowercase,C,,
de,expert,folk,noun_shown_lowercase,C,,
de,expert,forster,proper_noun,B,,
de,expert,fragebogen,noun_shown_lowercase,C,,
de,expert,fragestellung,noun_shown_lowercase,C,,
de,expert,fragestellungen,noun_shown_lowercase,C,,
de,expert,fragezeichen,noun_shown_lowercase,C,,
de,expert,franck,proper_noun,B,,
de,expert,franco,noun_shown_lowercase,C,,
de,expert,franke,noun_shown_lowercase,C,,
de,expert,fraunhofer,noun_shown_lowercase,C,,
de,expert,fremdsprache,noun_shown_lowercase,C,,
de,expert,french,wrong_language_english,A,,
de,expert,frequenzen,noun_shown_lowercase,C,,
de,expert,freundlichkeit,noun_shown_lowercase,C,,
de,expert,friedrichs,noun_shown_lowercase,C,,
de,expert,friedrichshafen,noun_shown_lowercase,C,,
de,expert,früchten,noun_shown_lowercase,C,,
de,expert,funktionäre,noun_shown_lowercase,C,,
de,expert,fussboden,not_in_reference_dictionary,C,,
de,expert,fälschung,noun_shown_lowercase,C,,
de,expert,färbung,noun_shown_lowercase,C,,
de,expert,förderverein,noun_shown_lowercase,C,,
de,expert,führungen,noun_shown_lowercase,C,,
de,expert,füllung,noun_shown_lowercase,C,,
de,expert,gag,noun_shown_lowercase,C,,
de,expert,gallery,wrong_language_english,A,,
de,expert,garcia,proper_noun,B,,
de,expert,gassen,noun_shown_lowercase,C,,
de,expert,gasthof,noun_shown_lowercase,C,,
de,expert,gauck,noun_shown_lowercase,C,,
de,expert,gaza,noun_shown_lowercase,C,,
de,expert,gebete,noun_shown_lowercase,C,,
de,expert,gedenkstätte,noun_shown_lowercase,C,,
de,expert,gedichten,noun_shown_lowercase,C,,
de,expert,gegenseite,noun_shown_lowercase,C,,
de,expert,gehirns,noun_shown_lowercase,C,,
de,expert,geier,noun_shown_lowercase,C,,
de,expert,geiseln,noun_shown_lowercase,C,,
de,expert,gel,noun_shown_lowercase,C,,
de,expert,gelassenheit,noun_shown_lowercase,C,,
de,expert,geldern,noun_shown_lowercase,C,,
de,expert,gelächter,noun_shown_lowercase,C,,
de,expert,gema,wrong_language_other,A,,es
de,expert,gemahlin,noun_shown_lowercase,C,,
de,expert,genesung,noun_shown_lowercase,C,,
de,expert,georges,noun_shown_lowercase,C,,
de,expert,georgien,noun_shown_lowercase,C,,
de,expert,gerede,noun_shown_lowercase,C,,
de,expert,germanistik,noun_shown_lowercase,C,,
de,expert,gertrud,noun_shown_lowercase,C,,
de,expert,geschehnisse,noun_shown_lowercase,C,,
de,expert,geschrei,noun_shown_lowercase,C,,
de,expert,geschwistern,noun_shown_lowercase,C,,
de,expert,geschäftsjahr,noun_shown_lowercase,C,,
de,expert,gesichtsausdruck,noun_shown_lowercase,C,,
de,expert,gesprächspartner,noun_shown_lowercase,C,,
de,expert,gestapo,noun_shown_lowercase,C,,
de,expert,gesten,noun_shown_lowercase,C,,
de,expert,getränken,noun_shown_lowercase,C,,
de,expert,gewohnheiten,noun_shown_lowercase,C,,
de,expert,gewässern,noun_shown_lowercase,C,,
de,expert,ghana,noun_shown_lowercase,C,,
de,expert,ghetto,noun_shown_lowercase,C,,
de,expert,ghost,wrong_language_english,A,,
de,expert,gilbert,noun_shown_lowercase,C,,
de,expert,gina,noun_shown_lowercase,C,,
de,expert,gitarren,noun_shown_lowercase,C,,
de,expert,give,wrong_language_english,A,,
de,expert,gletscher,noun_shown_lowercase,C,,
de,expert,glied,noun_shown_lowercase,C,,
de,expert,globus,noun_shown_lowercase,C,,
de,expert,glücksspiel,noun_shown_lowercase,C,,
de,expert,glückwünsche,noun_shown_lowercase,C,,
de,expert,gomez,noun_shown_lowercase,C,,
de,expert,grades,noun_shown_lowercase,C,,
de,expert,grafschaft,noun_shown_lowercase,C,,
de,expert,graham,wrong_language_english,A,,
de,expert,granit,noun_shown_lowercase,C,,
de,expert,grass,noun_shown_lowercase,C,,
de,expert,grazer,noun_shown_lowercase,C,,
de,expert,greifswald,noun_shown_lowercase,C,,
de,expert,gremium,noun_shown_lowercase,C,,
de,expert,griechenlands,noun_shown_lowercase,C,,
de,expert,grossartiges,misspelled_missing_diacritic,A,,→ großartiges
de,expert,grossraum,not_in_reference_dictionary,C,,
de,expert,gruber,noun_shown_lowercase,C,,
de,expert,grundeinkommen,noun_shown_lowercase,C,,
de,expert,grundgesetzes,noun_shown_lowercase,C,,
de,expert,grundwasser,noun_shown_lowercase,C,,
de,expert,grüss,misspelled_missing_diacritic,A,,→ grüß
de,expert,guardian,wrong_language_english,A,,
de,expert,gunnar,noun_shown_lowercase,C,,
de,expert,gunst,noun_shown_lowercase,C,,
de,expert,gysi,noun_shown_lowercase,C,,
de,expert,gänsehaut,noun_shown_lowercase,C,,
de,expert,göring,noun_shown_lowercase,C,,
de,expert,görlitz,noun_shown_lowercase,C,,
de,expert,göttern,noun_shown_lowercase,C,,
de,expert,gütern,noun_shown_lowercase,C,,
de,expert,hach,not_in_reference_dictionary,C,,
de,expert,had,wrong_language_english,A,,
de,expert,haftstrafe,noun_shown_lowercase,C,,
de,expert,haider,noun_shown_lowercase,C,,
de,expert,haller,noun_shown_lowercase,C,,
de,expert,halter,noun_shown_lowercase,C,,
de,expert,haltestellen,noun_shown_lowercase,C,,
de,expert,hamas,noun_shown_lowercase,C,,
de,expert,handelns,noun_shown_lowercase,C,,
de,expert,handgelenk,noun_shown_lowercase,C,,
de,expert,handhabung,noun_shown_lowercase,C,,
de,expert,hansa,noun_shown_lowercase,C,,
de,expert,hauptdarsteller,noun_shown_lowercase,C,,
de,expert,hauptsitz,noun_shown_lowercase,C,,
de,expert,hausarzt,noun_shown_lowercase,C,,
de,expert,hauser,proper_noun,B,,
de,expert,haustier,noun_shown_lowercase,C,,
de,expert,hautfarbe,noun_shown_lowercase,C,,
de,expert,havel,noun_shown_lowercase,C,,
de,expert,hehe,wrong_language_other,A,,pl
de,expert,hei,wrong_language_other,A,,pt
de,expert,heidelberger,noun_shown_lowercase,C,,
de,expert,heilmittel,noun_shown_lowercase,C,,
de,expert,heimsieg,noun_shown_lowercase,C,,
de,expert,heiner,noun_shown_lowercase,C,,
de,expert,heise,not_in_reference_dictionary,C,,
de,expert,helikopter,noun_shown_lowercase,C,,
de,expert,helligkeit,noun_shown_lowercase,C,,
de,expert,hemden,noun_shown_lowercase,C,,
de,expert,hendrik,noun_shown_lowercase,C,,
de,expert,henrik,proper_noun,B,,
de,expert,herder,noun_shown_lowercase,C,,
de,expert,herford,noun_shown_lowercase,C,,
de,expert,herne,noun_shown_lowercase,C,,
de,expert,herstellern,noun_shown_lowercase,C,,
de,expert,herzogs,noun_shown_lowercase,C,,
de,expert,highway,noun_shown_lowercase,C,,
de,expert,hildegard,noun_shown_lowercase,C,,
de,expert,him,wrong_language_english,A,,
de,expert,hingabe,noun_shown_lowercase,C,,
de,expert,hipster,wrong_language_english,A,,
de,expert,hoden,noun_shown_lowercase,C,,
de,expert,hoheit,noun_shown_lowercase,C,,
de,expert,holy,wrong_language_english,A,,
de,expert,hood,wrong_language_english,A,,
de,expert,hub,noun_shown_lowercase,C,,
de,expert,hudson,noun_shown_lowercase,C,,
de,expert,hypothese,noun_shown_lowercase,C,,
de,expert,händlern,noun_shown_lowercase,C,,
de,expert,höschen,noun_shown_lowercase,C,,
de,expert,ibiza,noun_shown_lowercase,C,,
de,expert,ida,noun_shown_lowercase,C,,
de,expert,identifizierung,noun_shown_lowercase,C,,
de,expert,ie,wrong_language_other,A,,pl
de,expert,ignoranz,noun_shown_lowercase,C,,
de,expert,ih,wrong_language_other,A,,pt
de,expert,illustrationen,noun_shown_lowercase,C,,
de,expert,ilse,noun_shown_lowercase,C,,
de,expert,images,noun_shown_lowercase,C,,
de,expert,immunsystem,noun_shown_lowercase,C,,
de,expert,impfungen,noun_shown_lowercase,C,,
de,expert,inbetriebnahme,noun_shown_lowercase,C,,
de,expert,indie,wrong_language_english,A,,
de,expert,indikator,noun_shown_lowercase,C,,
de,expert,indiz,noun_shown_lowercase,C,,
de,expert,informatiker,noun_shown_lowercase,C,,
de,expert,informations,wrong_language_other,A,,fr
de,expert,inkrafttreten,noun_shown_lowercase,C,,
de,expert,inschriften,noun_shown_lowercase,C,,
de,expert,inside,wrong_language_english,A,,
de,expert,inspektion,noun_shown_lowercase,C,,
de,expert,instant,wrong_language_english,A,,
de,expert,intention,noun_shown_lowercase,C,,
de,expert,internat,noun_shown_lowercase,C,,
de,expert,intro,noun_shown_lowercase,C,,
de,expert,inventar,noun_shown_lowercase,C,,
de,expert,ioc,abbreviation_or_noise,A,,
de,expert,ionen,noun_shown_lowercase,C,,
de,expert,ir,proper_noun,B,,
de,expert,isabella,noun_shown_lowercase,C,,
de,expert,ists,not_in_reference_dictionary,C,,
de,expert,iwf,abbreviation_or_noise,A,,
de,expert,japans,noun_shown_lowercase,C,,
de,expert,jasmin,noun_shown_lowercase,C,,
de,expert,jemen,noun_shown_lowercase,C,,
de,expert,jeremy,proper_noun,B,,
de,expert,jesse,proper_noun,B,,
de,expert,joan,proper_noun,B,,
de,expert,jordanien,noun_shown_lowercase,C,,
de,expert,josh,wrong_language_english,A,,
de,expert,joshua,noun_shown_lowercase,C,,
de,expert,jubiläums,noun_shown_lowercase,C,,
de,expert,jugoslawien,noun_shown_lowercase,C,,
de,expert,jun,wrong_language_english,A,,
de,expert,jupiter,noun_shown_lowercase,C,,
de,expert,justus,noun_shown_lowercase,C,,
de,expert,kabarett,noun_shown_lowercase,C,,
de,expert,kahn,noun_shown_lowercase,C,,
de,expert,kaliber,noun_shown_lowercase,C,,
de,expert,kammern,noun_shown_lowercase,C,,
de,expert,kampfes,noun_shown_lowercase,C,,
de,expert,kan,proper_noun,B,,
de,expert,kanadier,noun_shown_lowercase,C,,
de,expert,kandidatin,noun_shown_lowercase,C,,
de,expert,kantons,noun_shown_lowercase,C,,
de,expert,karate,noun_shown_lowercase,C,,
de,expert,karen,proper_noun,B,,
de,expert,karikatur,noun_shown_lowercase,C,,
de,expert,karls,noun_shown_lowercase,C,,
de,expert,karsten,noun_shown_lowercase,C,,
de,expert,katar,noun_shown_lowercase,C,,
de,expert,kathedrale,noun_shown_lowercase,C,,
de,expert,kathrin,noun_shown_lowercase,C,,
de,expert,katz,noun_shown_lowercase,C,,
de,expert,kaufpreis,noun_shown_lowercase,C,,
de,expert,kaution,noun_shown_lowercase,C,,
de,expert,keil,noun_shown_lowercase,C,,
de,expert,keith,proper_noun,B,,
de,expert,kempten,noun_shown_lowercase,C,,
de,expert,kenner,noun_shown_lowercase,C,,
de,expert,kessler,proper_noun,B,,
de,expert,kickers,noun_shown_lowercase,C,,
de,expert,kindergeld,noun_shown_lowercase,C,,
de,expert,kindle,wrong_language_english,A,,
de,expert,kings,wrong_language_english,A,,
de,expert,kinn,noun_shown_lowercase,C,,
de,expert,kiss,wrong_language_english,A,,
de,expert,klassenzimmer,noun_shown_lowercase,C,,
de,expert,klausel,noun_shown_lowercase,C,,
de,expert,kleinkind,noun_shown_lowercase,C,,
de,expert,klischee,noun_shown_lowercase,C,,
de,expert,klischees,noun_shown_lowercase,C,,
de,expert,knight,wrong_language_english,A,,
de,expert,komfort,noun_shown_lowercase,C,,
de,expert,komiker,noun_shown_lowercase,C,,
de,expert,komma,noun_shown_lowercase,C,,
de,expert,kompromisse,noun_shown_lowercase,C,,
de,expert,konferenzen,noun_shown_lowercase,C,,
de,expert,kongo,noun_shown_lowercase,C,,
de,expert,konsolen,noun_shown_lowercase,C,,
de,expert,kontinuität,noun_shown_lowercase,C,,
de,expert,kooperationen,noun_shown_lowercase,C,,
de,expert,korrekturen,noun_shown_lowercase,C,,
de,expert,kosmetik,noun_shown_lowercase,C,,
de,expert,kraftwerke,noun_shown_lowercase,C,,
de,expert,krankenhauses,noun_shown_lowercase,C,,
de,expert,kratzer,noun_shown_lowercase,C,,
de,expert,kraut,noun_shown_lowercase,C,,
de,expert,krawatte,noun_shown_lowercase,C,,
de,expert,kreditkarten,noun_shown_lowercase,C,,
de,expert,kreisstadt,noun_shown_lowercase,C,,
de,expert,kreuzer,noun_shown_lowercase,C,,
de,expert,kriegsende,noun_shown_lowercase,C,,
de,expert,kristall,noun_shown_lowercase,C,,
de,expert,kritikern,noun_shown_lowercase,C,,
de,expert,kruse,not_in_reference_dictionary,C,,
de,expert,kuhn,noun_shown_lowercase,C,,
de,expert,kundenservice,noun_shown_lowercase,C,,
de,expert,kundschaft,noun_shown_lowercase,C,,
de,expert,kunstgeschichte,noun_shown_lowercase,C,,
de,expert,kurfürsten,noun_shown_lowercase,C,,
de,expert,kursen,noun_shown_lowercase,C,,
de,expert,käfig,noun_shown_lowercase,C,,
de,expert,kärntner,noun_shown_lowercase,C,,
de,expert,kätzchen,noun_shown_lowercase,C,,
de,expert,körner,noun_shown_lowercase,C,,
de,expert,küken,noun_shown_lowercase,C,,
de,expert,küsten,noun_shown_lowercase,C,,
de,expert,labyrinth,noun_shown_lowercase,C,,
de,expert,lamm,noun_shown_lowercase,C,,
de,expert,landau,noun_shown_lowercase,C,,
de,expert,landesamt,noun_shown_lowercase,C,,
de,expert,landesverband,noun_shown_lowercase,C,,
de,expert,landhaus,noun_shown_lowercase,C,,
de,expert,landkreise,noun_shown_lowercase,C,,
de,expert,landtags,noun_shown_lowercase,C,,
de,expert,lane,wrong_language_english,A,,
de,expert,language,wrong_language_english,A,,
de,expert,larven,noun_shown_lowercase,C,,
de,expert,late,wrong_language_english,A,,
de,expert,laterne,noun_shown_lowercase,C,,
de,expert,latex,noun_shown_lowercase,C,,
de,expert,lausanne,noun_shown_lowercase,C,,
de,expert,lauterbach,noun_shown_lowercase,C,,
de,expert,leb,abbreviation_or_noise,A,,
de,expert,lebenserwartung,noun_shown_lowercase,C,,
de,expert,lebensfreude,noun_shown_lowercase,C,,
de,expert,lebensgefahr,noun_shown_lowercase,C,,
de,expert,lebenswerk,noun_shown_lowercase,C,,
de,expert,lebzeiten,noun_shown_lowercase,C,,
de,expert,legion,noun_shown_lowercase,C,,
de,expert,legitimation,noun_shown_lowercase,C,,
de,expert,lehr,proper_noun,B,,
de,expert,lehramt,noun_shown_lowercase,C,,
de,expert,lehrerinnen,noun_shown_lowercase,C,,
de,expert,lehrgang,noun_shown_lowercase,C,,
de,expert,lehrkräfte,noun_shown_lowercase,C,,
de,expert,lehrstuhl,noun_shown_lowercase,C,,
de,expert,leichnam,noun_shown_lowercase,C,,
de,expert,lenin,noun_shown_lowercase,C,,
de,expert,lenkrad,noun_shown_lowercase,C,,
de,expert,leonhard,noun_shown_lowercase,C,,
de,expert,lettland,noun_shown_lowercase,C,,
de,expert,letzt,noun_shown_lowercase,C,,
de,expert,leuchtturm,noun_shown_lowercase,C,,
de,expert,lewandowski,proper_noun,B,,
de,expert,liam,proper_noun,B,,
de,expert,liberalismus,noun_shown_lowercase,C,,
de,expert,lieutenant,wrong_language_english,A,,
de,expert,ligen,noun_shown_lowercase,C,,
de,expert,lilly,proper_noun,B,,
de,expert,limited,wrong_language_english,A,,
de,expert,lin,proper_noun,B,,
de,expert,lina,proper_noun,B,,
de,expert,lindau,noun_shown_lowercase,C,,
de,expert,linsen,noun_shown_lowercase,C,,
de,expert,lionel,proper_noun,B,,
de,expert,lions,wrong_language_english,A,,
de,expert,livestream,not_in_reference_dictionary,C,,
de,expert,liveticker,not_in_reference_dictionary,C,,
de,expert,living,wrong_language_english,A,,
de,expert,lizenzen,noun_shown_lowercase,C,,
de,expert,logos,noun_shown_lowercase,C,,
de,expert,lot,noun_shown_lowercase,C,,
de,expert,luc,proper_noun,B,,
de,expert,lucke,not_in_reference_dictionary,C,,
de,expert,luftfeuchtigkeit,noun_shown_lowercase,C,,
de,expert,lungen,noun_shown_lowercase,C,,
de,expert,lux,noun_shown_lowercase,C,,
de,expert,lyon,noun_shown_lowercase,C,,
de,expert,länderspiel,noun_shown_lowercase,C,,
de,expert,längen,noun_shown_lowercase,C,,
de,expert,magdeburger,noun_shown_lowercase,C,,
de,expert,magier,noun_shown_lowercase,C,,
de,expert,magistrat,noun_shown_lowercase,C,,
de,expert,mahlzeiten,noun_shown_lowercase,C,,
de,expert,mali,noun_shown_lowercase,C,,
de,expert,mami,noun_shown_lowercase,C,,
de,expert,manier,noun_shown_lowercase,C,,
de,expert,manuela,noun_shown_lowercase,C,,
de,expert,manöver,noun_shown_lowercase,C,,
de,expert,marihuana,noun_shown_lowercase,C,,
de,expert,marius,noun_shown_lowercase,C,,
de,expert,markenzeichen,noun_shown_lowercase,C,,
de,expert,marseille,noun_shown_lowercase,C,,
de,expert,martini,noun_shown_lowercase,C,,
de,expert,mathematiker,noun_shown_lowercase,C,,
de,expert,mediathek,noun_shown_lowercase,C,,
de,expert,medical,wrong_language_english,A,,
de,expert,meditation,noun_shown_lowercase,C,,
de,expert,meeres,noun_shown_lowercase,C,,
de,expert,meh,wrong_language_english,A,,
de,expert,meile,noun_shown_lowercase,C,,
de,expert,meilenstein,noun_shown_lowercase,C,,
de,expert,meisters,noun_shown_lowercase,C,,
de,expert,mel,proper_noun,B,,
de,expert,melbourne,noun_shown_lowercase,C,,
de,expert,mensa,noun_shown_lowercase,C,,
de,expert,message,wrong_language_english,A,,
de,expert,messenger,wrong_language_english,A,,
de,expert,messi,proper_noun,B,,
de,expert,met,noun_shown_lowercase,C,,
de,expert,meta,wrong_language_english,A,,
de,expert,metapher,noun_shown_lowercase,C,,
de,expert,methodik,noun_shown_lowercase,C,,
de,expert,metz,noun_shown_lowercase,C,,
de,expert,mexico,proper_noun,B,,
de,expert,mexikaner,noun_shown_lowercase,C,,
de,expert,mietvertrag,noun_shown_lowercase,C,,
de,expert,milan,noun_shown_lowercase,C,,
de,expert,mill,wrong_language_english,A,,
de,expert,minecraft,proper_noun,B,,
de,expert,minen,noun_shown_lowercase,C,,
de,expert,missionen,noun_shown_lowercase,C,,
de,expert,missstände,noun_shown_lowercase,C,,
de,expert,mister,noun_shown_lowercase,C,,
de,expert,mitchell,proper_noun,B,,
de,expert,mitspieler,noun_shown_lowercase,C,,
de,expert,mitteleuropa,noun_shown_lowercase,C,,
de,expert,mobilfunk,noun_shown_lowercase,C,,
de,expert,modul,noun_shown_lowercase,C,,
de,expert,mohr,noun_shown_lowercase,C,,
de,expert,montana,noun_shown_lowercase,C,,
de,expert,moor,noun_shown_lowercase,C,,
de,expert,moos,noun_shown_lowercase,C,,
de,expert,moscheen,noun_shown_lowercase,C,,
de,expert,mose,noun_shown_lowercase,C,yes,
de,expert,mosel,noun_shown_lowercase,C,,
de,expert,motorräder,noun_shown_lowercase,C,,
de,expert,move,wrong_language_english,A,,
de,expert,mundart,noun_shown_lowercase,C,,
de,expert,murphy,proper_noun,B,,
de,expert,mutmassliche,misspelled_missing_diacritic,A,,→ mutmaßliche
de,expert,mutmasslichen,misspelled_missing_diacritic,A,,→ mutmaßlichen
de,expert,mythologie,noun_shown_lowercase,C,,
de,expert,mächte,noun_shown_lowercase,C,,
de,expert,märtyrer,noun_shown_lowercase,C,,
de,expert,mühlen,noun_shown_lowercase,C,,
de,expert,mülleimer,noun_shown_lowercase,C,,
de,expert,mündung,noun_shown_lowercase,C,,
de,expert,müttern,noun_shown_lowercase,C,,
de,expert,nachkriegszeit,noun_shown_lowercase,C,,
de,expert,nachname,noun_shown_lowercase,C,,
de,expert,nadeln,noun_shown_lowercase,C,,
de,expert,nadine,noun_shown_lowercase,C,,
de,expert,nasen,noun_shown_lowercase,C,,
de,expert,nat,proper_noun,B,,
de,expert,navi,noun_shown_lowercase,C,,
de,expert,neil,proper_noun,B,,
de,expert,neuanfang,noun_shown_lowercase,C,,
de,expert,neuhaus,noun_shown_lowercase,C,,
de,expert,neustart,noun_shown_lowercase,C,,
de,expert,nicholas,proper_noun,B,,
de,expert,nickel,noun_shown_lowercase,C,,
de,expert,niedergang,noun_shown_lowercase,C,,
de,expert,niederrhein,noun_shown_lowercase,C,,
de,expert,nietzsche,noun_shown_lowercase,C,,
de,expert,nische,noun_shown_lowercase,C,,
de,expert,nissan,noun_shown_lowercase,C,,
de,expert,nizza,noun_shown_lowercase,C,,
de,expert,nope,wrong_language_english,A,,
de,expert,nordafrika,noun_shown_lowercase,C,,
de,expert,nordwesten,noun_shown_lowercase,C,,
de,expert,normalität,noun_shown_lowercase,C,,
de,expert,notaufnahme,noun_shown_lowercase,C,,
de,expert,oberfranken,noun_shown_lowercase,C,,
de,expert,oberkörper,noun_shown_lowercase,C,,
de,expert,obhut,noun_shown_lowercase,C,,
de,expert,ocean,wrong_language_english,A,,
de,expert,od,misspelled_missing_diacritic,A,,→ öd
de,expert,odenwald,noun_shown_lowercase,C,,
de,expert,oecd,not_in_reference_dictionary,C,,
de,expert,oesterreich,not_in_reference_dictionary,C,,
de,expert,offenbarung,noun_shown_lowercase,C,,
de,expert,officer,wrong_language_english,A,,
de,expert,ohnmacht,noun_shown_lowercase,C,,
de,expert,okt,abbreviation_or_noise,A,,
de,expert,ole,wrong_language_english,A,,
de,expert,olga,noun_shown_lowercase,C,,
de,expert,omas,noun_shown_lowercase,C,,
de,expert,omg,wrong_language_other,A,,pl
de,expert,oo,wrong_language_other,A,,pl
de,expert,opera,wrong_language_english,A,,
de,expert,opern,noun_shown_lowercase,C,,
de,expert,optimismus,noun_shown_lowercase,C,,
de,expert,ordens,noun_shown_lowercase,C,,
de,expert,oslo,noun_shown_lowercase,C,,
de,expert,ostdeutschland,noun_shown_lowercase,C,,
de,expert,ot,wrong_language_other,A,,pl
de,expert,ott,abbreviation_or_noise,A,,
de,expert,owen,proper_noun,B,,
de,expert,oz,wrong_language_english,A,,
de,expert,palace,wrong_language_english,A,,
de,expert,palais,noun_shown_lowercase,C,,
de,expert,palette,noun_shown_lowercase,C,,
de,expert,palma,noun_shown_lowercase,C,,
de,expert,palästinenser,noun_shown_lowercase,C,,
de,expert,panama,noun_shown_lowercase,C,,
de,expert,pandemie,noun_shown_lowercase,C,,
de,expert,panne,noun_shown_lowercase,C,,
de,expert,panther,noun_shown_lowercase,C,,
de,expert,paprika,noun_shown_lowercase,C,,
de,expert,papstes,noun_shown_lowercase,C,,
de,expert,parasiten,noun_shown_lowercase,C,,
de,expert,parodie,noun_shown_lowercase,C,,
de,expert,parolen,noun_shown_lowercase,C,,
de,expert,partners,noun_shown_lowercase,C,,
de,expert,passion,noun_shown_lowercase,C,,
de,expert,patricia,noun_shown_lowercase,C,,
de,expert,peace,wrong_language_english,A,,
de,expert,pearl,wrong_language_english,A,,
de,expert,pendant,noun_shown_lowercase,C,,
de,expert,pendler,noun_shown_lowercase,C,,
de,expert,penner,noun_shown_lowercase,C,,
de,expert,pete,proper_noun,B,,
de,expert,petersen,noun_shown_lowercase,C,,
de,expert,pfannkuchen,noun_shown_lowercase,C,,
de,expert,pfarrei,noun_shown_lowercase,C,,
de,expert,phantom,noun_shown_lowercase,C,,
de,expert,pharma,not_in_reference_dictionary,C,,
de,expert,phone,wrong_language_english,A,,
de,expert,photoshop,noun_shown_lowercase,C,,
de,expert,phänomene,noun_shown_lowercase,C,,
de,expert,picasso,noun_shown_lowercase,C,,
de,expert,pick,noun_shown_lowercase,C,,
de,expert,pillen,noun_shown_lowercase,C,,
de,expert,pinkeln,,,yes,
de,expert,piper,wrong_language_english,A,,
de,expert,planck,noun_shown_lowercase,C,,
de,expert,planmässig,misspelled_missing_diacritic,A,,→ planmäßig
de,expert,platin,noun_shown_lowercase,C,,
de,expert,platzes,noun_shown_lowercase,C,,
de,expert,playoffs,noun_shown_lowercase,C,,
de,expert,plätzchen,noun_shown_lowercase,C,,
de,expert,podium,noun_shown_lowercase,C,,
de,expert,polemik,noun_shown_lowercase,C,,
de,expert,polens,noun_shown_lowercase,C,,
de,expert,policy,wrong_language_english,A,,
de,expert,popularität,noun_shown_lowercase,C,,
de,expert,populismus,noun_shown_lowercase,C,,
de,expert,portrait,wrong_language_english,A,,
de,expert,porträts,noun_shown_lowercase,C,,
de,expert,posen,noun_shown_lowercase,C,,
de,expert,postfach,noun_shown_lowercase,C,,
de,expert,posts,wrong_language_english,A,,
de,expert,pracht,noun_shown_lowercase,C,,
de,expert,prager,noun_shown_lowercase,C,,
de,expert,pressefreiheit,noun_shown_lowercase,C,,
de,expert,price,wrong_language_english,A,,
de,expert,privatisierung,noun_shown_lowercase,C,,
de,expert,product,wrong_language_english,A,,
de,expert,programmierung,noun_shown_lowercase,C,,
de,expert,projektleiter,noun_shown_lowercase,C,,
de,expert,promille,noun_shown_lowercase,C,,
de,expert,prosa,noun_shown_lowercase,C,,
de,expert,prosieben,not_in_reference_dictionary,C,,
de,expert,protestanten,noun_shown_lowercase,C,,
de,expert,protokolle,noun_shown_lowercase,C,,
de,expert,prototyp,noun_shown_lowercase,C,,
de,expert,provider,noun_shown_lowercase,C,,
de,expert,provision,noun_shown_lowercase,C,,
de,expert,prozentsatz,noun_shown_lowercase,C,,
de,expert,prozessor,noun_shown_lowercase,C,,
de,expert,prägung,noun_shown_lowercase,C,,
de,expert,prämie,noun_shown_lowercase,C,,
de,expert,prämien,noun_shown_lowercase,C,,
de,expert,präzision,noun_shown_lowercase,C,,
de,expert,prüfer,noun_shown_lowercase,C,,
de,expert,psycho,wrong_language_english,A,,
de,expert,psychologe,noun_shown_lowercase,C,,
de,expert,pubertät,noun_shown_lowercase,C,,
de,expert,quark,noun_shown_lowercase,C,,
de,expert,querschnitt,noun_shown_lowercase,C,,
de,expert,rachel,noun_shown_lowercase,C,,
de,expert,radiosender,noun_shown_lowercase,C,,
de,expert,radler,noun_shown_lowercase,C,,
de,expert,raphael,noun_shown_lowercase,C,,
de,expert,raumfahrt,noun_shown_lowercase,C,,
de,expert,raumschiff,noun_shown_lowercase,C,,
de,expert,rebellion,noun_shown_lowercase,C,,
de,expert,rechenschaft,noun_shown_lowercase,C,,
de,expert,recklinghausen,noun_shown_lowercase,C,,
de,expert,referenten,noun_shown_lowercase,C,,
de,expert,referenz,noun_shown_lowercase,C,,
de,expert,reflexion,noun_shown_lowercase,C,,
de,expert,regelmässiger,misspelled_missing_diacritic,A,,→ regelmäßiger
de,expert,regenbogen,noun_shown_lowercase,C,,
de,expert,reha,noun_shown_lowercase,C,,
de,expert,reinhardt,noun_shown_lowercase,C,,
de,expert,rekonstruktion,noun_shown_lowercase,C,,
de,expert,relegation,noun_shown_lowercase,C,,
de,expert,remix,wrong_language_english,A,,
de,expert,renner,noun_shown_lowercase,C,,
de,expert,res,wrong_language_english,A,,
de,expert,reserven,noun_shown_lowercase,C,,
de,expert,rettungsdienst,noun_shown_lowercase,C,,
de,expert,reuter,noun_shown_lowercase,C,,
de,expert,rica,noun_shown_lowercase,C,,
de,expert,ried,noun_shown_lowercase,C,,
de,expert,riese,noun_shown_lowercase,C,,
de,expert,rinder,noun_shown_lowercase,C,,
de,expert,rippen,noun_shown_lowercase,C,,
de,expert,roberts,noun_shown_lowercase,C,,
de,expert,robinson,noun_shown_lowercase,C,,
de,expert,rocket,wrong_language_english,A,,
de,expert,rocky,wrong_language_english,A,,
de,expert,rohre,noun_shown_lowercase,C,,
de,expert,roms,noun_shown_lowercase,C,,
de,expert,rosenberg,noun_shown_lowercase,C,,
de,expert,rost,noun_shown_lowercase,C,,
de,expert,routen,noun_shown_lowercase,C,,
de,expert,rover,wrong_language_english,A,,
de,expert,ruck,noun_shown_lowercase,C,,
de,expert,rudolph,noun_shown_lowercase,C,,
de,expert,rumpf,noun_shown_lowercase,C,,
de,expert,rundgang,noun_shown_lowercase,C,,
de,expert,running,wrong_language_english,A,,
de,expert,rupert,noun_shown_lowercase,C,,
de,expert,russe,noun_shown_lowercase,C,,
de,expert,räumung,noun_shown_lowercase,C,,
de,expert,rückgabe,noun_shown_lowercase,C,,
de,expert,rückgrat,noun_shown_lowercase,C,,
de,expert,rückrunde,noun_shown_lowercase,C,,
de,expert,saar,noun_shown_lowercase,C,,
de,expert,sabrina,noun_shown_lowercase,C,,
de,expert,sami,proper_noun,B,,
de,expert,sander,wrong_language_english,A,,
de,expert,sarg,noun_shown_lowercase,C,,
de,expert,sauerland,noun_shown_lowercase,C,,
de,expert,scanner,noun_shown_lowercase,C,,
de,expert,schauer,noun_shown_lowercase,C,,
de,expert,schaum,noun_shown_lowercase,C,,
de,expert,scheinwerfer,noun_shown_lowercase,C,,
de,expert,scheissen,misspelled_missing_diacritic,A,,→ scheißen
de,expert,schlepper,noun_shown_lowercase,C,,
de,expert,schlucht,noun_shown_lowercase,C,,
de,expert,schlussfolgerung,noun_shown_lowercase,C,,
de,expert,schlägerei,noun_shown_lowercase,C,,
de,expert,schmeiss,misspelled_missing_diacritic,A,,→ schmeiß
de,expert,schmetterlinge,noun_shown_lowercase,C,,
de,expert,schnelligkeit,noun_shown_lowercase,C,,
de,expert,schnittstelle,noun_shown_lowercase,C,,
de,expert,schranken,noun_shown_lowercase,C,,
de,expert,schriftstellerin,noun_shown_lowercase,C,,
de,expert,schriftzug,noun_shown_lowercase,C,,
de,expert,schulabschluss,noun_shown_lowercase,C,,
de,expert,schultz,noun_shown_lowercase,C,,
de,expert,schweiger,noun_shown_lowercase,C,,
de,expert,screen,wrong_language_english,A,,
de,expert,seat,wrong_language_english,A,,
de,expert,seattle,noun_shown_lowercase,C,,
de,expert,sees,noun_shown_lowercase,C,,
de,expert,seide,noun_shown_lowercase,C,,
de,expert,seins,noun_shown_lowercase,C,,
de,expert,sekretärin,noun_shown_lowercase,C,,
de,expert,sekte,noun_shown_lowercase,C,,
de,expert,seltenheit,noun_shown_lowercase,C,,
de,expert,senats,noun_shown_lowercase,C,,
de,expert,senders,noun_shown_lowercase,C,,
de,expert,sensation,noun_shown_lowercase,C,,
de,expert,sept,noun_shown_lowercase,C,,
de,expert,shooting,wrong_language_english,A,,
de,expert,shuttle,noun_shown_lowercase,C,,
de,expert,siedler,noun_shown_lowercase,C,,
de,expert,siedlungen,noun_shown_lowercase,C,,
de,expert,sigmaringen,noun_shown_lowercase,C,,
de,expert,silvia,noun_shown_lowercase,C,,
de,expert,site,wrong_language_english,A,,
de,expert,sitten,noun_shown_lowercase,C,,
de,expert,six,wrong_language_english,A,,
de,expert,skandinavien,noun_shown_lowercase,C,,
de,expert,skizzen,noun_shown_lowercase,C,,
de,expert,skype,noun_shown_lowercase,C,,
de,expert,slalom,noun_shown_lowercase,C,,
de,expert,snow,wrong_language_english,A,,
de,expert,sockel,noun_shown_lowercase,C,,
de,expert,sommerpause,noun_shown_lowercase,C,,
de,expert,sonde,noun_shown_lowercase,C,,
de,expert,sonnabend,noun_shown_lowercase,C,,
de,expert,sonnenbrille,noun_shown_lowercase,C,,
de,expert,sonnenlicht,noun_shown_lowercase,C,,
de,expert,soooo,not_in_reference_dictionary,C,,
de,expert,sounds,noun_shown_lowercase,C,,
de,expert,spaghetti,noun_shown_lowercase,C,,
de,expert,spahn,proper_noun,B,,
de,expert,spargel,noun_shown_lowercase,C,,
de,expert,speer,noun_shown_lowercase,C,,
de,expert,spekulation,noun_shown_lowercase,C,,
de,expert,speyer,noun_shown_lowercase,C,,
de,expert,spiess,not_in_reference_dictionary,C,,
de,expert,spirit,wrong_language_english,A,,
de,expert,sportverein,noun_shown_lowercase,C,,
de,expert,sportwagen,noun_shown_lowercase,C,,
de,expert,spott,noun_shown_lowercase,C,,
de,expert,sprengstoff,noun_shown_lowercase,C,,
de,expert,sprünge,noun_shown_lowercase,C,,
de,expert,stade,noun_shown_lowercase,C,,
de,expert,stadtteile,noun_shown_lowercase,C,,
de,expert,stadtzentrum,noun_shown_lowercase,C,,
de,expert,stage,wrong_language_english,A,,
de,expert,stan,proper_noun,B,,
de,expert,stande,noun_shown_lowercase,C,,
de,expert,starter,noun_shown_lowercase,C,,
de,expert,startseite,noun_shown_lowercase,C,,
de,expert,startup,wrong_language_english,A,,
de,expert,states,wrong_language_english,A,,
de,expert,staubsauger,noun_shown_lowercase,C,,
de,expert,stecker,noun_shown_lowercase,C,,
de,expert,stellungnahmen,noun_shown_lowercase,C,,
de,expert,steyr,noun_shown_lowercase,C,,
de,expert,sticker,noun_shown_lowercase,C,,
de,expert,stiessen,misspelled_missing_diacritic,A,,→ stießen
de,expert,stile,noun_shown_lowercase,C,,
de,expert,stipendium,noun_shown_lowercase,C,,
de,expert,stockwerk,noun_shown_lowercase,C,,
de,expert,storm,noun_shown_lowercase,C,,
de,expert,straubing,noun_shown_lowercase,C,,
de,expert,stromversorgung,noun_shown_lowercase,C,,
de,expert,strophe,noun_shown_lowercase,C,,
de,expert,stuart,noun_shown_lowercase,C,,
de,expert,stützpunkt,noun_shown_lowercase,C,,
de,expert,subjekt,noun_shown_lowercase,C,,
de,expert,subventionen,noun_shown_lowercase,C,,
de,expert,superstar,noun_shown_lowercase,C,,
de,expert,sus,wrong_language_other,A,,es
de,expert,sushi,noun_shown_lowercase,C,,
de,expert,swing,noun_shown_lowercase,C,,
de,expert,symbolik,noun_shown_lowercase,C,,
de,expert,symptom,noun_shown_lowercase,C,,
de,expert,synthese,noun_shown_lowercase,C,,
de,expert,süddeutschland,noun_shown_lowercase,C,,
de,expert,südosten,noun_shown_lowercase,C,,
de,expert,tablets,wrong_language_english,A,,
de,expert,taiwan,noun_shown_lowercase,C,,
de,expert,taliban,noun_shown_lowercase,C,,
de,expert,tan,wrong_language_english,A,,
de,expert,tango,noun_shown_lowercase,C,,
de,expert,techno,noun_shown_lowercase,C,,
de,expert,teheran,noun_shown_lowercase,C,,
de,expert,tell,noun_shown_lowercase,C,,
de,expert,teresa,noun_shown_lowercase,C,,
de,expert,terrain,noun_shown_lowercase,C,,
de,expert,testspiel,noun_shown_lowercase,C,,
de,expert,theaterstück,noun_shown_lowercase,C,,
de,expert,them,wrong_language_english,A,,
de,expert,theologen,noun_shown_lowercase,C,,
de,expert,theory,wrong_language_english,A,,
de,expert,theresa,noun_shown_lowercase,C,,
de,expert,think,wrong_language_english,A,,
de,expert,three,wrong_language_english,A,,
de,expert,thun,noun_shown_lowercase,C,,
de,expert,til,wrong_language_english,A,,
de,expert,timing,noun_shown_lowercase,C,,
de,expert,tinte,noun_shown_lowercase,C,,
de,expert,titanic,noun_shown_lowercase,C,,
de,expert,toast,noun_shown_lowercase,C,,
de,expert,today,wrong_language_english,A,,
de,expert,todesopfer,noun_shown_lowercase,C,,
de,expert,toronto,noun_shown_lowercase,C,,
de,expert,torsten,noun_shown_lowercase,C,,
de,expert,tourist,noun_shown_lowercase,C,,
de,expert,tracht,noun_shown_lowercase,C,,
de,expert,trainings,noun_shown_lowercase,C,,
de,expert,traktor,noun_shown_lowercase,C,,
de,expert,trasse,noun_shown_lowercase,C,,
de,expert,trauben,noun_shown_lowercase,C,,
de,expert,travel,wrong_language_english,A,,
de,expert,treibstoff,noun_shown_lowercase,C,,
de,expert,trinkgeld,noun_shown_lowercase,C,,
de,expert,truck,wrong_language_english,A,,
de,expert,tube,noun_shown_lowercase,C,,
de,expert,tugend,noun_shown_lowercase,C,,
de,expert,tumblr,wrong_language_other,A,,pl
de,expert,turin,noun_shown_lowercase,C,,
de,expert,turniere,noun_shown_lowercase,C,,
de,expert,tänzerin,noun_shown_lowercase,C,,
de,expert,täuschung,noun_shown_lowercase,C,,
de,expert,ua,wrong_language_other,A,,fr
de,expert,umsätze,noun_shown_lowercase,C,,
de,expert,une,wrong_language_other,A,,es
de,expert,unfug,noun_shown_lowercase,C,,
de,expert,unfällen,noun_shown_lowercase,C,,
de,expert,ungerechtigkeit,noun_shown_lowercase,C,,
de,expert,universums,noun_shown_lowercase,C,,
de,expert,unmut,noun_shown_lowercase,C,,
de,expert,unregelmässig,misspelled_missing_diacritic,A,,→ unregelmäßig
de,expert,unzufriedenheit,noun_shown_lowercase,C,,
de,expert,ursprungs,noun_shown_lowercase,C,,
de,expert,uruguay,noun_shown_lowercase,C,,
de,expert,utopie,noun_shown_lowercase,C,,
de,expert,va,proper_noun,B,,
de,expert,vakuum,noun_shown_lowercase,C,,
de,expert,val,wrong_language_english,A,,
de,expert,value,wrong_language_english,A,,
de,expert,vegetarier,noun_shown_lowercase,C,,
de,expert,vegetation,noun_shown_lowercase,C,,
de,expert,verabschiedung,noun_shown_lowercase,C,,
de,expert,verachtung,noun_shown_lowercase,C,,
de,expert,verbote,noun_shown_lowercase,C,,
de,expert,verbundenheit,noun_shown_lowercase,C,,
de,expert,verdi,noun_shown_lowercase,C,,
de,expert,vergass,misspelled_missing_diacritic,A,,→ vergaß
de,expert,vergessenheit,noun_shown_lowercase,C,,
de,expert,vergewaltiger,noun_shown_lowercase,C,,
de,expert,vergrösserung,not_in_reference_dictionary,C,,
de,expert,verhinderung,noun_shown_lowercase,C,,
de,expert,verlusten,noun_shown_lowercase,C,,
de,expert,vermittler,noun_shown_lowercase,C,,
de,expert,vermutungen,noun_shown_lowercase,C,,
de,expert,vermögens,noun_shown_lowercase,C,,
de,expert,verordnungen,noun_shown_lowercase,C,,
de,expert,versammlungen,noun_shown_lowercase,C,,
de,expert,verschliessen,misspelled_missing_diacritic,A,,→ verschließen
de,expert,verschwendung,noun_shown_lowercase,C,,
de,expert,verse,noun_shown_lowercase,C,,
de,expert,verspätungen,noun_shown_lowercase,C,,
de,expert,versuchs,noun_shown_lowercase,C,,
de,expert,versöhnung,noun_shown_lowercase,C,,
de,expert,vertrauens,noun_shown_lowercase,C,,
de,expert,vertreibung,noun_shown_lowercase,C,,
de,expert,verwalter,noun_shown_lowercase,C,,
de,expert,verwertung,noun_shown_lowercase,C,,
de,expert,viagra,noun_shown_lowercase,C,,
de,expert,videospiele,noun_shown_lowercase,C,,
de,expert,vie,wrong_language_english,A,,
de,expert,violine,noun_shown_lowercase,C,,
de,expert,visum,noun_shown_lowercase,C,,
de,expert,voigt,noun_shown_lowercase,C,,
de,expert,volks,noun_shown_lowercase,C,,
de,expert,volksrepublik,noun_shown_lowercase,C,,
de,expert,volksschule,noun_shown_lowercase,C,,
de,expert,vollendung,noun_shown_lowercase,C,,
de,expert,volvo,noun_shown_lowercase,C,,
de,expert,vorderseite,noun_shown_lowercase,C,,
de,expert,vorlieben,noun_shown_lowercase,C,,
de,expert,vormarsch,noun_shown_lowercase,C,,
de,expert,vorort,noun_shown_lowercase,C,,
de,expert,vorschau,noun_shown_lowercase,C,,
de,expert,vorschlägen,noun_shown_lowercase,C,,
de,expert,vorstandes,noun_shown_lowercase,C,,
de,expert,vorstoss,not_in_reference_dictionary,C,,
de,expert,vortag,noun_shown_lowercase,C,,
de,expert,vorträgen,noun_shown_lowercase,C,,
de,expert,völkern,noun_shown_lowercase,C,,
de,expert,völkerrecht,noun_shown_lowercase,C,,
de,expert,waffenstillstand,noun_shown_lowercase,C,,
de,expert,wagens,noun_shown_lowercase,C,,
de,expert,wahlergebnis,noun_shown_lowercase,C,,
de,expert,wahn,noun_shown_lowercase,C,,
de,expert,wahrheiten,noun_shown_lowercase,C,,
de,expert,wahrung,noun_shown_lowercase,C,,
de,expert,wahrzeichen,noun_shown_lowercase,C,,
de,expert,wales,noun_shown_lowercase,C,,
de,expert,wan,wrong_language_english,A,,
de,expert,warnungen,noun_shown_lowercase,C,,
de,expert,wasserfall,noun_shown_lowercase,C,,
de,expert,websites,noun_shown_lowercase,C,,
de,expert,wedding,noun_shown_lowercase,C,,
de,expert,week,wrong_language_english,A,,
de,expert,wegfall,noun_shown_lowercase,C,,
de,expert,weihnachtszeit,noun_shown_lowercase,C,,
de,expert,weiler,noun_shown_lowercase,C,,
de,expert,weils,not_in_reference_dictionary,C,,
de,expert,weissrussland,not_in_reference_dictionary,C,,
de,expert,welpen,noun_shown_lowercase,C,,
de,expert,wels,noun_shown_lowercase,C,,
de,expert,weltanschauung,noun_shown_lowercase,C,,
de,expert,wenzel,noun_shown_lowercase,C,,
de,expert,werks,noun_shown_lowercase,C,,
de,expert,westdeutschland,noun_shown_lowercase,C,,
de,expert,westeuropa,noun_shown_lowercase,C,,
de,expert,wetzlar,noun_shown_lowercase,C,,
de,expert,wichsen,,,yes,
de,expert,widersprüche,noun_shown_lowercase,C,,
de,expert,wiederaufnahme,noun_shown_lowercase,C,,
de,expert,wiedergabe,noun_shown_lowercase,C,,
de,expert,wiederholungen,noun_shown_lowercase,C,,
de,expert,wiederwahl,noun_shown_lowercase,C,,
de,expert,wiesn,not_in_reference_dictionary,C,,
de,expert,wildnis,noun_shown_lowercase,C,,
de,expert,willkür,noun_shown_lowercase,C,,
de,expert,wirbelsäule,noun_shown_lowercase,C,,
de,expert,wirtschaftskrise,noun_shown_lowercase,C,,
de,expert,witterung,noun_shown_lowercase,C,,
de,expert,wodka,noun_shown_lowercase,C,,
de,expert,wohlbefinden,noun_shown_lowercase,C,,
de,expert,wohnmobil,noun_shown_lowercase,C,,
de,expert,woman,wrong_language_english,A,,
de,expert,women,wrong_language_english,A,,
de,expert,wood,wrong_language_english,A,,
de,expert,wordpress,not_in_reference_dictionary,C,,
de,expert,wortschatz,noun_shown_lowercase,C,,
de,expert,wrack,noun_shown_lowercase,C,,
de,expert,wu,proper_noun,B,,
de,expert,wucht,noun_shown_lowercase,C,,
de,expert,würdigung,noun_shown_lowercase,C,,
de,expert,würzburger,noun_shown_lowercase,C,,
de,expert,xaver,noun_shown_lowercase,C,,
de,expert,xiv,wrong_language_english,A,,
de,expert,yang,noun_shown_lowercase,C,,
de,expert,yen,noun_shown_lowercase,C,,
de,expert,yvonne,noun_shown_lowercase,C,,
de,expert,zeichner,noun_shown_lowercase,C,,
de,expert,zeitgeist,noun_shown_lowercase,C,,
de,expert,zen,noun_shown_lowercase,C,,
de,expert,zentralbank,noun_shown_lowercase,C,,
de,expert,zertifikat,noun_shown_lowercase,C,,
de,expert,zielsetzung,noun_shown_lowercase,C,,
de,expert,ziffer,noun_shown_lowercase,C,,
de,expert,ziffern,noun_shown_lowercase,C,,
de,expert,zink,noun_shown_lowercase,C,,
de,expert,zins,noun_shown_lowercase,C,,
de,expert,zitrone,noun_shown_lowercase,C,,
de,expert,zombies,noun_shown_lowercase,C,,
de,expert,zugabe,noun_shown_lowercase,C,,
de,expert,zuneigung,noun_shown_lowercase,C,,
de,expert,zuschlag,noun_shown_lowercase,C,,
de,expert,zuspruch,noun_shown_lowercase,C,,
de,expert,zutun,noun_shown_lowercase,C,,
de,expert,zuverlässigkeit,noun_shown_lowercase,C,,
de,expert,zuwanderer,noun_shown_lowercase,C,,
de,expert,zwerg,noun_shown_lowercase,C,,
de,expert,zwischenfall,noun_shown_lowercase,C,,
de,expert,öbb,abbreviation_or_noise,A,,
de,expert,ökologie,noun_shown_lowercase,C,,
de,expert,ökonomen,noun_shown_lowercase,C,,
de,expert,überleg,not_in_reference_dictionary,C,,
de,expert,überweisung,noun_shown_lowercase,C,,
de,expert,überwindung,noun_shown_lowercase,C,,
de,expert,überzeugungen,noun_shown_lowercase,C,,
pt,easy,comer,,,yes,
pt,medium,alex,proper_noun,B,,
pt,medium,alves,proper_noun,B,,
pt,medium,andré,proper_noun,B,,
pt,medium,bahia,proper_noun,B,,
pt,medium,cerveja,,,yes,
pt,medium,disney,proper_noun,B,,
pt,medium,europa,proper_noun,B,,
pt,medium,felipe,proper_noun,B,,
pt,medium,foda,,,yes,
pt,medium,gabriel,proper_noun,B,,
pt,medium,go,wrong_language_english,A,,
pt,medium,henrique,proper_noun,B,,
pt,medium,inferno,,,yes,
pt,medium,inglaterra,proper_noun,B,,
pt,medium,iorque,proper_noun,B,,
pt,medium,louis,proper_noun,B,,
pt,medium,luis,misspelled_missing_diacritic,A,,→ luís
pt,medium,music,wrong_language_english,A,,
pt,medium,méxico,proper_noun,B,,
pt,medium,oscar,proper_noun,B,,
pt,medium,pau,,,yes,
pt,medium,peter,proper_noun,B,,
pt,medium,rafael,proper_noun,B,,
pt,medium,school,wrong_language_english,A,,
pt,medium,voce,misspelled_missing_diacritic,A,,→ você
pt,medium,washington,proper_noun,B,,
pt,hard,about,wrong_language_english,A,,
pt,hard,abreu,proper_noun,B,,
pt,hard,ac,proper_noun,B,,
pt,hard,action,wrong_language_english,A,,
pt,hard,acções,not_in_reference_dictionary,C,,
pt,hard,albert,proper_noun,B,,
pt,hard,alexander,proper_noun,B,,
pt,hard,amador,,,yes,
pt,hard,america,proper_noun,B,,
pt,hard,american,proper_noun,B,,
pt,hard,américas,proper_noun,B,,
pt,hard,andrea,proper_noun,B,,
pt,hard,andy,proper_noun,B,,
pt,hard,assembléia,not_in_reference_dictionary,C,,
pt,hard,assis,proper_noun,B,,
pt,hard,atenas,proper_noun,B,,
pt,hard,au,proper_noun,B,,
pt,hard,awards,wrong_language_english,A,,
pt,hard,azevedo,proper_noun,B,,
pt,hard,bella,proper_noun,B,,
pt,hard,bruxelas,proper_noun,B,,
pt,hard,bueno,proper_noun,B,,
pt,hard,business,wrong_language_english,A,,
pt,hard,but,wrong_language_english,A,,
pt,hard,call,wrong_language_english,A,,
pt,hard,cap,wrong_language_english,A,,
pt,hard,carla,proper_noun,B,,
pt,hard,carter,wrong_language_english,A,,
pt,hard,chef,wrong_language_english,A,,
pt,hard,christian,wrong_language_english,A,,
pt,hard,cocaína,,,yes,
pt,hard,college,wrong_language_english,A,,
pt,hard,coutinho,proper_noun,B,,
pt,hard,cover,wrong_language_english,A,,
pt,hard,danilo,proper_noun,B,,
pt,hard,dave,proper_noun,B,,
pt,hard,davis,proper_noun,B,,
pt,hard,dean,wrong_language_english,A,,
pt,hard,death,wrong_language_english,A,,
pt,hard,dem,proper_noun,B,,
pt,hard,dennis,proper_noun,B,,
pt,hard,diogo,proper_noun,B,,
pt,hard,directamente,wrong_language_other,A,,es
pt,hard,doc,wrong_language_english,A,,
pt,hard,donald,proper_noun,B,,
pt,hard,dra,variety_mismatch,B,,VARIETY_PT_PT
pt,hard,duarte,proper_noun,B,,
pt,hard,dubai,proper_noun,B,,
pt,hard,dylan,proper_noun,B,,
pt,hard,dêem,not_in_reference_dictionary,C,,
pt,hard,east,wrong_language_english,A,,
pt,hard,económico,variety_mismatch,B,,VARIETY_PT_PT
pt,hard,eddie,proper_noun,B,,
pt,hard,elena,proper_noun,B,,
pt,hard,est,wrong_language_english,A,,
pt,hard,estréia,not_in_reference_dictionary,C,,
pt,hard,familia,misspelled_missing_diacritic,A,,→ família
pt,hard,family,wrong_language_english,A,,
pt,hard,friends,wrong_language_english,A,,
pt,hard,full,wrong_language_english,A,,
pt,hard,gabriela,proper_noun,B,,
pt,hard,galvão,proper_noun,B,,
pt,hard,geraldo,proper_noun,B,,
pt,hard,girls,wrong_language_english,A,,
pt,hard,goiânia,proper_noun,B,,
pt,hard,gold,wrong_language_english,A,,
pt,hard,gordon,proper_noun,B,,
pt,hard,grand,wrong_language_english,A,,
pt,hard,guy,wrong_language_english,A,,
pt,hard,harvard,proper_noun,B,,
pt,hard,he,proper_noun,B,,
pt,hard,hey,wrong_language_english,A,,
pt,hard,high,wrong_language_english,A,,
pt,hard,hop,wrong_language_english,A,,
pt,hard,hope,proper_noun,B,,
pt,hard,igor,proper_noun,B,,
pt,hard,information,wrong_language_english,A,,
pt,hard,institute,wrong_language_english,A,,
pt,hard,inácio,proper_noun,B,,
pt,hard,ios,misspelled_missing_diacritic,A,,→ iós
pt,hard,ip,abbreviation_or_noise,A,,
pt,hard,iso,abbreviation_or_noise,A,,
pt,hard,itunes,not_in_reference_dictionary,C,,
pt,hard,jacob,proper_noun,B,,
pt,hard,jair,proper_noun,B,,
pt,hard,jeff,proper_noun,B,,
pt,hard,jennifer,proper_noun,B,,
pt,hard,jerry,proper_noun,B,,
pt,hard,jersey,proper_noun,B,,
pt,hard,jimmy,wrong_language_english,A,,
pt,hard,jo,misspelled_missing_diacritic,A,,→ jó
pt,hard,jon,proper_noun,B,,
pt,hard,jonathan,proper_noun,B,,
pt,hard,jordan,proper_noun,B,,
pt,hard,josh,wrong_language_english,A,,
pt,hard,julio,proper_noun,B,,
pt,hard,júlio,proper_noun,B,,
pt,hard,karen,proper_noun,B,,
pt,hard,kate,proper_noun,B,,
pt,hard,kennedy,proper_noun,B,,
pt,hard,kids,wrong_language_english,A,,
pt,hard,know,wrong_language_english,A,,
pt,hard,league,wrong_language_english,A,,
pt,hard,let,wrong_language_english,A,,
pt,hard,lincoln,proper_noun,B,,
pt,hard,linux,proper_noun,B,,
pt,hard,luciano,proper_noun,B,,
pt,hard,luke,proper_noun,B,,
pt,hard,magalhães,proper_noun,B,,
pt,hard,mails,wrong_language_english,A,,
pt,hard,marcus,proper_noun,B,,
pt,hard,marie,proper_noun,B,,
pt,hard,master,wrong_language_english,A,,
pt,hard,matheus,proper_noun,B,,
pt,hard,maurício,proper_noun,B,,
pt,hard,men,wrong_language_english,A,,
pt,hard,morgan,proper_noun,B,,
pt,hard,ne,proper_noun,B,,
pt,hard,netflix,proper_noun,B,,
pt,hard,never,wrong_language_english,A,,
pt,hard,nicole,proper_noun,B,,
pt,hard,night,wrong_language_english,A,,
pt,hard,nigéria,proper_noun,B,,
pt,hard,office,wrong_language_english,A,,
pt,hard,oliver,proper_noun,B,,
pt,hard,over,wrong_language_english,A,,
pt,hard,património,variety_mismatch,B,,VARIETY_PT_PT
pt,hard,perry,proper_noun,B,,
pt,hard,pierre,proper_noun,B,,
pt,hard,point,wrong_language_english,A,,
pt,hard,potter,wrong_language_english,A,,
pt,hard,pênis,,,yes,
pt,hard,qu,wrong_language_other,A,,es
pt,hard,queiroz,proper_noun,B,,
pt,hard,reality,wrong_language_english,A,,
pt,hard,records,wrong_language_english,A,,
pt,hard,renan,proper_noun,B,,
pt,hard,robin,proper_noun,B,,
pt,hard,romero,proper_noun,B,,
pt,hard,rondônia,proper_noun,B,,
pt,hard,saint,wrong_language_english,A,,
pt,hard,samuel,proper_noun,B,,
pt,hard,sandra,proper_noun,B,,
pt,hard,sean,proper_noun,B,,
pt,hard,sergio,proper_noun,B,,
pt,hard,service,wrong_language_english,A,,
pt,hard,simone,proper_noun,B,,
pt,hard,sra,variety_mismatch,B,,VARIETY_PT_PT
pt,hard,stan,proper_noun,B,,
pt,hard,stephen,proper_noun,B,,
pt,hard,stop,variety_mismatch,B,,VARIETY_PT_PT
pt,hard,story,wrong_language_english,A,,
pt,hard,su,wrong_language_other,A,,es
pt,hard,sá,proper_noun,B,,
pt,hard,tags,wrong_language_english,A,,
pt,hard,tambem,misspelled_missing_diacritic,A,,→ também
pt,hard,transar,,,yes,
pt,hard,university,wrong_language_english,A,,
pt,hard,vaz,proper_noun,B,,
pt,hard,victoria,proper_noun,B,,
pt,hard,vietnã,proper_noun,B,,
pt,hard,view,wrong_language_english,A,,
pt,hard,villa,wrong_language_english,A,,
pt,hard,vitor,proper_noun,B,,
pt,hard,vladimir,proper_noun,B,,
pt,hard,voces,misspelled_missing_diacritic,A,,→ vocês
pt,hard,voice,wrong_language_english,A,,
pt,hard,walker,wrong_language_english,A,,
pt,hard,wall,proper_noun,B,,
pt,hard,want,wrong_language_english,A,,
pt,hard,when,wrong_language_english,A,,
pt,hard,wi,wrong_language_other,A,,pl
pt,hard,williams,proper_noun,B,,
pt,hard,work,wrong_language_english,A,,
pt,hard,xavier,proper_noun,B,,
pt,hard,xxi,wrong_language_english,A,,
pt,hard,ya,wrong_language_english,A,,
pt,hard,yo,wrong_language_english,A,,
pt,expert,aah,wrong_language_english,A,,
pt,expert,abdul,proper_noun,B,,
pt,expert,académica,variety_mismatch,B,,VARIETY_PT_PT
pt,expert,activa,wrong_language_other,A,,es
pt,expert,actores,wrong_language_other,A,,es
pt,expert,actuais,not_in_reference_dictionary,C,,
pt,expert,actuação,not_in_reference_dictionary,C,,
pt,expert,add,wrong_language_english,A,,
pt,expert,adn,abbreviation_or_noise,A,,
pt,expert,ae,abbreviation_or_noise,A,,
pt,expert,aedes,proper_noun,B,,
pt,expert,ag,proper_noun,B,,
pt,expert,against,wrong_language_english,A,,
pt,expert,ak,abbreviation_or_noise,A,,
pt,expert,aka,wrong_language_english,A,,
pt,expert,alasca,proper_noun,B,,
pt,expert,alec,proper_noun,B,,
pt,expert,alessandra,proper_noun,B,,
pt,expert,alexandra,proper_noun,B,,
pt,expert,alien,wrong_language_english,A,,
pt,expert,ally,wrong_language_english,A,,
pt,expert,almada,proper_noun,B,,
pt,expert,also,wrong_language_english,A,,
pt,expert,alvarez,proper_noun,B,,
pt,expert,alzheimer,proper_noun,B,,
pt,expert,amsterdã,proper_noun,B,,
pt,expert,anatel,proper_noun,B,,
pt,expert,anitta,not_in_reference_dictionary,C,,
pt,expert,antunes,proper_noun,B,,
pt,expert,apollo,proper_noun,B,,
pt,expert,apps,wrong_language_english,A,,
pt,expert,ass,wrong_language_english,A,,
pt,expert,assad,proper_noun,B,,
pt,expert,atras,misspelled_missing_diacritic,A,,→ atrás
pt,expert,australia,misspelled_missing_diacritic,A,,→ austrália
pt,expert,autónoma,variety_mismatch,B,,VARIETY_PT_PT
pt,expert,avaí,proper_noun,B,,
pt,expert,aviv,proper_noun,B,,
pt,expert,bailey,wrong_language_english,A,,
pt,expert,banks,wrong_language_english,A,,
pt,expert,bart,proper_noun,B,,
pt,expert,been,wrong_language_english,A,,
pt,expert,belle,wrong_language_english,A,,
pt,expert,bennett,proper_noun,B,,
pt,expert,berlin,proper_noun,B,,
pt,expert,bernardes,proper_noun,B,,
pt,expert,beverly,proper_noun,B,,
pt,expert,beyond,wrong_language_english,A,,
pt,expert,bicha,,,yes,
pt,expert,bieber,not_in_reference_dictionary,C,,
pt,expert,bird,proper_noun,B,,
pt,expert,blanco,wrong_language_other,A,,es
pt,expert,blu,proper_noun,B,,
pt,expert,bonnie,proper_noun,B,,
pt,expert,born,wrong_language_english,A,,
pt,expert,boss,wrong_language_english,A,,
pt,expert,brazilian,proper_noun,B,,
pt,expert,breaking,wrong_language_english,A,,
pt,expert,bug,variety_mismatch,B,,VARIETY_PT_PT
pt,expert,burke,proper_noun,B,,
pt,expert,cagar,,,yes,
pt,expert,camera,wrong_language_english,A,,
pt,expert,carlinhos,proper_noun,B,,
pt,expert,casey,proper_noun,B,,
pt,expert,cash,wrong_language_english,A,,
pt,expert,cavalcante,proper_noun,B,,
pt,expert,ces,misspelled_missing_diacritic,A,,→ cês
pt,expert,cezar,wrong_language_other,A,,pl
pt,expert,chevrolet,proper_noun,B,,
pt,expert,church,wrong_language_english,A,,
pt,expert,chávez,proper_noun,B,,
pt,expert,cinderela,proper_noun,B,,
pt,expert,ciudad,proper_noun,B,,
pt,expert,clay,wrong_language_english,A,,
pt,expert,clean,wrong_language_english,A,,
pt,expert,clip,wrong_language_english,A,,
pt,expert,cloud,wrong_language_english,A,,
pt,expert,cody,proper_noun,B,,
pt,expert,cold,wrong_language_english,A,,
pt,expert,colónia,variety_mismatch,B,,VARIETY_PT_PT
pt,expert,comments,wrong_language_english,A,,
pt,expert,committee,wrong_language_english,A,,
pt,expert,conference,wrong_language_english,A,,
pt,expert,connecticut,proper_noun,B,,
pt,expert,conrad,proper_noun,B,,
pt,expert,corporation,wrong_language_english,A,,
pt,expert,council,wrong_language_english,A,,
pt,expert,county,wrong_language_english,A,,
pt,expert,court,wrong_language_english,A,,
pt,expert,cowboy,variety_mismatch,B,,VARIETY_PT_PT
pt,expert,creative,wrong_language_english,A,,
pt,expert,crystal,wrong_language_english,A,,
pt,expert,daddy,wrong_language_english,A,,
pt,expert,dalton,proper_noun,B,,
pt,expert,damião,proper_noun,B,,
pt,expert,dans,wrong_language_other,A,,fr
pt,expert,darcy,proper_noun,B,,
pt,expert,deck,wrong_language_english,A,,
pt,expert,dee,proper_noun,B,,
pt,expert,denver,proper_noun,B,,
pt,expert,dexter,proper_noun,B,,
pt,expert,diane,proper_noun,B,,
pt,expert,diaries,wrong_language_english,A,,
pt,expert,dir,proper_noun,B,,
pt,expert,direct,wrong_language_english,A,,
pt,expert,dodge,wrong_language_english,A,,
pt,expert,donna,proper_noun,B,,
pt,expert,doug,proper_noun,B,,
pt,expert,drag,wrong_language_english,A,,
pt,expert,drink,wrong_language_english,A,,
pt,expert,driver,variety_mismatch,B,,VARIETY_PT_PT
pt,expert,drone,wrong_language_english,A,,
pt,expert,dublin,proper_noun,B,,
pt,expert,dudu,proper_noun,B,,
pt,expert,dulce,proper_noun,B,,
pt,expert,díaz,proper_noun,B,,
pt,expert,earl,wrong_language_english,A,,
pt,expert,early,wrong_language_english,A,,
pt,expert,echo,wrong_language_english,A,,
pt,expert,edition,wrong_language_english,A,,
pt,expert,egipto,proper_noun,B,,
pt,expert,ein,wrong_language_other,A,,de
pt,expert,electricidade,not_in_reference_dictionary,C,,
pt,expert,elis,proper_noun,B,,
pt,expert,eliza,proper_noun,B,,
pt,expert,elle,proper_noun,B,,
pt,expert,ellis,proper_noun,B,,
pt,expert,elsa,proper_noun,B,,
pt,expert,enzo,proper_noun,B,,
pt,expert,eps,abbreviation_or_noise,A,,
pt,expert,esteban,proper_noun,B,,
pt,expert,estocolmo,proper_noun,B,,
pt,expert,eugene,proper_noun,B,,
pt,expert,eurico,proper_noun,B,,
pt,expert,european,proper_noun,B,,
pt,expert,evelyn,proper_noun,B,,
pt,expert,every,wrong_language_english,A,,
pt,expert,exchange,wrong_language_english,A,,
pt,expert,explorer,wrong_language_english,A,,
pt,expert,eye,wrong_language_english,A,,
pt,expert,fabrício,proper_noun,B,,
pt,expert,fall,wrong_language_english,A,,
pt,expert,falls,wrong_language_english,A,,
pt,expert,ferguson,proper_noun,B,,
pt,expert,fidel,proper_noun,B,,
pt,expert,fight,wrong_language_english,A,,
pt,expert,fiji,proper_noun,B,,
pt,expert,finn,proper_noun,B,,
pt,expert,firefox,proper_noun,B,,
pt,expert,floyd,proper_noun,B,,
pt,expert,fmi,abbreviation_or_noise,A,,
pt,expert,forbes,proper_noun,B,,
pt,expert,freddie,proper_noun,B,,
pt,expert,fun,wrong_language_english,A,,
pt,expert,ga,proper_noun,B,,
pt,expert,gandhi,proper_noun,B,,
pt,expert,garrett,proper_noun,B,,
pt,expert,ge,proper_noun,B,,
pt,expert,geoffrey,proper_noun,B,,
pt,expert,gibson,proper_noun,B,,
pt,expert,gilbert,proper_noun,B,,
pt,expert,gina,proper_noun,B,,
pt,expert,giovanna,proper_noun,B,,
pt,expert,giovanni,proper_noun,B,,
pt,expert,gisele,proper_noun,B,,
pt,expert,glen,wrong_language_english,A,,
pt,expert,goes,wrong_language_english,A,,
pt,expert,going,wrong_language_english,A,,
pt,expert,goku,not_in_reference_dictionary,C,,
pt,expert,gotham,proper_noun,B,,
pt,expert,gui,wrong_language_other,A,,fr
pt,expert,hamburgo,proper_noun,B,,
pt,expert,hands,wrong_language_english,A,,
pt,expert,hardcore,wrong_language_english,A,,
pt,expert,haroldo,proper_noun,B,,
pt,expert,havaí,proper_noun,B,,
pt,expert,hawaii,proper_noun,B,,
pt,expert,hayes,proper_noun,B,,
pt,expert,hbo,abbreviation_or_noise,A,,
pt,expert,hector,proper_noun,B,,
pt,expert,heitor,proper_noun,B,,
pt,expert,henri,proper_noun,B,,
pt,expert,hero,wrong_language_english,A,,
pt,expert,herrera,proper_noun,B,,
pt,expert,hetero,wrong_language_english,A,,
pt,expert,hilton,proper_noun,B,,
pt,expert,homer,proper_noun,B,,
pt,expert,honoris,wrong_language_other,A,,fr
pt,expert,hussein,proper_noun,B,,
pt,expert,ibn,wrong_language_other,A,,fr
pt,expert,idol,wrong_language_english,A,,
pt,expert,independent,wrong_language_english,A,,
pt,expert,index,wrong_language_english,A,,
pt,expert,inside,wrong_language_english,A,,
pt,expert,ipod,not_in_reference_dictionary,C,,
pt,expert,isabelle,proper_noun,B,,
pt,expert,isis,proper_noun,B,,
pt,expert,itaú,proper_noun,B,,
pt,expert,iêmen,proper_noun,B,,
pt,expert,je,misspelled_missing_diacritic,A,,→ jé
pt,expert,jenkins,proper_noun,B,,
pt,expert,jenny,wrong_language_english,A,,
pt,expert,jensen,proper_noun,B,,
pt,expert,jet,wrong_language_english,A,,
pt,expert,jobs,wrong_language_english,A,,
pt,expert,ju,wrong_language_other,A,,es
pt,expert,judith,proper_noun,B,,
pt,expert,julien,wrong_language_other,A,,fr
pt,expert,juliette,proper_noun,B,,
pt,expert,juventus,proper_noun,B,,
pt,expert,kara,proper_noun,B,,
pt,expert,karma,wrong_language_english,A,,
pt,expert,kat,proper_noun,B,,
pt,expert,keep,wrong_language_english,A,,
pt,expert,kenny,proper_noun,B,,
pt,expert,kingdom,wrong_language_english,A,,
pt,expert,kirk,proper_noun,B,,
pt,expert,ko,wrong_language_other,A,,fr
pt,expert,kosovo,proper_noun,B,,
pt,expert,kristen,proper_noun,B,,
pt,expert,kuwait,proper_noun,B,,
pt,expert,laden,wrong_language_english,A,,
pt,expert,language,wrong_language_english,A,,
pt,expert,leave,wrong_language_english,A,,
pt,expert,leopoldo,proper_noun,B,,
pt,expert,lex,proper_noun,B,,
pt,expert,lil,proper_noun,B,,
pt,expert,lin,proper_noun,B,,
pt,expert,lindsay,proper_noun,B,,
pt,expert,ling,wrong_language_english,A,,
pt,expert,lionel,proper_noun,B,,
pt,expert,lol,proper_noun,B,,
pt,expert,looks,wrong_language_english,A,,
pt,expert,lopez,proper_noun,B,,
pt,expert,lot,wrong_language_english,A,,
pt,expert,luc,proper_noun,B,,
pt,expert,luxemburgo,proper_noun,B,,
pt,expert,luísa,proper_noun,B,,
pt,expert,maciel,proper_noun,B,,
pt,expert,mackenzie,proper_noun,B,,
pt,expert,manning,wrong_language_english,A,,
pt,expert,maomé,proper_noun,B,,
pt,expert,marcio,misspelled_missing_diacritic,A,,→ márcio
pt,expert,marilyn,proper_noun,B,,
pt,expert,marion,proper_noun,B,,
pt,expert,martinho,proper_noun,B,,
pt,expert,martínez,proper_noun,B,,
pt,expert,maryland,proper_noun,B,,
pt,expert,mass,wrong_language_english,A,,
pt,expert,match,wrong_language_english,A,,
pt,expert,mattos,not_in_reference_dictionary,C,,
pt,expert,maurice,proper_noun,B,,
pt,expert,meet,wrong_language_english,A,,
pt,expert,megan,proper_noun,B,,
pt,expert,mei,wrong_language_other,A,,pl
pt,expert,mes,wrong_language_english,A,,
pt,expert,messenger,wrong_language_english,A,,
pt,expert,michigan,proper_noun,B,,
pt,expert,mick,wrong_language_english,A,,
pt,expert,microondas,wrong_language_other,A,,es
pt,expert,middle,wrong_language_english,A,,
pt,expert,milan,proper_noun,B,,
pt,expert,miley,not_in_reference_dictionary,C,,
pt,expert,milk,wrong_language_english,A,,
pt,expert,mills,wrong_language_english,A,,
pt,expert,miriam,proper_noun,B,,
pt,expert,mirror,wrong_language_english,A,,
pt,expert,mma,abbreviation_or_noise,A,,
pt,expert,mod,wrong_language_english,A,,
pt,expert,monique,proper_noun,B,,
pt,expert,mos,variety_mismatch,B,,VARIETY_PT_PT
pt,expert,moscovo,proper_noun,B,,
pt,expert,motta,wrong_language_other,A,,fr
pt,expert,movie,wrong_language_english,A,,
pt,expert,mto,wrong_language_other,A,,sw
pt,expert,muhammad,proper_noun,B,,
pt,expert,nadia,proper_noun,B,,
pt,expert,natalie,proper_noun,B,,
pt,expert,natasha,proper_noun,B,,
pt,expert,nate,proper_noun,B,,
pt,expert,nation,wrong_language_english,A,,
pt,expert,newsletter,wrong_language_english,A,,
pt,expert,ney,proper_noun,B,,
pt,expert,niemeyer,proper_noun,B,,
pt,expert,nike,proper_noun,B,,
pt,expert,nilton,not_in_reference_dictionary,C,,
pt,expert,nixon,proper_noun,B,,
pt,expert,oil,wrong_language_english,A,,
pt,expert,ongs,not_in_reference_dictionary,C,,
pt,expert,op,wrong_language_english,A,,
pt,expert,ortiz,proper_noun,B,,
pt,expert,osvaldo,proper_noun,B,,
pt,expert,pain,wrong_language_english,A,,
pt,expert,palm,wrong_language_english,A,,
pt,expert,pamela,proper_noun,B,,
pt,expert,pay,wrong_language_english,A,,
pt,expert,peace,wrong_language_english,A,,
pt,expert,pensilvânia,proper_noun,B,,
pt,expert,petersburgo,proper_noun,B,,
pt,expert,petrobrás,not_in_reference_dictionary,C,,
pt,expert,piper,wrong_language_english,A,,
pt,expert,plan,wrong_language_english,A,,
pt,expert,planet,wrong_language_english,A,,
pt,expert,poker,wrong_language_english,A,,
pt,expert,porsche,proper_noun,B,,
pt,expert,porter,wrong_language_english,A,,
pt,expert,poster,variety_mismatch,B,,VARIETY_PT_PT
pt,expert,powell,proper_noun,B,,
pt,expert,prince,proper_noun,B,,
pt,expert,principe,misspelled_missing_diacritic,A,,→ príncipe
pt,expert,pub,wrong_language_english,A,,
pt,expert,putin,proper_noun,B,,
pt,expert,qaeda,not_in_reference_dictionary,C,,
pt,expert,quinn,proper_noun,B,,
pt,expert,rappers,wrong_language_english,A,,
pt,expert,raúl,proper_noun,B,,
pt,expert,release,wrong_language_english,A,,
pt,expert,remember,wrong_language_english,A,,
pt,expert,renault,proper_noun,B,,
pt,expert,resende,proper_noun,B,,
pt,expert,resources,wrong_language_english,A,,
pt,expert,reynolds,proper_noun,B,,
pt,expert,ricky,proper_noun,B,,
pt,expert,rihanna,proper_noun,B,,
pt,expert,riley,proper_noun,B,,
pt,expert,rise,wrong_language_english,A,,
pt,expert,robbie,proper_noun,B,,
pt,expert,rocky,wrong_language_english,A,,
pt,expert,rogers,wrong_language_english,A,,
pt,expert,rolling,wrong_language_english,A,,
pt,expert,roosevelt,proper_noun,B,,
pt,expert,ruiz,proper_noun,B,,
pt,expert,running,wrong_language_english,A,,
pt,expert,russia,proper_noun,B,,
pt,expert,saddam,proper_noun,B,,
pt,expert,samantha,proper_noun,B,,
pt,expert,same,wrong_language_english,A,,
pt,expert,sandro,proper_noun,B,,
pt,expert,sangalo,proper_noun,B,,
pt,expert,saul,proper_noun,B,,
pt,expert,screen,wrong_language_english,A,,
pt,expert,selena,proper_noun,B,,
pt,expert,ses,variety_mismatch,B,,VARIETY_PT_PT
pt,expert,sesc,not_in_reference_dictionary,C,,
pt,expert,sesi,not_in_reference_dictionary,C,,
pt,expert,seth,proper_noun,B,,
pt,expert,seul,proper_noun,B,,
pt,expert,shake,wrong_language_english,A,,
pt,expert,shane,proper_noun,B,,
pt,expert,share,wrong_language_english,A,,
pt,expert,sharon,proper_noun,B,,
pt,expert,sharp,wrong_language_english,A,,
pt,expert,shirley,proper_noun,B,,
pt,expert,shot,wrong_language_english,A,,
pt,expert,sims,wrong_language_english,A,,
pt,expert,sintra,proper_noun,B,,
pt,expert,small,wrong_language_english,A,,
pt,expert,something,wrong_language_english,A,,
pt,expert,sorry,wrong_language_english,A,,
pt,expert,speed,wrong_language_english,A,,
pt,expert,staff,variety_mismatch,B,,VARIETY_PT_PT
pt,expert,stalin,proper_noun,B,,
pt,expert,station,wrong_language_english,A,,
pt,expert,stay,wrong_language_english,A,,
pt,expert,strange,wrong_language_english,A,,
pt,expert,studies,wrong_language_english,A,,
pt,expert,suzanne,proper_noun,B,,
pt,expert,sweet,wrong_language_english,A,,
pt,expert,switch,wrong_language_english,A,,
pt,expert,tablet,wrong_language_english,A,,
pt,expert,tan,wrong_language_english,A,,
pt,expert,teaser,wrong_language_english,A,,
pt,expert,television,wrong_language_english,A,,
pt,expert,teodoro,proper_noun,B,,
pt,expert,tereza,proper_noun,B,,
pt,expert,text,wrong_language_english,A,,
pt,expert,theo,proper_noun,B,,
pt,expert,titanic,wrong_language_english,A,,
pt,expert,tomorrow,wrong_language_english,A,,
pt,expert,toni,proper_noun,B,,
pt,expert,torneira,,,yes,
pt,expert,toyota,proper_noun,B,,
pt,expert,track,wrong_language_english,A,,
pt,expert,tre,misspelled_missing_diacritic,A,,→ tré
pt,expert,trinidad,proper_noun,B,,
pt,expert,trip,wrong_language_english,A,,
pt,expert,truth,wrong_language_english,A,,
pt,expert,turn,wrong_language_english,A,,
pt,expert,tvi,abbreviation_or_noise,A,,
pt,expert,ténis,variety_mismatch,B,,VARIETY_PT_PT
pt,expert,uber,proper_noun,B,,
pt,expert,ufrgs,not_in_reference_dictionary,C,,
pt,expert,ufrj,not_in_reference_dictionary,C,,
pt,expert,ultimate,wrong_language_english,A,,
pt,expert,unb,abbreviation_or_noise,A,,
pt,expert,underground,wrong_language_english,A,,
pt,expert,unicamp,proper_noun,B,,
pt,expert,update,wrong_language_english,A,,
pt,expert,upon,wrong_language_english,A,,
pt,expert,usd,abbreviation_or_noise,A,,
pt,expert,uti,wrong_language_other,A,,pl
pt,expert,valadares,proper_noun,B,,
pt,expert,valencia,misspelled_missing_diacritic,A,,→ valência
pt,expert,valle,wrong_language_other,A,,es
pt,expert,various,wrong_language_english,A,,
pt,expert,vega,proper_noun,B,,
pt,expert,very,wrong_language_english,A,,
pt,expert,vietname,proper_noun,B,,
pt,expert,viktor,proper_noun,B,,
pt,expert,vinci,proper_noun,B,,
pt,expert,volkswagen,proper_noun,B,,
pt,expert,wade,wrong_language_english,A,,
pt,expert,walsh,proper_noun,B,,
pt,expert,websites,wrong_language_english,A,,
pt,expert,wikipedia,proper_noun,B,,
pt,expert,willian,not_in_reference_dictionary,C,,
pt,expert,win,wrong_language_english,A,,
pt,expert,winston,proper_noun,B,,
pt,expert,xii,variety_mismatch,B,,VARIETY_PT_PT
pt,expert,xiii,variety_mismatch,B,,VARIETY_PT_PT
pt,expert,yeah,wrong_language_english,A,,
pt,expert,yu,wrong_language_other,A,,sw
pt,expert,zac,abbreviation_or_noise,A,,
pt,expert,zhang,not_in_reference_dictionary,C,,
pt,expert,ângela,proper_noun,B,,
pt,expert,óptima,wrong_language_other,A,,es
pl,medium,adam,proper_noun,B,,
pl,medium,anna,proper_noun,B,,
pl,medium,europa,proper_noun,B,,
pl,medium,francja,proper_noun,B,,
pl,medium,james,proper_noun,B,,
pl,medium,jestes,misspelled_missing_diacritic,A,,→ jesteś
pl,medium,jezusa,proper_noun,B,,
pl,medium,ktos,misspelled_missing_diacritic,A,,→ ktoś
pl,medium,mozna,misspelled_missing_diacritic,A,,→ można
pl,medium,niemcy,proper_noun,B,,
pl,medium,polacy,proper_noun,B,,
pl,medium,wiecej,misspelled_missing_diacritic,A,,→ więcej
pl,medium,world,wrong_language_english,A,,
pl,medium,wrocław,proper_noun,B,,
pl,medium,youtube,not_in_reference_dictionary,C,,
pl,hard,adrian,proper_noun,B,,
pl,hard,aleksandra,proper_noun,B,,
pl,hard,anne,proper_noun,B,,
pl,hard,anny,proper_noun,B,,
pl,hard,antoni,proper_noun,B,,
pl,hard,artur,proper_noun,B,,
pl,hard,auschwitz,proper_noun,B,,
pl,hard,australia,proper_noun,B,,
pl,hard,austrii,proper_noun,B,,
pl,hard,beata,proper_noun,B,,
pl,hard,bede,misspelled_missing_diacritic,A,,→ będę
pl,hard,belgii,proper_noun,B,,
pl,hard,białoruś,proper_noun,B,,
pl,hard,białystok,proper_noun,B,,
pl,hard,bydgoszczy,proper_noun,B,,
pl,hard,caly,misspelled_missing_diacritic,A,,→ cały
pl,hard,czesc,misspelled_missing_diacritic,A,,→ cześć
pl,hard,danii,proper_noun,B,,
pl,hard,davida,proper_noun,B,,
pl,hard,diego,proper_noun,B,,
pl,hard,egiptu,proper_noun,B,,
pl,hard,elizabeth,proper_noun,B,,
pl,hard,europe,proper_noun,B,,
pl,hard,facebooka,proper_noun,B,,
pl,hard,franciszka,proper_noun,B,,
pl,hard,gdyni,proper_noun,B,,
pl,hard,gdynia,proper_noun,B,,
pl,hard,get,proper_noun,B,,
pl,hard,grecja,proper_noun,B,,
pl,hard,history,wrong_language_english,A,,
pl,hard,hitlera,proper_noun,B,,
pl,hard,holandia,proper_noun,B,,
pl,hard,ipn,abbreviation_or_noise,A,,
pl,hard,isis,proper_noun,B,,
pl,hard,jackson,proper_noun,B,,
pl,hard,jakas,misspelled_missing_diacritic,A,,→ jakaś
pl,hard,jakos,misspelled_missing_diacritic,A,,→ jakoś
pl,hard,jakub,proper_noun,B,,
pl,hard,jamesa,proper_noun,B,,
pl,hard,japonia,proper_noun,B,,
pl,hard,jebany,,,yes,
pl,hard,johnson,proper_noun,B,,
pl,hard,jones,proper_noun,B,,
pl,hard,kalifornii,proper_noun,B,,
pl,hard,kanadzie,proper_noun,B,,
pl,hard,kelly,proper_noun,B,,
pl,hard,kiedys,misspelled_missing_diacritic,A,,→ kiedyś
pl,hard,komorowski,proper_noun,B,,
pl,hard,ktorzy,misspelled_missing_diacritic,A,,→ którzy
pl,hard,kuba,proper_noun,B,,
pl,hard,kukiz,proper_noun,B,,
pl,hard,kurwy,,,yes,
pl,hard,larry,proper_noun,B,,
pl,hard,laura,proper_noun,B,,
pl,hard,lubie,proper_noun,B,,
pl,hard,luke,proper_noun,B,,
pl,hard,mario,proper_noun,B,,
pl,hard,may,wrong_language_english,A,,
pl,hard,małgorzata,proper_noun,B,,
pl,hard,miami,proper_noun,B,,
pl,hard,michała,proper_noun,B,,
pl,hard,miller,proper_noun,B,,
pl,hard,moga,misspelled_missing_diacritic,A,,→ mogą
pl,hard,moj,misspelled_missing_diacritic,A,,→ mój
pl,hard,monika,proper_noun,B,,
pl,hard,moskwy,proper_noun,B,,
pl,hard,mowi,misspelled_missing_diacritic,A,,→ mówi
pl,hard,mysle,misspelled_missing_diacritic,A,,→ myślę
pl,hard,napewno,not_in_reference_dictionary,C,,
pl,hard,niemcami,proper_noun,B,,
pl,hard,norwegii,proper_noun,B,,
pl,hard,oczywiscie,misspelled_missing_diacritic,A,,→ oczywiście
pl,hard,old,wrong_language_english,A,,
pl,hard,osob,misspelled_missing_diacritic,A,,→ osób
pl,hard,paryż,proper_noun,B,,
pl,hard,paulo,proper_noun,B,,
pl,hard,peru,proper_noun,B,,
pl,hard,piłsudskiego,proper_noun,B,,
pl,hard,right,wrong_language_english,A,,
pl,hard,roberta,proper_noun,B,,
pl,hard,robic,misspelled_missing_diacritic,A,,→ robić
pl,hard,robin,proper_noun,B,,
pl,hard,rose,proper_noun,B,,
pl,hard,rosjan,proper_noun,B,,
pl,hard,ryszard,proper_noun,B,,
pl,hard,rzymie,proper_noun,B,,
pl,hard,sara,proper_noun,B,,
pl,hard,serbii,proper_noun,B,,
pl,hard,smith,proper_noun,B,,
pl,hard,stanisława,proper_noun,B,,
pl,hard,stefan,proper_noun,B,,
pl,hard,szwajcarii,proper_noun,B,,
pl,hard,szwecja,proper_noun,B,,
pl,hard,times,proper_noun,B,,
pl,hard,trump,proper_noun,B,,
pl,hard,turcja,proper_noun,B,,
pl,hard,united,proper_noun,B,,
pl,hard,vii,wrong_language_english,A,,
pl,hard,walter,proper_noun,B,,
pl,hard,wikipedii,proper_noun,B,,
pl,hard,wisła,proper_noun,B,,
pl,hard,xi,proper_noun,B,,
pl,hard,xviii,wrong_language_english,A,,
pl,hard,young,proper_noun,B,,
pl,hard,zle,misspelled_missing_diacritic,A,,→ złe
pl,hard,zycie,proper_noun,B,,
pl,hard,śląsk,proper_noun,B,,
pl,expert,abraham,proper_noun,B,,
pl,expert,act,proper_noun,B,,
pl,expert,algierii,proper_noun,B,,
pl,expert,also,wrong_language_english,A,,
pl,expert,amerykę,proper_noun,B,,
pl,expert,amsterdamie,proper_noun,B,,
pl,expert,andre,proper_noun,B,,
pl,expert,angela,proper_noun,B,,
pl,expert,anita,proper_noun,B,,
pl,expert,anton,proper_noun,B,,
pl,expert,artura,proper_noun,B,,
pl,expert,atenach,proper_noun,B,,
pl,expert,audi,proper_noun,B,,
pl,expert,austin,proper_noun,B,,
pl,expert,avenue,proper_noun,B,,
pl,expert,azja,proper_noun,B,,
pl,expert,barcelony,proper_noun,B,,
pl,expert,barry,proper_noun,B,,
pl,expert,bedą,misspelled_missing_diacritic,A,,→ będą
pl,expert,belgradzie,proper_noun,B,,
pl,expert,bena,proper_noun,B,,
pl,expert,benedykta,proper_noun,B,,
pl,expert,borys,proper_noun,B,,
pl,expert,braun,proper_noun,B,,
pl,expert,bruno,proper_noun,B,,
pl,expert,burdel,,,yes,
pl,expert,bush,proper_noun,B,,
pl,expert,byloby,misspelled_missing_diacritic,A,,→ byłoby
pl,expert,carla,proper_noun,B,,
pl,expert,caroline,proper_noun,B,,
pl,expert,carter,proper_noun,B,,
pl,expert,ciagu,misspelled_missing_diacritic,A,,→ ciągu
pl,expert,claude,proper_noun,B,,
pl,expert,codzień,not_in_reference_dictionary,C,,
pl,expert,collins,proper_noun,B,,
pl,expert,crystal,wrong_language_english,A,,
pl,expert,częstochowie,proper_noun,B,,
pl,expert,dallas,proper_noun,B,,
pl,expert,damon,proper_noun,B,,
pl,expert,danuta,proper_noun,B,,
pl,expert,das,misspelled_missing_diacritic,A,,→ dąs
pl,expert,dick,proper_noun,B,,
pl,expert,dubaju,proper_noun,B,,
pl,expert,ehh,abbreviation_or_noise,A,,
pl,expert,emily,proper_noun,B,,
pl,expert,europejczyków,proper_noun,B,,
pl,expert,eva,proper_noun,B,,
pl,expert,eyes,wrong_language_english,A,,
pl,expert,fejsie,proper_noun,B,,
pl,expert,foundation,wrong_language_english,A,,
pl,expert,four,wrong_language_english,A,,
pl,expert,francją,proper_noun,B,,
pl,expert,francję,proper_noun,B,,
pl,expert,fred,proper_noun,B,,
pl,expert,garden,proper_noun,B,,
pl,expert,gorzów,proper_noun,B,,
pl,expert,grażyna,proper_noun,B,,
pl,expert,harold,proper_noun,B,,
pl,expert,hbo,abbreviation_or_noise,A,,
pl,expert,helen,proper_noun,B,,
pl,expert,hongkongu,proper_noun,B,,
pl,expert,ida,proper_noun,B,,
pl,expert,idz,misspelled_missing_diacritic,A,,→ idź
pl,expert,imie,misspelled_missing_diacritic,A,,→ imię
pl,expert,international,proper_noun,B,,
pl,expert,into,wrong_language_english,A,,
pl,expert,io,proper_noun,B,,
pl,expert,iq,abbreviation_or_noise,A,,
pl,expert,irak,proper_noun,B,,
pl,expert,iz,proper_noun,B,,
pl,expert,jadwiga,proper_noun,B,,
pl,expert,jake,misspelled_missing_diacritic,A,,→ jakę
pl,expert,jakuba,proper_noun,B,,
pl,expert,japan,wrong_language_english,A,,
pl,expert,japończycy,proper_noun,B,,
pl,expert,jedi,proper_noun,B,,
pl,expert,jessica,proper_noun,B,,
pl,expert,jezusie,proper_noun,B,,
pl,expert,josh,wrong_language_english,A,,
pl,expert,kalifornia,proper_noun,B,,
pl,expert,karl,proper_noun,B,,
pl,expert,kase,misspelled_missing_diacritic,A,,→ kasę
pl,expert,kazachstanu,proper_noun,B,,
pl,expert,kazda,misspelled_missing_diacritic,A,,→ każda
pl,expert,kazdego,misspelled_missing_diacritic,A,,→ każdego
pl,expert,kevina,proper_noun,B,,
pl,expert,konca,misspelled_missing_diacritic,A,,→ końca
pl,expert,kowalczyk,proper_noun,B,,
pl,expert,kościuszki,proper_noun,B,,
pl,expert,kwiatkowski,proper_noun,B,,
pl,expert,led,proper_noun,B,,
pl,expert,liam,proper_noun,B,,
pl,expert,lincoln,proper_noun,B,,
pl,expert,linux,proper_noun,B,,
pl,expert,lucas,proper_noun,B,,
pl,expert,magazine,wrong_language_english,A,,
pl,expert,magic,wrong_language_english,A,,
pl,expert,melissa,proper_noun,B,,
pl,expert,mialem,misspelled_missing_diacritic,A,,→ miałem
pl,expert,millera,proper_noun,B,,
pl,expert,mma,abbreviation_or_noise,A,,
pl,expert,mna,misspelled_missing_diacritic,A,,→ mną
pl,expert,montana,proper_noun,B,,
pl,expert,morawieckiego,proper_noun,B,,
pl,expert,mowia,misspelled_missing_diacritic,A,,→ mówią
pl,expert,mozemy,misspelled_missing_diacritic,A,,→ możemy
pl,expert,mołdawii,proper_noun,B,,
pl,expert,nalezy,misspelled_missing_diacritic,A,,→ należy
pl,expert,name,wrong_language_english,A,,
pl,expert,nei,proper_noun,B,,
pl,expert,nicole,proper_noun,B,,
pl,expert,niemca,proper_noun,B,,
pl,expert,niemcom,proper_noun,B,,
pl,expert,nigerii,proper_noun,B,,
pl,expert,nik,proper_noun,B,,
pl,expert,nike,proper_noun,B,,
pl,expert,north,proper_noun,B,,
pl,expert,note,wrong_language_english,A,,
pl,expert,orlando,proper_noun,B,,
pl,expert,orlen,proper_noun,B,,
pl,expert,palmer,proper_noun,B,,
pl,expert,parker,proper_noun,B,,
pl,expert,pearl,proper_noun,B,,
pl,expert,pedał,,,yes,
pl,expert,perry,proper_noun,B,,
pl,expert,phoenix,proper_noun,B,,
pl,expert,piłsudski,proper_noun,B,,
pl,expert,poczatku,misspelled_missing_diacritic,A,,→ początku
pl,expert,polonii,proper_noun,B,,
pl,expert,poniewaz,misspelled_missing_diacritic,A,,→ ponieważ
pl,expert,porsche,proper_noun,B,,
pl,expert,pradze,proper_noun,B,,
pl,expert,praga,proper_noun,B,,
pl,expert,płock,proper_noun,B,,
pl,expert,radomiu,proper_noun,B,,
pl,expert,rafała,proper_noun,B,,
pl,expert,rain,wrong_language_english,A,,
pl,expert,rebecca,proper_noun,B,,
pl,expert,richarda,proper_noun,B,,
pl,expert,rico,proper_noun,B,,
pl,expert,rip,wrong_language_english,A,,
pl,expert,robia,misspelled_missing_diacritic,A,,→ robią
pl,expert,rodo,proper_noun,B,,
pl,expert,romana,proper_noun,B,,
pl,expert,ron,misspelled_missing_diacritic,A,,→ roń
pl,expert,russell,proper_noun,B,,
pl,expert,samuel,proper_noun,B,,
pl,expert,sandra,proper_noun,B,,
pl,expert,santos,proper_noun,B,,
pl,expert,sienkiewicza,proper_noun,B,,
pl,expert,sikorski,proper_noun,B,,
pl,expert,sikorskiego,proper_noun,B,,
pl,expert,sofii,proper_noun,B,,
pl,expert,sprawe,misspelled_missing_diacritic,A,,→ sprawę
pl,expert,sri,proper_noun,B,,
pl,expert,stalin,proper_noun,B,,
pl,expert,stalo,proper_noun,B,,
pl,expert,steven,proper_noun,B,,
pl,expert,sue,proper_noun,B,,
pl,expert,swoj,misspelled_missing_diacritic,A,,→ swój
pl,expert,sylwia,proper_noun,B,,
pl,expert,syria,proper_noun,B,,
pl,expert,tarnowie,proper_noun,B,,
pl,expert,tesco,proper_noun,B,,
pl,expert,than,wrong_language_english,A,,
pl,expert,their,wrong_language_english,A,,
pl,expert,things,wrong_language_english,A,,
pl,expert,today,wrong_language_english,A,,
pl,expert,uwage,misspelled_missing_diacritic,A,,→ uwagę
pl,expert,vancouver,proper_noun,B,,
pl,expert,villa,proper_noun,B,,
pl,expert,voice,proper_noun,B,,
pl,expert,waldemar,proper_noun,B,,
pl,expert,walker,proper_noun,B,,
pl,expert,waszczykowski,proper_noun,B,,
pl,expert,watykan,proper_noun,B,,
pl,expert,wayne,proper_noun,B,,
pl,expert,wazne,misspelled_missing_diacritic,A,,→ ważne
pl,expert,wałęsy,proper_noun,B,,
pl,expert,wciaz,misspelled_missing_diacritic,A,,→ wciąż
pl,expert,where,wrong_language_english,A,,
pl,expert,wiedziec,misspelled_missing_diacritic,A,,→ wiedzieć
pl,expert,wiekszosc,misspelled_missing_diacritic,A,,→ większość
pl,expert,wietnamu,proper_noun,B,,
pl,expert,wiktor,proper_noun,B,,
pl,expert,wiśle,proper_noun,B,,
pl,expert,wszedzie,misspelled_missing_diacritic,A,,→ wszędzie
pl,expert,węgrzy,proper_noun,B,,
pl,expert,władysława,proper_noun,B,,
pl,expert,zadnych,misspelled_missing_diacritic,A,,→ żadnych
pl,expert,zbigniewa,proper_noun,B,,
pl,expert,zdjecie,misspelled_missing_diacritic,A,,→ zdjęcie
pl,expert,znalezc,misspelled_missing_diacritic,A,,→ znaleźć
pl,expert,zrobil,misspelled_missing_diacritic,A,,→ zrobił
pl,expert,zyciu,misspelled_missing_diacritic,A,,→ życiu
pl,expert,łukasza,proper_noun,B,,
ko,easy,사람들,particle_attached,B,,사람+들
ko,medium,가능하다고,inflected_sentence_form,B,,가능하다+고
ko,medium,가능하다는,particle_attached,B,,가능하다+는
ko,medium,가능하도록,inflected_sentence_form,B,,가능하+도록
ko,medium,가능하지만,inflected_sentence_form,B,,가능+하지만
ko,medium,가능해졌다,not_a_dictionary_headword,C,,
ko,medium,가로지르는,inflected_sentence_form,B,,가로지르+는
ko,medium,가면라이더,not_a_dictionary_headword,C,,
ko,medium,가운데서도,not_a_dictionary_headword,C,,
ko,medium,가운데에는,particle_attached,B,,가운데+에는
ko,medium,가장자리가,particle_attached,B,,가장자리+가
ko,medium,가장자리에,particle_attached,B,,가장자리+에
ko,medium,간다,inflected_sentence_form,B,,간+다
ko,medium,간단,not_a_dictionary_headword,C,,
ko,medium,간접적으로,particle_attached,B,,간접적+으로
ko,medium,감소시키는,inflected_sentence_form,B,,감소시키+는
ko,medium,갑작스럽게,inflected_sentence_form,B,,갑작스럽+게
ko,medium,강조하였다,inflected_sentence_form,B,,강조+하였다
ko,medium,개명하였다,inflected_sentence_form,B,,개명+하였다
ko,medium,개발되었다,inflected_sentence_form,B,,개발+되었다
ko,medium,개발하였다,inflected_sentence_form,B,,개발+하였다
ko,medium,개별적으로,particle_attached,B,,개별적+으로
ko,medium,개봉되었다,inflected_sentence_form,B,,개봉+되었다
ko,medium,개인적으로,particle_attached,B,,개인적+으로
ko,medium,개최되었다,inflected_sentence_form,B,,개최+되었다
ko,medium,개최하였다,inflected_sentence_form,B,,개최+하였다
ko,medium,개통되었다,inflected_sentence_form,B,,개통+되었다
ko,medium,객관적으로,particle_attached,B,,객관적+으로
ko,medium,거부하였다,inflected_sentence_form,B,,거부+하였다
ko,medium,거절하였다,inflected_sentence_form,B,,거절+하였다
ko,medium,건립되었다,inflected_sentence_form,B,,건립+되었다
ko,medium,건설되었다,inflected_sentence_form,B,,건설+되었다
ko,medium,것으로부터,particle_attached,B,,것+으로부터
ko,medium,것이었다고,not_a_dictionary_headword,C,,
ko,medium,것이었으며,not_a_dictionary_headword,C,,
ko,medium,것이었지만,not_a_dictionary_headword,C,,
ko,medium,게임에서는,particle_attached,B,,게임+에서는
ko,medium,결과적으로,particle_attached,B,,결과적+으로
ko,medium,결론지었다,not_a_dictionary_headword,C,,
ko,medium,결승전에서,particle_attached,B,,결승전+에서
ko,medium,결정되었다,inflected_sentence_form,B,,결정+되었다
ko,medium,결정적으로,particle_attached,B,,결정적+으로
ko,medium,결정하였다,inflected_sentence_form,B,,결정+하였다
ko,medium,결혼하였다,inflected_sentence_form,B,,결혼+하였다
ko,medium,경기들에서,not_a_dictionary_headword,C,,
ko,medium,경기에서는,particle_attached,B,,경기+에서는
ko,medium,경기에서도,particle_attached,B,,경기+에서도
ko,medium,경기장으로,particle_attached,B,,경기장+으로
ko,medium,경제적으로,particle_attached,B,,경제적+으로
ko,medium,계속되었고,inflected_sentence_form,B,,계속+되었고
ko,medium,계속되었다,inflected_sentence_form,B,,계속+되었다
ko,medium,계속적으로,particle_attached,B,,계속적+으로
ko,medium,계획이었다,particle_attached,B,,계획+이었다
ko,medium,고등학교를,particle_attached,B,,고등학교+를
ko,medium,고등학교에,particle_attached,B,,고등학교+에
ko,medium,고등학교에서,particle_attached,B,,고등학교+에서
ko,medium,고등학교의,particle_attached,B,,고등학교+의
ko,medium,고려시대의,not_a_dictionary_headword,C,,
ko,medium,공개되었다,inflected_sentence_form,B,,공개+되었다
ko,medium,공개적으로,particle_attached,B,,공개적+으로
ko,medium,공교롭게도,not_a_dictionary_headword,C,,
ko,medium,공식적으로,particle_attached,B,,공식적+으로
ko,medium,공식적으로는,particle_attached,B,,공식적+으로는
ko,medium,공통적으로,particle_attached,B,,공통적+으로
ko,medium,공헌하였다,inflected_sentence_form,B,,공헌+하였다
ko,medium,과정에서는,particle_attached,B,,과정+에서는
ko,medium,과학자들은,particle_attached,B,,과학자+들은
ko,medium,과학자들이,particle_attached,B,,과학자+들이
ko,medium,과학적으로,particle_attached,B,,과학적+으로
ko,medium,관광객들이,particle_attached,B,,관광객+들이
ko,medium,광범위하게,inflected_sentence_form,B,,광범위하+게
ko,medium,교통사고로,particle_attached,B,,교통사고+로
ko,medium,구간에서는,particle_attached,B,,구간+에서는
ko,medium,구성되었다,inflected_sentence_form,B,,구성+되었다
ko,medium,구성원들의,particle_attached,B,,구성원+들의
ko,medium,구성원들이,particle_attached,B,,구성원+들이
ko,medium,구성원으로,particle_attached,B,,구성원+으로
ko,medium,구성하였다,inflected_sentence_form,B,,구성+하였다
ko,medium,구체적으로,particle_attached,B,,구체적+으로
ko,medium,국가대표로,particle_attached,B,,국가대표+로
ko,medium,국가대표팀,not_a_dictionary_headword,C,,
ko,medium,국가대표팀의,not_a_dictionary_headword,C,,
ko,medium,국가에서는,particle_attached,B,,국가+에서는
ko,medium,국내에서는,particle_attached,B,,국내+에서는
ko,medium,국민들에게,particle_attached,B,,국민+들에게
ko,medium,국제적으로,particle_attached,B,,국제적+으로
ko,medium,국회의원이,particle_attached,B,,국회의원+이
ko,medium,궁극적으로,particle_attached,B,,궁극적+으로
ko,medium,규정하였다,inflected_sentence_form,B,,규정+하였다
ko,medium,규칙적으로,particle_attached,B,,규칙적+으로
ko,medium,그러면서도,not_a_dictionary_headword,C,,
ko,medium,그레고리오,not_a_dictionary_headword,C,,
ko,medium,그리스도를,particle_attached,B,,그리스도+를
ko,medium,그리스도의,particle_attached,B,,그리스도+의
ko,medium,그만두었다,inflected_sentence_form,B,,그만두+었다
ko,medium,극단적으로,particle_attached,B,,극단적+으로
ko,medium,근본적으로,particle_attached,B,,근본적+으로
ko,medium,금지되었다,inflected_sentence_form,B,,금지+되었다
ko,medium,긍정적으로,particle_attached,B,,긍정적+으로
ko,medium,기록되었다,inflected_sentence_form,B,,기록+되었다
ko,medium,기록이었다,particle_attached,B,,기록+이었다
ko,medium,기록하기도,inflected_sentence_form,B,,기록+하기도
ko,medium,기록하면서,inflected_sentence_form,B,,기록+하면서
ko,medium,기록하였고,inflected_sentence_form,B,,기록+하였고
ko,medium,기록하였다,inflected_sentence_form,B,,기록+하였다
ko,medium,기록했으며,inflected_sentence_form,B,,기록+했으며
ko,medium,기본적으로,particle_attached,B,,기본적+으로
ko,medium,기본적으로는,particle_attached,B,,기본적+으로는
ko,medium,기술적으로,particle_attached,B,,기술적+으로
ko,medium,기여하였다,inflected_sentence_form,B,,기여+하였다
ko,medium,기자회견에서,particle_attached,B,,기자회견+에서
ko,medium,기자회견을,particle_attached,B,,기자회견+을
ko,medium,꼭대기에는,particle_attached,B,,꼭대기+에는
ko,medium,끌어들였다,not_a_dictionary_headword,C,,
ko,medium,나라에서는,particle_attached,B,,나라+에서는
ko,medium,나타나는데,inflected_sentence_form,B,,나타나+는데
ko,medium,나폴레옹은,particle_attached,B,,나폴레옹+은
ko,medium,나폴레옹의,particle_attached,B,,나폴레옹+의
ko,medium,나폴레옹이,particle_attached,B,,나폴레옹+이
ko,medium,남극점까지,particle_attached,B,,남극점+까지
ko,medium,남동쪽으로,particle_attached,B,,남동쪽+으로
ko,medium,남서쪽으로,particle_attached,B,,남서쪽+으로
ko,medium,남아있었다,not_a_dictionary_headword,C,,
ko,medium,남아프리카,not_a_dictionary_headword,C,,
ko,medium,낳,fragment,A,,낳다
ko,medium,내부에서는,particle_attached,B,,내부+에서는
ko,medium,내부에서도,particle_attached,B,,내부+에서도
ko,medium,내용이었다,particle_attached,B,,내용+이었다
ko,medium,넓,fragment,A,,넓다
ko,medium,네덜란드의,particle_attached,B,,네덜란드+의
ko,medium,네트워크를,particle_attached,B,,네트워크+를
ko,medium,네트워크에,particle_attached,B,,네트워크+에
ko,medium,네트워크와,particle_attached,B,,네트워크+와
ko,medium,네트워크의,particle_attached,B,,네트워크+의
ko,medium,노동자들은,particle_attached,B,,노동자+들은
ko,medium,노동자들의,particle_attached,B,,노동자+들의
ko,medium,노력하였다,inflected_sentence_form,B,,노력+하였다
ko,medium,논리적으로,particle_attached,B,,논리적+으로
ko,medium,단계적으로,particle_attached,B,,단계적+으로
ko,medium,달성하였다,inflected_sentence_form,B,,달성+하였다
ko,medium,담당하였다,inflected_sentence_form,B,,담당+하였다
ko,medium,당선되었다,inflected_sentence_form,B,,당선+되었다
ko,medium,당시로서는,not_a_dictionary_headword,C,,
ko,medium,당했,not_a_dictionary_headword,C,,
ko,medium,대대적으로,particle_attached,B,,대대적+으로
ko,medium,대부분이다,particle_attached,B,,대부분+이다
ko,medium,대조적으로,particle_attached,B,,대조적+으로
ko,medium,대중들에게,particle_attached,B,,대중+들에게
ko,medium,대체되었다,inflected_sentence_form,B,,대체+되었다
ko,medium,대체적으로,particle_attached,B,,대체적+으로
ko,medium,대통령령으로,particle_attached,B,,대통령령+으로
ko,medium,대통령에게,particle_attached,B,,대통령+에게
ko,medium,대통령으로,particle_attached,B,,대통령+으로
ko,medium,대통령직을,not_a_dictionary_headword,C,,
ko,medium,대표적으로,particle_attached,B,,대표적+으로
ko,medium,대학교에서,particle_attached,B,,대학교+에서
ko,medium,대한민국과,particle_attached,B,,대한민국+과
ko,medium,대한민국에,particle_attached,B,,대한민국+에
ko,medium,대한민국에서,particle_attached,B,,대한민국+에서
ko,medium,대한민국은,particle_attached,B,,대한민국+은
ko,medium,대한민국을,particle_attached,B,,대한민국+을
ko,medium,대한민국의,particle_attached,B,,대한민국+의
ko,medium,대한민국이,particle_attached,B,,대한민국+이
ko,medium,대회에서는,particle_attached,B,,대회+에서는
ko,medium,던데,not_a_dictionary_headword,C,,
ko,medium,데뷔하였다,inflected_sentence_form,B,,데뷔+하였다
ko,medium,도입되었다,inflected_sentence_form,B,,도입+되었다
ko,medium,도입하였다,inflected_sentence_form,B,,도입+하였다
ko,medium,독립운동을,particle_attached,B,,독립운동+을
ko,medium,독립적으로,particle_attached,B,,독립적+으로
ko,medium,독자적으로,particle_attached,B,,독자적+으로
ko,medium,돌아다니며,inflected_sentence_form,B,,돌아다니+며
ko,medium,동일하지만,inflected_sentence_form,B,,동일+하지만
ko,medium,두드러지게,inflected_sentence_form,B,,두드러지+게
ko,medium,뒷받침하는,inflected_sentence_form,B,,뒷받침+하는
ko,medium,드라마에서,particle_attached,B,,드라마+에서
ko,medium,드라마이다,particle_attached,B,,드라마+이다
ko,medium,드라이버의,particle_attached,B,,드라이버+의
ko,medium,들어가면서,inflected_sentence_form,B,,들어가+면서
ko,medium,들어서면서,inflected_sentence_form,B,,들어서+면서
ko,medium,등장하였다,inflected_sentence_form,B,,등장+하였다
ko,medium,따뜻,not_a_dictionary_headword,C,,
ko,medium,때문이라고,particle_attached,B,,때문+이라고
ko,medium,때문이라는,particle_attached,B,,때문+이라는
ko,medium,때문이었다,particle_attached,B,,때문+이었다
ko,medium,떨어지,fragment,A,,떨어지다
ko,medium,떨어지면서,inflected_sentence_form,B,,떨어지+면서
ko,medium,똑같,fragment,A,,똑같다
ko,medium,라며,inflected_sentence_form,B,,라+며
ko,medium,라서,not_a_dictionary_headword,C,,
ko,medium,라이선스를,particle_attached,B,,라이선스+를
ko,medium,러시아에서,particle_attached,B,,러시아+에서
ko,medium,레이,fragment,A,,레이다
ko,medium,마감하였다,inflected_sentence_form,B,,마감+하였다
ko,medium,마드리드의,particle_attached,B,,마드리드+의
ko,medium,마련하였다,inflected_sentence_form,B,,마련+하였다
ko,medium,마지막까지,particle_attached,B,,마지막+까지
ko,medium,마지막에는,particle_attached,B,,마지막+에는
ko,medium,마지막으로,particle_attached,B,,마지막+으로
ko,medium,마찬가지로,particle_attached,B,,마찬가지+로
ko,medium,마찬가지이다,particle_attached,B,,마찬가지+이다
ko,medium,만들어내는,not_a_dictionary_headword,C,,
ko,medium,만들어냈다,not_a_dictionary_headword,C,,
ko,medium,만들어졌고,not_a_dictionary_headword,C,,
ko,medium,만들어졌다,not_a_dictionary_headword,C,,
ko,medium,만들어졌으며,not_a_dictionary_headword,C,,
ko,medium,만들어지는,not_a_dictionary_headword,C,,
ko,medium,만들어진다,not_a_dictionary_headword,C,,
ko,medium,만들었는데,not_a_dictionary_headword,C,,
ko,medium,만들었다고,not_a_dictionary_headword,C,,
ko,medium,만들었으며,not_a_dictionary_headword,C,,
ko,medium,만장일치로,particle_attached,B,,만장일치+로
ko,medium,만족시키는,inflected_sentence_form,B,,만족시키+는
ko,medium,머리카락을,particle_attached,B,,머리카락+을
ko,medium,명명되었다,inflected_sentence_form,B,,명명되+었다
ko,medium,목적이었다,particle_attached,B,,목적+이었다
ko,medium,몰랐,not_a_dictionary_headword,C,,
ko,medium,무산되었다,inflected_sentence_form,B,,무산+되었다
ko,medium,무엇보다도,not_a_dictionary_headword,C,,
ko,medium,뭔,not_a_dictionary_headword,C,,
ko,medium,미국에서는,particle_attached,B,,미국+에서는
ko,medium,미나모토노,not_a_dictionary_headword,C,,
ko,medium,미래통합당,not_a_dictionary_headword,C,,
ko,medium,미쳤,not_a_dictionary_headword,C,,
ko,medium,민주주의를,particle_attached,B,,민주주의+를
ko,medium,민주주의의,particle_attached,B,,민주주의+의
ko,medium,바깥쪽으로,particle_attached,B,,바깥쪽+으로
ko,medium,바랍니다,not_a_dictionary_headword,C,,
ko,medium,바이러스가,particle_attached,B,,바이러스+가
ko,medium,바이러스의,particle_attached,B,,바이러스+의
ko,medium,박사학위를,not_a_dictionary_headword,C,,
ko,medium,반대하였다,inflected_sentence_form,B,,반대+하였다
ko,medium,받아들여지지,not_a_dictionary_headword,C,,
ko,medium,받아들였다,not_a_dictionary_headword,C,,
ko,medium,받아들이고,inflected_sentence_form,B,,받아들이+고
ko,medium,받아들이는,inflected_sentence_form,B,,받아들이+는
ko,medium,받아들이지,inflected_sentence_form,B,,받아들이+지
ko,medium,받아들인다,not_a_dictionary_headword,C,,
ko,medium,발견되기도,not_a_dictionary_headword,C,,
ko,medium,발견되었는데,not_a_dictionary_headword,C,,
ko,medium,발견되었다,inflected_sentence_form,B,,발견+되었다
ko,medium,발견하였다,inflected_sentence_form,B,,발견+하였다
ko,medium,발달하였다,inflected_sentence_form,B,,발달+하였다
ko,medium,발매되었다,inflected_sentence_form,B,,발매+되었다
ko,medium,발매하였다,inflected_sentence_form,B,,발매+하였다
ko,medium,발생하였다,inflected_sentence_form,B,,발생+하였다
ko,medium,발전시켰다,not_a_dictionary_headword,C,,
ko,medium,발전하였다,inflected_sentence_form,B,,발전+하였다
ko,medium,발표되었다,inflected_sentence_form,B,,발표+되었다
ko,medium,발표하면서,inflected_sentence_form,B,,발표+하면서
ko,medium,발표하였다,inflected_sentence_form,B,,발표+하였다
ko,medium,방문하였다,inflected_sentence_form,B,,방문+하였다
ko,medium,방법으로는,particle_attached,B,,방법+으로는
ko,medium,방송되었다,inflected_sentence_form,B,,방송+되었다
ko,medium,방영되었다,inflected_sentence_form,B,,방영+되었다
ko,medium,배치되었다,inflected_sentence_form,B,,배치+되었다
ko,medium,배치하였다,inflected_sentence_form,B,,배치+하였다
ko,medium,변경되었다,inflected_sentence_form,B,,변경+되었다
ko,medium,변경되었으며,inflected_sentence_form,B,,변경+되었으며
ko,medium,변경하였다,inflected_sentence_form,B,,변경+하였다
ko,medium,보고되었다,inflected_sentence_form,B,,보고+되었다
ko,medium,보여주었다,not_a_dictionary_headword,C,,
ko,medium,보였,not_a_dictionary_headword,C,,
ko,medium,보편적으로,particle_attached,B,,보편적+으로
ko,medium,복잡,not_a_dictionary_headword,C,,
ko,medium,본격적으로,particle_attached,B,,본격적+으로
ko,medium,본질적으로,particle_attached,B,,본질적+으로
ko,medium,부분적으로,particle_attached,B,,부분적+으로
ko,medium,부상당했다,not_a_dictionary_headword,C,,
ko,medium,부정적으로,particle_attached,B,,부정적+으로
ko,medium,북극점에서,particle_attached,B,,북극점+에서
ko,medium,북서쪽으로,particle_attached,B,,북서쪽+으로
ko,medium,분야에서의,particle_attached,B,,분야+에서의
ko,medium,불가능하게,inflected_sentence_form,B,,불가능하+게
ko,medium,불가능하다고,inflected_sentence_form,B,,불가능하다+고
ko,medium,불가능하다는,particle_attached,B,,불가능하다+는
ko,medium,불가능하며,inflected_sentence_form,B,,불가능+하며
ko,medium,불가능했다,inflected_sentence_form,B,,불가능+했다
ko,medium,불러일으켰다,not_a_dictionary_headword,C,,
ko,medium,비난하였다,inflected_sentence_form,B,,비난+하였다
ko,medium,비롯되었다,inflected_sentence_form,B,,비롯되+었다
ko,medium,비슷하지만,inflected_sentence_form,B,,비슷하+지만
ko,medium,비판하였다,inflected_sentence_form,B,,비판+하였다
ko,medium,비평가들은,particle_attached,B,,비평가+들은
ko,medium,빅,not_a_dictionary_headword,C,,
ko,medium,빠르,fragment,A,,빠르다
ko,medium,뽑,fragment,A,,뽑다
ko,medium,사람들에게,particle_attached,B,,사람+들에게
ko,medium,사람으로서,particle_attached,B,,사람+으로서
ko,medium,사람이었다,particle_attached,B,,사람+이었다
ko,medium,사망하면서,inflected_sentence_form,B,,사망+하면서
ko,medium,사망하였다,inflected_sentence_form,B,,사망+하였다
ko,medium,사망했다고,not_a_dictionary_headword,C,,
ko,medium,사망했으며,inflected_sentence_form,B,,사망+했으며
ko,medium,사실적으로,particle_attached,B,,사실적+으로
ko,medium,사용되기도,not_a_dictionary_headword,C,,
ko,medium,사용되었고,inflected_sentence_form,B,,사용+되었고
ko,medium,사용되었다,inflected_sentence_form,B,,사용+되었다
ko,medium,사용되었으며,inflected_sentence_form,B,,사용+되었으며
ko,medium,사용자들은,particle_attached,B,,사용자+들은
ko,medium,사용자들이,particle_attached,B,,사용자+들이
ko,medium,사용자에게,particle_attached,B,,사용자+에게
ko,medium,사용하거나,inflected_sentence_form,B,,사용하+거나
ko,medium,사용하기도,inflected_sentence_form,B,,사용+하기도
ko,medium,사용하는데,inflected_sentence_form,B,,사용+하는데
ko,medium,사용하면서,inflected_sentence_form,B,,사용+하면서
ko,medium,사용하였고,inflected_sentence_form,B,,사용+하였고
ko,medium,사용하였다,inflected_sentence_form,B,,사용+하였다
ko,medium,사용하지만,inflected_sentence_form,B,,사용+하지만
ko,medium,사용함으로써,not_a_dictionary_headword,C,,
ko,medium,사이에서는,particle_attached,B,,사이+에서는
ko,medium,사이트에서,particle_attached,B,,사이트+에서
ko,medium,사임하였다,inflected_sentence_form,B,,사임+하였다
ko,medium,사퇴하였다,inflected_sentence_form,B,,사퇴+하였다
ko,medium,사회에서는,particle_attached,B,,사회+에서는
ko,medium,사회적으로,particle_attached,B,,사회적+으로
ko,medium,살해되었다,inflected_sentence_form,B,,살해+되었다
ko,medium,상대적으로,particle_attached,B,,상대적+으로
ko,medium,상업적으로,particle_attached,B,,상업적+으로
ko,medium,상태에서는,particle_attached,B,,상태+에서는
ko,medium,상호작용을,particle_attached,B,,상호작용+을
ko,medium,상황에서는,particle_attached,B,,상황+에서는
ko,medium,상황에서도,particle_attached,B,,상황+에서도
ko,medium,상황이었다,particle_attached,B,,상황+이었다
ko,medium,생각하였다,inflected_sentence_form,B,,생각+하였다
ko,medium,생각하지만,inflected_sentence_form,B,,생각+하지만
ko,medium,샤,not_a_dictionary_headword,C,,
ko,medium,샵,not_a_dictionary_headword,C,,
ko,medium,선고받았다,not_a_dictionary_headword,C,,
ko,medium,선수권에서,particle_attached,B,,선수권+에서
ko,medium,선수들에게,particle_attached,B,,선수+들에게
ko,medium,선언하였다,inflected_sentence_form,B,,선언+하였다
ko,medium,선정되기도,not_a_dictionary_headword,C,,
ko,medium,선정되었다,inflected_sentence_form,B,,선정+되었다
ko,medium,선정하였다,inflected_sentence_form,B,,선정+하였다
ko,medium,선출되었다,inflected_sentence_form,B,,선출+되었다
ko,medium,설계되었다,inflected_sentence_form,B,,설계+되었다
ko,medium,설립되었다,inflected_sentence_form,B,,설립+되었다
ko,medium,설립되었으며,inflected_sentence_form,B,,설립+되었으며
ko,medium,설립하였다,inflected_sentence_form,B,,설립+하였다
ko,medium,설명하였다,inflected_sentence_form,B,,설명+하였다
ko,medium,설치되었다,inflected_sentence_form,B,,설치+되었다
ko,medium,설치하였다,inflected_sentence_form,B,,설치+하였다
ko,medium,성공적으로,particle_attached,B,,성공적+으로
ko,medium,성공하였다,inflected_sentence_form,B,,성공+하였다
ko,medium,성장하였다,inflected_sentence_form,B,,성장+하였다
ko,medium,세계적으로,particle_attached,B,,세계적+으로
ko,medium,소개되었다,inflected_sentence_form,B,,소개+되었다
ko,medium,소개하였다,inflected_sentence_form,B,,소개+하였다
ko,medium,소프트웨어는,particle_attached,B,,소프트웨어+는
ko,medium,소프트웨어를,particle_attached,B,,소프트웨어+를
ko,medium,소프트웨어의,particle_attached,B,,소프트웨어+의
ko,medium,수록되었다,inflected_sentence_form,B,,수록+되었다
ko,medium,수상하였다,inflected_sentence_form,B,,수상+하였다
ko,medium,수행하였다,inflected_sentence_form,B,,수행+하였다
ko,medium,순차적으로,particle_attached,B,,순차적+으로
ko,medium,스타크래프트,not_a_dictionary_headword,C,,
ko,medium,스토리,not_a_dictionary_headword,C,,
ko,medium,스튜디오에서,particle_attached,B,,스튜디오+에서
ko,medium,스트레스를,particle_attached,B,,스트레스+를
ko,medium,승강장으로,particle_attached,B,,승강장+으로
ko,medium,승격되었다,inflected_sentence_form,B,,승격+되었다
ko,medium,승리하였다,inflected_sentence_form,B,,승리+하였다
ko,medium,승인하였다,inflected_sentence_form,B,,승인+하였다
ko,medium,시도하였다,inflected_sentence_form,B,,시도+하였다
ko,medium,시도하였으나,inflected_sentence_form,B,,시도+하였으나
ko,medium,시도했지만,inflected_sentence_form,B,,시도+했지만
ko,medium,시리즈에서,particle_attached,B,,시리즈+에서
ko,medium,시리즈이다,particle_attached,B,,시리즈+이다
ko,medium,시상식이다,particle_attached,B,,시상식+이다
ko,medium,시스템에서,particle_attached,B,,시스템+에서
ko,medium,시스템으로,particle_attached,B,,시스템+으로
ko,medium,시스템이다,particle_attached,B,,시스템+이다
ko,medium,시작되었고,inflected_sentence_form,B,,시작+되었고
ko,medium,시작되었다,inflected_sentence_form,B,,시작+되었다
ko,medium,시작되었으며,inflected_sentence_form,B,,시작+되었으며
ko,medium,시작하면서,inflected_sentence_form,B,,시작+하면서
ko,medium,시작하였고,inflected_sentence_form,B,,시작+하였고
ko,medium,시작하였다,inflected_sentence_form,B,,시작+하였다
ko,medium,시작하였으며,inflected_sentence_form,B,,시작+하였으며
ko,medium,시작했는데,inflected_sentence_form,B,,시작+했는데
ko,medium,시작했으며,inflected_sentence_form,B,,시작+했으며
ko,medium,시작했지만,inflected_sentence_form,B,,시작+했지만
ko,medium,시점에서는,particle_attached,B,,시점+에서는
ko,medium,시즌에서는,particle_attached,B,,시즌+에서는
ko,medium,시청자들의,particle_attached,B,,시청자+들의
ko,medium,시청자들이,particle_attached,B,,시청자+들이
ko,medium,시행되었다,inflected_sentence_form,B,,시행+되었다
ko,medium,시행하였다,inflected_sentence_form,B,,시행+하였다
ko,medium,실시간으로,particle_attached,B,,실시간+으로
ko,medium,실시되었다,inflected_sentence_form,B,,실시+되었다
ko,medium,실시하였다,inflected_sentence_form,B,,실시+하였다
ko,medium,실질적으로,particle_attached,B,,실질적+으로
ko,medium,실패하였다,inflected_sentence_form,B,,실패+하였다
ko,medium,쏘,fragment,A,,쏘다
ko,medium,아님,not_a_dictionary_headword,C,,
ko,medium,아르바이트를,particle_attached,B,,아르바이트+를
ko,medium,아름다움을,particle_attached,B,,아름다움+을
ko,medium,아버지에게,particle_attached,B,,아버지+에게
ko,medium,아시아에서,particle_attached,B,,아시아+에서
ko,medium,아이들에게,particle_attached,B,,아이+들에게
ko,medium,아이디어를,particle_attached,B,,아이디어+를
ko,medium,아일랜드의,particle_attached,B,,아일랜드+의
ko,medium,아프리카계,not_a_dictionary_headword,C,,
ko,medium,악화되었다,inflected_sentence_form,B,,악화+되었다
ko,medium,안장되었다,inflected_sentence_form,B,,안장+되었다
ko,medium,안정적으로,particle_attached,B,,안정적+으로
ko,medium,알고리즘은,particle_attached,B,,알고리즘+은
ko,medium,알고리즘을,particle_attached,B,,알고리즘+을
ko,medium,알렉산데르,not_a_dictionary_headword,C,,
ko,medium,알려져있다,not_a_dictionary_headword,C,,
ko,medium,알려졌으나,not_a_dictionary_headword,C,,
ko,medium,알려졌으며,not_a_dictionary_headword,C,,
ko,medium,압도적으로,particle_attached,B,,압도적+으로
ko,medium,애니메이션을,particle_attached,B,,애니메이션+을
ko,medium,어디까지나,not_a_dictionary_headword,C,,
ko,medium,어떡,not_a_dictionary_headword,C,,
ko,medium,어려서부터,not_a_dictionary_headword,C,,
ko,medium,어렵,fragment,A,,어렵다
ko,medium,어린이들을,particle_attached,B,,어린이+들을
ko,medium,어머니에게,particle_attached,B,,어머니+에게
ko,medium,언급하였다,inflected_sentence_form,B,,언급+하였다
ko,medium,언론에서는,particle_attached,B,,언론+에서는
ko,medium,업데이트를,particle_attached,B,,업데이트+를
ko,medium,에피소드가,particle_attached,B,,에피소드+가
ko,medium,에피소드는,particle_attached,B,,에피소드+는
ko,medium,에피소드를,particle_attached,B,,에피소드+를
ko,medium,에피소드에서,particle_attached,B,,에피소드+에서
ko,medium,에피소드의,particle_attached,B,,에피소드+의
ko,medium,엔터테인먼트,not_a_dictionary_headword,C,,
ko,medium,엘리자베스,not_a_dictionary_headword,C,,
ko,medium,여기에서는,particle_attached,B,,여기+에서는
ko,medium,역사적으로,particle_attached,B,,역사적+으로
ko,medium,역설하였다,inflected_sentence_form,B,,역설+하였다
ko,medium,역임하였다,inflected_sentence_form,B,,역임+하였다
ko,medium,연구소에서,particle_attached,B,,연구소+에서
ko,medium,연구에서는,particle_attached,B,,연구+에서는
ko,medium,연구자들은,particle_attached,B,,연구자+들은
ko,medium,연기되었다,inflected_sentence_form,B,,연기+되었다
ko,medium,연속적으로,particle_attached,B,,연속적+으로
ko,medium,영국에서는,particle_attached,B,,영국+에서는
ko,medium,영화배우이다,particle_attached,B,,영화배우+이다
ko,medium,예외적으로,particle_attached,B,,예외적+으로
ko,medium,예정이라고,particle_attached,B,,예정+이라고
ko,medium,예정이었다,particle_attached,B,,예정+이었다
ko,medium,예정이었으나,not_a_dictionary_headword,C,,
ko,medium,예정이었지만,not_a_dictionary_headword,C,,
ko,medium,오늘날까지,particle_attached,B,,오늘날+까지
ko,medium,오늘날까지도,not_a_dictionary_headword,C,,
ko,medium,오늘날에는,particle_attached,B,,오늘날+에는
ko,medium,오늘날에도,particle_attached,B,,오늘날+에도
ko,medium,오래전부터,particle_attached,B,,오래전+부터
ko,medium,오르,fragment,A,,오르다
ko,medium,오른쪽에는,particle_attached,B,,오른쪽+에는
ko,medium,오른쪽으로,particle_attached,B,,오른쪽+으로
ko,medium,오스트리아의,particle_attached,B,,오스트리아+의
ko,medium,온라인으로,particle_attached,B,,온라인+으로
ko,medium,올라가,fragment,A,,올라가다
ko,medium,완료되었다,inflected_sentence_form,B,,완료+되었다
ko,medium,완성되었다,inflected_sentence_form,B,,완성+되었다
ko,medium,요구하였다,inflected_sentence_form,B,,요구+하였다
ko,medium,요청하였다,inflected_sentence_form,B,,요청+하였다
ko,medium,우리나라의,particle_attached,B,,우리나라+의
ko,medium,우승하면서,inflected_sentence_form,B,,우승+하면서
ko,medium,우승하였다,inflected_sentence_form,B,,우승+하였다
ko,medium,우크라이나의,particle_attached,B,,우크라이나+의
ko,medium,운영되었다,inflected_sentence_form,B,,운영+되었다
ko,medium,원주민들은,particle_attached,B,,원주민+들은
ko,medium,원칙적으로,particle_attached,B,,원칙적+으로
ko,medium,월드컵에서,particle_attached,B,,월드컵+에서
ko,medium,웹사이트에,particle_attached,B,,웹사이트+에
ko,medium,위원장으로,particle_attached,B,,위원장+으로
ko,medium,유나이티드,not_a_dictionary_headword,C,,
ko,medium,유래하였다,inflected_sentence_form,B,,유래+하였다
ko,medium,유명해졌다,not_a_dictionary_headword,C,,
ko,medium,유지되었다,inflected_sentence_form,B,,유지+되었다
ko,medium,유지하면서,inflected_sentence_form,B,,유지+하면서
ko,medium,유지하였다,inflected_sentence_form,B,,유지+하였다
ko,medium,은퇴하였다,inflected_sentence_form,B,,은퇴+하였다
ko,medium,을까요,inflected_sentence_form,B,,을+까요
ko,medium,을지,inflected_sentence_form,B,,을+지
ko,medium,의도적으로,particle_attached,B,,의도적+으로
ko,medium,의무적으로,particle_attached,B,,의무적+으로
ko,medium,이곳에서는,particle_attached,B,,이곳+에서는
ko,medium,이끌어냈다,not_a_dictionary_headword,C,,
ko,medium,이론적으로,particle_attached,B,,이론적+으로
ko,medium,이루어져야,not_a_dictionary_headword,C,,
ko,medium,이루어졌고,not_a_dictionary_headword,C,,
ko,medium,이루어졌다,not_a_dictionary_headword,C,,
ko,medium,이루어지고,inflected_sentence_form,B,,이루어지+고
ko,medium,이루어지는,inflected_sentence_form,B,,이루어지+는
ko,medium,이루어지며,inflected_sentence_form,B,,이루어지+며
ko,medium,이루어지지,inflected_sentence_form,B,,이루어지+지
ko,medium,이루어진다,not_a_dictionary_headword,C,,
ko,medium,이르기까지,not_a_dictionary_headword,C,,
ko,medium,이름으로도,particle_attached,B,,이름+으로도
ko,medium,이스라엘의,particle_attached,B,,이스라엘+의
ko,medium,이야기이다,particle_attached,B,,이야기+이다
ko,medium,이야기하는,inflected_sentence_form,B,,이야기+하는
ko,medium,이야기한다,inflected_sentence_form,B,,이야기+한다
ko,medium,이용하였다,inflected_sentence_form,B,,이용+하였다
ko,medium,이전까지는,not_a_dictionary_headword,C,,
ko,medium,이전하였다,inflected_sentence_form,B,,이전+하였다
ko,medium,이탈리아는,particle_attached,B,,이탈리아+는
ko,medium,이탈리아로,particle_attached,B,,이탈리아+로
ko,medium,이탈리아를,particle_attached,B,,이탈리아+를
ko,medium,이탈리아에,particle_attached,B,,이탈리아+에
ko,medium,이탈리아에서,particle_attached,B,,이탈리아+에서
ko,medium,이탈리아와,particle_attached,B,,이탈리아+와
ko,medium,이탈리아의,particle_attached,B,,이탈리아+의
ko,medium,인물이었다,particle_attached,B,,인물+이었다
ko,medium,인위적으로,particle_attached,B,,인위적+으로
ko,medium,인정받았다,inflected_sentence_form,B,,인정받+았다
ko,medium,인터내셔널,not_a_dictionary_headword,C,,
ko,medium,인터넷에서,particle_attached,B,,인터넷+에서
ko,medium,인터뷰에서,particle_attached,B,,인터뷰+에서
ko,medium,인터페이스를,particle_attached,B,,인터페이스+를
ko,medium,일각에서는,particle_attached,B,,일각+에서는
ko,medium,일반적으로,particle_attached,B,,일반적+으로
ko,medium,일반적으로는,particle_attached,B,,일반적+으로는
ko,medium,일반적이다,particle_attached,B,,일반적+이다
ko,medium,일방적으로,particle_attached,B,,일방적+으로
ko,medium,일본에서는,particle_attached,B,,일본+에서는
ko,medium,일시적으로,particle_attached,B,,일시적+으로
ko,medium,일어나기도,not_a_dictionary_headword,C,,
ko,medium,일제강점기,not_a_dictionary_headword,C,,
ko,medium,임명되었고,inflected_sentence_form,B,,임명+되었고
ko,medium,임명되었다,inflected_sentence_form,B,,임명+되었다
ko,medium,임명하였다,inflected_sentence_form,B,,임명+하였다
ko,medium,입장에서는,particle_attached,B,,입장+에서는
ko,medium,잇,fragment,A,,잇다
ko,medium,있었으므로,not_a_dictionary_headword,C,,
ko,medium,있었음에도,not_a_dictionary_headword,C,,
ko,medium,있으면서도,not_a_dictionary_headword,C,,
ko,medium,잉글랜드는,particle_attached,B,,잉글랜드+는
ko,medium,잉글랜드의,particle_attached,B,,잉글랜드+의
ko,medium,자동적으로,particle_attached,B,,자동적+으로
ko,medium,자리잡았다,not_a_dictionary_headword,C,,
ko,medium,자발적으로,particle_attached,B,,자발적+으로
ko,medium,자연스럽게,inflected_sentence_form,B,,자연스럽+게
ko,medium,자연적으로,particle_attached,B,,자연적+으로
ko,medium,자체적으로,particle_attached,B,,자체적+으로
ko,medium,작품에서는,particle_attached,B,,작품+에서는
ko,medium,잖아요,not_a_dictionary_headword,C,,
ko,medium,잠재적으로,particle_attached,B,,잠재적+으로
ko,medium,장기적으로,particle_attached,B,,장기적+으로
ko,medium,재개되었다,inflected_sentence_form,B,,재개+되었다
ko,medium,적극적으로,particle_attached,B,,적극적+으로
ko,medium,적용되었다,inflected_sentence_form,B,,적용+되었다
ko,medium,전개되었다,inflected_sentence_form,B,,전개+되었다
ko,medium,전국적으로,particle_attached,B,,전국적+으로
ko,medium,전략적으로,particle_attached,B,,전략적+으로
ko,medium,전문가들은,particle_attached,B,,전문가+들은
ko,medium,전문적으로,particle_attached,B,,전문적+으로
ko,medium,전반적으로,particle_attached,B,,전반적+으로
ko,medium,전체적으로,particle_attached,B,,전체적+으로
ko,medium,전통적으로,particle_attached,B,,전통적+으로
ko,medium,절대적으로,particle_attached,B,,절대적+으로
ko,medium,점진적으로,particle_attached,B,,점진적+으로
ko,medium,점차적으로,not_a_dictionary_headword,C,,
ko,medium,정기적으로,particle_attached,B,,정기적+으로
ko,medium,정부로부터,particle_attached,B,,정부+로부터
ko,medium,정부에서는,particle_attached,B,,정부+에서는
ko,medium,정상적으로,particle_attached,B,,정상적+으로
ko,medium,정치인으로,particle_attached,B,,정치인+으로
ko,medium,정치적으로,particle_attached,B,,정치적+으로
ko,medium,제공하기도,inflected_sentence_form,B,,제공+하기도
ko,medium,제공하였다,inflected_sentence_form,B,,제공+하였다
ko,medium,제기되었다,inflected_sentence_form,B,,제기+되었다
ko,medium,제기하였다,inflected_sentence_form,B,,제기+하였다
ko,medium,제시되었다,inflected_sentence_form,B,,제시+되었다
ko,medium,제시하였다,inflected_sentence_form,B,,제시+하였다
ko,medium,제안되었다,inflected_sentence_form,B,,제안+되었다
ko,medium,제안하였다,inflected_sentence_form,B,,제안+하였다
ko,medium,제외하고는,not_a_dictionary_headword,C,,
ko,medium,제작되었다,inflected_sentence_form,B,,제작+되었다
ko,medium,제작되었으며,inflected_sentence_form,B,,제작+되었으며
ko,medium,제작하였다,inflected_sentence_form,B,,제작+하였다
ko,medium,조사되었다,inflected_sentence_form,B,,조사+되었다
ko,medium,조선시대에,not_a_dictionary_headword,C,,
ko,medium,조선시대에는,not_a_dictionary_headword,C,,
ko,medium,조선시대의,not_a_dictionary_headword,C,,
ko,medium,조성되었다,inflected_sentence_form,B,,조성+되었다
ko,medium,조정에서는,particle_attached,B,,조정+에서는
ko,medium,조지,fragment,A,,조지다
ko,medium,존재하는데,inflected_sentence_form,B,,존재+하는데
ko,medium,존재하였다,inflected_sentence_form,B,,존재+하였다
ko,medium,존재하지만,inflected_sentence_form,B,,존재+하지만
ko,medium,존재한다고,inflected_sentence_form,B,,존재+한다고
ko,medium,존재한다는,inflected_sentence_form,B,,존재+한다는
ko,medium,졸업하였다,inflected_sentence_form,B,,졸업+하였다
ko,medium,종료되었다,inflected_sentence_form,B,,종료+되었다
ko,medium,종합적으로,particle_attached,B,,종합적+으로
ko,medium,주민들에게,particle_attached,B,,주민+들에게
ko,medium,주인공으로,particle_attached,B,,주인공+으로
ko,medium,주장하기도,inflected_sentence_form,B,,주장+하기도
ko,medium,주장하면서,inflected_sentence_form,B,,주장+하면서
ko,medium,주장하였다,inflected_sentence_form,B,,주장+하였다
ko,medium,주장했지만,inflected_sentence_form,B,,주장+했지만
ko,medium,줄어들었다,inflected_sentence_form,B,,줄어들+었다
ko,medium,중국에서는,particle_attached,B,,중국+에서는
ko,medium,중단되었다,inflected_sentence_form,B,,중단+되었다
ko,medium,중심지이다,particle_attached,B,,중심지+이다
ko,medium,중요하다고,inflected_sentence_form,B,,중요하다+고
ko,medium,중점적으로,particle_attached,B,,중점적+으로
ko,medium,줘서,not_a_dictionary_headword,C,,
ko,medium,즐기,fragment,A,,즐기다
ko,medium,증가하였다,inflected_sentence_form,B,,증가+하였다
ko,medium,증명되었다,inflected_sentence_form,B,,증명+되었다
ko,medium,지구로부터,particle_attached,B,,지구+로부터
ko,medium,지금까지도,not_a_dictionary_headword,C,,
ko,medium,지금까지의,particle_attached,B,,지금+까지의
ko,medium,지도자들은,particle_attached,B,,지도자+들은
ko,medium,지명되었다,inflected_sentence_form,B,,지명+되었다
ko,medium,지방에서는,particle_attached,B,,지방+에서는
ko,medium,지속되었다,inflected_sentence_form,B,,지속+되었다
ko,medium,지속적으로,particle_attached,B,,지속적+으로
ko,medium,지어졌으며,not_a_dictionary_headword,C,,
ko,medium,지역에서는,particle_attached,B,,지역+에서는
ko,medium,지역에서도,particle_attached,B,,지역+에서도
ko,medium,지역이었다,particle_attached,B,,지역+이었다
ko,medium,지적하였다,inflected_sentence_form,B,,지적+하였다
ko,medium,지정되었다,inflected_sentence_form,B,,지정+되었다
ko,medium,지지하였다,inflected_sentence_form,B,,지지+하였다
ko,medium,직접적으로,particle_attached,B,,직접적+으로
ko,medium,진출하였다,inflected_sentence_form,B,,진출+하였다
ko,medium,진행되었다,inflected_sentence_form,B,,진행+되었다
ko,medium,진행하였다,inflected_sentence_form,B,,진행+하였다
ko,medium,집중적으로,particle_attached,B,,집중적+으로
ko,medium,차지하였다,inflected_sentence_form,B,,차지+하였다
ko,medium,참가하였다,inflected_sentence_form,B,,참가+하였다
ko,medium,참석하였다,inflected_sentence_form,B,,참석+하였다
ko,medium,참여하였다,inflected_sentence_form,B,,참여+하였다
ko,medium,참여했으며,inflected_sentence_form,B,,참여+했으며
ko,medium,창설되었다,inflected_sentence_form,B,,창설+되었다
ko,medium,채택되었다,inflected_sentence_form,B,,채택+되었다
ko,medium,채택하였다,inflected_sentence_form,B,,채택+하였다
ko,medium,챔피언스리그,not_a_dictionary_headword,C,,
ko,medium,처형되었다,inflected_sentence_form,B,,처형+되었다
ko,medium,체결하였다,inflected_sentence_form,B,,체결+하였다
ko,medium,체계적으로,particle_attached,B,,체계적+으로
ko,medium,체포되었다,inflected_sentence_form,B,,체포+되었다
ko,medium,최종적으로,particle_attached,B,,최종적+으로
ko,medium,최종적으로는,particle_attached,B,,최종적+으로는
ko,medium,최종전에서,not_a_dictionary_headword,C,,
ko,medium,추가되었다,inflected_sentence_form,B,,추가+되었다
ko,medium,추가적으로,particle_attached,B,,추가적+으로
ko,medium,추가하였다,inflected_sentence_form,B,,추가+하였다
ko,medium,추진하였다,inflected_sentence_form,B,,추진+하였다
ko,medium,출간되었다,inflected_sentence_form,B,,출간+되었다
ko,medium,출시되었다,inflected_sentence_form,B,,출시+되었다
ko,medium,출연하기도,inflected_sentence_form,B,,출연+하기도
ko,medium,출연하였고,inflected_sentence_form,B,,출연+하였고
ko,medium,출연하였다,inflected_sentence_form,B,,출연+하였다
ko,medium,출전하였고,inflected_sentence_form,B,,출전+하였고
ko,medium,출전하였다,inflected_sentence_form,B,,출전+하였다
ko,medium,출판되었다,inflected_sentence_form,B,,출판+되었다
ko,medium,출판하였다,inflected_sentence_form,B,,출판+하였다
ko,medium,취소되었다,inflected_sentence_form,B,,취소+되었다
ko,medium,친구들에게,particle_attached,B,,친구+들에게
ko,medium,카이사르는,not_a_dictionary_headword,C,,
ko,medium,캐나다에서,particle_attached,B,,캐나다+에서
ko,medium,컴퓨터에서,particle_attached,B,,컴퓨터+에서
ko,medium,코리아,not_a_dictionary_headword,C,,
ko,medium,킹,not_a_dictionary_headword,C,,
ko,medium,태어났으며,not_a_dictionary_headword,C,,
ko,medium,통과시켰다,not_a_dictionary_headword,C,,
ko,medium,통합되었다,inflected_sentence_form,B,,통합+되었다
ko,medium,투입되었다,inflected_sentence_form,B,,투입+되었다
ko,medium,파견하였다,inflected_sentence_form,B,,파견+하였다
ko,medium,파괴되었다,inflected_sentence_form,B,,파괴+되었다
ko,medium,판매되었다,inflected_sentence_form,B,,판매+되었다
ko,medium,페르시아의,particle_attached,B,,페르시아+의
ko,medium,편입되었다,inflected_sentence_form,B,,편입+되었다
ko,medium,평가받는다,not_a_dictionary_headword,C,,
ko,medium,평가하였다,inflected_sentence_form,B,,평가+하였다
ko,medium,평균자책점,not_a_dictionary_headword,C,,
ko,medium,평균적으로,particle_attached,B,,평균적+으로
ko,medium,폐지되었다,inflected_sentence_form,B,,폐지+되었다
ko,medium,포르투갈의,particle_attached,B,,포르투갈+의
ko,medium,포스트시즌,not_a_dictionary_headword,C,,
ko,medium,포함되었다,inflected_sentence_form,B,,포함+되었다
ko,medium,표기하기도,inflected_sentence_form,B,,표기+하기도
ko,medium,표현되었다,inflected_sentence_form,B,,표현+되었다
ko,medium,표현하였다,inflected_sentence_form,B,,표현+하였다
ko,medium,프랑스군은,not_a_dictionary_headword,C,,
ko,medium,프랑스군을,not_a_dictionary_headword,C,,
ko,medium,프랑스군의,not_a_dictionary_headword,C,,
ko,medium,프랑스군이,not_a_dictionary_headword,C,,
ko,medium,프랑스에서,particle_attached,B,,프랑스+에서
ko,medium,프로그래머가,particle_attached,B,,프로그래머+가
ko,medium,프로그램과,particle_attached,B,,프로그램+과
ko,medium,프로그램에,particle_attached,B,,프로그램+에
ko,medium,프로그램에서,particle_attached,B,,프로그램+에서
ko,medium,프로그램으로,particle_attached,B,,프로그램+으로
ko,medium,프로그램은,particle_attached,B,,프로그램+은
ko,medium,프로그램을,particle_attached,B,,프로그램+을
ko,medium,프로그램의,particle_attached,B,,프로그램+의
ko,medium,프로그램이,particle_attached,B,,프로그램+이
ko,medium,프로그램이다,particle_attached,B,,프로그램+이다
ko,medium,프로그램인,particle_attached,B,,프로그램+인
ko,medium,프로듀서로,particle_attached,B,,프로듀서+로
ko,medium,프로듀서이다,particle_attached,B,,프로듀서+이다
ko,medium,프로듀싱을,not_a_dictionary_headword,C,,
ko,medium,프로이센의,not_a_dictionary_headword,C,,
ko,medium,프로젝트가,particle_attached,B,,프로젝트+가
ko,medium,프로젝트는,particle_attached,B,,프로젝트+는
ko,medium,프로젝트를,particle_attached,B,,프로젝트+를
ko,medium,프로젝트에,particle_attached,B,,프로젝트+에
ko,medium,프로젝트의,particle_attached,B,,프로젝트+의
ko,medium,프리드리히,not_a_dictionary_headword,C,,
ko,medium,플랫폼에서,particle_attached,B,,플랫폼+에서
ko,medium,플레이어가,not_a_dictionary_headword,C,,
ko,medium,플레이어는,not_a_dictionary_headword,C,,
ko,medium,플레이어를,not_a_dictionary_headword,C,,
ko,medium,플레이어의,not_a_dictionary_headword,C,,
ko,medium,플레이오프에,particle_attached,B,,플레이오프+에
ko,medium,필사적으로,particle_attached,B,,필사적+으로
ko,medium,필연적으로,particle_attached,B,,필연적+으로
ko,medium,필요하다고,inflected_sentence_form,B,,필요하다+고
ko,medium,필요하다는,particle_attached,B,,필요하다+는
ko,medium,하이브리드,not_a_dictionary_headword,C,,
ko,medium,학교에서는,particle_attached,B,,학교+에서는
ko,medium,학생들에게,particle_attached,B,,학생+들에게
ko,medium,한국시리즈,not_a_dictionary_headword,C,,
ko,medium,한국에서는,particle_attached,B,,한국+에서는
ko,medium,한편으로는,particle_attached,B,,한편+으로는
ko,medium,할지,inflected_sentence_form,B,,할+지
ko,medium,합법적으로,particle_attached,B,,합법적+으로
ko,medium,해야지,not_a_dictionary_headword,C,,
ko,medium,향상시켰다,not_a_dictionary_headword,C,,
ko,medium,향상시키는,not_a_dictionary_headword,C,,
ko,medium,현실적으로,particle_attached,B,,현실적+으로
ko,medium,현재까지도,not_a_dictionary_headword,C,,
ko,medium,형성되었다,inflected_sentence_form,B,,형성+되었다
ko,medium,형성하였다,inflected_sentence_form,B,,형성+하였다
ko,medium,홈페이지를,particle_attached,B,,홈페이지+를
ko,medium,홈페이지에,particle_attached,B,,홈페이지+에
ko,medium,확대되었다,inflected_sentence_form,B,,확대+되었다
ko,medium,확실,not_a_dictionary_headword,C,,
ko,medium,확인되었다,inflected_sentence_form,B,,확인+되었다
ko,medium,확인하였다,inflected_sentence_form,B,,확인+하였다
ko,medium,확정되었다,inflected_sentence_form,B,,확정+되었다
ko,medium,활동하기도,inflected_sentence_form,B,,활동+하기도
ko,medium,활동하다가,particle_attached,B,,활동하다+가
ko,medium,활동하면서,inflected_sentence_form,B,,활동+하면서
ko,medium,활동하였다,inflected_sentence_form,B,,활동+하였다
ko,medium,활약하였다,inflected_sentence_form,B,,활약+하였다
ko,medium,회복되었다,inflected_sentence_form,B,,회복+되었다
ko,medium,획득하였다,inflected_sentence_form,B,,획득+하였다
ko,medium,효과적으로,particle_attached,B,,효과적+으로
ko,medium,효율적으로,particle_attached,B,,효율적+으로
ko,medium,후지와라노,not_a_dictionary_headword,C,,
ko,medium,히데요시의,not_a_dictionary_headword,C,,
ko,hard,가격결정구조의,not_a_dictionary_headword,C,,
ko,hard,가격결정형식이,not_a_dictionary_headword,C,,
ko,hard,가격통제제도로,not_a_dictionary_headword,C,,
ko,hard,가꾸기에서부터,not_a_dictionary_headword,C,,
ko,hard,가나데혼추신구라,not_a_dictionary_headword,C,,
ko,hard,가나안농군학교를,not_a_dictionary_headword,C,,
ko,hard,가남휴게소였으나,not_a_dictionary_headword,C,,
ko,hard,가논돌프로부터,not_a_dictionary_headword,C,,
ko,hard,가등기담보법은,not_a_dictionary_headword,C,,
ko,hard,가례초등학교를,not_a_dictionary_headword,C,,
ko,hard,가로무늬근에는,not_a_dictionary_headword,C,,
ko,hard,가루깍지벌레과,not_a_dictionary_headword,C,,
ko,hard,가루다드바자는,not_a_dictionary_headword,C,,
ko,hard,가루라드바자로,not_a_dictionary_headword,C,,
ko,hard,가르쳐보았더니,not_a_dictionary_headword,C,,
ko,hard,가르쳐주고있으며,not_a_dictionary_headword,C,,
ko,hard,가르쳐주었다고,not_a_dictionary_headword,C,,
ko,hard,가르쳐주었어요,not_a_dictionary_headword,C,,
ko,hard,가르침이라면서,not_a_dictionary_headword,C,,
ko,hard,가마쿠라쇼군부,not_a_dictionary_headword,C,,
ko,hard,가변식이었으나,not_a_dictionary_headword,C,,
ko,hard,가부장제로부터,particle_attached,B,,가부장제+로부터
ko,hard,가산점이부여된다,not_a_dictionary_headword,C,,
ko,hard,가상의선분이다,not_a_dictionary_headword,C,,
ko,hard,가상자산이라는,not_a_dictionary_headword,C,,
ko,hard,가속화시킴으로써,not_a_dictionary_headword,C,,
ko,hard,가수분해효소와,not_a_dictionary_headword,C,,
ko,hard,가슴지느러미는,not_a_dictionary_headword,C,,
ko,hard,가슴지느러미보다,not_a_dictionary_headword,C,,
ko,hard,가슴지느러미의,not_a_dictionary_headword,C,,
ko,hard,가시광선에서는,particle_attached,B,,가시광선+에서는
ko,hard,가시엉겅퀴라고,not_a_dictionary_headword,C,,
ko,hard,가시주머니생쥐류,not_a_dictionary_headword,C,,
ko,hard,가야국으로부터,not_a_dictionary_headword,C,,
ko,hard,가야금병창곡이,not_a_dictionary_headword,C,,
ko,hard,가야동계곡으로,not_a_dictionary_headword,C,,
ko,hard,가우스건이라는,not_a_dictionary_headword,C,,
ko,hard,가우텐겐시스는,not_a_dictionary_headword,C,,
ko,hard,가운데받침돌에는,not_a_dictionary_headword,C,,
ko,hard,가을서리기에는,not_a_dictionary_headword,C,,
ko,hard,가이노이드이며,not_a_dictionary_headword,C,,
ko,hard,가이드라인들과,particle_attached,B,,가이드라인+들과
ko,hard,가이드라인에서는,particle_attached,B,,가이드라인+에서는
ko,hard,가이드라인이다,particle_attached,B,,가이드라인+이다
ko,hard,가이아나인들이,not_a_dictionary_headword,C,,
ko,hard,가이아나인이라고,not_a_dictionary_headword,C,,
ko,hard,가인산분해효소,not_a_dictionary_headword,C,,
ko,hard,가인산분해효소가,not_a_dictionary_headword,C,,
ko,hard,가인산분해효소는,not_a_dictionary_headword,C,,
ko,hard,가입대상기간의,not_a_dictionary_headword,C,,
ko,hard,가장자리무늬는,not_a_dictionary_headword,C,,
ko,hard,가장자리에서부터,particle_attached,B,,가장자리+에서부터
ko,hard,가전제품군으로,not_a_dictionary_headword,C,,
ko,hard,가정에서마저도,not_a_dictionary_headword,C,,
ko,hard,가정주부였지만,not_a_dictionary_headword,C,,
ko,hard,가정폭력사건에,not_a_dictionary_headword,C,,
ko,hard,가정폭력처벌법을,not_a_dictionary_headword,C,,
ko,hard,가져가겠습니다,not_a_dictionary_headword,C,,
ko,hard,가져가야한다고,not_a_dictionary_headword,C,,
ko,hard,가져다,inflected_sentence_form,B,,가져+다
ko,hard,가져왔,not_a_dictionary_headword,C,,
ko,hard,가족관계등록부에,particle_attached,B,,가족관계등록부+에
ko,hard,가족기업에게는,not_a_dictionary_headword,C,,
ko,hard,가중처벌되었다,inflected_sentence_form,B,,가중처벌+되었다
ko,hard,가즈사뉴도도칸,not_a_dictionary_headword,C,,
ko,hard,가즈요시로부터도,not_a_dictionary_headword,C,,
ko,hard,가지각색이었다,particle_attached,B,,가지각색+이었다
ko,hard,가짜황손이라고,not_a_dictionary_headword,C,,
ko,hard,가천뇌과학연구원,not_a_dictionary_headword,C,,
ko,hard,가천박물관에서,not_a_dictionary_headword,C,,
ko,hard,가청권역으로서,not_a_dictionary_headword,C,,
ko,hard,가청음역이라도,not_a_dictionary_headword,C,,
ko,hard,가치구성이라고,not_a_dictionary_headword,C,,
ko,hard,가치중립적이지만,not_a_dictionary_headword,C,,
ko,hard,가치투자자라고,not_a_dictionary_headword,C,,
ko,hard,가타마치까지의,not_a_dictionary_headword,C,,
ko,hard,가톨릭교도들을,not_a_dictionary_headword,C,,
ko,hard,가톨릭교도들이,not_a_dictionary_headword,C,,
ko,hard,가톨릭교회에서,particle_attached,B,,가톨릭교회+에서
ko,hard,가톨릭교회에서는,particle_attached,B,,가톨릭교회+에서는
ko,hard,가톨릭대학교에서,not_a_dictionary_headword,C,,
ko,hard,가톨릭신자였는데,not_a_dictionary_headword,C,,
ko,hard,각국의정책이다,not_a_dictionary_headword,C,,
ko,hard,각섬석화강암으로,not_a_dictionary_headword,C,,
ko,hard,간경도감판본을,not_a_dictionary_headword,C,,
ko,hard,간구하여야할만한,not_a_dictionary_headword,C,,
ko,hard,간다고,not_a_dictionary_headword,C,,
ko,hard,간소화함으로써,not_a_dictionary_headword,C,,
ko,hard,간접사격무기의,not_a_dictionary_headword,C,,
ko,hard,간직,not_a_dictionary_headword,C,,
ko,hard,간호학생들에게,not_a_dictionary_headword,C,,
ko,hard,갈고리손톱처럼,not_a_dictionary_headword,C,,
ko,hard,갈까,inflected_sentence_form,B,,갈+까
ko,hard,갈대이기보다는,not_a_dictionary_headword,C,,
ko,hard,갈라디아인들에게,not_a_dictionary_headword,C,,
ko,hard,갈라타사라이는,not_a_dictionary_headword,C,,
ko,hard,갈라타사라이의,not_a_dictionary_headword,C,,
ko,hard,갈라티아인들과,not_a_dictionary_headword,C,,
ko,hard,갈리,fragment,A,,갈리다
ko,hard,갈리소니에르의,not_a_dictionary_headword,C,,
ko,hard,갈리프레이에서,not_a_dictionary_headword,C,,
ko,hard,갈릴레오탐사선을,not_a_dictionary_headword,C,,
ko,hard,갈바니전지에서,not_a_dictionary_headword,C,,
ko,hard,갈색여우원숭이는,not_a_dictionary_headword,C,,
ko,hard,감각적이지만은,not_a_dictionary_headword,C,,
ko,hard,감독제교회라고,not_a_dictionary_headword,C,,
ko,hard,감동적이었다고,not_a_dictionary_headword,C,,
ko,hard,감면시켜주었다,not_a_dictionary_headword,C,,
ko,hard,감사쿠르디아는,not_a_dictionary_headword,C,,
ko,hard,감소시킴으로써,not_a_dictionary_headword,C,,
ko,hard,감염내과에서도,not_a_dictionary_headword,C,,
ko,hard,감염병으로부터,not_a_dictionary_headword,C,,
ko,hard,감염병전문병원,not_a_dictionary_headword,C,,
ko,hard,감염증이었는데,not_a_dictionary_headword,C,,
ko,hard,감옥운영팀에게,not_a_dictionary_headword,C,,
ko,hard,감옥운영팀에서는,not_a_dictionary_headword,C,,
ko,hard,감자왕이었다는,not_a_dictionary_headword,C,,
ko,hard,감정평가법인의,not_a_dictionary_headword,C,,
ko,hard,감정평가사무소,not_a_dictionary_headword,C,,
ko,hard,감정평가업무를,not_a_dictionary_headword,C,,
ko,hard,감청주제군사에,not_a_dictionary_headword,C,,
ko,hard,감추,fragment,A,,감추다
ko,hard,갑론을박하기도,inflected_sentence_form,B,,갑론을박+하기도
ko,hard,갑오개혁때까지,not_a_dictionary_headword,C,,
ko,hard,갑오징어뼈라는,not_a_dictionary_headword,C,,
ko,hard,강간통념들에서,not_a_dictionary_headword,C,,
ko,hard,강경진보성향으로,not_a_dictionary_headword,C,,
ko,hard,강경파들이라고,not_a_dictionary_headword,C,,
ko,hard,강남종합병원에서,not_a_dictionary_headword,C,,
ko,hard,강남터미널행만,not_a_dictionary_headword,C,,
ko,hard,강단조성이라는,not_a_dictionary_headword,C,,
ko,hard,강도측면에서는,not_a_dictionary_headword,C,,
ko,hard,강동윤으로부터,not_a_dictionary_headword,C,,
ko,hard,강릉고등학교의,not_a_dictionary_headword,C,,
ko,hard,강릉사범학교에서,not_a_dictionary_headword,C,,
ko,hard,강릉원주대학교,not_a_dictionary_headword,C,,
ko,hard,강릉원주대학교는,not_a_dictionary_headword,C,,
ko,hard,강릉원주대학교의,not_a_dictionary_headword,C,,
ko,hard,강변이라기보다는,not_a_dictionary_headword,C,,
ko,hard,강악급문화사무서,not_a_dictionary_headword,C,,
ko,hard,강요당하면서도,not_a_dictionary_headword,C,,
ko,hard,강제노역장에서,not_a_dictionary_headword,C,,
ko,hard,강제선택척도가,not_a_dictionary_headword,C,,
ko,hard,강제수용소에서,not_a_dictionary_headword,C,,
ko,hard,강제이주시키고,not_a_dictionary_headword,C,,
ko,hard,강제이주시키는,not_a_dictionary_headword,C,,
ko,hard,강제집행절차와,not_a_dictionary_headword,C,,
ko,hard,강제집행절차와의,not_a_dictionary_headword,C,,
ko,hard,강진보통학교를,not_a_dictionary_headword,C,,
ko,hard,강진주조개과이다,not_a_dictionary_headword,C,,
ko,hard,강진청자박물관에,not_a_dictionary_headword,C,,
ko,hard,강태용씨로부터,not_a_dictionary_headword,C,,
ko,hard,강화하기위하여,not_a_dictionary_headword,C,,
ko,hard,갖추었을지라도,not_a_dictionary_headword,C,,
ko,hard,개과천선하였다,inflected_sentence_form,B,,개과천선+하였다
ko,hard,개구리쌍고흡충과,not_a_dictionary_headword,C,,
ko,hard,개국원종공신에,not_a_dictionary_headword,C,,
ko,hard,개국익찬일등공신,not_a_dictionary_headword,C,,
ko,hard,개량계산법에도,not_a_dictionary_headword,C,,
ko,hard,개량서당운동이,not_a_dictionary_headword,C,,
ko,hard,개발도상국가에,not_a_dictionary_headword,C,,
ko,hard,개발도상국가의,not_a_dictionary_headword,C,,
ko,hard,개발도상국간에는,not_a_dictionary_headword,C,,
ko,hard,개발도상국들에,particle_attached,B,,개발도상국+들에
ko,hard,개발도상국에서,particle_attached,B,,개발도상국+에서
ko,hard,개발도상국에서는,particle_attached,B,,개발도상국+에서는
ko,hard,개발완료했다는,not_a_dictionary_headword,C,,
ko,hard,개발원조이행에,not_a_dictionary_headword,C,,
ko,hard,개발자들까지도,not_a_dictionary_headword,C,,
ko,hard,개발제한구역과,not_a_dictionary_headword,C,,
ko,hard,개발팀원이었으며,not_a_dictionary_headword,C,,
ko,hard,개새끼,,,yes,
ko,hard,개인리그에서는,not_a_dictionary_headword,C,,
ko,hard,거시세계에서도,not_a_dictionary_headword,C,,
ko,hard,걸까요,inflected_sentence_form,B,,걸+까요
ko,hard,걸어가,fragment,A,,걸어가다
ko,hard,겁니까,not_a_dictionary_headword,C,,
ko,hard,게티스버그에서,not_a_dictionary_headword,C,,
ko,hard,견디,fragment,A,,견디다
ko,hard,경계선성격장애를,not_a_dictionary_headword,C,,
ko,hard,경계선으로부터,particle_attached,B,,경계선+으로부터
ko,hard,경성지방법원과,not_a_dictionary_headword,C,,
ko,hard,경찰청으로부터,particle_attached,B,,경찰청+으로부터
ko,hard,계셨,not_a_dictionary_headword,C,,
ko,hard,고등교육기관이다,not_a_dictionary_headword,C,,
ko,hard,고등학교까지의,particle_attached,B,,고등학교+까지의
ko,hard,고등학교에서는,particle_attached,B,,고등학교+에서는
ko,hard,고시라카와인은,not_a_dictionary_headword,C,,
ko,hard,고시라카와인이,not_a_dictionary_headword,C,,
ko,hard,공산주의자들과,particle_attached,B,,공산주의자+들과
ko,hard,공산주의자들에게,particle_attached,B,,공산주의자+들에게
ko,hard,공산주의자들은,particle_attached,B,,공산주의자+들은
ko,hard,공산주의자들을,particle_attached,B,,공산주의자+들을
ko,hard,공산주의자들의,particle_attached,B,,공산주의자+들의
ko,hard,공산주의자들이,particle_attached,B,,공산주의자+들이
ko,hard,공식전만으로는,not_a_dictionary_headword,C,,
ko,hard,과잉간극수압이,not_a_dictionary_headword,C,,
ko,hard,과학기술유공자에,not_a_dictionary_headword,C,,
ko,hard,곽,not_a_dictionary_headword,C,,
ko,hard,관해서,not_a_dictionary_headword,C,,
ko,hard,광주교도소에서,not_a_dictionary_headword,C,,
ko,hard,굉장,not_a_dictionary_headword,C,,
ko,hard,구로,particle_attached,B,,구+로
ko,hard,구성되어있으며,not_a_dictionary_headword,C,,
ko,hard,국가공무원법에,particle_attached,B,,국가공무원법+에
ko,hard,국가공안위원회,not_a_dictionary_headword,C,,
ko,hard,국가대표팀에서,not_a_dictionary_headword,C,,
ko,hard,국가대표팀으로,not_a_dictionary_headword,C,,
ko,hard,국가인권위원회에,not_a_dictionary_headword,C,,
ko,hard,국가재건최고회의,not_a_dictionary_headword,C,,
ko,hard,국가지정문화재,not_a_dictionary_headword,C,,
ko,hard,국립중앙박물관,not_a_dictionary_headword,C,,
ko,hard,국민농업전문대학,not_a_dictionary_headword,C,,
ko,hard,국민민주동맹의,not_a_dictionary_headword,C,,
ko,hard,국방과학연구소가,not_a_dictionary_headword,C,,
ko,hard,국방과학연구소와,not_a_dictionary_headword,C,,
ko,hard,국사편찬위원회,not_a_dictionary_headword,C,,
ko,hard,국제영화제에서,not_a_dictionary_headword,C,,
ko,hard,국제우주정거장에,not_a_dictionary_headword,C,,
ko,hard,국제캠퍼스에서의,not_a_dictionary_headword,C,,
ko,hard,군산,not_a_dictionary_headword,C,,
ko,hard,굵,fragment,A,,굵다
ko,hard,굶,fragment,A,,굶다
ko,hard,그걸로,not_a_dictionary_headword,C,,
ko,hard,그니까,not_a_dictionary_headword,C,,
ko,hard,그라,inflected_sentence_form,B,,그+라
ko,hard,그럼에도,particle_attached,B,,그럼+에도
ko,hard,그레이터런던은,not_a_dictionary_headword,C,,
ko,hard,그렸,not_a_dictionary_headword,C,,
ko,hard,그리스도인들에게,not_a_dictionary_headword,C,,
ko,hard,그리스도인들은,not_a_dictionary_headword,C,,
ko,hard,그리스도인들이,not_a_dictionary_headword,C,,
ko,hard,그리스인들에게,particle_attached,B,,그리스인+들에게
ko,hard,그립,fragment,A,,그립다
ko,hard,극장판,not_a_dictionary_headword,C,,
ko,hard,근본주의자들의,not_a_dictionary_headword,C,,
ko,hard,근원섬유마디의,not_a_dictionary_headword,C,,
ko,hard,글루타알데히드는,not_a_dictionary_headword,C,,
ko,hard,긁,fragment,A,,긁다
ko,hard,금메달리스트가,particle_attached,B,,금메달리스트+가
ko,hard,금융중심도시로,not_a_dictionary_headword,C,,
ko,hard,급하,fragment,A,,급하다
ko,hard,기갑교도사단은,not_a_dictionary_headword,C,,
ko,hard,기능보유자였던,not_a_dictionary_headword,C,,
ko,hard,기독교인들에게,particle_attached,B,,기독교인+들에게
ko,hard,기르,fragment,A,,기르다
ko,hard,기술서기관으로,not_a_dictionary_headword,C,,
ko,hard,기시노사토다마데,not_a_dictionary_headword,C,,
ko,hard,기자회견에서는,particle_attached,B,,기자회견+에서는
ko,hard,기하급수적으로,particle_attached,B,,기하급수적+으로
ko,hard,까먹,fragment,A,,까먹다
ko,hard,깎,fragment,A,,깎다
ko,hard,꼽,fragment,A,,꼽다
ko,hard,꾸미,fragment,A,,꾸미다
ko,hard,꿇,fragment,A,,꿇다
ko,hard,나섰,not_a_dictionary_headword,C,,
ko,hard,나와요,inflected_sentence_form,B,,나와+요
ko,hard,낙성대경제연구소,not_a_dictionary_headword,C,,
ko,hard,날리,fragment,A,,날리다
ko,hard,날아가,fragment,A,,날아가다
ko,hard,낡,fragment,A,,낡다
ko,hard,남북정상회담을,not_a_dictionary_headword,C,,
ko,hard,남아프리카에서,not_a_dictionary_headword,C,,
ko,hard,납니다,inflected_sentence_form,B,,납+니다
ko,hard,내각총리대신의,not_a_dictionary_headword,C,,
ko,hard,내각총리대신이,not_a_dictionary_headword,C,,
ko,hard,내려놓,fragment,A,,내려놓다
ko,hard,냅,fragment,A,,냅다
ko,hard,냐면,not_a_dictionary_headword,C,,
ko,hard,네덜란드인들은,not_a_dictionary_headword,C,,
ko,hard,네이트,not_a_dictionary_headword,C,,
ko,hard,네트워크상에서,not_a_dictionary_headword,C,,
ko,hard,넬,not_a_dictionary_headword,C,,
ko,hard,노바스코샤에서,not_a_dictionary_headword,C,,
ko,hard,노보시비르스크의,not_a_dictionary_headword,C,,
ko,hard,노스캐롤라이나,not_a_dictionary_headword,C,,
ko,hard,느리,fragment,A,,느리다
ko,hard,는군,inflected_sentence_form,B,,는+군
ko,hard,니라,inflected_sentence_form,B,,니+라
ko,hard,닌,not_a_dictionary_headword,C,,
ko,hard,닌자,not_a_dictionary_headword,C,,
ko,hard,닐,not_a_dictionary_headword,C,,
ko,hard,다가가,fragment,A,,다가가다
ko,hard,다녀오,fragment,A,,다녀오다
ko,hard,다녀왔,not_a_dictionary_headword,C,,
ko,hard,다름,not_a_dictionary_headword,C,,
ko,hard,다카우지로부터,not_a_dictionary_headword,C,,
ko,hard,다큐멘터리에서,particle_attached,B,,다큐멘터리+에서
ko,hard,다항식으로부터,not_a_dictionary_headword,C,,
ko,hard,단단,not_a_dictionary_headword,C,,
ko,hard,당기,fragment,A,,당기다
ko,hard,대기오염물질을,not_a_dictionary_headword,C,,
ko,hard,대부분이었으며,not_a_dictionary_headword,C,,
ko,hard,대통령으로부터,particle_attached,B,,대통령+으로부터
ko,hard,대학수학능력시험,not_a_dictionary_headword,C,,
ko,hard,대한민국에서는,particle_attached,B,,대한민국+에서는
ko,hard,대한민국에서도,particle_attached,B,,대한민국+에서도
ko,hard,더럽,fragment,A,,더럽다
ko,hard,더불어민주당과,particle_attached,B,,더불어민주당+과
ko,hard,더불어민주당에,particle_attached,B,,더불어민주당+에
ko,hard,더불어민주당은,particle_attached,B,,더불어민주당+은
ko,hard,더불어민주당이,particle_attached,B,,더불어민주당+이
ko,hard,더불어시민당의,not_a_dictionary_headword,C,,
ko,hard,데드,not_a_dictionary_headword,C,,
ko,hard,데메트리오스는,not_a_dictionary_headword,C,,
ko,hard,데이터베이스를,particle_attached,B,,데이터베이스+를
ko,hard,데이터베이스에,particle_attached,B,,데이터베이스+에
ko,hard,데이터베이스의,particle_attached,B,,데이터베이스+의
ko,hard,데이터베이스이다,particle_attached,B,,데이터베이스+이다
ko,hard,데이터저널리즘,not_a_dictionary_headword,C,,
ko,hard,도마뱀붙이류처럼,not_a_dictionary_headword,C,,
ko,hard,도스토옙스키가,not_a_dictionary_headword,C,,
ko,hard,도스토옙스키의,not_a_dictionary_headword,C,,
ko,hard,도와주기는커녕,not_a_dictionary_headword,C,,
ko,hard,도우,not_a_dictionary_headword,C,,
ko,hard,도이칠란트군은,not_a_dictionary_headword,C,,
ko,hard,독립운동가들을,not_a_dictionary_headword,C,,
ko,hard,독립운동가들이,not_a_dictionary_headword,C,,
ko,hard,독립현가장치를,not_a_dictionary_headword,C,,
ko,hard,돌보,fragment,A,,돌보다
ko,hard,돌아갔,not_a_dictionary_headword,C,,
ko,hard,돌아보,fragment,A,,돌아보다
ko,hard,돌아올,not_a_dictionary_headword,C,,
ko,hard,동고동락하면서,inflected_sentence_form,B,,동고동락+하면서
ko,hard,동구,not_a_dictionary_headword,C,,
ko,hard,동남아시아에서,particle_attached,B,,동남아시아+에서
ko,hard,동력전달장치가,not_a_dictionary_headword,C,,
ko,hard,동말레이시아는,not_a_dictionary_headword,C,,
ko,hard,동성애자들에게,particle_attached,B,,동성애자+들에게
ko,hard,동시다발적으로,not_a_dictionary_headword,C,,
ko,hard,돼야,not_a_dictionary_headword,C,,
ko,hard,두산,not_a_dictionary_headword,C,,
ko,hard,둘러보,fragment,A,,둘러보다
ko,hard,뒀,not_a_dictionary_headword,C,,
ko,hard,듀얼,not_a_dictionary_headword,C,,
ko,hard,드세요,inflected_sentence_form,B,,드세+요
ko,hard,들어야,not_a_dictionary_headword,C,,
ko,hard,들어올,not_a_dictionary_headword,C,,
ko,hard,들어와서,not_a_dictionary_headword,C,,
ko,hard,들으면,not_a_dictionary_headword,C,,
ko,hard,디스플레이에서,particle_attached,B,,디스플레이+에서
ko,hard,디아,not_a_dictionary_headword,C,,
ko,hard,디터스도르프의,not_a_dictionary_headword,C,,
ko,hard,딕,not_a_dictionary_headword,C,,
ko,hard,딜,not_a_dictionary_headword,C,,
ko,hard,딥,fragment,A,,딥다
ko,hard,떠내려오는북한의,not_a_dictionary_headword,C,,
ko,hard,떠올리,fragment,A,,떠올리다
ko,hard,떴,not_a_dictionary_headword,C,,
ko,hard,뚜렷,not_a_dictionary_headword,C,,
ko,hard,뜯,fragment,A,,뜯다
ko,hard,라던가,not_a_dictionary_headword,C,,
ko,hard,라스,not_a_dictionary_headword,C,,
ko,hard,라스베가스에서,not_a_dictionary_headword,C,,
ko,hard,라스베이거스와,particle_attached,B,,라스베이거스+와
ko,hard,라우,not_a_dictionary_headword,C,,
ko,hard,라이브러리들은,particle_attached,B,,라이브러리+들은
ko,hard,라이프스타일을,not_a_dictionary_headword,C,,
ko,hard,라이프치히에서,not_a_dictionary_headword,C,,
ko,hard,라인업,not_a_dictionary_headword,C,,
ko,hard,라흐마니노프는,not_a_dictionary_headword,C,,
ko,hard,랬,not_a_dictionary_headword,C,,
ko,hard,랭,not_a_dictionary_headword,C,,
ko,hard,러브크래프트는,not_a_dictionary_headword,C,,
ko,hard,러시아어외에도,not_a_dictionary_headword,C,,
ko,hard,러시아인들에게,not_a_dictionary_headword,C,,
ko,hard,럼,not_a_dictionary_headword,C,,
ko,hard,럽,not_a_dictionary_headword,C,,
ko,hard,레오,not_a_dictionary_headword,C,,
ko,hard,레이트,not_a_dictionary_headword,C,,
ko,hard,렉,not_a_dictionary_headword,C,,
ko,hard,렛,not_a_dictionary_headword,C,,
ko,hard,려나,not_a_dictionary_headword,C,,
ko,hard,련,not_a_dictionary_headword,C,,
ko,hard,로리,not_a_dictionary_headword,C,,
ko,hard,로베스피에르는,not_a_dictionary_headword,C,,
ko,hard,로베스피에르의,not_a_dictionary_headword,C,,
ko,hard,로스앤젤레스는,particle_attached,B,,로스앤젤레스+는
ko,hard,로스앤젤레스로,particle_attached,B,,로스앤젤레스+로
ko,hard,로스앤젤레스에,particle_attached,B,,로스앤젤레스+에
ko,hard,로스앤젤레스에서,particle_attached,B,,로스앤젤레스+에서
ko,hard,루이,not_a_dictionary_headword,C,,
ko,hard,루카스,not_a_dictionary_headword,C,,
ko,hard,루프,not_a_dictionary_headword,C,,
ko,hard,리메이크되었다,inflected_sentence_form,B,,리메이크+되었다
ko,hard,리아,not_a_dictionary_headword,C,,
ko,hard,리우데자네이루,not_a_dictionary_headword,C,,
ko,hard,리즈,not_a_dictionary_headword,C,,
ko,hard,리치,not_a_dictionary_headword,C,,
ko,hard,리프니츠카야는,not_a_dictionary_headword,C,,
ko,hard,마땅,not_a_dictionary_headword,C,,
ko,hard,마르,fragment,A,,마르다
ko,hard,마르크란슈타트의,not_a_dictionary_headword,C,,
ko,hard,마르크스주의의,not_a_dictionary_headword,C,,
ko,hard,마셨,not_a_dictionary_headword,C,,
ko,hard,마스터클래스를,not_a_dictionary_headword,C,,
ko,hard,마음속으로부터,particle_attached,B,,마음속+으로부터
ko,hard,마이크로소프트가,particle_attached,B,,마이크로소프트+가
ko,hard,마이크로소프트는,particle_attached,B,,마이크로소프트+는
ko,hard,마이크로소프트의,particle_attached,B,,마이크로소프트+의
ko,hard,마인드,not_a_dictionary_headword,C,,
ko,hard,마쳤,not_a_dictionary_headword,C,,
ko,hard,마카오,not_a_dictionary_headword,C,,
ko,hard,마켓,not_a_dictionary_headword,C,,
ko,hard,막히,fragment,A,,막히다
ko,hard,만만,particle_attached,B,,만+만
ko,hard,말레이시아에서,particle_attached,B,,말레이시아+에서
ko,hard,말레이시아에서는,particle_attached,B,,말레이시아+에서는
ko,hard,말레이시아인의,not_a_dictionary_headword,C,,
ko,hard,말썽꾸러기였다,particle_attached,B,,말썽꾸러기+였다
ko,hard,망했,not_a_dictionary_headword,C,,
ko,hard,맞배지붕집이다,not_a_dictionary_headword,C,,
ko,hard,매니아들에게도,not_a_dictionary_headword,C,,
ko,hard,머신,not_a_dictionary_headword,C,,
ko,hard,메소포타미아의,particle_attached,B,,메소포타미아+의
ko,hard,메타,not_a_dictionary_headword,C,,
ko,hard,메탈,not_a_dictionary_headword,C,,
ko,hard,멕시코시티에서,not_a_dictionary_headword,C,,
ko,hard,면역글로불린의,not_a_dictionary_headword,C,,
ko,hard,멸종위기종에서,not_a_dictionary_headword,C,,
ko,hard,멸종위기종으로,not_a_dictionary_headword,C,,
ko,hard,명백,not_a_dictionary_headword,C,,
ko,hard,명예박사학위를,not_a_dictionary_headword,C,,
ko,hard,모노클로니우스,not_a_dictionary_headword,C,,
ko,hard,모릅니다,not_a_dictionary_headword,C,,
ko,hard,모슈코프스키는,not_a_dictionary_headword,C,,
ko,hard,몰라서,not_a_dictionary_headword,C,,
ko,hard,몰라요,inflected_sentence_form,B,,몰라+요
ko,hard,몰리,fragment,A,,몰리다
ko,hard,무너지,fragment,A,,무너지다
ko,hard,무엇이었는지는,not_a_dictionary_headword,C,,
ko,hard,문화체육활동을,not_a_dictionary_headword,C,,
ko,hard,물러나,fragment,A,,물러나다
ko,hard,뮤즈스코어에서는,not_a_dictionary_headword,C,,
ko,hard,뮤직비디오에서,particle_attached,B,,뮤직비디오+에서
ko,hard,뮤직비디오에서는,particle_attached,B,,뮤직비디오+에서는
ko,hard,미루,fragment,A,,미루다
ko,hard,미토콘드리아에서,particle_attached,B,,미토콘드리아+에서
ko,hard,미토콘드리아의,particle_attached,B,,미토콘드리아+의
ko,hard,민감,not_a_dictionary_headword,C,,
ko,hard,민족주의자들은,particle_attached,B,,민족주의자+들은
ko,hard,민족주의자들의,particle_attached,B,,민족주의자+들의
ko,hard,민족해방운동의,not_a_dictionary_headword,C,,
ko,hard,민족해방전선을,not_a_dictionary_headword,C,,
ko,hard,밀러,not_a_dictionary_headword,C,,
ko,hard,바꿨,not_a_dictionary_headword,C,,
ko,hard,바다가마우지를,not_a_dictionary_headword,C,,
ko,hard,바덴뷔르템베르크,not_a_dictionary_headword,C,,
ko,hard,바르셀로나에서,particle_attached,B,,바르셀로나+에서
ko,hard,바치,fragment,A,,바치다
ko,hard,받아들여,not_a_dictionary_headword,C,,
ko,hard,받아들여지면서,not_a_dictionary_headword,C,,
ko,hard,발디피엠메에서,not_a_dictionary_headword,C,,
ko,hard,발리,fragment,A,,발리다
ko,hard,밝혀졌,not_a_dictionary_headword,C,,
ko,hard,방글라데시에서,particle_attached,B,,방글라데시+에서
ko,hard,방일영문화재단,not_a_dictionary_headword,C,,
ko,hard,방탄소년단,not_a_dictionary_headword,C,,
ko,hard,배고프,fragment,A,,배고프다
ko,hard,배아줄기세포의,not_a_dictionary_headword,C,,
ko,hard,백그라운드에서,not_a_dictionary_headword,C,,
ko,hard,뱀파이어,not_a_dictionary_headword,C,,
ko,hard,뱀파이어로부터,not_a_dictionary_headword,C,,
ko,hard,벌어졌,not_a_dictionary_headword,C,,
ko,hard,법학전문대학원,not_a_dictionary_headword,C,,
ko,hard,베드,not_a_dictionary_headword,C,,
ko,hard,베르크야루크를,not_a_dictionary_headword,C,,
ko,hard,베르킨게토릭스는,not_a_dictionary_headword,C,,
ko,hard,베스,not_a_dictionary_headword,C,,
ko,hard,벤조디아제핀이,not_a_dictionary_headword,C,,
ko,hard,벨리사리우스는,not_a_dictionary_headword,C,,
ko,hard,변태,,,yes,
ko,hard,보니파시오에게,not_a_dictionary_headword,C,,
ko,hard,보안사령관으로,not_a_dictionary_headword,C,,
ko,hard,복합화력발전소로,not_a_dictionary_headword,C,,
ko,hard,볼까요,inflected_sentence_form,B,,볼+까요
ko,hard,봉익대부판도판서,not_a_dictionary_headword,C,,
ko,hard,뵈,fragment,A,,뵈다
ko,hard,뵙,fragment,A,,뵙다
ko,hard,부다페스트에서,not_a_dictionary_headword,C,,
ko,hard,부에노스아이레스,not_a_dictionary_headword,C,,
ko,hard,북마케도니아의,not_a_dictionary_headword,C,,
ko,hard,북아메리카에서,particle_attached,B,,북아메리카+에서
ko,hard,북아메리카에서도,particle_attached,B,,북아메리카+에서도
ko,hard,북아일랜드에서,not_a_dictionary_headword,C,,
ko,hard,북아프리카에서,not_a_dictionary_headword,C,,
ko,hard,불러일으키기도,not_a_dictionary_headword,C,,
ko,hard,브랜드이미지를,not_a_dictionary_headword,C,,
ko,hard,브리티시컬럼비아,not_a_dictionary_headword,C,,
ko,hard,블루밍데일스의,not_a_dictionary_headword,C,,
ko,hard,비공식적이지만,particle_attached,B,,비공식적+이지만
ko,hard,비상대책위원회,not_a_dictionary_headword,C,,
ko,hard,비스,not_a_dictionary_headword,C,,
ko,hard,비스트,not_a_dictionary_headword,C,,
ko,hard,비아,not_a_dictionary_headword,C,,
ko,hard,비영리민간단체,not_a_dictionary_headword,C,,
ko,hard,비주얼,not_a_dictionary_headword,C,,
ko,hard,비트겐슈타인은,not_a_dictionary_headword,C,,
ko,hard,비평가들로부터,not_a_dictionary_headword,C,,
ko,hard,빌보드,not_a_dictionary_headword,C,,
ko,hard,빔,not_a_dictionary_headword,C,,
ko,hard,사드,not_a_dictionary_headword,C,,
ko,hard,사라져,not_a_dictionary_headword,C,,
ko,hard,사라진,not_a_dictionary_headword,C,,
ko,hard,사르페도네스의,not_a_dictionary_headword,C,,
ko,hard,사상가들에게서,not_a_dictionary_headword,C,,
ko,hard,사실적이면서도,not_a_dictionary_headword,C,,
ko,hard,사용되었습니다,not_a_dictionary_headword,C,,
ko,hard,사용자들에게도,not_a_dictionary_headword,C,,
ko,hard,사우디아라비아는,particle_attached,B,,사우디아라비아+는
ko,hard,사우디아라비아에,particle_attached,B,,사우디아라비아+에
ko,hard,사우디아라비아의,particle_attached,B,,사우디아라비아+의
ko,hard,사우스캐롤라이나,not_a_dictionary_headword,C,,
ko,hard,사운드트랙에서,not_a_dictionary_headword,C,,
ko,hard,사회민주주의와,particle_attached,B,,사회민주주의+와
ko,hard,사회안전성으로,not_a_dictionary_headword,C,,
ko,hard,사회주의자들은,particle_attached,B,,사회주의자+들은
ko,hard,사회주의자들의,particle_attached,B,,사회주의자+들의
ko,hard,사회주의자들이,particle_attached,B,,사회주의자+들이
ko,hard,살아남기부터는,not_a_dictionary_headword,C,,
ko,hard,상상임신이었지만,not_a_dictionary_headword,C,,
ko,hard,상임,not_a_dictionary_headword,C,,
ko,hard,상임위원회에서,particle_attached,B,,상임위원회+에서
ko,hard,상품화함으로써,not_a_dictionary_headword,C,,
ko,hard,새끼야,not_a_dictionary_headword,C,,
ko,hard,새만금개발청의,not_a_dictionary_headword,C,,
ko,hard,새정치민주연합의,particle_attached,B,,새정치민주연합+의
ko,hard,샌프란시스코로,particle_attached,B,,샌프란시스코+로
ko,hard,샤른호르스트의,not_a_dictionary_headword,C,,
ko,hard,서간이라는데에,not_a_dictionary_headword,C,,
ko,hard,서울시교육청은,not_a_dictionary_headword,C,,
ko,hard,서울신학대학교,not_a_dictionary_headword,C,,
ko,hard,서울중앙지검에,not_a_dictionary_headword,C,,
ko,hard,서원철폐령으로,not_a_dictionary_headword,C,,
ko,hard,서해안고속도로,not_a_dictionary_headword,C,,
ko,hard,선거관리위원회를,particle_attached,B,,선거관리위원회+를
ko,hard,선거대책위원장을,not_a_dictionary_headword,C,,
ko,hard,선거대책위원회,not_a_dictionary_headword,C,,
ko,hard,선캄브리아기의,particle_attached,B,,선캄브리아기+의
ko,hard,섭,not_a_dictionary_headword,C,,
ko,hard,세계관세기구의,not_a_dictionary_headword,C,,
ko,hard,세라,inflected_sentence_form,B,,세+라
ko,hard,세르비아인들은,not_a_dictionary_headword,C,,
ko,hard,센타우루스자리,not_a_dictionary_headword,C,,
ko,hard,셜,not_a_dictionary_headword,C,,
ko,hard,소니,inflected_sentence_form,B,,소+니
ko,hard,소셜,not_a_dictionary_headword,C,,
ko,hard,소스노와스키의,not_a_dictionary_headword,C,,
ko,hard,소프트웨어에서,particle_attached,B,,소프트웨어+에서
ko,hard,소프트웨어였다,particle_attached,B,,소프트웨어+였다
ko,hard,소프트웨어와의,particle_attached,B,,소프트웨어+와의
ko,hard,손해배상청구권을,not_a_dictionary_headword,C,,
ko,hard,수사본부에서는,particle_attached,B,,수사본부+에서는
ko,hard,수산화나트륨을,particle_attached,B,,수산화나트륨+을
ko,hard,수원남부경찰서,not_a_dictionary_headword,C,,
ko,hard,수자,inflected_sentence_form,B,,수+자
ko,hard,슈타우펜베르크는,not_a_dictionary_headword,C,,
ko,hard,스러웠,not_a_dictionary_headword,C,,
ko,hard,스미스,not_a_dictionary_headword,C,,
ko,hard,스카,not_a_dictionary_headword,C,,
ko,hard,스카우트로부터,particle_attached,B,,스카우트+로부터
ko,hard,스코틀랜드에서,particle_attached,B,,스코틀랜드+에서
ko,hard,스퀘어,not_a_dictionary_headword,C,,
ko,hard,스키타이인들은,not_a_dictionary_headword,C,,
ko,hard,스타크래프트를,not_a_dictionary_headword,C,,
ko,hard,스타크래프트와,not_a_dictionary_headword,C,,
ko,hard,스터,not_a_dictionary_headword,C,,
ko,hard,스테르크폰테인,not_a_dictionary_headword,C,,
ko,hard,스테이지에서는,not_a_dictionary_headword,C,,
ko,hard,스테인드글라스로,particle_attached,B,,스테인드글라스+로
ko,hard,스토어,not_a_dictionary_headword,C,,
ko,hard,스튜디오에서는,particle_attached,B,,스튜디오+에서는
ko,hard,스트라빈스키의,not_a_dictionary_headword,C,,
ko,hard,스트라이크아웃,not_a_dictionary_headword,C,,
ko,hard,스트라이크아웃과,not_a_dictionary_headword,C,,
ko,hard,스트라이크아웃을,not_a_dictionary_headword,C,,
ko,hard,스티븐,not_a_dictionary_headword,C,,
ko,hard,스파르타인들은,not_a_dictionary_headword,C,,
ko,hard,스파르타쿠스는,not_a_dictionary_headword,C,,
ko,hard,스페인인들에게,not_a_dictionary_headword,C,,
ko,hard,스포츠맨이었다,particle_attached,B,,스포츠맨+이었다
ko,hard,스포트라이트를,particle_attached,B,,스포트라이트+를
ko,hard,슬로바키아에서,particle_attached,B,,슬로바키아+에서
ko,hard,슬로베니아에서,particle_attached,B,,슬로베니아+에서
ko,hard,시드니,not_a_dictionary_headword,C,,
ko,hard,시민들로부터의,not_a_dictionary_headword,C,,
ko,hard,시스템으로부터,particle_attached,B,,시스템+으로부터
ko,hard,시작하면서부터,not_a_dictionary_headword,C,,
ko,hard,시청자들로부터,not_a_dictionary_headword,C,,
ko,hard,시켜야,not_a_dictionary_headword,C,,
ko,hard,식민주의자들이,not_a_dictionary_headword,C,,
ko,hard,신뢰보호원칙의,not_a_dictionary_headword,C,,
ko,hard,신성로마제국의,not_a_dictionary_headword,C,,
ko,hard,신앙공동체였던,not_a_dictionary_headword,C,,
ko,hard,신지,inflected_sentence_form,B,,신+지
ko,hard,신학박사학위를,not_a_dictionary_headword,C,,
ko,hard,신한은행,not_a_dictionary_headword,C,,
ko,hard,싣,fragment,A,,싣다
ko,hard,실래요,inflected_sentence_form,B,,실+래요
ko,hard,실망스러웠다고,not_a_dictionary_headword,C,,
ko,hard,싱어송라이터로서,not_a_dictionary_headword,C,,
ko,hard,쌤,not_a_dictionary_headword,C,,
ko,hard,써요,inflected_sentence_form,B,,써+요
ko,hard,쓴다,inflected_sentence_form,B,,쓴+다
ko,hard,아나키스트들과,particle_attached,B,,아나키스트+들과
ko,hard,아나키스트들은,particle_attached,B,,아나키스트+들은
ko,hard,아닙니까,not_a_dictionary_headword,C,,
ko,hard,아랍에미리트의,particle_attached,B,,아랍에미리트+의
ko,hard,아르메니아에서,particle_attached,B,,아르메니아+에서
ko,hard,아르키메데스는,particle_attached,B,,아르키메데스+는
ko,hard,아리,fragment,A,,아리다
ko,hard,아리스토텔레스가,particle_attached,B,,아리스토텔레스+가
ko,hard,아리스토텔레스는,particle_attached,B,,아리스토텔레스+는
ko,hard,아리스토텔레스의,particle_attached,B,,아리스토텔레스+의
ko,hard,아리스토파네스의,not_a_dictionary_headword,C,,
ko,hard,아마조네스들은,not_a_dictionary_headword,C,,
ko,hard,아미,not_a_dictionary_headword,C,,
ko,hard,아미타불좌상은,not_a_dictionary_headword,C,,
ko,hard,아스카니우스의,not_a_dictionary_headword,C,,
ko,hard,아스페르길루스증,not_a_dictionary_headword,C,,
ko,hard,아오,not_a_dictionary_headword,C,,
ko,hard,아우구스투스의,not_a_dictionary_headword,C,,
ko,hard,아우크스부르크,not_a_dictionary_headword,C,,
ko,hard,아이러니하게도,not_a_dictionary_headword,C,,
ko,hard,아이스,not_a_dictionary_headword,C,,
ko,hard,아이슬란드에서,particle_attached,B,,아이슬란드+에서
ko,hard,아인슈타인에게,particle_attached,B,,아인슈타인+에게
ko,hard,아제르바이잔의,not_a_dictionary_headword,C,,
ko,hard,아카데미로부터,particle_attached,B,,아카데미+로부터
ko,hard,아크로폴리스에,particle_attached,B,,아크로폴리스+에
ko,hard,아킬레우스에게,not_a_dictionary_headword,C,,
ko,hard,아티스트로서의,not_a_dictionary_headword,C,,
ko,hard,아파르트헤이트,not_a_dictionary_headword,C,,
ko,hard,아프가니스탄과의,particle_attached,B,,아프가니스탄+과의
ko,hard,아프가니스탄에서,particle_attached,B,,아프가니스탄+에서
ko,hard,아프가니스탄은,particle_attached,B,,아프가니스탄+은
ko,hard,아프리카누스는,not_a_dictionary_headword,C,,
ko,hard,아프리카에서는,particle_attached,B,,아프리카+에서는
ko,hard,안드로메다자리,not_a_dictionary_headword,C,,
ko,hard,안드로이드들이,particle_attached,B,,안드로이드+들이
ko,hard,안산,not_a_dictionary_headword,C,,
ko,hard,안전보장이사회는,not_a_dictionary_headword,C,,
ko,hard,안전보장이사회에,not_a_dictionary_headword,C,,
ko,hard,안타까워하였다,inflected_sentence_form,B,,안타까워+하였다
ko,hard,안티파트로스에게,not_a_dictionary_headword,C,,
ko,hard,안티파트로스와,not_a_dictionary_headword,C,,
ko,hard,알고리즘에서는,particle_attached,B,,알고리즘+에서는
ko,hard,알렉산드리아에,not_a_dictionary_headword,C,,
ko,hard,알렉산드리아의,not_a_dictionary_headword,C,,
ko,hard,알렉스,not_a_dictionary_headword,C,,
ko,hard,알키비아데스는,not_a_dictionary_headword,C,,
ko,hard,알키비아데스의,not_a_dictionary_headword,C,,
ko,hard,았었,not_a_dictionary_headword,C,,
ko,hard,애니메이션에서,particle_attached,B,,애니메이션+에서
ko,hard,애니메이션에서는,particle_attached,B,,애니메이션+에서는
ko,hard,애니메이션으로,particle_attached,B,,애니메이션+으로
ko,hard,애니메이션으로도,particle_attached,B,,애니메이션+으로도
ko,hard,애니메이션으로서,particle_attached,B,,애니메이션+으로서
ko,hard,애니메이션이나,particle_attached,B,,애니메이션+이나
ko,hard,애니메이션이다,particle_attached,B,,애니메이션+이다
ko,hard,애니메이션화가,not_a_dictionary_headword,C,,
ko,hard,애드호크라시는,not_a_dictionary_headword,C,,
ko,hard,애플리케이션과,particle_attached,B,,애플리케이션+과
ko,hard,애플리케이션들이,particle_attached,B,,애플리케이션+들이
ko,hard,애플리케이션에,particle_attached,B,,애플리케이션+에
ko,hard,애플리케이션으로,particle_attached,B,,애플리케이션+으로
ko,hard,애플리케이션은,particle_attached,B,,애플리케이션+은
ko,hard,애플리케이션을,particle_attached,B,,애플리케이션+을
ko,hard,애플리케이션의,particle_attached,B,,애플리케이션+의
ko,hard,애플리케이션이,particle_attached,B,,애플리케이션+이
ko,hard,앤디,not_a_dictionary_headword,C,,
ko,hard,앨런,not_a_dictionary_headword,C,,
ko,hard,약하,fragment,A,,약하다
ko,hard,얀,not_a_dictionary_headword,C,,
ko,hard,어딨,not_a_dictionary_headword,C,,
ko,hard,어때요,inflected_sentence_form,B,,어때+요
ko,hard,어리,fragment,A,,어리다
ko,hard,어린이들에게는,not_a_dictionary_headword,C,,
ko,hard,어재연장군기의,not_a_dictionary_headword,C,,
ko,hard,억울,not_a_dictionary_headword,C,,
ko,hard,언스,not_a_dictionary_headword,C,,
ko,hard,얹,fragment,A,,얹다
ko,hard,업데이트되었다,inflected_sentence_form,B,,업데이트+되었다
ko,hard,었었,not_a_dictionary_headword,C,,
ko,hard,에스컬레이터가,particle_attached,B,,에스컬레이터+가
ko,hard,에스컬레이터를,particle_attached,B,,에스컬레이터+를
ko,hard,에스페란티스토,not_a_dictionary_headword,C,,
ko,hard,에어로스미스는,not_a_dictionary_headword,C,,
ko,hard,에우리피데스의,not_a_dictionary_headword,C,,
ko,hard,에티오피아에서의,particle_attached,B,,에티오피아+에서의
ko,hard,에피소드에서는,particle_attached,B,,에피소드+에서는
ko,hard,엔터테인먼트가,not_a_dictionary_headword,C,,
ko,hard,엔터테인먼트는,not_a_dictionary_headword,C,,
ko,hard,엔터테인먼트를,not_a_dictionary_headword,C,,
ko,hard,엔터테인먼트와,not_a_dictionary_headword,C,,
ko,hard,엔터테인먼트의,not_a_dictionary_headword,C,,
ko,hard,엘리,not_a_dictionary_headword,C,,
ko,hard,여도,particle_attached,B,,여+도
ko,hard,여러해살이풀이다,not_a_dictionary_headword,C,,
ko,hard,여론조사에서는,particle_attached,B,,여론조사+에서는
ko,hard,여주,not_a_dictionary_headword,C,,
ko,hard,여친,not_a_dictionary_headword,C,,
ko,hard,역사문제연구소,not_a_dictionary_headword,C,,
ko,hard,연세대학교에서,particle_attached,B,,연세대학교+에서
ko,hard,연쇄살인사건을,not_a_dictionary_headword,C,,
ko,hard,연이,particle_attached,B,,연+이
ko,hard,연합회,not_a_dictionary_headword,C,,
ko,hard,열대저기압으로,not_a_dictionary_headword,C,,
ko,hard,영지주의자들의,not_a_dictionary_headword,C,,
ko,hard,예루살렘,not_a_dictionary_headword,C,,
ko,hard,예민,not_a_dictionary_headword,C,,
ko,hard,오세아니아에서는,particle_attached,B,,오세아니아+에서는
ko,hard,오스트레일리아는,particle_attached,B,,오스트레일리아+는
ko,hard,오스트레일리아에,particle_attached,B,,오스트레일리아+에
ko,hard,오스트레일리아와,particle_attached,B,,오스트레일리아+와
ko,hard,오스트레일리아의,particle_attached,B,,오스트레일리아+의
ko,hard,오스트리아군에게,not_a_dictionary_headword,C,,
ko,hard,오스트리아군은,not_a_dictionary_headword,C,,
ko,hard,오스트리아군을,not_a_dictionary_headword,C,,
ko,hard,오스트리아군의,not_a_dictionary_headword,C,,
ko,hard,오스트리아군이,not_a_dictionary_headword,C,,
ko,hard,오스트리아에서는,particle_attached,B,,오스트리아+에서는
ko,hard,오우,not_a_dictionary_headword,C,,
ko,hard,오피,not_a_dictionary_headword,C,,
ko,hard,옥타비아누스는,not_a_dictionary_headword,C,,
ko,hard,옥타비아누스에게,not_a_dictionary_headword,C,,
ko,hard,옥타비아누스의,not_a_dictionary_headword,C,,
ko,hard,옥토버페스트는,not_a_dictionary_headword,C,,
ko,hard,온대저기압으로,not_a_dictionary_headword,C,,
ko,hard,올림피아코스는,not_a_dictionary_headword,C,,
ko,hard,올림피아코스의,not_a_dictionary_headword,C,,
ko,hard,옵니다,not_a_dictionary_headword,C,,
ko,hard,와라,inflected_sentence_form,B,,와+라
ko,hard,와야,not_a_dictionary_headword,C,,
ko,hard,우니베르시다드,not_a_dictionary_headword,C,,
ko,hard,우드,not_a_dictionary_headword,C,,
ko,hard,우리나라에서는,particle_attached,B,,우리나라+에서는
ko,hard,우리나라에서도,particle_attached,B,,우리나라+에서도
ko,hard,우미노나카미치,not_a_dictionary_headword,C,,
ko,hard,우호적이었으나,not_a_dictionary_headword,C,,
ko,hard,울산광역시의원,not_a_dictionary_headword,C,,
ko,hard,울스턴크래프트가,not_a_dictionary_headword,C,,
ko,hard,울스턴크래프트는,not_a_dictionary_headword,C,,
ko,hard,울스턴크래프트의,not_a_dictionary_headword,C,,
ko,hard,웅,not_a_dictionary_headword,C,,
ko,hard,워터,not_a_dictionary_headword,C,,
ko,hard,원자력발전소는,particle_attached,B,,원자력발전소+는
ko,hard,원자력안전위원회,not_a_dictionary_headword,C,,
ko,hard,원자핵으로부터,particle_attached,B,,원자핵+으로부터
ko,hard,월드시리즈에서,not_a_dictionary_headword,C,,
ko,hard,월드시리즈에서는,not_a_dictionary_headword,C,,
ko,hard,위상수학적으로,not_a_dictionary_headword,C,,
ko,hard,위헌법률심판을,not_a_dictionary_headword,C,,
ko,hard,위헌제청신청을,not_a_dictionary_headword,C,,
ko,hard,윌,not_a_dictionary_headword,C,,
ko,hard,윌리엄,not_a_dictionary_headword,C,,
ko,hard,유고슬라비아에,particle_attached,B,,유고슬라비아+에
ko,hard,유고슬라비아에서,particle_attached,B,,유고슬라비아+에서
ko,hard,유대인들로부터,not_a_dictionary_headword,C,,
ko,hard,유도만능줄기세포,not_a_dictionary_headword,C,,
ko,hard,유럽경제지역내,not_a_dictionary_headword,C,,
ko,hard,유럽찌르레기는,not_a_dictionary_headword,C,,
ko,hard,유스티니아누스,not_a_dictionary_headword,C,,
ko,hard,유스티니아누스와,not_a_dictionary_headword,C,,
ko,hard,유연,not_a_dictionary_headword,C,,
ko,hard,유진,not_a_dictionary_headword,C,,
ko,hard,유쾌,not_a_dictionary_headword,C,,
ko,hard,육군사관학교로,particle_attached,B,,육군사관학교+로
ko,hard,으려는,not_a_dictionary_headword,C,,
ko,hard,으려면,not_a_dictionary_headword,C,,
ko,hard,을래,not_a_dictionary_headword,C,,
ko,hard,응용프로그램은,particle_attached,B,,응용프로그램+은
ko,hard,응우옌호앙주를,not_a_dictionary_headword,C,,
ko,hard,의료유전학자들은,not_a_dictionary_headword,C,,
ko,hard,의학전문대학원,not_a_dictionary_headword,C,,
ko,hard,의학전문대학원의,not_a_dictionary_headword,C,,
ko,hard,이랬,not_a_dictionary_headword,C,,
ko,hard,이루어져있으며,not_a_dictionary_headword,C,,
ko,hard,이브라히모비치는,not_a_dictionary_headword,C,,
ko,hard,이쁘,fragment,A,,이쁘다
ko,hard,이산화탄소식과,not_a_dictionary_headword,C,,
ko,hard,이슬람주의자들과,not_a_dictionary_headword,C,,
ko,hard,이어졌,not_a_dictionary_headword,C,,
ko,hard,이퀘스트리아를,not_a_dictionary_headword,C,,
ko,hard,이탈리아에서는,particle_attached,B,,이탈리아+에서는
ko,hard,이탈리아인들은,not_a_dictionary_headword,C,,
ko,hard,이탈리아인들의,not_a_dictionary_headword,C,,
ko,hard,익스플로러에서,not_a_dictionary_headword,C,,
ko,hard,인도네시아에서,particle_attached,B,,인도네시아+에서
ko,hard,인도유럽어족의,not_a_dictionary_headword,C,,
ko,hard,인디애나폴리스,not_a_dictionary_headword,C,,
ko,hard,인사청문회에서,not_a_dictionary_headword,C,,
ko,hard,인터페이스이다,particle_attached,B,,인터페이스+이다
ko,hard,인프라스트럭처,not_a_dictionary_headword,C,,
ko,hard,일러스트레이터,not_a_dictionary_headword,C,,
ko,hard,일렉트로니카에,not_a_dictionary_headword,C,,
ko,hard,일반직공무원으로,not_a_dictionary_headword,C,,
ko,hard,일상생활에서도,particle_attached,B,,일상생활+에서도
ko,hard,일으켰,not_a_dictionary_headword,C,,
ko,hard,일자무식꾼들이,not_a_dictionary_headword,C,,
ko,hard,잃어버린,not_a_dictionary_headword,C,,
ko,hard,잉글랜드군에게,not_a_dictionary_headword,C,,
ko,hard,잎겨드랑이에서,not_a_dictionary_headword,C,,
ko,hard,자동차전용도로,not_a_dictionary_headword,C,,
ko,hard,자리매김하였다,inflected_sentence_form,B,,자리매김+하였다
ko,hard,자립생활운동은,not_a_dictionary_headword,C,,
ko,hard,자바스크립트를,particle_attached,B,,자바스크립트+를
ko,hard,자발,not_a_dictionary_headword,C,,
ko,hard,자연스러워졌다,not_a_dictionary_headword,C,,
ko,hard,자요,inflected_sentence_form,B,,자+요
ko,hard,자원봉사자들이,particle_attached,B,,자원봉사자+들이
ko,hard,자유지상주의적,not_a_dictionary_headword,C,,
ko,hard,자음어간동사와,not_a_dictionary_headword,C,,
ko,hard,자켓,not_a_dictionary_headword,C,,
ko,hard,작곡가로서뿐만,not_a_dictionary_headword,C,,
ko,hard,작은껍질화석은,not_a_dictionary_headword,C,,
ko,hard,잠실,not_a_dictionary_headword,C,,
ko,hard,잡아먹,fragment,A,,잡아먹다
ko,hard,잦,fragment,A,,잦다
ko,hard,재미없,fragment,A,,재미없다
ko,hard,저건,not_a_dictionary_headword,C,,
ko,hard,저널리스트들의,particle_attached,B,,저널리스트+들의
ko,hard,저널리스트로서,particle_attached,B,,저널리스트+로서
ko,hard,전자현미경으로,particle_attached,B,,전자현미경+으로
ko,hard,전쟁식량청으로,not_a_dictionary_headword,C,,
ko,hard,정글라이너였다,not_a_dictionary_headword,C,,
ko,hard,제게,inflected_sentence_form,B,,제+게
ko,hard,제니,inflected_sentence_form,B,,제+니
ko,hard,제이슨,not_a_dictionary_headword,C,,
ko,hard,제인,particle_attached,B,,제+인
ko,hard,제주특별자치도는,particle_attached,B,,제주특별자치도+는
ko,hard,제프,not_a_dictionary_headword,C,,
ko,hard,제한적으로나마,not_a_dictionary_headword,C,,
ko,hard,져서,not_a_dictionary_headword,C,,
ko,hard,져요,inflected_sentence_form,B,,져+요
ko,hard,조선임전보국단,not_a_dictionary_headword,C,,
ko,hard,조성되어있으며,not_a_dictionary_headword,C,,
ko,hard,조직시민행동에,not_a_dictionary_headword,C,,
ko,hard,주어진,not_a_dictionary_headword,C,,
ko,hard,주인공들에게는,not_a_dictionary_headword,C,,
ko,hard,주키에프스키는,not_a_dictionary_headword,C,,
ko,hard,준다는,not_a_dictionary_headword,C,,
ko,hard,준플레이오프에서,not_a_dictionary_headword,C,,
ko,hard,중앙노동위원회에,not_a_dictionary_headword,C,,
ko,hard,중앙아시아에서,particle_attached,B,,중앙아시아+에서
ko,hard,중앙집권체제를,not_a_dictionary_headword,C,,
ko,hard,중요무형문화재,not_a_dictionary_headword,C,,
ko,hard,중화인민공화국과,particle_attached,B,,중화인민공화국+과
ko,hard,중화인민공화국에,particle_attached,B,,중화인민공화국+에
ko,hard,중화인민공화국은,particle_attached,B,,중화인민공화국+은
ko,hard,중화인민공화국의,particle_attached,B,,중화인민공화국+의
ko,hard,중화인민공화국이,particle_attached,B,,중화인민공화국+이
ko,hard,즐거웠,not_a_dictionary_headword,C,,
ko,hard,지방교육자치에,not_a_dictionary_headword,C,,
ko,hard,지방자치단체가,particle_attached,B,,지방자치단체+가
ko,hard,지방자치단체에서,particle_attached,B,,지방자치단체+에서
ko,hard,지방자치단체의,particle_attached,B,,지방자치단체+의
ko,hard,지역소비에트의,not_a_dictionary_headword,C,,
ko,hard,지적재산권보호를,not_a_dictionary_headword,C,,
ko,hard,짙,fragment,A,,짙다
ko,hard,찰리,not_a_dictionary_headword,C,,
ko,hard,창당준비위원회는,not_a_dictionary_headword,C,,
ko,hard,찾아내,fragment,A,,찾아내다
ko,hard,찾아볼,not_a_dictionary_headword,C,,
ko,hard,챔피언스리그는,not_a_dictionary_headword,C,,
ko,hard,챔피언스리그에서,not_a_dictionary_headword,C,,
ko,hard,천문학자들로부터,not_a_dictionary_headword,C,,
ko,hard,첨지중추부사에,not_a_dictionary_headword,C,,
ko,hard,체코슬로바키아,not_a_dictionary_headword,C,,
ko,hard,체코슬로바키아를,not_a_dictionary_headword,C,,
ko,hard,체코슬로바키아의,not_a_dictionary_headword,C,,
ko,hard,첸,not_a_dictionary_headword,C,,
ko,hard,출구조사에서는,not_a_dictionary_headword,C,,
ko,hard,춥,fragment,A,,춥다
ko,hard,충족가능하다는,not_a_dictionary_headword,C,,
ko,hard,취,not_a_dictionary_headword,C,,
ko,hard,츄,not_a_dictionary_headword,C,,
ko,hard,치명적이었다고,not_a_dictionary_headword,C,,
ko,hard,치우,fragment,A,,치우다
ko,hard,친일반민족행위,not_a_dictionary_headword,C,,
ko,hard,카스,not_a_dictionary_headword,C,,
ko,hard,카운티,not_a_dictionary_headword,C,,
ko,hard,카톡,not_a_dictionary_headword,C,,
ko,hard,캄,not_a_dictionary_headword,C,,
ko,hard,캐리,not_a_dictionary_headword,C,,
ko,hard,캐스트,not_a_dictionary_headword,C,,
ko,hard,캘리,not_a_dictionary_headword,C,,
ko,hard,캘리포니아에서는,particle_attached,B,,캘리포니아+에서는
ko,hard,캡틴,not_a_dictionary_headword,C,,
ko,hard,커뮤니케이션을,particle_attached,B,,커뮤니케이션+을
ko,hard,커뮤니케이션의,particle_attached,B,,커뮤니케이션+의
ko,hard,커뮤니케이션이,particle_attached,B,,커뮤니케이션+이
ko,hard,커지,fragment,A,,커지다
ko,hard,커크,not_a_dictionary_headword,C,,
ko,hard,컴퍼니,not_a_dictionary_headword,C,,
ko,hard,케빈,not_a_dictionary_headword,C,,
ko,hard,켈리,not_a_dictionary_headword,C,,
ko,hard,코로나바이러스,not_a_dictionary_headword,C,,
ko,hard,코믹,not_a_dictionary_headword,C,,
ko,hard,코벤트리대학교,not_a_dictionary_headword,C,,
ko,hard,코트디부아르의,particle_attached,B,,코트디부아르+의
ko,hard,코페르니쿠스는,not_a_dictionary_headword,C,,
ko,hard,코페르니쿠스의,not_a_dictionary_headword,C,,
ko,hard,콘스탄티노폴리스,not_a_dictionary_headword,C,,
ko,hard,콘스탄티노플을,not_a_dictionary_headword,C,,
ko,hard,콘스탄티누스의,not_a_dictionary_headword,C,,
ko,hard,콘체르트하우스,not_a_dictionary_headword,C,,
ko,hard,콩고민주공화국,not_a_dictionary_headword,C,,
ko,hard,콸라룸푸르에서,not_a_dictionary_headword,C,,
ko,hard,쾨니히스베르크,not_a_dictionary_headword,C,,
ko,hard,퀸틸리아누스의,not_a_dictionary_headword,C,,
ko,hard,큐리오시티보다,not_a_dictionary_headword,C,,
ko,hard,큐브,not_a_dictionary_headword,C,,
ko,hard,크로아티아에서,particle_attached,B,,크로아티아+에서
ko,hard,크로아티아와의,particle_attached,B,,크로아티아+와의
ko,hard,클라우드,not_a_dictionary_headword,C,,
ko,hard,클라이언트에서,particle_attached,B,,클라이언트+에서
ko,hard,키보드리스트로,not_a_dictionary_headword,C,,
ko,hard,킨,not_a_dictionary_headword,C,,
ko,hard,킴,not_a_dictionary_headword,C,,
ko,hard,타로,particle_attached,B,,타+로
ko,hard,타이포그래피를,particle_attached,B,,타이포그래피+를
ko,hard,타이포그래피의,particle_attached,B,,타이포그래피+의
ko,hard,탄소배출권거래소,not_a_dictionary_headword,C,,
ko,hard,태권,not_a_dictionary_headword,C,,
ko,hard,태양으로부터의,not_a_dictionary_headword,C,,
ko,hard,태어나면서부터,not_a_dictionary_headword,C,,
ko,hard,태우,fragment,A,,태우다
ko,hard,테러리스트들의,particle_attached,B,,테러리스트+들의
ko,hard,테르모필레에서,not_a_dictionary_headword,C,,
ko,hard,테르툴리아누스의,not_a_dictionary_headword,C,,
ko,hard,테일,not_a_dictionary_headword,C,,
ko,hard,텐토우무시코믹스,not_a_dictionary_headword,C,,
ko,hard,텔레비전에서는,particle_attached,B,,텔레비전+에서는
ko,hard,토렌트,not_a_dictionary_headword,C,,
ko,hard,토르,not_a_dictionary_headword,C,,
ko,hard,토지초과소득세,not_a_dictionary_headword,C,,
ko,hard,통일신라시대에,not_a_dictionary_headword,C,,
ko,hard,통일신라시대의,not_a_dictionary_headword,C,,
ko,hard,통일주체국민회의,not_a_dictionary_headword,C,,
ko,hard,투데이,not_a_dictionary_headword,C,,
ko,hard,투르크메니스탄의,particle_attached,B,,투르크메니스탄+의
ko,hard,툴,not_a_dictionary_headword,C,,
ko,hard,트랜스휴머니즘,not_a_dictionary_headword,C,,
ko,hard,트리플,not_a_dictionary_headword,C,,
ko,hard,특별조사위원회,not_a_dictionary_headword,C,,
ko,hard,특수교육기관으로,not_a_dictionary_headword,C,,
ko,hard,특수지근무수당,not_a_dictionary_headword,C,,
ko,hard,튼튼,not_a_dictionary_headword,C,,
ko,hard,틀리,fragment,A,,틀리다
ko,hard,티라노사우루스의,particle_attached,B,,티라노사우루스+의
ko,hard,티비,not_a_dictionary_headword,C,,
ko,hard,파르메니데스는,not_a_dictionary_headword,C,,
ko,hard,파트로클로스는,not_a_dictionary_headword,C,,
ko,hard,팔레스트리나의,not_a_dictionary_headword,C,,
ko,hard,팔리,fragment,A,,팔리다
ko,hard,팟,not_a_dictionary_headword,C,,
ko,hard,패밀리,not_a_dictionary_headword,C,,
ko,hard,퍼지,fragment,A,,퍼지다
ko,hard,펄,not_a_dictionary_headword,C,,
ko,hard,페이스리프트를,not_a_dictionary_headword,C,,
ko,hard,펠,not_a_dictionary_headword,C,,
ko,hard,펫,not_a_dictionary_headword,C,,
ko,hard,펼치,fragment,A,,펼치다
ko,hard,평균자책점으로,not_a_dictionary_headword,C,,
ko,hard,평론가들로부터,not_a_dictionary_headword,C,,
ko,hard,평안남도위원회,not_a_dictionary_headword,C,,
ko,hard,포르투갈인들의,not_a_dictionary_headword,C,,
ko,hard,포르투갈인들이,not_a_dictionary_headword,C,,
ko,hard,포스트모더니즘의,not_a_dictionary_headword,C,,
ko,hard,포켓몬,not_a_dictionary_headword,C,,
ko,hard,포토레지스터를,not_a_dictionary_headword,C,,
ko,hard,폭스,not_a_dictionary_headword,C,,
ko,hard,폴리아데닐화되면,not_a_dictionary_headword,C,,
ko,hard,폼페이우스에게,not_a_dictionary_headword,C,,
ko,hard,표준게놈지도는,not_a_dictionary_headword,C,,
ko,hard,푸드,not_a_dictionary_headword,C,,
ko,hard,풀리,fragment,A,,풀리다
ko,hard,프란치스코회의,not_a_dictionary_headword,C,,
ko,hard,프랑켄슈타인의,not_a_dictionary_headword,C,,
ko,hard,프랑크푸르트가,particle_attached,B,,프랑크푸르트+가
ko,hard,프랑크푸르트는,particle_attached,B,,프랑크푸르트+는
ko,hard,프랜차이즈에서,not_a_dictionary_headword,C,,
ko,hard,프레젠테이션에,particle_attached,B,,프레젠테이션+에
ko,hard,프로게이머들이,particle_attached,B,,프로게이머+들이
ko,hard,프로게이머이자,not_a_dictionary_headword,C,,
ko,hard,프로그래머들은,particle_attached,B,,프로그래머+들은
ko,hard,프로그래머들이,particle_attached,B,,프로그래머+들이
ko,hard,프로그래밍적인,not_a_dictionary_headword,C,,
ko,hard,프로그램에서는,particle_attached,B,,프로그램+에서는
ko,hard,프로그램으로는,particle_attached,B,,프로그램+으로는
ko,hard,프로그램으로서,particle_attached,B,,프로그램+으로서
ko,hard,프로그램이기도,not_a_dictionary_headword,C,,
ko,hard,프로그램이라고,particle_attached,B,,프로그램+이라고
ko,hard,프로그램이었던,not_a_dictionary_headword,C,,
ko,hard,프로메테우스는,particle_attached,B,,프로메테우스+는
ko,hard,프로젝트에서는,particle_attached,B,,프로젝트+에서는
ko,hard,프로토,not_a_dictionary_headword,C,,
ko,hard,프로토타입으로,not_a_dictionary_headword,C,,
ko,hard,프리메이라리가,not_a_dictionary_headword,C,,
ko,hard,프시타코사우루스,not_a_dictionary_headword,C,,
ko,hard,프톨레마이오스,not_a_dictionary_headword,C,,
ko,hard,프톨레마이오스는,not_a_dictionary_headword,C,,
ko,hard,프톨레마이오스의,not_a_dictionary_headword,C,,
ko,hard,플래시서프레서와,not_a_dictionary_headword,C,,
ko,hard,플랜테이션에서,particle_attached,B,,플랜테이션+에서
ko,hard,플레이스테이션,not_a_dictionary_headword,C,,
ko,hard,플레이어들에게,not_a_dictionary_headword,C,,
ko,hard,플레이오프에서,particle_attached,B,,플레이오프+에서
ko,hard,플로,not_a_dictionary_headword,C,,
ko,hard,피우,fragment,A,,피우다
ko,hard,피테칸트로푸스,not_a_dictionary_headword,C,,
ko,hard,필라델피아에서,particle_attached,B,,필라델피아+에서
ko,hard,필립,not_a_dictionary_headword,C,,
ko,hard,필요충분조건은,particle_attached,B,,필요충분조건+은
ko,hard,핏,not_a_dictionary_headword,C,,
ko,hard,하드리아누스를,not_a_dictionary_headword,C,,
ko,hard,하드리아누스의,not_a_dictionary_headword,C,,
ko,hard,하워드,not_a_dictionary_headword,C,,
ko,hard,하이퍼바이저에,not_a_dictionary_headword,C,,
ko,hard,한국경제연구원은,not_a_dictionary_headword,C,,
ko,hard,한국방송작가상,not_a_dictionary_headword,C,,
ko,hard,한국병합기념장과,not_a_dictionary_headword,C,,
ko,hard,한국시리즈에서,not_a_dictionary_headword,C,,
ko,hard,한국어판에서는,not_a_dictionary_headword,C,,
ko,hard,한국예술종합학교,not_a_dictionary_headword,C,,
ko,hard,한국외국어대학교,not_a_dictionary_headword,C,,
ko,hard,한국인으로서는,not_a_dictionary_headword,C,,
ko,hard,한반도종단철도,not_a_dictionary_headword,C,,
ko,hard,할께요,not_a_dictionary_headword,C,,
ko,hard,할래요,inflected_sentence_form,B,,할+래요
ko,hard,합니까,not_a_dictionary_headword,C,,
ko,hard,헌법소원심판을,not_a_dictionary_headword,C,,
ko,hard,헌법재판소에서,particle_attached,B,,헌법재판소+에서
ko,hard,헤드,not_a_dictionary_headword,C,,
ko,hard,헤라클리우스는,not_a_dictionary_headword,C,,
ko,hard,헤어지,fragment,A,,헤어지다
ko,hard,현실적이면서도,not_a_dictionary_headword,C,,
ko,hard,홀리,fragment,A,,홀리다
ko,hard,홈페이지에서는,particle_attached,B,,홈페이지+에서는
ko,hard,홍콩인으로서의,not_a_dictionary_headword,C,,
ko,hard,황제모독이라는,not_a_dictionary_headword,C,,
ko,hard,후쿠시마현에서,not_a_dictionary_headword,C,,
ko,hard,흐지부지되었다,inflected_sentence_form,B,,흐지부지+되었다
ko,hard,흔들리,fragment,A,,흔들리다
ko,hard,히로,particle_attached,B,,히+로
ko,hard,히스티아이오스는,not_a_dictionary_headword,C,,
ko,hard,힐링,not_a_dictionary_headword,C,,
ko,expert,가드너나무타기쥐는,not_a_dictionary_headword,C,,
ko,expert,가디언,not_a_dictionary_headword,C,,
ko,expert,가루지기타령에서는,not_a_dictionary_headword,C,,
ko,expert,가브리엘,not_a_dictionary_headword,C,,
ko,expert,가사노동으로부터의,not_a_dictionary_headword,C,,
ko,expert,가석방심사에관한규칙,not_a_dictionary_headword,C,,
ko,expert,가선대부동지중추부사의,not_a_dictionary_headword,C,,
ko,expert,가셨,not_a_dictionary_headword,C,,
ko,expert,가온,not_a_dictionary_headword,C,,
ko,expert,가인,particle_attached,B,,가+인
ko,expert,가져야,not_a_dictionary_headword,C,,
ko,expert,가져와,particle_attached,B,,가져+와
ko,expert,가진다,inflected_sentence_form,B,,가진+다
ko,expert,가천바이오나노연구원,not_a_dictionary_headword,C,,
ko,expert,가톨릭교회로부터의,not_a_dictionary_headword,C,,
ko,expert,가평,not_a_dictionary_headword,C,,
ko,expert,간략,not_a_dictionary_headword,C,,
ko,expert,간토,not_a_dictionary_headword,C,,
ko,expert,간편,not_a_dictionary_headword,C,,
ko,expert,간호대학원에서부터,not_a_dictionary_headword,C,,
ko,expert,갈색나무타기캥거루는,not_a_dictionary_headword,C,,
ko,expert,갈아입,fragment,A,,갈아입다
ko,expert,갈지,inflected_sentence_form,B,,갈+지
ko,expert,감가상각부인액이라고,not_a_dictionary_headword,C,,
ko,expert,감지금니묘법연화경,not_a_dictionary_headword,C,,
ko,expert,갑작,not_a_dictionary_headword,C,,
ko,expert,강릉원주대학교부속유치원,not_a_dictionary_headword,C,,
ko,expert,강일여자고등학교에,not_a_dictionary_headword,C,,
ko,expert,강전,not_a_dictionary_headword,C,,
ko,expert,강화전쟁박물관에는,not_a_dictionary_headword,C,,
ko,expert,개국공신녹권으로는,not_a_dictionary_headword,C,,
ko,expert,개리,not_a_dictionary_headword,C,,
ko,expert,개발하고있었습니다,not_a_dictionary_headword,C,,
ko,expert,개양오거리시외버스정류장이라고,not_a_dictionary_headword,C,,
ko,expert,개인성과배분제도의,not_a_dictionary_headword,C,,
ko,expert,갤러리아팰리스라는,not_a_dictionary_headword,C,,
ko,expert,거대자기저항효과라,not_a_dictionary_headword,C,,
ko,expert,거뒀,not_a_dictionary_headword,C,,
ko,expert,거룩,not_a_dictionary_headword,C,,
ko,expert,거스,not_a_dictionary_headword,C,,
ko,expert,거제시민축구단으로,not_a_dictionary_headword,C,,
ko,expert,건강보험심사평가원은,not_a_dictionary_headword,C,,
ko,expert,건강보험정책심의위원회에서,not_a_dictionary_headword,C,,
ko,expert,건국대학교디자인대학원,not_a_dictionary_headword,C,,
ko,expert,건국대학교병원에서,not_a_dictionary_headword,C,,
ko,expert,건담,not_a_dictionary_headword,C,,
ko,expert,건데요,not_a_dictionary_headword,C,,
ko,expert,건마,not_a_dictionary_headword,C,,
ko,expert,건만,particle_attached,B,,건+만
ko,expert,건칠아미타여래좌상,not_a_dictionary_headword,C,,
ko,expert,걸린다,inflected_sentence_form,B,,걸린+다
ko,expert,걸맞,fragment,A,,걸맞다
ko,expert,걸스,not_a_dictionary_headword,C,,
ko,expert,걸치,fragment,A,,걸치다
ko,expert,검경합동수사본부도,not_a_dictionary_headword,C,,
ko,expert,검교우어위호분랑장,not_a_dictionary_headword,C,,
ko,expert,검은날개작은노랑박쥐는,not_a_dictionary_headword,C,,
ko,expert,검찰개혁추진지원단,not_a_dictionary_headword,C,,
ko,expert,것일때는수소식던졌다가,not_a_dictionary_headword,C,,
ko,expert,겄,not_a_dictionary_headword,C,,
ko,expert,게리,not_a_dictionary_headword,C,,
ko,expert,게이밍,not_a_dictionary_headword,C,,
ko,expert,게임메이플스토리의,not_a_dictionary_headword,C,,
ko,expert,게임물등급위원회에,not_a_dictionary_headword,C,,
ko,expert,게임즈,not_a_dictionary_headword,C,,
ko,expert,겜,not_a_dictionary_headword,C,,
ko,expert,견고,inflected_sentence_form,B,,견+고
ko,expert,경기공업고등전문학교로의,not_a_dictionary_headword,C,,
ko,expert,경기도당위원장에서,not_a_dictionary_headword,C,,
ko,expert,경기디지털콘텐츠진흥원에게,not_a_dictionary_headword,C,,
ko,expert,경남과학고등학교와,not_a_dictionary_headword,C,,
ko,expert,경남체육고등학교가,not_a_dictionary_headword,C,,
ko,expert,경산,not_a_dictionary_headword,C,,
ko,expert,경성경관연습소에서,not_a_dictionary_headword,C,,
ko,expert,경성농상실천학교의,not_a_dictionary_headword,C,,
ko,expert,경성부립순화병원의,not_a_dictionary_headword,C,,
ko,expert,경성여자의학전문학교,not_a_dictionary_headword,C,,
ko,expert,경성의전부속병원에,not_a_dictionary_headword,C,,
ko,expert,경성지방법원으로부터,not_a_dictionary_headword,C,,
ko,expert,경수로사업지원기획단,not_a_dictionary_headword,C,,
ko,expert,경제경영전략연구소,not_a_dictionary_headword,C,,
ko,expert,경제기획국장이라는,not_a_dictionary_headword,C,,
ko,expert,경제민주주의자들이,not_a_dictionary_headword,C,,
ko,expert,경제정의실천시민연합,not_a_dictionary_headword,C,,
ko,expert,경주시,not_a_dictionary_headword,C,,
ko,expert,경주평생학습문화센터이,not_a_dictionary_headword,C,,
ko,expert,경청선원자적선사능운탑비,not_a_dictionary_headword,C,,
ko,expert,경향신문,not_a_dictionary_headword,C,,
ko,expert,경혈관관상동맥확장술,not_a_dictionary_headword,C,,
ko,expert,경화여자고등학교는,not_a_dictionary_headword,C,,
ko,expert,고감마글로불린혈증과,not_a_dictionary_headword,C,,
ko,expert,고객관계관리에서와,not_a_dictionary_headword,C,,
ko,expert,고덕국제신도시에서,not_a_dictionary_headword,C,,
ko,expert,고도불포화지방산이,not_a_dictionary_headword,C,,
ko,expert,고등인문사회연구원,not_a_dictionary_headword,C,,
ko,expert,고마,not_a_dictionary_headword,C,,
ko,expert,고양시립라임어린이집,not_a_dictionary_headword,C,,
ko,expert,고위공직자범죄수사처,not_a_dictionary_headword,C,,
ko,expert,고창,not_a_dictionary_headword,C,,
ko,expert,고쳤,not_a_dictionary_headword,C,,
ko,expert,고효율에너지기자재,not_a_dictionary_headword,C,,
ko,expert,골랐,not_a_dictionary_headword,C,,
ko,expert,공개에서대구광역시,not_a_dictionary_headword,C,,
ko,expert,공군소속관할이었다,not_a_dictionary_headword,C,,
ko,expert,공동선거대책위원장을,not_a_dictionary_headword,C,,
ko,expert,공무원퇴직연금기금,not_a_dictionary_headword,C,,
ko,expert,공산주의운동에서는,not_a_dictionary_headword,C,,
ko,expert,공익침해행위신고를,not_a_dictionary_headword,C,,
ko,expert,공적심사위원회에선,not_a_dictionary_headword,C,,
ko,expert,공적자금관리위원회,not_a_dictionary_headword,C,,
ko,expert,공적자금관리특별법,not_a_dictionary_headword,C,,
ko,expert,공정언론시민연대는,not_a_dictionary_headword,C,,
ko,expert,공주대학교사범대학부설유치원,not_a_dictionary_headword,C,,
ko,expert,공중조기경보통제기도,not_a_dictionary_headword,C,,
ko,expert,공직윤리지원관실은,not_a_dictionary_headword,C,,
ko,expert,과오불금반환청구권의,not_a_dictionary_headword,C,,
ko,expert,과자명나방이라고도,not_a_dictionary_headword,C,,
ko,expert,과테말라검은고함원숭이,not_a_dictionary_headword,C,,
ko,expert,과학기술대학교에서,not_a_dictionary_headword,C,,
ko,expert,과학기술정보통신부,not_a_dictionary_headword,C,,
ko,expert,과학기술정보통신부는,not_a_dictionary_headword,C,,
ko,expert,과학기술특성화대학,not_a_dictionary_headword,C,,
ko,expert,과학연차회의에서는,not_a_dictionary_headword,C,,
ko,expert,관계기관대책회의에,not_a_dictionary_headword,C,,
ko,expert,관광산업특별위원회,not_a_dictionary_headword,C,,
ko,expert,관대,not_a_dictionary_headword,C,,
ko,expert,관동군사령부헌병대와,not_a_dictionary_headword,C,,
ko,expert,관둥룽곤문화유한공사,not_a_dictionary_headword,C,,
ko,expert,관상동맥우회로이식술,not_a_dictionary_headword,C,,
ko,expert,관세음보살보문품의,not_a_dictionary_headword,C,,
ko,expert,광고음악감독으로도,not_a_dictionary_headword,C,,
ko,expert,광로를깆중을절토괗한,not_a_dictionary_headword,C,,
ko,expert,광양,not_a_dictionary_headword,C,,
ko,expert,광역행정복합타운으로,not_a_dictionary_headword,C,,
ko,expert,광주광역시광산구산막동,not_a_dictionary_headword,C,,
ko,expert,광주소방안전본부장,not_a_dictionary_headword,C,,
ko,expert,광지개종홍진우세승통,not_a_dictionary_headword,C,,
ko,expert,교방굿거리춤이라고,not_a_dictionary_headword,C,,
ko,expert,교원교육종합대학교의,not_a_dictionary_headword,C,,
ko,expert,교육도서출판사에서,not_a_dictionary_headword,C,,
ko,expert,교육연구망추진위원회,not_a_dictionary_headword,C,,
ko,expert,구르,fragment,A,,구르다
ko,expert,구마,not_a_dictionary_headword,C,,
ko,expert,국가공간정보통합체계를,not_a_dictionary_headword,C,,
ko,expert,국가광파전영전시총국의,not_a_dictionary_headword,C,,
ko,expert,국가비상사태위원회는,not_a_dictionary_headword,C,,
ko,expert,국가생물종지식정보시스템이,not_a_dictionary_headword,C,,
ko,expert,국가안보전략연구원,not_a_dictionary_headword,C,,
ko,expert,국가역사기억위원회,not_a_dictionary_headword,C,,
ko,expert,국가재건최고회의로,not_a_dictionary_headword,C,,
ko,expert,국가참조표준센터와,not_a_dictionary_headword,C,,
ko,expert,국내무역협동조합소비부,not_a_dictionary_headword,C,,
ko,expert,국립경주박물관으로,not_a_dictionary_headword,C,,
ko,expert,국립대전현충원에는,not_a_dictionary_headword,C,,
ko,expert,국립보건임상연구원,not_a_dictionary_headword,C,,
ko,expert,국립부여박물관으로,not_a_dictionary_headword,C,,
ko,expert,국립사업기술대학교나,not_a_dictionary_headword,C,,
ko,expert,국립생물학방위분석대응센터는,not_a_dictionary_headword,C,,
ko,expert,국립수의과학검역원에서도,not_a_dictionary_headword,C,,
ko,expert,국립아시아문화전당을,not_a_dictionary_headword,C,,
ko,expert,국립엘크피난소에서,not_a_dictionary_headword,C,,
ko,expert,국립장애재활연구소,not_a_dictionary_headword,C,,
ko,expert,국립중앙박물관장에서,not_a_dictionary_headword,C,,
ko,expert,국민건강보험법에서,not_a_dictionary_headword,C,,
ko,expert,국민공감혁신위원회의,not_a_dictionary_headword,C,,
ko,expert,국민문해교육프로그램에,not_a_dictionary_headword,C,,
ko,expert,국민재건운동본부가,not_a_dictionary_headword,C,,
ko,expert,국민체육진흥공단이,not_a_dictionary_headword,C,,
ko,expert,국민총동원위원회가,not_a_dictionary_headword,C,,
ko,expert,국민통합실천위원회,not_a_dictionary_headword,C,,
ko,expert,국방경비대총사령부,not_a_dictionary_headword,C,,
ko,expert,국방과학기술연구소에서,not_a_dictionary_headword,C,,
ko,expert,국방과학연구소법으로,not_a_dictionary_headword,C,,
ko,expert,국방위원장으로부터,not_a_dictionary_headword,C,,
ko,expert,국사편찬위원회에서,not_a_dictionary_headword,C,,
ko,expert,국어능력인증시험은,not_a_dictionary_headword,C,,
ko,expert,국정기획자문위원회의,not_a_dictionary_headword,C,,
ko,expert,국정홍보비서관까지,not_a_dictionary_headword,C,,
ko,expert,국제공산주의자이며,not_a_dictionary_headword,C,,
ko,expert,국제과학비즈니스벨트,not_a_dictionary_headword,C,,
ko,expert,국제관계대학원이며,not_a_dictionary_headword,C,,
ko,expert,국제금융감독기구들과,not_a_dictionary_headword,C,,
ko,expert,국제기계박람회이다,not_a_dictionary_headword,C,,
ko,expert,국제기념물유적협의회,not_a_dictionary_headword,C,,
ko,expert,국제디자인전문대학원의,not_a_dictionary_headword,C,,
ko,expert,국제리버럴아츠학부,not_a_dictionary_headword,C,,
ko,expert,국제문화교류처에서는,not_a_dictionary_headword,C,,
ko,expert,국제문화컨벤션관은,not_a_dictionary_headword,C,,
ko,expert,국제미용성형외과협회에,not_a_dictionary_headword,C,,
ko,expert,국제봅슬레이연맹에서,not_a_dictionary_headword,C,,
ko,expert,국제상사중재위원회는,not_a_dictionary_headword,C,,
ko,expert,국제상사중재위원회를,not_a_dictionary_headword,C,,
ko,expert,국제아동도서협의회,not_a_dictionary_headword,C,,
ko,expert,국제아동청소년도서협의회,not_a_dictionary_headword,C,,
ko,expert,국제아이스하키연맹,not_a_dictionary_headword,C,,
ko,expert,국제영상자료원연맹,not_a_dictionary_headword,C,,
ko,expert,국제올림픽위원회는,not_a_dictionary_headword,C,,
ko,expert,국제원자력규제자협의회,not_a_dictionary_headword,C,,
ko,expert,국제응용근신경학회,not_a_dictionary_headword,C,,
ko,expert,국제의료관광코디네이터가,not_a_dictionary_headword,C,,
ko,expert,국제의학과학자협의회를,not_a_dictionary_headword,C,,
ko,expert,국제인증유효기간도,not_a_dictionary_headword,C,,
ko,expert,국제전문대학원으로,not_a_dictionary_headword,C,,
ko,expert,국제조형예술협의회,not_a_dictionary_headword,C,,
ko,expert,국제천문올림피아드에,not_a_dictionary_headword,C,,
ko,expert,국제프라이버시전문가협회,not_a_dictionary_headword,C,,
ko,expert,국제프랑코포니기구는,not_a_dictionary_headword,C,,
ko,expert,국제협력상임위원장이,not_a_dictionary_headword,C,,
ko,expert,국제협력위원이라는,not_a_dictionary_headword,C,,
ko,expert,국제회계기준위원회에서,not_a_dictionary_headword,C,,
ko,expert,국철재건감리위원회,not_a_dictionary_headword,C,,
ko,expert,국철청산사업본부의,not_a_dictionary_headword,C,,
ko,expert,국토건설종합계획은,not_a_dictionary_headword,C,,
ko,expert,국회지방자치포럼은,not_a_dictionary_headword,C,,
ko,expert,군사독재정부에서도,not_a_dictionary_headword,C,,
ko,expert,군사비밀정보보호협정,not_a_dictionary_headword,C,,
ko,expert,군수산업전으로서는,not_a_dictionary_headword,C,,
ko,expert,군위인각사미륵당석불좌상,not_a_dictionary_headword,C,,
ko,expert,군의문사진상규명위원회,not_a_dictionary_headword,C,,
ko,expert,군포,not_a_dictionary_headword,C,,
ko,expert,굿모닝,not_a_dictionary_headword,C,,
ko,expert,궤변지시테이테인에,not_a_dictionary_headword,C,,
ko,expert,그래픽디자인으로는,not_a_dictionary_headword,C,,
ko,expert,그럴까,inflected_sentence_form,B,,그럴+까
ko,expert,그레이스트라이프와,not_a_dictionary_headword,C,,
ko,expert,그레이트배리어리프는,not_a_dictionary_headword,C,,
ko,expert,그려진,not_a_dictionary_headword,C,,
ko,expert,그로테스크하기까지,not_a_dictionary_headword,C,,
ko,expert,그리스도인으로서의,not_a_dictionary_headword,C,,
ko,expert,그리스아르메니아어파,not_a_dictionary_headword,C,,
ko,expert,그리스프리기아어파,not_a_dictionary_headword,C,,
ko,expert,그리핀,not_a_dictionary_headword,C,,
ko,expert,그지,inflected_sentence_form,B,,그+지
ko,expert,극우주의자들이었다,not_a_dictionary_headword,C,,
ko,expert,극좌폭력집단이라고,not_a_dictionary_headword,C,,
ko,expert,근대불교회화사에서,not_a_dictionary_headword,C,,
ko,expert,근무성적평정제도를,not_a_dictionary_headword,C,,
ko,expert,근접발달영역이라고,not_a_dictionary_headword,C,,
ko,expert,글렌,not_a_dictionary_headword,C,,
ko,expert,글로벌바이오메디컬공학과,not_a_dictionary_headword,C,,
ko,expert,글루코코르티코이드,not_a_dictionary_headword,C,,
ko,expert,글루코코르티코이드는,not_a_dictionary_headword,C,,
ko,expert,글리,not_a_dictionary_headword,C,,
ko,expert,글리세르알데하이드,not_a_dictionary_headword,C,,
ko,expert,글리코실트랜스퍼레이스라는,not_a_dictionary_headword,C,,
ko,expert,금강계만다라다라니,not_a_dictionary_headword,C,,
ko,expert,금강반야바라밀경론은,not_a_dictionary_headword,C,,
ko,expert,금강장장엄반야바라밀다교중일분,not_a_dictionary_headword,C,,
ko,expert,금동관음보살좌상은,not_a_dictionary_headword,C,,
ko,expert,금동보살상으로서는,not_a_dictionary_headword,C,,
ko,expert,금동보현보살좌상은,not_a_dictionary_headword,C,,
ko,expert,금동아미타불좌상과,not_a_dictionary_headword,C,,
ko,expert,금산,not_a_dictionary_headword,C,,
ko,expert,금암동정류소라고도,not_a_dictionary_headword,C,,
ko,expert,금융감독조직혁신위원회가,not_a_dictionary_headword,C,,
ko,expert,금융발전심의위원회,not_a_dictionary_headword,C,,
ko,expert,금융정보보호아카데미,not_a_dictionary_headword,C,,
ko,expert,금중병공가제법도를,not_a_dictionary_headword,C,,
ko,expert,금호,not_a_dictionary_headword,C,,
ko,expert,기념사업추진위원회로부터,not_a_dictionary_headword,C,,
ko,expert,기독교복음침례회와는,not_a_dictionary_headword,C,,
ko,expert,기독교산업사회연구소,not_a_dictionary_headword,C,,
ko,expert,기동구급경찰에서는,not_a_dictionary_headword,C,,
ko,expert,기득,not_a_dictionary_headword,C,,
ko,expert,기묘,not_a_dictionary_headword,C,,
ko,expert,기보가오카병원에서도,not_a_dictionary_headword,C,,
ko,expert,기부금품모집및사용법,not_a_dictionary_headword,C,,
ko,expert,기뻐요,inflected_sentence_form,B,,기뻐+요
ko,expert,기뻤,not_a_dictionary_headword,C,,
ko,expert,기스,not_a_dictionary_headword,C,,
ko,expert,기악작품에서까지도,not_a_dictionary_headword,C,,
ko,expert,기천정사를건립하였고,not_a_dictionary_headword,C,,
ko,expert,기초자치단체장이다,not_a_dictionary_headword,C,,
ko,expert,기평가보험일지라도,not_a_dictionary_headword,C,,
ko,expert,기하,fragment,A,,기하다
ko,expert,기획사,not_a_dictionary_headword,C,,
ko,expert,긴급구조표준시스템을,not_a_dictionary_headword,C,,
ko,expert,긴급구호본부에서는,not_a_dictionary_headword,C,,
ko,expert,긴급열차방호장치가,not_a_dictionary_headword,C,,
ko,expert,긴급정보연락회의를,not_a_dictionary_headword,C,,
ko,expert,김달삼모가지잘린골은,not_a_dictionary_headword,C,,
ko,expert,김연아,not_a_dictionary_headword,C,,
ko,expert,김제,not_a_dictionary_headword,C,,
ko,expert,김천농림고등학교에서,not_a_dictionary_headword,C,,
ko,expert,깁,fragment,A,,깁다
ko,expert,깃꼬리유대하늘다람쥐는,not_a_dictionary_headword,C,,
ko,expert,깜,not_a_dictionary_headword,C,,
ko,expert,깨어나,fragment,A,,깨어나다
ko,expert,꼽힌다,inflected_sentence_form,B,,꼽힌+다
ko,expert,꽁,not_a_dictionary_headword,C,,
ko,expert,끌리,fragment,A,,끌리다
ko,expert,끌어내,fragment,A,,끌어내다
ko,expert,나고르노카라바흐를,not_a_dictionary_headword,C,,
ko,expert,나기,inflected_sentence_form,B,,나+기
ko,expert,나미,not_a_dictionary_headword,C,,
ko,expert,나쁜투표거부시민운동측은,not_a_dictionary_headword,C,,
ko,expert,나스,not_a_dictionary_headword,C,,
ko,expert,나와야,not_a_dictionary_headword,C,,
ko,expert,나우,not_a_dictionary_headword,C,,
ko,expert,나이다,particle_attached,B,,나+이다
ko,expert,나이트로글리세린을,not_a_dictionary_headword,C,,
ko,expert,나이프아랍안보과학대학교,not_a_dictionary_headword,C,,
ko,expert,나잇,not_a_dictionary_headword,C,,
ko,expert,나타낸,not_a_dictionary_headword,C,,
ko,expert,나타낸다,not_a_dictionary_headword,C,,
ko,expert,난계국악기체험전수관이,not_a_dictionary_headword,C,,
ko,expert,난다고,not_a_dictionary_headword,C,,
ko,expert,남북통일축구경기대회,not_a_dictionary_headword,C,,
ko,expert,남서브리튼어군으로,not_a_dictionary_headword,C,,
ko,expert,남성주참외휴게소로,not_a_dictionary_headword,C,,
ko,expert,남아메리카나무타기쥐속에,not_a_dictionary_headword,C,,
ko,expert,남아메리카코아티는,not_a_dictionary_headword,C,,
ko,expert,남조선대토벌작전을,not_a_dictionary_headword,C,,
ko,expert,남할마헤라서뉴기니어군의,not_a_dictionary_headword,C,,
ko,expert,납북인사가족협의회,not_a_dictionary_headword,C,,
ko,expert,내겐,not_a_dictionary_headword,C,,
ko,expert,내려갔,not_a_dictionary_headword,C,,
ko,expert,내려다,inflected_sentence_form,B,,내려+다
ko,expert,내려와,particle_attached,B,,내려+와
ko,expert,내린다,inflected_sentence_form,B,,내린+다
ko,expert,내림,not_a_dictionary_headword,C,,
ko,expert,내뱉,fragment,A,,내뱉다
ko,expert,냉각수공급이상현상이,not_a_dictionary_headword,C,,
ko,expert,넉넉,not_a_dictionary_headword,C,,
ko,expert,넘어갔,not_a_dictionary_headword,C,,
ko,expert,네덜란드령이었지만,not_a_dictionary_headword,C,,
ko,expert,네오,not_a_dictionary_headword,C,,
ko,expert,네일,not_a_dictionary_headword,C,,
ko,expert,넥,not_a_dictionary_headword,C,,
ko,expert,넬슨,not_a_dictionary_headword,C,,
ko,expert,넵,not_a_dictionary_headword,C,,
ko,expert,녈,not_a_dictionary_headword,C,,
ko,expert,노골,not_a_dictionary_headword,C,,
ko,expert,노동운동지도자들이,not_a_dictionary_headword,C,,
ko,expert,노동자대통령선거투쟁본부는,not_a_dictionary_headword,C,,
ko,expert,노르트라인베스트팔렌주,not_a_dictionary_headword,C,,
ko,expert,노바,not_a_dictionary_headword,C,,
ko,expert,노보니콜라옙스크의,not_a_dictionary_headword,C,,
ko,expert,노브고로드인들에게,not_a_dictionary_headword,C,,
ko,expert,노사관계고위지도자연수사업,not_a_dictionary_headword,C,,
ko,expert,노스웨스트잉글랜드,not_a_dictionary_headword,C,,
ko,expert,노스이스트잉글랜드,not_a_dictionary_headword,C,,
ko,expert,노엘,not_a_dictionary_headword,C,,
ko,expert,노원,not_a_dictionary_headword,C,,
ko,expert,노이즈캔슬링기술을,not_a_dictionary_headword,C,,
ko,expert,노트르담드그라스로,not_a_dictionary_headword,C,,
ko,expert,노티티아디그니타툼에,not_a_dictionary_headword,C,,
ko,expert,녹색환경지원센터에서,not_a_dictionary_headword,C,,
ko,expert,농림수산식품부장관,not_a_dictionary_headword,C,,
ko,expert,농림축산식품부령으로,not_a_dictionary_headword,C,,
ko,expert,농산물품질관리원에서,not_a_dictionary_headword,C,,
ko,expert,농업협동조합중앙회,not_a_dictionary_headword,C,,
ko,expert,농촌경제발전위원회,not_a_dictionary_headword,C,,
ko,expert,농촌재능나눔사업을,not_a_dictionary_headword,C,,
ko,expert,농협경제지주회사를,not_a_dictionary_headword,C,,
ko,expert,농협미래농업지원센터,not_a_dictionary_headword,C,,
ko,expert,놓쳤,not_a_dictionary_headword,C,,
ko,expert,놔두,fragment,A,,놔두다
ko,expert,누르마고메도프였다,not_a_dictionary_headword,C,,
ko,expert,누벨칼레도니어군의,not_a_dictionary_headword,C,,
ko,expert,뉴기니칼집꼬리박쥐라는,not_a_dictionary_headword,C,,
ko,expert,뉴사우스웨일스대학을,not_a_dictionary_headword,C,,
ko,expert,뉴욕한인회장으로서,not_a_dictionary_headword,C,,
ko,expert,뉴질랜드도마뱀붙이는,not_a_dictionary_headword,C,,
ko,expert,느껴졌,not_a_dictionary_headword,C,,
ko,expert,느껴진다,not_a_dictionary_headword,C,,
ko,expert,느낀다,inflected_sentence_form,B,,느낀+다
ko,expert,는지요,not_a_dictionary_headword,C,,
ko,expert,능숙,not_a_dictionary_headword,C,,
ko,expert,니나,particle_attached,B,,니+나
ko,expert,니시,not_a_dictionary_headword,C,,
ko,expert,니시노미야나나엔의,not_a_dictionary_headword,C,,
ko,expert,니시노미야키타구치,not_a_dictionary_headword,C,,
ko,expert,니시노미야키타구치에서는,not_a_dictionary_headword,C,,
ko,expert,니주니노브고로드를,not_a_dictionary_headword,C,,
ko,expert,니콘이미징코리아의,not_a_dictionary_headword,C,,
ko,expert,니콜라스,not_a_dictionary_headword,C,,
ko,expert,니키,not_a_dictionary_headword,C,,
ko,expert,닉음과의같복잡성은전자의,not_a_dictionary_headword,C,,
ko,expert,다간,not_a_dictionary_headword,C,,
ko,expert,다녀온,not_a_dictionary_headword,C,,
ko,expert,다닌다,inflected_sentence_form,B,,다닌+다
ko,expert,다대포해수욕장행과,not_a_dictionary_headword,C,,
ko,expert,다라,inflected_sentence_form,B,,다+라
ko,expert,다롄의과대학부속제일의원으로,not_a_dictionary_headword,C,,
ko,expert,다릅니다,not_a_dictionary_headword,C,,
ko,expert,다산과학기지에서는,not_a_dictionary_headword,C,,
ko,expert,다이쇼대례기념장과,not_a_dictionary_headword,C,,
ko,expert,다이쇼대례기념장을,not_a_dictionary_headword,C,,
ko,expert,다이페닐메탄다이이소사인화염과,not_a_dictionary_headword,C,,
ko,expert,다이하이드록시아세톤은,not_a_dictionary_headword,C,,
ko,expert,다저스,not_a_dictionary_headword,C,,
ko,expert,다쳤,not_a_dictionary_headword,C,,
ko,expert,다큐멘터리영화로는,not_a_dictionary_headword,C,,
ko,expert,다키아트라키아어파,not_a_dictionary_headword,C,,
ko,expert,단기성실성검증조사는,not_a_dictionary_headword,C,,
ko,expert,단기성실성검증조사로,not_a_dictionary_headword,C,,
ko,expert,단순열공망막박리는,not_a_dictionary_headword,C,,
ko,expert,단순임의추출법으로,not_a_dictionary_headword,C,,
ko,expert,단좌형전투기체보다,not_a_dictionary_headword,C,,
ko,expert,단호,not_a_dictionary_headword,C,,
ko,expert,달라진,not_a_dictionary_headword,C,,
ko,expert,달라질,not_a_dictionary_headword,C,,
ko,expert,달려들,fragment,A,,달려들다
ko,expert,달아나,fragment,A,,달아나다
ko,expert,달아났,not_a_dictionary_headword,C,,
ko,expert,달한다,inflected_sentence_form,B,,달+한다
ko,expert,당해유체동산가치에,not_a_dictionary_headword,C,,
ko,expert,대광보국숭록대부에,not_a_dictionary_headword,C,,
ko,expert,대구가톨릭대학병원을,not_a_dictionary_headword,C,,
ko,expert,대구경북과학기술원,not_a_dictionary_headword,C,,
ko,expert,대구공립고등보통학교에서,not_a_dictionary_headword,C,,
ko,expert,대구신암초등학교를,not_a_dictionary_headword,C,,
ko,expert,대구컨벤션관광뷰로,not_a_dictionary_headword,C,,
ko,expert,대규모무력충돌사건으로,not_a_dictionary_headword,C,,
ko,expert,대동아공영권건설과,not_a_dictionary_headword,C,,
ko,expert,대륙사관자들에게조차,not_a_dictionary_headword,C,,
ko,expert,대방광원각수다라요의경은,not_a_dictionary_headword,C,,
ko,expert,대북규탄결의안에도,not_a_dictionary_headword,C,,
ko,expert,대선승리전진대회를,not_a_dictionary_headword,C,,
ko,expert,대전애국지사숭모회가,not_a_dictionary_headword,C,,
ko,expert,대중목욕탕이었지만,not_a_dictionary_headword,C,,
ko,expert,대청호오리섬이라고도,not_a_dictionary_headword,C,,
ko,expert,대태평양회의한국외교후원회,not_a_dictionary_headword,C,,
ko,expert,대태평양회의한국외교후원회는,not_a_dictionary_headword,C,,
ko,expert,대통령중심제에서는,not_a_dictionary_headword,C,,
ko,expert,대통령지정기록물에서,not_a_dictionary_headword,C,,
ko,expert,대통합민주신당과의,not_a_dictionary_headword,C,,
ko,expert,대학수학능력시험으로,not_a_dictionary_headword,C,,
ko,expert,대한민국바로세우기국민운동본부,not_a_dictionary_headword,C,,
ko,expert,대한민국살리기나라사랑운동본부,not_a_dictionary_headword,C,,
ko,expert,대한민국역사박물관,not_a_dictionary_headword,C,,
ko,expert,대한민국연예예술상,not_a_dictionary_headword,C,,
ko,expert,대한민국임시정부가,particle_attached,B,,대한민국임시정부+가
ko,expert,대한민국임시정부의,particle_attached,B,,대한민국임시정부+의
ko,expert,대한아이스하키협회도,not_a_dictionary_headword,C,,
ko,expert,대한항공,not_a_dictionary_headword,C,,
ko,expert,대훈위서성대수장을,not_a_dictionary_headword,C,,
ko,expert,더뮤지컬어워즈에서,not_a_dictionary_headword,C,,
ko,expert,더불어민주당으로선,not_a_dictionary_headword,C,,
ko,expert,더블유홀딩컴퍼니는,not_a_dictionary_headword,C,,
ko,expert,더비,not_a_dictionary_headword,C,,
ko,expert,데려오,fragment,A,,데려오다
ko,expert,데미지,not_a_dictionary_headword,C,,
ko,expert,데이즈,not_a_dictionary_headword,C,,
ko,expert,데이터베이스로부터,particle_attached,B,,데이터베이스+로부터
ko,expert,데이터베이스화해서,not_a_dictionary_headword,C,,
ko,expert,데일,not_a_dictionary_headword,C,,
ko,expert,델쿠르큰도마뱀붙이가,not_a_dictionary_headword,C,,
ko,expert,뎁,not_a_dictionary_headword,C,,
ko,expert,도당,not_a_dictionary_headword,C,,
ko,expert,도도,particle_attached,B,,도+도
ko,expert,도독옹양량등이십주제군사,not_a_dictionary_headword,C,,
ko,expert,도라,inflected_sentence_form,B,,도+라
ko,expert,도로표지종합관리센터에,not_a_dictionary_headword,C,,
ko,expert,도마뱀붙이류보다도,not_a_dictionary_headword,C,,
ko,expert,도서관운영사업소를,not_a_dictionary_headword,C,,
ko,expert,도스,not_a_dictionary_headword,C,,
ko,expert,도시국가들에서부터,not_a_dictionary_headword,C,,
ko,expert,도청이전반대추진위원회,not_a_dictionary_headword,C,,
ko,expert,도쿄국제견본시회장이,not_a_dictionary_headword,C,,
ko,expert,독일연방방위군에서,not_a_dictionary_headword,C,,
ko,expert,돌아와서,not_a_dictionary_headword,C,,
ko,expert,동경조선고학생동우회에서,not_a_dictionary_headword,C,,
ko,expert,동남아시아연구센터의,not_a_dictionary_headword,C,,
ko,expert,동대문갑구선거위원회에,not_a_dictionary_headword,C,,
ko,expert,동물사랑실천협회는,not_a_dictionary_headword,C,,
ko,expert,동물생체해부반대운동가들은,not_a_dictionary_headword,C,,
ko,expert,동부일렉트로닉스는,not_a_dictionary_headword,C,,
ko,expert,동북항일연군교도려단,not_a_dictionary_headword,C,,
ko,expert,동아시안게임에서는,not_a_dictionary_headword,C,,
ko,expert,동아일보,not_a_dictionary_headword,C,,
ko,expert,동양오리온투자신탁,not_a_dictionary_headword,C,,
ko,expert,동양척식주식회사의,not_a_dictionary_headword,C,,
ko,expert,동일방직사건긴급대책협의회를,not_a_dictionary_headword,C,,
ko,expert,동자,inflected_sentence_form,B,,동+자
ko,expert,동칼라하리어군에서는,not_a_dictionary_headword,C,,
ko,expert,되돌아갈수있게되어,not_a_dictionary_headword,C,,
ko,expert,두슈니키즈드루이에서,not_a_dictionary_headword,C,,
ko,expert,둘러싸여,not_a_dictionary_headword,C,,
ko,expert,둬야,not_a_dictionary_headword,C,,
ko,expert,드니프로페트로우스크를,not_a_dictionary_headword,C,,
ko,expert,드러냈,not_a_dictionary_headword,C,,
ko,expert,드레,not_a_dictionary_headword,C,,
ko,expert,드롭,not_a_dictionary_headword,C,,
ko,expert,드릴까요,inflected_sentence_form,B,,드릴+까요
ko,expert,드림어스컴퍼니에서,not_a_dictionary_headword,C,,
ko,expert,드셨,not_a_dictionary_headword,C,,
ko,expert,들린다,inflected_sentence_form,B,,들린+다
ko,expert,들어갑니다,not_a_dictionary_headword,C,,
ko,expert,들어도,particle_attached,B,,들어+도
ko,expert,들여다,inflected_sentence_form,B,,들여+다
ko,expert,들여다보,fragment,A,,들여다보다
ko,expert,들으면서,not_a_dictionary_headword,C,,
ko,expert,들키,fragment,A,,들키다
ko,expert,디디,fragment,A,,디디다
ko,expert,디스코스포란기움목,not_a_dictionary_headword,C,,
ko,expert,디시인사이드에서도,not_a_dictionary_headword,C,,
ko,expert,디오클레티아누스로,not_a_dictionary_headword,C,,
ko,expert,디지털방송영상학과,not_a_dictionary_headword,C,,
ko,expert,디테일,not_a_dictionary_headword,C,,
ko,expert,디하이드로테스토스테론,not_a_dictionary_headword,C,,
ko,expert,딜런,not_a_dictionary_headword,C,,
ko,expert,따라야,not_a_dictionary_headword,C,,
ko,expert,따라오,fragment,A,,따라오다
ko,expert,따른다,inflected_sentence_form,B,,따른+다
ko,expert,따스,not_a_dictionary_headword,C,,
ko,expert,따윈,not_a_dictionary_headword,C,,
ko,expert,딸기독화살개구리는,not_a_dictionary_headword,C,,
ko,expert,땅딸이도마뱀붙이류와,not_a_dictionary_headword,C,,
ko,expert,땅속줄기를뻗으면서,not_a_dictionary_headword,C,,
ko,expert,때론,not_a_dictionary_headword,C,,
ko,expert,떠난다,inflected_sentence_form,B,,떠난+다
ko,expert,떠도,particle_attached,B,,떠+도
ko,expert,떠서,not_a_dictionary_headword,C,,
ko,expert,떨어뜨리,fragment,A,,떨어뜨리다
ko,expert,떨어진다,not_a_dictionary_headword,C,,
ko,expert,또라이,not_a_dictionary_headword,C,yes,
ko,expert,뚱,not_a_dictionary_headword,C,,
ko,expert,뜨리,not_a_dictionary_headword,C,,
ko,expert,띄우,fragment,A,,띄우다
ko,expert,라나,particle_attached,B,,라+나
ko,expert,라네,inflected_sentence_form,B,,라+네
ko,expert,라뇨,not_a_dictionary_headword,C,,
ko,expert,라도베르시에르였다,not_a_dictionary_headword,C,,
ko,expert,라든가,not_a_dictionary_headword,C,,
ko,expert,라디오주파수망원경을,not_a_dictionary_headword,C,,
ko,expert,라마,not_a_dictionary_headword,C,,
ko,expert,라미드그룹으로부터,not_a_dictionary_headword,C,,
ko,expert,라벨,not_a_dictionary_headword,C,,
ko,expert,라오인민민주주의공화국의,not_a_dictionary_headword,C,,
ko,expert,라우디러프보이즈의,not_a_dictionary_headword,C,,
ko,expert,라이드오브발키리즈나,not_a_dictionary_headword,C,,
ko,expert,라이몬엔터테인먼트,not_a_dictionary_headword,C,,
ko,expert,라피네스크큰귀박쥐는,not_a_dictionary_headword,C,,
ko,expert,랏,not_a_dictionary_headword,C,,
ko,expert,래도,not_a_dictionary_headword,C,,
ko,expert,래리,not_a_dictionary_headword,C,,
ko,expert,랙,not_a_dictionary_headword,C,,
ko,expert,랙서코리코팔라페토리어스,not_a_dictionary_headword,C,,
ko,expert,러쉬,not_a_dictionary_headword,C,,
ko,expert,러시아국립사회대학교는,not_a_dictionary_headword,C,,
ko,expert,러지,not_a_dictionary_headword,C,,
ko,expert,럭,not_a_dictionary_headword,C,,
ko,expert,렀다,not_a_dictionary_headword,C,,
ko,expert,레고,inflected_sentence_form,B,,레+고
ko,expert,레드클리프포인트로,not_a_dictionary_headword,C,,
ko,expert,레딧,not_a_dictionary_headword,C,,
ko,expert,레미,not_a_dictionary_headword,C,,
ko,expert,레베카,not_a_dictionary_headword,C,,
ko,expert,레스트레이드에게서,not_a_dictionary_headword,C,,
ko,expert,레온,not_a_dictionary_headword,C,,
ko,expert,레이드,not_a_dictionary_headword,C,,
ko,expert,레이어,not_a_dictionary_headword,C,,
ko,expert,레이저동위원소분리법,not_a_dictionary_headword,C,,
ko,expert,레이크,not_a_dictionary_headword,C,,
ko,expert,레이크사이드컨트리클럽이,not_a_dictionary_headword,C,,
ko,expert,레인보우,not_a_dictionary_headword,C,,
ko,expert,레인저,not_a_dictionary_headword,C,,
ko,expert,레즈,not_a_dictionary_headword,C,,
ko,expert,레지,inflected_sentence_form,B,,레+지
ko,expert,레크리에이션용으로,not_a_dictionary_headword,C,,
ko,expert,레터,not_a_dictionary_headword,C,,
ko,expert,레티,not_a_dictionary_headword,C,,
ko,expert,레프,not_a_dictionary_headword,C,,
ko,expert,렐,not_a_dictionary_headword,C,,
ko,expert,렙,not_a_dictionary_headword,C,,
ko,expert,려니,not_a_dictionary_headword,C,,
ko,expert,려다가,not_a_dictionary_headword,C,,
ko,expert,로니,inflected_sentence_form,B,,로+니
ko,expert,로다,inflected_sentence_form,B,,로+다
ko,expert,로렌,not_a_dictionary_headword,C,,
ko,expert,로렌스,not_a_dictionary_headword,C,,
ko,expert,로만므스티슬라비츠가,not_a_dictionary_headword,C,,
ko,expert,로미오,not_a_dictionary_headword,C,,
ko,expert,로버츠납작머리박쥐는,not_a_dictionary_headword,C,,
ko,expert,로베스피에르에게도,not_a_dictionary_headword,C,,
ko,expert,로스트,not_a_dictionary_headword,C,,
ko,expert,로이,particle_attached,B,,로+이
ko,expert,로이드,not_a_dictionary_headword,C,,
ko,expert,로저,not_a_dictionary_headword,C,,
ko,expert,로저스,not_a_dictionary_headword,C,,
ko,expert,롤링,not_a_dictionary_headword,C,,
ko,expert,롯데엔터테인먼트로부터,not_a_dictionary_headword,C,,
ko,expert,루드비히미술관에서,not_a_dictionary_headword,C,,
ko,expert,루스,not_a_dictionary_headword,C,,
ko,expert,루이스앤드클라크대,not_a_dictionary_headword,C,,
ko,expert,루즈,not_a_dictionary_headword,C,,
ko,expert,루카,not_a_dictionary_headword,C,,
ko,expert,룽,not_a_dictionary_headword,C,,
ko,expert,뤼,not_a_dictionary_headword,C,,
ko,expert,륜,not_a_dictionary_headword,C,,
ko,expert,른,not_a_dictionary_headword,C,,
ko,expert,리나,particle_attached,B,,리+나
ko,expert,리노,not_a_dictionary_headword,C,,
ko,expert,리뉴,not_a_dictionary_headword,C,,
ko,expert,리다,inflected_sentence_form,B,,리+다
ko,expert,리마,not_a_dictionary_headword,C,,
ko,expert,리믹스,not_a_dictionary_headword,C,,
ko,expert,리베라대통령으로부터,not_a_dictionary_headword,C,,
ko,expert,리베르트볼크비츠에서,not_a_dictionary_headword,C,,
ko,expert,리빙,not_a_dictionary_headword,C,,
ko,expert,리서치,not_a_dictionary_headword,C,,
ko,expert,리안,not_a_dictionary_headword,C,,
ko,expert,리얼리티,not_a_dictionary_headword,C,,
ko,expert,리오그란데밸리에서,not_a_dictionary_headword,C,,
ko,expert,리자,inflected_sentence_form,B,,리+자
ko,expert,리지,inflected_sentence_form,B,,리+지
ko,expert,리차드,not_a_dictionary_headword,C,,
ko,expert,리츠,not_a_dictionary_headword,C,,
ko,expert,리치몬드국제영화제에서,not_a_dictionary_headword,C,,
ko,expert,리카,not_a_dictionary_headword,C,,
ko,expert,리키,not_a_dictionary_headword,C,,
ko,expert,리트,not_a_dictionary_headword,C,,
ko,expert,리티,not_a_dictionary_headword,C,,
ko,expert,리퍼,not_a_dictionary_headword,C,,
ko,expert,리프제도산타크루즈어족은,not_a_dictionary_headword,C,,
ko,expert,리플리컨트였다라는,not_a_dictionary_headword,C,,
ko,expert,립니,not_a_dictionary_headword,C,,
ko,expert,마그니로스트리스는,not_a_dictionary_headword,C,,
ko,expert,마다가스카르에서는,not_a_dictionary_headword,C,,
ko,expert,마르스크주의자이기에,not_a_dictionary_headword,C,,
ko,expert,마르코,not_a_dictionary_headword,C,,
ko,expert,마르크란슈타트라는,not_a_dictionary_headword,C,,
ko,expert,마르크스주의로부터,not_a_dictionary_headword,C,,
ko,expert,마르크스주의자들도,not_a_dictionary_headword,C,,
ko,expert,마르크스주의자들에,not_a_dictionary_headword,C,,
ko,expert,마르크스주의자였다,not_a_dictionary_headword,C,,
ko,expert,마리오,not_a_dictionary_headword,C,,
ko,expert,마린,not_a_dictionary_headword,C,,
ko,expert,마미,not_a_dictionary_headword,C,,
ko,expert,마스크행성인들이다,not_a_dictionary_headword,C,,
ko,expert,마스토돈사우루스와,not_a_dictionary_headword,C,,
ko,expert,마시키중앙병원에서도,not_a_dictionary_headword,C,,
ko,expert,마애관음보살상으로,not_a_dictionary_headword,C,,
ko,expert,마우리타니아인들이,not_a_dictionary_headword,C,,
ko,expert,마운트,not_a_dictionary_headword,C,,
ko,expert,마운틴,not_a_dictionary_headword,C,,
ko,expert,마이크로그라피아는,not_a_dictionary_headword,C,,
ko,expert,마이크로소프트사의,not_a_dictionary_headword,C,,
ko,expert,마이크로시스템즈만,not_a_dictionary_headword,C,,
ko,expert,마이크로아키텍처도,not_a_dictionary_headword,C,,
ko,expert,마이크로아키텍처의,not_a_dictionary_headword,C,,
ko,expert,마이크로컨트롤러가,not_a_dictionary_headword,C,,
ko,expert,마이크로콘트롤러가,not_a_dictionary_headword,C,,
ko,expert,마이크로크레디트를,not_a_dictionary_headword,C,,
ko,expert,마이크로프로세서나,particle_attached,B,,마이크로프로세서+나
ko,expert,마이크로프로세서는,particle_attached,B,,마이크로프로세서+는
ko,expert,마이크로프로세서를,particle_attached,B,,마이크로프로세서+를
ko,expert,마이크로프로세서의,particle_attached,B,,마이크로프로세서+의
ko,expert,마이크로필름으로만,not_a_dictionary_headword,C,,
ko,expert,마인,particle_attached,B,,마+인
ko,expert,마자,inflected_sentence_form,B,,마+자
ko,expert,마지,inflected_sentence_form,B,,마+지
ko,expert,마지스토로비치였다,not_a_dictionary_headword,C,,
ko,expert,막스,not_a_dictionary_headword,C,,
ko,expert,만주독립항쟁역사유적지,not_a_dictionary_headword,C,,
ko,expert,망가,particle_attached,B,yes,망+가
ko,expert,맞췄,not_a_dictionary_headword,C,,
ko,expert,매끈비늘도마뱀붙이의,not_a_dictionary_headword,C,,
ko,expert,매동공립보통학교를,not_a_dictionary_headword,C,,
ko,expert,매드,not_a_dictionary_headword,C,,
ko,expert,매디슨,not_a_dictionary_headword,C,,
ko,expert,매스커뮤니케이션으로는,not_a_dictionary_headword,C,,
ko,expert,매튜,not_a_dictionary_headword,C,,
ko,expert,맥도날드,not_a_dictionary_headword,C,,
ko,expert,맨체스터유나이티드의,not_a_dictionary_headword,C,,
ko,expert,머무,not_a_dictionary_headword,C,,
ko,expert,머피,not_a_dictionary_headword,C,,
ko,expert,멎,fragment,A,,멎다
ko,expert,메디,not_a_dictionary_headword,C,,
ko,expert,메리엄주머니생쥐는,not_a_dictionary_headword,C,,
ko,expert,메이천박사저작선집,not_a_dictionary_headword,C,,
ko,expert,메이플,not_a_dictionary_headword,C,,
ko,expert,메타커뮤니케이션과,not_a_dictionary_headword,C,,
ko,expert,메트로,not_a_dictionary_headword,C,,
ko,expert,메트로폴리타노에서,not_a_dictionary_headword,C,,
ko,expert,멸,not_a_dictionary_headword,C,,
ko,expert,멸종위기동식물보호법으로,not_a_dictionary_headword,C,,
ko,expert,명명,not_a_dictionary_headword,C,,
ko,expert,명예이학박사학위를,not_a_dictionary_headword,C,,
ko,expert,명의대주교일경우는,not_a_dictionary_headword,C,,
ko,expert,모델이되기도했지만,not_a_dictionary_headword,C,,
ko,expert,모라,inflected_sentence_form,B,,모+라
ko,expert,모라토리움기간에서의,not_a_dictionary_headword,C,,
ko,expert,모라프스케발라슈스코,not_a_dictionary_headword,C,,
ko,expert,모른다고,not_a_dictionary_headword,C,,
ko,expert,모리셔스무덤박쥐는,not_a_dictionary_headword,C,,
ko,expert,모사사우루스과였다,not_a_dictionary_headword,C,,
ko,expert,모순허용논리에서는,not_a_dictionary_headword,C,,
ko,expert,모아서,inflected_sentence_form,B,,모+아서
ko,expert,모호,not_a_dictionary_headword,C,,
ko,expert,목조관음보살좌상에서는,not_a_dictionary_headword,C,,
ko,expert,목조비로자나불좌상,not_a_dictionary_headword,C,,
ko,expert,목조석가여래삼존좌상,not_a_dictionary_headword,C,,
ko,expert,목조석가여래삼존좌상은,not_a_dictionary_headword,C,,
ko,expert,목조아미타삼존불좌상은,not_a_dictionary_headword,C,,
ko,expert,목조지장보살좌상은,not_a_dictionary_headword,C,,
ko,expert,몬타누스주의자들에게,not_a_dictionary_headword,C,,
ko,expert,몰랐다,not_a_dictionary_headword,C,,
ko,expert,무기개발위원회에서,not_a_dictionary_headword,C,,
ko,expert,무산광산연합기업소,not_a_dictionary_headword,C,,
ko,expert,무서워서,not_a_dictionary_headword,C,,
ko,expert,무서워요,inflected_sentence_form,B,,무서워+요
ko,expert,무슬림,not_a_dictionary_headword,C,,
ko,expert,무인운송용항공기도,not_a_dictionary_headword,C,,
ko,expert,무주,not_a_dictionary_headword,C,,
ko,expert,무형문화유산으로써,not_a_dictionary_headword,C,,
ko,expert,문경,not_a_dictionary_headword,C,,
ko,expert,문하시랑동중서문하평장사,not_a_dictionary_headword,C,,
ko,expert,문학부종합심리학과,not_a_dictionary_headword,C,,
ko,expert,문헌정리법으로서의,not_a_dictionary_headword,C,,
ko,expert,문화미디어스포츠부,not_a_dictionary_headword,C,,
ko,expert,문화예술대학원에서,not_a_dictionary_headword,C,,
ko,expert,문화예술체육분야에,not_a_dictionary_headword,C,,
ko,expert,문화예술행정특보위원,not_a_dictionary_headword,C,,
ko,expert,문화체육관광부령으로,not_a_dictionary_headword,C,,
ko,expert,문화체육관광부로부터,particle_attached,B,,문화체육관광부+로부터
ko,expert,문화체육관광부장관의,not_a_dictionary_headword,C,,
ko,expert,문화체육활동부서는,not_a_dictionary_headword,C,,
ko,expert,묻히,fragment,A,,묻히다
ko,expert,물려받,fragment,A,,물려받다
ko,expert,물어볼,not_a_dictionary_headword,C,,
ko,expert,물질주의적이라든가,not_a_dictionary_headword,C,,
ko,expert,뭉구스여우원숭이는,not_a_dictionary_headword,C,,
ko,expert,뭘로,particle_attached,B,,뭘+로
ko,expert,뮤직비디오에서부터,particle_attached,B,,뮤직비디오+에서부터
ko,expert,믄,not_a_dictionary_headword,C,,
ko,expert,미국교육연구협회의,not_a_dictionary_headword,C,,
ko,expert,미국아마추어무선연맹,not_a_dictionary_headword,C,,
ko,expert,미국유태인학살기념관에서,not_a_dictionary_headword,C,,
ko,expert,미국임상영양저널에,not_a_dictionary_headword,C,,
ko,expert,미도리,not_a_dictionary_headword,C,,
ko,expert,미도리노마도구치나,not_a_dictionary_headword,C,,
ko,expert,미도리노마도구치는,not_a_dictionary_headword,C,,
ko,expert,미디어전문프로그램,not_a_dictionary_headword,C,,
ko,expert,미래에셋박현주재단은,not_a_dictionary_headword,C,,
ko,expert,미래창조과학부에서,particle_attached,B,,미래창조과학부+에서
ko,expert,미래창조과학부장관은,not_a_dictionary_headword,C,,
ko,expert,미르,not_a_dictionary_headword,C,,
ko,expert,미묘,not_a_dictionary_headword,C,,
ko,expert,미소공동위원회에서,not_a_dictionary_headword,C,,
ko,expert,미스트,not_a_dictionary_headword,C,,
ko,expert,미쓰,not_a_dictionary_headword,C,,
ko,expert,미암,not_a_dictionary_headword,C,,
ko,expert,미약,not_a_dictionary_headword,C,,
ko,expert,미자,inflected_sentence_form,B,,미+자
ko,expert,미첼,not_a_dictionary_headword,C,,
ko,expert,미츠,not_a_dictionary_headword,C,,
ko,expert,미친다,inflected_sentence_form,B,,미친+다
ko,expert,미카,not_a_dictionary_headword,C,,
ko,expert,미카사노미야에게서,not_a_dictionary_headword,C,,
ko,expert,믹테카키후아틀에게,not_a_dictionary_headword,C,,
ko,expert,민망,not_a_dictionary_headword,C,,
ko,expert,민사소송법조문이다,not_a_dictionary_headword,C,,
ko,expert,민자유치개발사업이,not_a_dictionary_headword,C,,
ko,expert,민족해방민중민주주의혁명론,not_a_dictionary_headword,C,,
ko,expert,민족화해위원회에서는,not_a_dictionary_headword,C,,
ko,expert,민주화운동기념사업회가,not_a_dictionary_headword,C,,
ko,expert,밀도의존성이론이다,not_a_dictionary_headword,C,,
ko,expert,밋,not_a_dictionary_headword,C,,
ko,expert,바꿔야,not_a_dictionary_headword,C,,
ko,expert,바니,inflected_sentence_form,B,,바+니
ko,expert,바바,not_a_dictionary_headword,C,,
ko,expert,바실리에프스키섬의,not_a_dictionary_headword,C,,
ko,expert,바이올리니스트라면,not_a_dictionary_headword,C,,
ko,expert,바이올리니스트로서,particle_attached,B,,바이올리니스트+로서
ko,expert,바이올리니스트로서는,not_a_dictionary_headword,C,,
ko,expert,바이올리니스트와의,particle_attached,B,,바이올리니스트+와의
ko,expert,바쳤,not_a_dictionary_headword,C,,
ko,expert,박길룡건축사무소를,not_a_dictionary_headword,C,,
ko,expert,박원순,not_a_dictionary_headword,C,,
ko,expert,박지원,not_a_dictionary_headword,C,,
ko,expert,반고서원유허비실기,not_a_dictionary_headword,C,,
ko,expert,반기독교주의에서의,not_a_dictionary_headword,C,,
ko,expert,반상변정화강암내에,not_a_dictionary_headword,C,,
ko,expert,반세계아이들이라고,not_a_dictionary_headword,C,,
ko,expert,반전자교환방식이라,not_a_dictionary_headword,C,,
ko,expert,반제반봉건민주주의혁명이라는,not_a_dictionary_headword,C,,
ko,expert,발랄,not_a_dictionary_headword,C,,
ko,expert,발전하기시작하여서,not_a_dictionary_headword,C,,
ko,expert,발표하면서부터이다,not_a_dictionary_headword,C,,
ko,expert,방과후학습지원시설인,not_a_dictionary_headword,C,,
ko,expert,방사선환경영향평가서,not_a_dictionary_headword,C,,
ko,expert,방송개혁시민연대는,not_a_dictionary_headword,C,,
ko,expert,방송광고균형발전위원회,not_a_dictionary_headword,C,,
ko,expert,방송기재메이커와의,not_a_dictionary_headword,C,,
ko,expert,방송심의소위원회에서,not_a_dictionary_headword,C,,
ko,expert,방송영상산업발전부문,not_a_dictionary_headword,C,,
ko,expert,방송통신심의위원들은,not_a_dictionary_headword,C,,
ko,expert,방송통신심의위원회,not_a_dictionary_headword,C,,
ko,expert,방송통신심의위원회가,not_a_dictionary_headword,C,,
ko,expert,방송통신심의위원회로부터,not_a_dictionary_headword,C,,
ko,expert,방재과학기술연구소의,not_a_dictionary_headword,C,,
ko,expert,배구자무용연구소를,not_a_dictionary_headword,C,,
ko,expert,배너,not_a_dictionary_headword,C,,
ko,expert,배드,not_a_dictionary_headword,C,,
ko,expert,배아줄기세포로부터,not_a_dictionary_headword,C,,
ko,expert,배워야,not_a_dictionary_headword,C,,
ko,expert,백두대간사치재터널,not_a_dictionary_headword,C,,
ko,expert,백운계곡국민관광지는,not_a_dictionary_headword,C,,
ko,expert,백인노예수출금지법이,not_a_dictionary_headword,C,,
ko,expert,백지묵서묘법연화경,not_a_dictionary_headword,C,,
ko,expert,밸런스,not_a_dictionary_headword,C,,
ko,expert,밸리주머니고퍼라는,not_a_dictionary_headword,C,,
ko,expert,버니,not_a_dictionary_headword,C,,
ko,expert,버려서,not_a_dictionary_headword,C,,
ko,expert,버림,not_a_dictionary_headword,C,,
ko,expert,버스승차장으로부터,not_a_dictionary_headword,C,,
ko,expert,버클리,not_a_dictionary_headword,C,,
ko,expert,버트,not_a_dictionary_headword,C,,
ko,expert,버프엔터테인먼트에서,not_a_dictionary_headword,C,,
ko,expert,버프엔터테인먼트의,not_a_dictionary_headword,C,,
ko,expert,번가,particle_attached,B,,번+가
ko,expert,범말레이시아이슬람당,not_a_dictionary_headword,C,,
ko,expert,범정부사고대책본부는,not_a_dictionary_headword,C,,
ko,expert,법부조사위원장으로,not_a_dictionary_headword,C,,
ko,expert,법안심사위원회에서는,not_a_dictionary_headword,C,,
ko,expert,법제사법위원장직을,not_a_dictionary_headword,C,,
ko,expert,법학전문대학원장의,not_a_dictionary_headword,C,,
ko,expert,법학전문대학원협의회에,not_a_dictionary_headword,C,,
ko,expert,벗어난,not_a_dictionary_headword,C,,
ko,expert,베가스,not_a_dictionary_headword,C,,
ko,expert,베니,inflected_sentence_form,B,,베+니
ko,expert,베닝로신도복음교회홀이,not_a_dictionary_headword,C,,
ko,expert,베라,inflected_sentence_form,B,,베+라
ko,expert,베르겐아우프뤼겐을,not_a_dictionary_headword,C,,
ko,expert,베르히테스가덴으로,not_a_dictionary_headword,C,,
ko,expert,베스트팔렌콜레그에서,not_a_dictionary_headword,C,,
ko,expert,베어스,not_a_dictionary_headword,C,,
ko,expert,베이징과학기술대학교,not_a_dictionary_headword,C,,
ko,expert,베이커,not_a_dictionary_headword,C,,
ko,expert,베타락탐분해효소를,not_a_dictionary_headword,C,,
ko,expert,베트,not_a_dictionary_headword,C,,
ko,expert,베티,not_a_dictionary_headword,C,,
ko,expert,벤조디아제핀계통과,not_a_dictionary_headword,C,,
ko,expert,벨라,inflected_sentence_form,B,,벨+라
ko,expert,벳,not_a_dictionary_headword,C,,
ko,expert,변리삼구통상대신과,not_a_dictionary_headword,C,,
ko,expert,변리오구통상대신을,not_a_dictionary_headword,C,,
ko,expert,병영문화혁신위원회,not_a_dictionary_headword,C,,
ko,expert,보건복지가족위원회,not_a_dictionary_headword,C,,
ko,expert,보건복지부장관에게,not_a_dictionary_headword,C,,
ko,expert,보건의료정보관리사는,not_a_dictionary_headword,C,,
ko,expert,보건의료제품규제청에서는,not_a_dictionary_headword,C,,
ko,expert,보궐선거시행영장을,not_a_dictionary_headword,C,,
ko,expert,보낸다,inflected_sentence_form,B,,보낸+다
ko,expert,보령,not_a_dictionary_headword,C,,
ko,expert,보로,particle_attached,B,,보+로
ko,expert,보르네오늘보로리스,not_a_dictionary_headword,C,,
ko,expert,보성고등보통학교를,not_a_dictionary_headword,C,,
ko,expert,보세,not_a_dictionary_headword,C,,
ko,expert,보이즈,not_a_dictionary_headword,C,,
ko,expert,보이치에호프스키의,not_a_dictionary_headword,C,,
ko,expert,보임,not_a_dictionary_headword,C,,
ko,expert,보통휘석데이사이트,not_a_dictionary_headword,C,,
ko,expert,보호법,not_a_dictionary_headword,C,,
ko,expert,복수저장탱크로부터,not_a_dictionary_headword,C,,
ko,expert,복자여자고등학교에서,not_a_dictionary_headword,C,,
ko,expert,복합문화체육공간으로,not_a_dictionary_headword,C,,
ko,expert,복합커뮤니티센터를,not_a_dictionary_headword,C,,
ko,expert,볶,fragment,A,,볶다
ko,expert,본격화되면서부터였다,not_a_dictionary_headword,C,,
ko,expert,본다고,not_a_dictionary_headword,C,,
ko,expert,본다는,not_a_dictionary_headword,C,,
ko,expert,본즈,not_a_dictionary_headword,C,,
ko,expert,볼프스부르크에서의,not_a_dictionary_headword,C,,
ko,expert,봤었,not_a_dictionary_headword,C,,
ko,expert,부당이득반환청구권이,not_a_dictionary_headword,C,,
ko,expert,부동산자산관리사는,not_a_dictionary_headword,C,,
ko,expert,부딪히,fragment,A,,부딪히다
ko,expert,부럽,fragment,A,,부럽다
ko,expert,부르주아민주주의의,not_a_dictionary_headword,C,,
ko,expert,부릅,not_a_dictionary_headword,C,,
ko,expert,부리부리자에몽이다,not_a_dictionary_headword,C,,
ko,expert,부산글로벌빌리지와,not_a_dictionary_headword,C,,
ko,expert,부산시민운동지원센터는,not_a_dictionary_headword,C,,
ko,expert,부산외국어대학교에서,not_a_dictionary_headword,C,,
ko,expert,부산청년비엔날레의,not_a_dictionary_headword,C,,
ko,expert,부안,not_a_dictionary_headword,C,,
ko,expert,부에노스아이레스를,not_a_dictionary_headword,C,,
ko,expert,부에노스아이레스에서,not_a_dictionary_headword,C,,
ko,expert,부에노스아이레스와의,not_a_dictionary_headword,C,,
ko,expert,부에노스아이레스의,not_a_dictionary_headword,C,,
ko,expert,부족자문위원회에서는,not_a_dictionary_headword,C,,
ko,expert,부치,fragment,A,,부치다
ko,expert,북구비정규직센터는,not_a_dictionary_headword,C,,
ko,expert,북미사무협조위원회,not_a_dictionary_headword,C,,
ko,expert,북스,not_a_dictionary_headword,C,,
ko,expert,북스칸디나비아반도,not_a_dictionary_headword,C,,
ko,expert,북중카프카스어족에,not_a_dictionary_headword,C,,
ko,expert,북파공작원이었다는,not_a_dictionary_headword,C,,
ko,expert,분적이적군기밀누설,not_a_dictionary_headword,C,,
ko,expert,불과원오선사벽암록,not_a_dictionary_headword,C,,
ko,expert,불러도,particle_attached,B,,불러+도
ko,expert,불러서,not_a_dictionary_headword,C,,
ko,expert,불러야,not_a_dictionary_headword,C,,
ko,expert,불렸,not_a_dictionary_headword,C,,
ko,expert,붉은배여우원숭이는,not_a_dictionary_headword,C,,
ko,expert,브라고베시첸스크로,not_a_dictionary_headword,C,,
ko,expert,브라키오사우루스와,not_a_dictionary_headword,C,,
ko,expert,브래드,not_a_dictionary_headword,C,,
ko,expert,브로드웨이에서조차도,not_a_dictionary_headword,C,,
ko,expert,브루클린,not_a_dictionary_headword,C,,
ko,expert,브리지,not_a_dictionary_headword,C,,
ko,expert,브릿지,not_a_dictionary_headword,C,,
ko,expert,블라디보스토크에서,particle_attached,B,,블라디보스토크+에서
ko,expert,블랙잭,not_a_dictionary_headword,C,,
ko,expert,블러,not_a_dictionary_headword,C,,
ko,expert,비너노이슈타트라는,not_a_dictionary_headword,C,,
ko,expert,비로자나불상으로서,not_a_dictionary_headword,C,,
ko,expert,비로자나삼불회도로서,not_a_dictionary_headword,C,,
ko,expert,비상대책위원장으로,not_a_dictionary_headword,C,,
ko,expert,비야데라산티시마트리니다드,not_a_dictionary_headword,C,,
ko,expert,비욘,not_a_dictionary_headword,C,,
ko,expert,비우,fragment,A,,비우다
ko,expert,비즈,not_a_dictionary_headword,C,,
ko,expert,비지니스,not_a_dictionary_headword,C,,
ko,expert,비해당소상팔경시첩,not_a_dictionary_headword,C,,
ko,expert,비해서,not_a_dictionary_headword,C,,
ko,expert,빈센트,not_a_dictionary_headword,C,,
ko,expert,빈스,not_a_dictionary_headword,C,,
ko,expert,빠져나가,fragment,A,,빠져나가다
ko,expert,빠져서,not_a_dictionary_headword,C,,
ko,expert,빼먹,fragment,A,,빼먹다
ko,expert,뺐,not_a_dictionary_headword,C,,
ko,expert,뻔뻔,not_a_dictionary_headword,C,,
ko,expert,뻔하,fragment,A,,뻔하다
ko,expert,뽀,not_a_dictionary_headword,C,,
ko,expert,뿌,not_a_dictionary_headword,C,,
ko,expert,사다리형만기전략과는,not_a_dictionary_headword,C,,
ko,expert,사라진다,not_a_dictionary_headword,C,,
ko,expert,사르,fragment,A,,사르다
ko,expert,사립일반고등학교나,not_a_dictionary_headword,C,,
ko,expert,사마이트납작꼬리는,not_a_dictionary_headword,C,,
ko,expert,사모,not_a_dictionary_headword,C,,
ko,expert,사무엘,not_a_dictionary_headword,C,,
ko,expert,사세요,inflected_sentence_form,B,,사+세요
ko,expert,사악,not_a_dictionary_headword,C,,
ko,expert,사오토메학원에서의,not_a_dictionary_headword,C,,
ko,expert,사용자들에게까지도,not_a_dictionary_headword,C,,
ko,expert,사우디아라비아에서,particle_attached,B,,사우디아라비아+에서
ko,expert,사우스바이사우스웨스트에,not_a_dictionary_headword,C,,
ko,expert,사우스오스트레일리아,not_a_dictionary_headword,C,,
ko,expert,사우스오스트레일리아주,not_a_dictionary_headword,C,,
ko,expert,사우스이스트잉글랜드,not_a_dictionary_headword,C,,
ko,expert,사우스캐롤라이나에,not_a_dictionary_headword,C,,
ko,expert,사우스캐롤라이나에서는,not_a_dictionary_headword,C,,
ko,expert,사우스캐롤라이나의,not_a_dictionary_headword,C,,
ko,expert,사이버문화위원장을,not_a_dictionary_headword,C,,
ko,expert,사이버스페이스에는,not_a_dictionary_headword,C,,
ko,expert,사이버테러대응센터에,not_a_dictionary_headword,C,,
ko,expert,사이버테러리스트는,not_a_dictionary_headword,C,,
ko,expert,사이언스,not_a_dictionary_headword,C,,
ko,expert,사전지진위험평가에,not_a_dictionary_headword,C,,
ko,expert,사카,not_a_dictionary_headword,C,,
ko,expert,사쿠,not_a_dictionary_headword,C,,
ko,expert,사키,not_a_dictionary_headword,C,,
ko,expert,사태대처전문위원회가,not_a_dictionary_headword,C,,
ko,expert,사회구성주의자들은,not_a_dictionary_headword,C,,
ko,expert,사회구성주의자들이,not_a_dictionary_headword,C,,
ko,expert,사회민주주의자들을,not_a_dictionary_headword,C,,
ko,expert,사회민주주의자들의,not_a_dictionary_headword,C,,
ko,expert,사회민주주의자와의,not_a_dictionary_headword,C,,
ko,expert,사회민주진보동맹과,not_a_dictionary_headword,C,,
ko,expert,사회보장기본법에서는,not_a_dictionary_headword,C,,
ko,expert,사회적참사연대사업을,not_a_dictionary_headword,C,,
ko,expert,사회주의노동자당과,not_a_dictionary_headword,C,,
ko,expert,사히아드리스숲쥐가,not_a_dictionary_headword,C,,
ko,expert,사히아드리스숲쥐는,not_a_dictionary_headword,C,,
ko,expert,삭,fragment,A,,삭다
ko,expert,산다는,not_a_dictionary_headword,C,,
ko,expert,산도나토밀라네세와의,not_a_dictionary_headword,C,,
ko,expert,산둥반도에서초계임무를,not_a_dictionary_headword,C,,
ko,expert,산업통상자원부장관과,not_a_dictionary_headword,C,,
ko,expert,산자비에르전도시설,not_a_dictionary_headword,C,,
ko,expert,산트리미스테리대상,not_a_dictionary_headword,C,,
ko,expert,살구색고회암분층은,not_a_dictionary_headword,C,,
ko,expert,살아나,fragment,A,,살아나다
ko,expert,살아온,not_a_dictionary_headword,C,,
ko,expert,살아왔,not_a_dictionary_headword,C,,
ko,expert,살피,fragment,A,,살피다
ko,expert,삼성문화재단으로부터,not_a_dictionary_headword,C,,
ko,expert,삼성바이오로직스의,not_a_dictionary_headword,C,,
ko,expert,삼성바이오에피스를,not_a_dictionary_headword,C,,
ko,expert,삼십본산연합사무소,not_a_dictionary_headword,C,,
ko,expert,삼전사체십이행법륜,not_a_dictionary_headword,C,,
ko,expert,삼파연합정견협정위원으로,not_a_dictionary_headword,C,,
ko,expert,삼향읍출장사무소가,not_a_dictionary_headword,C,,
ko,expert,상록호텔조리직업전문학교에서,not_a_dictionary_headword,C,,
ko,expert,상소권회복신청서를,not_a_dictionary_headword,C,,
ko,expert,상조서비스회사마다,not_a_dictionary_headword,C,,
ko,expert,상주농잠고등학교와,not_a_dictionary_headword,C,,
ko,expert,상주시민단체협의회,not_a_dictionary_headword,C,,
ko,expert,상쾌,not_a_dictionary_headword,C,,
ko,expert,상트페테르부르크로,particle_attached,B,,상트페테르부르크+로
ko,expert,상트페테르부르크로부터,particle_attached,B,,상트페테르부르크+로부터
ko,expert,상트페테르부르크의,particle_attached,B,,상트페테르부르크+의
ko,expert,상트페테르스부르크의,not_a_dictionary_headword,C,,
ko,expert,상해고려교민친목회,not_a_dictionary_headword,C,,
ko,expert,상해임시정부청사가,not_a_dictionary_headword,C,,
ko,expert,상해촉성회집행위원이,not_a_dictionary_headword,C,,
ko,expert,상호군수지원협정은,not_a_dictionary_headword,C,,
ko,expert,새겨진,not_a_dictionary_headword,C,,
ko,expert,샐리,not_a_dictionary_headword,C,,
ko,expert,생겨나,fragment,A,,생겨나다
ko,expert,생명의말씀선교회는,not_a_dictionary_headword,C,,
ko,expert,생산자조합운동으로부터,not_a_dictionary_headword,C,,
ko,expert,생세베르서앵드르에서,not_a_dictionary_headword,C,,
ko,expert,생활지도부장으로부터,not_a_dictionary_headword,C,,
ko,expert,샨,not_a_dictionary_headword,C,,
ko,expert,섀턱세인트메리스에서,not_a_dictionary_headword,C,,
ko,expert,서부마운틴코아티는,not_a_dictionary_headword,C,,
ko,expert,서산농공업고등학교,not_a_dictionary_headword,C,,
ko,expert,서산부석사제자리봉안위원회,not_a_dictionary_headword,C,,
ko,expert,서울과학기술대학교의,not_a_dictionary_headword,C,,
ko,expert,서울과학종합대학원,not_a_dictionary_headword,C,,
ko,expert,서울과학종합대학원대학교,not_a_dictionary_headword,C,,
ko,expert,서울국제실험영화페스티벌은,not_a_dictionary_headword,C,,
ko,expert,서울독립영화제에서,not_a_dictionary_headword,C,,
ko,expert,서울무역전시장이었다,not_a_dictionary_headword,C,,
ko,expert,서울민간방송이라는,not_a_dictionary_headword,C,,
ko,expert,서울사이버대학교의,not_a_dictionary_headword,C,,
ko,expert,서울서부지방법원에서,not_a_dictionary_headword,C,,
ko,expert,서울소방방재본부장,not_a_dictionary_headword,C,,
ko,expert,서울시교육연수원과,not_a_dictionary_headword,C,,
ko,expert,서울시민문화단체연석회의는,not_a_dictionary_headword,C,,
ko,expert,서울시정개발연구원이,not_a_dictionary_headword,C,,
ko,expert,서울여자의과대학부속병원,not_a_dictionary_headword,C,,
ko,expert,서울외곽순환고속도로나,not_a_dictionary_headword,C,,
ko,expert,서울웹툰아카데미에서,not_a_dictionary_headword,C,,
ko,expert,서울중앙지법원장과,not_a_dictionary_headword,C,,
ko,expert,서울지방행정법원의,not_a_dictionary_headword,C,,
ko,expert,서울팝스오케스트라,not_a_dictionary_headword,C,,
ko,expert,서울형사지방법원에서,not_a_dictionary_headword,C,,
ko,expert,서울형사지법으로부터,not_a_dictionary_headword,C,,
ko,expert,서태평양지역사무처에서,not_a_dictionary_headword,C,,
ko,expert,서태평양지역사무처의,not_a_dictionary_headword,C,,
ko,expert,서해안고속도로에는,not_a_dictionary_headword,C,,
ko,expert,서해위성발사장에서는,not_a_dictionary_headword,C,,
ko,expert,서해지방해양경찰청,not_a_dictionary_headword,C,,
ko,expert,석유식량프로그램과,not_a_dictionary_headword,C,,
ko,expert,선가,particle_attached,B,,선+가
ko,expert,선거숙정중앙연맹을,not_a_dictionary_headword,C,,
ko,expert,선거전략기획본부장으로,not_a_dictionary_headword,C,,
ko,expert,선데이,not_a_dictionary_headword,C,,
ko,expert,선상부재자신고서를,not_a_dictionary_headword,C,,
ko,expert,선천공립보통학교가,not_a_dictionary_headword,C,,
ko,expert,선형,not_a_dictionary_headword,C,,
ko,expert,선호투표제하에서의,not_a_dictionary_headword,C,,
ko,expert,선화에술중고등학교,not_a_dictionary_headword,C,,
ko,expert,설리,not_a_dictionary_headword,C,,
ko,expert,성급,not_a_dictionary_headword,C,,
ko,expert,성동,not_a_dictionary_headword,C,,
ko,expert,성폭력특별위원회를,not_a_dictionary_headword,C,,
ko,expert,세계가치조사협회에,not_a_dictionary_headword,C,,
ko,expert,세계문화페스티벌은,not_a_dictionary_headword,C,,
ko,expert,세계미술평론가협회,not_a_dictionary_headword,C,,
ko,expert,세계아마바둑선수권대회에,not_a_dictionary_headword,C,,
ko,expert,세계어린이만화가대회,not_a_dictionary_headword,C,,
ko,expert,세계유산위원회에서,not_a_dictionary_headword,C,,
ko,expert,세계인민평화대회에,not_a_dictionary_headword,C,,
ko,expert,세계청년화가대회에,not_a_dictionary_headword,C,,
ko,expert,세계청소년바둑대회,not_a_dictionary_headword,C,,
ko,expert,세계한국어방송인대회에서,not_a_dictionary_headword,C,,
ko,expert,세리,not_a_dictionary_headword,C,,
ko,expert,세립흑운모화강암이,not_a_dictionary_headword,C,,
ko,expert,세스,not_a_dictionary_headword,C,,
ko,expert,세워진,not_a_dictionary_headword,C,,
ko,expert,세이버,not_a_dictionary_headword,C,,
ko,expert,세인트루이스캠퍼스,not_a_dictionary_headword,C,,
ko,expert,세인트오거스틴에서,not_a_dictionary_headword,C,,
ko,expert,세인트피터즈버그로,not_a_dictionary_headword,C,,
ko,expert,세일러,not_a_dictionary_headword,C,,
ko,expert,세종북경투자자문유한회사를,not_a_dictionary_headword,C,,
ko,expert,세종특별자치시장이,not_a_dictionary_headword,C,,
ko,expert,세줄무늬올빼미원숭이는,not_a_dictionary_headword,C,,
ko,expert,세케슈페헤르바르에,not_a_dictionary_headword,C,,
ko,expert,세포유전자치료제이다,not_a_dictionary_headword,C,,
ko,expert,세포응용연구사업단이,not_a_dictionary_headword,C,,
ko,expert,섹션,not_a_dictionary_headword,C,,
ko,expert,센타우루스자리에서,not_a_dictionary_headword,C,,
ko,expert,셀카,not_a_dictionary_headword,C,,
ko,expert,셀프프로듀서앨범으로,not_a_dictionary_headword,C,,
ko,expert,셉,not_a_dictionary_headword,C,,
ko,expert,셔틀,not_a_dictionary_headword,C,,
ko,expert,셰익스피어,not_a_dictionary_headword,C,,
ko,expert,소극,not_a_dictionary_headword,C,,
ko,expert,소나,particle_attached,B,,소+나
ko,expert,소릴,not_a_dictionary_headword,C,,
ko,expert,소마,not_a_dictionary_headword,C,,
ko,expert,소방발전협의회장을,not_a_dictionary_headword,C,,
ko,expert,소방용고무내장호스,not_a_dictionary_headword,C,,
ko,expert,소비에트인민연방공화국이,not_a_dictionary_headword,C,,
ko,expert,소셜네트워킹서비스,not_a_dictionary_headword,C,,
ko,expert,소심,not_a_dictionary_headword,C,,
ko,expert,소유권이전등기청구권보전의,not_a_dictionary_headword,C,,
ko,expert,소프트뱅크벤처스아시아,not_a_dictionary_headword,C,,
ko,expert,소프트웨어정책연구소,not_a_dictionary_headword,C,,
ko,expert,소프트웨어중심사업단,not_a_dictionary_headword,C,,
ko,expert,손오공,not_a_dictionary_headword,C,,
ko,expert,송도고등보통학교가,not_a_dictionary_headword,C,,
ko,expert,숏,not_a_dictionary_headword,C,,
ko,expert,수도의과대학부속병원,not_a_dictionary_headword,C,,
ko,expert,수력발전소로부터의,not_a_dictionary_headword,C,,
ko,expert,수석경제학자직에서,not_a_dictionary_headword,C,,
ko,expert,수석비서관회의에서,not_a_dictionary_headword,C,,
ko,expert,수원시설관리공단에,not_a_dictionary_headword,C,,
ko,expert,수잔,not_a_dictionary_headword,C,,
ko,expert,수출산업공업단지와,not_a_dictionary_headword,C,,
ko,expert,수퍼,not_a_dictionary_headword,C,,
ko,expert,숙이,fragment,A,,숙이다
ko,expert,순위프로그램이었던,not_a_dictionary_headword,C,,
ko,expert,순천만국제정원박람회,not_a_dictionary_headword,C,,
ko,expert,쉐마목회자클리닉을,not_a_dictionary_headword,C,,
ko,expert,쉘,not_a_dictionary_headword,C,,
ko,expert,쉴드,not_a_dictionary_headword,C,,
ko,expert,슈라바나벨라골라에서,not_a_dictionary_headword,C,,
ko,expert,슈퍼스타,not_a_dictionary_headword,C,,
ko,expert,슈퍼주니어,not_a_dictionary_headword,C,,
ko,expert,슈페리어갤러리에서,not_a_dictionary_headword,C,,
ko,expert,슈프락헨아틀리에의,not_a_dictionary_headword,C,,
ko,expert,슐레스비히홀슈타인,not_a_dictionary_headword,C,,
ko,expert,슐레스비히홀슈타인주,not_a_dictionary_headword,C,,
ko,expert,스가,not_a_dictionary_headword,C,,
ko,expert,스러우,not_a_dictionary_headword,C,,
ko,expert,스로,not_a_dictionary_headword,C,,
ko,expert,스루,not_a_dictionary_headword,C,,
ko,expert,스릴러,not_a_dictionary_headword,C,,
ko,expert,스미,fragment,A,,스미다
ko,expert,스윕스테익스로부터,not_a_dictionary_headword,C,,
ko,expert,스클레로모클루스와,not_a_dictionary_headword,C,,
ko,expert,스클레로모클루스의,not_a_dictionary_headword,C,,
ko,expert,스타워즈,not_a_dictionary_headword,C,,
ko,expert,스타크래프트에서는,not_a_dictionary_headword,C,,
ko,expert,스타트,not_a_dictionary_headword,C,,
ko,expert,스탠,not_a_dictionary_headword,C,,
ko,expert,스탭,not_a_dictionary_headword,C,,
ko,expert,스테레오스폰딜에서부터,not_a_dictionary_headword,C,,
ko,expert,스테이,not_a_dictionary_headword,C,,
ko,expert,스테이트,not_a_dictionary_headword,C,,
ko,expert,스테판,not_a_dictionary_headword,C,,
ko,expert,스텐,not_a_dictionary_headword,C,,
ko,expert,스텔스순항공대지미사일인,not_a_dictionary_headword,C,,
ko,expert,스톰,not_a_dictionary_headword,C,,
ko,expert,스튜어트,not_a_dictionary_headword,C,,
ko,expert,스트라디바리우스의,not_a_dictionary_headword,C,,
ko,expert,스트라스부르그에는,not_a_dictionary_headword,C,,
ko,expert,스트라이크아웃에서,not_a_dictionary_headword,C,,
ko,expert,스트로마톨라이트가,not_a_dictionary_headword,C,,
ko,expert,스트로마톨라이트의,not_a_dictionary_headword,C,,
ko,expert,스트림,not_a_dictionary_headword,C,,
ko,expert,스파이더맨,not_a_dictionary_headword,C,,
ko,expert,스팍,not_a_dictionary_headword,C,,
ko,expert,스팟,not_a_dictionary_headword,C,,
ko,expert,스펜서,not_a_dictionary_headword,C,,
ko,expert,슬퍼하,fragment,A,,슬퍼하다
ko,expert,시그,not_a_dictionary_headword,C,,
ko,expert,시네마,not_a_dictionary_headword,C,,
ko,expert,시노,not_a_dictionary_headword,C,,
ko,expert,시니어,not_a_dictionary_headword,C,,
ko,expert,시당,not_a_dictionary_headword,C,,
ko,expert,시리,fragment,A,,시리다
ko,expert,시온,not_a_dictionary_headword,C,,
ko,expert,시크,not_a_dictionary_headword,C,,
ko,expert,시흥시,not_a_dictionary_headword,C,,
ko,expert,신대,not_a_dictionary_headword,C,,
ko,expert,신아,not_a_dictionary_headword,C,,
ko,expert,심근,not_a_dictionary_headword,C,,
ko,expert,심했,not_a_dictionary_headword,C,,
ko,expert,싱어,not_a_dictionary_headword,C,,
ko,expert,싱크,not_a_dictionary_headword,C,,
ko,expert,쌓이,fragment,A,,쌓이다
ko,expert,써니,inflected_sentence_form,B,,써+니
ko,expert,써먹,fragment,A,,써먹다
ko,expert,쎄,not_a_dictionary_headword,C,,
ko,expert,쓰러져,not_a_dictionary_headword,C,,
ko,expert,쓰였,not_a_dictionary_headword,C,,
ko,expert,쓸모없,fragment,A,,쓸모없다
ko,expert,쓸쓸,not_a_dictionary_headword,C,,
ko,expert,씽,not_a_dictionary_headword,C,,
ko,expert,아녜요,not_a_dictionary_headword,C,,
ko,expert,아닌데요,not_a_dictionary_headword,C,,
ko,expert,아메,not_a_dictionary_headword,C,,
ko,expert,아바타,not_a_dictionary_headword,C,,
ko,expert,아브라함,not_a_dictionary_headword,C,,
ko,expert,아사히,not_a_dictionary_headword,C,,
ko,expert,아실,not_a_dictionary_headword,C,,
ko,expert,아이비,not_a_dictionary_headword,C,,
ko,expert,아이언,not_a_dictionary_headword,C,,
ko,expert,아이오,not_a_dictionary_headword,C,,
ko,expert,아이유,not_a_dictionary_headword,C,,
ko,expert,아이작,not_a_dictionary_headword,C,,
ko,expert,아이즈,not_a_dictionary_headword,C,,
ko,expert,아이패드,not_a_dictionary_headword,C,,
ko,expert,아츠,not_a_dictionary_headword,C,,
ko,expert,아카,not_a_dictionary_headword,C,,
ko,expert,아쿠아,not_a_dictionary_headword,C,,
ko,expert,안성,not_a_dictionary_headword,C,,
ko,expert,안토니오,not_a_dictionary_headword,C,,
ko,expert,알맞,fragment,A,,알맞다
ko,expert,알아내,fragment,A,,알아내다
ko,expert,알콜,not_a_dictionary_headword,C,,
ko,expert,애니메이션판에서는,not_a_dictionary_headword,C,,
ko,expert,애프터,not_a_dictionary_headword,C,,
ko,expert,액티브,not_a_dictionary_headword,C,,
ko,expert,앤더슨,not_a_dictionary_headword,C,,
ko,expert,앤드류,not_a_dictionary_headword,C,,
ko,expert,야동,not_a_dictionary_headword,C,yes,
ko,expert,양양,not_a_dictionary_headword,C,,
ko,expert,어가,particle_attached,B,,어+가
ko,expert,어기,fragment,A,,어기다
ko,expert,어딘지,not_a_dictionary_headword,C,,
ko,expert,어려서,not_a_dictionary_headword,C,,
ko,expert,어려웠,not_a_dictionary_headword,C,,
ko,expert,어로,particle_attached,B,,어+로
ko,expert,어우,not_a_dictionary_headword,C,,
ko,expert,어택,not_a_dictionary_headword,C,,
ko,expert,얼리,fragment,A,,얼리다
ko,expert,에드,not_a_dictionary_headword,C,,
ko,expert,에리,not_a_dictionary_headword,C,,
ko,expert,에리카,not_a_dictionary_headword,C,,
ko,expert,에이전트,not_a_dictionary_headword,C,,
ko,expert,에이프릴,not_a_dictionary_headword,C,,
ko,expert,에코,not_a_dictionary_headword,C,,
ko,expert,엔드,not_a_dictionary_headword,C,,
ko,expert,엘레,not_a_dictionary_headword,C,,
ko,expert,엘리스,not_a_dictionary_headword,C,,
ko,expert,엘리엇,not_a_dictionary_headword,C,,
ko,expert,엠마,not_a_dictionary_headword,C,,
ko,expert,엠파이어,not_a_dictionary_headword,C,,
ko,expert,엣,not_a_dictionary_headword,C,,
ko,expert,엣지,not_a_dictionary_headword,C,,
ko,expert,여겼,not_a_dictionary_headword,C,,
ko,expert,연립방정식으로부터,not_a_dictionary_headword,C,,
ko,expert,연약,not_a_dictionary_headword,C,,
ko,expert,연화,not_a_dictionary_headword,C,,
ko,expert,열린다,inflected_sentence_form,B,,열린+다
ko,expert,염병,,,yes,
ko,expert,영유,not_a_dictionary_headword,C,,
ko,expert,영천,not_a_dictionary_headword,C,,
ko,expert,예기,inflected_sentence_form,B,,예+기
ko,expert,예리,not_a_dictionary_headword,C,,
ko,expert,예뻐요,inflected_sentence_form,B,,예뻐+요
ko,expert,예지,inflected_sentence_form,B,,예+지
ko,expert,옌,not_a_dictionary_headword,C,,
ko,expert,오구,not_a_dictionary_headword,C,,
ko,expert,오너,not_a_dictionary_headword,C,,
ko,expert,오른다,inflected_sentence_form,B,,오른+다
ko,expert,오마이,not_a_dictionary_headword,C,,
ko,expert,오바,not_a_dictionary_headword,C,,
ko,expert,오스,not_a_dictionary_headword,C,,
ko,expert,오스트랄로피테쿠스로,particle_attached,B,,오스트랄로피테쿠스+로
ko,expert,오스트레일리아까치는,not_a_dictionary_headword,C,,
ko,expert,오스트레일리아에서,particle_attached,B,,오스트레일리아+에서
ko,expert,오스트레일리아에서는,particle_attached,B,,오스트레일리아+에서는
ko,expert,오스트로네시아어족,not_a_dictionary_headword,C,,
ko,expert,오스트로네시아어족에,not_a_dictionary_headword,C,,
ko,expert,오오,not_a_dictionary_headword,C,,
ko,expert,오케스트레이션에서,not_a_dictionary_headword,C,,
ko,expert,오키,not_a_dictionary_headword,C,,
ko,expert,옥천,not_a_dictionary_headword,C,,
ko,expert,온다고,not_a_dictionary_headword,C,,
ko,expert,온전,not_a_dictionary_headword,C,,
ko,expert,올게,inflected_sentence_form,B,,올+게
ko,expert,올까,inflected_sentence_form,B,,올+까
ko,expert,올린다,inflected_sentence_form,B,,올린+다
ko,expert,옵티머스,not_a_dictionary_headword,C,,
ko,expert,와도,particle_attached,B,,와+도
ko,expert,와이드,not_a_dictionary_headword,C,,
ko,expert,왔었,not_a_dictionary_headword,C,,
ko,expert,왔으며,not_a_dictionary_headword,C,,
ko,expert,왜지,inflected_sentence_form,B,,왜+지
ko,expert,외전,not_a_dictionary_headword,C,,
ko,expert,외쳤,not_a_dictionary_headword,C,,
ko,expert,요셉,not_a_dictionary_headword,C,,
ko,expert,우습,fragment,A,,우습다
ko,expert,울진,not_a_dictionary_headword,C,,
ko,expert,울트라,not_a_dictionary_headword,C,,
ko,expert,워라,inflected_sentence_form,B,,워+라
ko,expert,웍스,not_a_dictionary_headword,C,,
ko,expert,원대,not_a_dictionary_headword,C,,
ko,expert,원더,not_a_dictionary_headword,C,,
ko,expert,원자력안전위원회와,not_a_dictionary_headword,C,,
ko,expert,원한다,inflected_sentence_form,B,,원+한다
ko,expert,웨스턴,not_a_dictionary_headword,C,,
ko,expert,웬디,not_a_dictionary_headword,C,,
ko,expert,웬만,particle_attached,B,,웬+만
ko,expert,위드,not_a_dictionary_headword,C,,
ko,expert,위크,not_a_dictionary_headword,C,,
ko,expert,위태,not_a_dictionary_headword,C,,
ko,expert,윈도,not_a_dictionary_headword,C,,
ko,expert,유고슬라비아에서는,particle_attached,B,,유고슬라비아+에서는
ko,expert,유니크,not_a_dictionary_headword,C,,
ko,expert,유스,not_a_dictionary_headword,C,,
ko,expert,유어,not_a_dictionary_headword,C,,
ko,expert,유우,not_a_dictionary_headword,C,,
ko,expert,유재석,not_a_dictionary_headword,C,,
ko,expert,으라는,particle_attached,B,,으+라는
ko,expert,으셨어요,not_a_dictionary_headword,C,,
ko,expert,의학전문대학원으로,not_a_dictionary_headword,C,,
ko,expert,이뤄졌,not_a_dictionary_headword,C,,
ko,expert,이뤄진,not_a_dictionary_headword,C,,
ko,expert,이산화,not_a_dictionary_headword,C,,
ko,expert,이소,not_a_dictionary_headword,C,,
ko,expert,이어진,not_a_dictionary_headword,C,,
ko,expert,이어진다,not_a_dictionary_headword,C,,
ko,expert,이재명,not_a_dictionary_headword,C,,
ko,expert,이재용,not_a_dictionary_headword,C,,
ko,expert,이카,not_a_dictionary_headword,C,,
ko,expert,이토,not_a_dictionary_headword,C,,
ko,expert,이프,not_a_dictionary_headword,C,,
ko,expert,이화,not_a_dictionary_headword,C,,
ko,expert,인테르나치오날레는,not_a_dictionary_headword,C,,
ko,expert,인테르나치오날레의,not_a_dictionary_headword,C,,
ko,expert,인해서,not_a_dictionary_headword,C,,
ko,expert,일어난다,inflected_sentence_form,B,,일어난+다
ko,expert,일요,inflected_sentence_form,B,,일+요
ko,expert,일컫,fragment,A,,일컫다
ko,expert,임하,fragment,A,,임하다
ko,expert,자분,not_a_dictionary_headword,C,,
ko,expert,자위,,,yes,
ko,expert,자유지상주의자들은,not_a_dictionary_headword,C,,
ko,expert,자처,not_a_dictionary_headword,C,,
ko,expert,작화,not_a_dictionary_headword,C,,
ko,expert,재우,fragment,A,,재우다
ko,expert,재판장,not_a_dictionary_headword,C,,
ko,expert,저스틴,not_a_dictionary_headword,C,,
ko,expert,저질렀,not_a_dictionary_headword,C,,
ko,expert,전주시,not_a_dictionary_headword,C,,
ko,expert,절박,not_a_dictionary_headword,C,,
ko,expert,정신없,fragment,A,,정신없다
ko,expert,정해져,not_a_dictionary_headword,C,,
ko,expert,제스,not_a_dictionary_headword,C,,
ko,expert,제이크,not_a_dictionary_headword,C,,
ko,expert,제치,fragment,A,,제치다
ko,expert,제프리,not_a_dictionary_headword,C,,
ko,expert,젬,not_a_dictionary_headword,C,,
ko,expert,젯,not_a_dictionary_headword,C,,
ko,expert,졌으며,not_a_dictionary_headword,C,,
ko,expert,조나단,not_a_dictionary_headword,C,,
ko,expert,조던,inflected_sentence_form,B,,조+던
ko,expert,조선민주주의인민공화국과,particle_attached,B,,조선민주주의인민공화국+과
ko,expert,조선민주주의인민공화국과의,particle_attached,B,,조선민주주의인민공화국+과의
ko,expert,조선민주주의인민공화국에,particle_attached,B,,조선민주주의인민공화국+에
ko,expert,조선민주주의인민공화국에서는,particle_attached,B,,조선민주주의인민공화국+에서는
ko,expert,조선민주주의인민공화국은,particle_attached,B,,조선민주주의인민공화국+은
ko,expert,조선민주주의인민공화국을,particle_attached,B,,조선민주주의인민공화국+을
ko,expert,조선민주주의인민공화국의,particle_attached,B,,조선민주주의인민공화국+의
ko,expert,조선민주주의인민공화국이,particle_attached,B,,조선민주주의인민공화국+이
ko,expert,조선예수교장로회사기,not_a_dictionary_headword,C,,
ko,expert,조엘,not_a_dictionary_headword,C,,
ko,expert,조형,not_a_dictionary_headword,C,,
ko,expert,좆같,fragment,A,,좆같다
ko,expert,주립,not_a_dictionary_headword,C,,
ko,expert,주무세요,inflected_sentence_form,B,,주무+세요
ko,expert,죽인다,inflected_sentence_form,B,,죽인+다
ko,expert,준다면,not_a_dictionary_headword,C,,
ko,expert,줄리아,not_a_dictionary_headword,C,,
ko,expert,줄지,inflected_sentence_form,B,,줄+지
ko,expert,중산,not_a_dictionary_headword,C,,
ko,expert,중앙선거관리위원회는,particle_attached,B,,중앙선거관리위원회+는
ko,expert,중앙선거관리위원회의,particle_attached,B,,중앙선거관리위원회+의
ko,expert,줘도,particle_attached,B,,줘+도
ko,expert,줘야지,not_a_dictionary_headword,C,,
ko,expert,쥴,not_a_dictionary_headword,C,,
ko,expert,즐겼,not_a_dictionary_headword,C,,
ko,expert,지검,not_a_dictionary_headword,C,,
ko,expert,지겹,fragment,A,,지겹다
ko,expert,지기,inflected_sentence_form,B,,지+기
ko,expert,지나친,not_a_dictionary_headword,C,,
ko,expert,지독,not_a_dictionary_headword,C,,
ko,expert,지마,not_a_dictionary_headword,C,,
ko,expert,지법,not_a_dictionary_headword,C,,
ko,expert,지켜봐,not_a_dictionary_headword,C,,
ko,expert,진천,not_a_dictionary_headword,C,,
ko,expert,진하,fragment,A,,진하다
ko,expert,질까,inflected_sentence_form,B,,질+까
ko,expert,질렀,not_a_dictionary_headword,C,,
ko,expert,질리,fragment,A,,질리다
ko,expert,짖,fragment,A,,짖다
ko,expert,쩌,not_a_dictionary_headword,C,,
ko,expert,찌질,not_a_dictionary_headword,C,,
ko,expert,찡,not_a_dictionary_headword,C,,
ko,expert,차갑,fragment,A,,차갑다
ko,expert,찬란,not_a_dictionary_headword,C,,
ko,expert,챔피언십,not_a_dictionary_headword,C,,
ko,expert,챙겼,not_a_dictionary_headword,C,,
ko,expert,청주시,not_a_dictionary_headword,C,,
ko,expert,체인지,inflected_sentence_form,B,,체인+지
ko,expert,체하,fragment,A,,체하다
ko,expert,쳐도,particle_attached,B,,쳐+도
ko,expert,초이스,not_a_dictionary_headword,C,,
ko,expert,초코,not_a_dictionary_headword,C,,
ko,expert,촉촉,not_a_dictionary_headword,C,,
ko,expert,취해서,not_a_dictionary_headword,C,,
ko,expert,친근,not_a_dictionary_headword,C,,
ko,expert,카렌,not_a_dictionary_headword,C,,
ko,expert,카마,not_a_dictionary_headword,C,,
ko,expert,카스모사우루스아과,not_a_dictionary_headword,C,,
ko,expert,카인,not_a_dictionary_headword,C,,
ko,expert,카일,not_a_dictionary_headword,C,,
ko,expert,캐리어,not_a_dictionary_headword,C,,
ko,expert,커리어,not_a_dictionary_headword,C,,
ko,expert,커스,not_a_dictionary_headword,C,,
ko,expert,커스텀,not_a_dictionary_headword,C,,
ko,expert,커졌,not_a_dictionary_headword,C,,
ko,expert,커플링,not_a_dictionary_headword,C,,
ko,expert,컨벤션,not_a_dictionary_headword,C,,
ko,expert,컵받침,not_a_dictionary_headword,C,,
ko,expert,케이지,not_a_dictionary_headword,C,,
ko,expert,케인,not_a_dictionary_headword,C,,
ko,expert,코마,not_a_dictionary_headword,C,,
ko,expert,코프,not_a_dictionary_headword,C,,
ko,expert,콘솔,not_a_dictionary_headword,C,,
ko,expert,콘스탄티노폴리스로,not_a_dictionary_headword,C,,
ko,expert,콘스탄티노폴리스를,not_a_dictionary_headword,C,,
ko,expert,콘스탄티노폴리스에,not_a_dictionary_headword,C,,
ko,expert,콜라보레이션,not_a_dictionary_headword,C,,
ko,expert,콜린,not_a_dictionary_headword,C,,
ko,expert,콥,not_a_dictionary_headword,C,,
ko,expert,콰,not_a_dictionary_headword,C,,
ko,expert,쿠니,not_a_dictionary_headword,C,,
ko,expert,쿠로,not_a_dictionary_headword,C,,
ko,expert,퀴어,not_a_dictionary_headword,C,,
ko,expert,퀵,not_a_dictionary_headword,C,,
ko,expert,크리스토퍼,not_a_dictionary_headword,C,,
ko,expert,크리스티나,not_a_dictionary_headword,C,,
ko,expert,클레이,not_a_dictionary_headword,C,,
ko,expert,클린턴,not_a_dictionary_headword,C,,
ko,expert,키드,not_a_dictionary_headword,C,,
ko,expert,키웠,not_a_dictionary_headword,C,,
ko,expert,킹스,not_a_dictionary_headword,C,,
ko,expert,타고난,not_a_dictionary_headword,C,,
ko,expert,타수,not_a_dictionary_headword,C,,
ko,expert,타임즈,not_a_dictionary_headword,C,,
ko,expert,타카,not_a_dictionary_headword,C,,
ko,expert,탱,not_a_dictionary_headword,C,,
ko,expert,터너,not_a_dictionary_headword,C,,
ko,expert,터리,not_a_dictionary_headword,C,,
ko,expert,터스,not_a_dictionary_headword,C,,
ko,expert,털어놓,fragment,A,,털어놓다
ko,expert,테드,not_a_dictionary_headword,C,,
ko,expert,테스,not_a_dictionary_headword,C,,
ko,expert,토드,not_a_dictionary_headword,C,,
ko,expert,토모,not_a_dictionary_headword,C,,
ko,expert,토이,particle_attached,B,,토+이
ko,expert,토키,not_a_dictionary_headword,C,,
ko,expert,토트넘,not_a_dictionary_headword,C,,
ko,expert,통신부,not_a_dictionary_headword,C,,
ko,expert,투게더,not_a_dictionary_headword,C,,
ko,expert,투성이,not_a_dictionary_headword,C,,
ko,expert,투스,not_a_dictionary_headword,C,,
ko,expert,트라,inflected_sentence_form,B,,트+라
ko,expert,트라이,not_a_dictionary_headword,C,,
ko,expert,트론,not_a_dictionary_headword,C,,
ko,expert,트루,not_a_dictionary_headword,C,,
ko,expert,트립,not_a_dictionary_headword,C,,
ko,expert,트윗,not_a_dictionary_headword,C,,
ko,expert,파우,not_a_dictionary_headword,C,,
ko,expert,파이브,not_a_dictionary_headword,C,,
ko,expert,파파,not_a_dictionary_headword,C,,
ko,expert,팔렸,not_a_dictionary_headword,C,,
ko,expert,팬더,not_a_dictionary_headword,C,,
ko,expert,팬텀,not_a_dictionary_headword,C,,
ko,expert,팸,not_a_dictionary_headword,C,,
ko,expert,퍼블릭,not_a_dictionary_headword,C,,
ko,expert,퍼시픽,not_a_dictionary_headword,C,,
ko,expert,펀딩,not_a_dictionary_headword,C,,
ko,expert,페,not_a_dictionary_headword,C,,
ko,expert,페니,not_a_dictionary_headword,C,,
ko,expert,페스,not_a_dictionary_headword,C,,
ko,expert,페이퍼,not_a_dictionary_headword,C,,
ko,expert,펙,not_a_dictionary_headword,C,,
ko,expert,평평,not_a_dictionary_headword,C,,
ko,expert,폭넓,fragment,A,,폭넓다
ko,expert,폴리스,not_a_dictionary_headword,C,,
ko,expert,푸르,fragment,A,,푸르다
ko,expert,풀렸,not_a_dictionary_headword,C,,
ko,expert,프랜차이즈,not_a_dictionary_headword,C,,
ko,expert,프랭클린,not_a_dictionary_headword,C,,
ko,expert,프레드,not_a_dictionary_headword,C,,
ko,expert,프레임워크,not_a_dictionary_headword,C,,
ko,expert,프론트,not_a_dictionary_headword,C,,
ko,expert,프리스케이팅에서는,not_a_dictionary_headword,C,,
ko,expert,프시타코사우루스의,not_a_dictionary_headword,C,,
ko,expert,플라자,not_a_dictionary_headword,C,,
ko,expert,플레이스,not_a_dictionary_headword,C,,
ko,expert,플리,not_a_dictionary_headword,C,,
ko,expert,피셔,not_a_dictionary_headword,C,,
ko,expert,피플,not_a_dictionary_headword,C,,
ko,expert,하군,inflected_sentence_form,B,,하+군
ko,expert,하남,not_a_dictionary_headword,C,,
ko,expert,하네,inflected_sentence_form,B,,하+네
ko,expert,하리,not_a_dictionary_headword,C,,
ko,expert,하비,not_a_dictionary_headword,C,,
ko,expert,하얗,fragment,A,,하얗다
ko,expert,하이퍼,not_a_dictionary_headword,C,,
ko,expert,하찮,fragment,A,,하찮다
ko,expert,하치,not_a_dictionary_headword,C,,
ko,expert,한국기독교교회협의회,not_a_dictionary_headword,C,,
ko,expert,한다구,not_a_dictionary_headword,C,,
ko,expert,한다니,not_a_dictionary_headword,C,,
ko,expert,한다며,not_a_dictionary_headword,C,,
ko,expert,한단,not_a_dictionary_headword,C,,
ko,expert,한답니다,not_a_dictionary_headword,C,,
ko,expert,할까봐,not_a_dictionary_headword,C,,
ko,expert,핥,fragment,A,,핥다
ko,expert,합니다만,not_a_dictionary_headword,C,,
ko,expert,해남,not_a_dictionary_headword,C,,
ko,expert,해내,fragment,A,,해내다
ko,expert,해낼,not_a_dictionary_headword,C,,
ko,expert,해본다,inflected_sentence_form,B,,해본+다
ko,expert,해시,not_a_dictionary_headword,C,,
ko,expert,해야죠,not_a_dictionary_headword,C,,
ko,expert,해져서,not_a_dictionary_headword,C,,
ko,expert,향했,not_a_dictionary_headword,C,,
ko,expert,허드슨,not_a_dictionary_headword,C,,
ko,expert,헌터,not_a_dictionary_headword,C,,
ko,expert,헤럴드,not_a_dictionary_headword,C,,
ko,expert,헥,not_a_dictionary_headword,C,,
ko,expert,헬렌,not_a_dictionary_headword,C,,
ko,expert,혈,not_a_dictionary_headword,C,,
ko,expert,호러,not_a_dictionary_headword,C,,
ko,expert,호에,particle_attached,B,,호+에
ko,expert,홀더,not_a_dictionary_headword,C,,
ko,expert,홈즈,not_a_dictionary_headword,C,,
ko,expert,화사,not_a_dictionary_headword,C,,
ko,expert,화이팅,not_a_dictionary_headword,C,,
ko,expert,확고,inflected_sentence_form,B,,확+고
ko,expert,황자,inflected_sentence_form,B,,황+자
ko,expert,획득기술군수차관은,not_a_dictionary_headword,C,,
ko,expert,후지,fragment,A,,후지다
ko,expert,훔치,fragment,A,,훔치다
ko,expert,휘두르,fragment,A,,휘두르다
ko,expert,흐리,fragment,A,,흐리다
ko,expert,흘렸,not_a_dictionary_headword,C,,
ko,expert,흩어져,not_a_dictionary_headword,C,,
ko,expert,희미,not_a_dictionary_headword,C,,
ja,easy,い,single_kana,B,,
ja,easy,いたし,not_in_reference_dictionary,C,,
ja,easy,う,single_kana,B,,
ja,easy,え,single_kana,B,,
ja,easy,お,single_kana,B,,
ja,easy,おっぱい,,,yes,
ja,easy,か,single_kana,B,,
ja,easy,かっ,fragment,A,,
ja,easy,が,single_kana,B,,
ja,easy,き,single_kana,B,,
ja,easy,く,single_kana,B,,
ja,easy,け,single_kana,B,,
ja,easy,こ,single_kana,B,,
ja,easy,ご,single_kana,B,,
ja,easy,さ,single_kana,B,,
ja,easy,し,single_kana,B,,
ja,easy,じ,single_kana,B,,
ja,easy,す,single_kana,B,,
ja,easy,ず,single_kana,B,,
ja,easy,せ,single_kana,B,,
ja,easy,そ,single_kana,B,,
ja,easy,ぞ,single_kana,B,,
ja,easy,た,single_kana,B,,
ja,easy,だ,single_kana,B,,
ja,easy,ち,single_kana,B,,
ja,easy,っと,not_in_reference_dictionary,C,,
ja,easy,つ,single_kana,B,,
ja,easy,て,single_kana,B,,
ja,easy,ど,single_kana,B,,
ja,easy,な,single_kana,B,,
ja,easy,に,single_kana,B,,
ja,easy,ね,single_kana,B,,
ja,easy,の,single_kana,B,,
ja,easy,は,single_kana,B,,
ja,easy,ば,single_kana,B,,
ja,easy,ひ,single_kana,B,,
ja,easy,ふ,single_kana,B,,
ja,easy,へ,single_kana,B,,
ja,easy,み,single_kana,B,,
ja,easy,め,single_kana,B,,
ja,easy,も,single_kana,B,,
ja,easy,や,single_kana,B,,
ja,easy,よ,single_kana,B,,
ja,easy,る,single_kana,B,,
ja,easy,ろ,single_kana,B,,
ja,easy,わ,single_kana,B,,
ja,easy,を,single_kana,B,,
ja,medium,あげよ,not_in_reference_dictionary,C,,
ja,medium,おいし,not_in_reference_dictionary,C,,
ja,medium,かなっ,fragment,A,,
ja,medium,くださっ,fragment,A,,
ja,medium,げ,single_kana,B,,
ja,medium,こっ,fragment,A,,
ja,medium,しまえ,not_in_reference_dictionary,C,,
ja,medium,そっ,fragment,A,,
ja,medium,たっ,fragment,A,,
ja,medium,つっ,fragment,A,,
ja,medium,とけ,not_in_reference_dictionary,C,,
ja,medium,ねっ,fragment,A,,
ja,medium,はっ,fragment,A,,
ja,medium,び,single_kana,B,,
ja,medium,ぶ,single_kana,B,,
ja,medium,ほ,single_kana,B,,
ja,medium,ほしく,not_in_reference_dictionary,C,,
ja,medium,ぼ,single_kana,B,,
ja,medium,ぼっ,fragment,A,,
ja,medium,ぽ,single_kana,B,,
ja,medium,まくっ,fragment,A,,
ja,medium,まさかの,not_in_reference_dictionary,C,,
ja,medium,みれ,not_in_reference_dictionary,C,,
ja,medium,む,single_kana,B,,
ja,medium,ものすごく,not_in_reference_dictionary,C,,
ja,medium,ゆ,single_kana,B,,
ja,medium,ょ,fragment,A,,
ja,medium,よっ,fragment,A,,
ja,hard,ぁぁ,fragment,A,,
ja,hard,ぁみりすぷ,fragment,A,,
ja,hard,あいかつ,not_in_reference_dictionary,C,,
ja,hard,あいつぎい,not_in_reference_dictionary,C,,
ja,hard,あいてむ,loanword_in_hiragana,B,,アイテム
ja,hard,あうとどあ,loanword_in_hiragana,B,,アウトドア
ja,hard,あかうんと,loanword_in_hiragana,B,,アカウント
ja,hard,あがっ,fragment,A,,
ja,hard,あきはばら,not_in_reference_dictionary,C,,
ja,hard,あきやま,not_in_reference_dictionary,C,,
ja,hard,あくせる,loanword_in_hiragana,B,,アクセル
ja,hard,あくせんと,loanword_in_hiragana,B,,アクセント
ja,hard,あさくさ,not_in_reference_dictionary,C,,
ja,hard,あさひかわ,not_in_reference_dictionary,C,,
ja,hard,あざむける,not_in_reference_dictionary,C,,
ja,hard,あっぷる,loanword_in_hiragana,B,,アップル
ja,hard,あとらくしょん,loanword_in_hiragana,B,,アトラクション
ja,hard,あとりえ,loanword_in_hiragana,B,,アトリエ
ja,hard,あどれす,loanword_in_hiragana,B,,アドレス
ja,hard,あなろぐ,loanword_in_hiragana,B,,アナログ
ja,hard,あにそん,loanword_in_hiragana,B,,アニソン
ja,hard,あふがにすたん,loanword_in_hiragana,B,,アフガニスタン
ja,hard,あべ,not_in_reference_dictionary,C,,
ja,hard,あぽ,loanword_in_hiragana,B,,アポ
ja,hard,あまくさ,not_in_reference_dictionary,C,,
ja,hard,あまちゅあ,loanword_in_hiragana,B,,アマチュア
ja,hard,あめみや,not_in_reference_dictionary,C,,
ja,hard,あめりかん,loanword_in_hiragana,B,,アメリカン
ja,hard,あらそっ,fragment,A,,
ja,hard,ありほう,not_in_reference_dictionary,C,,
ja,hard,ありむら,not_in_reference_dictionary,C,,
ja,hard,ありよし,not_in_reference_dictionary,C,,
ja,hard,あるばむ,loanword_in_hiragana,B,,アルバム
ja,hard,あるふぁべっと,loanword_in_hiragana,B,,アルファベット
ja,hard,あれっくす,not_in_reference_dictionary,C,,
ja,hard,あわてふためき,not_in_reference_dictionary,C,,
ja,hard,あんぐる,loanword_in_hiragana,B,,アングル
ja,hard,あんてな,loanword_in_hiragana,B,,アンテナ
ja,hard,あんでぃ,not_in_reference_dictionary,C,,
ja,hard,あんとにお,not_in_reference_dictionary,C,,
ja,hard,いえやす,not_in_reference_dictionary,C,,
ja,hard,いかめしく,not_in_reference_dictionary,C,,
ja,hard,いきのび,not_in_reference_dictionary,C,,
ja,hard,いぎりす,loanword_in_hiragana,B,,イギリス
ja,hard,いすらえる,loanword_in_hiragana,B,,イスラエル
ja,hard,いすらむ,loanword_in_hiragana,B,,イスラム
ja,hard,いすらむきょう,not_in_reference_dictionary,C,,
ja,hard,いたこと,not_in_reference_dictionary,C,,
ja,hard,いただけれ,not_in_reference_dictionary,C,,
ja,hard,いっつも,not_in_reference_dictionary,C,,
ja,hard,いまばり,not_in_reference_dictionary,C,,
ja,hard,いらすと,loanword_in_hiragana,B,,イラスト
ja,hard,いりこん,not_in_reference_dictionary,C,,
ja,hard,いんてりあ,loanword_in_hiragana,B,,インテリア
ja,hard,いんてる,loanword_in_hiragana,B,,インテル
ja,hard,いんぱくと,loanword_in_hiragana,B,,インパクト
ja,hard,ぅゆみゃは,fragment,A,,
ja,hard,うぃるそん,not_in_reference_dictionary,C,,
ja,hard,うぃんどう,loanword_in_hiragana,B,,ウィンドウ
ja,hard,うえすぎ,not_in_reference_dictionary,C,,
ja,hard,うえすと,loanword_in_hiragana,B,,ウエスト
ja,hard,うえはら,not_in_reference_dictionary,C,,
ja,hard,うけつが,not_in_reference_dictionary,C,,
ja,hard,うざ,not_in_reference_dictionary,C,,
ja,hard,うしない,not_in_reference_dictionary,C,,
ja,hard,うたがわ,not_in_reference_dictionary,C,,
ja,hard,うつしとっ,fragment,A,,
ja,hard,うばいとり,not_in_reference_dictionary,C,,
ja,hard,うらぎっ,fragment,A,,
ja,hard,うるとら,loanword_in_hiragana,B,,ウルトラ
ja,hard,うわまわっ,fragment,A,,
ja,hard,ぇいくしぇいく,fragment,A,,
ja,hard,ぇぇ,fragment,A,,
ja,hard,ぇむくりあ,fragment,A,,
ja,hard,えあ,loanword_in_hiragana,B,,エア
ja,hard,えあこん,loanword_in_hiragana,B,,エアコン
ja,hard,えじぷと,loanword_in_hiragana,B,,エジプト
ja,hard,えっせい,loanword_in_hiragana,B,,エッセイ
ja,hard,えどがわ,not_in_reference_dictionary,C,,
ja,hard,えふぇくと,loanword_in_hiragana,B,,エフェクト
ja,hard,えぷろん,loanword_in_hiragana,B,,エプロン
ja,hard,えりざべす,not_in_reference_dictionary,C,,
ja,hard,えんじにあ,loanword_in_hiragana,B,,エンジニア
ja,hard,えんぶれむ,loanword_in_hiragana,B,,エンブレム
ja,hard,おいしかっ,fragment,A,,
ja,hard,おいしく,not_in_reference_dictionary,C,,
ja,hard,おいださ,not_in_reference_dictionary,C,,
ja,hard,おいつか,not_in_reference_dictionary,C,,
ja,hard,おおくぼ,not_in_reference_dictionary,C,,
ja,hard,おおくり,not_in_reference_dictionary,C,,
ja,hard,おおにし,not_in_reference_dictionary,C,,
ja,hard,おかもと,loanword_in_hiragana,B,,オカモト
ja,hard,おがさわら,not_in_reference_dictionary,C,,
ja,hard,おこたえ,not_in_reference_dictionary,C,,
ja,hard,おすごし,not_in_reference_dictionary,C,,
ja,hard,おせ,not_in_reference_dictionary,C,,
ja,hard,おそわっ,fragment,A,,
ja,hard,おた,loanword_in_hiragana,B,,オタ
ja,hard,おだわら,not_in_reference_dictionary,C,,
ja,hard,おつたえ,not_in_reference_dictionary,C,,
ja,hard,おとなり,not_in_reference_dictionary,C,,
ja,hard,おぷしょん,loanword_in_hiragana,B,,オプション
ja,hard,おもいださ,not_in_reference_dictionary,C,,
ja,hard,おもっ,fragment,A,,
ja,hard,おらんだ,loanword_in_hiragana,B,,オランダ
ja,hard,おりっくす,loanword_in_hiragana,B,,オリックス
ja,hard,かうんせりんぐ,loanword_in_hiragana,B,,カウンセリング
ja,hard,かうんと,loanword_in_hiragana,B,,カウント
ja,hard,かうんとだうん,loanword_in_hiragana,B,,カウントダウン
ja,hard,かじゅある,loanword_in_hiragana,B,,カジュアル
ja,hard,かせっと,loanword_in_hiragana,B,,カセット
ja,hard,かどかわ,not_in_reference_dictionary,C,,
ja,hard,かふぇいん,loanword_in_hiragana,B,,カフェイン
ja,hard,かまわ,not_in_reference_dictionary,C,,
ja,hard,からふる,loanword_in_hiragana,B,,カラフル
ja,hard,かりすま,loanword_in_hiragana,B,,カリスマ
ja,hard,かるしうむ,loanword_in_hiragana,B,,カルシウム
ja,hard,かるろす,not_in_reference_dictionary,C,,
ja,hard,かわいく,not_in_reference_dictionary,C,,
ja,hard,かんぼじあ,loanword_in_hiragana,B,,カンボジア
ja,hard,がそりん,loanword_in_hiragana,B,,ガソリン
ja,hard,きずつい,not_in_reference_dictionary,C,,
ja,hard,きずつけ,not_in_reference_dictionary,C,,
ja,hard,きたかみ,not_in_reference_dictionary,C,,
ja,hard,きたむら,not_in_reference_dictionary,C,,
ja,hard,きっちん,loanword_in_hiragana,B,,キッチン
ja,hard,きにいら,not_in_reference_dictionary,C,,
ja,hard,きのした,not_in_reference_dictionary,C,,
ja,hard,きむ,not_in_reference_dictionary,C,,
ja,hard,きゃさりん,not_in_reference_dictionary,C,,
ja,hard,きゃっしゅ,loanword_in_hiragana,B,,キャッシュ
ja,hard,きゃっち,loanword_in_hiragana,B,,キャッチ
ja,hard,きゃっぷ,loanword_in_hiragana,B,,キャップ
ja,hard,きゃのん,loanword_in_hiragana,B,,キャノン
ja,hard,きゃばくら,loanword_in_hiragana,B,,キャバクラ
ja,hard,きゃぷてん,loanword_in_hiragana,B,,キャプテン
ja,hard,きゃろる,loanword_in_hiragana,B,,キャロル
ja,hard,きゃんせる,loanword_in_hiragana,B,,キャンセル
ja,hard,きゃんでぃ,loanword_in_hiragana,B,,キャンディ
ja,hard,きりしま,not_in_reference_dictionary,C,,
ja,hard,きんめだる,not_in_reference_dictionary,C,,
ja,hard,ぎ,single_kana,B,,
ja,hard,ぎあ,loanword_in_hiragana,B,,ギア
ja,hard,ぎおうじせんは,not_in_reference_dictionary,C,,
ja,hard,ぎおんさん,not_in_reference_dictionary,C,,
ja,hard,ぎかいとは,not_in_reference_dictionary,C,,
ja,hard,ぎかわさき,not_in_reference_dictionary,C,,
ja,hard,ぎけもんじょは,not_in_reference_dictionary,C,,
ja,hard,ぎけんどう,not_in_reference_dictionary,C,,
ja,hard,ぎじぞうで,not_in_reference_dictionary,C,,
ja,hard,ぎじゅつきょうてい,not_in_reference_dictionary,C,,
ja,hard,ぎたかひろ,not_in_reference_dictionary,C,,
ja,hard,ぎたゆうそうし,not_in_reference_dictionary,C,,
ja,hard,ぎちほうきょうりょくほんぶ,not_in_reference_dictionary,C,,
ja,hard,ぎのまいは,not_in_reference_dictionary,C,,
ja,hard,ぎのめたろうゆきのぶという,not_in_reference_dictionary,C,,
ja,hard,ぎはふりと,not_in_reference_dictionary,C,,
ja,hard,ぎふしりつ,not_in_reference_dictionary,C,,
ja,hard,ぎみっく,loanword_in_hiragana,B,,ギミック
ja,hard,ぎゃんぐ,loanword_in_hiragana,B,,ギャング
ja,hard,ぎようざんせいたん,not_in_reference_dictionary,C,,
ja,hard,ぎわらかいぞくだん,not_in_reference_dictionary,C,,
ja,hard,くえすと,loanword_in_hiragana,B,,クエスト
ja,hard,くおりてぃ,loanword_in_hiragana,B,,クオリティ
ja,hard,くだろし,not_in_reference_dictionary,C,,
ja,hard,くちこみ,loanword_in_hiragana,B,,クチコミ
ja,hard,くっつい,not_in_reference_dictionary,C,,
ja,hard,くまがや,not_in_reference_dictionary,C,,
ja,hard,くらいまっくす,loanword_in_hiragana,B,,クライマックス
ja,hard,くらうん,loanword_in_hiragana,B,,クラウン
ja,hard,くらしっく,loanword_in_hiragana,B,,クラシック
ja,hard,くらふと,loanword_in_hiragana,B,,クラフト
ja,hard,くりえいてぃぶ,loanword_in_hiragana,B,,クリエイティブ
ja,hard,くりかえさ,not_in_reference_dictionary,C,,
ja,hard,くりすたる,loanword_in_hiragana,B,,クリスタル
ja,hard,くりっぷ,loanword_in_hiragana,B,,クリップ
ja,hard,くりにっく,loanword_in_hiragana,B,,クリニック
ja,hard,くるしめ,not_in_reference_dictionary,C,,
ja,hard,くろさき,not_in_reference_dictionary,C,,
ja,hard,くろっく,loanword_in_hiragana,B,,クロック
ja,hard,くんたち,not_in_reference_dictionary,C,,
ja,hard,ぐさちっく,not_in_reference_dictionary,C,,
ja,hard,ぐさはちまんぐうは,not_in_reference_dictionary,C,,
ja,hard,ぐっさんに,not_in_reference_dictionary,C,,
ja,hard,ぐつたくもあり,not_in_reference_dictionary,C,,
ja,hard,ぐつのきは,not_in_reference_dictionary,C,,
ja,hard,ぐらうんど,loanword_in_hiragana,B,,グラウンド
ja,hard,ぐらおよび,not_in_reference_dictionary,C,,
ja,hard,ぐらびあ,loanword_in_hiragana,B,,グラビア
ja,hard,ぐらんど,loanword_in_hiragana,B,,グランド
ja,hard,ぐりっど,loanword_in_hiragana,B,,グリッド
ja,hard,ぐろあおぬかめとは,not_in_reference_dictionary,C,,
ja,hard,ぐんけいりがっこう,not_in_reference_dictionary,C,,
ja,hard,ぐんけんりつしぜんこうえんは,not_in_reference_dictionary,C,,
ja,hard,ぐんこうくうたいは,not_in_reference_dictionary,C,,
ja,hard,ぐんまけんりつ,not_in_reference_dictionary,C,,
ja,hard,けあ,loanword_in_hiragana,B,,ケア
ja,hard,けっ,fragment,A,,
ja,hard,けんたろう,not_in_reference_dictionary,C,,
ja,hard,げる,loanword_in_hiragana,B,,ゲル
ja,hard,こいずみ,not_in_reference_dictionary,C,,
ja,hard,こうりやま,not_in_reference_dictionary,C,,
ja,hard,ことわら,not_in_reference_dictionary,C,,
ja,hard,こまんど,loanword_in_hiragana,B,,コマンド
ja,hard,こみっくす,loanword_in_hiragana,B,,コミックス
ja,hard,こめでぃ,loanword_in_hiragana,B,,コメディ
ja,hard,こよ,not_in_reference_dictionary,C,,
ja,hard,ころっけ,loanword_in_hiragana,B,,コロッケ
ja,hard,こんてすと,loanword_in_hiragana,B,,コンテスト
ja,hard,こんてな,loanword_in_hiragana,B,,コンテナ
ja,hard,ごうこん,not_in_reference_dictionary,C,,
ja,hard,ごしっく,loanword_in_hiragana,B,,ゴシック
ja,hard,ごむ,loanword_in_hiragana,B,,ゴム
ja,hard,さいえんす,loanword_in_hiragana,B,,サイエンス
ja,hard,さいこぱす,loanword_in_hiragana,B,,サイコパス
ja,hard,さうんど,loanword_in_hiragana,B,,サウンド
ja,hard,さかもと,not_in_reference_dictionary,C,,
ja,hard,さがみはら,not_in_reference_dictionary,C,,
ja,hard,さくらい,not_in_reference_dictionary,C,,
ja,hard,さざえさん,not_in_reference_dictionary,C,,
ja,hard,さっくす,loanword_in_hiragana,B,,サックス
ja,hard,さの,not_in_reference_dictionary,C,,
ja,hard,さばいばる,loanword_in_hiragana,B,,サバイバル
ja,hard,さみっと,loanword_in_hiragana,B,,サミット
ja,hard,さんぐらす,loanword_in_hiragana,B,,サングラス
ja,hard,さんだる,loanword_in_hiragana,B,,サンダル
ja,hard,ざ,single_kana,B,,
ja,hard,ざいいちらんは,not_in_reference_dictionary,C,,
ja,hard,ざいおうぶつは,not_in_reference_dictionary,C,,
ja,hard,ざいしりつ,not_in_reference_dictionary,C,,
ja,hard,ざいじょうほう,not_in_reference_dictionary,C,,
ja,hard,ざいほうしゅうとは,not_in_reference_dictionary,C,,
ja,hard,ざいようえきは,not_in_reference_dictionary,C,,
ja,hard,ざうぶつしやといふものなり,not_in_reference_dictionary,C,,
ja,hard,ざえいぎょうじむしょとは,not_in_reference_dictionary,C,,
ja,hard,ざかいていしゃじょうせんは,not_in_reference_dictionary,C,,
ja,hard,ざきちゅうけいきょくとして,not_in_reference_dictionary,C,,
ja,hard,ざきみちえきは,not_in_reference_dictionary,C,,
ja,hard,ざぐるまん,not_in_reference_dictionary,C,,
ja,hard,ざつぎょ,not_in_reference_dictionary,C,,
ja,hard,ざとえきは,not_in_reference_dictionary,C,,
ja,hard,ざとちょう,not_in_reference_dictionary,C,,
ja,hard,ざなりにしましたし,not_in_reference_dictionary,C,,
ja,hard,ざひのみのみやほうかじけんとは,not_in_reference_dictionary,C,,
ja,hard,ざわいして,not_in_reference_dictionary,C,,
ja,hard,ざわえきは,not_in_reference_dictionary,C,,
ja,hard,ざわけいさつしょは,not_in_reference_dictionary,C,,
ja,hard,ざわこうぎょうこうとうがっこう,not_in_reference_dictionary,C,,
ja,hard,ざわしきさいてんほうとは,not_in_reference_dictionary,C,,
ja,hard,ざわせんは,not_in_reference_dictionary,C,,
ja,hard,ざわちほうほうむきょくは,not_in_reference_dictionary,C,,
ja,hard,ざわちゅうべえ,not_in_reference_dictionary,C,,
ja,hard,ざわりくぐんひこうがっこうは,not_in_reference_dictionary,C,,
ja,hard,ざわわだは,not_in_reference_dictionary,C,,
ja,hard,ざんこうとうすいさんがっこう,not_in_reference_dictionary,C,,
ja,hard,しぐなる,loanword_in_hiragana,B,,シグナル
ja,hard,ししゅん,not_in_reference_dictionary,C,,
ja,hard,したがえ,not_in_reference_dictionary,C,,
ja,hard,したがっ,fragment,A,,
ja,hard,しつこく,not_in_reference_dictionary,C,,
ja,hard,してやろ,not_in_reference_dictionary,C,,
ja,hard,しながわ,not_in_reference_dictionary,C,,
ja,hard,しばたたい,not_in_reference_dictionary,C,,
ja,hard,しべりあ,loanword_in_hiragana,B,,シベリア
ja,hard,しゃふと,loanword_in_hiragana,B,,シャフト
ja,hard,しゃべっ,fragment,A,,
ja,hard,しゃんはい,loanword_in_hiragana,B,,シャンハイ
ja,hard,しゃんぱん,loanword_in_hiragana,B,,シャンパン
ja,hard,しょうた,not_in_reference_dictionary,C,,
ja,hard,しりあす,loanword_in_hiragana,B,,シリアス
ja,hard,しりあっ,fragment,A,,
ja,hard,しりある,loanword_in_hiragana,B,,シリアル
ja,hard,しるえっと,loanword_in_hiragana,B,,シルエット
ja,hard,しんぐる,loanword_in_hiragana,B,,シングル
ja,hard,じぇしか,not_in_reference_dictionary,C,,
ja,hard,じぇっと,loanword_in_hiragana,B,,ジェット
ja,hard,じゃぁ,not_in_reference_dictionary,C,,
ja,hard,じゃくしょ,not_in_reference_dictionary,C,,
ja,hard,じゃっ,fragment,A,,
ja,hard,じゃんく,loanword_in_hiragana,B,,ジャンク
ja,hard,じゃんぐる,loanword_in_hiragana,B,,ジャングル
ja,hard,じょせふ,not_in_reference_dictionary,C,,
ja,hard,じょなさん,loanword_in_hiragana,B,,ジョナサン
ja,hard,じょんそん,not_in_reference_dictionary,C,,
ja,hard,じる,loanword_in_hiragana,B,,ジル
ja,hard,すかうと,loanword_in_hiragana,B,,スカウト
ja,hard,すがわら,not_in_reference_dictionary,C,,
ja,hard,すきゃん,loanword_in_hiragana,B,,スキャン
ja,hard,すくえあ,loanword_in_hiragana,B,,スクエア
ja,hard,すくしょ,loanword_in_hiragana,B,,スクショ
ja,hard,すくなから,not_in_reference_dictionary,C,,
ja,hard,すくりぷと,loanword_in_hiragana,B,,スクリプト
ja,hard,すこっとらんど,loanword_in_hiragana,B,,スコットランド
ja,hard,すごかっ,fragment,A,,
ja,hard,すた,not_in_reference_dictionary,C,,
ja,hard,すたじあむ,loanword_in_hiragana,B,,スタジアム
ja,hard,すたみな,loanword_in_hiragana,B,,スタミナ
ja,hard,すためん,loanword_in_hiragana,B,,スタメン
ja,hard,すたんす,loanword_in_hiragana,B,,スタンス
ja,hard,すてっぷ,loanword_in_hiragana,B,,ステップ
ja,hard,すてれお,loanword_in_hiragana,B,,ステレオ
ja,hard,すてんれす,loanword_in_hiragana,B,,ステンレス
ja,hard,すとっぷ,loanword_in_hiragana,B,,ストップ
ja,hard,すとれす,loanword_in_hiragana,B,,ストレス
ja,hard,すなっく,loanword_in_hiragana,B,,スナック
ja,hard,すぱ,loanword_in_hiragana,B,,スパ
ja,hard,すぱいす,loanword_in_hiragana,B,,スパイス
ja,hard,すぷりんぐ,loanword_in_hiragana,B,,スプリング
ja,hard,すぺっく,loanword_in_hiragana,B,,スペック
ja,hard,すぽ,loanword_in_hiragana,B,,スポ
ja,hard,すまいる,loanword_in_hiragana,B,,スマイル
ja,hard,すりっぷ,loanword_in_hiragana,B,,スリップ
ja,hard,せかんど,loanword_in_hiragana,B,,セカンド
ja,hard,せくしょん,loanword_in_hiragana,B,,セクション
ja,hard,せっしょん,loanword_in_hiragana,B,,セッション
ja,hard,せらぴすと,loanword_in_hiragana,B,,セラピスト
ja,hard,せれくと,loanword_in_hiragana,B,,セレクト
ja,hard,せんとらる,loanword_in_hiragana,B,,セントラル
ja,hard,せんやか,not_in_reference_dictionary,C,,
ja,hard,ぜみ,loanword_in_hiragana,B,,ゼミ
ja,hard,ぜろ,loanword_in_hiragana,B,,ゼロ
ja,hard,そしゃげ,loanword_in_hiragana,B,,ソシャゲ
ja,hard,そっくす,loanword_in_hiragana,B,,ソックス
ja,hard,そふぃあ,loanword_in_hiragana,B,,ソフィア
ja,hard,そろっ,fragment,A,,
ja,hard,そろもん,not_in_reference_dictionary,C,,
ja,hard,たいみんぐ,loanword_in_hiragana,B,,タイミング
ja,hard,たかし,not_in_reference_dictionary,C,,
ja,hard,たからづか,not_in_reference_dictionary,C,,
ja,hard,たきざわ,not_in_reference_dictionary,C,,
ja,hard,たけしま,not_in_reference_dictionary,C,,
ja,hard,たけなか,not_in_reference_dictionary,C,,
ja,hard,たけれ,not_in_reference_dictionary,C,,
ja,hard,たたかえる,not_in_reference_dictionary,C,,
ja,hard,ただしかっ,fragment,A,,
ja,hard,たっくる,loanword_in_hiragana,B,,タックル
ja,hard,たぶれっと,loanword_in_hiragana,B,,タブレット
ja,hard,たまがわ,not_in_reference_dictionary,C,,
ja,hard,たまっ,fragment,A,,
ja,hard,だいすけ,not_in_reference_dictionary,C,,
ja,hard,だいれくと,loanword_in_hiragana,B,,ダイレクト
ja,hard,だむ,loanword_in_hiragana,B,,ダム
ja,hard,だんだんに,not_in_reference_dictionary,C,,
ja,hard,ちぇんじ,loanword_in_hiragana,B,,チェンジ
ja,hard,ちかづけ,not_in_reference_dictionary,C,,
ja,hard,ちべっと,loanword_in_hiragana,B,,チベット
ja,hard,ちまえ,not_in_reference_dictionary,C,,
ja,hard,ちゃいな,loanword_in_hiragana,B,,チャイナ
ja,hard,ちゃお,loanword_in_hiragana,B,,チャオ
ja,hard,ちゃっく,loanword_in_hiragana,B,,チャック
ja,hard,ちゃんす,loanword_in_hiragana,B,,チャンス
ja,hard,ちょいす,loanword_in_hiragana,B,,チョイス
ja,hard,ちょうせんはんしま,not_in_reference_dictionary,C,,
ja,hard,ちょうん,not_in_reference_dictionary,C,,
ja,hard,っぽ,not_in_reference_dictionary,C,,
ja,hard,つかっ,fragment,A,,
ja,hard,つかもと,not_in_reference_dictionary,C,,
ja,hard,つくりだし,not_in_reference_dictionary,C,,
ja,hard,つたわら,not_in_reference_dictionary,C,,
ja,hard,つなげ,not_in_reference_dictionary,C,,
ja,hard,つぶし,not_in_reference_dictionary,C,,
ja,hard,づちじんじゃは,not_in_reference_dictionary,C,,
ja,hard,づなりきしひは,not_in_reference_dictionary,C,,
ja,hard,づのおかといい,not_in_reference_dictionary,C,,
ja,hard,づのはんそうは,not_in_reference_dictionary,C,,
ja,hard,づはらはちまんぐうじんじゃは,not_in_reference_dictionary,C,,
ja,hard,づまかいづかは,not_in_reference_dictionary,C,,
ja,hard,てぇ,not_in_reference_dictionary,C,,
ja,hard,てきさす,loanword_in_hiragana,B,,テキサス
ja,hard,てくにっく,loanword_in_hiragana,B,,テクニック
ja,hard,てれあさ,not_in_reference_dictionary,C,,
ja,hard,てろ,loanword_in_hiragana,B,,テロ
ja,hard,てろりすと,loanword_in_hiragana,B,,テロリスト
ja,hard,てんしょん,loanword_in_hiragana,B,,テンション
ja,hard,でぃすく,loanword_in_hiragana,B,,ディスク
ja,hard,でじたる,loanword_in_hiragana,B,,デジタル
ja,hard,でばいす,loanword_in_hiragana,B,,デバイス
ja,hard,でふぉると,loanword_in_hiragana,B,,デフォルト
ja,hard,でま,loanword_in_hiragana,B,,デマ
ja,hard,でらっくす,loanword_in_hiragana,B,,デラックス
ja,hard,でりへる,loanword_in_hiragana,B,,デリヘル
ja,hard,とよしま,not_in_reference_dictionary,C,,
ja,hard,とらいある,loanword_in_hiragana,B,,トライアル
ja,hard,とらうま,loanword_in_hiragana,B,,トラウマ
ja,hard,とらっく,loanword_in_hiragana,B,,トラック
ja,hard,とらんく,loanword_in_hiragana,B,,トランク
ja,hard,とりくん,not_in_reference_dictionary,C,,
ja,hard,とりこん,not_in_reference_dictionary,C,,
ja,hard,とりぷる,loanword_in_hiragana,B,,トリプル
ja,hard,どい,not_in_reference_dictionary,C,,
ja,hard,どめいん,loanword_in_hiragana,B,,ドメイン
ja,hard,どらえもん,not_in_reference_dictionary,C,,
ja,hard,どらくえ,loanword_in_hiragana,B,,ドラクエ
ja,hard,どらごん,loanword_in_hiragana,B,,ドラゴン
ja,hard,どらっぐ,loanword_in_hiragana,B,,ドラッグ
ja,hard,どらふと,loanword_in_hiragana,B,,ドラフト
ja,hard,どりんく,loanword_in_hiragana,B,,ドリンク
ja,hard,どろっぷ,loanword_in_hiragana,B,,ドロップ
ja,hard,なかはら,not_in_reference_dictionary,C,,
ja,hard,なかろ,not_in_reference_dictionary,C,,
ja,hard,ながおか,not_in_reference_dictionary,C,,
ja,hard,ながかっ,fragment,A,,
ja,hard,なしょなる,loanword_in_hiragana,B,,ナショナル
ja,hard,なち,loanword_in_hiragana,B,,ナチ
ja,hard,なちゅらる,loanword_in_hiragana,B,,ナチュラル
ja,hard,なとりうむ,loanword_in_hiragana,B,,ナトリウム
ja,hard,なぽれおん,loanword_in_hiragana,B,,ナポレオン
ja,hard,なめ,,,yes,
ja,hard,なりたっ,fragment,A,,
ja,hard,にしのみや,not_in_reference_dictionary,C,,
ja,hard,にしむら,not_in_reference_dictionary,C,,
ja,hard,にす,loanword_in_hiragana,B,,ニス
ja,hard,にってれ,not_in_reference_dictionary,C,,
ja,hard,にまつわる,not_in_reference_dictionary,C,,
ja,hard,にゅあんす,loanword_in_hiragana,B,,ニュアンス
ja,hard,ねいてぃぶ,loanword_in_hiragana,B,,ネイティブ
ja,hard,のあ,loanword_in_hiragana,B,,ノア
ja,hard,のぎざか,not_in_reference_dictionary,C,,
ja,hard,のけ,not_in_reference_dictionary,C,,
ja,hard,のっ,fragment,A,,
ja,hard,はいっ,fragment,A,,
ja,hard,はいてく,loanword_in_hiragana,B,,ハイテク
ja,hard,はっきんぐ,loanword_in_hiragana,B,,ハッキング
ja,hard,はっしゅ,loanword_in_hiragana,B,,ハッシュ
ja,hard,はとやま,not_in_reference_dictionary,C,,
ja,hard,はどそん,loanword_in_hiragana,B,,ハドソン
ja,hard,はなしあっ,fragment,A,,
ja,hard,はばひろく,not_in_reference_dictionary,C,,
ja,hard,はまさき,not_in_reference_dictionary,C,,
ja,hard,はまっ,fragment,A,,
ja,hard,はりうっど,loanword_in_hiragana,B,,ハリウッド
ja,hard,はろうぃん,loanword_in_hiragana,B,,ハロウィン
ja,hard,はんざわ,not_in_reference_dictionary,C,,
ja,hard,はんしま,not_in_reference_dictionary,C,,
ja,hard,はんどる,loanword_in_hiragana,B,,ハンドル
ja,hard,ばいきんぐ,loanword_in_hiragana,B,,バイキング
ja,hard,ばすけっと,loanword_in_hiragana,B,,バスケット
ja,hard,ばすてい,not_in_reference_dictionary,C,,
ja,hard,ばっ,fragment,A,,
ja,hard,ばっとまん,loanword_in_hiragana,B,,バットマン
ja,hard,ばらえてぃ,loanword_in_hiragana,B,,バラエティ
ja,hard,ばるせろな,loanword_in_hiragana,B,,バルセロナ
ja,hard,ばれ,not_in_reference_dictionary,C,,
ja,hard,ぱ,single_kana,B,,
ja,hard,ぱずるだま,not_in_reference_dictionary,C,,
ja,hard,ぱちすろ,loanword_in_hiragana,B,,パチスロ
ja,hard,ぱっかりと,not_in_reference_dictionary,C,,
ja,hard,ぱとりっく,not_in_reference_dictionary,C,,
ja,hard,ぱらりんぴっく,loanword_in_hiragana,B,,パラリンピック
ja,hard,ぱろでぃ,loanword_in_hiragana,B,,パロディ
ja,hard,ぱんじんによる,not_in_reference_dictionary,C,,
ja,hard,ぱんてぃ,loanword_in_hiragana,B,,パンティ
ja,hard,ひきこもら,not_in_reference_dictionary,C,,
ja,hard,ひきつい,not_in_reference_dictionary,C,,
ja,hard,ひじりなる,not_in_reference_dictionary,C,,
ja,hard,ひっ,fragment,A,,
ja,hard,ひできち,not_in_reference_dictionary,C,,
ja,hard,ひど,not_in_reference_dictionary,C,,
ja,hard,ひの,not_in_reference_dictionary,C,,
ja,hard,びさひもまさみ,not_in_reference_dictionary,C,,
ja,hard,びざ,loanword_in_hiragana,B,,ビザ
ja,hard,びじねす,loanword_in_hiragana,B,,ビジネス
ja,hard,びじゅつかんは,not_in_reference_dictionary,C,,
ja,hard,びたいかい,not_in_reference_dictionary,C,,
ja,hard,びようせんもんがっこうは,not_in_reference_dictionary,C,,
ja,hard,びるらじお,not_in_reference_dictionary,C,,
ja,hard,ぴ,single_kana,B,,
ja,hard,ぴかちゅう,loanword_in_hiragana,B,,ピカチュウ
ja,hard,ぴすとん,loanword_in_hiragana,B,,ピストン
ja,hard,ぴたんぴょこんへっちゃんこ,not_in_reference_dictionary,C,,
ja,hard,ぴゃくごじゅう,not_in_reference_dictionary,C,,
ja,hard,ぴらみっど,loanword_in_hiragana,B,,ピラミッド
ja,hard,ふぁ,loanword_in_hiragana,B,,ファ
ja,hard,ふぁいあ,loanword_in_hiragana,B,,ファイア
ja,hard,ふぁいと,loanword_in_hiragana,B,,ファイト
ja,hard,ふぁいる,loanword_in_hiragana,B,,ファイル
ja,hard,ふぁみこん,loanword_in_hiragana,B,,ファミコン
ja,hard,ふぃっと,loanword_in_hiragana,B,,フィット
ja,hard,ふぃりっぷ,not_in_reference_dictionary,C,,
ja,hard,ふぃりぴん,loanword_in_hiragana,B,,フィリピン
ja,hard,ふぇ,loanword_in_hiragana,B,,フェ
ja,hard,ふぇいす,loanword_in_hiragana,B,,フェイス
ja,hard,ふぇんす,loanword_in_hiragana,B,,フェンス
ja,hard,ふぉっくす,loanword_in_hiragana,B,,フォックス
ja,hard,ふぉるだ,loanword_in_hiragana,B,,フォルダ
ja,hard,ふくやま,not_in_reference_dictionary,C,,
ja,hard,ふくらまさ,not_in_reference_dictionary,C,,
ja,hard,ふじさわ,not_in_reference_dictionary,C,,
ja,hard,ふじてれび,loanword_in_hiragana,B,,フジテレビ
ja,hard,ふじわら,not_in_reference_dictionary,C,,
ja,hard,ふっ,fragment,A,,
ja,hard,ふらいぱん,loanword_in_hiragana,B,,フライパン
ja,hard,ふらっしゅ,loanword_in_hiragana,B,,フラッシュ
ja,hard,ふらんく,loanword_in_hiragana,B,,フランク
ja,hard,ふらんしす,not_in_reference_dictionary,C,,
ja,hard,ふらんすご,not_in_reference_dictionary,C,,
ja,hard,ふれっしゅ,loanword_in_hiragana,B,,フレッシュ
ja,hard,ふれんず,loanword_in_hiragana,B,,フレンズ
ja,hard,ふれんち,loanword_in_hiragana,B,,フレンチ
ja,hard,ぶっくす,not_in_reference_dictionary,C,,
ja,hard,ぶらうざ,loanword_in_hiragana,B,,ブラウザ
ja,hard,ぶらうん,loanword_in_hiragana,B,,ブラウン
ja,hard,ぶらんど,loanword_in_hiragana,B,,ブランド
ja,hard,ぶろっく,loanword_in_hiragana,B,,ブロック
ja,hard,ぶんしゅん,not_in_reference_dictionary,C,,
ja,hard,ぷ,single_kana,B,,
ja,hard,ぷいぷいい,not_in_reference_dictionary,C,,
ja,hard,ぷくちゃん,not_in_reference_dictionary,C,,
ja,hard,ぷっしゅ,loanword_in_hiragana,B,,プッシュ
ja,hard,ぷよぷよもいっしょ,not_in_reference_dictionary,C,,
ja,hard,ぷらいす,loanword_in_hiragana,B,,プライス
ja,hard,ぷらんと,loanword_in_hiragana,B,,プラント
ja,hard,ぷりぱら,not_in_reference_dictionary,C,,
ja,hard,ぷりんた,loanword_in_hiragana,B,,プリンタ
ja,hard,ぷれぜん,loanword_in_hiragana,B,,プレゼン
ja,hard,ぷれみあ,loanword_in_hiragana,B,,プレミア
ja,hard,ぷろぐらみんぐ,loanword_in_hiragana,B,,プログラミング
ja,hard,ぷろぐらむ,loanword_in_hiragana,B,,プログラム
ja,hard,ぷろせす,loanword_in_hiragana,B,,プロセス
ja,hard,ぷろだくしょん,loanword_in_hiragana,B,,プロダクション
ja,hard,ぷろていん,loanword_in_hiragana,B,,プロテイン
ja,hard,ぷろとこる,loanword_in_hiragana,B,,プロトコル
ja,hard,ぷろふぇっしょなる,loanword_in_hiragana,B,,プロフェッショナル
ja,hard,ぷろれす,loanword_in_hiragana,B,,プロレス
ja,hard,へあ,loanword_in_hiragana,B,,ヘア
ja,hard,へっ,fragment,A,,
ja,hard,へっどほん,loanword_in_hiragana,B,,ヘッドホン
ja,hard,へつ,not_in_reference_dictionary,C,,
ja,hard,へるめっと,loanword_in_hiragana,B,,ヘルメット
ja,hard,べあ,loanword_in_hiragana,B,,ベア
ja,hard,べくとる,loanword_in_hiragana,B,,ベクトル
ja,hard,べらんだ,loanword_in_hiragana,B,,ベランダ
ja,hard,べるりん,loanword_in_hiragana,B,,ベルリン
ja,hard,ぺいんと,loanword_in_hiragana,B,,ペイント
ja,hard,ぺったんしゅりけん,not_in_reference_dictionary,C,,
ja,hard,ぺなるてぃ,loanword_in_hiragana,B,,ペナルティ
ja,hard,ほるもん,loanword_in_hiragana,B,,ホルモン
ja,hard,ぼす,loanword_in_hiragana,B,,ボス
ja,hard,ぼすとん,loanword_in_hiragana,B,,ボストン
ja,hard,ぼぶ,loanword_in_hiragana,B,,ボブ
ja,hard,ぽるとがる,loanword_in_hiragana,B,,ポルトガル
ja,hard,まいんど,loanword_in_hiragana,B,,マインド
ja,hard,まえかわ,not_in_reference_dictionary,C,,
ja,hard,まがじん,loanword_in_hiragana,B,,マガジン
ja,hard,まくろす,not_in_reference_dictionary,C,,
ja,hard,まことっ,fragment,A,,
ja,hard,まじっく,loanword_in_hiragana,B,,マジック
ja,hard,まじわし,not_in_reference_dictionary,C,,
ja,hard,まっくす,loanword_in_hiragana,B,,マックス
ja,hard,まつした,not_in_reference_dictionary,C,,
ja,hard,まつしま,not_in_reference_dictionary,C,,
ja,hard,まらそん,loanword_in_hiragana,B,,マラソン
ja,hard,みしぇる,not_in_reference_dictionary,C,,
ja,hard,みねらる,loanword_in_hiragana,B,,ミネラル
ja,hard,みらくる,loanword_in_hiragana,B,,ミラクル
ja,hard,みりおん,loanword_in_hiragana,B,,ミリオン
ja,hard,むちょうどうぶつは,not_in_reference_dictionary,C,,
ja,hard,むとりあつかいとは,not_in_reference_dictionary,C,,
ja,hard,むらかみ,not_in_reference_dictionary,C,,
ja,hard,むろじどうしゃがっこうは,not_in_reference_dictionary,C,,
ja,hard,むろだいいちひこうじょうとは,not_in_reference_dictionary,C,,
ja,hard,めそっど,loanword_in_hiragana,B,,メソッド
ja,hard,めるかり,loanword_in_hiragana,B,,メルカリ
ja,hard,めんどく,not_in_reference_dictionary,C,,
ja,hard,めんへら,loanword_in_hiragana,B,,メンヘラ
ja,hard,ものくろ,loanword_in_hiragana,B,,モノクロ
ja,hard,もらわ,not_in_reference_dictionary,C,,
ja,hard,もんごる,loanword_in_hiragana,B,,モンゴル
ja,hard,ゃかいいどうという,fragment,A,,
ja,hard,ゃけんさきょうかい,fragment,A,,
ja,hard,ゃしゅつほうしというのは,fragment,A,,
ja,hard,ゃじょうせきすいけいせん,fragment,A,,
ja,hard,ゃたにさんぎょうは,fragment,A,,
ja,hard,ゃとちぎこうじょう,fragment,A,,
ja,hard,ゃべりしていないでさっさと,fragment,A,,
ja,hard,ゃましますしちょうそんまちかど,fragment,A,,
ja,hard,ゃゆめこうぼうとは,fragment,A,,
ja,hard,ゃんあずみのいえのとうちゃん,fragment,A,,
ja,hard,やくたつ,not_in_reference_dictionary,C,,
ja,hard,やすかっ,fragment,A,,
ja,hard,やふおく,loanword_in_hiragana,B,,ヤフオク
ja,hard,やまざき,not_in_reference_dictionary,C,,
ja,hard,やらかし,not_in_reference_dictionary,C,,
ja,hard,ゅいりょうきかんれんごうかいは,fragment,A,,
ja,hard,ゅう,fragment,A,,
ja,hard,ゅうえつこっきょうふんそうは,fragment,A,,
ja,hard,ゅうおうけいさつだいがく,fragment,A,,
ja,hard,ゅうおうこうえんは,fragment,A,,
ja,hard,ゅうおうこうとうがっこう,fragment,A,,
ja,hard,ゅうおうしじゅうろくしつ,fragment,A,,
ja,hard,ゅうおうていしゃじょうせんは,fragment,A,,
ja,hard,ゅうおうろうさいびょういんは,fragment,A,,
ja,hard,ゅうかわいていしゃじょうせんは,fragment,A,,
ja,hard,ゅうがくいんやまばなせんは,fragment,A,,
ja,hard,ゅうがくせいついらくしじけんは,fragment,A,,
ja,hard,ゅうがつさいれいは,fragment,A,,
ja,hard,ゅうきゅうぎんこう,fragment,A,,
ja,hard,ゅうこもろほんじん,fragment,A,,
ja,hard,ゅうごうろんという,fragment,A,,
ja,hard,ゅうごくひゃくめいざんは,fragment,A,,
ja,hard,ゅうさんかんのんれいじょうは,fragment,A,,
ja,hard,ゅうしゅうおんせんどうは,fragment,A,,
ja,hard,ゅうしゅうしりつももぞのしみん,fragment,A,,
ja,hard,ゅうしょくせいこう,fragment,A,,
ja,hard,ゅうじごかねんけいかくは,fragment,A,,
ja,hard,ゅうじしっしんとは,fragment,A,,
ja,hard,ゅうじしゃくどうきはつでんきは,fragment,A,,
ja,hard,ゅうだいいちしょうがっこうは,fragment,A,,
ja,hard,ゅうつうさんぎょう,fragment,A,,
ja,hard,ゅうとくまるがはら,fragment,A,,
ja,hard,ゅうどうかいという,fragment,A,,
ja,hard,ゅうどじんほごほう,fragment,A,,
ja,hard,ゅうなかがわえきは,fragment,A,,
ja,hard,ゅうなかむらけじゅうたくは,fragment,A,,
ja,hard,ゅうはちふつうかれんたい,fragment,A,,
ja,hard,ゅうふにほうもんの,fragment,A,,
ja,hard,ゅうるもいさがけぎょばは,fragment,A,,
ja,hard,ゅうろうけいぞくしえんとは,fragment,A,,
ja,hard,ゅくなどうめいとけいやく,fragment,A,,
ja,hard,ゅくりょうこしゅうという,fragment,A,,
ja,hard,ゅこうせいかいぎは,fragment,A,,
ja,hard,ゅせいめいほけんは,fragment,A,,
ja,hard,ゅせんどうそうごうびょういんは,fragment,A,,
ja,hard,ゅへいわとういつかいぎは,fragment,A,,
ja,hard,ゅようこくしゅのうかいぎ,fragment,A,,
ja,hard,ゅんとくいんのひょうえのないし,fragment,A,,
ja,hard,ゆい,not_in_reference_dictionary,C,,
ja,hard,ょあんだいしどうは,fragment,A,,
ja,hard,ょういりょうせんもんがっこうは,fragment,A,,
ja,hard,ょうかいそうごうけんきゅうしょ,fragment,A,,
ja,hard,ょうかりじょうこうじょうは,fragment,A,,
ja,hard,ょうがいしゃしょくぎょう,fragment,A,,
ja,hard,ょうがさきかちょう,fragment,A,,
ja,hard,ょうきゅうのらんは,fragment,A,,
ja,hard,ょうきょうぎじょうとなった,fragment,A,,
ja,hard,ょうぎせんしゅけんたいかいは,fragment,A,,
ja,hard,ょうぎょうこうとうがっこうは,fragment,A,,
ja,hard,ょうけっていせんは,fragment,A,,
ja,hard,ょうけんりつしぜんこうえんは,fragment,A,,
ja,hard,ょうこうせいしゅっけつねつ,fragment,A,,
ja,hard,ょうこうぶっちょう,fragment,A,,
ja,hard,ょうさいんさつがいじけんとは,fragment,A,,
ja,hard,ょうするさくひんのいちらんは,fragment,A,,
ja,hard,ょうせきゆりゅうしゅつじこは,fragment,A,,
ja,hard,ょうせんぎゃくさつじけん,fragment,A,,
ja,hard,ょうせんとろんとは,fragment,A,,
ja,hard,ょうせんもんいとは,fragment,A,,
ja,hard,ょうだいがくほうがくぶは,fragment,A,,
ja,hard,ょうだんなごやきょうかいは,fragment,A,,
ja,hard,ょうちゅうがっこう,fragment,A,,
ja,hard,ょうとうがっこうは,fragment,A,,
ja,hard,ょうとひろがわらみやませんは,fragment,A,,
ja,hard,ょうとやくがくせんもんがっこう,fragment,A,,
ja,hard,ょうどうくみあいれんごうかいは,fragment,A,,
ja,hard,ょうどうさいがいぼきんは,fragment,A,,
ja,hard,ょうなんこうとうがっこう,fragment,A,,
ja,hard,ょうのうぎょうこうとうがっこう,fragment,A,,
ja,hard,ょうばんゆらいせいちょういんし,fragment,A,,
ja,hard,ょうふくしせんもんがっこうは,fragment,A,,
ja,hard,ょうぶんりのれきし,fragment,A,,
ja,hard,ょうほあんほんぶは,fragment,A,,
ja,hard,ょうほうそうがっしょうだんは,fragment,A,,
ja,hard,ょうほぜんけんきゅうかいは,fragment,A,,
ja,hard,ょうぼうくみあいは,fragment,A,,
ja,hard,ょうやまこうえんは,fragment,A,,
ja,hard,ょうよどえていしゃじょうせん,fragment,A,,
ja,hard,ょうりつつなんちゅうがっこうは,fragment,A,,
ja,hard,ょうりゅうせいけん,fragment,A,,
ja,hard,ょうりょうともいう,fragment,A,,
ja,hard,ょうりょくきょてん,fragment,A,,
ja,hard,ょうろくほんしゅうしょは,fragment,A,,
ja,hard,ょくぜんようこくみんたいいく,fragment,A,,
ja,hard,ょくはつでんしょは,fragment,A,,
ja,hard,ょくひんさんぎょう,fragment,A,,
ja,hard,ょしせんしゅけんたいかいは,fragment,A,,
ja,hard,ょっかっこうしゃく,fragment,A,,
ja,hard,ょっこうひょうとは,fragment,A,,
ja,hard,ょひたちそうごうびょういんは,fragment,A,,
ja,hard,ょぼらうにょぽみに,fragment,A,,
ja,hard,よけれ,not_in_reference_dictionary,C,,
ja,hard,よこすか,not_in_reference_dictionary,C,,
ja,hard,よこやま,not_in_reference_dictionary,C,,
ja,hard,よしかわ,not_in_reference_dictionary,C,,
ja,hard,よしもと,not_in_reference_dictionary,C,,
ja,hard,よそおっ,fragment,A,,
ja,hard,らいあん,not_in_reference_dictionary,C,,
ja,hard,らうんじ,loanword_in_hiragana,B,,ラウンジ
ja,hard,らうんど,loanword_in_hiragana,B,,ラウンド
ja,hard,らっしゃい,not_in_reference_dictionary,C,,
ja,hard,らっしゅ,loanword_in_hiragana,B,,ラッシュ
ja,hard,らっせる,loanword_in_hiragana,B,,ラッセル
ja,hard,らてんご,not_in_reference_dictionary,C,,
ja,hard,られれ,not_in_reference_dictionary,C,,
ja,hard,らんだむ,loanword_in_hiragana,B,,ランダム
ja,hard,りせっと,loanword_in_hiragana,B,,リセット
ja,hard,れっすん,loanword_in_hiragana,B,,レッスン
ja,hard,れつしま,not_in_reference_dictionary,C,,
ja,hard,ろけっと,loanword_in_hiragana,B,,ロケット
ja,hard,ろぼっと,loanword_in_hiragana,B,,ロボット
ja,hard,ろまんす,loanword_in_hiragana,B,,ロマンス
ja,hard,ろりこん,loanword_in_hiragana,B,,ロリコン
ja,hard,わくちん,loanword_in_hiragana,B,,ワクチン
ja,hard,わんまん,loanword_in_hiragana,B,,ワンマン
ja,expert,あいぬ,loanword_in_hiragana,B,,アイヌ
ja,expert,あかるく,not_in_reference_dictionary,C,,
ja,expert,あがりこん,not_in_reference_dictionary,C,,
ja,expert,あがれ,not_in_reference_dictionary,C,,
ja,expert,あきば,not_in_reference_dictionary,C,,
ja,expert,あきもと,not_in_reference_dictionary,C,,
ja,expert,あきら,not_in_reference_dictionary,C,,
ja,expert,あきれ,not_in_reference_dictionary,C,,
ja,expert,あげつらっ,fragment,A,,
ja,expert,あげれ,not_in_reference_dictionary,C,,
ja,expert,あさの,not_in_reference_dictionary,C,,
ja,expert,あそう,not_in_reference_dictionary,C,,
ja,expert,あそば,not_in_reference_dictionary,C,,
ja,expert,あそべ,not_in_reference_dictionary,C,,
ja,expert,あそべる,not_in_reference_dictionary,C,,
ja,expert,あそぼ,not_in_reference_dictionary,C,,
ja,expert,あたため,not_in_reference_dictionary,C,,
ja,expert,あっけなく,not_in_reference_dictionary,C,,
ja,expert,あつく,not_in_reference_dictionary,C,,
ja,expert,あなる,loanword_in_hiragana,B,,アナル
ja,expert,あばれ,not_in_reference_dictionary,C,,
ja,expert,あぽろ,loanword_in_hiragana,B,,アポロ
ja,expert,あまく,not_in_reference_dictionary,C,,
ja,expert,あまっ,fragment,A,,
ja,expert,あめりかがっしゅうこく,not_in_reference_dictionary,C,,
ja,expert,あやせ,not_in_reference_dictionary,C,,
ja,expert,あやまっ,fragment,A,,
ja,expert,あらぶ,loanword_in_hiragana,B,,アラブ
ja,expert,あらわし,not_in_reference_dictionary,C,,
ja,expert,ありがたく,not_in_reference_dictionary,C,,
ja,expert,あるい,not_in_reference_dictionary,C,,
ja,expert,あるぜんちん,loanword_in_hiragana,B,,アルゼンチン
ja,expert,あると,loanword_in_hiragana,B,,アルト
ja,expert,あわて,not_in_reference_dictionary,C,,
ja,expert,あんどろいど,loanword_in_hiragana,B,,アンドロイド
ja,expert,ぃちゃんはそれなりに,fragment,A,,
ja,expert,ぃむしちゅ,fragment,A,,
ja,expert,いいだ,not_in_reference_dictionary,C,,
ja,expert,いいっ,fragment,A,,
ja,expert,いかし,not_in_reference_dictionary,C,,
ja,expert,いけだ,not_in_reference_dictionary,C,,
ja,expert,いしだ,not_in_reference_dictionary,C,,
ja,expert,いそが,not_in_reference_dictionary,C,,
ja,expert,いそがし,not_in_reference_dictionary,C,,
ja,expert,いそがしく,not_in_reference_dictionary,C,,
ja,expert,いたかっ,fragment,A,,
ja,expert,いたっ,fragment,A,,
ja,expert,いたら,not_in_reference_dictionary,C,,
ja,expert,いちゃつき,not_in_reference_dictionary,C,,
ja,expert,いつくしま,not_in_reference_dictionary,C,,
ja,expert,いとし,not_in_reference_dictionary,C,,
ja,expert,いねだ,not_in_reference_dictionary,C,,
ja,expert,いらっしゃっ,fragment,A,,
ja,expert,いわさき,not_in_reference_dictionary,C,,
ja,expert,いわっ,fragment,A,,
ja,expert,いんぐらんど,loanword_in_hiragana,B,,イングランド
ja,expert,いんすたんと,loanword_in_hiragana,B,,インスタント
ja,expert,いんでぃあん,loanword_in_hiragana,B,,インディアン
ja,expert,いんどねしあ,loanword_in_hiragana,B,,インドネシア
ja,expert,うぇあ,loanword_in_hiragana,B,,ウェア
ja,expert,うぇい,loanword_in_hiragana,B,,ウェイ
ja,expert,うぇぶさいと,loanword_in_hiragana,B,,ウェブサイト
ja,expert,うえだ,not_in_reference_dictionary,C,,
ja,expert,うぉん,loanword_in_hiragana,B,,ウォン
ja,expert,うかがえる,not_in_reference_dictionary,C,,
ja,expert,うかば,not_in_reference_dictionary,C,,
ja,expert,うけつい,not_in_reference_dictionary,C,,
ja,expert,うごけ,not_in_reference_dictionary,C,,
ja,expert,うすく,not_in_reference_dictionary,C,,
ja,expert,うずくまっ,fragment,A,,
ja,expert,うちだ,not_in_reference_dictionary,C,,
ja,expert,うっとうし,not_in_reference_dictionary,C,,
ja,expert,うっど,loanword_in_hiragana,B,,ウッド
ja,expert,うつくし,not_in_reference_dictionary,C,,
ja,expert,うつくしく,not_in_reference_dictionary,C,,
ja,expert,うつっ,fragment,A,,
ja,expert,うて,not_in_reference_dictionary,C,,
ja,expert,うながし,not_in_reference_dictionary,C,,
ja,expert,うの,not_in_reference_dictionary,C,,
ja,expert,うばっ,fragment,A,,
ja,expert,うまかっ,fragment,A,,
ja,expert,うまれかわっ,fragment,A,,
ja,expert,うみだし,not_in_reference_dictionary,C,,
ja,expert,うめだ,not_in_reference_dictionary,C,,
ja,expert,うもれ,not_in_reference_dictionary,C,,
ja,expert,うらやまし,not_in_reference_dictionary,C,,
ja,expert,うるさかっ,fragment,A,,
ja,expert,うるさく,not_in_reference_dictionary,C,,
ja,expert,うるとらまん,not_in_reference_dictionary,C,,
ja,expert,うるふ,loanword_in_hiragana,B,,ウルフ
ja,expert,うれしかっ,fragment,A,,
ja,expert,うれしく,not_in_reference_dictionary,C,,
ja,expert,えいと,loanword_in_hiragana,B,,エイト
ja,expert,えがけ,not_in_reference_dictionary,C,,
ja,expert,えっじ,loanword_in_hiragana,B,,エッジ
ja,expert,えでぃしょん,loanword_in_hiragana,B,,エディション
ja,expert,えらべ,not_in_reference_dictionary,C,,
ja,expert,えろげ,loanword_in_hiragana,B,,エロゲ
ja,expert,えろす,loanword_in_hiragana,B,,エロス
ja,expert,えんでぃんぐ,loanword_in_hiragana,B,,エンディング
ja,expert,えんど,loanword_in_hiragana,B,,エンド
ja,expert,えゔぁ,not_in_reference_dictionary,C,,
ja,expert,ぉぉぉぉぉい,fragment,A,,
ja,expert,おいかけ,not_in_reference_dictionary,C,,
ja,expert,おいこま,not_in_reference_dictionary,C,,
ja,expert,おいしゅう,not_in_reference_dictionary,C,,
ja,expert,おいつい,not_in_reference_dictionary,C,,
ja,expert,おいん,not_in_reference_dictionary,C,,
ja,expert,おおた,not_in_reference_dictionary,C,,
ja,expert,おおっ,fragment,A,,
ja,expert,おかさ,not_in_reference_dictionary,C,,
ja,expert,おかだ,not_in_reference_dictionary,C,,
ja,expert,おぐら,not_in_reference_dictionary,C,,
ja,expert,おこさ,not_in_reference_dictionary,C,,
ja,expert,おこなえる,not_in_reference_dictionary,C,,
ja,expert,おざわ,not_in_reference_dictionary,C,,
ja,expert,おしり,,,yes,
ja,expert,おそかっ,fragment,A,,
ja,expert,おそろしく,not_in_reference_dictionary,C,,
ja,expert,おそわ,not_in_reference_dictionary,C,,
ja,expert,おちつけ,not_in_reference_dictionary,C,,
ja,expert,おちゃらけ,not_in_reference_dictionary,C,,
ja,expert,おちょくっ,fragment,A,,
ja,expert,おっしゃっ,fragment,A,,
ja,expert,おどっ,fragment,A,,
ja,expert,おどら,not_in_reference_dictionary,C,,
ja,expert,おばま,not_in_reference_dictionary,C,,
ja,expert,おふぃしゃる,loanword_in_hiragana,B,,オフィシャル
ja,expert,おぶじぇくと,loanword_in_hiragana,B,,オブジェクト
ja,expert,おぼれ,not_in_reference_dictionary,C,,
ja,expert,おめが,loanword_in_hiragana,B,,オメガ
ja,expert,おもいきっ,fragment,A,,
ja,expert,おもいだせ,not_in_reference_dictionary,C,,
ja,expert,おもいつい,not_in_reference_dictionary,C,,
ja,expert,おもいつか,not_in_reference_dictionary,C,,
ja,expert,おもいとうり,not_in_reference_dictionary,C,,
ja,expert,おもく,not_in_reference_dictionary,C,,
ja,expert,おもしろかっ,fragment,A,,
ja,expert,およい,not_in_reference_dictionary,C,,
ja,expert,およん,not_in_reference_dictionary,C,,
ja,expert,おりんぴっく,loanword_in_hiragana,B,,オリンピック
ja,expert,おわ,not_in_reference_dictionary,C,,
ja,expert,おわれ,not_in_reference_dictionary,C,,
ja,expert,かいくぐっ,fragment,A,,
ja,expert,かいっ,fragment,A,,
ja,expert,かえせ,not_in_reference_dictionary,C,,
ja,expert,かえれる,not_in_reference_dictionary,C,,
ja,expert,かえろ,not_in_reference_dictionary,C,,
ja,expert,かかげ,not_in_reference_dictionary,C,,
ja,expert,かがつ,not_in_reference_dictionary,C,,
ja,expert,かがやい,not_in_reference_dictionary,C,,
ja,expert,かぎっ,fragment,A,,
ja,expert,かけつけ,not_in_reference_dictionary,C,,
ja,expert,かさなっ,fragment,A,,
ja,expert,かざま,not_in_reference_dictionary,C,,
ja,expert,かじの,loanword_in_hiragana,B,,カジノ
ja,expert,かすが,not_in_reference_dictionary,C,,
ja,expert,かすたまいず,loanword_in_hiragana,B,,カスタマイズ
ja,expert,かたまっ,fragment,A,,
ja,expert,かたむけ,not_in_reference_dictionary,C,,
ja,expert,かたら,not_in_reference_dictionary,C,,
ja,expert,かっこよさ,not_in_reference_dictionary,C,,
ja,expert,かっぱえびせん,not_in_reference_dictionary,C,,
ja,expert,かっぷりんぐ,loanword_in_hiragana,B,,カップリング
ja,expert,かてる,not_in_reference_dictionary,C,,
ja,expert,かなし,not_in_reference_dictionary,C,,
ja,expert,かねこ,not_in_reference_dictionary,C,,
ja,expert,かまっ,fragment,A,,
ja,expert,かよっ,fragment,A,,
ja,expert,からま,not_in_reference_dictionary,C,,
ja,expert,かると,loanword_in_hiragana,B,,カルト
ja,expert,かわいかっ,fragment,A,,
ja,expert,かわいがっ,fragment,A,,
ja,expert,かわいらし,not_in_reference_dictionary,C,,
ja,expert,かわいらしく,not_in_reference_dictionary,C,,
ja,expert,かわれ,not_in_reference_dictionary,C,,
ja,expert,がいど,loanword_in_hiragana,B,,ガイド
ja,expert,がいどらいん,loanword_in_hiragana,B,,ガイドライン
ja,expert,がちゃ,loanword_in_hiragana,B,,ガチャ
ja,expert,がんばろ,not_in_reference_dictionary,C,,
ja,expert,きかさ,not_in_reference_dictionary,C,,
ja,expert,きけ,not_in_reference_dictionary,C,,
ja,expert,きざま,not_in_reference_dictionary,C,,
ja,expert,きちじょうじ,not_in_reference_dictionary,C,,
ja,expert,きっく,loanword_in_hiragana,B,,キック
ja,expert,きっず,loanword_in_hiragana,B,,キッズ
ja,expert,きっど,loanword_in_hiragana,B,,キッド
ja,expert,きつく,not_in_reference_dictionary,C,,
ja,expert,きづい,not_in_reference_dictionary,C,,
ja,expert,きてぃ,not_in_reference_dictionary,C,,
ja,expert,きびし,not_in_reference_dictionary,C,,
ja,expert,きむち,loanword_in_hiragana,B,,キムチ
ja,expert,きゃす,not_in_reference_dictionary,C,,
ja,expert,きゃば,loanword_in_hiragana,B,,キャバ
ja,expert,きょうごく,not_in_reference_dictionary,C,,
ja,expert,きよし,not_in_reference_dictionary,C,,
ja,expert,きりっ,fragment,A,,
ja,expert,きわめ,not_in_reference_dictionary,C,,
ja,expert,ぎぎょこうは,not_in_reference_dictionary,C,,
ja,expert,ぎじもんだい,not_in_reference_dictionary,C,,
ja,expert,ぎじゅつかきょういく,not_in_reference_dictionary,C,,
ja,expert,ぎっしゃのせんじとは,not_in_reference_dictionary,C,,
ja,expert,ぎひろとなっているが,not_in_reference_dictionary,C,,
ja,expert,ぎふけんどう,not_in_reference_dictionary,C,,
ja,expert,ぎゃぐ,loanword_in_hiragana,B,,ギャグ
ja,expert,ぎやまこうえんは,not_in_reference_dictionary,C,,
ja,expert,ぎゅうといい,not_in_reference_dictionary,C,,
ja,expert,ぎるど,loanword_in_hiragana,B,,ギルド
ja,expert,くいず,loanword_in_hiragana,B,,クイズ
ja,expert,くさっ,fragment,A,,
ja,expert,くださ,not_in_reference_dictionary,C,,
ja,expert,くだっ,fragment,A,,
ja,expert,くばっ,fragment,A,,
ja,expert,くらっ,fragment,A,,
ja,expert,くらぶ,loanword_in_hiragana,B,,クラブ
ja,expert,くりあ,loanword_in_hiragana,B,,クリア
ja,expert,くりす,not_in_reference_dictionary,C,,
ja,expert,くりひろげ,not_in_reference_dictionary,C,,
ja,expert,くるし,not_in_reference_dictionary,C,,
ja,expert,くるしく,not_in_reference_dictionary,C,,
ja,expert,くれあ,not_in_reference_dictionary,C,,
ja,expert,くろく,not_in_reference_dictionary,C,,
ja,expert,くろだ,not_in_reference_dictionary,C,,
ja,expert,くわわり,not_in_reference_dictionary,C,,
ja,expert,ぐぐ,not_in_reference_dictionary,C,,
ja,expert,ぐまちゃんのみずあそび,not_in_reference_dictionary,C,,
ja,expert,ぐらごせんせんは,not_in_reference_dictionary,C,,
ja,expert,ぐらふ,loanword_in_hiragana,B,,グラフ
ja,expert,ぐらふぃっく,loanword_in_hiragana,B,,グラフィック
ja,expert,ぐらんぷり,loanword_in_hiragana,B,,グランプリ
ja,expert,ぐりごもんのへん,not_in_reference_dictionary,C,,
ja,expert,ぐりちゅうがっこうは,not_in_reference_dictionary,C,,
ja,expert,ぐるめ,loanword_in_hiragana,B,,グルメ
ja,expert,ぐれ,not_in_reference_dictionary,C,,
ja,expert,ぐろ,loanword_in_hiragana,B,,グロ
ja,expert,ぐろまつまるせん,not_in_reference_dictionary,C,,
ja,expert,ぐんきかんがっこうとは,not_in_reference_dictionary,C,,
ja,expert,ぐんませんきょく,not_in_reference_dictionary,C,,
ja,expert,けずっ,fragment,A,,
ja,expert,げりら,loanword_in_hiragana,B,,ゲリラ
ja,expert,こいけ,not_in_reference_dictionary,C,,
ja,expert,こおら,not_in_reference_dictionary,C,,
ja,expert,ここあ,loanword_in_hiragana,B,,ココア
ja,expert,ことごときる,not_in_reference_dictionary,C,,
ja,expert,ことなっ,fragment,A,,
ja,expert,こね,loanword_in_hiragana,B,,コネ
ja,expert,このん,not_in_reference_dictionary,C,,
ja,expert,こびりつい,not_in_reference_dictionary,C,,
ja,expert,こまっ,fragment,A,,
ja,expert,こまら,not_in_reference_dictionary,C,,
ja,expert,こまり,not_in_reference_dictionary,C,,
ja,expert,こみけ,loanword_in_hiragana,B,,コミケ
ja,expert,こみゅ,loanword_in_hiragana,B,,コミュ
ja,expert,こらむ,loanword_in_hiragana,B,,コラム
ja,expert,こりん,loanword_in_hiragana,B,,コリン
ja,expert,ころがっ,fragment,A,,
ja,expert,ころさ,not_in_reference_dictionary,C,,
ja,expert,ころな,loanword_in_hiragana,B,,コロナ
ja,expert,ころん,loanword_in_hiragana,B,,コロン
ja,expert,こわかっ,fragment,A,,
ja,expert,こわさ,not_in_reference_dictionary,C,,
ja,expert,こんなにも,not_in_reference_dictionary,C,,
ja,expert,こんび,loanword_in_hiragana,B,,コンビ
ja,expert,ごじら,loanword_in_hiragana,B,,ゴジラ
ja,expert,ごっど,loanword_in_hiragana,B,,ゴッド
ja,expert,ごりら,loanword_in_hiragana,B,,ゴリラ
ja,expert,さいや,not_in_reference_dictionary,C,,
ja,expert,さかた,not_in_reference_dictionary,C,,
ja,expert,さかっ,fragment,A,,
ja,expert,さかのぼっ,fragment,A,,
ja,expert,さかのぼら,not_in_reference_dictionary,C,,
ja,expert,さかのぼれ,not_in_reference_dictionary,C,,
ja,expert,さがさ,not_in_reference_dictionary,C,,
ja,expert,さがせ,not_in_reference_dictionary,C,,
ja,expert,さがそ,not_in_reference_dictionary,C,,
ja,expert,さがわ,not_in_reference_dictionary,C,,
ja,expert,さくっ,fragment,A,,
ja,expert,ささき,not_in_reference_dictionary,C,,
ja,expert,ささっ,fragment,A,,
ja,expert,さそわ,not_in_reference_dictionary,C,,
ja,expert,さっ,fragment,A,,
ja,expert,さとみ,not_in_reference_dictionary,C,,
ja,expert,さびし,not_in_reference_dictionary,C,,
ja,expert,さぷり,loanword_in_hiragana,B,,サプリ
ja,expert,さぼっ,fragment,A,,
ja,expert,さむく,not_in_reference_dictionary,C,,
ja,expert,さらだ,loanword_in_hiragana,B,,サラダ
ja,expert,さろん,loanword_in_hiragana,B,,サロン
ja,expert,さわが,not_in_reference_dictionary,C,,
ja,expert,さんしゃいん,loanword_in_hiragana,B,,サンシャイン
ja,expert,さんた,loanword_in_hiragana,B,,サンタ
ja,expert,さんどいっち,loanword_in_hiragana,B,,サンドイッチ
ja,expert,ざいもくちょうえきは,not_in_reference_dictionary,C,,
ja,expert,ざかまちひらのは,not_in_reference_dictionary,C,,
ja,expert,ざきけんりつ,not_in_reference_dictionary,C,,
ja,expert,ざきしろうきねんかんは,not_in_reference_dictionary,C,,
ja,expert,ざきちゅうがっこうは,not_in_reference_dictionary,C,,
ja,expert,ざじゅうおり,not_in_reference_dictionary,C,,
ja,expert,ざとすみよしじんしゃ,not_in_reference_dictionary,C,,
ja,expert,ざなみのみこと,not_in_reference_dictionary,C,,
ja,expert,ざぶとんとは,not_in_reference_dictionary,C,,
ja,expert,ざみきつねうどん,not_in_reference_dictionary,C,,
ja,expert,ざんじんじゃ,not_in_reference_dictionary,C,,
ja,expert,ざんてつどう,not_in_reference_dictionary,C,,
ja,expert,ざんにんていこどもえん,not_in_reference_dictionary,C,,
ja,expert,しかご,loanword_in_hiragana,B,,シカゴ
ja,expert,しがみつき,not_in_reference_dictionary,C,,
ja,expert,しそこなっ,fragment,A,,
ja,expert,しにあ,loanword_in_hiragana,B,,シニア
ja,expert,しねる,not_in_reference_dictionary,C,,
ja,expert,しのだ,not_in_reference_dictionary,C,,
ja,expert,しぼっ,fragment,A,,
ja,expert,しめさ,not_in_reference_dictionary,C,,
ja,expert,しもきたざわ,not_in_reference_dictionary,C,,
ja,expert,しゃつ,loanword_in_hiragana,B,,シャツ
ja,expert,しゃべら,not_in_reference_dictionary,C,,
ja,expert,しゃべれ,not_in_reference_dictionary,C,,
ja,expert,しゃべれる,not_in_reference_dictionary,C,,
ja,expert,しゃん,loanword_in_hiragana,B,,シャン
ja,expert,しらい,not_in_reference_dictionary,C,,
ja,expert,しりあ,loanword_in_hiragana,B,,シリア
ja,expert,しるさ,not_in_reference_dictionary,C,,
ja,expert,しんいちろう,not_in_reference_dictionary,C,,
ja,expert,しんじゅく,not_in_reference_dictionary,C,,
ja,expert,しんたろう,not_in_reference_dictionary,C,,
ja,expert,しんのすけ,not_in_reference_dictionary,C,,
ja,expert,じぇふ,not_in_reference_dictionary,C,,
ja,expert,じぇる,loanword_in_hiragana,B,,ジェル
ja,expert,じゃず,loanword_in_hiragana,B,,ジャズ
ja,expert,じゅんいち,not_in_reference_dictionary,C,,
ja,expert,すいす,loanword_in_hiragana,B,,スイス
ja,expert,すきとおっ,fragment,A,,
ja,expert,すぎた,not_in_reference_dictionary,C,,
ja,expert,すくな,not_in_reference_dictionary,C,,
ja,expert,すくらんぶる,loanword_in_hiragana,B,,スクランブル
ja,expert,すくわ,not_in_reference_dictionary,C,,
ja,expert,すごせ,not_in_reference_dictionary,C,,
ja,expert,すごせる,not_in_reference_dictionary,C,,
ja,expert,すさまじく,not_in_reference_dictionary,C,,
ja,expert,すすま,not_in_reference_dictionary,C,,
ja,expert,すすん,not_in_reference_dictionary,C,,
ja,expert,すずか,not_in_reference_dictionary,C,,
ja,expert,すずしく,not_in_reference_dictionary,C,,
ja,expert,すたいりすと,loanword_in_hiragana,B,,スタイリスト
ja,expert,すたば,loanword_in_hiragana,B,,スタバ
ja,expert,すて,not_in_reference_dictionary,C,,
ja,expert,すとあ,loanword_in_hiragana,B,,ストア
ja,expert,すばらし,not_in_reference_dictionary,C,,
ja,expert,すばらしかっ,fragment,A,,
ja,expert,すばらしく,not_in_reference_dictionary,C,,
ja,expert,すぴん,loanword_in_hiragana,B,,スピン
ja,expert,すべっ,fragment,A,,
ja,expert,すませ,not_in_reference_dictionary,C,,
ja,expert,すみす,not_in_reference_dictionary,C,,
ja,expert,すりむ,loanword_in_hiragana,B,,スリム
ja,expert,せまく,not_in_reference_dictionary,C,,
ja,expert,せまっ,fragment,A,,
ja,expert,せまら,not_in_reference_dictionary,C,,
ja,expert,せるふ,loanword_in_hiragana,B,,セルフ
ja,expert,ぜうす,loanword_in_hiragana,B,,ゼウス
ja,expert,ぜるだ,not_in_reference_dictionary,C,,
ja,expert,そそい,not_in_reference_dictionary,C,,
ja,expert,そそのかさ,not_in_reference_dictionary,C,,
ja,expert,そふとばんく,loanword_in_hiragana,B,,ソフトバンク
ja,expert,それん,not_in_reference_dictionary,C,,
ja,expert,そんぐ,loanword_in_hiragana,B,,ソング
ja,expert,たいしんさい,not_in_reference_dictionary,C,,
ja,expert,たいつ,loanword_in_hiragana,B,,タイツ
ja,expert,たおせ,not_in_reference_dictionary,C,,
ja,expert,たかだ,not_in_reference_dictionary,C,,
ja,expert,たくましく,not_in_reference_dictionary,C,,
ja,expert,たぐち,not_in_reference_dictionary,C,,
ja,expert,たすかっ,fragment,A,,
ja,expert,たすかり,not_in_reference_dictionary,C,,
ja,expert,たずさわっ,fragment,A,,
ja,expert,たたかえ,not_in_reference_dictionary,C,,
ja,expert,たたかわ,not_in_reference_dictionary,C,,
ja,expert,たたみかけ,not_in_reference_dictionary,C,,
ja,expert,たちあがっ,fragment,A,,
ja,expert,たちよっ,fragment,A,,
ja,expert,たっぐ,loanword_in_hiragana,B,,タッグ
ja,expert,たっぷ,loanword_in_hiragana,B,,タップ
ja,expert,たどりつい,not_in_reference_dictionary,C,,
ja,expert,たどりつき,not_in_reference_dictionary,C,,
ja,expert,たぶらかさ,not_in_reference_dictionary,C,,
ja,expert,たまりかね,not_in_reference_dictionary,C,,
ja,expert,ためさ,not_in_reference_dictionary,C,,
ja,expert,たよら,not_in_reference_dictionary,C,,
ja,expert,だいき,not_in_reference_dictionary,C,,
ja,expert,だいじぇすと,loanword_in_hiragana,B,,ダイジェスト
ja,expert,だいやもんど,loanword_in_hiragana,B,,ダイヤモンド
ja,expert,だせ,not_in_reference_dictionary,C,,
ja,expert,だせる,not_in_reference_dictionary,C,,
ja,expert,だそ,not_in_reference_dictionary,C,,
ja,expert,だまれ,not_in_reference_dictionary,C,,
ja,expert,だんす,loanword_in_hiragana,B,,ダンス
ja,expert,ちぇこ,loanword_in_hiragana,B,,チェコ
ja,expert,ちぇす,loanword_in_hiragana,B,,チェス
ja,expert,ちぇろ,loanword_in_hiragana,B,,チェロ
ja,expert,ちかっ,fragment,A,,
ja,expert,ちがえ,not_in_reference_dictionary,C,,
ja,expert,ちゃえ,not_in_reference_dictionary,C,,
ja,expert,ちゃんぴおん,loanword_in_hiragana,B,,チャンピオン
ja,expert,ちょろまかし,not_in_reference_dictionary,C,,
ja,expert,ちょろまかそ,not_in_reference_dictionary,C,,
ja,expert,ちら,not_in_reference_dictionary,C,,
ja,expert,ちんこ,,,yes,
ja,expert,ぢみち,not_in_reference_dictionary,C,,
ja,expert,ついていけ,not_in_reference_dictionary,C,,
ja,expert,ついやし,not_in_reference_dictionary,C,,
ja,expert,ついん,loanword_in_hiragana,B,,ツイン
ja,expert,つかさどっ,fragment,A,,
ja,expert,つかまっ,fragment,A,,
ja,expert,つかめ,not_in_reference_dictionary,C,,
ja,expert,つくば,not_in_reference_dictionary,C,,
ja,expert,つくりあげ,not_in_reference_dictionary,C,,
ja,expert,つちや,not_in_reference_dictionary,C,,
ja,expert,つつがなく,not_in_reference_dictionary,C,,
ja,expert,つつま,not_in_reference_dictionary,C,,
ja,expert,つつましく,not_in_reference_dictionary,C,,
ja,expert,つつん,not_in_reference_dictionary,C,,
ja,expert,つづい,not_in_reference_dictionary,C,,
ja,expert,つづか,not_in_reference_dictionary,C,,
ja,expert,つとむ,not_in_reference_dictionary,C,,
ja,expert,つながら,not_in_reference_dictionary,C,,
ja,expert,つなぎとめ,not_in_reference_dictionary,C,,
ja,expert,つぶさ,not_in_reference_dictionary,C,,
ja,expert,つまっ,fragment,A,,
ja,expert,つめこん,not_in_reference_dictionary,C,,
ja,expert,つめたく,not_in_reference_dictionary,C,,
ja,expert,つも,loanword_in_hiragana,B,,ツモ
ja,expert,つよし,not_in_reference_dictionary,C,,
ja,expert,つらかっ,fragment,A,,
ja,expert,つん,not_in_reference_dictionary,C,,
ja,expert,づ,single_kana,B,,
ja,expert,づがわしりつ,not_in_reference_dictionary,C,,
ja,expert,づなどひょういり,not_in_reference_dictionary,C,,
ja,expert,づななだるは,not_in_reference_dictionary,C,,
ja,expert,づみみずはら,not_in_reference_dictionary,C,,
ja,expert,づらく,not_in_reference_dictionary,C,,
ja,expert,づわかまつうんゆくは,not_in_reference_dictionary,C,,
ja,expert,てぃむ,not_in_reference_dictionary,C,,
ja,expert,てがけ,not_in_reference_dictionary,C,,
ja,expert,てっ,fragment,A,,
ja,expert,てっく,loanword_in_hiragana,B,,テック
ja,expert,てつだっ,fragment,A,,
ja,expert,てづか,not_in_reference_dictionary,C,,
ja,expert,てらし,not_in_reference_dictionary,C,,
ja,expert,てれび,loanword_in_hiragana,B,,テレビ
ja,expert,てれびあさひ,not_in_reference_dictionary,C,,
ja,expert,でぃす,loanword_in_hiragana,B,,ディス
ja,expert,でぃすぷれい,loanword_in_hiragana,B,,ディスプレイ
ja,expert,でかく,not_in_reference_dictionary,C,,
ja,expert,できあがっ,fragment,A,,
ja,expert,ですく,loanword_in_hiragana,B,,デスク
ja,expert,でるた,loanword_in_hiragana,B,,デルタ
ja,expert,とかし,not_in_reference_dictionary,C,,
ja,expert,とっぷくらす,loanword_in_hiragana,B,,トップクラス
ja,expert,ととのっ,fragment,A,,
ja,expert,とどき,not_in_reference_dictionary,C,,
ja,expert,とびこん,not_in_reference_dictionary,C,,
ja,expert,とまっ,fragment,A,,
ja,expert,ともなっ,fragment,A,,
ja,expert,とよす,not_in_reference_dictionary,C,,
ja,expert,とよた,loanword_in_hiragana,B,,トヨタ
ja,expert,とりあつかっ,fragment,A,,
ja,expert,とりお,loanword_in_hiragana,B,,トリオ
ja,expert,とりもどし,not_in_reference_dictionary,C,,
ja,expert,とるこ,loanword_in_hiragana,B,,トルコ
ja,expert,とんねるず,not_in_reference_dictionary,C,,
ja,expert,どらむ,loanword_in_hiragana,B,,ドラム
ja,expert,ないす,loanword_in_hiragana,B,,ナイス
ja,expert,ないん,loanword_in_hiragana,B,,ナイン
ja,expert,なおと,not_in_reference_dictionary,C,,
ja,expert,なおら,not_in_reference_dictionary,C,,
ja,expert,なかの,not_in_reference_dictionary,C,,
ja,expert,ながく,not_in_reference_dictionary,C,,
ja,expert,なぐっ,fragment,A,,
ja,expert,なぐら,not_in_reference_dictionary,C,,
ja,expert,なぐり,not_in_reference_dictionary,C,,
ja,expert,なさっ,fragment,A,,
ja,expert,なしとげ,not_in_reference_dictionary,C,,
ja,expert,なすりつけよ,not_in_reference_dictionary,C,,
ja,expert,なちす,loanword_in_hiragana,B,,ナチス
ja,expert,なっつ,loanword_in_hiragana,B,,ナッツ
ja,expert,なつかしき,not_in_reference_dictionary,C,,
ja,expert,なで,not_in_reference_dictionary,C,,
ja,expert,なぽり,not_in_reference_dictionary,C,,
ja,expert,なやま,not_in_reference_dictionary,C,,
ja,expert,なやまさ,not_in_reference_dictionary,C,,
ja,expert,なりかわっ,fragment,A,,
ja,expert,なんらかの,not_in_reference_dictionary,C,,
ja,expert,にあわ,not_in_reference_dictionary,C,,
ja,expert,におきまして,not_in_reference_dictionary,C,,
ja,expert,にぎっ,fragment,A,,
ja,expert,にげだし,not_in_reference_dictionary,C,,
ja,expert,にしだ,not_in_reference_dictionary,C,,
ja,expert,にしの,not_in_reference_dictionary,C,,
ja,expert,にじゅういち,not_in_reference_dictionary,C,,
ja,expert,にっく,loanword_in_hiragana,B,,ニック
ja,expert,にった,not_in_reference_dictionary,C,,
ja,expert,になっ,fragment,A,,
ja,expert,にほんてれび,not_in_reference_dictionary,C,,
ja,expert,ぬぎ,not_in_reference_dictionary,C,,
ja,expert,ぬぐい,not_in_reference_dictionary,C,,
ja,expert,ぬけだし,not_in_reference_dictionary,C,,
ja,expert,ぬげ,not_in_reference_dictionary,C,,
ja,expert,ぬすん,not_in_reference_dictionary,C,,
ja,expert,ぬっ,fragment,A,,
ja,expert,ぬまづ,not_in_reference_dictionary,C,,
ja,expert,ねかせ,not_in_reference_dictionary,C,,
ja,expert,ねがっ,fragment,A,,
ja,expert,ねむく,not_in_reference_dictionary,C,,
ja,expert,ねむっ,fragment,A,,
ja,expert,ねりま,not_in_reference_dictionary,C,,
ja,expert,のがし,not_in_reference_dictionary,C,,
ja,expert,のこし,not_in_reference_dictionary,C,,
ja,expert,のしかかっ,fragment,A,,
ja,expert,のぞい,not_in_reference_dictionary,C,,
ja,expert,のぞま,not_in_reference_dictionary,C,,
ja,expert,のっく,loanword_in_hiragana,B,,ノック
ja,expert,のっとら,not_in_reference_dictionary,C,,
ja,expert,のばし,not_in_reference_dictionary,C,,
ja,expert,のぼりつめ,not_in_reference_dictionary,C,,
ja,expert,のりこえ,not_in_reference_dictionary,C,,
ja,expert,のりこん,not_in_reference_dictionary,C,,
ja,expert,のるま,loanword_in_hiragana,B,,ノルマ
ja,expert,のれ,not_in_reference_dictionary,C,,
ja,expert,のれる,not_in_reference_dictionary,C,,
ja,expert,のろわ,not_in_reference_dictionary,C,,
ja,expert,はかっ,fragment,A,,
ja,expert,はぐらかし,not_in_reference_dictionary,C,,
ja,expert,はじまっ,fragment,A,,
ja,expert,はずかし,not_in_reference_dictionary,C,,
ja,expert,はずせ,not_in_reference_dictionary,C,,
ja,expert,はせがわ,not_in_reference_dictionary,C,,
ja,expert,はたらい,not_in_reference_dictionary,C,,
ja,expert,はなしかけ,not_in_reference_dictionary,C,,
ja,expert,はなせ,not_in_reference_dictionary,C,,
ja,expert,はなはだしく,not_in_reference_dictionary,C,,
ja,expert,はねだ,not_in_reference_dictionary,C,,
ja,expert,はやっ,fragment,A,,
ja,expert,はるき,not_in_reference_dictionary,C,,
ja,expert,はんす,not_in_reference_dictionary,C,,
ja,expert,はんど,loanword_in_hiragana,B,,ハンド
ja,expert,ばいお,loanword_in_hiragana,B,,バイオ
ja,expert,ばすけ,loanword_in_hiragana,B,,バスケ
ja,expert,ばすと,loanword_in_hiragana,B,,バスト
ja,expert,ばっく,loanword_in_hiragana,B,,バック
ja,expert,ばっくあっぷ,loanword_in_hiragana,B,,バックアップ
ja,expert,ばっじ,loanword_in_hiragana,B,,バッジ
ja,expert,ばでぃ,loanword_in_hiragana,B,,バディ
ja,expert,ばどみんとん,loanword_in_hiragana,B,,バドミントン
ja,expert,ばなな,loanword_in_hiragana,B,,バナナ
ja,expert,ばにら,loanword_in_hiragana,B,,バニラ
ja,expert,ばぶる,loanword_in_hiragana,B,,バブル
ja,expert,ばるぶ,loanword_in_hiragana,B,,バルブ
ja,expert,ぱいぱん,loanword_in_hiragana,B,,パイパン
ja,expert,ぱいぷ,loanword_in_hiragana,B,,パイプ
ja,expert,ぱじゃま,loanword_in_hiragana,B,,パジャマ
ja,expert,ぱすた,loanword_in_hiragana,B,,パスタ
ja,expert,ぱずる,loanword_in_hiragana,B,,パズル
ja,expert,ぱそこん,loanword_in_hiragana,B,,パソコン
ja,expert,ぱっ,fragment,A,,
ja,expert,ぱっど,loanword_in_hiragana,B,,パッド
ja,expert,ぱねる,loanword_in_hiragana,B,,パネル
ja,expert,ぱぶ,loanword_in_hiragana,B,,パブ
ja,expert,ぱみゅぱみゅの,not_in_reference_dictionary,C,,
ja,expert,ぱらだいす,loanword_in_hiragana,B,,パラダイス
ja,expert,ぱれっとの,not_in_reference_dictionary,C,,
ja,expert,ぱんち,loanword_in_hiragana,B,,パンチ
ja,expert,ぱんちら,loanword_in_hiragana,B,,パンチラ
ja,expert,ぱんつ,loanword_in_hiragana,B,,パンツ
ja,expert,ぱんふれっと,loanword_in_hiragana,B,,パンフレット
ja,expert,ひかっ,fragment,A,,
ja,expert,ひがしあじあ,not_in_reference_dictionary,C,,
ja,expert,ひきい,not_in_reference_dictionary,C,,
ja,expert,ひずん,not_in_reference_dictionary,C,,
ja,expert,ひたちなか,not_in_reference_dictionary,C,,
ja,expert,ひだか,not_in_reference_dictionary,C,,
ja,expert,ひっかかっ,fragment,A,,
ja,expert,ひっくるめ,not_in_reference_dictionary,C,,
ja,expert,ひとし,not_in_reference_dictionary,C,,
ja,expert,ひょろりと,not_in_reference_dictionary,C,,
ja,expert,ひろげ,not_in_reference_dictionary,C,,
ja,expert,ひろっ,fragment,A,,
ja,expert,ひんと,loanword_in_hiragana,B,,ヒント
ja,expert,びきに,loanword_in_hiragana,B,,ビキニ
ja,expert,びじゅつかんまえ,not_in_reference_dictionary,C,,
ja,expert,びじゅつこうげいむらは,not_in_reference_dictionary,C,,
ja,expert,びじょん,loanword_in_hiragana,B,,ビジョン
ja,expert,びたみん,loanword_in_hiragana,B,,ビタミン
ja,expert,びっち,loanword_in_hiragana,B,,ビッチ
ja,expert,びっちゅうおうらいと,not_in_reference_dictionary,C,,
ja,expert,びでお,loanword_in_hiragana,B,,ビデオ
ja,expert,びどめしとも,not_in_reference_dictionary,C,,
ja,expert,びのしくみで,not_in_reference_dictionary,C,,
ja,expert,びのにゃんこ,not_in_reference_dictionary,C,,
ja,expert,びひろむらは,not_in_reference_dictionary,C,,
ja,expert,びびっ,fragment,A,,
ja,expert,びゃくりろこんと,not_in_reference_dictionary,C,,
ja,expert,ぴあす,loanword_in_hiragana,B,,ピアス
ja,expert,ぴえろ,loanword_in_hiragana,B,,ピエロ
ja,expert,ぴか,loanword_in_hiragana,B,,ピカ
ja,expert,ぴこ,loanword_in_hiragana,B,,ピコ
ja,expert,ぴっち,loanword_in_hiragana,B,,ピッチ
ja,expert,ぴっと,loanword_in_hiragana,B,,ピット
ja,expert,ぴゅあ,loanword_in_hiragana,B,,ピュア
ja,expert,ふぁみ,not_in_reference_dictionary,C,,
ja,expert,ふぁんくらぶ,loanword_in_hiragana,B,,ファンクラブ
ja,expert,ふぃにっしゅ,loanword_in_hiragana,B,,フィニッシュ
ja,expert,ふぃる,loanword_in_hiragana,B,,フィル
ja,expert,ふぃん,loanword_in_hiragana,B,,フィン
ja,expert,ふぇあ,loanword_in_hiragana,B,,フェア
ja,expert,ふぇにっくす,loanword_in_hiragana,B,,フェニックス
ja,expert,ふぉと,loanword_in_hiragana,B,,フォト
ja,expert,ふかめ,not_in_reference_dictionary,C,,
ja,expert,ふくま,not_in_reference_dictionary,C,,
ja,expert,ふさわしく,not_in_reference_dictionary,C,,
ja,expert,ふしみ,not_in_reference_dictionary,C,,
ja,expert,ふじい,not_in_reference_dictionary,C,,
ja,expert,ふてぶてしく,not_in_reference_dictionary,C,,
ja,expert,ふとっ,fragment,A,,
ja,expert,ふとり,not_in_reference_dictionary,C,,
ja,expert,ふら,loanword_in_hiragana,B,,フラ
ja,expert,ふらい,loanword_in_hiragana,B,,フライ
ja,expert,ふりまわさ,not_in_reference_dictionary,C,,
ja,expert,ふれあ,loanword_in_hiragana,B,,フレア
ja,expert,ぶら,loanword_in_hiragana,B,,ブラ
ja,expert,ぶらし,loanword_in_hiragana,B,,ブラシ
ja,expert,ぶれすれっと,loanword_in_hiragana,B,,ブレスレット
ja,expert,ぷせとねでぶ,not_in_reference_dictionary,C,,
ja,expert,ぷち,loanword_in_hiragana,B,,プチ
ja,expert,ぷないえきは,not_in_reference_dictionary,C,,
ja,expert,ぷよはすべて,not_in_reference_dictionary,C,,
ja,expert,ぷらざ,loanword_in_hiragana,B,,プラザ
ja,expert,ぷらすちっく,loanword_in_hiragana,B,,プラスチック
ja,expert,ぷらちな,loanword_in_hiragana,B,,プラチナ
ja,expert,ぷりん,loanword_in_hiragana,B,,プリン
ja,expert,ぷりんせす,loanword_in_hiragana,B,,プリンセス
ja,expert,ぷりんと,loanword_in_hiragana,B,,プリント
ja,expert,ぷれす,loanword_in_hiragana,B,,プレス
ja,expert,ぷろじぇくと,loanword_in_hiragana,B,,プロジェクト
ja,expert,へらし,not_in_reference_dictionary,C,,
ja,expert,べすと,loanword_in_hiragana,B,,ベスト
ja,expert,べっど,loanword_in_hiragana,B,,ベッド
ja,expert,ぺい,loanword_in_hiragana,B,,ペイ
ja,expert,ぺえあらあで,not_in_reference_dictionary,C,,
ja,expert,ぺきのりせい,not_in_reference_dictionary,C,,
ja,expert,ぺだる,loanword_in_hiragana,B,,ペダル
ja,expert,ぺらくらぶは,not_in_reference_dictionary,C,,
ja,expert,ほしの,not_in_reference_dictionary,C,,
ja,expert,ほすと,loanword_in_hiragana,B,,ホスト
ja,expert,ほっぷ,loanword_in_hiragana,B,,ホップ
ja,expert,ほどこさ,not_in_reference_dictionary,C,,
ja,expert,ほめ,not_in_reference_dictionary,C,,
ja,expert,ほろび,not_in_reference_dictionary,C,,
ja,expert,ほんだ,loanword_in_hiragana,B,,ホンダ
ja,expert,ぼいす,loanword_in_hiragana,B,,ボイス
ja,expert,ぼかろ,loanword_in_hiragana,B,,ボカロ
ja,expert,ぼとる,loanword_in_hiragana,B,,ボトル
ja,expert,ぼると,loanword_in_hiragana,B,,ボルト
ja,expert,ぼんど,loanword_in_hiragana,B,,ボンド
ja,expert,ぽっぷ,loanword_in_hiragana,B,,ポップ
ja,expert,ぽてんしゃる,loanword_in_hiragana,B,,ポテンシャル
ja,expert,ぽりす,loanword_in_hiragana,B,,ポリス
ja,expert,ぽるの,loanword_in_hiragana,B,,ポルノ
ja,expert,ぽんど,loanword_in_hiragana,B,,ポンド
ja,expert,ぽんぷ,loanword_in_hiragana,B,,ポンプ
ja,expert,まいくろそふと,loanword_in_hiragana,B,,マイクロソフト
ja,expert,まいん,loanword_in_hiragana,B,,マイン
ja,expert,まうす,loanword_in_hiragana,B,,マウス
ja,expert,まうんてん,loanword_in_hiragana,B,,マウンテン
ja,expert,まえだ,not_in_reference_dictionary,C,,
ja,expert,まかさ,not_in_reference_dictionary,C,,
ja,expert,まかなえる,not_in_reference_dictionary,C,,
ja,expert,まがっ,fragment,A,,
ja,expert,まきこん,not_in_reference_dictionary,C,,
ja,expert,まきちらし,not_in_reference_dictionary,C,,
ja,expert,まぎれこん,not_in_reference_dictionary,C,,
ja,expert,まくろ,loanword_in_hiragana,B,,マクロ
ja,expert,まざっ,fragment,A,,
ja,expert,まじえ,not_in_reference_dictionary,C,,
ja,expert,まじっ,fragment,A,,
ja,expert,ますめでぃあ,loanword_in_hiragana,B,,マスメディア
ja,expert,まぜ,not_in_reference_dictionary,C,,
ja,expert,まちがっ,fragment,A,,
ja,expert,まっく,loanword_in_hiragana,B,,マック
ja,expert,まっすぐぐ,not_in_reference_dictionary,C,,
ja,expert,まっちんぐ,loanword_in_hiragana,B,,マッチング
ja,expert,まっと,loanword_in_hiragana,B,,マット
ja,expert,まつい,not_in_reference_dictionary,C,,
ja,expert,まつだ,loanword_in_hiragana,B,,マツダ
ja,expert,まつど,not_in_reference_dictionary,C,,
ja,expert,まて,loanword_in_hiragana,B,,マテ
ja,expert,まとめあげ,not_in_reference_dictionary,C,,
ja,expert,まとわりつい,not_in_reference_dictionary,C,,
ja,expert,まなば,not_in_reference_dictionary,C,,
ja,expert,まなべ,not_in_reference_dictionary,C,,
ja,expert,まにあ,loanword_in_hiragana,B,,マニア
ja,expert,まにあっ,fragment,A,,
ja,expert,まにあっく,loanword_in_hiragana,B,,マニアック
ja,expert,まにあわ,not_in_reference_dictionary,C,,
ja,expert,まにゅある,loanword_in_hiragana,B,,マニュアル
ja,expert,まぬかれ,not_in_reference_dictionary,C,,
ja,expert,まねい,not_in_reference_dictionary,C,,
ja,expert,ままならなかっ,fragment,A,,
ja,expert,ままならなく,not_in_reference_dictionary,C,,
ja,expert,まもら,not_in_reference_dictionary,C,,
ja,expert,まもろ,not_in_reference_dictionary,C,,
ja,expert,まよわ,not_in_reference_dictionary,C,,
ja,expert,まりあ,loanword_in_hiragana,B,,マリア
ja,expert,まりお,not_in_reference_dictionary,C,,
ja,expert,まるこ,not_in_reference_dictionary,C,,
ja,expert,まわら,not_in_reference_dictionary,C,,
ja,expert,まんはったん,loanword_in_hiragana,B,,マンハッタン
ja,expert,みあげ,not_in_reference_dictionary,C,,
ja,expert,みあたら,not_in_reference_dictionary,C,,
ja,expert,みうら,not_in_reference_dictionary,C,,
ja,expert,みがい,not_in_reference_dictionary,C,,
ja,expert,みさ,loanword_in_hiragana,B,,ミサ
ja,expert,みしま,not_in_reference_dictionary,C,,
ja,expert,みじかく,not_in_reference_dictionary,C,,
ja,expert,みすて,not_in_reference_dictionary,C,,
ja,expert,みすぼらしく,not_in_reference_dictionary,C,,
ja,expert,みずの,not_in_reference_dictionary,C,,
ja,expert,みせつけ,not_in_reference_dictionary,C,,
ja,expert,みだれとび,not_in_reference_dictionary,C,,
ja,expert,みっ,fragment,A,,
ja,expert,みつかり,not_in_reference_dictionary,C,,
ja,expert,みなとみらい,not_in_reference_dictionary,C,,
ja,expert,みなみあふりか,not_in_reference_dictionary,C,,
ja,expert,みほ,not_in_reference_dictionary,C,,
ja,expert,みやた,not_in_reference_dictionary,C,,
ja,expert,みり,loanword_in_hiragana,B,,ミリ
ja,expert,みんと,loanword_in_hiragana,B,,ミント
ja,expert,むかっ,fragment,A,,
ja,expert,むくわ,not_in_reference_dictionary,C,,
ja,expert,むぐらのやど,not_in_reference_dictionary,C,,
ja,expert,むげんばくれつしょう,not_in_reference_dictionary,C,,
ja,expert,むしかえし,not_in_reference_dictionary,C,,
ja,expert,むずかし,not_in_reference_dictionary,C,,
ja,expert,むずかしかっ,fragment,A,,
ja,expert,むたよしのり,not_in_reference_dictionary,C,,
ja,expert,むちとあなたの,not_in_reference_dictionary,C,,
ja,expert,むなかたせんは,not_in_reference_dictionary,C,,
ja,expert,むなかたの,not_in_reference_dictionary,C,,
ja,expert,むなかたゆうびんきょく,not_in_reference_dictionary,C,,
ja,expert,むばかりではなく,not_in_reference_dictionary,C,,
ja,expert,むむとめんめんと,not_in_reference_dictionary,C,,
ja,expert,むらた,not_in_reference_dictionary,C,,
ja,expert,めかにずむ,loanword_in_hiragana,B,,メカニズム
ja,expert,めぐまれ,not_in_reference_dictionary,C,,
ja,expert,めずらしく,not_in_reference_dictionary,C,,
ja,expert,めた,loanword_in_hiragana,B,,メタ
ja,expert,めたる,loanword_in_hiragana,B,,メタル
ja,expert,めだる,loanword_in_hiragana,B,,メダル
ja,expert,めまぐるしく,not_in_reference_dictionary,C,,
ja,expert,めんて,loanword_in_hiragana,B,,メンテ
ja,expert,めんてなんす,loanword_in_hiragana,B,,メンテナンス
ja,expert,もうしこん,not_in_reference_dictionary,C,,
ja,expert,もたれかかっ,fragment,A,,
ja,expert,もちあがり,not_in_reference_dictionary,C,,
ja,expert,もちあげ,not_in_reference_dictionary,C,,
ja,expert,もちこたえ,not_in_reference_dictionary,C,,
ja,expert,もてはやさ,not_in_reference_dictionary,C,,
ja,expert,もどさ,not_in_reference_dictionary,C,,
ja,expert,もどら,not_in_reference_dictionary,C,,
ja,expert,もにか,not_in_reference_dictionary,C,,
ja,expert,もにた,loanword_in_hiragana,B,,モニタ
ja,expert,もりあがっ,fragment,A,,
ja,expert,もりのなか,not_in_reference_dictionary,C,,
ja,expert,ゃいちごうせんは,fragment,A,,
ja,expert,ゃいりょう,fragment,A,,
ja,expert,ゃえきについても,fragment,A,,
ja,expert,ゃかいてきなげうりとも,fragment,A,,
ja,expert,ゃかぶしきがいしゃは,fragment,A,,
ja,expert,ゃくしんおんれい,fragment,A,,
ja,expert,ゃくねんりょこう,fragment,A,,
ja,expert,ゃこっちに,fragment,A,,
ja,expert,ゃこようあんていほう,fragment,A,,
ja,expert,ゃしんけんきゅうしょは,fragment,A,,
ja,expert,ゃしんとは,fragment,A,,
ja,expert,ゃじょうさかいせんは,fragment,A,,
ja,expert,ゃじょうせん,fragment,A,,
ja,expert,ゃじょうせんは,fragment,A,,
ja,expert,ゃせんしだん,fragment,A,,
ja,expert,ゃっぺいまつり,fragment,A,,
ja,expert,ゃのごくとは,fragment,A,,
ja,expert,ゃばせんは,fragment,A,,
ja,expert,ゃめなよるだよいたずら,fragment,A,,
ja,expert,ゃん,fragment,A,,
ja,expert,ゃんきゅう,fragment,A,,
ja,expert,ゃんちゃら,fragment,A,,
ja,expert,ゃんぼりぃの,fragment,A,,
ja,expert,ゃんやこむすびまんと,fragment,A,,
ja,expert,やかましく,not_in_reference_dictionary,C,,
ja,expert,やくにたた,not_in_reference_dictionary,C,,
ja,expert,やさし,not_in_reference_dictionary,C,,
ja,expert,やさしく,not_in_reference_dictionary,C,,
ja,expert,やすし,not_in_reference_dictionary,C,,
ja,expert,やすだ,not_in_reference_dictionary,C,,
ja,expert,やすま,not_in_reference_dictionary,C,,
ja,expert,やぶっ,fragment,A,,
ja,expert,やまは,loanword_in_hiragana,B,,ヤマハ
ja,expert,やわらかく,not_in_reference_dictionary,C,,
ja,expert,ゅあいなどと,fragment,A,,
ja,expert,ゅあぎくどぅち,fragment,A,,
ja,expert,ゅいちらんでは,fragment,A,,
ja,expert,ゅういぎむとは,fragment,A,,
ja,expert,ゅういっせん,fragment,A,,
ja,expert,ゅうえいかいの,fragment,A,,
ja,expert,ゅうおうくりつ,fragment,A,,
ja,expert,ゅうおうしゃは,fragment,A,,
ja,expert,ゅうおうちょうは,fragment,A,,
ja,expert,ゅうおうは,fragment,A,,
ja,expert,ゅうかぶしかいは,fragment,A,,
ja,expert,ゅうかへいは,fragment,A,,
ja,expert,ゅうかんき,fragment,A,,
ja,expert,ゅうがいしょうは,fragment,A,,
ja,expert,ゅうがくそうだんとは,fragment,A,,
ja,expert,ゅうがっこう,fragment,A,,
ja,expert,ゅうがっこうは,fragment,A,,
ja,expert,ゅうきしぜろなな,fragment,A,,
ja,expert,ゅうきょうかんようれい,fragment,A,,
ja,expert,ゅうぎじょうは,fragment,A,,
ja,expert,ゅうぎゅうは,fragment,A,,
ja,expert,ゅうけいきょくは,fragment,A,,
ja,expert,ゅうこうかんでんわもう,fragment,A,,
ja,expert,ゅうこうのいけほんてん,fragment,A,,
ja,expert,ゅうこくさいしふとは,fragment,A,,
ja,expert,ゅうごくかこう,fragment,A,,
ja,expert,ゅうさんねんせんそう,fragment,A,,
ja,expert,ゅうしがいとようさいは,fragment,A,,
ja,expert,ゅうしびょう,fragment,A,,
ja,expert,ゅうしゅうえき,fragment,A,,
ja,expert,ゅうしゅうけいさつしょ,fragment,A,,
ja,expert,ゅうしりつ,fragment,A,,
ja,expert,ゅうじょう,fragment,A,,
ja,expert,ゅうじんるい,fragment,A,,
ja,expert,ゅうせいぐん,fragment,A,,
ja,expert,ゅうせいひんとは,fragment,A,,
ja,expert,ゅうせんれつかん,fragment,A,,
ja,expert,ゅうそくとは,fragment,A,,
ja,expert,ゅうたいけん,fragment,A,,
ja,expert,ゅうたいは,fragment,A,,
ja,expert,ゅうだんとうげこうは,fragment,A,,
ja,expert,ゅうちかてつ,fragment,A,,
ja,expert,ゅうちょうりえき,fragment,A,,
ja,expert,ゅうていこくは,fragment,A,,
ja,expert,ゅうとうは,fragment,A,,
ja,expert,ゅうどううんさい,fragment,A,,
ja,expert,ゅうどうみんしゅ,fragment,A,,
ja,expert,ゅうなごん,fragment,A,,
ja,expert,ゅうにより,fragment,A,,
ja,expert,ゅうのしん,fragment,A,,
ja,expert,ゅうはっかしょは,fragment,A,,
ja,expert,ゅうはっそうきねんひは,fragment,A,,
ja,expert,ゅうふんしゅれん,fragment,A,,
ja,expert,ゅうぶじむきさいはんは,fragment,A,,
ja,expert,ゅうほくちいき,fragment,A,,
ja,expert,ゅうよんせんすいかん,fragment,A,,
ja,expert,ゅうらんしゃじけんは,fragment,A,,
ja,expert,ゅうりききょ,fragment,A,,
ja,expert,ゅうりょこう,fragment,A,,
ja,expert,ゅうれきろくがつなのか,fragment,A,,
ja,expert,ゅうれんめいとは,fragment,A,,
ja,expert,ゅがっこう,fragment,A,,
ja,expert,ゅきょうわこく,fragment,A,,
ja,expert,ゅくえきは,fragment,A,,
ja,expert,ゅけんたいかいは,fragment,A,,
ja,expert,ゅさべつてっぱい,fragment,A,,
ja,expert,ゅじんじゃは,fragment,A,,
ja,expert,ゅぞうじょう,fragment,A,,
ja,expert,ゅたいこくち,fragment,A,,
ja,expert,ゅっぱんしゃは,fragment,A,,
ja,expert,ゅつだいがくは,fragment,A,,
ja,expert,ゅとけんでんてつ,fragment,A,,
ja,expert,ゅのうかいごう,fragment,A,,
ja,expert,ゅほうでは,fragment,A,,
ja,expert,ゅらさんの,fragment,A,,
ja,expert,ゅるちゅるうどん,fragment,A,,
ja,expert,ゅんていしょうは,fragment,A,,
ja,expert,ゅんないえきは,fragment,A,,
ja,expert,ゅんぷうてい,fragment,A,,
ja,expert,ゅんべつせんは,fragment,A,,
ja,expert,ゆきわたら,not_in_reference_dictionary,C,,
ja,expert,ゆっ,fragment,A,,
ja,expert,ゆでこぼし,not_in_reference_dictionary,C,,
ja,expert,ゆるさ,not_in_reference_dictionary,C,,
ja,expert,ゆるせ,not_in_reference_dictionary,C,,
ja,expert,ょういいんかい,fragment,A,,
ja,expert,ょういくいいんかいは,fragment,A,,
ja,expert,ょういくきょうかいは,fragment,A,,
ja,expert,ょういわきせんは,fragment,A,,
ja,expert,ょういんは,fragment,A,,
ja,expert,ょうういきょうと,fragment,A,,
ja,expert,ょうえきは,fragment,A,,
ja,expert,ょうえのにょにん,fragment,A,,
ja,expert,ょうおんせん,fragment,A,,
ja,expert,ょうかいは,fragment,A,,
ja,expert,ょうかたのうら,fragment,A,,
ja,expert,ょうかちょうふうげつに,fragment,A,,
ja,expert,ょうかつぶつ,fragment,A,,
ja,expert,ょうかめん,fragment,A,,
ja,expert,ょうがっこう,fragment,A,,
ja,expert,ょうがっこうとは,fragment,A,,
ja,expert,ょうがっこうは,fragment,A,,
ja,expert,ょうきょう,fragment,A,,
ja,expert,ょうきょうぎじょうは,fragment,A,,
ja,expert,ょうきょうしいちらん,fragment,A,,
ja,expert,ょうきょくだい,fragment,A,,
ja,expert,ょうきんこうまち,fragment,A,,
ja,expert,ょうきんじょは,fragment,A,,
ja,expert,ょうぎじょう,fragment,A,,
ja,expert,ょうぎだんすれんめいは,fragment,A,,
ja,expert,ょうくみきょく,fragment,A,,
ja,expert,ょうぐんづかこふんは,fragment,A,,
ja,expert,ょうけいしゅとくとは,fragment,A,,
ja,expert,ょうげいまる,fragment,A,,
ja,expert,ょうこうおおはし,fragment,A,,
ja,expert,ょうこうげききは,fragment,A,,
ja,expert,ょうこうごう,fragment,A,,
ja,expert,ょうこうとうがっこうは,fragment,A,,
ja,expert,ょうこくとは,fragment,A,,
ja,expert,ょうごけんどう,fragment,A,,
ja,expert,ょうごけんりつ,fragment,A,,
ja,expert,ょうごのおじさん,fragment,A,,
ja,expert,ょうごのかみもりながは,fragment,A,,
ja,expert,ょうしきなかじま,fragment,A,,
ja,expert,ょうしゃけんとは,fragment,A,,
ja,expert,ょうしょうせつぶもんは,fragment,A,,
ja,expert,ょうじけんは,fragment,A,,
ja,expert,ょうじゅせん,fragment,A,,
ja,expert,ょうじゅん,fragment,A,,
ja,expert,ょうじょう,fragment,A,,
ja,expert,ょうじんぶつは,fragment,A,,
ja,expert,ょうせいさつじけんは,fragment,A,,
ja,expert,ょうせいじむくみあいは,fragment,A,,
ja,expert,ょうせきかくかしょう,fragment,A,,
ja,expert,ょうせつしゅう,fragment,A,,
ja,expert,ょうせんは,fragment,A,,
ja,expert,ょうぜんいいたて,fragment,A,,
ja,expert,ょうぞくげんし,fragment,A,,
ja,expert,ょうたいかいは,fragment,A,,
ja,expert,ょうだいがくおんがくぶ,fragment,A,,
ja,expert,ょうだんち,fragment,A,,
ja,expert,ょうちゅう,fragment,A,,
ja,expert,ょうちゅうがっこうは,fragment,A,,
ja,expert,ょうちょうは,fragment,A,,
ja,expert,ょうづかこふんは,fragment,A,,
ja,expert,ょうてんじんしゃ,fragment,A,,
ja,expert,ょうとだい,fragment,A,,
ja,expert,ょうとふどう,fragment,A,,
ja,expert,ょうとりつ,fragment,A,,
ja,expert,ょうなぼうけん,fragment,A,,
ja,expert,ょうなんし,fragment,A,,
ja,expert,ょうねつくうかんとは,fragment,A,,
ja,expert,ょうねつにいがた,fragment,A,,
ja,expert,ょうねんほうせいとは,fragment,A,,
ja,expert,ょうのおとこはだれだ,fragment,A,,
ja,expert,ょうのすけ,fragment,A,,
ja,expert,ょうはとおどし,fragment,A,,
ja,expert,ょうひげが,fragment,A,,
ja,expert,ょうふうりょく,fragment,A,,
ja,expert,ょうふさつえいじょは,fragment,A,,
ja,expert,ょうふのはす,fragment,A,,
ja,expert,ょうぶんこは,fragment,A,,
ja,expert,ょうへいじごえ,fragment,A,,
ja,expert,ょうほうざいとは,fragment,A,,
ja,expert,ょうみやまは,fragment,A,,
ja,expert,ょうみょう,fragment,A,,
ja,expert,ょうむしょうは,fragment,A,,
ja,expert,ょうものというが,fragment,A,,
ja,expert,ょうよんくそうこうだん,fragment,A,,
ja,expert,ょうりつびょういんは,fragment,A,,
ja,expert,ょうりょくほんぶ,fragment,A,,
ja,expert,ょうろくだいがく,fragment,A,,
ja,expert,ょうわこくくんしょう,fragment,A,,
ja,expert,ょうわしょうがっこうは,fragment,A,,
ja,expert,ょうをはなるるうたは,fragment,A,,
ja,expert,ょかいちゅうがくえき,fragment,A,,
ja,expert,ょかんたいしょうせつ,fragment,A,,
ja,expert,ょくかんのめつぼうでは,fragment,A,,
ja,expert,ょくだんでは,fragment,A,,
ja,expert,ょくはつでんしょ,fragment,A,,
ja,expert,ょくぱんまん,fragment,A,,
ja,expert,ょくぱんまんと,fragment,A,,
ja,expert,ょくもりのこどう,fragment,A,,
ja,expert,ょくんしゅせいは,fragment,A,,
ja,expert,ょごうかなも,fragment,A,,
ja,expert,ょしがくえんの,fragment,A,,
ja,expert,ょせいとかいしっこうぶ,fragment,A,,
ja,expert,ょせんばつばれ,fragment,A,,
ja,expert,ょばつとは,fragment,A,,
ja,expert,ょほうしゅぎとは,fragment,A,,
ja,expert,ょらいぞう,fragment,A,,
ja,expert,ょりゅうぎだゆう,fragment,A,,
ja,expert,ようなじみ,not_in_reference_dictionary,C,,
ja,expert,よしの,not_in_reference_dictionary,C,,
ja,expert,よっはらい,not_in_reference_dictionary,C,,
ja,expert,よっはらっ,fragment,A,,
ja,expert,よびさまさ,not_in_reference_dictionary,C,,
ja,expert,よま,not_in_reference_dictionary,C,,
ja,expert,よみがえっ,fragment,A,,
ja,expert,よろしかっ,fragment,A,,
ja,expert,よろしけれ,not_in_reference_dictionary,C,,
ja,expert,よわく,not_in_reference_dictionary,C,,
ja,expert,よわっ,fragment,A,,
ja,expert,らいせんす,loanword_in_hiragana,B,,ライセンス
ja,expert,らいと,loanword_in_hiragana,B,,ライト
ja,expert,らいぶはうす,loanword_in_hiragana,B,,ライブハウス
ja,expert,らいぶらり,loanword_in_hiragana,B,,ライブラリ
ja,expert,らいんなっぷ,loanword_in_hiragana,B,,ラインナップ
ja,expert,らお,loanword_in_hiragana,B,,ラオ
ja,expert,らじお,loanword_in_hiragana,B,,ラジオ
ja,expert,らすべがす,not_in_reference_dictionary,C,,
ja,expert,らのべ,loanword_in_hiragana,B,,ラノベ
ja,expert,らぶほ,loanword_in_hiragana,B,,ラブホ
ja,expert,らべる,loanword_in_hiragana,B,,ラベル
ja,expert,らむ,loanword_in_hiragana,B,,ラム
ja,expert,らんぷ,loanword_in_hiragana,B,,ランプ
ja,expert,りあくしょん,loanword_in_hiragana,B,,リアクション
ja,expert,りある,loanword_in_hiragana,B,,リアル
ja,expert,りくえすと,loanword_in_hiragana,B,,リクエスト
ja,expert,りさ,not_in_reference_dictionary,C,,
ja,expert,りさいくる,loanword_in_hiragana,B,,リサイクル
ja,expert,りすと,loanword_in_hiragana,B,,リスト
ja,expert,りばうんど,loanword_in_hiragana,B,,リバウンド
ja,expert,りふと,loanword_in_hiragana,B,,リフト
ja,expert,りぼん,loanword_in_hiragana,B,,リボン
ja,expert,りま,loanword_in_hiragana,B,,リマ
ja,expert,りらっくす,loanword_in_hiragana,B,,リラックス
ja,expert,るいす,not_in_reference_dictionary,C,,
ja,expert,るな,loanword_in_hiragana,B,,ルナ
ja,expert,るぱん,loanword_in_hiragana,B,,ルパン
ja,expert,れあ,loanword_in_hiragana,B,,レア
ja,expert,れいあうと,loanword_in_hiragana,B,,レイアウト
ja,expert,れお,loanword_in_hiragana,B,,レオ
ja,expert,れおん,loanword_in_hiragana,B,,レオン
ja,expert,れじ,loanword_in_hiragana,B,,レジ
ja,expert,れすりんぐ,loanword_in_hiragana,B,,レスリング
ja,expert,れっと,loanword_in_hiragana,B,,レット
ja,expert,れでぃ,loanword_in_hiragana,B,,レディ
ja,expert,れな,not_in_reference_dictionary,C,,
ja,expert,れふ,loanword_in_hiragana,B,,レフ
ja,expert,れむ,loanword_in_hiragana,B,,レム
ja,expert,れもん,loanword_in_hiragana,B,,レモン
ja,expert,れんず,loanword_in_hiragana,B,,レンズ
ja,expert,ろぐ,loanword_in_hiragana,B,,ログ
ja,expert,ろけ,loanword_in_hiragana,B,,ロケ
ja,expert,ろさんぜるす,loanword_in_hiragana,B,,ロサンゼルス
ja,expert,ろって,loanword_in_hiragana,B,,ロッテ
ja,expert,ろっど,loanword_in_hiragana,B,,ロッド
ja,expert,ろびん,loanword_in_hiragana,B,,ロビン
ja,expert,ろふと,loanword_in_hiragana,B,,ロフト
ja,expert,ろまんちっく,loanword_in_hiragana,B,,ロマンチック
ja,expert,ゎ,fragment,A,,
ja,expert,わかく,not_in_reference_dictionary,C,,
ja,expert,わかりやすさ,not_in_reference_dictionary,C,,
ja,expert,わたっ,fragment,A,,
ja,expert,わだかまっ,fragment,A,,
ja,expert,わめきたて,not_in_reference_dictionary,C,,
ja,expert,わらえ,not_in_reference_dictionary,C,,
ja,expert,わらわせろ,not_in_reference_dictionary,C,,
fil,easy,hilahin,not_in_reference_dictionary,C,,
fil,easy,itayo,not_in_reference_dictionary,C,,
fil,medium,aabot,not_in_reference_dictionary,C,,
fil,medium,abril,proper_noun,B,,
fil,medium,agosto,proper_noun,B,,
fil,medium,akdang,linker_attached_form,C,,-ng linker attached
fil,medium,aking,linker_attached_form,C,,-ng linker attached
fil,medium,alang,linker_attached_form,C,,-ng linker attached
fil,medium,aming,linker_attached_form,C,,-ng linker attached
fil,medium,anyong,linker_attached_form,C,,-ng linker attached
fil,medium,apple,wrong_language_english,A,,
fil,medium,artist,wrong_language_english,A,,
fil,medium,avenue,wrong_language_english,A,,
fil,medium,award,wrong_language_english,A,,
fil,medium,awards,wrong_language_english,A,,
fil,medium,bagong,linker_attached_form,C,,-ng linker attached
fil,medium,batong,linker_attached_form,C,,-ng linker attached
fil,medium,bayang,linker_attached_form,C,,-ng linker attached
fil,medium,baño,wrong_language_other,A,,es
fil,medium,black,wrong_language_english,A,,
fil,medium,brown,wrong_language_english,A,,
fil,medium,buddha,proper_noun,B,,
fil,medium,buong,linker_attached_form,C,,-ng linker attached
fil,medium,campus,wrong_language_english,A,,
fil,medium,center,wrong_language_english,A,,
fil,medium,chart,wrong_language_english,A,,
fil,medium,chris,proper_noun,B,,
fil,medium,church,wrong_language_english,A,,
fil,medium,coach,wrong_language_english,A,,
fil,medium,county,wrong_language_english,A,,
fil,medium,daang,linker_attached_form,C,,-ng linker attached
fil,medium,dance,wrong_language_english,A,,
fil,medium,davao,proper_noun,B,,
fil,medium,debut,wrong_language_english,A,,
fil,medium,degree,wrong_language_english,A,,
fil,medium,diego,proper_noun,B,,
fil,medium,doña,wrong_language_other,A,,es
fil,medium,earth,wrong_language_english,A,,
fil,medium,editor,wrong_language_english,A,,
fil,medium,enero,proper_noun,B,,
fil,medium,europa,proper_noun,B,,
fil,medium,fiber,wrong_language_english,A,,
fil,medium,field,wrong_language_english,A,,
fil,medium,films,wrong_language_english,A,,
fil,medium,first,wrong_language_english,A,,
fil,medium,flight,wrong_language_english,A,,
fil,medium,force,wrong_language_english,A,,
fil,medium,format,wrong_language_english,A,,
fil,medium,fossil,wrong_language_english,A,,
fil,medium,games,wrong_language_english,A,,
fil,medium,gawang,linker_attached_form,C,,-ng linker attached
fil,medium,gawing,linker_attached_form,C,,-ng linker attached
fil,medium,gayong,linker_attached_form,C,,-ng linker attached
fil,medium,genre,wrong_language_english,A,,
fil,medium,genus,wrong_language_english,A,,
fil,medium,global,wrong_language_english,A,,
fil,medium,golden,wrong_language_english,A,,
fil,medium,grand,wrong_language_english,A,,
fil,medium,green,wrong_language_english,A,,
fil,medium,group,wrong_language_english,A,,
fil,medium,haring,linker_attached_form,C,,-ng linker attached
fil,medium,health,wrong_language_english,A,,
fil,medium,house,wrong_language_english,A,,
fil,medium,huling,linker_attached_form,C,,-ng linker attached
fil,medium,hulyo,proper_noun,B,,
fil,medium,human,wrong_language_english,A,,
fil,medium,hunyo,proper_noun,B,,
fil,medium,ibang,linker_attached_form,C,,-ng linker attached
fil,medium,ibarra,proper_noun,B,,
fil,medium,iilang,linker_attached_form,C,,-ng linker attached
fil,medium,iisang,linker_attached_form,C,,-ng linker attached
fil,medium,ilabas,not_in_reference_dictionary,C,,
fil,medium,ilipat,not_in_reference_dictionary,C,,
fil,medium,isang,proper_noun,B,,
fil,medium,isdang,linker_attached_form,C,,-ng linker attached
fil,medium,islam,proper_noun,B,,
fil,medium,island,wrong_language_english,A,,
fil,medium,itong,linker_attached_form,C,,-ng linker attached
fil,medium,james,proper_noun,B,,
fil,medium,kampo,wrong_language_other,A,,pl
fil,medium,kampus,wrong_language_other,A,,pl
fil,medium,kanang,linker_attached_form,C,,-ng linker attached
fil,medium,kasing,linker_attached_form,C,,-ng linker attached
fil,medium,kasong,linker_attached_form,C,,-ng linker attached
fil,medium,kripto,not_in_reference_dictionary,C,,
fil,medium,label,wrong_language_english,A,,
fil,medium,laging,linker_attached_form,C,,-ng linker attached
fil,medium,laguna,proper_noun,B,,
fil,medium,lahing,linker_attached_form,C,,-ng linker attached
fil,medium,lalong,linker_attached_form,C,,-ng linker attached
fil,medium,larong,linker_attached_form,C,,-ng linker attached
fil,medium,league,wrong_language_english,A,,
fil,medium,libong,linker_attached_form,C,,-ng linker attached
fil,medium,limang,linker_attached_form,C,,-ng linker attached
fil,medium,linyar,not_in_reference_dictionary,C,,
fil,medium,little,wrong_language_english,A,,
fil,medium,lumang,linker_attached_form,C,,-ng linker attached
fil,medium,lumaon,not_in_reference_dictionary,C,,
fil,medium,lupang,linker_attached_form,C,,-ng linker attached
fil,medium,luzon,proper_noun,B,,
fil,medium,maabot,not_in_reference_dictionary,C,,
fil,medium,maling,linker_attached_form,C,,-ng linker attached
fil,medium,marcos,proper_noun,B,,
fil,medium,maria,proper_noun,B,,
fil,medium,mario,proper_noun,B,,
fil,medium,market,wrong_language_english,A,,
fil,medium,media,wrong_language_english,A,,
fil,medium,merong,linker_attached_form,C,,-ng linker attached
fil,medium,monte,proper_noun,B,,
fil,medium,muling,linker_attached_form,C,,-ng linker attached
fil,medium,murang,linker_attached_form,C,,-ng linker attached
fil,medium,music,wrong_language_english,A,,
fil,medium,naabot,not_in_reference_dictionary,C,,
fil,medium,naiiba,not_in_reference_dictionary,C,,
fil,medium,namang,linker_attached_form,C,,-ng linker attached
fil,medium,namuno,not_in_reference_dictionary,C,,
fil,medium,napaka,not_in_reference_dictionary,C,,
fil,medium,nasawi,not_in_reference_dictionary,C,,
fil,medium,nating,linker_attached_form,C,,-ng linker attached
fil,medium,night,wrong_language_english,A,,
fil,medium,nilang,linker_attached_form,C,,-ng linker attached
fil,medium,nitong,linker_attached_form,C,,-ng linker attached
fil,medium,niyang,linker_attached_form,C,,-ng linker attached
fil,medium,niño,wrong_language_other,A,,es
fil,medium,noong,linker_attached_form,C,,-ng linker attached
fil,medium,north,wrong_language_english,A,,
fil,medium,number,wrong_language_english,A,,
fil,medium,office,wrong_language_english,A,,
fil,medium,online,wrong_language_english,A,,
fil,medium,output,wrong_language_english,A,,
fil,medium,pagasa,proper_noun,B,,
fil,medium,pagbuo,not_in_reference_dictionary,C,,
fil,medium,palaro,not_in_reference_dictionary,C,,
fil,medium,papuri,not_in_reference_dictionary,C,,
fil,medium,paring,linker_attached_form,C,,-ng linker attached
fil,medium,party,wrong_language_english,A,,
fil,medium,pataas,not_in_reference_dictionary,C,,
fil,medium,pinaka,not_in_reference_dictionary,C,,
fil,medium,pinili,proper_noun,B,,
fil,medium,pitong,linker_attached_form,C,,-ng linker attached
fil,medium,player,wrong_language_english,A,,
fil,medium,plaza,wrong_language_english,A,,
fil,medium,pormal,not_in_reference_dictionary,C,,
fil,medium,power,wrong_language_english,A,,
fil,medium,press,wrong_language_english,A,,
fil,medium,prince,wrong_language_english,A,,
fil,medium,prize,wrong_language_english,A,,
fil,medium,pulang,linker_attached_form,C,,-ng linker attached
fil,medium,punong,linker_attached_form,C,,-ng linker attached
fil,medium,purong,linker_attached_form,C,,-ng linker attached
fil,medium,puting,linker_attached_form,C,,-ng linker attached
fil,medium,queen,wrong_language_english,A,,
fil,medium,radio,wrong_language_english,A,,
fil,medium,record,wrong_language_english,A,,
fil,medium,river,wrong_language_english,A,,
fil,medium,royal,wrong_language_english,A,,
fil,medium,rural,wrong_language_english,A,,
fil,medium,saang,linker_attached_form,C,,-ng linker attached
fil,medium,saint,wrong_language_english,A,,
fil,medium,santos,proper_noun,B,,
fil,medium,school,wrong_language_english,A,,
fil,medium,screen,wrong_language_english,A,,
fil,medium,season,wrong_language_english,A,,
fil,medium,sektor,wrong_language_other,A,,pl
fil,medium,senso,wrong_language_other,A,,pt
fil,medium,series,wrong_language_english,A,,
fil,medium,signal,wrong_language_english,A,,
fil,medium,single,wrong_language_english,A,,
fil,medium,siyang,linker_attached_form,C,,-ng linker attached
fil,medium,skolar,not_in_reference_dictionary,C,,
fil,medium,smith,wrong_language_english,A,,
fil,medium,social,wrong_language_english,A,,
fil,medium,south,wrong_language_english,A,,
fil,medium,state,wrong_language_english,A,,
fil,medium,states,wrong_language_english,A,,
fil,medium,stone,wrong_language_english,A,,
fil,medium,story,wrong_language_english,A,,
fil,medium,street,wrong_language_english,A,,
fil,medium,studio,wrong_language_english,A,,
fil,medium,sumali,not_in_reference_dictionary,C,,
fil,medium,summer,wrong_language_english,A,,
fil,medium,sumuko,not_in_reference_dictionary,C,,
fil,medium,super,wrong_language_english,A,,
fil,medium,system,wrong_language_english,A,,
fil,medium,tamang,linker_attached_form,C,,-ng linker attached
fil,medium,temang,linker_attached_form,C,,-ng linker attached
fil,medium,track,wrong_language_english,A,,
fil,medium,tubong,linker_attached_form,C,,-ng linker attached
fil,medium,tulang,linker_attached_form,C,,-ng linker attached
fil,medium,tumaas,not_in_reference_dictionary,C,,
fil,medium,umabot,not_in_reference_dictionary,C,,
fil,medium,umiral,not_in_reference_dictionary,C,,
fil,medium,unang,linker_attached_form,C,,-ng linker attached
fil,medium,unidos,wrong_language_other,A,,es
fil,medium,union,wrong_language_english,A,,
fil,medium,united,wrong_language_english,A,,
fil,medium,unyong,linker_attached_form,C,,-ng linker attached
fil,medium,urbano,wrong_language_other,A,,es
fil,medium,uring,linker_attached_form,C,,-ng linker attached
fil,medium,walang,linker_attached_form,C,,-ng linker attached
fil,medium,walong,linker_attached_form,C,,-ng linker attached
fil,medium,white,wrong_language_english,A,,
fil,medium,wikang,linker_attached_form,C,,-ng linker attached
fil,medium,women,wrong_language_english,A,,
fil,medium,world,wrong_language_english,A,,
fil,medium,yards,wrong_language_english,A,,
fil,medium,young,wrong_language_english,A,,
fil,hard,aabuso,not_in_reference_dictionary,C,,
fil,hard,academy,wrong_language_english,A,,
fil,hard,account,wrong_language_english,A,,
fil,hard,actress,wrong_language_english,A,,
fil,hard,again,wrong_language_english,A,,
fil,hard,ago,wrong_language_english,A,,
fil,hard,aguinaldo,proper_noun,B,,
fil,hard,aktibong,linker_attached_form,C,,-ng linker attached
fil,hard,alagaan,not_in_reference_dictionary,C,,
fil,hard,alemanya,proper_noun,B,,
fil,hard,american,proper_noun,B,,
fil,hard,andrea,proper_noun,B,,
fil,hard,andres,proper_noun,B,,
fil,hard,angkang,linker_attached_form,C,,-ng linker attached
fil,hard,anumang,linker_attached_form,C,,-ng linker attached
fil,hard,arena,wrong_language_english,A,,
fil,hard,article,wrong_language_english,A,,
fil,hard,asawang,linker_attached_form,C,,-ng linker attached
fil,hard,asean,wrong_language_other,A,,es
fil,hard,asidong,linker_attached_form,C,,-ng linker attached
fil,hard,authority,wrong_language_english,A,,
fil,hard,average,wrong_language_english,A,,
fil,hard,awiting,linker_attached_form,C,,-ng linker attached
fil,hard,ayokong,linker_attached_form,C,,-ng linker attached
fil,hard,babaeng,linker_attached_form,C,,-ng linker attached
fil,hard,baguhin,not_in_reference_dictionary,C,,
fil,hard,bagyong,linker_attached_form,C,,-ng linker attached
fil,hard,bahaging,linker_attached_form,C,,-ng linker attached
fil,hard,bandang,linker_attached_form,C,,-ng linker attached
fil,hard,bansang,linker_attached_form,C,,-ng linker attached
fil,hard,barbie,wrong_language_english,A,,
fil,hard,barkong,linker_attached_form,C,,-ng linker attached
fil,hard,bibliya,proper_noun,B,,
fil,hard,bihirang,linker_attached_form,C,,-ng linker attached
fil,hard,bike,wrong_language_english,A,,
fil,hard,bilyong,linker_attached_form,C,,-ng linker attached
fil,hard,bitcoin,wrong_language_other,A,,fr
fil,hard,books,wrong_language_english,A,,
fil,hard,brand,wrong_language_english,A,,
fil,hard,britanya,proper_noun,B,,
fil,hard,british,proper_noun,B,,
fil,hard,brother,wrong_language_english,A,,
fil,hard,budget,wrong_language_english,A,,
fil,hard,bureau,wrong_language_english,A,,
fil,hard,california,proper_noun,B,,
fil,hard,cancer,wrong_language_english,A,,
fil,hard,care,wrong_language_english,A,,
fil,hard,celebrity,wrong_language_english,A,,
fil,hard,central,wrong_language_english,A,,
fil,hard,cesar,proper_noun,B,,
fil,hard,challenge,wrong_language_english,A,,
fil,hard,channel,wrong_language_english,A,,
fil,hard,child,wrong_language_english,A,,
fil,hard,chinese,proper_noun,B,,
fil,hard,college,wrong_language_english,A,,
fil,hard,comedy,wrong_language_english,A,,
fil,hard,company,wrong_language_english,A,,
fil,hard,cool,wrong_language_english,A,,
fil,hard,council,wrong_language_english,A,,
fil,hard,country,wrong_language_english,A,,
fil,hard,covid,wrong_language_other,A,,pl
fil,hard,cup,wrong_language_english,A,,
fil,hard,dakilang,linker_attached_form,C,,-ng linker attached
fil,hard,dakong,linker_attached_form,C,,-ng linker attached
fil,hard,dalawang,linker_attached_form,C,,-ng linker attached
fil,hard,darna,not_in_reference_dictionary,C,,
fil,hard,dayuhang,linker_attached_form,C,,-ng linker attached
fil,hard,death,wrong_language_english,A,,
fil,hard,dennis,proper_noun,B,,
fil,hard,design,wrong_language_english,A,,
fil,hard,digital,wrong_language_english,A,,
fil,hard,digmaang,linker_attached_form,C,,-ng linker attached
fil,hard,district,wrong_language_english,A,,
fil,hard,double,wrong_language_english,A,,
fil,hard,download,wrong_language_english,A,,
fil,hard,dumami,wrong_language_other,A,,pl
fil,hard,east,wrong_language_english,A,,
fil,hard,ecija,not_in_reference_dictionary,C,,
fil,hard,effect,wrong_language_english,A,,
fil,hard,effective,wrong_language_english,A,,
fil,hard,ehipto,proper_noun,B,,
fil,hard,ekwasyon,not_in_reference_dictionary,C,,
fil,hard,elektron,wrong_language_other,A,,pl
fil,hard,elias,proper_noun,B,,
fil,hard,epektong,linker_attached_form,C,,-ng linker attached
fil,hard,episode,wrong_language_english,A,,
fil,hard,espanya,proper_noun,B,,
fil,hard,estadong,linker_attached_form,C,,-ng linker attached
fil,hard,estados,wrong_language_other,A,,es
fil,hard,estilong,linker_attached_form,C,,-ng linker attached
fil,hard,etc,wrong_language_english,A,,
fil,hard,european,proper_noun,B,,
fil,hard,ever,wrong_language_english,A,,
fil,hard,exchange,wrong_language_english,A,,
fil,hard,experience,wrong_language_english,A,,
fil,hard,fakultad,not_in_reference_dictionary,C,,
fil,hard,fashion,wrong_language_english,A,,
fil,hard,fast,wrong_language_english,A,,
fil,hard,father,wrong_language_english,A,,
fil,hard,feel,wrong_language_english,A,,
fil,hard,festival,wrong_language_english,A,,
fil,hard,final,wrong_language_english,A,,
fil,hard,finals,wrong_language_english,A,,
fil,hard,flash,wrong_language_english,A,,
fil,hard,floor,wrong_language_english,A,,
fil,hard,football,wrong_language_english,A,,
fil,hard,forever,wrong_language_english,A,,
fil,hard,forum,wrong_language_english,A,,
fil,hard,france,proper_noun,B,,
fil,hard,francis,proper_noun,B,,
fil,hard,front,wrong_language_english,A,,
fil,hard,future,wrong_language_english,A,,
fil,hard,gaanong,linker_attached_form,C,,-ng linker attached
fil,hard,ganang,linker_attached_form,C,,-ng linker attached
fil,hard,ganitong,linker_attached_form,C,,-ng linker attached
fil,hard,ganung,linker_attached_form,C,,-ng linker attached
fil,hard,gate,wrong_language_english,A,,
fil,hard,gawaing,linker_attached_form,C,,-ng linker attached
fil,hard,gen,wrong_language_other,A,,es
fil,hard,general,wrong_language_english,A,,
fil,hard,genesis,wrong_language_english,A,,
fil,hard,george,proper_noun,B,,
fil,hard,ginawang,linker_attached_form,C,,-ng linker attached
fil,hard,gintong,linker_attached_form,C,,-ng linker attached
fil,hard,gitnang,linker_attached_form,C,,-ng linker attached
fil,hard,got,wrong_language_english,A,,
fil,hard,graduate,wrong_language_english,A,,
fil,hard,grupong,linker_attached_form,C,,-ng linker attached
fil,hard,guard,wrong_language_english,A,,
fil,hard,gumana,not_in_reference_dictionary,C,,
fil,hard,gusaling,linker_attached_form,C,,-ng linker attached
fil,hard,gustong,linker_attached_form,C,,-ng linker attached
fil,hard,guys,wrong_language_english,A,,
fil,hard,halagang,linker_attached_form,C,,-ng linker attached
fil,hard,halalang,linker_attached_form,C,,-ng linker attached
fil,hard,halamang,linker_attached_form,C,,-ng linker attached
fil,hard,halatang,linker_attached_form,C,,-ng linker attached
fil,hard,hangang,linker_attached_form,C,,-ng linker attached
fil,hard,hard,wrong_language_english,A,,
fil,hard,harry,wrong_language_english,A,,
fil,hard,has,wrong_language_english,A,,
fil,hard,hilagang,linker_attached_form,C,,-ng linker attached
fil,hard,him,wrong_language_english,A,,
fil,hard,hinango,not_in_reference_dictionary,C,,
fil,hard,hiniling,not_in_reference_dictionary,C,,
fil,hard,hinirang,not_in_reference_dictionary,C,,
fil,hard,history,wrong_language_english,A,,
fil,hard,holy,wrong_language_english,A,,
fil,hard,hukbong,linker_attached_form,C,,-ng linker attached
fil,hard,iginawad,not_in_reference_dictionary,C,,
fil,hard,iginuhit,not_in_reference_dictionary,C,,
fil,hard,ika-apat,wrong_language_other,A,,es
fil,hard,ikatlong,linker_attached_form,C,,-ng linker attached
fil,hard,ikinasal,not_in_reference_dictionary,C,,
fil,hard,ilarawan,not_in_reference_dictionary,C,,
fil,hard,iligtas,not_in_reference_dictionary,C,,
fil,hard,indie,wrong_language_other,A,,pl
fil,hard,ini,abbreviation_or_noise,A,,
fil,hard,inihayag,not_in_reference_dictionary,C,,
fil,hard,inilabas,not_in_reference_dictionary,C,,
fil,hard,inilipat,not_in_reference_dictionary,C,,
fil,hard,iniulat,not_in_reference_dictionary,C,,
fil,hard,internet,wrong_language_english,A,,
fil,hard,into,wrong_language_english,A,,
fil,hard,ipasa,not_in_reference_dictionary,C,,
fil,hard,ipinagkaloob,not_in_reference_dictionary,C,,
fil,hard,isahang,linker_attached_form,C,,-ng linker attached
fil,hard,itinakda,not_in_reference_dictionary,C,,
fil,hard,itinayo,not_in_reference_dictionary,C,,
fil,hard,its,wrong_language_english,A,,
fil,hard,ituloy,not_in_reference_dictionary,C,,
fil,hard,iv,wrong_language_english,A,,
fil,hard,jacob,proper_noun,B,,
fil,hard,japanese,proper_noun,B,,
fil,hard,jessica,proper_noun,B,,
fil,hard,joaquin,proper_noun,B,,
fil,hard,joel,proper_noun,B,,
fil,hard,joke,wrong_language_english,A,,
fil,hard,joy,wrong_language_english,A,,
fil,hard,juice,wrong_language_english,A,,
fil,hard,kaakibat,not_in_reference_dictionary,C,,
fil,hard,kabilang,linker_attached_form,C,,-ng linker attached
fil,hard,kabuuang,linker_attached_form,C,,-ng linker attached
fil,hard,kalapit,not_in_reference_dictionary,C,,
fil,hard,kaliwang,linker_attached_form,C,,-ng linker attached
fil,hard,kanilang,linker_attached_form,C,,-ng linker attached
fil,hard,kaniyang,linker_attached_form,C,,-ng linker attached
fil,hard,kantang,linker_attached_form,C,,-ng linker attached
fil,hard,kanyang,linker_attached_form,C,,-ng linker attached
fil,hard,kasabay,not_in_reference_dictionary,C,,
fil,hard,kasamang,linker_attached_form,C,,-ng linker attached
fil,hard,kasunod,not_in_reference_dictionary,C,,
fil,hard,katagang,linker_attached_form,C,,-ng linker attached
fil,hard,katotohanang,linker_attached_form,C,,-ng linker attached
fil,hard,kaugnay,not_in_reference_dictionary,C,,
fil,hard,kaunting,linker_attached_form,C,,-ng linker attached
fil,hard,kawalang,linker_attached_form,C,,-ng linker attached
fil,hard,kilalang,linker_attached_form,C,,-ng linker attached
fil,hard,kilusang,linker_attached_form,C,,-ng linker attached
fil,hard,kimikal,not_in_reference_dictionary,C,,
fil,hard,kin,wrong_language_english,A,,
fil,hard,kingdom,wrong_language_english,A,,
fil,hard,kinilala,not_in_reference_dictionary,C,,
fil,hard,kiss,wrong_language_english,A,,
fil,hard,klimang,linker_attached_form,C,,-ng linker attached
fil,hard,kondado,not_in_reference_dictionary,C,,
fil,hard,kontrol,not_in_reference_dictionary,C,,
fil,hard,kris,proper_noun,B,,
fil,hard,ku,wrong_language_other,A,,pl
fil,hard,kumilos,not_in_reference_dictionary,C,,
fil,hard,kumpara,not_in_reference_dictionary,C,,
fil,hard,kuponan,not_in_reference_dictionary,C,,
fil,hard,kursong,linker_attached_form,C,,-ng linker attached
fil,hard,kusang,linker_attached_form,C,,-ng linker attached
fil,hard,lalakeng,linker_attached_form,C,,-ng linker attached
fil,hard,lalaking,linker_attached_form,C,,-ng linker attached
fil,hard,larawang,linker_attached_form,C,,-ng linker attached
fil,hard,layuning,linker_attached_form,C,,-ng linker attached
fil,hard,lee,wrong_language_english,A,,
fil,hard,let,wrong_language_english,A,,
fil,hard,letter,wrong_language_english,A,,
fil,hard,libreng,linker_attached_form,C,,-ng linker attached
fil,hard,lim,proper_noun,B,,
fil,hard,linggong,linker_attached_form,C,,-ng linker attached
fil,hard,linyang,linker_attached_form,C,,-ng linker attached
fil,hard,local,wrong_language_english,A,,
fil,hard,log,wrong_language_english,A,,
fil,hard,london,proper_noun,B,,
fil,hard,lopez,proper_noun,B,,
fil,hard,lubhang,linker_attached_form,C,,-ng linker attached
fil,hard,lumahok,not_in_reference_dictionary,C,,
fil,hard,lumipat,not_in_reference_dictionary,C,,
fil,hard,lumitaw,not_in_reference_dictionary,C,,
fil,hard,lupaing,linker_attached_form,C,,-ng linker attached
fil,hard,maaaring,linker_attached_form,C,,-ng linker attached
fil,hard,maagang,linker_attached_form,C,,-ng linker attached
fil,hard,maaring,linker_attached_form,C,,-ng linker attached
fil,hard,mababang,linker_attached_form,C,,-ng linker attached
fil,hard,mabawasan,not_in_reference_dictionary,C,,
fil,hard,mabuting,linker_attached_form,C,,-ng linker attached
fil,hard,madaling,linker_attached_form,C,,-ng linker attached
fil,hard,magasin,wrong_language_other,A,,fr
fil,hard,magazine,wrong_language_english,A,,
fil,hard,magkaiba,not_in_reference_dictionary,C,,
fil,hard,magkakasama,not_in_reference_dictionary,C,,
fil,hard,maglaon,not_in_reference_dictionary,C,,
fil,hard,mahabang,linker_attached_form,C,,-ng linker attached
fil,hard,mahinang,linker_attached_form,C,,-ng linker attached
fil,hard,maiiwasan,not_in_reference_dictionary,C,,
fil,hard,maikling,linker_attached_form,C,,-ng linker attached
fil,hard,maiwasan,not_in_reference_dictionary,C,,
fil,hard,makamit,not_in_reference_dictionary,C,,
fil,hard,makapaniwala,not_in_reference_dictionary,C,,
fil,hard,malaking,linker_attached_form,C,,-ng linker attached
fil,hard,malayang,linker_attached_form,C,,-ng linker attached
fil,hard,malaysia,proper_noun,B,,
fil,hard,manager,wrong_language_english,A,,
fil,hard,manny,proper_noun,B,,
fil,hard,manuel,proper_noun,B,,
fil,hard,mapapanood,not_in_reference_dictionary,C,,
fil,hard,mapigilan,not_in_reference_dictionary,C,,
fil,hard,maraming,linker_attached_form,C,,-ng linker attached
fil,hard,mary,proper_noun,B,,
fil,hard,masamang,linker_attached_form,C,,-ng linker attached
fil,hard,masasabing,linker_attached_form,C,,-ng linker attached
fil,hard,matukoy,not_in_reference_dictionary,C,,
fil,hard,matupad,not_in_reference_dictionary,C,,
fil,hard,maunawaan,not_in_reference_dictionary,C,,
fil,hard,mawawalan,not_in_reference_dictionary,C,,
fil,hard,mayamang,linker_attached_form,C,,-ng linker attached
fil,hard,maynila,proper_noun,B,,
fil,hard,mayroong,linker_attached_form,C,,-ng linker attached
fil,hard,medicine,wrong_language_english,A,,
fil,hard,medikal,not_in_reference_dictionary,C,,
fil,hard,member,wrong_language_english,A,,
fil,hard,michelle,proper_noun,B,,
fil,hard,middle,wrong_language_english,A,,
fil,hard,million,wrong_language_english,A,,
fil,hard,milyong,linker_attached_form,C,,-ng linker attached
fil,hard,mineral,wrong_language_english,A,,
fil,hard,minsang,linker_attached_form,C,,-ng linker attached
fil,hard,mismong,linker_attached_form,C,,-ng linker attached
fil,hard,model,wrong_language_english,A,,
fil,hard,modelong,linker_attached_form,C,,-ng linker attached
fil,hard,mom,wrong_language_english,A,,
fil,hard,money,wrong_language_english,A,,
fil,hard,moon,wrong_language_english,A,,
fil,hard,movies,wrong_language_english,A,,
fil,hard,much,wrong_language_english,A,,
fil,hard,mukhang,linker_attached_form,C,,-ng linker attached
fil,hard,mundong,linker_attached_form,C,,-ng linker attached
fil,hard,musikal,not_in_reference_dictionary,C,,
fil,hard,musikang,linker_attached_form,C,,-ng linker attached
fil,hard,nadarama,not_in_reference_dictionary,C,,
fil,hard,nadine,proper_noun,B,,
fil,hard,nagawang,linker_attached_form,C,,-ng linker attached
fil,hard,nagbago,not_in_reference_dictionary,C,,
fil,hard,nagbunga,not_in_reference_dictionary,C,,
fil,hard,nagkamit,not_in_reference_dictionary,C,,
fil,hard,nagkita,not_in_reference_dictionary,C,,
fil,hard,nagpapasalamat,not_in_reference_dictionary,C,,
fil,hard,nagpasya,not_in_reference_dictionary,C,,
fil,hard,nagtagal,not_in_reference_dictionary,C,,
fil,hard,nagtala,not_in_reference_dictionary,C,,
fil,hard,nagtamo,not_in_reference_dictionary,C,,
fil,hard,nagtataka,not_in_reference_dictionary,C,,
fil,hard,nagtayo,not_in_reference_dictionary,C,,
fil,hard,nahalal,not_in_reference_dictionary,C,,
fil,hard,nailabas,not_in_reference_dictionary,C,,
fil,hard,naitala,not_in_reference_dictionary,C,,
fil,hard,naitatag,not_in_reference_dictionary,C,,
fil,hard,naiulat,not_in_reference_dictionary,C,,
fil,hard,nakabase,not_in_reference_dictionary,C,,
fil,hard,nakaharap,not_in_reference_dictionary,C,,
fil,hard,nakakalungkot,not_in_reference_dictionary,C,,
fil,hard,nakamit,not_in_reference_dictionary,C,,
fil,hard,nakapasok,not_in_reference_dictionary,C,,
fil,hard,nakasaad,not_in_reference_dictionary,C,,
fil,hard,nakatakdang,not_in_reference_dictionary,C,,
fil,hard,nakatala,not_in_reference_dictionary,C,,
fil,hard,nakatuon,not_in_reference_dictionary,C,,
fil,hard,nakikitang,linker_attached_form,C,,-ng linker attached
fil,hard,namumuno,not_in_reference_dictionary,C,,
fil,hard,napag,not_in_reference_dictionary,C,,
fil,hard,napapanood,not_in_reference_dictionary,C,,
fil,hard,nasabing,linker_attached_form,C,,-ng linker attached
fil,hard,national,wrong_language_english,A,,
fil,hard,naturang,linker_attached_form,C,,-ng linker attached
fil,hard,naunang,linker_attached_form,C,,-ng linker attached
fil,hard,nawalan,not_in_reference_dictionary,C,,
fil,hard,nawawalan,not_in_reference_dictionary,C,,
fil,hard,need,wrong_language_english,A,,
fil,hard,network,wrong_language_english,A,,
fil,hard,ngayong,linker_attached_form,C,,-ng linker attached
fil,hard,nilabas,not_in_reference_dictionary,C,,
fil,hard,nilikha,not_in_reference_dictionary,C,,
fil,hard,nobelang,linker_attached_form,C,,-ng linker attached
fil,hard,nora,proper_noun,B,,
fil,hard,notes,wrong_language_english,A,,
fil,hard,oktubre,proper_noun,B,,
fil,hard,olimpiko,not_in_reference_dictionary,C,,
fil,hard,only,wrong_language_english,A,,
fil,hard,ordinaryong,linker_attached_form,C,,-ng linker attached
fil,hard,ova,wrong_language_other,A,,es
fil,hard,pag-aari,wrong_language_other,A,,es
fil,hard,pag-alis,wrong_language_other,A,,es
fil,hard,pag-arte,wrong_language_other,A,,es
fil,hard,pag-awit,wrong_language_other,A,,es
fil,hard,pag-ikot,wrong_language_other,A,,es
fil,hard,pag-iral,wrong_language_other,A,,es
fil,hard,pag-ulan,wrong_language_other,A,,es
fil,hard,pagbaba,not_in_reference_dictionary,C,,
fil,hard,pagbabawas,not_in_reference_dictionary,C,,
fil,hard,pagbaha,not_in_reference_dictionary,C,,
fil,hard,pagbasa,not_in_reference_dictionary,C,,
fil,hard,pagbisita,not_in_reference_dictionary,C,,
fil,hard,paggalang,not_in_reference_dictionary,C,,
fil,hard,paggalaw,not_in_reference_dictionary,C,,
fil,hard,paggamit,not_in_reference_dictionary,C,,
fil,hard,paggamot,not_in_reference_dictionary,C,,
fil,hard,pagganap,not_in_reference_dictionary,C,,
fil,hard,paggawa,not_in_reference_dictionary,C,,
fil,hard,paghahatid,not_in_reference_dictionary,C,,
fil,hard,paghinga,not_in_reference_dictionary,C,,
fil,hard,pagiging,not_in_reference_dictionary,C,,
fil,hard,pagkaing,linker_attached_form,C,,-ng linker attached
fil,hard,pagkilos,not_in_reference_dictionary,C,,
fil,hard,pagkuha,not_in_reference_dictionary,C,,
fil,hard,paglaban,not_in_reference_dictionary,C,,
fil,hard,paglago,not_in_reference_dictionary,C,,
fil,hard,paglaki,not_in_reference_dictionary,C,,
fil,hard,paglaon,not_in_reference_dictionary,C,,
fil,hard,paglikha,not_in_reference_dictionary,C,,
fil,hard,paglipad,not_in_reference_dictionary,C,,
fil,hard,paglipat,not_in_reference_dictionary,C,,
fil,hard,paglitaw,not_in_reference_dictionary,C,,
fil,hard,pagmamay,not_in_reference_dictionary,C,,
fil,hard,pagnanais,not_in_reference_dictionary,C,,
fil,hard,pagpapahalaga,not_in_reference_dictionary,C,,
fil,hard,pagpasok,not_in_reference_dictionary,C,,
fil,hard,pagpili,not_in_reference_dictionary,C,,
fil,hard,pagsabog,not_in_reference_dictionary,C,,
fil,hard,pagsamba,not_in_reference_dictionary,C,,
fil,hard,pagsapit,not_in_reference_dictionary,C,,
fil,hard,pagsubok,not_in_reference_dictionary,C,,
fil,hard,pagtakbo,not_in_reference_dictionary,C,,
fil,hard,pagtukoy,not_in_reference_dictionary,C,,
fil,hard,paksang,linker_attached_form,C,,-ng linker attached
fil,hard,palaging,linker_attached_form,C,,-ng linker attached
fil,hard,palarong,linker_attached_form,C,,-ng linker attached
fil,hard,palawan,proper_noun,B,,
fil,hard,palibot,not_in_reference_dictionary,C,,
fil,hard,paligid,not_in_reference_dictionary,C,,
fil,hard,pamamaga,not_in_reference_dictionary,C,,
fil,hard,pampanga,proper_noun,B,,
fil,hard,pamumuno,not_in_reference_dictionary,C,,
fil,hard,panahong,linker_attached_form,C,,-ng linker attached
fil,hard,pananakit,not_in_reference_dictionary,C,,
fil,hard,pandagat,not_in_reference_dictionary,C,,
fil,hard,panty,wrong_language_other,A,,fr
fil,hard,paolo,not_in_reference_dictionary,C,,
fil,hard,papaano,not_in_reference_dictionary,C,,
fil,hard,paraang,linker_attached_form,C,,-ng linker attached
fil,hard,parangal,not_in_reference_dictionary,C,,
fil,hard,parehong,linker_attached_form,C,,-ng linker attached
fil,hard,pasay,proper_noun,B,,
fil,hard,patrol,wrong_language_english,A,,
fil,hard,paunang,not_in_reference_dictionary,C,,
fil,hard,pebrero,proper_noun,B,,
fil,hard,perpektong,linker_attached_form,C,,-ng linker attached
fil,hard,pigilan,not_in_reference_dictionary,C,,
fil,hard,pina,wrong_language_other,A,,es
fil,hard,pinayagan,not_in_reference_dictionary,C,,
fil,hard,pinunong,linker_attached_form,C,,-ng linker attached
fil,hard,pipiliin,not_in_reference_dictionary,C,,
fil,hard,place,wrong_language_english,A,,
fil,hard,planong,linker_attached_form,C,,-ng linker attached
fil,hard,platform,wrong_language_english,A,,
fil,hard,portal,wrong_language_english,A,,
fil,hard,posts,wrong_language_english,A,,
fil,hard,present,wrong_language_english,A,,
fil,hard,presidential,wrong_language_english,A,,
fil,hard,producer,wrong_language_english,A,,
fil,hard,production,wrong_language_english,A,,
fil,hard,project,wrong_language_english,A,,
fil,hard,projects,wrong_language_english,A,,
fil,hard,puntong,linker_attached_form,C,,-ng linker attached
fil,hard,push,wrong_language_english,A,,
fil,hard,pwedeng,linker_attached_form,C,,-ng linker attached
fil,hard,pwersang,linker_attached_form,C,,-ng linker attached
fil,hard,ramon,proper_noun,B,,
fil,hard,ramos,proper_noun,B,,
fil,hard,ratings,wrong_language_english,A,,
fil,hard,records,wrong_language_english,A,,
fil,hard,regional,wrong_language_english,A,,
fil,hard,rehiyong,linker_attached_form,C,,-ng linker attached
fil,hard,relationship,wrong_language_english,A,,
fil,hard,release,wrong_language_english,A,,
fil,hard,republic,wrong_language_english,A,,
fil,hard,request,wrong_language_english,A,,
fil,hard,research,wrong_language_english,A,,
fil,hard,resort,wrong_language_english,A,,
fil,hard,rico,proper_noun,B,,
fil,hard,rights,wrong_language_english,A,,
fil,hard,rita,proper_noun,B,,
fil,hard,rivera,proper_noun,B,,
fil,hard,romanong,linker_attached_form,C,,-ng linker attached
fil,hard,roque,wrong_language_other,A,,es
fil,hard,round,wrong_language_english,A,,
fil,hard,roxas,proper_noun,B,,
fil,hard,safe,wrong_language_english,A,,
fil,hard,salaping,linker_attached_form,C,,-ng linker attached
fil,hard,saligang,linker_attached_form,C,,-ng linker attached
fil,hard,salitang,linker_attached_form,C,,-ng linker attached
fil,hard,samahang,linker_attached_form,C,,-ng linker attached
fil,hard,sampung,linker_attached_form,C,,-ng linker attached
fil,hard,sangguniang,linker_attached_form,C,,-ng linker attached
fil,hard,sariling,linker_attached_form,C,,-ng linker attached
fil,hard,saring,linker_attached_form,C,,-ng linker attached
fil,hard,save,wrong_language_english,A,,
fil,hard,schedule,wrong_language_english,A,,
fil,hard,science,wrong_language_english,A,,
fil,hard,script,wrong_language_english,A,,
fil,hard,section,wrong_language_english,A,,
fil,hard,seksyon,not_in_reference_dictionary,C,,
fil,hard,selulang,linker_attached_form,C,,-ng linker attached
fil,hard,sentrong,linker_attached_form,C,,-ng linker attached
fil,hard,seryeng,linker_attached_form,C,,-ng linker attached
fil,hard,seryosong,linker_attached_form,C,,-ng linker attached
fil,hard,shine,wrong_language_english,A,,
fil,hard,shoot,wrong_language_english,A,,
fil,hard,simpleng,linker_attached_form,C,,-ng linker attached
fil,hard,sinabing,linker_attached_form,C,,-ng linker attached
fil,hard,sinakop,not_in_reference_dictionary,C,,
fil,hard,sinumang,linker_attached_form,C,,-ng linker attached
fil,hard,smart,wrong_language_english,A,,
fil,hard,sobrang,linker_attached_form,C,,-ng linker attached
fil,hard,society,wrong_language_english,A,,
fil,hard,software,wrong_language_english,A,,
fil,hard,species,wrong_language_english,A,,
fil,hard,staff,wrong_language_english,A,,
fil,hard,start,wrong_language_english,A,,
fil,hard,status,wrong_language_english,A,,
fil,hard,store,wrong_language_english,A,,
fil,hard,sugatan,not_in_reference_dictionary,C,,
fil,hard,sumigaw,not_in_reference_dictionary,C,,
fil,hard,tagagawa,not_in_reference_dictionary,C,,
fil,hard,talagang,linker_attached_form,C,,-ng linker attached
fil,hard,tanghalan,not_in_reference_dictionary,C,,
fil,hard,tanging,linker_attached_form,C,,-ng linker attached
fil,hard,target,wrong_language_english,A,,
fil,hard,tatlong,linker_attached_form,C,,-ng linker attached
fil,hard,tauhang,linker_attached_form,C,,-ng linker attached
fil,hard,taunang,linker_attached_form,C,,-ng linker attached
fil,hard,tawagin,not_in_reference_dictionary,C,,
fil,hard,teknikal,not_in_reference_dictionary,C,,
fil,hard,tekstong,linker_attached_form,C,,-ng linker attached
fil,hard,thailand,proper_noun,B,,
fil,hard,than,wrong_language_english,A,,
fil,hard,thanks,wrong_language_english,A,,
fil,hard,them,wrong_language_english,A,,
fil,hard,there,wrong_language_english,A,,
fil,hard,three,wrong_language_english,A,,
fil,hard,tinawag,not_in_reference_dictionary,C,,
fil,hard,tinukoy,not_in_reference_dictionary,C,,
fil,hard,tipikal,not_in_reference_dictionary,C,,
fil,hard,tipong,linker_attached_form,C,,-ng linker attached
fil,hard,titulong,linker_attached_form,C,,-ng linker attached
fil,hard,today,wrong_language_english,A,,
fil,hard,tomas,proper_noun,B,,
fil,hard,toni,proper_noun,B,,
fil,hard,topic,wrong_language_english,A,,
fil,hard,totoong,linker_attached_form,C,,-ng linker attached
fil,hard,trade,wrong_language_english,A,,
fil,hard,true,wrong_language_english,A,,
fil,hard,tukuyin,not_in_reference_dictionary,C,,
fil,hard,tuluyan,not_in_reference_dictionary,C,,
fil,hard,tuluyang,not_in_reference_dictionary,C,,
fil,hard,tumagal,not_in_reference_dictionary,C,,
fil,hard,tumataas,not_in_reference_dictionary,C,,
fil,hard,tumigil,not_in_reference_dictionary,C,,
fil,hard,tumukoy,not_in_reference_dictionary,C,,
fil,hard,tumungo,not_in_reference_dictionary,C,,
fil,hard,tuntunin,not_in_reference_dictionary,C,,
fil,hard,tuwirang,linker_attached_form,C,,-ng linker attached
fil,hard,ugnayang,linker_attached_form,C,,-ng linker attached
fil,hard,uk,abbreviation_or_noise,A,,
fil,hard,umaabot,not_in_reference_dictionary,C,,
fil,hard,umaayon,not_in_reference_dictionary,C,,
fil,hard,umiiral,not_in_reference_dictionary,C,,
fil,hard,unahan,not_in_reference_dictionary,C,,
fil,hard,videos,wrong_language_english,A,,
fil,hard,watch,wrong_language_english,A,,
fil,hard,website,wrong_language_english,A,,
fil,hard,which,wrong_language_english,A,,
fil,hard,wish,wrong_language_english,A,,
fil,hard,yugtong,linker_attached_form,C,,-ng linker attached
fil,expert,aabang,linker_attached_form,C,,-ng linker attached
fil,expert,aalay,not_in_reference_dictionary,C,,
fil,expert,ac,wrong_language_english,A,,
fil,expert,academic,wrong_language_english,A,,
fil,expert,accounting,wrong_language_english,A,,
fil,expert,activity,wrong_language_english,A,,
fil,expert,adjust,wrong_language_english,A,,
fil,expert,admin,wrong_language_english,A,,
fil,expert,adventure,wrong_language_english,A,,
fil,expert,agnes,proper_noun,B,,
fil,expert,agree,wrong_language_english,A,,
fil,expert,agreement,wrong_language_english,A,,
fil,expert,agriculture,wrong_language_english,A,,
fil,expert,aircon,not_in_reference_dictionary,C,,
fil,expert,airline,wrong_language_english,A,,
fil,expert,akademikong,linker_attached_form,C,,-ng linker attached
fil,expert,akoy,not_in_reference_dictionary,C,,
fil,expert,aldub,not_in_reference_dictionary,C,,
fil,expert,alexander,proper_noun,B,,
fil,expert,alfred,proper_noun,B,,
fil,expert,alien,wrong_language_english,A,,
fil,expert,alinmang,linker_attached_form,C,,-ng linker attached
fil,expert,allowance,wrong_language_english,A,,
fil,expert,almost,wrong_language_english,A,,
fil,expert,alpha,wrong_language_english,A,,
fil,expert,alternatibong,linker_attached_form,C,,-ng linker attached
fil,expert,amanda,proper_noun,B,,
fil,expert,amazing,wrong_language_english,A,,
fil,expert,amerikanong,linker_attached_form,C,,-ng linker attached
fil,expert,amy,proper_noun,B,,
fil,expert,anderson,proper_noun,B,,
fil,expert,andy,proper_noun,B,,
fil,expert,angela,proper_noun,B,,
fil,expert,angking,linker_attached_form,C,,-ng linker attached
fil,expert,another,wrong_language_english,A,,
fil,expert,answer,wrong_language_english,A,,
fil,expert,anthony,proper_noun,B,,
fil,expert,anton,proper_noun,B,,
fil,expert,anung,linker_attached_form,C,,-ng linker attached
fil,expert,anyway,wrong_language_english,A,,
fil,expert,apektadong,linker_attached_form,C,,-ng linker attached
fil,expert,appreciate,wrong_language_english,A,,
fil,expert,aprika,proper_noun,B,,
fil,expert,ariel,proper_noun,B,,
fil,expert,armed,wrong_language_english,A,,
fil,expert,around,wrong_language_english,A,,
fil,expert,articles,wrong_language_english,A,,
fil,expert,artistang,linker_attached_form,C,,-ng linker attached
fil,expert,asang,linker_attached_form,C,,-ng linker attached
fil,expert,ash,wrong_language_english,A,,
fil,expert,asong,linker_attached_form,C,,-ng linker attached
fil,expert,assembly,wrong_language_english,A,,
fil,expert,asset,wrong_language_english,A,,
fil,expert,association,wrong_language_english,A,,
fil,expert,atm,wrong_language_other,A,,fr
fil,expert,attack,wrong_language_english,A,,
fil,expert,aunor,not_in_reference_dictionary,C,,
fil,expert,aurora,wrong_language_english,A,,
fil,expert,author,wrong_language_english,A,,
fil,expert,available,wrong_language_english,A,,
fil,expert,aware,wrong_language_english,A,,
fil,expert,awtomatikong,linker_attached_form,C,,-ng linker attached
fil,expert,ayunan,wrong_language_other,A,,es
fil,expert,babaing,linker_attached_form,C,,-ng linker attached
fil,expert,bags,wrong_language_english,A,,
fil,expert,bahagyang,linker_attached_form,C,,-ng linker attached
fil,expert,banana,wrong_language_english,A,,
fil,expert,bangsamoro,not_in_reference_dictionary,C,,
fil,expert,banyagang,linker_attached_form,C,,-ng linker attached
fil,expert,basketball,wrong_language_english,A,,
fil,expert,bayaning,linker_attached_form,C,,-ng linker attached
fil,expert,bear,wrong_language_english,A,,
fil,expert,beautiful,wrong_language_english,A,,
fil,expert,beijing,proper_noun,B,,
fil,expert,believe,wrong_language_english,A,,
fil,expert,benigno,proper_noun,B,,
fil,expert,billboard,wrong_language_other,A,,pl
fil,expert,binibigkas,not_in_reference_dictionary,C,,
fil,expert,biology,wrong_language_english,A,,
fil,expert,bird,wrong_language_english,A,,
fil,expert,blessing,wrong_language_english,A,,
fil,expert,bo,wrong_language_other,A,,pl
fil,expert,bonggang,linker_attached_form,C,,-ng linker attached
fil,expert,boom,wrong_language_english,A,,
fil,expert,born,wrong_language_english,A,,
fil,expert,boxing,wrong_language_english,A,,
fil,expert,brazil,proper_noun,B,,
fil,expert,bridge,wrong_language_english,A,,
fil,expert,broadcast,wrong_language_english,A,,
fil,expert,broadway,proper_noun,B,,
fil,expert,bryan,proper_noun,B,,
fil,expert,bubble,wrong_language_english,A,,
fil,expert,buddy,wrong_language_english,A,,
fil,expert,cam,wrong_language_english,A,,
fil,expert,candy,wrong_language_english,A,,
fil,expert,caption,wrong_language_english,A,,
fil,expert,carl,proper_noun,B,,
fil,expert,carla,proper_noun,B,,
fil,expert,carrier,wrong_language_english,A,,
fil,expert,cartoon,wrong_language_english,A,,
fil,expert,catholic,wrong_language_english,A,,
fil,expert,cathy,proper_noun,B,,
fil,expert,character,wrong_language_english,A,,
fil,expert,characters,wrong_language_english,A,,
fil,expert,charity,wrong_language_english,A,,
fil,expert,cheap,wrong_language_english,A,,
fil,expert,cherry,wrong_language_english,A,,
fil,expert,christ,proper_noun,B,,
fil,expert,christian,wrong_language_english,A,,
fil,expert,classroom,wrong_language_english,A,,
fil,expert,clearance,wrong_language_english,A,,
fil,expert,climate,wrong_language_english,A,,
fil,expert,collection,wrong_language_english,A,,
fil,expert,comelec,proper_noun,B,,
fil,expert,command,wrong_language_english,A,,
fil,expert,commission,wrong_language_english,A,,
fil,expert,communication,wrong_language_english,A,,
fil,expert,companies,wrong_language_english,A,,
fil,expert,competition,wrong_language_english,A,,
fil,expert,concern,wrong_language_english,A,,
fil,expert,connection,wrong_language_english,A,,
fil,expert,construction,wrong_language_english,A,,
fil,expert,corazon,proper_noun,B,,
fil,expert,corporation,wrong_language_english,A,,
fil,expert,costume,wrong_language_english,A,,
fil,expert,counter,wrong_language_english,A,,
fil,expert,couple,wrong_language_english,A,,
fil,expert,cultural,wrong_language_english,A,,
fil,expert,culture,wrong_language_english,A,,
fil,expert,curtis,proper_noun,B,,
fil,expert,customer,wrong_language_english,A,,
fil,expert,dalawampung,linker_attached_form,C,,-ng linker attached
fil,expert,damang,linker_attached_form,C,,-ng linker attached
fil,expert,damdaming,linker_attached_form,C,,-ng linker attached
fil,expert,dancer,wrong_language_english,A,,
fil,expert,dantes,wrong_language_other,A,,es
fil,expert,demokratikong,linker_attached_form,C,,-ng linker attached
fil,expert,designer,wrong_language_english,A,,
fil,expert,developer,wrong_language_english,A,,
fil,expert,development,wrong_language_english,A,,
fil,expert,device,wrong_language_english,A,,
fil,expert,diana,proper_noun,B,,
fil,expert,diaz,proper_noun,B,,
fil,expert,did,wrong_language_english,A,,
fil,expert,dina,proper_noun,B,,
fil,expert,dinastiyang,linker_attached_form,C,,-ng linker attached
fil,expert,dingdong,not_in_reference_dictionary,C,,
fil,expert,dinisenyo,not_in_reference_dictionary,C,,
fil,expert,diploma,wrong_language_english,A,,
fil,expert,direct,wrong_language_english,A,,
fil,expert,direktang,linker_attached_form,C,,-ng linker attached
fil,expert,disorder,wrong_language_english,A,,
fil,expert,display,wrong_language_english,A,,
fil,expert,disyembre,proper_noun,B,,
fil,expert,diyagnosis,not_in_reference_dictionary,C,,
fil,expert,dokumentong,linker_attached_form,C,,-ng linker attached
fil,expert,dong,wrong_language_english,A,,
fil,expert,draft,wrong_language_english,A,,
fil,expert,dubai,proper_noun,B,,
fil,expert,duet,wrong_language_english,A,,
fil,expert,during,wrong_language_english,A,,
fil,expert,dutch,wrong_language_english,A,,
fil,expert,duty,wrong_language_english,A,,
fil,expert,early,wrong_language_english,A,,
fil,expert,eastern,wrong_language_english,A,,
fil,expert,easy,wrong_language_english,A,,
fil,expert,eba,proper_noun,B,,
fil,expert,eddie,proper_noun,B,,
fil,expert,edgar,proper_noun,B,,
fil,expert,eduardo,proper_noun,B,,
fil,expert,effects,wrong_language_english,A,,
fil,expert,ekonomiyang,linker_attached_form,C,,-ng linker attached
fil,expert,eksaktong,linker_attached_form,C,,-ng linker attached
fil,expert,eksklusibong,linker_attached_form,C,,-ng linker attached
fil,expert,ekwasyong,not_in_reference_dictionary,C,,
fil,expert,election,wrong_language_english,A,,
fil,expert,electronic,wrong_language_english,A,,
fil,expert,elementong,linker_attached_form,C,,-ng linker attached
fil,expert,elevator,wrong_language_english,A,,
fil,expert,eli,proper_noun,B,,
fil,expert,ella,proper_noun,B,,
fil,expert,emergency,wrong_language_english,A,,
fil,expert,eng,proper_noun,B,,
fil,expert,engineer,wrong_language_english,A,,
fil,expert,enrile,proper_noun,B,,
fil,expert,entertainment,wrong_language_english,A,,
fil,expert,epektibong,linker_attached_form,C,,-ng linker attached
fil,expert,españa,proper_noun,B,,
fil,expert,español,wrong_language_other,A,,es
fil,expert,espirituwal,not_in_reference_dictionary,C,,
fil,expert,estasyong,linker_attached_form,C,,-ng linker attached
fil,expert,estate,wrong_language_english,A,,
fil,expert,eva,proper_noun,B,,
fil,expert,example,wrong_language_english,A,,
fil,expert,excitement,wrong_language_english,A,,
fil,expert,exercise,wrong_language_english,A,,
fil,expert,facial,wrong_language_english,A,,
fil,expert,fairness,wrong_language_english,A,,
fil,expert,faith,wrong_language_english,A,,
fil,expert,farm,wrong_language_english,A,,
fil,expert,feature,wrong_language_english,A,,
fil,expert,fee,wrong_language_english,A,,
fil,expert,felix,proper_noun,B,,
fil,expert,fernandez,proper_noun,B,,
fil,expert,fiesta,wrong_language_other,A,,es
fil,expert,fighting,wrong_language_english,A,,
fil,expert,filter,wrong_language_english,A,,
fil,expert,financial,wrong_language_english,A,,
fil,expert,finger,wrong_language_english,A,,
fil,expert,flag,wrong_language_english,A,,
fil,expert,florante,wrong_language_other,A,,pt
fil,expert,flower,wrong_language_english,A,,
fil,expert,flowers,wrong_language_english,A,,
fil,expert,foods,wrong_language_english,A,,
fil,expert,forces,wrong_language_english,A,,
fil,expert,fort,wrong_language_english,A,,
fil,expert,forward,wrong_language_english,A,,
fil,expert,foundation,wrong_language_english,A,,
fil,expert,freedom,wrong_language_english,A,,
fil,expert,fresh,wrong_language_english,A,,
fil,expert,friday,proper_noun,B,,
fil,expert,gadgets,wrong_language_english,A,,
fil,expert,gagawing,linker_attached_form,C,,-ng linker attached
fil,expert,gaming,wrong_language_english,A,,
fil,expert,gerald,proper_noun,B,,
fil,expert,geronimo,proper_noun,B,,
fil,expert,gid,wrong_language_other,A,,pl
fil,expert,gin,wrong_language_english,A,,
fil,expert,ginagawang,linker_attached_form,C,,-ng linker attached
fil,expert,ginebra,wrong_language_other,A,,es
fil,expert,ginoong,linker_attached_form,C,,-ng linker attached
fil,expert,ginusto,not_in_reference_dictionary,C,,
fil,expert,gobyernong,linker_attached_form,C,,-ng linker attached
fil,expert,going,wrong_language_english,A,,
fil,expert,gonzaga,proper_noun,B,,
fil,expert,gonzales,proper_noun,B,,
fil,expert,gov,wrong_language_english,A,,
fil,expert,gown,wrong_language_english,A,,
fil,expert,graduation,wrong_language_english,A,,
fil,expert,graham,wrong_language_english,A,,
fil,expert,griyegong,linker_attached_form,C,,-ng linker attached
fil,expert,ground,wrong_language_english,A,,
fil,expert,guam,proper_noun,B,,
fil,expert,gugustuhin,not_in_reference_dictionary,C,,
fil,expert,guilty,wrong_language_english,A,,
fil,expert,gumaan,not_in_reference_dictionary,C,,
fil,expert,had,wrong_language_english,A,,
fil,expert,hands,wrong_language_english,A,,
fil,expert,hangganang,linker_attached_form,C,,-ng linker attached
fil,expert,hanging,wrong_language_english,A,,
fil,expert,hannah,proper_noun,B,,
fil,expert,healthy,wrong_language_english,A,,
fil,expert,hehehehe,abbreviation_or_noise,A,,
fil,expert,hell,wrong_language_english,A,,
fil,expert,hepatitis,wrong_language_english,A,,
fil,expert,hesukristo,proper_noun,B,,
fil,expert,higanteng,linker_attached_form,C,,-ng linker attached
fil,expert,hikayatin,not_in_reference_dictionary,C,,
fil,expert,hinikayat,not_in_reference_dictionary,C,,
fil,expert,hollywood,proper_noun,B,,
fil,expert,honey,wrong_language_english,A,,
fil,expert,humahantong,not_in_reference_dictionary,C,,
fil,expert,humantong,not_in_reference_dictionary,C,,
fil,expert,humarap,not_in_reference_dictionary,C,,
fil,expert,humiling,not_in_reference_dictionary,C,,
fil,expert,humiwalay,not_in_reference_dictionary,C,,
fil,expert,hydrogen,wrong_language_english,A,,
fil,expert,idinagdag,not_in_reference_dictionary,C,,
fil,expert,idineklara,not_in_reference_dictionary,C,,
fil,expert,ihatid,not_in_reference_dictionary,C,,
fil,expert,ikabubuti,not_in_reference_dictionary,C,,
fil,expert,ikalawang,linker_attached_form,C,,-ng linker attached
fil,expert,ikalimang,linker_attached_form,C,,-ng linker attached
fil,expert,imbakan,not_in_reference_dictionary,C,,
fil,expert,iminungkahi,not_in_reference_dictionary,C,,
fil,expert,impeachment,wrong_language_english,A,,
fil,expert,imperyong,linker_attached_form,C,,-ng linker attached
fil,expert,imposibleng,linker_attached_form,C,,-ng linker attached
fil,expert,inaasahang,linker_attached_form,C,,-ng linker attached
fil,expert,inaasam,not_in_reference_dictionary,C,,
fil,expert,inalok,not_in_reference_dictionary,C,,
fil,expert,inaresto,not_in_reference_dictionary,C,,
fil,expert,independent,wrong_language_english,A,,
fil,expert,indya,proper_noun,B,,
fil,expert,info,wrong_language_english,A,,
fil,expert,iniiwasan,not_in_reference_dictionary,C,,
fil,expert,inilahad,not_in_reference_dictionary,C,,
fil,expert,inilalarawan,not_in_reference_dictionary,C,,
fil,expert,inilapat,not_in_reference_dictionary,C,,
fil,expert,inilarawan,not_in_reference_dictionary,C,,
fil,expert,inilathala,not_in_reference_dictionary,C,,
fil,expert,inilibing,not_in_reference_dictionary,C,,
fil,expert,inilimbag,not_in_reference_dictionary,C,,
fil,expert,inilunsad,not_in_reference_dictionary,C,,
fil,expert,inisyal,not_in_reference_dictionary,C,,
fil,expert,input,wrong_language_english,A,,
fil,expert,install,wrong_language_english,A,,
fil,expert,instant,wrong_language_english,A,,
fil,expert,institusyong,linker_attached_form,C,,-ng linker attached
fil,expert,institute,wrong_language_english,A,,
fil,expert,intelligence,wrong_language_english,A,,
fil,expert,interest,wrong_language_english,A,,
fil,expert,international,wrong_language_english,A,,
fil,expert,inuming,linker_attached_form,C,,-ng linker attached
fil,expert,ip,proper_noun,B,,
fil,expert,ipag,not_in_reference_dictionary,C,,
fil,expert,ipinagbabawal,not_in_reference_dictionary,C,,
fil,expert,ipinagpatuloy,not_in_reference_dictionary,C,,
fil,expert,ipinahayag,not_in_reference_dictionary,C,,
fil,expert,ipinakilala,not_in_reference_dictionary,C,,
fil,expert,ipinalabas,not_in_reference_dictionary,C,,
fil,expert,ipinangalan,not_in_reference_dictionary,C,,
fil,expert,ipinanganak,not_in_reference_dictionary,C,,
fil,expert,iraq,proper_noun,B,,
fil,expert,isalin,not_in_reference_dictionary,C,,
fil,expert,isat,not_in_reference_dictionary,C,,
fil,expert,isinilang,not_in_reference_dictionary,C,,
fil,expert,islamic,proper_noun,B,,
fil,expert,islands,wrong_language_english,A,,
fil,expert,itinakdang,not_in_reference_dictionary,C,,
fil,expert,itinalaga,not_in_reference_dictionary,C,,
fil,expert,itinampok,not_in_reference_dictionary,C,,
fil,expert,itinanghal,not_in_reference_dictionary,C,,
fil,expert,itinuring,not_in_reference_dictionary,C,,
fil,expert,itinuturing,not_in_reference_dictionary,C,,
fil,expert,ivan,proper_noun,B,,
fil,expert,ja,wrong_language_other,A,,es
fil,expert,jacket,wrong_language_english,A,,
fil,expert,jackie,proper_noun,B,,
fil,expert,jean,wrong_language_english,A,,
fil,expert,jeff,proper_noun,B,,
fil,expert,jehova,not_in_reference_dictionary,C,,
fil,expert,jenny,wrong_language_english,A,,
fil,expert,jeremias,wrong_language_other,A,,pt
fil,expert,jerome,proper_noun,B,,
fil,expert,jerry,proper_noun,B,,
fil,expert,jo,proper_noun,B,,
fil,expert,joe,proper_noun,B,,
fil,expert,jolo,proper_noun,B,,
fil,expert,jon,proper_noun,B,,
fil,expert,jonas,proper_noun,B,,
fil,expert,jonathan,proper_noun,B,,
fil,expert,jones,proper_noun,B,,
fil,expert,joyce,proper_noun,B,,
fil,expert,judy,proper_noun,B,,
fil,expert,junior,wrong_language_english,A,,
fil,expert,kaalamang,linker_attached_form,C,,-ng linker attached
fil,expert,kababaihang,linker_attached_form,C,,-ng linker attached
fil,expert,kabaitan,not_in_reference_dictionary,C,,
fil,expert,kabilis,not_in_reference_dictionary,C,,
fil,expert,kabundukan,not_in_reference_dictionary,C,,
fil,expert,kadahilanan,not_in_reference_dictionary,C,,
fil,expert,kadahilanang,not_in_reference_dictionary,C,,
fil,expert,kadalas,not_in_reference_dictionary,C,,
fil,expert,kadalasan,not_in_reference_dictionary,C,,
fil,expert,kadalasang,not_in_reference_dictionary,C,,
fil,expert,kag,abbreviation_or_noise,A,,
fil,expert,kagalang,not_in_reference_dictionary,C,,
fil,expert,kagamitang,linker_attached_form,C,,-ng linker attached
fil,expert,kahilingan,not_in_reference_dictionary,C,,
fil,expert,kahulugang,linker_attached_form,C,,-ng linker attached
fil,expert,kailangang,linker_attached_form,C,,-ng linker attached
fil,expert,kakaibang,linker_attached_form,C,,-ng linker attached
fil,expert,kakayahang,linker_attached_form,C,,-ng linker attached
fil,expert,kalagayang,linker_attached_form,C,,-ng linker attached
fil,expert,kalahating,linker_attached_form,C,,-ng linker attached
fil,expert,kalakasan,not_in_reference_dictionary,C,,
fil,expert,kalakhang,linker_attached_form,C,,-ng linker attached
fil,expert,kalaunang,linker_attached_form,C,,-ng linker attached
fil,expert,kalayaang,linker_attached_form,C,,-ng linker attached
fil,expert,kalendaryong,linker_attached_form,C,,-ng linker attached
fil,expert,kaligtasan,not_in_reference_dictionary,C,,
fil,expert,kalimitang,not_in_reference_dictionary,C,,
fil,expert,kalipunan,not_in_reference_dictionary,C,,
fil,expert,kamakailang,linker_attached_form,C,,-ng linker attached
fil,expert,kamangha,not_in_reference_dictionary,C,,
fil,expert,kan,proper_noun,B,,
fil,expert,kani-kanilang,wrong_language_other,A,,es
fil,expert,kanlurang,linker_attached_form,C,,-ng linker attached
fil,expert,kapaligiran,not_in_reference_dictionary,C,,
fil,expert,kapangyarihang,linker_attached_form,C,,-ng linker attached
fil,expert,kapantay,not_in_reference_dictionary,C,,
fil,expert,kapareho,not_in_reference_dictionary,C,,
fil,expert,kaparehong,not_in_reference_dictionary,C,,
fil,expert,kaparusahan,not_in_reference_dictionary,C,,
fil,expert,kapiling,not_in_reference_dictionary,C,,
fil,expert,kapistahan,not_in_reference_dictionary,C,,
fil,expert,karagdagang,linker_attached_form,C,,-ng linker attached
fil,expert,karamdaman,not_in_reference_dictionary,C,,
fil,expert,karaniwang,linker_attached_form,C,,-ng linker attached
fil,expert,karapatang,linker_attached_form,C,,-ng linker attached
fil,expert,kasagsagan,not_in_reference_dictionary,C,,
fil,expert,kasagutan,not_in_reference_dictionary,C,,
fil,expert,kasalanang,linker_attached_form,C,,-ng linker attached
fil,expert,kasalukuyang,linker_attached_form,C,,-ng linker attached
fil,expert,kasanayan,not_in_reference_dictionary,C,,
fil,expert,kasangkapan,not_in_reference_dictionary,C,,
fil,expert,kasangkapang,not_in_reference_dictionary,C,,
fil,expert,kasangkot,not_in_reference_dictionary,C,,
fil,expert,kastilang,linker_attached_form,C,,-ng linker attached
fil,expert,kasunduang,linker_attached_form,C,,-ng linker attached
fil,expert,katamtamang,not_in_reference_dictionary,C,,
fil,expert,katangi,not_in_reference_dictionary,C,,
fil,expert,katangiang,linker_attached_form,C,,-ng linker attached
fil,expert,katanyagan,not_in_reference_dictionary,C,,
fil,expert,katapusang,linker_attached_form,C,,-ng linker attached
fil,expert,katawagan,not_in_reference_dictionary,C,,
fil,expert,katawagang,not_in_reference_dictionary,C,,
fil,expert,katayuang,linker_attached_form,C,,-ng linker attached
fil,expert,katimugang,not_in_reference_dictionary,C,,
fil,expert,katolikong,linker_attached_form,C,,-ng linker attached
fil,expert,katutubong,linker_attached_form,C,,-ng linker attached
fil,expert,kaugalian,not_in_reference_dictionary,C,,
fil,expert,kauna-unahang,wrong_language_other,A,,es
fil,expert,kautusang,linker_attached_form,C,,-ng linker attached
fil,expert,kawawang,linker_attached_form,C,,-ng linker attached
fil,expert,kazakhstan,proper_noun,B,,
fil,expert,kid,wrong_language_english,A,,
fil,expert,kinabibilangan,not_in_reference_dictionary,C,,
fil,expert,kinakailangang,linker_attached_form,C,,-ng linker attached
fil,expert,kinalalagyan,not_in_reference_dictionary,C,,
fil,expert,kinaroroonan,not_in_reference_dictionary,C,,
fil,expert,kinasasangkutan,not_in_reference_dictionary,C,,
fil,expert,kinikilala,not_in_reference_dictionary,C,,
fil,expert,kinikilalang,not_in_reference_dictionary,C,,
fil,expert,kinis,not_in_reference_dictionary,C,,
fil,expert,kinita,not_in_reference_dictionary,C,,
fil,expert,kit,wrong_language_english,A,,
fil,expert,klasikong,not_in_reference_dictionary,C,,
fil,expert,koleksiyon,not_in_reference_dictionary,C,,
fil,expert,koleksyon,not_in_reference_dictionary,C,,
fil,expert,komersyal,not_in_reference_dictionary,C,,
fil,expert,kompanyang,linker_attached_form,C,,-ng linker attached
fil,expert,konseptong,linker_attached_form,C,,-ng linker attached
fil,expert,kontrolado,not_in_reference_dictionary,C,,
fil,expert,koreanong,linker_attached_form,C,,-ng linker attached
fil,expert,kristine,proper_noun,B,,
fil,expert,kulturang,linker_attached_form,C,,-ng linker attached
fil,expert,kumpanyang,linker_attached_form,C,,-ng linker attached
fil,expert,kumpletong,linker_attached_form,C,,-ng linker attached
fil,expert,kuwait,proper_noun,B,,
fil,expert,kuwentong,linker_attached_form,C,,-ng linker attached
fil,expert,kwentong,linker_attached_form,C,,-ng linker attached
fil,expert,kyle,proper_noun,B,,
fil,expert,labindalawang,linker_attached_form,C,,-ng linker attached
fil,expert,laboratory,wrong_language_english,A,,
fil,expert,lake,wrong_language_english,A,,
fil,expert,lapu,not_in_reference_dictionary,C,,
fil,expert,larangang,linker_attached_form,C,,-ng linker attached
fil,expert,laser,wrong_language_english,A,,
fil,expert,later,wrong_language_english,A,,
fil,expert,latest,wrong_language_english,A,,
fil,expert,launch,wrong_language_english,A,,
fil,expert,layer,wrong_language_english,A,,
fil,expert,lea,wrong_language_english,A,,
fil,expert,left,wrong_language_english,A,,
fil,expert,legazpi,proper_noun,B,,
fil,expert,legs,wrong_language_english,A,,
fil,expert,lehitimong,linker_attached_form,C,,-ng linker attached
fil,expert,less,wrong_language_english,A,,
fil,expert,letters,wrong_language_english,A,,
fil,expert,likidong,linker_attached_form,C,,-ng linker attached
fil,expert,lilipat,not_in_reference_dictionary,C,,
fil,expert,lily,wrong_language_english,A,,
fil,expert,limitadong,linker_attached_form,C,,-ng linker attached
fil,expert,lines,wrong_language_english,A,,
fil,expert,lino,wrong_language_other,A,,es
fil,expert,location,wrong_language_english,A,,
fil,expert,lot,wrong_language_english,A,,
fil,expert,lower,wrong_language_english,A,,
fil,expert,luke,proper_noun,B,,
fil,expert,lumalaking,linker_attached_form,C,,-ng linker attached
fil,expert,lumilitaw,not_in_reference_dictionary,C,,
fil,expert,lumingon,not_in_reference_dictionary,C,,
fil,expert,lunch,wrong_language_english,A,,
fil,expert,mabilisang,linker_attached_form,C,,-ng linker attached
fil,expert,macapagal,proper_noun,B,,
fil,expert,madrid,proper_noun,B,,
fil,expert,magandang,linker_attached_form,C,,-ng linker attached
fil,expert,magbakasyon,not_in_reference_dictionary,C,,
fil,expert,magbukas,not_in_reference_dictionary,C,,
fil,expert,magellan,proper_noun,B,,
fil,expert,magkakaibang,not_in_reference_dictionary,C,,
fil,expert,magkasama,not_in_reference_dictionary,C,,
fil,expert,magkatulad,not_in_reference_dictionary,C,,
fil,expert,magkikita,not_in_reference_dictionary,C,,
fil,expert,magnetic,wrong_language_english,A,,
fil,expert,mahahalagang,not_in_reference_dictionary,C,,
fil,expert,mahalagang,linker_attached_form,C,,-ng linker attached
fil,expert,mail,wrong_language_english,A,,
fil,expert,maiwasang,linker_attached_form,C,,-ng linker attached
fil,expert,maja,wrong_language_other,A,,es
fil,expert,makabagong,linker_attached_form,C,,-ng linker attached
fil,expert,makabuluhang,linker_attached_form,C,,-ng linker attached
fil,expert,makalabas,not_in_reference_dictionary,C,,
fil,expert,makalipas,not_in_reference_dictionary,C,,
fil,expert,makaraan,not_in_reference_dictionary,C,,
fil,expert,makasaysayang,linker_attached_form,C,,-ng linker attached
fil,expert,makatakas,not_in_reference_dictionary,C,,
fil,expert,makatwirang,not_in_reference_dictionary,C,,
fil,expert,makauwi,not_in_reference_dictionary,C,,
fil,expert,makikipag,not_in_reference_dictionary,C,,
fil,expert,makikitang,linker_attached_form,C,,-ng linker attached
fil,expert,making,wrong_language_english,A,,
fil,expert,makumpleto,not_in_reference_dictionary,C,,
fil,expert,malalaking,linker_attached_form,C,,-ng linker attached
fil,expert,malalang,linker_attached_form,C,,-ng linker attached
fil,expert,malawakang,linker_attached_form,C,,-ng linker attached
fil,expert,malikhaing,linker_attached_form,C,,-ng linker attached
fil,expert,malilimutan,not_in_reference_dictionary,C,,
fil,expert,malolos,proper_noun,B,,
fil,expert,malubhang,linker_attached_form,C,,-ng linker attached
fil,expert,mananatiling,linker_attached_form,C,,-ng linker attached
fil,expert,manuskrito,not_in_reference_dictionary,C,,
fil,expert,many,wrong_language_english,A,,
fil,expert,mapabuti,not_in_reference_dictionary,C,,
fil,expert,mapagkukunan,not_in_reference_dictionary,C,,
fil,expert,mapang,linker_attached_form,C,,-ng linker attached
fil,expert,mapayapang,linker_attached_form,C,,-ng linker attached
fil,expert,mapupunta,not_in_reference_dictionary,C,,
fil,expert,maramihang,not_in_reference_dictionary,C,,
fil,expert,marawi,proper_noun,B,,
fil,expert,marc,proper_noun,B,,
fil,expert,marina,wrong_language_english,A,,
fil,expert,marine,wrong_language_english,A,,
fil,expert,marquez,proper_noun,B,,
fil,expert,masaganang,linker_attached_form,C,,-ng linker attached
fil,expert,masasayang,linker_attached_form,C,,-ng linker attached
fil,expert,mask,wrong_language_english,A,,
fil,expert,masyadong,linker_attached_form,C,,-ng linker attached
fil,expert,mat,wrong_language_english,A,,
fil,expert,matandaan,not_in_reference_dictionary,C,,
fil,expert,matandang,linker_attached_form,C,,-ng linker attached
fil,expert,matang,linker_attached_form,C,,-ng linker attached
fil,expert,matatagpuan,not_in_reference_dictionary,C,,
fil,expert,matatandang,linker_attached_form,C,,-ng linker attached
fil,expert,matematikal,not_in_reference_dictionary,C,,
fil,expert,math,wrong_language_english,A,,
fil,expert,matinding,linker_attached_form,C,,-ng linker attached
fil,expert,matuloy,not_in_reference_dictionary,C,,
fil,expert,mature,wrong_language_english,A,,
fil,expert,matutuwa,not_in_reference_dictionary,C,,
fil,expert,maubos,not_in_reference_dictionary,C,,
fil,expert,maximum,wrong_language_english,A,,
fil,expert,means,wrong_language_english,A,,
fil,expert,memories,wrong_language_english,A,,
fil,expert,messages,wrong_language_english,A,,
fil,expert,metabolismo,wrong_language_other,A,,es
fil,expert,metropolitan,wrong_language_english,A,,
fil,expert,mexico,proper_noun,B,,
fil,expert,milan,proper_noun,B,,
fil,expert,mine,wrong_language_english,A,,
fil,expert,minimum,wrong_language_english,A,,
fil,expert,minister,wrong_language_english,A,,
fil,expert,mission,wrong_language_english,A,,
fil,expert,modernong,linker_attached_form,C,,-ng linker attached
fil,expert,moment,wrong_language_english,A,,
fil,expert,mon,proper_noun,B,,
fil,expert,mount,wrong_language_english,A,,
fil,expert,mu,wrong_language_english,A,,
fil,expert,municipal,wrong_language_english,A,,
fil,expert,munisipalidad,not_in_reference_dictionary,C,,
fil,expert,museum,wrong_language_english,A,,
fil,expert,naabutan,not_in_reference_dictionary,C,,
fil,expert,naaresto,not_in_reference_dictionary,C,,
fil,expert,naawa,not_in_reference_dictionary,C,,
fil,expert,nabigla,not_in_reference_dictionary,C,,
fil,expert,nadiskubre,not_in_reference_dictionary,C,,
fil,expert,nag-aalok,wrong_language_other,A,,es
fil,expert,nag-iisang,linker_attached_form,C,,-ng linker attached
fil,expert,nagbabago,not_in_reference_dictionary,C,,
fil,expert,nagkakaisang,linker_attached_form,C,,-ng linker attached
fil,expert,nagkikita,not_in_reference_dictionary,C,,
fil,expert,naglalaman,not_in_reference_dictionary,C,,
fil,expert,nagngangalang,not_in_reference_dictionary,C,,
fil,expert,nagpahayag,not_in_reference_dictionary,C,,
fil,expert,nagpapa,not_in_reference_dictionary,C,,
fil,expert,nagpapahiwatig,not_in_reference_dictionary,C,,
fil,expert,nagreresulta,not_in_reference_dictionary,C,,
fil,expert,nagresulta,not_in_reference_dictionary,C,,
fil,expert,nagsasaad,not_in_reference_dictionary,C,,
fil,expert,nagsasabing,linker_attached_form,C,,-ng linker attached
fil,expert,nagsasama,not_in_reference_dictionary,C,,
fil,expert,nagsilbing,linker_attached_form,C,,-ng linker attached
fil,expert,nagsimulang,linker_attached_form,C,,-ng linker attached
fil,expert,nagsisilbing,linker_attached_form,C,,-ng linker attached
fil,expert,nagtataglay,not_in_reference_dictionary,C,,
fil,expert,nagtataguyod,not_in_reference_dictionary,C,,
fil,expert,nagtatampok,not_in_reference_dictionary,C,,
fil,expert,nagtatanghal,not_in_reference_dictionary,C,,
fil,expert,nakababatang,not_in_reference_dictionary,C,,
fil,expert,nakabatay,not_in_reference_dictionary,C,,
fil,expert,nakakaapekto,not_in_reference_dictionary,C,,
fil,expert,nakakagulat,not_in_reference_dictionary,C,,
fil,expert,nakakaranas,not_in_reference_dictionary,C,,
fil,expert,nakalabas,not_in_reference_dictionary,C,,
fil,expert,nakalagay,not_in_reference_dictionary,C,,
fil,expert,nakaligtas,not_in_reference_dictionary,C,,
fil,expert,nakalilipas,not_in_reference_dictionary,C,,
fil,expert,nakalipas,not_in_reference_dictionary,C,,
fil,expert,nakalista,not_in_reference_dictionary,C,,
fil,expert,nakapikit,not_in_reference_dictionary,C,,
fil,expert,nakaraang,linker_attached_form,C,,-ng linker attached
fil,expert,nakaranas,not_in_reference_dictionary,C,,
fil,expert,nakararami,not_in_reference_dictionary,C,,
fil,expert,nakarating,not_in_reference_dictionary,C,,
fil,expert,nakasalalay,not_in_reference_dictionary,C,,
fil,expert,nakatago,not_in_reference_dictionary,C,,
fil,expert,nakatagpo,not_in_reference_dictionary,C,,
fil,expert,nakatali,not_in_reference_dictionary,C,,
fil,expert,nakatatandang,not_in_reference_dictionary,C,,
fil,expert,nakumpleto,not_in_reference_dictionary,C,,
fil,expert,nalilito,not_in_reference_dictionary,C,,
fil,expert,namalayan,not_in_reference_dictionary,C,,
fil,expert,namamahala,not_in_reference_dictionary,C,,
fil,expert,nan,proper_noun,B,,
fil,expert,nananatiling,linker_attached_form,C,,-ng linker attached
fil,expert,nanatiling,linker_attached_form,C,,-ng linker attached
fil,expert,nangangahulugan,not_in_reference_dictionary,C,,
fil,expert,nanggagaling,not_in_reference_dictionary,C,,
fil,expert,nanggaling,not_in_reference_dictionary,C,,
fil,expert,nangungunang,linker_attached_form,C,,-ng linker attached
fil,expert,napakalaking,not_in_reference_dictionary,C,,
fil,expert,napakaliit,not_in_reference_dictionary,C,,
fil,expert,napatunayang,not_in_reference_dictionary,C,,
fil,expert,napigilan,not_in_reference_dictionary,C,,
fil,expert,napilitan,not_in_reference_dictionary,C,,
fil,expert,nararanasan,not_in_reference_dictionary,C,,
fil,expert,nararapat,not_in_reference_dictionary,C,,
fil,expert,nasasakupan,not_in_reference_dictionary,C,,
fil,expert,nasugatan,not_in_reference_dictionary,C,,
fil,expert,natagpuan,not_in_reference_dictionary,C,,
fil,expert,natagpuang,not_in_reference_dictionary,C,,
fil,expert,natatandaan,not_in_reference_dictionary,C,,
fil,expert,natatangi,not_in_reference_dictionary,C,,
fil,expert,natatanging,not_in_reference_dictionary,C,,
fil,expert,natitirang,linker_attached_form,C,,-ng linker attached
fil,expert,natuklasan,not_in_reference_dictionary,C,,
fil,expert,nature,wrong_language_english,A,,
fil,expert,naubos,not_in_reference_dictionary,C,,
fil,expert,negatibong,linker_attached_form,C,,-ng linker attached
fil,expert,negosyong,linker_attached_form,C,,-ng linker attached
fil,expert,negros,proper_noun,B,,
fil,expert,nestor,proper_noun,B,,
fil,expert,ngayun,not_in_reference_dictionary,C,,
fil,expert,nia,wrong_language_other,A,,fr
fil,expert,nice,wrong_language_english,A,,
fil,expert,nicole,proper_noun,B,,
fil,expert,nilalaman,not_in_reference_dictionary,C,,
fil,expert,nine,wrong_language_english,A,,
fil,expert,ninja,wrong_language_english,A,,
fil,expert,niyaya,not_in_reference_dictionary,C,,
fil,expert,nlex,not_in_reference_dictionary,C,,
fil,expert,nobyembre,proper_noun,B,,
fil,expert,noe,proper_noun,B,,
fil,expert,noel,wrong_language_english,A,,
fil,expert,nominasyon,not_in_reference_dictionary,C,,
fil,expert,northern,wrong_language_english,A,,
fil,expert,nuclear,wrong_language_english,A,,
fil,expert,nuon,not_in_reference_dictionary,C,,
fil,expert,nuong,linker_attached_form,C,,-ng linker attached
fil,expert,ong,proper_noun,B,,
fil,expert,opening,wrong_language_english,A,,
fil,expert,operating,wrong_language_english,A,,
fil,expert,operation,wrong_language_english,A,,
fil,expert,operations,wrong_language_english,A,,
fil,expert,opinion,wrong_language_english,A,,
fil,expert,organisasyong,linker_attached_form,C,,-ng linker attached
fil,expert,oriental,wrong_language_english,A,,
fil,expert,owner,wrong_language_english,A,,
fil,expert,paaralang,linker_attached_form,C,,-ng linker attached
fil,expert,pababayaan,not_in_reference_dictionary,C,,
fil,expert,pag-aalsa,wrong_language_other,A,,es
fil,expert,pag-aasal,wrong_language_other,A,,es
fil,expert,pag-atake,wrong_language_other,A,,es
fil,expert,pag-iisip,wrong_language_other,A,,es
fil,expert,pag-uugali,wrong_language_other,A,,es
fil,expert,pagbabagong,linker_attached_form,C,,-ng linker attached
fil,expert,pagbabawal,not_in_reference_dictionary,C,,
fil,expert,pagbagsak,not_in_reference_dictionary,C,,
fil,expert,pagbawi,not_in_reference_dictionary,C,,
fil,expert,pagbebenta,not_in_reference_dictionary,C,,
fil,expert,pagbibigay,not_in_reference_dictionary,C,,
fil,expert,pagbubukas,not_in_reference_dictionary,C,,
fil,expert,pagbukas,not_in_reference_dictionary,C,,
fil,expert,pagdadala,not_in_reference_dictionary,C,,
fil,expert,pagdaragdag,not_in_reference_dictionary,C,,
fil,expert,paghahanap,not_in_reference_dictionary,C,,
fil,expert,paghahari,not_in_reference_dictionary,C,,
fil,expert,paghihiwalay,not_in_reference_dictionary,C,,
fil,expert,pagkakamali,not_in_reference_dictionary,C,,
fil,expert,pagkakaroon,not_in_reference_dictionary,C,,
fil,expert,pagkakasunod,not_in_reference_dictionary,C,,
fil,expert,pagkakasunud,not_in_reference_dictionary,C,,
fil,expert,pagkakataong,linker_attached_form,C,,-ng linker attached
fil,expert,pagkakatuklas,not_in_reference_dictionary,C,,
fil,expert,pagkamatay,not_in_reference_dictionary,C,,
fil,expert,pagkapanalo,not_in_reference_dictionary,C,,
fil,expert,pagkasira,not_in_reference_dictionary,C,,
fil,expert,pagkawala,not_in_reference_dictionary,C,,
fil,expert,pagkontrol,not_in_reference_dictionary,C,,
fil,expert,paglaganap,not_in_reference_dictionary,C,,
fil,expert,paglalagay,not_in_reference_dictionary,C,,
fil,expert,paglalakad,not_in_reference_dictionary,C,,
fil,expert,paglalakbay,not_in_reference_dictionary,C,,
fil,expert,paglalaro,not_in_reference_dictionary,C,,
fil,expert,paglilibot,not_in_reference_dictionary,C,,
fil,expert,paglilingkod,not_in_reference_dictionary,C,,
fil,expert,paglilipat,not_in_reference_dictionary,C,,
fil,expert,paglubog,not_in_reference_dictionary,C,,
fil,expert,pagluluto,not_in_reference_dictionary,C,,
fil,expert,pagpapahayag,not_in_reference_dictionary,C,,
fil,expert,pagpapakamatay,not_in_reference_dictionary,C,,
fil,expert,pagpapakasal,not_in_reference_dictionary,C,,
fil,expert,pagpapakilala,not_in_reference_dictionary,C,,
fil,expert,pagpapakita,not_in_reference_dictionary,C,,
fil,expert,pagpapalabas,not_in_reference_dictionary,C,,
fil,expert,pagpapalakas,not_in_reference_dictionary,C,,
fil,expert,pagpapalaki,not_in_reference_dictionary,C,,
fil,expert,pagpapalawak,not_in_reference_dictionary,C,,
fil,expert,pagpapalit,not_in_reference_dictionary,C,,
fil,expert,pagpapanatili,not_in_reference_dictionary,C,,
fil,expert,pagpapatakbo,not_in_reference_dictionary,C,,
fil,expert,pagpapatayo,not_in_reference_dictionary,C,,
fil,expert,pagpapaunlad,not_in_reference_dictionary,C,,
fil,expert,pagpupulong,not_in_reference_dictionary,C,,
fil,expert,pagsalakay,not_in_reference_dictionary,C,,
fil,expert,pagsamahin,not_in_reference_dictionary,C,,
fil,expert,pagsang,not_in_reference_dictionary,C,,
fil,expert,pagsasagawa,not_in_reference_dictionary,C,,
fil,expert,pagsasaliksik,not_in_reference_dictionary,C,,
fil,expert,pagsasalita,not_in_reference_dictionary,C,,
fil,expert,pagsasanib,not_in_reference_dictionary,C,,
fil,expert,pagsasara,not_in_reference_dictionary,C,,
fil,expert,pagsisikap,not_in_reference_dictionary,C,,
fil,expert,pagsisimula,not_in_reference_dictionary,C,,
fil,expert,pagsisiyasat,not_in_reference_dictionary,C,,
fil,expert,pagsuko,not_in_reference_dictionary,C,,
fil,expert,pagsusuri,not_in_reference_dictionary,C,,
fil,expert,pagtalakay,not_in_reference_dictionary,C,,
fil,expert,pagtanggap,not_in_reference_dictionary,C,,
fil,expert,pagtataguyod,not_in_reference_dictionary,C,,
fil,expert,pagtatalaga,not_in_reference_dictionary,C,,
fil,expert,pagtatanghal,not_in_reference_dictionary,C,,
fil,expert,pagtatangka,not_in_reference_dictionary,C,,
fil,expert,pagtatanim,not_in_reference_dictionary,C,,
fil,expert,pagtatatag,not_in_reference_dictionary,C,,
fil,expert,pagtataya,not_in_reference_dictionary,C,,
fil,expert,pagtatayo,not_in_reference_dictionary,C,,
fil,expert,pagtatrabaho,not_in_reference_dictionary,C,,
fil,expert,pagtigil,not_in_reference_dictionary,C,,
fil,expert,pagtingin,not_in_reference_dictionary,C,,
fil,expert,pagtitipon,not_in_reference_dictionary,C,,
fil,expert,pagtitiwala,not_in_reference_dictionary,C,,
fil,expert,pagtuturo,not_in_reference_dictionary,C,,
fil,expert,pahiwatig,not_in_reference_dictionary,C,,
fil,expert,paikot,not_in_reference_dictionary,C,,
fil,expert,pakikinig,not_in_reference_dictionary,C,,
fil,expert,pakikipaglaban,not_in_reference_dictionary,C,,
fil,expert,palayain,not_in_reference_dictionary,C,,
fil,expert,palayo,not_in_reference_dictionary,C,,
fil,expert,pamahalaang,linker_attached_form,C,,-ng linker attached
fil,expert,pamamaraan,not_in_reference_dictionary,C,,
fil,expert,pamamaraang,not_in_reference_dictionary,C,,
fil,expert,pamantayang,linker_attached_form,C,,-ng linker attached
fil,expert,pamayanang,linker_attached_form,C,,-ng linker attached
fil,expert,pambansang,linker_attached_form,C,,-ng linker attached
fil,expert,pambihirang,linker_attached_form,C,,-ng linker attached
fil,expert,pamilyang,linker_attached_form,C,,-ng linker attached
fil,expert,pampublikong,linker_attached_form,C,,-ng linker attached
fil,expert,pananakop,not_in_reference_dictionary,C,,
fil,expert,pananaliksik,not_in_reference_dictionary,C,,
fil,expert,pananatili,not_in_reference_dictionary,C,,
fil,expert,pandaigdigang,linker_attached_form,C,,-ng linker attached
fil,expert,pang-agham,wrong_language_other,A,,es
fil,expert,pang-araw-araw,wrong_language_other,A,,es
fil,expert,pang-ekonomiya,wrong_language_other,A,,es
fil,expert,pangakong,linker_attached_form,C,,-ng linker attached
fil,expert,pangalang,linker_attached_form,C,,-ng linker attached
fil,expert,pangalawang,linker_attached_form,C,,-ng linker attached
fil,expert,pangangalakal,not_in_reference_dictionary,C,,
fil,expert,panganganak,not_in_reference_dictionary,C,,
fil,expert,pangasiwaan,not_in_reference_dictionary,C,,
fil,expert,pangatlong,not_in_reference_dictionary,C,,
fil,expert,pangingisda,not_in_reference_dictionary,C,,
fil,expert,pangkalahatang,linker_attached_form,C,,-ng linker attached
fil,expert,pangkalusugan,not_in_reference_dictionary,C,,
fil,expert,pangkapayapaan,not_in_reference_dictionary,C,,
fil,expert,pangkaraniwang,linker_attached_form,C,,-ng linker attached
fil,expert,pangmatagalang,linker_attached_form,C,,-ng linker attached
fil,expert,pangulong,linker_attached_form,C,,-ng linker attached
fil,expert,pangunahing,linker_attached_form,C,,-ng linker attached
fil,expert,pangwakas,not_in_reference_dictionary,C,,
fil,expert,pangyayaring,linker_attached_form,C,,-ng linker attached
fil,expert,panibagong,linker_attached_form,C,,-ng linker attached
fil,expert,paniniwalang,linker_attached_form,C,,-ng linker attached
fil,expert,panitikang,linker_attached_form,C,,-ng linker attached
fil,expert,panlalawigan,not_in_reference_dictionary,C,,
fil,expert,panlipunang,linker_attached_form,C,,-ng linker attached
fil,expert,panlungsod,not_in_reference_dictionary,C,,
fil,expert,pansamantalang,linker_attached_form,C,,-ng linker attached
fil,expert,pantelebisyon,not_in_reference_dictionary,C,,
fil,expert,panunungkulan,not_in_reference_dictionary,C,,
fil,expert,papalapit,not_in_reference_dictionary,C,,
fil,expert,papuntang,linker_attached_form,C,,-ng linker attached
fil,expert,parañaque,proper_noun,B,,
fil,expert,pariralang,linker_attached_form,C,,-ng linker attached
fil,expert,partidong,linker_attached_form,C,,-ng linker attached
fil,expert,partikular,wrong_language_other,A,,de
fil,expert,partikulo,not_in_reference_dictionary,C,,
fil,expert,parusang,linker_attached_form,C,,-ng linker attached
fil,expert,patakarang,linker_attached_form,C,,-ng linker attached
fil,expert,patayan,not_in_reference_dictionary,C,,
fil,expert,patimpalak,not_in_reference_dictionary,C,,
fil,expert,pattern,wrong_language_english,A,,
fil,expert,patungkol,not_in_reference_dictionary,C,,
fil,expert,patungong,linker_attached_form,C,,-ng linker attached
fil,expert,patutunguhan,not_in_reference_dictionary,C,,
fil,expert,paulit-ulit,wrong_language_other,A,,es
fil,expert,pay,wrong_language_english,A,,
fil,expert,pekeng,linker_attached_form,C,,-ng linker attached
fil,expert,pelikulang,linker_attached_form,C,,-ng linker attached
fil,expert,perang,linker_attached_form,C,,-ng linker attached
fil,expert,perez,proper_noun,B,,
fil,expert,permanenteng,linker_attached_form,C,,-ng linker attached
fil,expert,personalidad,wrong_language_other,A,,es
fil,expert,personality,wrong_language_english,A,,
fil,expert,phil,proper_noun,B,,
fil,expert,physical,wrong_language_english,A,,
fil,expert,piece,wrong_language_english,A,,
fil,expert,pilipinas,proper_noun,B,,
fil,expert,pilipinong,linker_attached_form,C,,-ng linker attached
fil,expert,pilot,wrong_language_english,A,,
fil,expert,pinagbibidahan,not_in_reference_dictionary,C,,
fil,expert,pinaghalong,not_in_reference_dictionary,C,,
fil,expert,pinaghirapan,not_in_reference_dictionary,C,,
fil,expert,pinagsama,proper_noun,B,,
fil,expert,pinagsamang,not_in_reference_dictionary,C,,
fil,expert,pinakalumang,not_in_reference_dictionary,C,,
fil,expert,pinakamababang,not_in_reference_dictionary,C,,
fil,expert,pinakamabilis,not_in_reference_dictionary,C,,
fil,expert,pinakamahalaga,not_in_reference_dictionary,C,,
fil,expert,pinakamahusay,not_in_reference_dictionary,C,,
fil,expert,pinakamalaking,linker_attached_form,C,,-ng linker attached
fil,expert,pinakamaliit,not_in_reference_dictionary,C,,
fil,expert,pinakamamahal,not_in_reference_dictionary,C,,
fil,expert,pinakamaraming,not_in_reference_dictionary,C,,
fil,expert,pinakamataas,not_in_reference_dictionary,C,,
fil,expert,pinakamatandang,not_in_reference_dictionary,C,,
fil,expert,pinakamataong,not_in_reference_dictionary,C,,
fil,expert,pinakasikat,not_in_reference_dictionary,C,,
fil,expert,pinakaunang,linker_attached_form,C,,-ng linker attached
fil,expert,pinakawalan,not_in_reference_dictionary,C,,
fil,expert,pinalawak,not_in_reference_dictionary,C,,
fil,expert,pinamagatang,linker_attached_form,C,,-ng linker attached
fil,expert,pinangalanang,linker_attached_form,C,,-ng linker attached
fil,expert,pinangarap,not_in_reference_dictionary,C,,
fil,expert,pinaniniwalaan,not_in_reference_dictionary,C,,
fil,expert,pinaniniwalaang,not_in_reference_dictionary,C,,
fil,expert,pinanood,not_in_reference_dictionary,C,,
fil,expert,pinapangarap,not_in_reference_dictionary,C,,
fil,expert,pinapayagan,not_in_reference_dictionary,C,,
fil,expert,piniling,not_in_reference_dictionary,C,,
fil,expert,planet,wrong_language_english,A,,
fil,expert,planetang,linker_attached_form,C,,-ng linker attached
fil,expert,plate,wrong_language_english,A,,
fil,expert,plot,wrong_language_english,A,,
fil,expert,pokus,wrong_language_other,A,,pl
fil,expert,pope,wrong_language_english,A,,
fil,expert,populasyong,linker_attached_form,C,,-ng linker attached
fil,expert,posibleng,linker_attached_form,C,,-ng linker attached
fil,expert,posisyong,linker_attached_form,C,,-ng linker attached
fil,expert,positibong,linker_attached_form,C,,-ng linker attached
fil,expert,practice,wrong_language_english,A,,
fil,expert,pres,not_in_reference_dictionary,C,,
fil,expert,pribadong,linker_attached_form,C,,-ng linker attached
fil,expert,prime,wrong_language_english,A,,
fil,expert,problemang,linker_attached_form,C,,-ng linker attached
fil,expert,process,wrong_language_english,A,,
fil,expert,produktong,linker_attached_form,C,,-ng linker attached
fil,expert,programang,linker_attached_form,C,,-ng linker attached
fil,expert,promise,wrong_language_english,A,,
fil,expert,prosesong,linker_attached_form,C,,-ng linker attached
fil,expert,proyektong,linker_attached_form,C,,-ng linker attached
fil,expert,publish,wrong_language_english,A,,
fil,expert,puerto,proper_noun,B,,
fil,expert,puke,,,yes,
fil,expert,pumipigil,not_in_reference_dictionary,C,,
fil,expert,purpose,wrong_language_english,A,,
fil,expert,putang,linker_attached_form,C,,-ng linker attached
fil,expert,puwersang,linker_attached_form,C,,-ng linker attached
fil,expert,quarterback,wrong_language_english,A,,
fil,expert,questions,wrong_language_english,A,,
fil,expert,quote,wrong_language_english,A,,
fil,expert,race,wrong_language_english,A,,
fil,expert,rain,wrong_language_english,A,,
fil,expert,rally,wrong_language_english,A,,
fil,expert,react,wrong_language_english,A,,
fil,expert,rebeldeng,linker_attached_form,C,,-ng linker attached
fil,expert,rebolusyonaryong,linker_attached_form,C,,-ng linker attached
fil,expert,recto,proper_noun,B,,
fil,expert,regal,wrong_language_english,A,,
fil,expert,relate,wrong_language_english,A,,
fil,expert,related,wrong_language_english,A,,
fil,expert,relax,wrong_language_english,A,,
fil,expert,relihiyong,linker_attached_form,C,,-ng linker attached
fil,expert,remote,wrong_language_english,A,,
fil,expert,rescue,wrong_language_english,A,,
fil,expert,resources,wrong_language_english,A,,
fil,expert,rest,wrong_language_english,A,,
fil,expert,results,wrong_language_english,A,,
fil,expert,reunion,wrong_language_english,A,,
fil,expert,rich,wrong_language_english,A,,
fil,expert,richards,proper_noun,B,,
fil,expert,ricky,proper_noun,B,,
fil,expert,rogelio,proper_noun,B,,
fil,expert,roles,wrong_language_english,A,,
fil,expert,roman,wrong_language_english,A,,
fil,expert,rome,proper_noun,B,,
fil,expert,ronald,proper_noun,B,,
fil,expert,ronnie,proper_noun,B,,
fil,expert,rule,wrong_language_english,A,,
fil,expert,rules,wrong_language_english,A,,
fil,expert,russell,proper_noun,B,,
fil,expert,rusya,proper_noun,B,,
fil,expert,sad,wrong_language_english,A,,
fil,expert,sakupin,not_in_reference_dictionary,C,,
fil,expert,sale,wrong_language_english,A,,
fil,expert,sales,wrong_language_english,A,,
fil,expert,samantalang,linker_attached_form,C,,-ng linker attached
fil,expert,samson,proper_noun,B,,
fil,expert,sanchez,proper_noun,B,,
fil,expert,sandaling,linker_attached_form,C,,-ng linker attached
fil,expert,sari-saring,linker_attached_form,C,,-ng linker attached
fil,expert,sasakyang,linker_attached_form,C,,-ng linker attached
fil,expert,satanas,proper_noun,B,,
fil,expert,scandal,wrong_language_english,A,,
fil,expert,schools,wrong_language_english,A,,
fil,expert,seed,wrong_language_english,A,,
fil,expert,selfie,wrong_language_english,A,,
fil,expert,senate,wrong_language_english,A,,
fil,expert,serbisyong,linker_attached_form,C,,-ng linker attached
fil,expert,setyembre,proper_noun,B,,
fil,expert,sexual,wrong_language_english,A,,
fil,expert,sheet,wrong_language_english,A,,
fil,expert,shell,wrong_language_english,A,,
fil,expert,shoes,wrong_language_english,A,,
fil,expert,sigurong,linker_attached_form,C,,-ng linker attached
fil,expert,sikolohikal,not_in_reference_dictionary,C,,
fil,expert,silangang,linker_attached_form,C,,-ng linker attached
fil,expert,silent,wrong_language_english,A,,
fil,expert,silver,wrong_language_english,A,,
fil,expert,simbahang,linker_attached_form,C,,-ng linker attached
fil,expert,sims,wrong_language_english,A,,
fil,expert,sin,wrong_language_english,A,,
fil,expert,sinanay,not_in_reference_dictionary,C,,
fil,expert,sinasabing,linker_attached_form,C,,-ng linker attached
fil,expert,sinasadyang,linker_attached_form,C,,-ng linker attached
fil,expert,sinaunang,linker_attached_form,C,,-ng linker attached
fil,expert,sinimulang,linker_attached_form,C,,-ng linker attached
fil,expert,sinusuri,not_in_reference_dictionary,C,,
fil,expert,sistemang,linker_attached_form,C,,-ng linker attached
fil,expert,sitwasyong,linker_attached_form,C,,-ng linker attached
fil,expert,sleep,wrong_language_english,A,,
fil,expert,small,wrong_language_english,A,,
fil,expert,smile,wrong_language_english,A,,
fil,expert,soccer,wrong_language_english,A,,
fil,expert,soft,wrong_language_english,A,,
fil,expert,sorsogon,proper_noun,B,,
fil,expert,soundtrack,wrong_language_english,A,,
fil,expert,southern,wrong_language_english,A,,
fil,expert,spanish,proper_noun,B,,
fil,expert,speaker,wrong_language_english,A,,
fil,expert,speed,wrong_language_english,A,,
fil,expert,split,wrong_language_english,A,,
fil,expert,sponsor,wrong_language_english,A,,
fil,expert,squad,wrong_language_english,A,,
fil,expert,square,wrong_language_english,A,,
fil,expert,starstruck,not_in_reference_dictionary,C,,
fil,expert,statement,wrong_language_english,A,,
fil,expert,step,wrong_language_english,A,,
fil,expert,stick,wrong_language_english,A,,
fil,expert,sto,wrong_language_other,A,,es
fil,expert,straight,wrong_language_english,A,,
fil,expert,strike,wrong_language_english,A,,
fil,expert,su,wrong_language_other,A,,es
fil,expert,successful,wrong_language_english,A,,
fil,expert,suit,wrong_language_english,A,,
fil,expert,sulu,proper_noun,B,,
fil,expert,sumasaklaw,not_in_reference_dictionary,C,,
fil,expert,sumasakop,not_in_reference_dictionary,C,,
fil,expert,sumira,wrong_language_other,A,,pt
fil,expert,sumuporta,not_in_reference_dictionary,C,,
fil,expert,sumusuporta,not_in_reference_dictionary,C,,
fil,expert,sundalong,linker_attached_form,C,,-ng linker attached
fil,expert,superstar,wrong_language_english,A,,
fil,expert,supporters,wrong_language_english,A,,
fil,expert,syndrome,wrong_language_english,A,,
fil,expert,syria,proper_noun,B,,
fil,expert,tagapagtanggol,not_in_reference_dictionary,C,,
fil,expert,tagapagtatag,not_in_reference_dictionary,C,,
fil,expert,tambalang,linker_attached_form,C,,-ng linker attached
fil,expert,tandem,wrong_language_english,A,,
fil,expert,tangere,wrong_language_other,A,,pl
fil,expert,tatagal,not_in_reference_dictionary,C,,
fil,expert,tatawagin,not_in_reference_dictionary,C,,
fil,expert,tattoo,wrong_language_english,A,,
fil,expert,teachers,wrong_language_english,A,,
fil,expert,tech,wrong_language_english,A,,
fil,expert,technical,wrong_language_english,A,,
fil,expert,television,wrong_language_english,A,,
fil,expert,tell,wrong_language_english,A,,
fil,expert,teoriyang,linker_attached_form,C,,-ng linker attached
fil,expert,terminong,linker_attached_form,C,,-ng linker attached
fil,expert,thing,wrong_language_english,A,,
fil,expert,thomas,proper_noun,B,,
fil,expert,timeline,wrong_language_english,A,,
fil,expert,timoteo,proper_noun,B,,
fil,expert,tin,wrong_language_english,A,,
fil,expert,tinaguriang,not_in_reference_dictionary,C,,
fil,expert,tinatalakay,not_in_reference_dictionary,C,,
fil,expert,tinatawag,not_in_reference_dictionary,C,,
fil,expert,tinatayang,not_in_reference_dictionary,C,,
fil,expert,tinuruan,not_in_reference_dictionary,C,,
fil,expert,tinutukoy,not_in_reference_dictionary,C,,
fil,expert,tite,,,yes,
fil,expert,together,wrong_language_english,A,,
fil,expert,tokyo,proper_noun,B,,
fil,expert,tolentino,proper_noun,B,,
fil,expert,tommy,proper_noun,B,,
fil,expert,tomorrow,wrong_language_english,A,,
fil,expert,torres,proper_noun,B,,
fil,expert,tower,wrong_language_english,A,,
fil,expert,tradisyong,linker_attached_form,C,,-ng linker attached
fil,expert,trailer,wrong_language_english,A,,
fil,expert,translation,wrong_language_english,A,,
fil,expert,transport,wrong_language_english,A,,
fil,expert,trend,wrong_language_english,A,,
fil,expert,trial,wrong_language_english,A,,
fil,expert,tropang,linker_attached_form,C,,-ng linker attached
fil,expert,tu,proper_noun,B,,
fil,expert,tuition,wrong_language_english,A,,
fil,expert,tumatagal,not_in_reference_dictionary,C,,
fil,expert,tumatalakay,not_in_reference_dictionary,C,,
fil,expert,tumawid,not_in_reference_dictionary,C,,
fil,expert,tumulo,wrong_language_other,A,,pt
fil,expert,tumutugon,not_in_reference_dictionary,C,,
fil,expert,tumutukoy,not_in_reference_dictionary,C,,
fil,expert,tungkuling,linker_attached_form,C,,-ng linker attached
fil,expert,turkey,wrong_language_english,A,,
fil,expert,ugaling,linker_attached_form,C,,-ng linker attached
fil,expert,umagang,linker_attached_form,C,,-ng linker attached
fil,expert,umarte,not_in_reference_dictionary,C,,
fil,expert,university,wrong_language_english,A,,
fil,expert,unti-unting,linker_attached_form,C,,-ng linker attached
fil,expert,until,wrong_language_english,A,,
fil,expert,updated,wrong_language_english,A,,
fil,expert,usaping,linker_attached_form,C,,-ng linker attached
fil,expert,use,wrong_language_english,A,,
fil,expert,uuri,not_in_reference_dictionary,C,,
fil,expert,valenzuela,proper_noun,B,,
fil,expert,value,wrong_language_english,A,,
fil,expert,vegas,proper_noun,B,,
fil,expert,victoria,proper_noun,B,,
fil,expert,viewers,wrong_language_english,A,,
fil,expert,villar,proper_noun,B,,
fil,expert,visit,wrong_language_english,A,,
fil,expert,wait,wrong_language_english,A,,
fil,expert,walk,wrong_language_english,A,,
fil,expert,wallpaper,wrong_language_english,A,,
fil,expert,weather,wrong_language_english,A,,
fil,expert,weight,wrong_language_english,A,,
fil,expert,were,wrong_language_english,A,,
fil,expert,while,wrong_language_english,A,,
fil,expert,willing,wrong_language_english,A,,
fil,expert,without,wrong_language_english,A,,
fil,expert,woman,wrong_language_english,A,,
fil,expert,workout,wrong_language_english,A,,
fil,expert,worldwide,wrong_language_english,A,,
fil,expert,would,wrong_language_english,A,,
fil,expert,writer,wrong_language_english,A,,
fil,expert,yap,proper_noun,B,,
fil,expert,yatang,linker_attached_form,C,,-ng linker attached
fil,expert,yumaong,linker_attached_form,C,,-ng linker attached
fil,expert,zombie,wrong_language_english,A,,
zh,medium,you3zhu4|有著,traditional_character,A,,有着
zh,hard,ji1ba1|鸡巴,,,yes,
zh,hard,ji1qing2|激情,,,yes,
zh,hard,ji4nv3|妓女,,,yes,
zh,hard,zuo4ai4|做爱,,,yes,
zh,expert,biao3zi5|婊子,,,yes,
zh,expert,diao3|屌,,,yes,
zh,expert,jie1zhu4|接著,traditional_character,A,,接着
zh,expert,mai4yin2|卖淫,,,yes,
zh,expert,nai3zi5|奶子,,,yes,
zh,expert,ru3fang2|乳房,,,yes,
zh,expert,sao1huo4|骚货,,,yes,
zh,expert,ta1|牠,traditional_character,A,,它
zh,expert,xing4jiao1|性交,,,yes,
zh,expert,yin1dao4|阴道,,,yes,
zh,expert,yin1jing1|阴茎,,,yes,
ru,medium,америки,proper_noun,B,,
ru,medium,белоруссии,proper_noun,B,,
ru,medium,борис,proper_noun,B,,
ru,medium,бразилии,proper_noun,B,,
ru,medium,василий,proper_noun,B,,
ru,medium,грузии,proper_noun,B,,
ru,medium,елена,proper_noun,B,,
ru,medium,йорке,proper_noun,B,,
ru,medium,китае,proper_noun,B,,
ru,medium,константин,proper_noun,B,,
ru,medium,крыма,proper_noun,B,,
ru,medium,мвд,abbreviation_or_noise,A,,
ru,medium,нато,not_in_reference_dictionary,C,,
ru,medium,николая,proper_noun,B,,
ru,medium,ольга,proper_noun,B,,
ru,medium,ооо,abbreviation_or_noise,A,,
ru,medium,петра,proper_noun,B,,
ru,medium,сибири,proper_noun,B,,
ru,medium,сочи,proper_noun,B,,
ru,medium,спб,abbreviation_or_noise,A,,
ru,medium,сср,abbreviation_or_noise,A,,
ru,medium,цк,abbreviation_or_noise,A,,
ru,medium,цска,not_in_reference_dictionary,C,,
ru,hard,адам,proper_noun,B,,
ru,hard,алекс,not_in_reference_dictionary,C,,
ru,hard,америку,proper_noun,B,,
ru,hard,анастасия,proper_noun,B,,
ru,hard,англия,proper_noun,B,,
ru,hard,анны,proper_noun,B,,
ru,hard,африке,proper_noun,B,,
ru,hard,берлин,proper_noun,B,,
ru,hard,бо,abbreviation_or_noise,A,,
ru,hard,британии,proper_noun,B,,
ru,hard,ва,abbreviation_or_noise,A,,
ru,hard,ввп,abbreviation_or_noise,A,,
ru,hard,владивосток,proper_noun,B,,
ru,hard,владислав,proper_noun,B,,
ru,hard,гагарина,proper_noun,B,,
ru,hard,газпром,proper_noun,B,,
ru,hard,геннадий,proper_noun,B,,
ru,hard,ги,abbreviation_or_noise,A,,
ru,hard,гу,abbreviation_or_noise,A,,
ru,hard,дж,proper_noun,B,,
ru,hard,джей,not_in_reference_dictionary,C,,
ru,hard,джейн,not_in_reference_dictionary,C,,
ru,hard,днепр,proper_noun,B,,
ru,hard,донецка,proper_noun,B,,
ru,hard,египет,proper_noun,B,,
ru,hard,егор,proper_noun,B,,
ru,hard,екатеринбурге,proper_noun,B,,
ru,hard,игоря,proper_noun,B,,
ru,hard,израиле,proper_noun,B,,
ru,hard,испания,proper_noun,B,,
ru,hard,казахстане,proper_noun,B,,
ru,hard,канада,proper_noun,B,,
ru,hard,канаде,proper_noun,B,,
ru,hard,карла,proper_noun,B,,
ru,hard,кндр,abbreviation_or_noise,A,,
ru,hard,кореи,proper_noun,B,,
ru,hard,кристина,proper_noun,B,,
ru,hard,кубани,proper_noun,B,,
ru,hard,кхл,abbreviation_or_noise,A,,
ru,hard,ларри,not_in_reference_dictionary,C,,
ru,hard,ленинграда,proper_noun,B,,
ru,hard,лнр,abbreviation_or_noise,A,,
ru,hard,лукашенко,not_in_reference_dictionary,C,,
ru,hard,людмила,proper_noun,B,,
ru,hard,майами,proper_noun,B,,
ru,hard,майк,proper_noun,B,,
ru,hard,майкла,proper_noun,B,,
ru,hard,марио,not_in_reference_dictionary,C,,
ru,hard,медиа,not_in_reference_dictionary,C,,
ru,hard,миллер,proper_noun,B,,
ru,hard,михайлович,proper_noun,B,,
ru,hard,мишель,proper_noun,B,,
ru,hard,ммм,abbreviation_or_noise,A,,
ru,hard,молдавии,proper_noun,B,,
ru,hard,му,abbreviation_or_noise,A,,
ru,hard,николаевич,proper_noun,B,,
ru,hard,новгород,proper_noun,B,,
ru,hard,новгороде,proper_noun,B,,
ru,hard,новосибирске,proper_noun,B,,
ru,hard,нтв,abbreviation_or_noise,A,,
ru,hard,окей,not_in_reference_dictionary,C,,
ru,hard,питера,proper_noun,B,,
ru,hard,путиным,proper_noun,B,,
ru,hard,риа,abbreviation_or_noise,A,,
ru,hard,рим,proper_noun,B,,
ru,hard,русь,proper_noun,B,,
ru,hard,севастополь,proper_noun,B,,
ru,hard,скотт,proper_noun,B,,
ru,hard,сп,abbreviation_or_noise,A,,
ru,hard,сталин,proper_noun,B,,
ru,hard,стив,not_in_reference_dictionary,C,,
ru,hard,стрит,not_in_reference_dictionary,C,,
ru,hard,тбилиси,proper_noun,B,,
ru,hard,турция,proper_noun,B,,
ru,hard,уильямс,not_in_reference_dictionary,C,,
ru,hard,украины,proper_noun,B,,
ru,hard,урала,proper_noun,B,,
ru,hard,уфа,proper_noun,B,,
ru,hard,федор,proper_noun,B,,
ru,hard,филипп,proper_noun,B,,
ru,hard,фк,abbreviation_or_noise,A,,
ru,hard,франсуа,proper_noun,B,,
ru,hard,харькове,proper_noun,B,,
ru,hard,цб,abbreviation_or_noise,A,,
ru,hard,цик,abbreviation_or_noise,A,,
ru,hard,чарльз,proper_noun,B,,
ru,hard,челси,not_in_reference_dictionary,C,,
ru,hard,челябинск,proper_noun,B,,
ru,hard,шевченко,not_in_reference_dictionary,C,,
ru,hard,эдвард,not_in_reference_dictionary,C,,
ru,hard,яна,proper_noun,B,,
ru,expert,аваков,not_in_reference_dictionary,C,,
ru,expert,азербайджан,proper_noun,B,,
ru,expert,александров,proper_noun,B,,
ru,expert,алматы,not_in_reference_dictionary,C,,
ru,expert,алтая,proper_noun,B,,
ru,expert,альфред,proper_noun,B,,
ru,expert,андерсон,not_in_reference_dictionary,C,,
ru,expert,андреевич,proper_noun,B,,
ru,expert,андреем,proper_noun,B,,
ru,expert,анжи,not_in_reference_dictionary,C,,
ru,expert,апк,abbreviation_or_noise,A,,
ru,expert,арктике,proper_noun,B,,
ru,expert,артура,proper_noun,B,,
ru,expert,ата,abbreviation_or_noise,A,,
ru,expert,афганистан,proper_noun,B,,
ru,expert,ая,abbreviation_or_noise,A,,
ru,expert,барбара,not_in_reference_dictionary,C,,
ru,expert,брюсселе,proper_noun,B,,
ru,expert,вася,proper_noun,B,,
ru,expert,влксм,abbreviation_or_noise,A,,
ru,expert,волкова,not_in_reference_dictionary,C,,
ru,expert,воронежа,proper_noun,B,,
ru,expert,вт,proper_noun,B,,
ru,expert,вто,abbreviation_or_noise,A,,
ru,expert,вьетнама,proper_noun,B,,
ru,expert,вьетнаме,proper_noun,B,,
ru,expert,габриэль,not_in_reference_dictionary,C,,
ru,expert,гай,abbreviation_or_noise,A,,
ru,expert,генрих,proper_noun,B,,
ru,expert,григорьев,proper_noun,B,,
ru,expert,гродно,proper_noun,B,,
ru,expert,давыдов,not_in_reference_dictionary,C,,
ru,expert,данте,not_in_reference_dictionary,C,,
ru,expert,джейми,not_in_reference_dictionary,C,,
ru,expert,джека,proper_noun,B,,
ru,expert,джереми,not_in_reference_dictionary,C,,
ru,expert,джеффри,not_in_reference_dictionary,C,,
ru,expert,дима,proper_noun,B,,
ru,expert,дпс,abbreviation_or_noise,A,,
ru,expert,дэнни,not_in_reference_dictionary,C,,
ru,expert,евросоюза,proper_noun,B,,
ru,expert,жириновский,proper_noun,B,,
ru,expert,жозе,not_in_reference_dictionary,C,,
ru,expert,замглавы,not_in_reference_dictionary,C,,
ru,expert,захарченко,not_in_reference_dictionary,C,,
ru,expert,зеландии,proper_noun,B,,
ru,expert,иа,abbreviation_or_noise,A,,
ru,expert,ивану,proper_noun,B,,
ru,expert,инна,proper_noun,B,,
ru,expert,иоанн,proper_noun,B,,
ru,expert,ираном,proper_noun,B,,
ru,expert,испанию,proper_noun,B,,
ru,expert,кб,abbreviation_or_noise,A,,
ru,expert,киеву,proper_noun,B,,
ru,expert,кипр,proper_noun,B,,
ru,expert,кира,not_in_reference_dictionary,C,,
ru,expert,кирилла,proper_noun,B,,
ru,expert,клинтон,proper_noun,B,,
ru,expert,коля,proper_noun,B,,
ru,expert,кпк,abbreviation_or_noise,A,,
ru,expert,краснодара,proper_noun,B,,
ru,expert,кристи,not_in_reference_dictionary,C,,
ru,expert,кристофер,not_in_reference_dictionary,C,,
ru,expert,курт,not_in_reference_dictionary,C,,
ru,expert,ланч,not_in_reference_dictionary,C,,
ru,expert,лермонтова,proper_noun,B,,
ru,expert,логан,not_in_reference_dictionary,C,,
ru,expert,лоуренс,not_in_reference_dictionary,C,,
ru,expert,луиса,not_in_reference_dictionary,C,,
ru,expert,люси,proper_noun,B,,
ru,expert,макарова,not_in_reference_dictionary,C,,
ru,expert,марины,proper_noun,B,,
ru,expert,марков,proper_noun,B,,
ru,expert,маяковского,proper_noun,B,,
ru,expert,мвт,abbreviation_or_noise,A,,
ru,expert,микки,not_in_reference_dictionary,C,,
ru,expert,михаилом,proper_noun,B,,
ru,expert,михаилу,proper_noun,B,,
ru,expert,монголии,proper_noun,B,,
ru,expert,монро,not_in_reference_dictionary,C,,
ru,expert,мордовии,proper_noun,B,,
ru,expert,морозова,not_in_reference_dictionary,C,,
ru,expert,мурманск,proper_noun,B,,
ru,expert,мэй,abbreviation_or_noise,A,,
ru,expert,мэтт,not_in_reference_dictionary,C,,
ru,expert,надя,proper_noun,B,,
ru,expert,натальи,proper_noun,B,,
ru,expert,ндс,abbreviation_or_noise,A,,
ru,expert,никитин,proper_noun,B,,
ru,expert,николаевна,proper_noun,B,,
ru,expert,николаем,proper_noun,B,,
ru,expert,нп,abbreviation_or_noise,A,,
ru,expert,ое,abbreviation_or_noise,A,,
ru,expert,оливер,not_in_reference_dictionary,C,,
ru,expert,ор,abbreviation_or_noise,A,,
ru,expert,отто,proper_noun,B,,
ru,expert,пабло,not_in_reference_dictionary,C,,
ru,expert,павлова,proper_noun,B,,
ru,expert,пдд,abbreviation_or_noise,A,,
ru,expert,пекин,proper_noun,B,,
ru,expert,пен,abbreviation_or_noise,A,,
ru,expert,поттер,not_in_reference_dictionary,C,,
ru,expert,праге,proper_noun,B,,
ru,expert,псж,abbreviation_or_noise,A,,
ru,expert,раде,not_in_reference_dictionary,C,,
ru,expert,райт,not_in_reference_dictionary,C,,
ru,expert,рафаэль,proper_noun,B,,
ru,expert,рен,abbreviation_or_noise,A,,
ru,expert,рита,proper_noun,B,,
ru,expert,ричарда,proper_noun,B,,
ru,expert,ркп,abbreviation_or_noise,A,,
ru,expert,роберто,not_in_reference_dictionary,C,,
ru,expert,рогозин,not_in_reference_dictionary,C,,
ru,expert,ромео,not_in_reference_dictionary,C,,
ru,expert,роналду,not_in_reference_dictionary,C,,
ru,expert,роскомнадзор,not_in_reference_dictionary,C,,
ru,expert,рфпл,abbreviation_or_noise,A,,
ru,expert,рэп,abbreviation_or_noise,A,,
ru,expert,рязань,proper_noun,B,,
ru,expert,саймон,not_in_reference_dictionary,C,,
ru,expert,саратове,proper_noun,B,,
ru,expert,сербия,proper_noun,B,,
ru,expert,симон,not_in_reference_dictionary,C,,
ru,expert,сирию,proper_noun,B,,
ru,expert,сл,abbreviation_or_noise,A,,
ru,expert,смирнова,proper_noun,B,,
ru,expert,соколова,proper_noun,B,,
ru,expert,софья,proper_noun,B,,
ru,expert,стамбуле,proper_noun,B,,
ru,expert,таджикистана,proper_noun,B,,
ru,expert,тайлер,not_in_reference_dictionary,C,,
ru,expert,татарстана,proper_noun,B,,
ru,expert,татьяны,proper_noun,B,,
ru,expert,ташкенте,proper_noun,B,,
ru,expert,твери,proper_noun,B,,
ru,expert,тимур,proper_noun,B,,
ru,expert,томаса,proper_noun,B,,
ru,expert,тт,abbreviation_or_noise,A,,
ru,expert,удмуртии,proper_noun,B,,
ru,expert,узбекистане,proper_noun,B,,
ru,expert,уилсон,not_in_reference_dictionary,C,,
ru,expert,федора,proper_noun,B,,
ru,expert,федоров,proper_noun,B,,
ru,expert,фернандо,not_in_reference_dictionary,C,,
ru,expert,фишер,not_in_reference_dictionary,C,,
ru,expert,франс,not_in_reference_dictionary,C,,
ru,expert,францией,proper_noun,B,,
ru,expert,фрунзе,proper_noun,B,,
ru,expert,фрэнка,not_in_reference_dictionary,C,,
ru,expert,фрэнсис,not_in_reference_dictionary,C,,
ru,expert,хилл,not_in_reference_dictionary,C,,
ru,expert,химки,proper_noun,B,,
ru,expert,чс,abbreviation_or_noise,A,,
ru,expert,шекспира,not_in_reference_dictionary,C,,
ru,expert,шмидт,not_in_reference_dictionary,C,,
ru,expert,ый,abbreviation_or_noise,A,,
ru,expert,эми,abbreviation_or_noise,A,,
ru,expert,югославии,proper_noun,B,,
ru,expert,юнеско,not_in_reference_dictionary,C,,
ru,expert,яковлев,proper_noun,B,,
ru,expert,янг,abbreviation_or_noise,A,,
ru,expert,японией,proper_noun,B,,
ar,medium,أى,not_in_reference_dictionary,C,,
ar,medium,اخرى,not_in_reference_dictionary,C,,
ar,medium,الاول,not_in_reference_dictionary,C,,
ar,medium,اليه,not_in_reference_dictionary,C,,
ar,medium,اما,not_in_reference_dictionary,C,,
ar,medium,اول,not_in_reference_dictionary,C,,
ar,medium,بأنها,attached_conjunction_or_preposition,C,,prefix ب
ar,medium,بالرغم,attached_conjunction_or_preposition,C,,prefix بال
ar,medium,بالطبع,attached_conjunction_or_preposition,C,,prefix بال
ar,medium,بالفعل,attached_conjunction_or_preposition,C,,prefix بال
ar,medium,بالقرب,attached_conjunction_or_preposition,C,,prefix بال
ar,medium,باللغة,attached_conjunction_or_preposition,C,,prefix بال
ar,medium,بتاريخ,attached_conjunction_or_preposition,C,,prefix ب
ar,medium,بجانب,attached_conjunction_or_preposition,C,,prefix ب
ar,medium,بصورة,attached_conjunction_or_preposition,C,,prefix ب
ar,medium,بطريقة,attached_conjunction_or_preposition,C,,prefix ب
ar,medium,بعمل,attached_conjunction_or_preposition,C,,prefix ب
ar,medium,بقدر,attached_conjunction_or_preposition,C,,prefix ب
ar,medium,بقيادة,attached_conjunction_or_preposition,C,,prefix ب
ar,medium,بكثير,attached_conjunction_or_preposition,C,,prefix ب
ar,medium,بكم,attached_conjunction_or_preposition,C,,prefix ب
ar,medium,بمدينة,attached_conjunction_or_preposition,C,,prefix ب
ar,medium,بموجب,attached_conjunction_or_preposition,C,,prefix ب
ar,medium,بنسبة,attached_conjunction_or_preposition,C,,prefix ب
ar,medium,بنفسك,attached_conjunction_or_preposition,C,,prefix ب
ar,medium,سكس,not_in_reference_dictionary,C,,
ar,medium,فهذا,attached_conjunction_or_preposition,C,,prefix ف
ar,medium,لأحد,attached_conjunction_or_preposition,C,,prefix ل
ar,medium,لأسباب,attached_conjunction_or_preposition,C,,prefix ل
ar,medium,لأنها,attached_conjunction_or_preposition,C,,prefix ل
ar,medium,لإعادة,attached_conjunction_or_preposition,C,,prefix ل
ar,medium,لتحديد,attached_conjunction_or_preposition,C,,prefix ل
ar,medium,لتحقيق,attached_conjunction_or_preposition,C,,prefix ل
ar,medium,لتصبح,attached_conjunction_or_preposition,C,,prefix ل
ar,medium,لجميع,attached_conjunction_or_preposition,C,,prefix ل
ar,medium,لحقوق,attached_conjunction_or_preposition,C,,prefix ل
ar,medium,لحماية,attached_conjunction_or_preposition,C,,prefix ل
ar,medium,لدرجة,attached_conjunction_or_preposition,C,,prefix ل
ar,medium,لشركة,attached_conjunction_or_preposition,C,,prefix ل
ar,medium,لفترة,attached_conjunction_or_preposition,C,,prefix ل
ar,medium,للإناث,attached_conjunction_or_preposition,C,,prefix لل
ar,medium,للبيع,attached_conjunction_or_preposition,C,,prefix لل
ar,medium,للحصول,attached_conjunction_or_preposition,C,,prefix لل
ar,medium,للسكان,attached_conjunction_or_preposition,C,,prefix لل
ar,medium,للعمل,attached_conjunction_or_preposition,C,,prefix لل
ar,medium,للغاية,attached_conjunction_or_preposition,C,,prefix لل
ar,medium,للمرة,attached_conjunction_or_preposition,C,,prefix لل
ar,medium,ليصبح,attached_conjunction_or_preposition,C,,prefix ل
ar,medium,ليكون,attached_conjunction_or_preposition,C,,prefix ل
ar,medium,ليلعب,attached_conjunction_or_preposition,C,,prefix ل
ar,medium,نيك,not_in_reference_dictionary,C,,
ar,medium,هى,not_in_reference_dictionary,C,,
ar,medium,وأصبح,attached_conjunction_or_preposition,C,,prefix و
ar,medium,وأصبحت,attached_conjunction_or_preposition,C,,prefix و
ar,medium,وأكثر,attached_conjunction_or_preposition,C,,prefix و
ar,medium,واستمر,attached_conjunction_or_preposition,C,,prefix و
ar,medium,والتي,attached_conjunction_or_preposition,C,,prefix وال
ar,medium,والده,attached_conjunction_or_preposition,C,,prefix وال
ar,medium,والدها,attached_conjunction_or_preposition,C,,prefix وال
ar,medium,والذي,attached_conjunction_or_preposition,C,,prefix وال
ar,medium,وبحلول,attached_conjunction_or_preposition,C,,prefix و
ar,medium,وبذلك,attached_conjunction_or_preposition,C,,prefix و
ar,medium,وتعتبر,attached_conjunction_or_preposition,C,,prefix و
ar,medium,وخاصة,attached_conjunction_or_preposition,C,,prefix و
ar,medium,وربما,attached_conjunction_or_preposition,C,,prefix و
ar,medium,وعادة,attached_conjunction_or_preposition,C,,prefix و
ar,medium,وعندما,attached_conjunction_or_preposition,C,,prefix و
ar,medium,وكانت,attached_conjunction_or_preposition,C,,prefix و
ar,medium,ولذلك,attached_conjunction_or_preposition,C,,prefix و
ar,medium,ولكنه,attached_conjunction_or_preposition,C,,prefix و
ar,medium,ولكنها,attached_conjunction_or_preposition,C,,prefix و
ar,medium,ومنها,attached_conjunction_or_preposition,C,,prefix و
ar,medium,ونسبة,attached_conjunction_or_preposition,C,,prefix و
ar,medium,وهناك,attached_conjunction_or_preposition,C,,prefix و
ar,medium,ويعتبر,attached_conjunction_or_preposition,C,,prefix و
ar,medium,ويقول,attached_conjunction_or_preposition,C,,prefix و
ar,medium,ويكون,attached_conjunction_or_preposition,C,,prefix و
ar,medium,ويمكن,attached_conjunction_or_preposition,C,,prefix و
ar,medium,ويوجد,attached_conjunction_or_preposition,C,,prefix و
ar,hard,أردوغان,not_in_reference_dictionary,C,,
ar,hard,أنجلوس,not_in_reference_dictionary,C,,
ar,hard,إف,not_in_reference_dictionary,C,,
ar,hard,ابناء,not_in_reference_dictionary,C,,
ar,hard,اثناء,not_in_reference_dictionary,C,,
ar,hard,احدى,not_in_reference_dictionary,C,,
ar,hard,احنا,not_in_reference_dictionary,C,,
ar,hard,اخذ,not_in_reference_dictionary,C,,
ar,hard,اخي,not_in_reference_dictionary,C,,
ar,hard,اريد,not_in_reference_dictionary,C,,
ar,hard,اس,not_in_reference_dictionary,C,,
ar,hard,اسبوع,not_in_reference_dictionary,C,,
ar,hard,اسطنبول,not_in_reference_dictionary,C,,
ar,hard,اسكتلندا,not_in_reference_dictionary,C,,
ar,hard,اشياء,not_in_reference_dictionary,C,,
ar,hard,اصبحت,not_in_reference_dictionary,C,,
ar,hard,اطفال,not_in_reference_dictionary,C,,
ar,hard,الألبوم,not_in_reference_dictionary,C,,
ar,hard,الإتحاد,not_in_reference_dictionary,C,,
ar,hard,الاسلامية,not_in_reference_dictionary,C,,
ar,hard,الاشياء,not_in_reference_dictionary,C,,
ar,hard,الاقل,not_in_reference_dictionary,C,,
ar,hard,الالكتروني,not_in_reference_dictionary,C,,
ar,hard,الالكترونية,not_in_reference_dictionary,C,,
ar,hard,الامام,not_in_reference_dictionary,C,,
ar,hard,الامن,not_in_reference_dictionary,C,,
ar,hard,الايام,not_in_reference_dictionary,C,,
ar,hard,الجينات,not_in_reference_dictionary,C,,
ar,hard,الزمالك,not_in_reference_dictionary,C,,
ar,hard,السوبر,not_in_reference_dictionary,C,,
ar,hard,المصرى,not_in_reference_dictionary,C,,
ar,hard,انني,not_in_reference_dictionary,C,,
ar,hard,انواع,not_in_reference_dictionary,C,,
ar,hard,اه,not_in_reference_dictionary,C,,
ar,hard,بأحد,attached_conjunction_or_preposition,C,,prefix ب
ar,hard,بأس,attached_conjunction_or_preposition,C,,prefix ب
ar,hard,بأفضل,attached_conjunction_or_preposition,C,,prefix ب
ar,hard,بأكثر,attached_conjunction_or_preposition,C,,prefix ب
ar,hard,بأننا,attached_conjunction_or_preposition,C,,prefix ب
ar,hard,بأنني,attached_conjunction_or_preposition,C,,prefix ب
ar,hard,بإجراء,attached_conjunction_or_preposition,C,,prefix ب
ar,hard,بإطلاق,attached_conjunction_or_preposition,C,,prefix ب
ar,hard,بإعادة,attached_conjunction_or_preposition,C,,prefix ب
ar,hard,بإنشاء,attached_conjunction_or_preposition,C,,prefix ب
ar,hard,باستخدام,attached_conjunction_or_preposition,C,,prefix ب
ar,hard,باستمرار,attached_conjunction_or_preposition,C,,prefix ب
ar,hard,بالأمر,attached_conjunction_or_preposition,C,,prefix بال
ar,hard,بالإضافة,attached_conjunction_or_preposition,C,,prefix بال
ar,hard,بالتالي,attached_conjunction_or_preposition,C,,prefix بال
ar,hard,بالتعاون,attached_conjunction_or_preposition,C,,prefix بال
ar,hard,بالحياة,attached_conjunction_or_preposition,C,,prefix بال
ar,hard,بالخارج,attached_conjunction_or_preposition,C,,prefix بال
ar,hard,بالضربة,attached_conjunction_or_preposition,C,,prefix بال
ar,hard,بالضرورة,attached_conjunction_or_preposition,C,,prefix بال
ar,hard,بالعديد,attached_conjunction_or_preposition,C,,prefix بال
ar,hard,بالعربية,attached_conjunction_or_preposition,C,,prefix بال
ar,hard,بالقوة,attached_conjunction_or_preposition,C,,prefix بال
ar,hard,بالكامل,attached_conjunction_or_preposition,C,,prefix بال
ar,hard,بالنسبة,attached_conjunction_or_preposition,C,,prefix بال
ar,hard,بالنظر,attached_conjunction_or_preposition,C,,prefix بال
ar,hard,بجميع,attached_conjunction_or_preposition,C,,prefix ب
ar,hard,بجوار,attached_conjunction_or_preposition,C,,prefix ب
ar,hard,بحجم,attached_conjunction_or_preposition,C,,prefix ب
ar,hard,بحد,attached_conjunction_or_preposition,C,,prefix ب
ar,hard,بحكم,attached_conjunction_or_preposition,C,,prefix ب
ar,hard,براون,not_in_reference_dictionary,C,,
ar,hard,برعاية,attached_conjunction_or_preposition,C,,prefix ب
ar,hard,بزيادة,attached_conjunction_or_preposition,C,,prefix ب
ar,hard,بسعر,attached_conjunction_or_preposition,C,,prefix ب
ar,hard,بعدة,attached_conjunction_or_preposition,C,,prefix ب
ar,hard,بعرض,attached_conjunction_or_preposition,C,,prefix ب
ar,hard,بعملية,attached_conjunction_or_preposition,C,,prefix ب
ar,hard,بقوله,attached_conjunction_or_preposition,C,,prefix ب
ar,hard,بقيمة,attached_conjunction_or_preposition,C,,prefix ب
ar,hard,بكلمة,attached_conjunction_or_preposition,C,,prefix ب
ar,hard,بمثل,attached_conjunction_or_preposition,C,,prefix ب
ar,hard,بمحافظة,attached_conjunction_or_preposition,C,,prefix ب
ar,hard,بمساعدة,attached_conjunction_or_preposition,C,,prefix ب
ar,hard,بمصر,attached_conjunction_or_preposition,C,,prefix ب
ar,hard,بنشر,attached_conjunction_or_preposition,C,,prefix ب
ar,hard,بيده,attached_conjunction_or_preposition,C,,prefix ب
ar,hard,بيري,not_in_reference_dictionary,C,,
ar,hard,بيك,not_in_reference_dictionary,C,,
ar,hard,ترامب,not_in_reference_dictionary,C,,
ar,hard,جونز,not_in_reference_dictionary,C,,
ar,hard,دى,not_in_reference_dictionary,C,,
ar,hard,راي,not_in_reference_dictionary,C,,
ar,hard,رويترز,not_in_reference_dictionary,C,,
ar,hard,ريو,not_in_reference_dictionary,C,,
ar,hard,سوبر,not_in_reference_dictionary,C,,
ar,hard,شىء,not_in_reference_dictionary,C,,
ar,hard,عبدالرحمن,not_in_reference_dictionary,C,,
ar,hard,فإني,attached_conjunction_or_preposition,C,,prefix ف
ar,hard,فعليا,attached_conjunction_or_preposition,C,,prefix ف
ar,hard,فكل,attached_conjunction_or_preposition,C,,prefix ف
ar,hard,فلماذا,attached_conjunction_or_preposition,C,,prefix ف
ar,hard,فماذا,attached_conjunction_or_preposition,C,,prefix ف
ar,hard,كأنها,attached_conjunction_or_preposition,C,,prefix ك
ar,hard,كهذا,attached_conjunction_or_preposition,C,,prefix ك
ar,hard,كهذه,attached_conjunction_or_preposition,C,,prefix ك
ar,hard,لأفضل,attached_conjunction_or_preposition,C,,prefix ل
ar,hard,لإدارة,attached_conjunction_or_preposition,C,,prefix ل
ar,hard,لإطلاق,attached_conjunction_or_preposition,C,,prefix ل
ar,hard,لإنشاء,attached_conjunction_or_preposition,C,,prefix ل
ar,hard,لإنقاذ,attached_conjunction_or_preposition,C,,prefix ل
ar,hard,لايف,not_in_reference_dictionary,C,,
ar,hard,لتحسين,attached_conjunction_or_preposition,C,,prefix ل
ar,hard,لتطوير,attached_conjunction_or_preposition,C,,prefix ل
ar,hard,لتنظيم,attached_conjunction_or_preposition,C,,prefix ل
ar,hard,لتوفير,attached_conjunction_or_preposition,C,,prefix ل
ar,hard,لجعل,attached_conjunction_or_preposition,C,,prefix ل
ar,hard,لحركة,attached_conjunction_or_preposition,C,,prefix ل
ar,hard,لحزب,attached_conjunction_or_preposition,C,,prefix ل
ar,hard,لخدمة,attached_conjunction_or_preposition,C,,prefix ل
ar,hard,لدولة,attached_conjunction_or_preposition,C,,prefix ل
ar,hard,لرؤية,attached_conjunction_or_preposition,C,,prefix ل
ar,hard,لسنوات,attached_conjunction_or_preposition,C,,prefix ل
ar,hard,لشراء,attached_conjunction_or_preposition,C,,prefix ل
ar,hard,لعدد,attached_conjunction_or_preposition,C,,prefix ل
ar,hard,لعلاج,attached_conjunction_or_preposition,C,,prefix ل
ar,hard,لعمل,attached_conjunction_or_preposition,C,,prefix ل
ar,hard,لعملية,attached_conjunction_or_preposition,C,,prefix ل
ar,hard,لقوات,attached_conjunction_or_preposition,C,,prefix ل
ar,hard,للأبد,attached_conjunction_or_preposition,C,,prefix لل
ar,hard,للأشخاص,attached_conjunction_or_preposition,C,,prefix لل
ar,hard,للأطفال,attached_conjunction_or_preposition,C,,prefix لل
ar,hard,للإشارة,attached_conjunction_or_preposition,C,,prefix لل
ar,hard,للاتحاد,attached_conjunction_or_preposition,C,,prefix لل
ar,hard,للتعليم,attached_conjunction_or_preposition,C,,prefix لل
ar,hard,للتنمية,attached_conjunction_or_preposition,C,,prefix لل
ar,hard,للتو,attached_conjunction_or_preposition,C,,prefix لل
ar,hard,للجنة,attached_conjunction_or_preposition,C,,prefix لل
ar,hard,للحرب,attached_conjunction_or_preposition,C,,prefix لل
ar,hard,للحزب,attached_conjunction_or_preposition,C,,prefix لل
ar,hard,للحكومة,attached_conjunction_or_preposition,C,,prefix لل
ar,hard,للخروج,attached_conjunction_or_preposition,C,,prefix لل
ar,hard,للخطر,attached_conjunction_or_preposition,C,,prefix لل
ar,hard,للرجال,attached_conjunction_or_preposition,C,,prefix لل
ar,hard,للشيخ,attached_conjunction_or_preposition,C,,prefix لل
ar,hard,للعديد,attached_conjunction_or_preposition,C,,prefix لل
ar,hard,للقانون,attached_conjunction_or_preposition,C,,prefix لل
ar,hard,للقضاء,attached_conjunction_or_preposition,C,,prefix لل
ar,hard,للكتاب,attached_conjunction_or_preposition,C,,prefix لل
ar,hard,للمساعدة,attached_conjunction_or_preposition,C,,prefix لل
ar,hard,للمسلمين,attached_conjunction_or_preposition,C,,prefix لل
ar,hard,للولايات,attached_conjunction_or_preposition,C,,prefix لل
ar,hard,لمجرد,attached_conjunction_or_preposition,C,,prefix ل
ar,hard,لمجلس,attached_conjunction_or_preposition,C,,prefix ل
ar,hard,لمجموعة,attached_conjunction_or_preposition,C,,prefix ل
ar,hard,لمساعدة,attached_conjunction_or_preposition,C,,prefix ل
ar,hard,لمصر,attached_conjunction_or_preposition,C,,prefix ل
ar,hard,لمكافحة,attached_conjunction_or_preposition,C,,prefix ل
ar,hard,لمنظمة,attached_conjunction_or_preposition,C,,prefix ل
ar,hard,لنشر,attached_conjunction_or_preposition,C,,prefix ل
ar,hard,لنظام,attached_conjunction_or_preposition,C,,prefix ل
ar,hard,لنفسي,attached_conjunction_or_preposition,C,,prefix ل
ar,hard,لهما,attached_conjunction_or_preposition,C,,prefix ل
ar,hard,لوضع,attached_conjunction_or_preposition,C,,prefix ل
ar,hard,ليه,attached_conjunction_or_preposition,C,,prefix ل
ar,hard,ماك,not_in_reference_dictionary,C,,
ar,hard,وآخر,attached_conjunction_or_preposition,C,,prefix و
ar,hard,وأحيانا,attached_conjunction_or_preposition,C,,prefix و
ar,hard,وأخرى,attached_conjunction_or_preposition,C,,prefix و
ar,hard,وأي,attached_conjunction_or_preposition,C,,prefix و
ar,hard,وابن,attached_conjunction_or_preposition,C,,prefix و
ar,hard,واستخدام,attached_conjunction_or_preposition,C,,prefix و
ar,hard,واستمرت,attached_conjunction_or_preposition,C,,prefix و
ar,hard,والآخر,attached_conjunction_or_preposition,C,,prefix وال
ar,hard,والتر,attached_conjunction_or_preposition,C,,prefix وال
ar,hard,والتعليم,attached_conjunction_or_preposition,C,,prefix وال
ar,hard,والتنمية,attached_conjunction_or_preposition,C,,prefix وال
ar,hard,والثاني,attached_conjunction_or_preposition,C,,prefix وال
ar,hard,والثانية,attached_conjunction_or_preposition,C,,prefix وال
ar,hard,والحياة,attached_conjunction_or_preposition,C,,prefix وال
ar,hard,والخدمات,attached_conjunction_or_preposition,C,,prefix وال
ar,hard,والستين,attached_conjunction_or_preposition,C,,prefix وال
ar,hard,والسكنى,attached_conjunction_or_preposition,C,,prefix وال
ar,hard,والعديد,attached_conjunction_or_preposition,C,,prefix وال
ar,hard,والعراق,attached_conjunction_or_preposition,C,,prefix وال
ar,hard,والعشرين,attached_conjunction_or_preposition,C,,prefix وال
ar,hard,والعلوم,attached_conjunction_or_preposition,C,,prefix وال
ar,hard,والمجتمع,attached_conjunction_or_preposition,C,,prefix وال
ar,hard,والمناطق,attached_conjunction_or_preposition,C,,prefix وال
ar,hard,والنساء,attached_conjunction_or_preposition,C,,prefix وال
ar,hard,واي,not_in_reference_dictionary,C,,
ar,hard,وايت,not_in_reference_dictionary,C,,
ar,hard,وتحت,attached_conjunction_or_preposition,C,,prefix و
ar,hard,وتحميل,attached_conjunction_or_preposition,C,,prefix و
ar,hard,وتستخدم,attached_conjunction_or_preposition,C,,prefix و
ar,hard,وتطوير,attached_conjunction_or_preposition,C,,prefix و
ar,hard,وتقديم,attached_conjunction_or_preposition,C,,prefix و
ar,hard,وتقوم,attached_conjunction_or_preposition,C,,prefix و
ar,hard,وتلك,attached_conjunction_or_preposition,C,,prefix و
ar,hard,وجاء,attached_conjunction_or_preposition,C,,prefix و
ar,hard,وجعل,attached_conjunction_or_preposition,C,,prefix و
ar,hard,وحماية,attached_conjunction_or_preposition,C,,prefix و
ar,hard,وحين,attached_conjunction_or_preposition,C,,prefix و
ar,hard,ورجال,attached_conjunction_or_preposition,C,,prefix و
ar,hard,وسوريا,attached_conjunction_or_preposition,C,,prefix و
ar,hard,وسيكون,attached_conjunction_or_preposition,C,,prefix و
ar,hard,وشمال,attached_conjunction_or_preposition,C,,prefix و
ar,hard,وطلب,attached_conjunction_or_preposition,C,,prefix و
ar,hard,وعبد,attached_conjunction_or_preposition,C,,prefix و
ar,hard,وعشرين,attached_conjunction_or_preposition,C,,prefix و
ar,hard,وعلي,attached_conjunction_or_preposition,C,,prefix و
ar,hard,وغيره,attached_conjunction_or_preposition,C,,prefix و
ar,hard,وفيما,attached_conjunction_or_preposition,C,,prefix و
ar,hard,وفيه,attached_conjunction_or_preposition,C,,prefix و
ar,hard,وفيها,attached_conjunction_or_preposition,C,,prefix و
ar,hard,وقامت,attached_conjunction_or_preposition,C,,prefix و
ar,hard,وقلت,attached_conjunction_or_preposition,C,,prefix و
ar,hard,وكم,attached_conjunction_or_preposition,C,,prefix و
ar,hard,ولأن,attached_conjunction_or_preposition,C,,prefix و
ar,hard,ولكنني,attached_conjunction_or_preposition,C,,prefix و
ar,hard,ولها,attached_conjunction_or_preposition,C,,prefix و
ar,hard,ومصر,attached_conjunction_or_preposition,C,,prefix و
ar,hard,ومنهم,attached_conjunction_or_preposition,C,,prefix و
ar,hard,ونقل,attached_conjunction_or_preposition,C,,prefix و
ar,hard,ووضع,attached_conjunction_or_preposition,C,,prefix و
ar,hard,ويستخدم,attached_conjunction_or_preposition,C,,prefix و
ar,hard,ويظهر,attached_conjunction_or_preposition,C,,prefix و
ar,hard,ويعد,attached_conjunction_or_preposition,C,,prefix و
ar,hard,ويعمل,attached_conjunction_or_preposition,C,,prefix و
ar,hard,ويقوم,attached_conjunction_or_preposition,C,,prefix و
ar,hard,يونايتد,not_in_reference_dictionary,C,,
ar,expert,آيفون,not_in_reference_dictionary,C,,
ar,expert,أوكلاهوما,not_in_reference_dictionary,C,,
ar,expert,إبريل,not_in_reference_dictionary,C,,
ar,expert,إتصال,not_in_reference_dictionary,C,,
ar,expert,إقرأ,not_in_reference_dictionary,C,,
ar,expert,إنت,not_in_reference_dictionary,C,,
ar,expert,إيثان,not_in_reference_dictionary,C,,
ar,expert,إيفان,not_in_reference_dictionary,C,,
ar,expert,إيمي,not_in_reference_dictionary,C,,
ar,expert,ابطال,not_in_reference_dictionary,C,,
ar,expert,ابعد,not_in_reference_dictionary,C,,
ar,expert,اتكلم,not_in_reference_dictionary,C,,
ar,expert,احاول,not_in_reference_dictionary,C,,
ar,expert,احدا,not_in_reference_dictionary,C,,
ar,expert,اختي,not_in_reference_dictionary,C,,
ar,expert,اخري,not_in_reference_dictionary,C,,
ar,expert,اذن,not_in_reference_dictionary,C,,
ar,expert,اراد,not_in_reference_dictionary,C,,
ar,expert,اربعة,not_in_reference_dictionary,C,,
ar,expert,ارجو,not_in_reference_dictionary,C,,
ar,expert,ارى,not_in_reference_dictionary,C,,
ar,expert,اساس,not_in_reference_dictionary,C,,
ar,expert,اسباب,not_in_reference_dictionary,C,,
ar,expert,اسماء,not_in_reference_dictionary,C,,
ar,expert,اصلا,not_in_reference_dictionary,C,,
ar,expert,اف,not_in_reference_dictionary,C,,
ar,expert,اقوى,not_in_reference_dictionary,C,,
ar,expert,اكيد,not_in_reference_dictionary,C,,
ar,expert,الأخرين,not_in_reference_dictionary,C,,
ar,expert,الألبومات,not_in_reference_dictionary,C,,
ar,expert,الأمريكتين,not_in_reference_dictionary,C,,
ar,expert,الأنفلونزا,not_in_reference_dictionary,C,,
ar,expert,الأهرامات,not_in_reference_dictionary,C,,
ar,expert,الأوركسترا,not_in_reference_dictionary,C,,
ar,expert,الإنزيمات,not_in_reference_dictionary,C,,
ar,expert,الإنسولين,not_in_reference_dictionary,C,,
ar,expert,الاب,not_in_reference_dictionary,C,,
ar,expert,الابيض,not_in_reference_dictionary,C,,
ar,expert,الاردن,not_in_reference_dictionary,C,,
ar,expert,الاستاذ,not_in_reference_dictionary,C,,
ar,expert,الاسد,not_in_reference_dictionary,C,,
ar,expert,الاسرائيلية,not_in_reference_dictionary,C,,
ar,expert,الاسعار,not_in_reference_dictionary,C,,
ar,expert,الاسكتلندية,not_in_reference_dictionary,C,,
ar,expert,الاطلاق,not_in_reference_dictionary,C,,
ar,expert,الاعلانات,not_in_reference_dictionary,C,,
ar,expert,الاعلى,not_in_reference_dictionary,C,,
ar,expert,الاف,not_in_reference_dictionary,C,,
ar,expert,الافلام,not_in_reference_dictionary,C,,
ar,expert,الاكثر,not_in_reference_dictionary,C,,
ar,expert,الاماكن,not_in_reference_dictionary,C,,
ar,expert,الاهلي,not_in_reference_dictionary,C,,
ar,expert,الايرانية,not_in_reference_dictionary,C,,
ar,expert,الثانى,not_in_reference_dictionary,C,,
ar,expert,الدوبامين,not_in_reference_dictionary,C,,
ar,expert,الديناصورات,not_in_reference_dictionary,C,,
ar,expert,السرطانات,not_in_reference_dictionary,C,,
ar,expert,السيء,not_in_reference_dictionary,C,,
ar,expert,السيراميك,not_in_reference_dictionary,C,,
ar,expert,السيروتونين,not_in_reference_dictionary,C,,
ar,expert,السيليكون,not_in_reference_dictionary,C,,
ar,expert,الشئ,not_in_reference_dictionary,C,,
ar,expert,الشمري,not_in_reference_dictionary,C,,
ar,expert,الشوكولاتة,not_in_reference_dictionary,C,,
ar,expert,الصوره,not_in_reference_dictionary,C,,
ar,expert,العشرينات,not_in_reference_dictionary,C,,
ar,expert,العصبونات,not_in_reference_dictionary,C,,
ar,expert,الكاردينال,not_in_reference_dictionary,C,,
ar,expert,الكالسيوم,not_in_reference_dictionary,C,,
ar,expert,الكترونية,not_in_reference_dictionary,C,,
ar,expert,الكوميديا,not_in_reference_dictionary,C,,
ar,expert,اللاسلطوية,not_in_reference_dictionary,C,,
ar,expert,الماضى,not_in_reference_dictionary,C,,
ar,expert,المدينه,not_in_reference_dictionary,C,,
ar,expert,المشكله,not_in_reference_dictionary,C,,
ar,expert,الملا,not_in_reference_dictionary,C,,
ar,expert,الموبايل,not_in_reference_dictionary,C,,
ar,expert,الميليشيات,not_in_reference_dictionary,C,,
ar,expert,الناتو,not_in_reference_dictionary,C,,
ar,expert,امل,not_in_reference_dictionary,C,,
ar,expert,انسى,not_in_reference_dictionary,C,,
ar,expert,انكم,not_in_reference_dictionary,C,,
ar,expert,اهداف,not_in_reference_dictionary,C,,
ar,expert,اولاد,not_in_reference_dictionary,C,,
ar,expert,بآخر,attached_conjunction_or_preposition,C,,prefix ب
ar,expert,بأنفسهم,attached_conjunction_or_preposition,C,,prefix ب
ar,expert,بإصدار,attached_conjunction_or_preposition,C,,prefix ب
ar,expert,بإضافة,attached_conjunction_or_preposition,C,,prefix ب
ar,expert,بإعداد,attached_conjunction_or_preposition,C,,prefix ب
ar,expert,باستعمال,attached_conjunction_or_preposition,C,,prefix ب
ar,expert,باسمه,attached_conjunction_or_preposition,C,,prefix ب
ar,expert,باعتبار,attached_conjunction_or_preposition,C,,prefix ب
ar,expert,بالإسبانية,attached_conjunction_or_preposition,C,,prefix بال
ar,expert,بالإعدام,attached_conjunction_or_preposition,C,,prefix بال
ar,expert,بالإنجليزية,attached_conjunction_or_preposition,C,,prefix بال
ar,expert,بالاشتراك,attached_conjunction_or_preposition,C,,prefix بال
ar,expert,بالاعتماد,attached_conjunction_or_preposition,C,,prefix بال
ar,expert,بالانتخابات,attached_conjunction_or_preposition,C,,prefix بال
ar,expert,بالانقراض,attached_conjunction_or_preposition,C,,prefix بال
ar,expert,بالبقاء,attached_conjunction_or_preposition,C,,prefix بال
ar,expert,بالبيت,attached_conjunction_or_preposition,C,,prefix بال
ar,expert,بالتزامن,attached_conjunction_or_preposition,C,,prefix بال
ar,expert,بالجامعة,attached_conjunction_or_preposition,C,,prefix بال
ar,expert,بالحصول,attached_conjunction_or_preposition,C,,prefix بال
ar,expert,بالحق,attached_conjunction_or_preposition,C,,prefix بال
ar,expert,بالحكم,attached_conjunction_or_preposition,C,,prefix بال
ar,expert,بالخروج,attached_conjunction_or_preposition,C,,prefix بال
ar,expert,بالدوري,attached_conjunction_or_preposition,C,,prefix بال
ar,expert,بالذهاب,attached_conjunction_or_preposition,C,,prefix بال
ar,expert,بالرصاص,attached_conjunction_or_preposition,C,,prefix بال
ar,expert,بالسعودية,attached_conjunction_or_preposition,C,,prefix بال
ar,expert,بالصحة,attached_conjunction_or_preposition,C,,prefix بال
ar,expert,بالضغط,attached_conjunction_or_preposition,C,,prefix بال
ar,expert,بالطاقة,attached_conjunction_or_preposition,C,,prefix بال
ar,expert,بالعاصمة,attached_conjunction_or_preposition,C,,prefix بال
ar,expert,بالعكس,attached_conjunction_or_preposition,C,,prefix بال
ar,expert,بالعلاقات,attached_conjunction_or_preposition,C,,prefix بال
ar,expert,بالفرنسية,attached_conjunction_or_preposition,C,,prefix بال
ar,expert,بالقيام,attached_conjunction_or_preposition,C,,prefix بال
ar,expert,بالكلام,attached_conjunction_or_preposition,C,,prefix بال
ar,expert,بالمدرسة,attached_conjunction_or_preposition,C,,prefix بال
ar,expert,بالمركز,attached_conjunction_or_preposition,C,,prefix بال
ar,expert,بالمشاركة,attached_conjunction_or_preposition,C,,prefix بال
ar,expert,بالمعلومات,attached_conjunction_or_preposition,C,,prefix بال
ar,expert,بالمقارنة,attached_conjunction_or_preposition,C,,prefix بال
ar,expert,بالمملكة,attached_conjunction_or_preposition,C,,prefix بال
ar,expert,بالمناسبة,attached_conjunction_or_preposition,C,,prefix بال
ar,expert,بالموت,attached_conjunction_or_preposition,C,,prefix بال
ar,expert,بالميدالية,attached_conjunction_or_preposition,C,,prefix بال
ar,expert,بالنظام,attached_conjunction_or_preposition,C,,prefix بال
ar,expert,بالنيابة,attached_conjunction_or_preposition,C,,prefix بال
ar,expert,بالولايات,attached_conjunction_or_preposition,C,,prefix بال
ar,expert,باليمن,attached_conjunction_or_preposition,C,,prefix بال
ar,expert,باور,not_in_reference_dictionary,C,,
ar,expert,بايت,not_in_reference_dictionary,C,,
ar,expert,بايرن,not_in_reference_dictionary,C,,
ar,expert,ببيع,attached_conjunction_or_preposition,C,,prefix ب
ar,expert,بتحديد,attached_conjunction_or_preposition,C,,prefix ب
ar,expert,بتسجيل,attached_conjunction_or_preposition,C,,prefix ب
ar,expert,بتشكيل,attached_conjunction_or_preposition,C,,prefix ب
ar,expert,بتوفير,attached_conjunction_or_preposition,C,,prefix ب
ar,expert,بتونس,attached_conjunction_or_preposition,C,,prefix ب
ar,expert,بجدية,attached_conjunction_or_preposition,C,,prefix ب
ar,expert,بجولة,attached_conjunction_or_preposition,C,,prefix ب
ar,expert,بحب,attached_conjunction_or_preposition,C,,prefix ب
ar,expert,بحركة,attached_conjunction_or_preposition,C,,prefix ب
ar,expert,بحل,attached_conjunction_or_preposition,C,,prefix ب
ar,expert,بحماية,attached_conjunction_or_preposition,C,,prefix ب
ar,expert,بحوالي,attached_conjunction_or_preposition,C,,prefix ب
ar,expert,بحياتك,attached_conjunction_or_preposition,C,,prefix ب
ar,expert,بخدمة,attached_conjunction_or_preposition,C,,prefix ب
ar,expert,بدأوا,not_in_reference_dictionary,C,,
ar,expert,بداخل,attached_conjunction_or_preposition,C,,prefix ب
ar,expert,بدخول,attached_conjunction_or_preposition,C,,prefix ب
ar,expert,بروح,attached_conjunction_or_preposition,C,,prefix ب
ar,expert,بسحب,attached_conjunction_or_preposition,C,,prefix ب
ar,expert,بسوء,attached_conjunction_or_preposition,C,,prefix ب
ar,expert,بصعوبة,attached_conjunction_or_preposition,C,,prefix ب
ar,expert,بصمت,attached_conjunction_or_preposition,C,,prefix ب
ar,expert,بفترة,attached_conjunction_or_preposition,C,,prefix ب
ar,expert,بفوز,attached_conjunction_or_preposition,C,,prefix ب
ar,expert,بفيروس,attached_conjunction_or_preposition,C,,prefix ب
ar,expert,بقرار,attached_conjunction_or_preposition,C,,prefix ب
ar,expert,بقرب,attached_conjunction_or_preposition,C,,prefix ب
ar,expert,بقصد,attached_conjunction_or_preposition,C,,prefix ب
ar,expert,بقول,attached_conjunction_or_preposition,C,,prefix ب
ar,expert,بكلمات,attached_conjunction_or_preposition,C,,prefix ب
ar,expert,بلاي,not_in_reference_dictionary,C,,
ar,expert,بلس,not_in_reference_dictionary,C,,
ar,expert,بلون,attached_conjunction_or_preposition,C,,prefix ب
ar,expert,بمتابعة,attached_conjunction_or_preposition,C,,prefix ب
ar,expert,بمحاولة,attached_conjunction_or_preposition,C,,prefix ب
ar,expert,بمختلف,attached_conjunction_or_preposition,C,,prefix ب
ar,expert,بمعرفة,attached_conjunction_or_preposition,C,,prefix ب
ar,expert,بموقع,attached_conjunction_or_preposition,C,,prefix ب
ar,expert,بوث,not_in_reference_dictionary,C,,
ar,expert,بوقف,attached_conjunction_or_preposition,C,,prefix ب
ar,expert,بى,not_in_reference_dictionary,C,,
ar,expert,بيبي,not_in_reference_dictionary,C,,
ar,expert,بيدرو,not_in_reference_dictionary,C,,
ar,expert,بيلا,not_in_reference_dictionary,C,,
ar,expert,تاني,not_in_reference_dictionary,C,,
ar,expert,تحتاجه,not_in_reference_dictionary,C,,
ar,expert,تشارلي,not_in_reference_dictionary,C,,
ar,expert,تيري,not_in_reference_dictionary,C,,
ar,expert,جانيرو,not_in_reference_dictionary,C,,
ar,expert,جونسون,not_in_reference_dictionary,C,,
ar,expert,جيسيكا,not_in_reference_dictionary,C,,
ar,expert,خامنئي,not_in_reference_dictionary,C,,
ar,expert,دبليو,not_in_reference_dictionary,C,,
ar,expert,دياز,not_in_reference_dictionary,C,,
ar,expert,رايتس,not_in_reference_dictionary,C,,
ar,expert,روجر,not_in_reference_dictionary,C,,
ar,expert,سامسونج,not_in_reference_dictionary,C,,
ar,expert,سانتوس,not_in_reference_dictionary,C,,
ar,expert,سبورت,not_in_reference_dictionary,C,,
ar,expert,ستيفان,not_in_reference_dictionary,C,,
ar,expert,ستيوارت,not_in_reference_dictionary,C,,
ar,expert,فرانس,not_in_reference_dictionary,C,,
ar,expert,فرانسيسكو,not_in_reference_dictionary,C,,
ar,expert,فردا,attached_conjunction_or_preposition,C,,prefix ف
ar,expert,فعليك,attached_conjunction_or_preposition,C,,prefix ف
ar,expert,فقام,attached_conjunction_or_preposition,C,,prefix ف
ar,expert,فقلت,attached_conjunction_or_preposition,C,,prefix ف
ar,expert,فلاديمير,not_in_reference_dictionary,C,,
ar,expert,فيفا,not_in_reference_dictionary,C,,
ar,expert,كا,not_in_reference_dictionary,C,,
ar,expert,كابتن,not_in_reference_dictionary,C,,
ar,expert,كاتالونيا,not_in_reference_dictionary,C,,
ar,expert,كارول,not_in_reference_dictionary,C,,
ar,expert,كاي,not_in_reference_dictionary,C,,
ar,expert,كدة,not_in_reference_dictionary,C,,
ar,expert,كذالك,attached_conjunction_or_preposition,C,,prefix ك
ar,expert,كروز,attached_conjunction_or_preposition,C,,prefix ك
ar,expert,كريستوفر,not_in_reference_dictionary,C,,
ar,expert,كريستيانو,not_in_reference_dictionary,C,,
ar,expert,كمن,attached_conjunction_or_preposition,C,,prefix ك
ar,expert,كوسيلة,attached_conjunction_or_preposition,C,,prefix ك
ar,expert,لأ,not_in_reference_dictionary,C,,
ar,expert,لأبي,attached_conjunction_or_preposition,C,,prefix ل
ar,expert,لأخذ,attached_conjunction_or_preposition,C,,prefix ل
ar,expert,لأداء,attached_conjunction_or_preposition,C,,prefix ل
ar,expert,لإثبات,attached_conjunction_or_preposition,C,,prefix ل
ar,expert,لإزالة,attached_conjunction_or_preposition,C,,prefix ل
ar,expert,لإصلاح,attached_conjunction_or_preposition,C,,prefix ل
ar,expert,لإقامة,attached_conjunction_or_preposition,C,,prefix ل
ar,expert,لإيران,attached_conjunction_or_preposition,C,,prefix ل
ar,expert,لاتخاذ,attached_conjunction_or_preposition,C,,prefix ل
ar,expert,لاختيار,attached_conjunction_or_preposition,C,,prefix ل
ar,expert,لازالت,not_in_reference_dictionary,C,,
ar,expert,لازلت,not_in_reference_dictionary,C,,
ar,expert,لاس,not_in_reference_dictionary,C,,
ar,expert,لاستخدامها,attached_conjunction_or_preposition,C,,prefix ل
ar,expert,لاستعادة,attached_conjunction_or_preposition,C,,prefix ل
ar,expert,لاند,not_in_reference_dictionary,C,,
ar,expert,لاي,not_in_reference_dictionary,C,,
ar,expert,لايزال,not_in_reference_dictionary,C,,
ar,expert,لايوجد,not_in_reference_dictionary,C,,
ar,expert,لبدء,attached_conjunction_or_preposition,C,,prefix ل
ar,expert,لبريطانيا,attached_conjunction_or_preposition,C,,prefix ل
ar,expert,لتشمل,attached_conjunction_or_preposition,C,,prefix ل
ar,expert,لتغطية,attached_conjunction_or_preposition,C,,prefix ل
ar,expert,لتكنولوجيا,attached_conjunction_or_preposition,C,,prefix ل
ar,expert,لتناول,attached_conjunction_or_preposition,C,,prefix ل
ar,expert,لثلاث,attached_conjunction_or_preposition,C,,prefix ل
ar,expert,لجائزة,attached_conjunction_or_preposition,C,,prefix ل
ar,expert,لجامعة,attached_conjunction_or_preposition,C,,prefix ل
ar,expert,لجلب,attached_conjunction_or_preposition,C,,prefix ل
ar,expert,لحظه,attached_conjunction_or_preposition,C,,prefix ل
ar,expert,لحكم,attached_conjunction_or_preposition,C,,prefix ل
ar,expert,لحكومة,attached_conjunction_or_preposition,C,,prefix ل
ar,expert,لحين,attached_conjunction_or_preposition,C,,prefix ل
ar,expert,لخلق,attached_conjunction_or_preposition,C,,prefix ل
ar,expert,لدفع,attached_conjunction_or_preposition,C,,prefix ل
ar,expert,لساعات,attached_conjunction_or_preposition,C,,prefix ل
ar,expert,لسبب,attached_conjunction_or_preposition,C,,prefix ل
ar,expert,لسكان,attached_conjunction_or_preposition,C,,prefix ل
ar,expert,لشؤون,attached_conjunction_or_preposition,C,,prefix ل
ar,expert,لطلاب,attached_conjunction_or_preposition,C,,prefix ل
ar,expert,لعائلة,attached_conjunction_or_preposition,C,,prefix ل
ar,expert,لعمليات,attached_conjunction_or_preposition,C,,prefix ل
ar,expert,لغاية,attached_conjunction_or_preposition,C,,prefix ل
ar,expert,لغير,attached_conjunction_or_preposition,C,,prefix ل
ar,expert,لفترات,attached_conjunction_or_preposition,C,,prefix ل
ar,expert,لفهم,attached_conjunction_or_preposition,C,,prefix ل
ar,expert,لقانون,attached_conjunction_or_preposition,C,,prefix ل
ar,expert,لقتل,attached_conjunction_or_preposition,C,,prefix ل
ar,expert,لقيادة,attached_conjunction_or_preposition,C,,prefix ل
ar,expert,لكافة,attached_conjunction_or_preposition,C,,prefix ل
ar,expert,لكثير,attached_conjunction_or_preposition,C,,prefix ل
ar,expert,لكسب,attached_conjunction_or_preposition,C,,prefix ل
ar,expert,لكونه,attached_conjunction_or_preposition,C,,prefix ل
ar,expert,لكونها,attached_conjunction_or_preposition,C,,prefix ل
ar,expert,للأرض,attached_conjunction_or_preposition,C,,prefix لل
ar,expert,للأعمال,attached_conjunction_or_preposition,C,,prefix لل
ar,expert,للإصابة,attached_conjunction_or_preposition,C,,prefix لل
ar,expert,للإعلام,attached_conjunction_or_preposition,C,,prefix لل
ar,expert,للإمبراطورية,attached_conjunction_or_preposition,C,,prefix لل
ar,expert,للاتصالات,attached_conjunction_or_preposition,C,,prefix لل
ar,expert,للاحتفال,attached_conjunction_or_preposition,C,,prefix لل
ar,expert,للاستثمار,attached_conjunction_or_preposition,C,,prefix لل
ar,expert,للاستخدام,attached_conjunction_or_preposition,C,,prefix لل
ar,expert,للاستفادة,attached_conjunction_or_preposition,C,,prefix لل
ar,expert,للاستيلاء,attached_conjunction_or_preposition,C,,prefix لل
ar,expert,للاضطرابات,attached_conjunction_or_preposition,C,,prefix لل
ar,expert,للاعب,attached_conjunction_or_preposition,C,,prefix لل
ar,expert,للانتخابات,attached_conjunction_or_preposition,C,,prefix لل
ar,expert,للانضمام,attached_conjunction_or_preposition,C,,prefix لل
ar,expert,للبقاء,attached_conjunction_or_preposition,C,,prefix لل
ar,expert,للبكتيريا,attached_conjunction_or_preposition,C,,prefix لل
ar,expert,للبنات,attached_conjunction_or_preposition,C,,prefix لل
ar,expert,للبيئة,attached_conjunction_or_preposition,C,,prefix لل
ar,expert,للبيت,attached_conjunction_or_preposition,C,,prefix لل
ar,expert,للتاريخ,attached_conjunction_or_preposition,C,,prefix لل
ar,expert,للتحميل,attached_conjunction_or_preposition,C,,prefix لل
ar,expert,للتطبيقات,attached_conjunction_or_preposition,C,,prefix لل
ar,expert,للتعبير,attached_conjunction_or_preposition,C,,prefix لل
ar,expert,للتعرف,attached_conjunction_or_preposition,C,,prefix لل
ar,expert,للتفكير,attached_conjunction_or_preposition,C,,prefix لل
ar,expert,للتكنولوجيا,attached_conjunction_or_preposition,C,,prefix لل
ar,expert,للتلفزيون,attached_conjunction_or_preposition,C,,prefix لل
ar,expert,للثورة,attached_conjunction_or_preposition,C,,prefix لل
ar,expert,للجامعة,attached_conjunction_or_preposition,C,,prefix لل
ar,expert,للجمهورية,attached_conjunction_or_preposition,C,,prefix لل
ar,expert,للحقوق,attached_conjunction_or_preposition,C,,prefix لل
ar,expert,للحوار,attached_conjunction_or_preposition,C,,prefix لل
ar,expert,للحيوانات,attached_conjunction_or_preposition,C,,prefix لل
ar,expert,للخارج,attached_conjunction_or_preposition,C,,prefix لل
ar,expert,للدكتور,attached_conjunction_or_preposition,C,,prefix لل
ar,expert,للذين,attached_conjunction_or_preposition,C,,prefix لل
ar,expert,للسعودية,attached_conjunction_or_preposition,C,,prefix لل
ar,expert,للسفر,attached_conjunction_or_preposition,C,,prefix لل
ar,expert,للسيد,attached_conjunction_or_preposition,C,,prefix لل
ar,expert,للصحافة,attached_conjunction_or_preposition,C,,prefix لل
ar,expert,للصلاة,attached_conjunction_or_preposition,C,,prefix لل
ar,expert,للطيران,attached_conjunction_or_preposition,C,,prefix لل
ar,expert,للعب,attached_conjunction_or_preposition,C,,prefix لل
ar,expert,للعراق,attached_conjunction_or_preposition,C,,prefix لل
ar,expert,للعلم,attached_conjunction_or_preposition,C,,prefix لل
ar,expert,للعلوم,attached_conjunction_or_preposition,C,,prefix لل
ar,expert,للفوز,attached_conjunction_or_preposition,C,,prefix لل
ar,expert,للفيلم,attached_conjunction_or_preposition,C,,prefix لل
ar,expert,للقاء,attached_conjunction_or_preposition,C,,prefix لل
ar,expert,للقتل,attached_conjunction_or_preposition,C,,prefix لل
ar,expert,للكثير,attached_conjunction_or_preposition,C,,prefix لل
ar,expert,للكشف,attached_conjunction_or_preposition,C,,prefix لل
ar,expert,للمحكمة,attached_conjunction_or_preposition,C,,prefix لل
ar,expert,للمخرج,attached_conjunction_or_preposition,C,,prefix لل
ar,expert,للمدرسة,attached_conjunction_or_preposition,C,,prefix لل
ar,expert,للمزارعين,attached_conjunction_or_preposition,C,,prefix لل
ar,expert,للمستخدمين,attached_conjunction_or_preposition,C,,prefix لل
ar,expert,للمستهلكين,attached_conjunction_or_preposition,C,,prefix لل
ar,expert,للمشروع,attached_conjunction_or_preposition,C,,prefix لل
ar,expert,للمعلومات,attached_conjunction_or_preposition,C,,prefix لل
ar,expert,للمواطنين,attached_conjunction_or_preposition,C,,prefix لل
ar,expert,للموسيقى,attached_conjunction_or_preposition,C,,prefix لل
ar,expert,للموقع,attached_conjunction_or_preposition,C,,prefix لل
ar,expert,للنوم,attached_conjunction_or_preposition,C,,prefix لل
ar,expert,للهجرة,attached_conjunction_or_preposition,C,,prefix لل
ar,expert,لمؤسسة,attached_conjunction_or_preposition,C,,prefix ل
ar,expert,لمحاولة,attached_conjunction_or_preposition,C,,prefix ل
ar,expert,لمحمد,attached_conjunction_or_preposition,C,,prefix ل
ar,expert,لمراقبة,attached_conjunction_or_preposition,C,,prefix ل
ar,expert,لمقابلة,attached_conjunction_or_preposition,C,,prefix ل
ar,expert,لممارسة,attached_conjunction_or_preposition,C,,prefix ل
ar,expert,لهجوم,attached_conjunction_or_preposition,C,,prefix ل
ar,expert,لوصف,attached_conjunction_or_preposition,C,,prefix ل
ar,expert,لوقت,attached_conjunction_or_preposition,C,,prefix ل
ar,expert,لولاية,attached_conjunction_or_preposition,C,,prefix ل
ar,expert,ليا,attached_conjunction_or_preposition,C,,prefix ل
ar,expert,ماركو,not_in_reference_dictionary,C,,
ar,expert,مازلت,not_in_reference_dictionary,C,,
ar,expert,ماساتشوستس,not_in_reference_dictionary,C,,
ar,expert,مافي,not_in_reference_dictionary,C,,
ar,expert,مانهاتن,not_in_reference_dictionary,C,,
ar,expert,مايا,not_in_reference_dictionary,C,,
ar,expert,ميشال,not_in_reference_dictionary,C,,
ar,expert,ميليشيات,not_in_reference_dictionary,C,,
ar,expert,نايت,not_in_reference_dictionary,C,,
ar,expert,نورمان,not_in_reference_dictionary,C,,
ar,expert,هاريس,not_in_reference_dictionary,C,,
ar,expert,هوليوود,not_in_reference_dictionary,C,,
ar,expert,وأتمنى,attached_conjunction_or_preposition,C,,prefix و
ar,expert,وأستراليا,attached_conjunction_or_preposition,C,,prefix و
ar,expert,وأصحاب,attached_conjunction_or_preposition,C,,prefix و
ar,expert,وأصيب,attached_conjunction_or_preposition,C,,prefix و
ar,expert,وأطلق,attached_conjunction_or_preposition,C,,prefix و
ar,expert,وأعلم,attached_conjunction_or_preposition,C,,prefix و
ar,expert,وأعلنت,attached_conjunction_or_preposition,C,,prefix و
ar,expert,وأعمال,attached_conjunction_or_preposition,C,,prefix و
ar,expert,وأقل,attached_conjunction_or_preposition,C,,prefix و
ar,expert,وأكبر,attached_conjunction_or_preposition,C,,prefix و
ar,expert,وأم,attached_conjunction_or_preposition,C,,prefix و
ar,expert,وأمر,attached_conjunction_or_preposition,C,,prefix و
ar,expert,وأمريكا,attached_conjunction_or_preposition,C,,prefix و
ar,expert,وأنهم,attached_conjunction_or_preposition,C,,prefix و
ar,expert,وأهل,attached_conjunction_or_preposition,C,,prefix و
ar,expert,وأهم,attached_conjunction_or_preposition,C,,prefix و
ar,expert,وأوضح,attached_conjunction_or_preposition,C,,prefix و
ar,expert,وأين,attached_conjunction_or_preposition,C,,prefix و
ar,expert,وإذ,attached_conjunction_or_preposition,C,,prefix و
ar,expert,وإزالة,attached_conjunction_or_preposition,C,,prefix و
ar,expert,وإسرائيل,attached_conjunction_or_preposition,C,,prefix و
ar,expert,وإضافة,attached_conjunction_or_preposition,C,,prefix و
ar,expert,وإنشاء,attached_conjunction_or_preposition,C,,prefix و
ar,expert,واتساب,not_in_reference_dictionary,C,,
ar,expert,واجتماعية,attached_conjunction_or_preposition,C,,prefix و
ar,expert,واستخدامها,attached_conjunction_or_preposition,C,,prefix و
ar,expert,واقتصادية,attached_conjunction_or_preposition,C,,prefix و
ar,expert,والأربعين,attached_conjunction_or_preposition,C,,prefix وال
ar,expert,والأردن,attached_conjunction_or_preposition,C,,prefix وال
ar,expert,والأقاليم,attached_conjunction_or_preposition,C,,prefix وال
ar,expert,والأكثر,attached_conjunction_or_preposition,C,,prefix وال
ar,expert,والألمانية,attached_conjunction_or_preposition,C,,prefix وال
ar,expert,والإجراءات,attached_conjunction_or_preposition,C,,prefix وال
ar,expert,والإحصائي,attached_conjunction_or_preposition,C,,prefix وال
ar,expert,والإسبانية,attached_conjunction_or_preposition,C,,prefix وال
ar,expert,والإنجليزية,attached_conjunction_or_preposition,C,,prefix وال
ar,expert,والاتصالات,attached_conjunction_or_preposition,C,,prefix وال
ar,expert,والاجتماعي,attached_conjunction_or_preposition,C,,prefix وال
ar,expert,والاجتماعية,attached_conjunction_or_preposition,C,,prefix وال
ar,expert,والاستثمار,attached_conjunction_or_preposition,C,,prefix وال
ar,expert,والاستخدام,attached_conjunction_or_preposition,C,,prefix وال
ar,expert,والاستقرار,attached_conjunction_or_preposition,C,,prefix وال
ar,expert,والاضطرابات,attached_conjunction_or_preposition,C,,prefix وال
ar,expert,والاعتماد,attached_conjunction_or_preposition,C,,prefix وال
ar,expert,والاقتصاد,attached_conjunction_or_preposition,C,,prefix وال
ar,expert,والاقتصادي,attached_conjunction_or_preposition,C,,prefix وال
ar,expert,والاقتصادية,attached_conjunction_or_preposition,C,,prefix وال
ar,expert,والاكتئاب,attached_conjunction_or_preposition,C,,prefix وال
ar,expert,والالتزام,attached_conjunction_or_preposition,C,,prefix وال
ar,expert,والان,not_in_reference_dictionary,C,,
ar,expert,والانتقال,attached_conjunction_or_preposition,C,,prefix وال
ar,expert,والاهتمام,attached_conjunction_or_preposition,C,,prefix وال
ar,expert,والبرامج,attached_conjunction_or_preposition,C,,prefix وال
ar,expert,والبرتغال,attached_conjunction_or_preposition,C,,prefix وال
ar,expert,والبريطانية,attached_conjunction_or_preposition,C,,prefix وال
ar,expert,والبيئة,attached_conjunction_or_preposition,C,,prefix وال
ar,expert,والتجارة,attached_conjunction_or_preposition,C,,prefix وال
ar,expert,والتجارية,attached_conjunction_or_preposition,C,,prefix وال
ar,expert,والتدريب,attached_conjunction_or_preposition,C,,prefix وال
ar,expert,والتقاليد,attached_conjunction_or_preposition,C,,prefix وال
ar,expert,والتقنيات,attached_conjunction_or_preposition,C,,prefix وال
ar,expert,والتكنولوجيا,attached_conjunction_or_preposition,C,,prefix وال
ar,expert,والتلفزيون,attached_conjunction_or_preposition,C,,prefix وال
ar,expert,والثانوية,attached_conjunction_or_preposition,C,,prefix وال
ar,expert,والثقافات,attached_conjunction_or_preposition,C,,prefix وال
ar,expert,والثقافية,attached_conjunction_or_preposition,C,,prefix وال
ar,expert,والثلاثين,attached_conjunction_or_preposition,C,,prefix وال
ar,expert,والجامعات,attached_conjunction_or_preposition,C,,prefix وال
ar,expert,والجماعات,attached_conjunction_or_preposition,C,,prefix وال
ar,expert,والجمعيات,attached_conjunction_or_preposition,C,,prefix وال
ar,expert,والجنوبية,attached_conjunction_or_preposition,C,,prefix وال
ar,expert,والحديث,attached_conjunction_or_preposition,C,,prefix وال
ar,expert,والحرب,attached_conjunction_or_preposition,C,,prefix وال
ar,expert,والحرية,attached_conjunction_or_preposition,C,,prefix وال
ar,expert,والحزن,attached_conjunction_or_preposition,C,,prefix وال
ar,expert,والحصول,attached_conjunction_or_preposition,C,,prefix وال
ar,expert,والحق,attached_conjunction_or_preposition,C,,prefix وال
ar,expert,والحكم,attached_conjunction_or_preposition,C,,prefix وال
ar,expert,والحمد,attached_conjunction_or_preposition,C,,prefix وال
ar,expert,والحيوانات,attached_conjunction_or_preposition,C,,prefix وال
ar,expert,والخروج,attached_conjunction_or_preposition,C,,prefix وال
ar,expert,والخوف,attached_conjunction_or_preposition,C,,prefix وال
ar,expert,والدراسات,attached_conjunction_or_preposition,C,,prefix وال
ar,expert,والدعم,attached_conjunction_or_preposition,C,,prefix وال
ar,expert,والدول,attached_conjunction_or_preposition,C,,prefix وال
ar,expert,والديمقراطية,attached_conjunction_or_preposition,C,,prefix وال
ar,expert,والديه,attached_conjunction_or_preposition,C,,prefix وال
ar,expert,والرجال,attached_conjunction_or_preposition,C,,prefix وال
ar,expert,والرياضة,attached_conjunction_or_preposition,C,,prefix وال
ar,expert,والرياضيات,attached_conjunction_or_preposition,C,,prefix وال
ar,expert,والسعودية,attached_conjunction_or_preposition,C,,prefix وال
ar,expert,والسلامة,attached_conjunction_or_preposition,C,,prefix وال
ar,expert,والسنة,attached_conjunction_or_preposition,C,,prefix وال
ar,expert,والسياسات,attached_conjunction_or_preposition,C,,prefix وال
ar,expert,والسياسي,attached_conjunction_or_preposition,C,,prefix وال
ar,expert,والسياسية,attached_conjunction_or_preposition,C,,prefix وال
ar,expert,والشرطة,attached_conjunction_or_preposition,C,,prefix وال
ar,expert,والشعب,attached_conjunction_or_preposition,C,,prefix وال
ar,expert,والشعر,attached_conjunction_or_preposition,C,,prefix وال
ar,expert,والشيخ,attached_conjunction_or_preposition,C,,prefix وال
ar,expert,والصلاة,attached_conjunction_or_preposition,C,,prefix وال
ar,expert,والصناعات,attached_conjunction_or_preposition,C,,prefix وال
ar,expert,والعالمية,attached_conjunction_or_preposition,C,,prefix وال
ar,expert,والعاملين,attached_conjunction_or_preposition,C,,prefix وال
ar,expert,والعسكرية,attached_conjunction_or_preposition,C,,prefix وال
ar,expert,والعشرون,attached_conjunction_or_preposition,C,,prefix وال
ar,expert,والعلاقات,attached_conjunction_or_preposition,C,,prefix وال
ar,expert,والعلم,attached_conjunction_or_preposition,C,,prefix وال
ar,expert,والعمليات,attached_conjunction_or_preposition,C,,prefix وال
ar,expert,والعنف,attached_conjunction_or_preposition,C,,prefix وال
ar,expert,والعودة,attached_conjunction_or_preposition,C,,prefix وال
ar,expert,والفرنسية,attached_conjunction_or_preposition,C,,prefix وال
ar,expert,والفساد,attached_conjunction_or_preposition,C,,prefix وال
ar,expert,والفقر,attached_conjunction_or_preposition,C,,prefix وال
ar,expert,والفن,attached_conjunction_or_preposition,C,,prefix وال
ar,expert,والفنانين,attached_conjunction_or_preposition,C,,prefix وال
ar,expert,والفنون,attached_conjunction_or_preposition,C,,prefix وال
ar,expert,والفيزياء,attached_conjunction_or_preposition,C,,prefix وال
ar,expert,والقوات,attached_conjunction_or_preposition,C,,prefix وال
ar,expert,والكتاب,attached_conjunction_or_preposition,C,,prefix وال
ar,expert,والكويت,attached_conjunction_or_preposition,C,,prefix وال
ar,expert,واللغة,attached_conjunction_or_preposition,C,,prefix وال
ar,expert,والمؤتمرات,attached_conjunction_or_preposition,C,,prefix وال
ar,expert,والمؤسسات,attached_conjunction_or_preposition,C,,prefix وال
ar,expert,والمتوسطة,attached_conjunction_or_preposition,C,,prefix وال
ar,expert,والمجتمعات,attached_conjunction_or_preposition,C,,prefix وال
ar,expert,والمجلس,attached_conjunction_or_preposition,C,,prefix وال
ar,expert,والمجموعات,attached_conjunction_or_preposition,C,,prefix وال
ar,expert,والمحافظة,attached_conjunction_or_preposition,C,,prefix وال
ar,expert,والمدفعية,attached_conjunction_or_preposition,C,,prefix وال
ar,expert,والمرأة,attached_conjunction_or_preposition,C,,prefix وال
ar,expert,والمركبات,attached_conjunction_or_preposition,C,,prefix وال
ar,expert,والمسؤولين,attached_conjunction_or_preposition,C,,prefix وال
ar,expert,والمساعدة,attached_conjunction_or_preposition,C,,prefix وال
ar,expert,والمساواة,attached_conjunction_or_preposition,C,,prefix وال
ar,expert,والمسلمين,attached_conjunction_or_preposition,C,,prefix وال
ar,expert,والمشاركة,attached_conjunction_or_preposition,C,,prefix وال
ar,expert,والمعرفة,attached_conjunction_or_preposition,C,,prefix وال
ar,expert,والمعروفة,attached_conjunction_or_preposition,C,,prefix وال
ar,expert,والمعلومات,attached_conjunction_or_preposition,C,,prefix وال
ar,expert,والمقالات,attached_conjunction_or_preposition,C,,prefix وال
ar,expert,والممارسات,attached_conjunction_or_preposition,C,,prefix وال
ar,expert,والمملكة,attached_conjunction_or_preposition,C,,prefix وال
ar,expert,والمنتجات,attached_conjunction_or_preposition,C,,prefix وال
ar,expert,والمنظمات,attached_conjunction_or_preposition,C,,prefix وال
ar,expert,والمهارات,attached_conjunction_or_preposition,C,,prefix وال
ar,expert,والموت,attached_conjunction_or_preposition,C,,prefix وال
ar,expert,والموسيقى,attached_conjunction_or_preposition,C,,prefix وال
ar,expert,والموظفين,attached_conjunction_or_preposition,C,,prefix وال
ar,expert,والمياه,attached_conjunction_or_preposition,C,,prefix وال
ar,expert,والنباتات,attached_conjunction_or_preposition,C,,prefix وال
ar,expert,والهند,attached_conjunction_or_preposition,C,,prefix وال
ar,expert,والوصول,attached_conjunction_or_preposition,C,,prefix وال
ar,expert,والولايات,attached_conjunction_or_preposition,C,,prefix وال
ar,expert,واليمن,attached_conjunction_or_preposition,C,,prefix وال
ar,expert,واليونانية,attached_conjunction_or_preposition,C,,prefix وال
ar,expert,وانتهت,attached_conjunction_or_preposition,C,,prefix و
ar,expert,وانتهى,attached_conjunction_or_preposition,C,,prefix و
ar,expert,وانه,attached_conjunction_or_preposition,C,,prefix و
ar,expert,وايضا,not_in_reference_dictionary,C,,
ar,expert,واين,not_in_reference_dictionary,C,,
ar,expert,وباستخدام,attached_conjunction_or_preposition,C,,prefix و
ar,expert,وبالإضافة,attached_conjunction_or_preposition,C,,prefix و
ar,expert,وبالفعل,attached_conjunction_or_preposition,C,,prefix و
ar,expert,وبدلا,attached_conjunction_or_preposition,C,,prefix و
ar,expert,وبرامج,attached_conjunction_or_preposition,C,,prefix و
ar,expert,وبريطانيا,attached_conjunction_or_preposition,C,,prefix و
ar,expert,وبعدين,attached_conjunction_or_preposition,C,,prefix و
ar,expert,وبقي,attached_conjunction_or_preposition,C,,prefix و
ar,expert,وبقية,attached_conjunction_or_preposition,C,,prefix و
ar,expert,وبقيت,attached_conjunction_or_preposition,C,,prefix و
ar,expert,وتابع,attached_conjunction_or_preposition,C,,prefix و
ar,expert,وتاريخ,attached_conjunction_or_preposition,C,,prefix و
ar,expert,وتبادل,attached_conjunction_or_preposition,C,,prefix و
ar,expert,وتحديد,attached_conjunction_or_preposition,C,,prefix و
ar,expert,وتحديدا,attached_conjunction_or_preposition,C,,prefix و
ar,expert,وتحقيق,attached_conjunction_or_preposition,C,,prefix و
ar,expert,وتحمل,attached_conjunction_or_preposition,C,,prefix و
ar,expert,وتدمير,attached_conjunction_or_preposition,C,,prefix و
ar,expert,وتستمر,attached_conjunction_or_preposition,C,,prefix و
ar,expert,وتعرف,attached_conjunction_or_preposition,C,,prefix و
ar,expert,وتعني,attached_conjunction_or_preposition,C,,prefix و
ar,expert,وتعود,attached_conjunction_or_preposition,C,,prefix و
ar,expert,وتقع,attached_conjunction_or_preposition,C,,prefix و
ar,expert,وتنفيذ,attached_conjunction_or_preposition,C,,prefix و
ar,expert,وتوزيع,attached_conjunction_or_preposition,C,,prefix و
ar,expert,وثلاثين,attached_conjunction_or_preposition,C,,prefix و
ar,expert,وحب,attached_conjunction_or_preposition,C,,prefix و
ar,expert,وحركة,attached_conjunction_or_preposition,C,,prefix و
ar,expert,وحصلت,attached_conjunction_or_preposition,C,,prefix و
ar,expert,وحقق,attached_conjunction_or_preposition,C,,prefix و
ar,expert,وحول,attached_conjunction_or_preposition,C,,prefix و
ar,expert,وحي,attached_conjunction_or_preposition,C,,prefix و
ar,expert,وحياة,attached_conjunction_or_preposition,C,,prefix و
ar,expert,وحيث,attached_conjunction_or_preposition,C,,prefix و
ar,expert,وخارج,attached_conjunction_or_preposition,C,,prefix و
ar,expert,وخدمات,attached_conjunction_or_preposition,C,,prefix و
ar,expert,ودور,attached_conjunction_or_preposition,C,,prefix و
ar,expert,وذهب,attached_conjunction_or_preposition,C,,prefix و
ar,expert,وردة,attached_conjunction_or_preposition,C,,prefix و
ar,expert,ورفض,attached_conjunction_or_preposition,C,,prefix و
ar,expert,وستكون,attached_conjunction_or_preposition,C,,prefix و
ar,expert,وسرعان,attached_conjunction_or_preposition,C,,prefix و
ar,expert,وصار,attached_conjunction_or_preposition,C,,prefix و
ar,expert,وضرب,attached_conjunction_or_preposition,C,,prefix و
ar,expert,وضعف,attached_conjunction_or_preposition,C,,prefix و
ar,expert,وضمان,attached_conjunction_or_preposition,C,,prefix و
ar,expert,وطرق,attached_conjunction_or_preposition,C,,prefix و
ar,expert,وطريقة,attached_conjunction_or_preposition,C,,prefix و
ar,expert,وظهر,attached_conjunction_or_preposition,C,,prefix و
ar,expert,وعليك,attached_conjunction_or_preposition,C,,prefix و
ar,expert,وعين,attached_conjunction_or_preposition,C,,prefix و
ar,expert,وفتح,attached_conjunction_or_preposition,C,,prefix و
ar,expert,وفجأة,attached_conjunction_or_preposition,C,,prefix و
ar,expert,وفلسطين,attached_conjunction_or_preposition,C,,prefix و
ar,expert,وفوق,attached_conjunction_or_preposition,C,,prefix و
ar,expert,وقاموا,attached_conjunction_or_preposition,C,,prefix و
ar,expert,وقطع,attached_conjunction_or_preposition,C,,prefix و
ar,expert,وقوة,attached_conjunction_or_preposition,C,,prefix و
ar,expert,وكتاب,attached_conjunction_or_preposition,C,,prefix و
ar,expert,وكتبت,attached_conjunction_or_preposition,C,,prefix و
ar,expert,وكثير,attached_conjunction_or_preposition,C,,prefix و
ar,expert,وكشف,attached_conjunction_or_preposition,C,,prefix و
ar,expert,وكلما,attached_conjunction_or_preposition,C,,prefix و
ar,expert,وكلمة,attached_conjunction_or_preposition,C,,prefix و
ar,expert,ولبنان,attached_conjunction_or_preposition,C,,prefix و
ar,expert,ولدى,attached_conjunction_or_preposition,C,,prefix و
ar,expert,ولديها,attached_conjunction_or_preposition,C,,prefix و
ar,expert,ولست,attached_conjunction_or_preposition,C,,prefix و
ar,expert,ولك,attached_conjunction_or_preposition,C,,prefix و
ar,expert,ولله,attached_conjunction_or_preposition,C,,prefix و
ar,expert,وليام,not_in_reference_dictionary,C,,
ar,expert,ومات,attached_conjunction_or_preposition,C,,prefix و
ar,expert,ومتى,attached_conjunction_or_preposition,C,,prefix و
ar,expert,ومجلس,attached_conjunction_or_preposition,C,,prefix و
ar,expert,ومدى,attached_conjunction_or_preposition,C,,prefix و
ar,expert,ومراكز,attached_conjunction_or_preposition,C,,prefix و
ar,expert,ومرة,attached_conjunction_or_preposition,C,,prefix و
ar,expert,ومما,attached_conjunction_or_preposition,C,,prefix و
ar,expert,ومناطق,attached_conjunction_or_preposition,C,,prefix و
ar,expert,ومنظمة,attached_conjunction_or_preposition,C,,prefix و
ar,expert,ومهما,attached_conjunction_or_preposition,C,,prefix و
ar,expert,ونظرا,attached_conjunction_or_preposition,C,,prefix و
ar,expert,وهؤلاء,attached_conjunction_or_preposition,C,,prefix و
ar,expert,وو,not_in_reference_dictionary,C,,
ar,expert,ووتش,not_in_reference_dictionary,C,,
ar,expert,ووجدت,attached_conjunction_or_preposition,C,,prefix و
ar,expert,ووزارة,attached_conjunction_or_preposition,C,,prefix و
ar,expert,ووصف,attached_conjunction_or_preposition,C,,prefix و
ar,expert,ويأتي,attached_conjunction_or_preposition,C,,prefix و
ar,expert,ويرجع,attached_conjunction_or_preposition,C,,prefix و
ar,expert,ويرى,attached_conjunction_or_preposition,C,,prefix و
ar,expert,ويصبح,attached_conjunction_or_preposition,C,,prefix و
ar,expert,ويضم,attached_conjunction_or_preposition,C,,prefix و
ar,expert,ويعرف,attached_conjunction_or_preposition,C,,prefix و
ar,expert,ويقال,attached_conjunction_or_preposition,C,,prefix و
ar,expert,ويمكنك,attached_conjunction_or_preposition,C,,prefix و
ar,expert,يليق,not_in_reference_dictionary,C,,
ar,expert,يوفنتوس,not_in_reference_dictionary,C,,
hi,easy,नाक,not_in_reference_dictionary,C,,
hi,medium,एल्बम,not_in_reference_dictionary,C,,
hi,medium,कार्यरत,not_in_reference_dictionary,C,,
hi,medium,दरबार,not_in_reference_dictionary,C,,
hi,medium,मानकर,not_in_reference_dictionary,C,,
hi,medium,श्रृंखला,not_in_reference_dictionary,C,,
hi,hard,अनुप्रस्थ,not_in_reference_dictionary,C,,
hi,hard,अब्दुल्लाह,not_in_reference_dictionary,C,,
hi,hard,अवधारणाओं,not_in_reference_dictionary,C,,
hi,hard,आइटेनीयम,not_in_reference_dictionary,C,,
hi,hard,आईएनएस,not_in_reference_dictionary,C,,
hi,hard,आर्किमिडीज़,not_in_reference_dictionary,C,,
hi,hard,इंडस्ट्रीज,not_in_reference_dictionary,C,,
hi,hard,एक्यूपंक्चर,not_in_reference_dictionary,C,,
hi,hard,एनएचएल,not_in_reference_dictionary,C,,
hi,hard,एल्गोरिथ्म,not_in_reference_dictionary,C,,
hi,hard,कनेक्टिविटी,not_in_reference_dictionary,C,,
hi,hard,कार्यप्रणाली,not_in_reference_dictionary,C,,
hi,hard,कार्यशीलता,not_in_reference_dictionary,C,,
hi,hard,कोलोरेक्टल,not_in_reference_dictionary,C,,
hi,hard,क्रान्तिकारियों,not_in_reference_dictionary,C,,
hi,hard,क्वालिफायर,not_in_reference_dictionary,C,,
hi,hard,क्वालीफायर,not_in_reference_dictionary,C,,
hi,hard,गिटारवादक,not_in_reference_dictionary,C,,
hi,hard,गोल्डबर्ग,not_in_reference_dictionary,C,,
hi,hard,ग्लैडीएटर,not_in_reference_dictionary,C,,
hi,hard,ट्रांसजेंडर,not_in_reference_dictionary,C,,
hi,hard,डेमोक्रेटिक,not_in_reference_dictionary,C,,
hi,hard,डेवलपर्स,not_in_reference_dictionary,C,,
hi,hard,तख्तापलट,not_in_reference_dictionary,C,,
hi,hard,तरंगदैर्घ्य,not_in_reference_dictionary,C,,
hi,hard,तीर्थयात्रियों,not_in_reference_dictionary,C,,
hi,hard,दन्तबल्क,not_in_reference_dictionary,C,,
hi,hard,पेम्बर्टन,not_in_reference_dictionary,C,,
hi,hard,पेरासिटामोल,not_in_reference_dictionary,C,,
hi,hard,प्रतिक्रियाएं,not_in_reference_dictionary,C,,
hi,hard,प्रतिरक्षण,not_in_reference_dictionary,C,,
hi,hard,प्रयोक्ताओं,not_in_reference_dictionary,C,,
hi,hard,प्रयोगकर्ता,not_in_reference_dictionary,C,,
hi,hard,प्रस्तुतियों,not_in_reference_dictionary,C,,
hi,hard,प्रौद्योगिकियों,not_in_reference_dictionary,C,,
hi,hard,प्लेस्टेशन,not_in_reference_dictionary,C,,
hi,hard,फर्ग्यूसन,not_in_reference_dictionary,C,,
hi,hard,फिल्मफेयर,not_in_reference_dictionary,C,,
hi,hard,फ्रैंकफर्ट,not_in_reference_dictionary,C,,
hi,hard,माउंटबेटन,not_in_reference_dictionary,C,,
hi,hard,मैनहट्टन,not_in_reference_dictionary,C,,
hi,hard,यशवंतराव,not_in_reference_dictionary,C,,
hi,hard,रामप्रसाद,not_in_reference_dictionary,C,,
hi,hard,रिचर्डसन,not_in_reference_dictionary,C,,
hi,hard,रेसलमेनिया,not_in_reference_dictionary,C,,
hi,hard,लेम्बोर्गिनी,not_in_reference_dictionary,C,,
hi,hard,वर्त्तमान,not_in_reference_dictionary,C,,
hi,hard,विनचेस्टर,not_in_reference_dictionary,C,,
hi,hard,विमानक्षेत्र,not_in_reference_dictionary,C,,
hi,hard,व्यवस्थाओं,not_in_reference_dictionary,C,,
hi,hard,सन्दर्भित,not_in_reference_dictionary,C,,
hi,hard,समुद्रगुप्त,not_in_reference_dictionary,C,,
hi,hard,सम्प्रदायों,not_in_reference_dictionary,C,,
hi,hard,साउंडट्रैक,not_in_reference_dictionary,C,,
hi,hard,स्टारबक्स,not_in_reference_dictionary,C,,
hi,hard,स्टैनफोर्ड,not_in_reference_dictionary,C,,
hi,hard,स्प्रिंगस्टीन,not_in_reference_dictionary,C,,
hi,hard,स्प्रेडशीट,not_in_reference_dictionary,C,,
hi,hard,हिप्पोकैम्पस,not_in_reference_dictionary,C,,
hi,hard,हेपेटाइटिस,not_in_reference_dictionary,C,,
hi,expert,अंडरन्यूट्रीशन,not_in_reference_dictionary,C,,
hi,expert,अंतःक्रियात्मक,not_in_reference_dictionary,C,,
hi,expert,अंतःप्रकोष्ठिक,not_in_reference_dictionary,C,,
hi,expert,अंतःप्रकोष्ठिका,not_in_reference_dictionary,C,,
hi,expert,अंतःप्रशिक्षण,not_in_reference_dictionary,C,,
hi,expert,अंततःनिस्तारण,not_in_reference_dictionary,C,,
hi,expert,अंतपुष्पकवच,not_in_reference_dictionary,C,,
hi,expert,अंतररष्ट्रीय,not_in_reference_dictionary,C,,
hi,expert,अंतररार्ष्ट्रीय,not_in_reference_dictionary,C,,
hi,expert,अंतरराष्र्टीय,not_in_reference_dictionary,C,,
hi,expert,अंतररास्ट्रीय,not_in_reference_dictionary,C,,
hi,expert,अंतरसहसम्बन्ध,not_in_reference_dictionary,C,,
hi,expert,अंतरिक्षउड़ान,not_in_reference_dictionary,C,,
hi,expert,अंतर्खण्डात्मक,not_in_reference_dictionary,C,,
hi,expert,अंतर्गर्भाशयी,not_in_reference_dictionary,C,,
hi,expert,अंतर्जनपदीय,not_in_reference_dictionary,C,,
hi,expert,अंतर्जनपदोय,not_in_reference_dictionary,C,,
hi,expert,अंतर्द्वन्द्व,not_in_reference_dictionary,C,,
hi,expert,अंतर्निर्भरता,not_in_reference_dictionary,C,,
hi,expert,अंतर्महाद्वीपीय,not_in_reference_dictionary,C,,
hi,expert,अंतर्रग्रहण,not_in_reference_dictionary,C,,
hi,expert,अंतर्राश्ट्रीय,not_in_reference_dictionary,C,,
hi,expert,अंतर्राष्ट्रिय,not_in_reference_dictionary,C,,
hi,expert,अंर्तराष्ट्रीय,not_in_reference_dictionary,C,,
hi,expert,अएक्सिडेनटल,not_in_reference_dictionary,C,,
hi,expert,अकउसमेटीकोईकी,not_in_reference_dictionary,C,,
hi,expert,अकैंथोसाइटोसिस,not_in_reference_dictionary,C,,
hi,expert,अक्तेरिओफगेस,not_in_reference_dictionary,C,,
hi,expert,अक्षरशःपालन,not_in_reference_dictionary,C,,
hi,expert,अखिरोपसीत्तिडे,not_in_reference_dictionary,C,,
hi,expert,अगम्यागमनात्मक,not_in_reference_dictionary,C,,
hi,expert,अगरकस्थानम,not_in_reference_dictionary,C,,
hi,expert,अग्रचर्वणक,not_in_reference_dictionary,C,,
hi,expert,अच्युतरायशर्मा,not_in_reference_dictionary,C,,
hi,expert,अजयप्रियद्रमस,not_in_reference_dictionary,C,,
hi,expert,अज़ीथ्रोमाइसिन,not_in_reference_dictionary,C,,
hi,expert,अटलांटैक्सियल,not_in_reference_dictionary,C,,
hi,expert,अण्डरस्टैण्डिंग,not_in_reference_dictionary,C,,
hi,expert,अतर्राष्ट्रीय,not_in_reference_dictionary,C,,
hi,expert,अतिगलग्रंथिता,not_in_reference_dictionary,C,,
hi,expert,अतिपरवलयज,not_in_reference_dictionary,C,,
hi,expert,अतिप्राचीनकाल,not_in_reference_dictionary,C,,
hi,expert,अतिप्राराम्भिक,not_in_reference_dictionary,C,,
hi,expert,अतिमहत्त्वपूर्ण,not_in_reference_dictionary,C,,
hi,expert,अतिमहत्वपूर्ण,not_in_reference_dictionary,C,,
hi,expert,अतियथार्थवादियों,not_in_reference_dictionary,C,,
hi,expert,अतिसंवेदनशील,not_in_reference_dictionary,C,,
hi,expert,अतिसंवेदनशीलता,not_in_reference_dictionary,C,,
hi,expert,अतिसम्वेदनशीलता,not_in_reference_dictionary,C,,
hi,expert,अत्युक्तिपूर्ण,not_in_reference_dictionary,C,,
hi,expert,अधर्मास्तिकाय,not_in_reference_dictionary,C,,
hi,expert,अधिकरणपत्र,not_in_reference_dictionary,C,,
hi,expert,अधिग्रहणकर्ताओं,not_in_reference_dictionary,C,,
hi,expert,अधोपश्चकपाल,not_in_reference_dictionary,C,,
hi,expert,अध्यक्षमंडल,not_in_reference_dictionary,C,,
hi,expert,अध्यात्मविद्या,not_in_reference_dictionary,C,,
hi,expert,अध्यात्मविषयक,not_in_reference_dictionary,C,,
hi,expert,अध्यात्माध्यान,not_in_reference_dictionary,C,,
hi,expert,अनक्वस्चनेबल,not_in_reference_dictionary,C,,
hi,expert,अनडिस्प्यूटेड,not_in_reference_dictionary,C,,
hi,expert,अनतरराष्ट्रीय,not_in_reference_dictionary,C,,
hi,expert,अनन्तसदाशिव,not_in_reference_dictionary,C,,
hi,expert,अनन्तसूत्रका,not_in_reference_dictionary,C,,
hi,expert,अनन्तसूत्रको,not_in_reference_dictionary,C,,
hi,expert,अनन्तसूत्रपर,not_in_reference_dictionary,C,,
hi,expert,अनशनपूर्वक,not_in_reference_dictionary,C,,
hi,expert,अनसाइक्लोपीडिया,not_in_reference_dictionary,C,,
hi,expert,अनसिंक्रोनाइज़ड,not_in_reference_dictionary,C,,
hi,expert,अनाग्रमाटिस्ट,not_in_reference_dictionary,C,,
hi,expert,अनुक्रमणीकर,not_in_reference_dictionary,C,,
hi,expert,अनुक्रमणीकरण,not_in_reference_dictionary,C,,
hi,expert,अनुप्रयोगात्मक,not_in_reference_dictionary,C,,
hi,expert,अनुप्रासमयता,not_in_reference_dictionary,C,,
hi,expert,अनुमंडलाधिकारी,not_in_reference_dictionary,C,,
hi,expert,अनुयोगद्वारसूत्र,not_in_reference_dictionary,C,,
hi,expert,अनुविधिनिर्माण,not_in_reference_dictionary,C,,
hi,expert,अनुष्ठानपरक,not_in_reference_dictionary,C,,
hi,expert,अनुसंधानकर्ताओं,not_in_reference_dictionary,C,,
hi,expert,अनुसंधानकेंद्र,not_in_reference_dictionary,C,,
hi,expert,अनुसरणकर्ता,not_in_reference_dictionary,C,,
hi,expert,अनुसरप्रेरणावश,not_in_reference_dictionary,C,,
hi,expert,अनेकभाषाकोशकार,not_in_reference_dictionary,C,,
hi,expert,अनेकार्थसमुच्चय,not_in_reference_dictionary,C,,
hi,expert,अन्डरवर्ल्ड,not_in_reference_dictionary,C,,
hi,expert,अन्तःनिरीक्षण,not_in_reference_dictionary,C,,
hi,expert,अन्तरद्वन्द्व,not_in_reference_dictionary,C,,
hi,expert,अन्तरधार्मिक,not_in_reference_dictionary,C,,
hi,expert,अन्तरविषयक,not_in_reference_dictionary,C,,
hi,expert,अन्तरसंकेतपरक,not_in_reference_dictionary,C,,
hi,expert,अन्तरानुशासिक,not_in_reference_dictionary,C,,
hi,expert,अन्तर्क्रियाओं,not_in_reference_dictionary,C,,
hi,expert,अन्तर्जीवविष,not_in_reference_dictionary,C,,
hi,expert,अन्तर्ज्ञानमूलक,not_in_reference_dictionary,C,,
hi,expert,अन्तर्राष्टीय,not_in_reference_dictionary,C,,
hi,expert,अन्तर्सम्बंधित,not_in_reference_dictionary,C,,
hi,expert,अन्तार्रश्त्रिये,not_in_reference_dictionary,C,,
hi,expert,अन्त्यकर्मदीपक,not_in_reference_dictionary,C,,
hi,expert,अन्त्येष्टिकर्ता,not_in_reference_dictionary,C,,
hi,expert,अन्त्रग्रंथन,not_in_reference_dictionary,C,,
hi,expert,अन्नदसम्पलायम,not_in_reference_dictionary,C,,
hi,expert,अन्नपूर्णय्या,not_in_reference_dictionary,C,,
hi,expert,अन्नपूर्णानंद,not_in_reference_dictionary,C,,
hi,expert,अन्नरसयुक्त,not_in_reference_dictionary,C,,
hi,expert,अन्नानगराचरम,not_in_reference_dictionary,C,,
hi,expert,अन्यथाख्यातिवाद,not_in_reference_dictionary,C,,
hi,expert,अन्वेषणकर्ता,not_in_reference_dictionary,C,,
hi,expert,अपक्षयमूलक,not_in_reference_dictionary,C,,
hi,expert,अपद्रव्यभूत,not_in_reference_dictionary,C,,
hi,expert,अपद्रव्यीकरण,not_in_reference_dictionary,C,,
hi,expert,अपरदनात्मक,not_in_reference_dictionary,C,,
hi,expert,अप्रतिस्पर्धी,not_in_reference_dictionary,C,,
hi,expert,अप्रेन्टिसशिप,not_in_reference_dictionary,C,,
hi,expert,अफगानणिस्तान,not_in_reference_dictionary,C,,
hi,expert,अफज़लपूरकर,not_in_reference_dictionary,C,,
hi,expert,अफ्रोसेंट्रिज्म,not_in_reference_dictionary,C,,
hi,expert,अबुद्धिपूर्वक,not_in_reference_dictionary,C,,
hi,expert,अब्दुररहमानोवा,not_in_reference_dictionary,C,,
hi,expert,अब्दुर्ररहीम,not_in_reference_dictionary,C,,
hi,expert,अब्दुर्रहमान,not_in_reference_dictionary,C,,
hi,expert,अब्स्त्रक्ट्स,not_in_reference_dictionary,C,,
hi,expert,अभिज्ञानशाकुन्तल,not_in_reference_dictionary,C,,
hi,expert,अभिधम्मावतार,not_in_reference_dictionary,C,,
hi,expert,अभिप्रेरणात्मक,not_in_reference_dictionary,C,,
hi,expert,अभियन्ताकरण,not_in_reference_dictionary,C,,
hi,expert,अभिव्यक्तिशैली,not_in_reference_dictionary,C,,
hi,expert,अभिव्यक्तीकरण,not_in_reference_dictionary,C,,
hi,expert,अभिव्यञ्जनावाद,not_in_reference_dictionary,C,,
hi,expert,अम्बलाप्पुज्हा,not_in_reference_dictionary,C,,
hi,expert,अयोध्याप्रसाद,not_in_reference_dictionary,C,,
hi,expert,अरुन्मोज्हीवर्मन,not_in_reference_dictionary,C,,
hi,expert,अर्थबोधकपरक,not_in_reference_dictionary,C,,
hi,expert,अर्थवव्यवस्था,not_in_reference_dictionary,C,,
hi,expert,अर्थव्यवस्थाएं,not_in_reference_dictionary,C,,
hi,expert,अर्थव्यवस्थाओं,not_in_reference_dictionary,C,,
hi,expert,अर्थव्य्वस्था,not_in_reference_dictionary,C,,
hi,expert,अर्थव्य्वस्थाएँ,not_in_reference_dictionary,C,,
hi,expert,अर्थषास्त्रयों,not_in_reference_dictionary,C,,
hi,expert,अर्थ्व्यवस्था,not_in_reference_dictionary,C,,
hi,expert,अर्द्धगुम्बद,not_in_reference_dictionary,C,,
hi,expert,अर्द्धचंद्राकार,not_in_reference_dictionary,C,,
hi,expert,अर्द्धविकसित,not_in_reference_dictionary,C,,
hi,expert,अर्द्यकवर्ती,not_in_reference_dictionary,C,,
hi,expert,अर्धचेतनावस्था,not_in_reference_dictionary,C,,
hi,expert,अर्धदीर्घवृत्त,not_in_reference_dictionary,C,,
hi,expert,अर्धसूत्रीविभाजन,not_in_reference_dictionary,C,,
hi,expert,अर्न्तनिर्भरता,not_in_reference_dictionary,C,,
hi,expert,अर्न्तराष्ट्रीय,not_in_reference_dictionary,C,,
hi,expert,अलंकारलक्षण,not_in_reference_dictionary,C,,
hi,expert,अलक्षेन्द्रिया,not_in_reference_dictionary,C,,
hi,expert,अलङ्कारनिर्देश,not_in_reference_dictionary,C,,
hi,expert,अलमनादअल्लाह,not_in_reference_dictionary,C,,
hi,expert,अलिस्केन्दरुना,not_in_reference_dictionary,C,,
hi,expert,अलैहीवस्सल्लम,not_in_reference_dictionary,C,,
hi,expert,अल्टर्निफ्लोरा,not_in_reference_dictionary,C,,
hi,expert,अल्ट्राफिल्टर,not_in_reference_dictionary,C,,
hi,expert,अल्पज्ञानवश,not_in_reference_dictionary,C,,
hi,expert,अल्पशर्करारक्तता,not_in_reference_dictionary,C,,
hi,expert,अल्बुमिनाएड्स,not_in_reference_dictionary,C,,
hi,expert,अल्हम्दुलिल्लाह,not_in_reference_dictionary,C,,
hi,expert,अवंतिसुंदरीकथा,not_in_reference_dictionary,C,,
hi,expert,अवक्रमणयोग्य,not_in_reference_dictionary,C,,
hi,expert,अवधूतप्रकाश,not_in_reference_dictionary,C,,
hi,expert,अवलोकनात्मक,not_in_reference_dictionary,C,,
hi,expert,अवलोकीतेश्वर,not_in_reference_dictionary,C,,
hi,expert,अवसंरचनात्मक,not_in_reference_dictionary,C,,
hi,expert,अवसन्नावस्था,not_in_reference_dictionary,C,,
hi,expert,अवस्थापरिवर्तन,not_in_reference_dictionary,C,,
hi,expert,अविद्याग्रस्त,not_in_reference_dictionary,C,,
hi,expert,अशोकपरवर्ती,not_in_reference_dictionary,C,,
hi,expert,अश्मलोष्टन्याय,not_in_reference_dictionary,C,,
hi,expert,अष्टमंगल्यम,not_in_reference_dictionary,C,,
hi,expert,अष्टांगसग्रंह,not_in_reference_dictionary,C,,
hi,expert,अष्टोत्तरशत,not_in_reference_dictionary,C,,
hi,expert,असफलातापूर्वक,not_in_reference_dictionary,C,,
hi,expert,असहनुभूतिपूर्ण,not_in_reference_dictionary,C,,
hi,expert,असुरक्षाग्रस्त,not_in_reference_dictionary,C,,
hi,expert,अस्तित्वपरक,not_in_reference_dictionary,C,,
hi,expert,अस्त्रशस्त्रों,not_in_reference_dictionary,C,,
hi,expert,अस्थिभंगचिकित्सा,not_in_reference_dictionary,C,,
hi,expert,आंतरकर्णशोथ,not_in_reference_dictionary,C,,
hi,expert,आइएनरजिस्ट्री,not_in_reference_dictionary,C,,
hi,expert,आइसीआइसीआई,not_in_reference_dictionary,C,,
hi,expert,आइसोथियोसाइनेट,not_in_reference_dictionary,C,,
hi,expert,आईआईआईटीडीएम,not_in_reference_dictionary,C,,
hi,expert,आईआरएनएसएस,not_in_reference_dictionary,C,,
hi,expert,आईएनएसईई,not_in_reference_dictionary,C,,
hi,expert,आईएफएफआई,not_in_reference_dictionary,C,,
hi,expert,आईएसआईएल,not_in_reference_dictionary,C,,
hi,expert,आईएसएससीसी,not_in_reference_dictionary,C,,
hi,expert,आईडेनटीफीकाक्यो,not_in_reference_dictionary,C,,
hi,expert,आईवरमेक्टिन,not_in_reference_dictionary,C,,
hi,expert,आईसीडब्ल्यूए,not_in_reference_dictionary,C,,
hi,expert,आक्रमनकारीयो,not_in_reference_dictionary,C,,
hi,expert,आक्सीहीमोग्लोबिन,not_in_reference_dictionary,C,,
hi,expert,आख्यातचन्द्रिका,not_in_reference_dictionary,C,,
hi,expert,आगरान्तर्गत,not_in_reference_dictionary,C,,
hi,expert,आट्रियोवेंटिकुलर,not_in_reference_dictionary,C,,
hi,expert,आत्मचरितपरक,not_in_reference_dictionary,C,,
hi,expert,आत्मजीवनचरित,not_in_reference_dictionary,C,,
hi,expert,आत्मनिर्भरतामूलक,not_in_reference_dictionary,C,,
hi,expert,आत्मपरकताएँ,not_in_reference_dictionary,C,,
hi,expert,आत्मप्रतिपादक,not_in_reference_dictionary,C,,
hi,expert,आत्मविज्ञप्ति,not_in_reference_dictionary,C,,
hi,expert,आत्मसातीकरण,not_in_reference_dictionary,C,,
hi,expert,आत्मसुरक्षित,not_in_reference_dictionary,C,,
hi,expert,आत्मस्वरूपता,not_in_reference_dictionary,C,,
hi,expert,आदित्यवर्धन्,not_in_reference_dictionary,C,,
hi,expert,आदिबुद्धसिद्धांत,not_in_reference_dictionary,C,,
hi,expert,आदिमध्यान्तहीनाय,not_in_reference_dictionary,C,,
hi,expert,आद्यस्पन्दन,not_in_reference_dictionary,C,,
hi,expert,आन्दोलनकारियों,not_in_reference_dictionary,C,,
hi,expert,आपस्तंबधर्मसूत्र,not_in_reference_dictionary,C,,
hi,expert,आपूर्तिकर्ताओं,not_in_reference_dictionary,C,,
hi,expert,आप्टोनेट्रिस्टों,not_in_reference_dictionary,C,,
hi,expert,आफ्टरमार्केट,not_in_reference_dictionary,C,,
hi,expert,आम्बेडकरवादी,not_in_reference_dictionary,C,,
hi,expert,आयुर्वेदजगत,not_in_reference_dictionary,C,,
hi,expert,आयुर्वेदाचार्यों,not_in_reference_dictionary,C,,
hi,expert,आयुर्वेदानुसार,not_in_reference_dictionary,C,,
hi,expert,आयुर्वेदालंकार,not_in_reference_dictionary,C,,
hi,expert,आयुर्वैज्ञानिक,not_in_reference_dictionary,C,,
hi,expert,आरएसएसआउल,not_in_reference_dictionary,C,,
hi,expert,आरडीबीएमएस,not_in_reference_dictionary,C,,
hi,expert,आरण्यकपर्व,not_in_reference_dictionary,C,,
hi,expert,आरम्भकर्ताओं,not_in_reference_dictionary,C,,
hi,expert,आर्किचन्यायतन,not_in_reference_dictionary,C,,
hi,expert,आर्किटेक्चरल,not_in_reference_dictionary,C,,
hi,expert,आर्किप्लास्टिडे,not_in_reference_dictionary,C,,
hi,expert,आर्कीटेक्चरल,not_in_reference_dictionary,C,,
hi,expert,आर्केस्ट्रेशन,not_in_reference_dictionary,C,,
hi,expert,आर्गेनाइज़ेशन्स,not_in_reference_dictionary,C,,
hi,expert,आर्गेनाईजेशन,not_in_reference_dictionary,C,,
hi,expert,आर्चडीओकेसन,not_in_reference_dictionary,C,,
hi,expert,आर्चबिशप्रिक,not_in_reference_dictionary,C,,
hi,expert,आर्द्रतायुक्त,not_in_reference_dictionary,C,,
hi,expert,आर्द्रतावशोषी,not_in_reference_dictionary,C,,
hi,expert,आर्यासप्तशती,not_in_reference_dictionary,C,,
hi,expert,आवश्यकतानुसा,not_in_reference_dictionary,C,,
hi,expert,आवश्यकतापूर्ति,not_in_reference_dictionary,C,,
hi,expert,आविष्कारकर्ताओं,not_in_reference_dictionary,C,,
hi,expert,आश्चर्यमिश्रित,not_in_reference_dictionary,C,,
hi,expert,आश्रमव्यवस्था,not_in_reference_dictionary,C,,
hi,expert,आश्वलायनगृह्य,not_in_reference_dictionary,C,,
hi,expert,आस्चर्यकारक,not_in_reference_dictionary,C,,
hi,expert,आस्ट्रियानरेश,not_in_reference_dictionary,C,,
hi,expert,इंटरकनेक्टेड,not_in_reference_dictionary,C,,
hi,expert,इंटरकनेक्शन,not_in_reference_dictionary,C,,
hi,expert,इंटरकाँन्टिनेंटल,not_in_reference_dictionary,C,,
hi,expert,इंटरकांटिनेंटल,not_in_reference_dictionary,C,,
hi,expert,इंटरकोंटीनेंटल,not_in_reference_dictionary,C,,
hi,expert,इंटरक्रेनिकल,not_in_reference_dictionary,C,,
hi,expert,इंटरनेटवर्किंग,not_in_reference_dictionary,C,,
hi,expert,इंटरप्राइजिज़,not_in_reference_dictionary,C,,
hi,expert,इंटरप्राइसेस,not_in_reference_dictionary,C,,
hi,expert,इंटरवर्टीब्रल,not_in_reference_dictionary,C,,
hi,expert,इंटरवेन्शनल,not_in_reference_dictionary,C,,
hi,expert,इंटर्सेल्यूलर,not_in_reference_dictionary,C,,
hi,expert,इंडोन्यूकलिएस,not_in_reference_dictionary,C,,
hi,expert,इंद्रियानुभववाद,not_in_reference_dictionary,C,,
hi,expert,इंसाइक्लोपीडिया,not_in_reference_dictionary,C,,
hi,expert,इंस्टस्टिट्यूट,not_in_reference_dictionary,C,,
hi,expert,इंस्टिन्क्चुअल,not_in_reference_dictionary,C,,
hi,expert,इंस्ट्रुमेंटेशन,not_in_reference_dictionary,C,,
hi,expert,इकोकार्डियोग्राम,not_in_reference_dictionary,C,,
hi,expert,इक्वलिब्रियम,not_in_reference_dictionary,C,,
hi,expert,इज़्ज़तपूर्वक,not_in_reference_dictionary,C,,
hi,expert,इण्टरमिडिएट,not_in_reference_dictionary,C,,
hi,expert,इण्टरमीडिएट,not_in_reference_dictionary,C,,
hi,expert,इण्डस्ट्रयल,not_in_reference_dictionary,C,,
hi,expert,इण्डस्ट्रियल,not_in_reference_dictionary,C,,
hi,expert,इतरफुफ्फुसीय,not_in_reference_dictionary,C,,
hi,expert,इतिहासप्रसिद्ध,not_in_reference_dictionary,C,,
hi,expert,इतिहासशास्त्र,not_in_reference_dictionary,C,,
hi,expert,इतिहासान्वेषियों,not_in_reference_dictionary,C,,
hi,expert,इनडसट्रिअल,not_in_reference_dictionary,C,,
hi,expert,इनफ्लेक्सिमैब,not_in_reference_dictionary,C,,
hi,expert,इनवर्टीब्रेट,not_in_reference_dictionary,C,,
hi,expert,इनवेस्टीगेशन,not_in_reference_dictionary,C,,
hi,expert,इन्टरमीडियेट,not_in_reference_dictionary,C,,
hi,expert,इन्टरैक्शन्स्,not_in_reference_dictionary,C,,
hi,expert,इन्टरोपेरेबल,not_in_reference_dictionary,C,,
hi,expert,इन्टर्नेशनल,not_in_reference_dictionary,C,,
hi,expert,इन्ड्स्ट्रियल,not_in_reference_dictionary,C,,
hi,expert,इन्तेर्मेदिउस,not_in_reference_dictionary,C,,
hi,expert,इन्दुलेखाकुण्ड,not_in_reference_dictionary,C,,
hi,expert,इन्द्रजीतसिंह,not_in_reference_dictionary,C,,
hi,expert,इन्द्रप्रस्त,not_in_reference_dictionary,C,,
hi,expert,इन्द्रवर्मन्,not_in_reference_dictionary,C,,
hi,expert,इन्द्रियस्थान,not_in_reference_dictionary,C,,
hi,expert,इन्नेर्वतिओन,not_in_reference_dictionary,C,,
hi,expert,इन्फ़्लुएन्शिअल,not_in_reference_dictionary,C,,
hi,expert,इन्लाईटेनमेंट,not_in_reference_dictionary,C,,
hi,expert,इन्वरकारगिल,not_in_reference_dictionary,C,,
hi,expert,इन्वर्टीब्रेट्स,not_in_reference_dictionary,C,,
hi,expert,इन्वेस्टमेंट्स,not_in_reference_dictionary,C,,
hi,expert,इन्वेस्टमेण्ट,not_in_reference_dictionary,C,,
hi,expert,इन्वेस्टिगेशन्स,not_in_reference_dictionary,C,,
hi,expert,इन्वेस्टीगेशन,not_in_reference_dictionary,C,,
hi,expert,इन्स्टिट्यूशन,not_in_reference_dictionary,C,,
hi,expert,इन्स्ट्रक्षनल,not_in_reference_dictionary,C,,
hi,expert,इन्स्ट्रक्षन्स,not_in_reference_dictionary,C,,
hi,expert,इन्हान्समेन्ट,not_in_reference_dictionary,C,,
hi,expert,इपाइनेफ्राइन,not_in_reference_dictionary,C,,
hi,expert,इप्राट्रोपियम,not_in_reference_dictionary,C,,
hi,expert,इमोबिलाइजेशन,not_in_reference_dictionary,C,,
hi,expert,इम्मुनोसप्रेसांट,not_in_reference_dictionary,C,,
hi,expert,इम्मोर्टलिस्ट,not_in_reference_dictionary,C,,
hi,expert,इम्युनोग्लोबुलिन,not_in_reference_dictionary,C,,
hi,expert,इम्युनोसप्रेसिव,not_in_reference_dictionary,C,,
hi,expert,इम्यूनोग्लोबुलिन,not_in_reference_dictionary,C,,
hi,expert,इम्यूनोडिफिशन्सी,not_in_reference_dictionary,C,,
hi,expert,इरिथ्रोमाइसिन,not_in_reference_dictionary,C,,
hi,expert,इरिन्जलाक्कुडा,not_in_reference_dictionary,C,,
hi,expert,इलेक्ट्रोकेमिकल,not_in_reference_dictionary,C,,
hi,expert,इलेक्ट्रोक्युशन,not_in_reference_dictionary,C,,
hi,expert,इलेक्ट्रोटोनिक,not_in_reference_dictionary,C,,
hi,expert,इलेक्ट्रोनिक्स,not_in_reference_dictionary,C,,
hi,expert,इलेक्ट्रोलाइट्स,not_in_reference_dictionary,C,,
hi,expert,इलेक्ट्रोलाइयों,not_in_reference_dictionary,C,,
hi,expert,इलैक्ट्रानिक्स,not_in_reference_dictionary,C,,
hi,expert,इल्लुमिनसायन,not_in_reference_dictionary,C,,
hi,expert,इष्टतमीकरण,not_in_reference_dictionary,C,,
hi,expert,ईएसडब्ल्यूएल,not_in_reference_dictionary,C,,
hi,expert,ईओस्त्रेमोनाथ,not_in_reference_dictionary,C,,
hi,expert,ईश्वरकेंद्रित,not_in_reference_dictionary,C,,
hi,expert,ईश्वरचन्द्र,not_in_reference_dictionary,C,,
hi,expert,ईश्वरप्राणिधान,not_in_reference_dictionary,C,,
hi,expert,ईश्वरशास्त्र,not_in_reference_dictionary,C,,
hi,expert,ईश्वरसाक्षात्कार,not_in_reference_dictionary,C,,
hi,expert,उक्तिचमत्कार,not_in_reference_dictionary,C,,
hi,expert,उच्चरक्तचापरोधी,not_in_reference_dictionary,C,,
hi,expert,उच्चस्तम्ष्ट,not_in_reference_dictionary,C,,
hi,expert,उतपरिवर्तनों,not_in_reference_dictionary,C,,
hi,expert,उत्कलभ्रमण,not_in_reference_dictionary,C,,
hi,expert,उत्कृष्टतापूर्वक,not_in_reference_dictionary,C,,
hi,expert,उत्क्रमभ्रंश,not_in_reference_dictionary,C,,
hi,expert,उत्तमतापूर्वक,not_in_reference_dictionary,C,,
hi,expert,उत्तरपूर्वीय,not_in_reference_dictionary,C,,
hi,expert,उत्तररभारतीय,not_in_reference_dictionary,C,,
hi,expert,उत्तरवर्तियों,not_in_reference_dictionary,C,,
hi,expert,उत्तरविनिश्चय,not_in_reference_dictionary,C,,
hi,expert,उत्तराधिकारियों,not_in_reference_dictionary,C,,
hi,expert,उत्तरायणारम्भ,not_in_reference_dictionary,C,,
hi,expert,उपनिवेशवादियों,not_in_reference_dictionary,C,,
hi,expert,उपन्यासीकरण,not_in_reference_dictionary,C,,
hi,expert,उपयोगकर्ताओं,not_in_reference_dictionary,C,,
hi,expert,एअरक्राफ्ट्स,not_in_reference_dictionary,C,,
hi,expert,एक्सपेंडेबल्स,not_in_reference_dictionary,C,,
hi,expert,एक्सप्लोरेशन,not_in_reference_dictionary,C,,
hi,expert,एक्स्ट्रासोलर,not_in_reference_dictionary,C,,
hi,expert,एनएचएलपीए,not_in_reference_dictionary,C,,
hi,expert,एनएफएचएस,not_in_reference_dictionary,C,,
hi,expert,एनवायरनमेंट,not_in_reference_dictionary,C,,
hi,expert,एनाफाइलैक्सिस,not_in_reference_dictionary,C,,
hi,expert,एसएसआरआई,not_in_reference_dictionary,C,,
hi,expert,एसडब्ल्यूएफ,not_in_reference_dictionary,C,,
hi,expert,एसिम्प्टोमैटिक,not_in_reference_dictionary,C,,
hi,expert,ओस्टियोब्लास्ट,not_in_reference_dictionary,C,,
hi,expert,कम्प्यूटेशनल,not_in_reference_dictionary,C,,
hi,expert,काम्प्य्लोबक्टेर,not_in_reference_dictionary,C,,
hi,expert,कार्यपद्धतियों,not_in_reference_dictionary,C,,
hi,expert,कावेरीपत्तनम,not_in_reference_dictionary,C,,
hi,expert,किण्डरगार्टन,not_in_reference_dictionary,C,,
hi,expert,क्राइस्टचर्च,not_in_reference_dictionary,C,,
hi,expert,क्रिप्टोग्राफिक,not_in_reference_dictionary,C,,
hi,expert,क्लोस्ट्रीडियम,not_in_reference_dictionary,C,,
hi,expert,क्षमाप्रार्थना,not_in_reference_dictionary,C,,
hi,expert,खगोलशास्त्रीय,not_in_reference_dictionary,C,,
hi,expert,गिरधरबहादुर,not_in_reference_dictionary,C,,
hi,expert,गैस्ट्रोएसोफेगल,not_in_reference_dictionary,C,,
hi,expert,ग्रन्थिबन्धन,not_in_reference_dictionary,C,,
hi,expert,चन्द्रवर्मन,not_in_reference_dictionary,C,,
hi,expert,जैवअवक्रमणशीलता,not_in_reference_dictionary,C,,
hi,expert,जैवअवक्रमणीय,not_in_reference_dictionary,C,,
hi,expert,ज्ञानेन्द्रपति,not_in_reference_dictionary,C,,
hi,expert,टेलीकम्युनिकेशन,not_in_reference_dictionary,C,,
hi,expert,ट्युबर्क्युलिन,not_in_reference_dictionary,C,,
hi,expert,ट्रांसक्रिप्शन,not_in_reference_dictionary,C,,
hi,expert,ट्राइग्लिसराइड्स,not_in_reference_dictionary,C,,
hi,expert,ट्राइलोबाइटाओं,not_in_reference_dictionary,C,,
hi,expert,डब्ल्यूडब्ल्यूई,not_in_reference_dictionary,C,,
hi,expert,डब्ल्यूडब्ल्यूएफ,not_in_reference_dictionary,C,,
hi,expert,तंत्रिकासंचारक,not_in_reference_dictionary,C,,
hi,expert,दशरथनन्दन,not_in_reference_dictionary,C,,
hi,expert,दस्तावेजीकरण,not_in_reference_dictionary,C,,
hi,expert,देशभक्तिपूर्ण,not_in_reference_dictionary,C,,
hi,expert,द्वादशलक्षणी,not_in_reference_dictionary,C,,
hi,expert,धर्मशास्त्रियों,not_in_reference_dictionary,C,,
hi,expert,धर्मावलम्बियों,not_in_reference_dictionary,C,,
hi,expert,नवप्रवर्तकों,not_in_reference_dictionary,C,,
hi,expert,नाइट्रोग्लिसरीन,not_in_reference_dictionary,C,,
hi,expert,नागरीप्रचारिणी,not_in_reference_dictionary,C,,
hi,expert,नागार्जुनसागर,not_in_reference_dictionary,C,,
hi,expert,निरंजनपीठाधीश्वर,not_in_reference_dictionary,C,,
hi,expert,निर्णयकर्ताओं,not_in_reference_dictionary,C,,
hi,expert,न्यूक्लियोटाइड,not_in_reference_dictionary,C,,
hi,expert,न्यूट्रास्युटिकल,not_in_reference_dictionary,C,,
hi,expert,पक्षिपटबंधन,not_in_reference_dictionary,C,,
hi,expert,पत्रपत्रिकाओं,not_in_reference_dictionary,C,,
hi,expert,पन्थनिरपेक्ष,not_in_reference_dictionary,C,,
hi,expert,परममाहेश्वर,not_in_reference_dictionary,C,,
hi,expert,परावर्तनीयता,not_in_reference_dictionary,C,,
hi,expert,परिमाणस्वरूप,not_in_reference_dictionary,C,,
hi,expert,परिसम्पत्तियाँ,not_in_reference_dictionary,C,,
hi,expert,परीक्षोत्तीर्ण,not_in_reference_dictionary,C,,
hi,expert,पर्यावरणविद्,not_in_reference_dictionary,C,,
hi,expert,पर्वतश्रेणियाँ,not_in_reference_dictionary,C,,
hi,expert,पाणिनीयदर्शन,not_in_reference_dictionary,C,,
hi,expert,पुनर्नवीनीकरण,not_in_reference_dictionary,C,,
hi,expert,पुनर्निर्देशित,not_in_reference_dictionary,C,,
hi,expert,पुनर्निर्धारित,not_in_reference_dictionary,C,,
hi,expert,पुरातत्त्वविद्,not_in_reference_dictionary,C,,
hi,expert,पुरातत्ववेत्ताओं,not_in_reference_dictionary,C,,
hi,expert,पुरुषोत्तमदास,not_in_reference_dictionary,C,,
hi,expert,पुरुषोत्तमदेव,not_in_reference_dictionary,C,,
hi,expert,पुरूषार्थशून्यता,not_in_reference_dictionary,C,,
hi,expert,पुष्टीकरणपत्र,not_in_reference_dictionary,C,,
hi,expert,प्रकाशविद्युत,not_in_reference_dictionary,C,,
hi,expert,प्रकोष्ठमणिबंध,not_in_reference_dictionary,C,,
hi,expert,प्रतापनारायण,not_in_reference_dictionary,C,,
hi,expert,प्रतिआक्सीकारकों,not_in_reference_dictionary,C,,
hi,expert,प्रतिक्रियाशील,not_in_reference_dictionary,C,,
hi,expert,प्रतिरोधात्मक,not_in_reference_dictionary,C,,
hi,expert,प्रतिस्पर्धाओं,not_in_reference_dictionary,C,,
hi,expert,प्रत्यक्षज्ञान,not_in_reference_dictionary,C,,
hi,expert,प्रदेशाध्यक्ष,not_in_reference_dictionary,C,,
hi,expert,प्रभाकरवर्धन,not_in_reference_dictionary,C,,
hi,expert,प्रशस्तिपत्र,not_in_reference_dictionary,C,,
hi,expert,प्रसारणकर्ता,not_in_reference_dictionary,C,,
hi,expert,प्राप्तकर्ताओं,not_in_reference_dictionary,C,,
hi,expert,प्रेसियोडीमियम,not_in_reference_dictionary,C,,
hi,expert,प्रेस्बिटेरियन,not_in_reference_dictionary,C,,
hi,expert,फार्मास्यूटिकल,not_in_reference_dictionary,C,,
hi,expert,फार्मास्यूटिकल्स,not_in_reference_dictionary,C,,
hi,expert,फ्रैंकनस्टाइन,not_in_reference_dictionary,C,,
hi,expert,बहुउद्देश्यीय,not_in_reference_dictionary,C,,
hi,expert,बहुसंस्कृतिवाद,not_in_reference_dictionary,C,,
hi,expert,बालमनोविज्ञान,not_in_reference_dictionary,C,,
hi,expert,बुद्धिपरीक्षण,not_in_reference_dictionary,C,,
hi,expert,बेंजोडाइजेपाइन,not_in_reference_dictionary,C,,
hi,expert,बेंजोडायजेपाइन,not_in_reference_dictionary,C,,
hi,expert,बेजोडायजेपाइन,not_in_reference_dictionary,C,,
hi,expert,बैंकअमेरिकार्ड,not_in_reference_dictionary,C,,
hi,expert,ब्रोन्किइक्टेसिस,not_in_reference_dictionary,C,,
hi,expert,भविष्यवक्ताओं,not_in_reference_dictionary,C,,
hi,expert,भूमध्यसागरीय,not_in_reference_dictionary,C,,
hi,expert,मंत्रिमण्डलीय,not_in_reference_dictionary,C,,
hi,expert,मद्यनिर्माताओं,not_in_reference_dictionary,C,,
hi,expert,मद्यव्यसनिता,not_in_reference_dictionary,C,,
hi,expert,मध्यकर्णशोथ,not_in_reference_dictionary,C,,
hi,expert,मनोचिकित्सकीय,not_in_reference_dictionary,C,,
hi,expert,मनोविश्लेषणवाद,not_in_reference_dictionary,C,,
hi,expert,मनोस्फूर्तिदायक,not_in_reference_dictionary,C,,
hi,expert,मरुस्थलीकरण,not_in_reference_dictionary,C,,
hi,expert,मस्तिष्कखंडछेदन,not_in_reference_dictionary,C,,
hi,expert,महत्वाकांक्षाओं,not_in_reference_dictionary,C,,
hi,expert,महामण्डलेश्वर,not_in_reference_dictionary,C,,
hi,expert,महावीरप्रसाद,not_in_reference_dictionary,C,,
hi,expert,माइक्रोकर्नल,not_in_reference_dictionary,C,,
hi,expert,माइक्रोग्रैविटी,not_in_reference_dictionary,C,,
hi,expert,माइक्रोप्रोसेसर,not_in_reference_dictionary,C,,
hi,expert,माइटोकाण्ड्रिया,not_in_reference_dictionary,C,,
hi,expert,मुख्यमंत्रित्व,not_in_reference_dictionary,C,,
hi,expert,यथार्थतापूर्वक,not_in_reference_dictionary,C,,
hi,expert,योगदानकर्ताओं,not_in_reference_dictionary,C,,
hi,expert,रक्तशर्कराल्पता,not_in_reference_dictionary,C,,
hi,expert,रामभद्राचार्य,not_in_reference_dictionary,C,,
hi,expert,लक्ष्मणेश्वर,not_in_reference_dictionary,C,,
hi,expert,लक्ष्मीनारायण,not_in_reference_dictionary,C,,
hi,expert,लीसेस्टरशायर,not_in_reference_dictionary,C,,
hi,expert,वनस्पतिविज्ञानी,not_in_reference_dictionary,C,,
hi,expert,विजयराघवगढ़,not_in_reference_dictionary,C,,
hi,expert,विज्ञापनदाताओं,not_in_reference_dictionary,C,,
hi,expert,विद्युच्चुंबकीय,not_in_reference_dictionary,C,,
hi,expert,विद्युद्विश्लेषण,not_in_reference_dictionary,C,,
hi,expert,विश्वविद्याल्य,not_in_reference_dictionary,C,,
hi,expert,विश्वविध्यालय,not_in_reference_dictionary,C,,
hi,expert,विश्वेश्वरइय्याह,not_in_reference_dictionary,C,,
hi,expert,वेस्टमिन्स्टर,not_in_reference_dictionary,C,,
hi,expert,व्यंग्यचित्रण,not_in_reference_dictionary,C,,
hi,expert,व्यतिकरणमापी,not_in_reference_dictionary,C,,
hi,expert,व्युत्क्रमणीय,not_in_reference_dictionary,C,,
hi,expert,शब्दकल्पद्रुम,not_in_reference_dictionary,C,,
hi,expert,शरीरक्रियात्मक,not_in_reference_dictionary,C,,
hi,expert,शासनव्यवस्था,not_in_reference_dictionary,C,,
hi,expert,श्रीकृष्णकीर्तन,not_in_reference_dictionary,C,,
hi,expert,श्रीकृष्णचन्द्र,not_in_reference_dictionary,C,,
hi,expert,श्रीमदभागवत,not_in_reference_dictionary,C,,
hi,expert,श्रीमद्भागवत,not_in_reference_dictionary,C,,
hi,expert,श्रीसर्वेश्वर,not_in_reference_dictionary,C,,
hi,expert,संकल्पनात्मक,not_in_reference_dictionary,C,,
hi,expert,समस्याग्रस्त,not_in_reference_dictionary,C,,
hi,expert,समाकलनात्मक,not_in_reference_dictionary,C,,
hi,expert,समाजशास्त्रियों,not_in_reference_dictionary,C,,
hi,expert,सरस्वतीकण्ठाभरण,not_in_reference_dictionary,C,,
hi,expert,सरस्वतीचंद्र,not_in_reference_dictionary,C,,
hi,expert,सरस्वतीनगर,not_in_reference_dictionary,C,,
hi,expert,सर्वदिशात्मक,not_in_reference_dictionary,C,,
hi,expert,सर्वप्रसिद्ध,not_in_reference_dictionary,C,,
hi,expert,सर्वसत्तावाद,not_in_reference_dictionary,C,,
hi,expert,साक्षात्कारकर्ता,not_in_reference_dictionary,C,,
hi,expert,साहित्यदर्पणकार,not_in_reference_dictionary,C,,
hi,expert,सुब्रह्मण्यम,not_in_reference_dictionary,C,,
hi,expert,स्मोर्गास्बोर्ड,not_in_reference_dictionary,C,,
hi,expert,स्वच्छंदतावाद,not_in_reference_dictionary,C,,
hi,expert,स्वच्छंदतावादी,not_in_reference_dictionary,C,,
hi,expert,स्वतंत्रतावाद,not_in_reference_dictionary,C,,
hi,expert,स्वतंत्रमूलक,not_in_reference_dictionary,C,,
hi,expert,स्वतन्त्रताओं,not_in_reference_dictionary,C,,
hi,expert,स्वप्रतिरक्षी,not_in_reference_dictionary,C,,
hi,expert,स्वागतकर्त्ता,not_in_reference_dictionary,C,,
hi,expert,हैमरस्क्जोंल्ड,not_in_reference_dictionary,C,,
hi,expert,हैल्युसिनेशन्स,not_in_reference_dictionary,C,,
sw,medium,africa,proper_noun,B,,
sw,medium,afrika,proper_noun,B,,
sw,medium,agosti,proper_noun,B,,
sw,medium,amino,wrong_language_english,A,,
sw,medium,aprili,proper_noun,B,,
sw,medium,athira,not_in_reference_dictionary,C,,
sw,medium,black,wrong_language_english,A,,
sw,medium,cross,wrong_language_english,A,,
sw,medium,dengi,wrong_language_other,A,,pl
sw,medium,google,wrong_language_english,A,,
sw,medium,group,wrong_language_english,A,,
sw,medium,homoni,not_in_reference_dictionary,C,,
sw,medium,house,wrong_language_english,A,,
sw,medium,india,proper_noun,B,,
sw,medium,italia,proper_noun,B,,
sw,medium,james,proper_noun,B,,
sw,medium,kiafya,not_in_reference_dictionary,C,,
sw,medium,kristo,proper_noun,B,,
sw,medium,league,wrong_language_english,A,,
sw,medium,misri,proper_noun,B,,
sw,medium,music,wrong_language_english,A,,
sw,medium,oktoba,proper_noun,B,,
sw,medium,rwanda,proper_noun,B,,
sw,medium,school,wrong_language_english,A,,
sw,medium,single,wrong_language_english,A,,
sw,medium,south,wrong_language_english,A,,
sw,medium,spishi,not_in_reference_dictionary,C,,
sw,medium,sudan,proper_noun,B,,
sw,medium,times,wrong_language_english,A,,
sw,medium,uchina,proper_noun,B,,
sw,medium,uishe,not_in_reference_dictionary,C,,
sw,medium,united,wrong_language_english,A,,
sw,medium,usonji,not_in_reference_dictionary,C,,
sw,medium,wavuti,proper_noun,B,,
sw,medium,world,wrong_language_english,A,,
sw,medium,young,wrong_language_english,A,,
sw,hard,academy,wrong_language_english,A,,
sw,hard,albert,proper_noun,B,,
sw,hard,alihitimu,not_in_reference_dictionary,C,,
sw,hard,aliigiza,not_in_reference_dictionary,C,,
sw,hard,alisomea,not_in_reference_dictionary,C,,
sw,hard,alitengeneza,not_in_reference_dictionary,C,,
sw,hard,amecheza,not_in_reference_dictionary,C,,
sw,hard,amerika,proper_noun,B,,
sw,hard,anafahamika,not_in_reference_dictionary,C,,
sw,hard,anagundua,not_in_reference_dictionary,C,,
sw,hard,angahewa,not_in_reference_dictionary,C,,
sw,hard,anthony,proper_noun,B,,
sw,hard,bagamoyo,proper_noun,B,,
sw,hard,barcelona,proper_noun,B,,
sw,hard,bob,wrong_language_english,A,,
sw,hard,botswana,proper_noun,B,,
sw,hard,boys,wrong_language_english,A,,
sw,hard,brazili,not_in_reference_dictionary,C,,
sw,hard,carl,proper_noun,B,,
sw,hard,chelsea,proper_noun,B,,
sw,hard,christian,wrong_language_english,A,,
sw,hard,college,wrong_language_english,A,,
sw,hard,company,wrong_language_english,A,,
sw,hard,congress,wrong_language_english,A,,
sw,hard,desemba,proper_noun,B,,
sw,hard,diamond,wrong_language_english,A,,
sw,hard,dopamini,not_in_reference_dictionary,C,,
sw,hard,england,proper_noun,B,,
sw,hard,entertainment,wrong_language_english,A,,
sw,hard,februari,proper_noun,B,,
sw,hard,frank,wrong_language_english,A,,
sw,hard,gaza,proper_noun,B,,
sw,hard,gluteni,not_in_reference_dictionary,C,,
sw,hard,henry,proper_noun,B,,
sw,hard,hidrojeni,not_in_reference_dictionary,C,,
sw,hard,huhusisha,not_in_reference_dictionary,C,,
sw,hard,ian,proper_noun,B,,
sw,hard,icrc,not_in_reference_dictionary,C,,
sw,hard,inflamesheni,not_in_reference_dictionary,C,,
sw,hard,insulini,not_in_reference_dictionary,C,,
sw,hard,intanet,not_in_reference_dictionary,C,,
sw,hard,ireland,proper_noun,B,,
sw,hard,iso,abbreviation_or_noise,A,,
sw,hard,jamaika,proper_noun,B,,
sw,hard,jay,wrong_language_english,A,,
sw,hard,jean,wrong_language_english,A,,
sw,hard,jotoridi,not_in_reference_dictionary,C,,
sw,hard,kaisari,proper_noun,B,,
sw,hard,kampasi,not_in_reference_dictionary,C,,
sw,hard,kanumba,not_in_reference_dictionary,C,,
sw,hard,kiafrika,proper_noun,B,,
sw,hard,kifinisterre,not_in_reference_dictionary,C,,
sw,hard,kigiriki,proper_noun,B,,
sw,hard,kijapani,proper_noun,B,,
sw,hard,kikainji,not_in_reference_dictionary,C,,
sw,hard,kikemia,not_in_reference_dictionary,C,,
sw,hard,kikwa,not_in_reference_dictionary,C,,
sw,hard,kilatini,proper_noun,B,,
sw,hard,kimalagasy,not_in_reference_dictionary,C,,
sw,hard,kuiita,not_in_reference_dictionary,C,,
sw,hard,leone,proper_noun,B,,
sw,hard,louis,proper_noun,B,,
sw,hard,makundinyota,not_in_reference_dictionary,C,,
sw,hard,malcolm,proper_noun,B,,
sw,hard,matiba,not_in_reference_dictionary,C,,
sw,hard,merika,not_in_reference_dictionary,C,,
sw,hard,metaboli,wrong_language_other,A,,pl
sw,hard,mohammed,proper_noun,B,,
sw,hard,molekuli,not_in_reference_dictionary,C,,
sw,hard,mombasa,proper_noun,B,,
sw,hard,morogoro,proper_noun,B,,
sw,hard,msumbiji,proper_noun,B,,
sw,hard,mtemvu,not_in_reference_dictionary,C,,
sw,hard,nehemia,not_in_reference_dictionary,C,,
sw,hard,neuroni,not_in_reference_dictionary,C,,
sw,hard,nobel,proper_noun,B,,
sw,hard,novemba,proper_noun,B,,
sw,hard,nususpishi,not_in_reference_dictionary,C,,
sw,hard,nusutufe,not_in_reference_dictionary,C,,
sw,hard,obiti,not_in_reference_dictionary,C,,
sw,hard,orchestra,wrong_language_english,A,,
sw,hard,patrick,proper_noun,B,,
sw,hard,pijini,not_in_reference_dictionary,C,,
sw,hard,plateau,wrong_language_english,A,,
sw,hard,records,wrong_language_english,A,,
sw,hard,sar,proper_noun,B,,
sw,hard,septemba,proper_noun,B,,
sw,hard,shane,proper_noun,B,,
sw,hard,shaykh,not_in_reference_dictionary,C,,
sw,hard,sierra,wrong_language_english,A,,
sw,hard,steroidi,not_in_reference_dictionary,C,,
sw,hard,steve,proper_noun,B,,
sw,hard,susan,proper_noun,B,,
sw,hard,sydney,proper_noun,B,,
sw,hard,sylar,not_in_reference_dictionary,C,,
sw,hard,syria,proper_noun,B,,
sw,hard,tamthiliya,not_in_reference_dictionary,C,,
sw,hard,tarakilishi,not_in_reference_dictionary,C,,
sw,hard,taylor,proper_noun,B,,
sw,hard,teolojia,not_in_reference_dictionary,C,,
sw,hard,tergat,not_in_reference_dictionary,C,,
sw,hard,togo,proper_noun,B,,
sw,hard,ufaransa,proper_noun,B,,
sw,hard,uhusika,not_in_reference_dictionary,C,,
sw,hard,ujapani,proper_noun,B,,
sw,hard,uropa,not_in_reference_dictionary,C,,
sw,hard,us,wrong_language_english,A,,
sw,hard,usangu,not_in_reference_dictionary,C,,
sw,hard,uswidi,not_in_reference_dictionary,C,,
sw,hard,uturuki,proper_noun,B,,
sw,hard,villa,wrong_language_english,A,,
sw,hard,vipokezi,not_in_reference_dictionary,C,,
sw,hard,waafrika,proper_noun,B,,
sw,hard,wagiriki,proper_noun,B,,
sw,hard,waitalia,not_in_reference_dictionary,C,,
sw,hard,wallace,proper_noun,B,,
sw,hard,walter,proper_noun,B,,
sw,hard,wamisri,proper_noun,B,,
sw,hard,wanaokalia,not_in_reference_dictionary,C,,
sw,hard,wanasaikolojia,not_in_reference_dictionary,C,,
sw,hard,wapare,not_in_reference_dictionary,C,,
sw,hard,warner,proper_noun,B,,
sw,hard,watutsi,proper_noun,B,,
sw,hard,wenger,not_in_reference_dictionary,C,,
sw,hard,yakobo,proper_noun,B,,
sw,hard,yoh,abbreviation_or_noise,A,,
sw,hard,youtube,not_in_reference_dictionary,C,,
sw,hard,zealand,proper_noun,B,,
sw,hard,zimbabwe,proper_noun,B,,
sw,hard,zinabaki,not_in_reference_dictionary,C,,
sw,hard,zopa,wrong_language_other,A,,es
sw,hard,zosta,not_in_reference_dictionary,C,,
sw,expert,akajiunga,not_in_reference_dictionary,C,,
sw,expert,alichunguza,not_in_reference_dictionary,C,,
sw,expert,alirekodi,not_in_reference_dictionary,C,,
sw,expert,aliwakilisha,not_in_reference_dictionary,C,,
sw,expert,anaphylaxis,not_in_reference_dictionary,C,,
sw,expert,antibiotiki,not_in_reference_dictionary,C,,
sw,expert,association,wrong_language_english,A,,
sw,expert,dawamfadhaiko,not_in_reference_dictionary,C,,
sw,expert,development,wrong_language_english,A,,
sw,expert,estrojeni,not_in_reference_dictionary,C,,
sw,expert,foundation,wrong_language_english,A,,
sw,expert,hemoroidi,not_in_reference_dictionary,C,,
sw,expert,huhusishwa,not_in_reference_dictionary,C,,
sw,expert,hupendekezwa,not_in_reference_dictionary,C,,
sw,expert,ilihesabiwa,not_in_reference_dictionary,C,,
sw,expert,ilitoweka,not_in_reference_dictionary,C,,
sw,expert,ilizinduliwa,not_in_reference_dictionary,C,,
sw,expert,imehesabiwa,not_in_reference_dictionary,C,,
sw,expert,imekadiriwa,not_in_reference_dictionary,C,,
sw,expert,imeongozwa,not_in_reference_dictionary,C,,
sw,expert,inayomaanisha,not_in_reference_dictionary,C,,
sw,expert,international,wrong_language_english,A,,
sw,expert,isiyojulikana,not_in_reference_dictionary,C,,
sw,expert,johannesburg,proper_noun,B,,
sw,expert,kibayolojia,not_in_reference_dictionary,C,,
sw,expert,kidemokrasia,not_in_reference_dictionary,C,,
sw,expert,kifaransa,proper_noun,B,,
sw,expert,kihispania,proper_noun,B,,
sw,expert,kijenetiki,not_in_reference_dictionary,C,,
sw,expert,kijiografia,not_in_reference_dictionary,C,,
sw,expert,kilimanjaro,proper_noun,B,,
sw,expert,kimatibabu,not_in_reference_dictionary,C,,
sw,expert,kinyuklia,not_in_reference_dictionary,C,,
sw,expert,kisababishi,not_in_reference_dictionary,C,,
sw,expert,kisovyeti,not_in_reference_dictionary,C,,
sw,expert,kiteknolojia,not_in_reference_dictionary,C,,
sw,expert,kromosomu,not_in_reference_dictionary,C,,
sw,expert,kufungana,not_in_reference_dictionary,C,,
sw,expert,kujiuzulu,not_in_reference_dictionary,C,,
sw,expert,kundinyota,not_in_reference_dictionary,C,,
sw,expert,lilijulikana,not_in_reference_dictionary,C,,
sw,expert,linalomaanisha,not_in_reference_dictionary,C,,
sw,expert,meninjitisi,not_in_reference_dictionary,C,,
sw,expert,michakato,not_in_reference_dictionary,C,,
sw,expert,monasteri,not_in_reference_dictionary,C,,
sw,expert,mshambuliaji,not_in_reference_dictionary,C,,
sw,expert,mtandaoni,not_in_reference_dictionary,C,,
sw,expert,muigizaji,not_in_reference_dictionary,C,,
sw,expert,parimatch,not_in_reference_dictionary,C,,
sw,expert,penisilini,not_in_reference_dictionary,C,,
sw,expert,secondary,wrong_language_english,A,,
sw,expert,serotonini,not_in_reference_dictionary,C,,
sw,expert,skizofrenia,not_in_reference_dictionary,C,,
sw,expert,sklerosisi,not_in_reference_dictionary,C,,
sw,expert,television,wrong_language_english,A,,
sw,expert,uainishaji,not_in_reference_dictionary,C,,
sw,expert,uhispania,proper_noun,B,,
sw,expert,uingereza,proper_noun,B,,
sw,expert,ujerumani,proper_noun,B,,
sw,expert,ulichezwa,not_in_reference_dictionary,C,,
sw,expert,unaoendelea,not_in_reference_dictionary,C,,
sw,expert,university,wrong_language_english,A,,
sw,expert,utendakazi,not_in_reference_dictionary,C,,
sw,expert,ventrikali,not_in_reference_dictionary,C,,
sw,expert,viumbehai,not_in_reference_dictionary,C,,
sw,expert,wafaransa,proper_noun,B,,
sw,expert,wahispania,not_in_reference_dictionary,C,,
sw,expert,wajerumani,proper_noun,B,,
sw,expert,wakapuchini,not_in_reference_dictionary,C,,
sw,expert,wakosoaji,not_in_reference_dictionary,C,,
sw,expert,wanamigambo,not_in_reference_dictionary,C,,
sw,expert,wanasayansi,not_in_reference_dictionary,C,,
sw,expert,wikipedia,proper_noun,B,,
sw,expert,zinazoitwa,not_in_reference_dictionary,C,,
