lang,word,tier,pos,class,evidence,date
en,el,easy,623,proper_noun,,2026-10-07
en,os,easy,655,proper_noun,,2026-10-07
en,leo,easy,716,proper_noun,,2026-10-07
en,ben,easy,739,proper_noun,,2026-10-07
en,india,medium,240,proper_noun,,2026-10-07
en,paris,medium,346,proper_noun,,2026-10-07
en,machiavellian,expert,30,proper_noun,,2026-10-07
es,chile,medium,253,proper_noun,,2026-10-07
es,world,medium,628,proper_noun,,2026-10-07
es,felipe,medium,702,proper_noun,,2026-10-07
es,michael,medium,722,proper_noun,,2026-10-07
es,pérez,medium,726,proper_noun,,2026-10-07
es,daniel,medium,731,proper_noun,,2026-10-07
es,fernández,medium,732,proper_noun,,2026-10-07
es,inglaterra,medium,734,proper_noun,,2026-10-07
es,sub,medium,760,wrong_language_english,,2026-10-07
es,ana,medium,762,proper_noun,,2026-10-07
es,guatemala,medium,773,proper_noun,,2026-10-07
es,cataluña,medium,784,proper_noun,,2026-10-07
es,rafael,medium,796,proper_noun,,2026-10-07
es,israel,medium,809,proper_noun,,2026-10-07
es,iv,medium,823,wrong_language_english,,2026-10-07
es,martínez,medium,825,proper_noun,,2026-10-07
es,co,medium,836,wrong_language_english,,2026-10-07
es,mario,medium,842,proper_noun,,2026-10-07
es,washington,medium,850,proper_noun,,2026-10-07
es,bogotá,medium,851,proper_noun,,2026-10-07
es,brócoli,hard,10,wrong_language_other,pt,2026-10-07
es,records,hard,626,wrong_language_english,,2026-10-07
es,company,hard,668,wrong_language_english,,2026-10-07
es,netflix,hard,798,proper_noun,,2026-10-07
es,podia,hard,804,misspelled_missing_diacritic,P11 duplicate of podía,2026-10-07
es,taylor,hard,819,proper_noun,,2026-10-07
es,tokio,hard,821,proper_noun,,2026-10-07
es,charlie,hard,842,wrong_language_english,,2026-10-07
es,lara,hard,876,proper_noun,,2026-10-07
es,marcelo,hard,882,proper_noun,,2026-10-07
es,muñoz,hard,886,proper_noun,,2026-10-07
es,álvarez,hard,932,proper_noun,,2026-10-07
es,andrea,hard,936,proper_noun,,2026-10-07
es,cartagena,hard,947,proper_noun,,2026-10-07
es,chiapas,hard,952,proper_noun,,2026-10-07
es,edward,hard,970,proper_noun,,2026-10-07
es,eric,hard,974,proper_noun,,2026-10-07
es,héctor,hard,984,proper_noun,,2026-10-07
es,janeiro,hard,987,proper_noun,,2026-10-07
es,juana,hard,988,proper_noun,,2026-10-07
es,lol,hard,996,proper_noun,,2026-10-07
es,may,hard,997,wrong_language_english,,2026-10-07
es,paco,hard,1002,proper_noun,,2026-10-07
es,roger,hard,1018,proper_noun,,2026-10-07
es,victor,hard,1033,wrong_language_english,,2026-10-07
es,viii,hard,1034,wrong_language_english,,2026-10-07
es,adam,hard,1038,proper_noun,,2026-10-07
es,alicia,hard,1044,proper_noun,,2026-10-07
es,cristóbal,hard,1060,proper_noun,,2026-10-07
es,fi,hard,1085,wrong_language_other,fr,2026-10-07
es,irak,hard,1096,proper_noun,,2026-10-07
es,open,hard,1111,wrong_language_english,,2026-10-07
es,ray,hard,1125,wrong_language_english,,2026-10-07
es,aguirre,hard,1146,proper_noun,,2026-10-07
es,farc,hard,1177,proper_noun,,2026-10-07
es,messi,hard,1196,proper_noun,,2026-10-07
es,papi,hard,1203,proper_noun,,2026-10-07
es,xvii,hard,1232,wrong_language_english,,2026-10-07
es,boston,hard,1247,proper_noun,,2026-10-07
es,ernesto,hard,1272,proper_noun,,2026-10-07
es,ford,hard,1283,proper_noun,,2026-10-07
es,nelson,hard,1315,wrong_language_english,,2026-10-07
es,ortiz,hard,1321,proper_noun,,2026-10-07
es,policia,hard,1327,misspelled_missing_diacritic,P11 duplicate of policía,2026-10-07
es,uds,hard,1351,abbreviation_or_noise,,2026-10-07
es,blue,hard,1368,wrong_language_english,,2026-10-07
es,félix,hard,1422,proper_noun,,2026-10-07
es,guadalupe,hard,1427,proper_noun,,2026-10-07
es,guayaquil,hard,1428,proper_noun,,2026-10-07
es,johnson,hard,1434,proper_noun,,2026-10-07
es,master,hard,1439,wrong_language_english,,2026-10-07
es,not,hard,1446,wrong_language_english,,2026-10-07
es,pelicula,hard,1451,misspelled_missing_diacritic,P11 duplicate of película,2026-10-07
es,samuel,hard,1465,proper_noun,,2026-10-07
es,air,hard,1480,wrong_language_english,,2026-10-07
es,batman,hard,1485,wrong_language_english,,2026-10-07
es,elizabeth,hard,1504,proper_noun,,2026-10-07
es,jonathan,hard,1521,proper_noun,,2026-10-07
es,line,hard,1522,wrong_language_english,,2026-10-07
es,márquez,hard,1527,proper_noun,,2026-10-07
es,unica,hard,1562,misspelled_missing_diacritic,P11 duplicate of única,2026-10-07
es,white,hard,1573,wrong_language_english,,2026-10-07
es,zamora,hard,1574,proper_noun,,2026-10-07
es,ac,hard,1577,wrong_language_english,,2026-10-07
es,américas,hard,1587,proper_noun,,2026-10-07
es,atras,hard,1591,misspelled_missing_diacritic,P11 duplicate of atrás,2026-10-07
es,austria,hard,1593,proper_noun,,2026-10-07
es,ix,hard,1638,wrong_language_english,,2026-10-07
es,miller,hard,1642,wrong_language_english,,2026-10-07
es,rubén,hard,1671,proper_noun,,2026-10-07
es,usd,hard,1679,abbreviation_or_noise,,2026-10-07
es,wilson,hard,1685,proper_noun,,2026-10-07
es,álvaro,hard,1686,proper_noun,,2026-10-07
es,amazon,hard,1692,wrong_language_english,,2026-10-07
es,atencion,hard,1695,misspelled_missing_diacritic,P11 duplicate of atención,2026-10-07
es,bélgica,hard,1700,proper_noun,,2026-10-07
es,iván,hard,1739,proper_noun,,2026-10-07
es,omar,hard,1751,proper_noun,,2026-10-07
es,saint,hard,1775,proper_noun,,2026-10-07
es,sofía,hard,1783,proper_noun,,2026-10-07
es,unam,hard,1789,wrong_language_other,pt,2026-10-07
es,vázquez,hard,1799,proper_noun,,2026-10-07
es,andrew,hard,1804,proper_noun,,2026-10-07
es,arthur,hard,1806,proper_noun,,2026-10-07
es,comun,hard,1827,misspelled_missing_diacritic,P11 duplicate of común,2026-10-07
es,em,hard,1854,wrong_language_english,,2026-10-07
es,il,hard,1872,wrong_language_other,fr,2026-10-07
es,joan,hard,1876,proper_noun,,2026-10-07
es,julián,hard,1877,proper_noun,,2026-10-07
es,maldonado,hard,1886,proper_noun,,2026-10-07
es,marie,hard,1887,proper_noun,,2026-10-07
es,men,hard,1890,wrong_language_english,,2026-10-07
es,ranking,hard,1910,wrong_language_english,,2026-10-07
es,samsung,hard,1923,proper_noun,,2026-10-07
es,valentín,hard,1936,proper_noun,,2026-10-07
es,christian,hard,1961,wrong_language_english,,2026-10-07
es,otorrinolaringólogo,expert,35,wrong_language_other,pt,2026-10-07
es,stark,expert,800,wrong_language_english,,2026-10-07
es,stewart,expert,801,proper_noun,,2026-10-07
es,studio,expert,802,wrong_language_english,,2026-10-07
es,system,expert,804,wrong_language_english,,2026-10-07
es,teruel,expert,809,proper_noun,,2026-10-07
es,think,expert,810,wrong_language_english,,2026-10-07
es,und,expert,812,wrong_language_other,de,2026-10-07
es,vision,expert,818,wrong_language_english,,2026-10-07
es,vox,expert,819,wrong_language_other,fr,2026-10-07
es,yolanda,expert,820,proper_noun,,2026-10-07
es,zombies,expert,821,wrong_language_english,,2026-10-07
es,zoom,expert,822,wrong_language_english,,2026-10-07
es,act,expert,834,wrong_language_english,,2026-10-07
es,antofagasta,expert,840,proper_noun,,2026-10-07
es,articulos,expert,845,misspelled_missing_diacritic,P11 duplicate of artículos,2026-10-07
es,bryan,expert,861,proper_noun,,2026-10-07
es,cancion,expert,866,misspelled_missing_diacritic,P11 duplicate of canción,2026-10-07
es,chang,expert,877,proper_noun,,2026-10-07
es,cne,expert,880,wrong_language_other,pl,2026-10-07
es,codigo,expert,881,misspelled_missing_diacritic,P11 duplicate of código,2026-10-07
es,detroit,expert,903,proper_noun,,2026-10-07
es,envio,expert,915,misspelled_missing_diacritic,P11 duplicate of envió,2026-10-07
es,epoca,expert,917,misspelled_missing_diacritic,P11 duplicate of época,2026-10-07
es,feb,expert,924,proper_noun,,2026-10-07
es,god,expert,935,wrong_language_english,,2026-10-07
es,great,expert,937,wrong_language_english,,2026-10-07
es,guardian,expert,939,wrong_language_english,,2026-10-07
es,hacker,expert,943,wrong_language_english,,2026-10-07
es,henri,expert,947,proper_noun,,2026-10-07
es,higgins,expert,948,proper_noun,,2026-10-07
es,jake,expert,963,proper_noun,,2026-10-07
es,jamie,expert,964,proper_noun,,2026-10-07
es,jenny,expert,965,wrong_language_english,,2026-10-07
es,laptop,expert,968,wrong_language_english,,2026-10-07
es,last,expert,969,wrong_language_english,,2026-10-07
es,make,expert,978,wrong_language_english,,2026-10-07
es,management,expert,979,wrong_language_english,,2026-10-07
es,mickey,expert,991,wrong_language_english,,2026-10-07
es,mill,expert,994,wrong_language_english,,2026-10-07
es,mit,expert,995,wrong_language_other,fr,2026-10-07
es,nilo,expert,1006,wrong_language_other,pt,2026-10-07
es,nu,expert,1007,wrong_language_english,,2026-10-07
es,run,expert,1051,wrong_language_english,,2026-10-07
es,say,expert,1055,wrong_language_english,,2026-10-07
es,seran,expert,1058,misspelled_missing_diacritic,P11 duplicate of serán,2026-10-07
es,server,expert,1059,wrong_language_english,,2026-10-07
es,silvio,expert,1060,proper_noun,,2026-10-07
es,sisi,expert,1061,wrong_language_other,sw,2026-10-07
es,southern,expert,1062,wrong_language_english,,2026-10-07
es,spa,expert,1063,wrong_language_english,,2026-10-07
es,stefan,expert,1064,proper_noun,,2026-10-07
es,surf,expert,1069,wrong_language_english,,2026-10-07
es,wade,expert,1078,wrong_language_english,,2026-10-07
es,zombie,expert,1079,wrong_language_english,,2026-10-07
es,association,expert,1105,wrong_language_english,,2026-10-07
es,aurelio,expert,1109,proper_noun,,2026-10-07
es,aver,expert,1111,wrong_language_english,,2026-10-07
es,belgrado,expert,1114,proper_noun,,2026-10-07
es,chao,expert,1124,wrong_language_other,sw,2026-10-07
es,cover,expert,1154,wrong_language_english,,2026-10-07
es,elvira,expert,1178,proper_noun,,2026-10-07
es,evans,expert,1189,proper_noun,,2026-10-07
es,ezequiel,expert,1194,proper_noun,,2026-10-07
es,fabio,expert,1195,proper_noun,,2026-10-07
es,friends,expert,1199,wrong_language_english,,2026-10-07
es,gibraltar,expert,1204,proper_noun,,2026-10-07
es,hannah,expert,1206,proper_noun,,2026-10-07
es,harvey,expert,1207,proper_noun,,2026-10-07
es,holmes,expert,1208,proper_noun,,2026-10-07
es,kai,expert,1223,proper_noun,,2026-10-07
es,ko,expert,1224,wrong_language_other,fr,2026-10-07
es,leonor,expert,1227,proper_noun,,2026-10-07
es,lloyd,expert,1230,proper_noun,,2026-10-07
es,loreto,expert,1232,proper_noun,,2026-10-07
es,marcela,expert,1236,proper_noun,,2026-10-07
es,melissa,expert,1238,proper_noun,,2026-10-07
es,muhammad,expert,1244,proper_noun,,2026-10-07
es,nathan,expert,1246,proper_noun,,2026-10-07
es,only,expert,1253,wrong_language_english,,2026-10-07
es,picasso,expert,1268,proper_noun,,2026-10-07
es,puig,expert,1279,proper_noun,,2026-10-07
es,rally,expert,1283,wrong_language_english,,2026-10-07
es,sandy,expert,1301,wrong_language_english,,2026-10-07
es,site,expert,1305,wrong_language_english,,2026-10-07
es,tech,expert,1322,wrong_language_english,,2026-10-07
es,yugoslavia,expert,1333,proper_noun,,2026-10-07
es,ángela,expert,1335,proper_noun,,2026-10-07
es,antillas,expert,1357,proper_noun,,2026-10-07
es,axel,expert,1363,proper_noun,,2026-10-07
es,barack,expert,1366,proper_noun,,2026-10-07
es,basket,expert,1367,wrong_language_english,,2026-10-07
es,bull,expert,1371,wrong_language_english,,2026-10-07
es,bustamante,expert,1373,proper_noun,,2026-10-07
es,cyrus,expert,1398,proper_noun,,2026-10-07
es,derek,expert,1400,proper_noun,,2026-10-07
es,estocolmo,expert,1427,proper_noun,,2026-10-07
es,europe,expert,1428,proper_noun,,2026-10-07
es,fake,expert,1434,wrong_language_english,,2026-10-07
es,folklore,expert,1441,wrong_language_english,,2026-10-07
es,gandhi,expert,1444,proper_noun,,2026-10-07
es,heroes,expert,1451,wrong_language_english,,2026-10-07
es,hudson,expert,1452,proper_noun,,2026-10-07
es,indie,expert,1459,wrong_language_english,,2026-10-07
es,jordania,expert,1468,proper_noun,,2026-10-07
es,kansas,expert,1469,proper_noun,,2026-10-07
es,maurice,expert,1479,proper_noun,,2026-10-07
es,oficialista,expert,1487,wrong_language_other,pt,2026-10-07
es,platón,expert,1500,proper_noun,,2026-10-07
es,revolucion,expert,1524,misspelled_missing_diacritic,P11 duplicate of revolución,2026-10-07
es,roosevelt,expert,1528,proper_noun,,2026-10-07
es,schmidt,expert,1530,proper_noun,,2026-10-07
es,simpsons,expert,1534,proper_noun,,2026-10-07
es,solucion,expert,1535,misspelled_missing_diacritic,P11 duplicate of solución,2026-10-07
es,sophie,expert,1537,proper_noun,,2026-10-07
es,spot,expert,1539,wrong_language_english,,2026-10-07
es,take,expert,1549,wrong_language_english,,2026-10-07
es,traves,expert,1559,misspelled_missing_diacritic,P11 duplicate of través,2026-10-07
es,urquiza,expert,1564,proper_noun,,2026-10-07
es,alegria,expert,1580,misspelled_missing_diacritic,P11 duplicate of alegría,2026-10-07
es,aquino,expert,1586,proper_noun,,2026-10-07
es,baltimore,expert,1598,proper_noun,,2026-10-07
es,beatles,expert,1600,proper_noun,,2026-10-07
es,bielorrusia,expert,1601,proper_noun,,2026-10-07
es,brenda,expert,1603,proper_noun,,2026-10-07
es,cash,expert,1608,wrong_language_english,,2026-10-07
es,challenge,expert,1617,wrong_language_english,,2026-10-07
es,change,expert,1618,wrong_language_english,,2026-10-07
es,clarke,expert,1622,proper_noun,,2026-10-07
es,cohen,expert,1623,proper_noun,,2026-10-07
es,comunicacion,expert,1627,misspelled_missing_diacritic,P11 duplicate of comunicación,2026-10-07
es,dea,expert,1637,wrong_language_other,sw,2026-10-07
es,eslovenia,expert,1661,proper_noun,,2026-10-07
es,fernanda,expert,1669,proper_noun,,2026-10-07
es,ibiza,expert,1682,proper_noun,,2026-10-07
es,jacobo,expert,1691,wrong_language_other,pt,2026-10-07
es,josep,expert,1692,proper_noun,,2026-10-07
es,joshua,expert,1693,proper_noun,,2026-10-07
es,lane,expert,1695,wrong_language_english,,2026-10-07
es,manu,expert,1702,wrong_language_other,fr,2026-10-07
es,marilyn,expert,1703,proper_noun,,2026-10-07
es,mass,expert,1704,wrong_language_english,,2026-10-07
es,maximiliano,expert,1705,wrong_language_other,pt,2026-10-07
es,mohamed,expert,1711,proper_noun,,2026-10-07
es,multi,expert,1715,wrong_language_english,,2026-10-07
es,murio,expert,1717,misspelled_missing_diacritic,P11 duplicate of murió,2026-10-07
es,oil,expert,1724,wrong_language_english,,2026-10-07
es,olvidate,expert,1726,misspelled_missing_diacritic,P11 duplicate of olvídate,2026-10-07
es,palmer,expert,1728,proper_noun,,2026-10-07
es,pearl,expert,1734,wrong_language_english,,2026-10-07
es,politico,expert,1742,wrong_language_english,,2026-10-07
es,prince,expert,1745,wrong_language_english,,2026-10-07
es,principe,expert,1746,misspelled_missing_diacritic,P11 duplicate of príncipe,2026-10-07
es,shaw,expert,1767,proper_noun,,2026-10-07
es,some,expert,1773,wrong_language_english,,2026-10-07
es,sáenz,expert,1778,proper_noun,,2026-10-07
es,technology,expert,1779,wrong_language_english,,2026-10-07
es,thor,expert,1783,proper_noun,,2026-10-07
es,town,expert,1785,wrong_language_english,,2026-10-07
es,vanessa,expert,1791,proper_noun,,2026-10-07
es,website,expert,1798,wrong_language_english,,2026-10-07
es,win,expert,1799,wrong_language_english,,2026-10-07
es,alejandría,expert,1808,proper_noun,,2026-10-07
es,alien,expert,1809,wrong_language_english,,2026-10-07
es,alpha,expert,1810,wrong_language_english,,2026-10-07
es,amelia,expert,1811,proper_noun,,2026-10-07
es,awards,expert,1823,wrong_language_english,,2026-10-07
es,banner,expert,1825,wrong_language_english,,2026-10-07
es,bosch,expert,1829,proper_noun,,2026-10-07
es,candy,expert,1836,wrong_language_english,,2026-10-07
es,caracter,expert,1837,misspelled_missing_diacritic,P11 duplicate of carácter,2026-10-07
es,chrome,expert,1842,wrong_language_english,,2026-10-07
es,chu,expert,1843,wrong_language_other,fr,2026-10-07
es,cleveland,expert,1846,proper_noun,,2026-10-07
es,code,expert,1848,wrong_language_english,,2026-10-07
es,compostela,expert,1853,proper_noun,,2026-10-07
es,edwin,expert,1883,proper_noun,,2026-10-07
es,ellen,expert,1885,proper_noun,,2026-10-07
es,forever,expert,1912,wrong_language_english,,2026-10-07
es,gates,expert,1917,wrong_language_english,,2026-10-07
es,hulk,expert,1930,wrong_language_english,,2026-10-07
es,ie,expert,1932,wrong_language_other,pl,2026-10-07
es,ingrid,expert,1939,proper_noun,,2026-10-07
es,laurent,expert,1946,proper_noun,,2026-10-07
es,malik,expert,1949,proper_noun,,2026-10-07
es,mall,expert,1950,wrong_language_english,,2026-10-07
es,mongolia,expert,1958,proper_noun,,2026-10-07
es,ohio,expert,1963,proper_noun,,2026-10-07
es,opcion,expert,1967,misspelled_missing_diacritic,P11 duplicate of opción,2026-10-07
es,phoenix,expert,1978,wrong_language_english,,2026-10-07
es,posicion,expert,1982,misspelled_missing_diacritic,P11 duplicate of posición,2026-10-07
es,reunion,expert,2003,wrong_language_english,,2026-10-07
es,rivero,expert,2006,proper_noun,,2026-10-07
es,rom,expert,2007,proper_noun,,2026-10-07
es,sandwich,expert,2010,wrong_language_english,,2026-10-07
es,shin,expert,2019,wrong_language_english,,2026-10-07
es,space,expert,2023,wrong_language_english,,2026-10-07
es,tip,expert,2028,wrong_language_english,,2026-10-07
es,ace,expert,2042,wrong_language_english,,2026-10-07
es,afa,expert,2048,wrong_language_other,pt,2026-10-07
es,alí,expert,2054,abbreviation_or_noise,,2026-10-07
es,audi,expert,2066,proper_noun,,2026-10-07
es,bagdad,expert,2069,proper_noun,,2026-10-07
es,birmania,expert,2075,proper_noun,,2026-10-07
es,boe,expert,2076,wrong_language_other,pt,2026-10-07
es,break,expert,2077,wrong_language_english,,2026-10-07
es,delhi,expert,2104,proper_noun,,2026-10-07
es,elias,expert,2115,proper_noun,,2026-10-07
es,empezo,expert,2116,misspelled_missing_diacritic,P11 duplicate of empezó,2026-10-07
es,excel,expert,2129,wrong_language_english,,2026-10-07
es,forbes,expert,2137,proper_noun,,2026-10-07
es,foster,expert,2139,wrong_language_english,,2026-10-07
es,fun,expert,2140,wrong_language_english,,2026-10-07
es,guayana,expert,2143,proper_noun,,2026-10-07
es,hanna,expert,2145,proper_noun,,2026-10-07
es,hugh,expert,2147,proper_noun,,2026-10-07
es,joey,expert,2162,wrong_language_english,,2026-10-07
es,jules,expert,2163,proper_noun,,2026-10-07
es,lake,expert,2165,wrong_language_english,,2026-10-07
es,mails,expert,2171,wrong_language_english,,2026-10-07
es,money,expert,2183,wrong_language_english,,2026-10-07
es,monica,expert,2184,proper_noun,,2026-10-07
es,munich,expert,2188,proper_noun,,2026-10-07
es,nadia,expert,2190,proper_noun,,2026-10-07
es,olimpia,expert,2195,proper_noun,,2026-10-07
es,other,expert,2198,wrong_language_english,,2026-10-07
es,paola,expert,2202,proper_noun,,2026-10-07
es,pará,expert,2203,wrong_language_other,pt,2026-10-07
es,pokemon,expert,2213,proper_noun,,2026-10-07
es,porfirio,expert,2214,proper_noun,,2026-10-07
es,reagan,expert,2233,proper_noun,,2026-10-07
es,salon,expert,2244,wrong_language_english,,2026-10-07
es,senegal,expert,2246,proper_noun,,2026-10-07
es,siberia,expert,2248,proper_noun,,2026-10-07
es,troya,expert,2262,proper_noun,,2026-10-07
es,valverde,expert,2267,wrong_language_other,pt,2026-10-07
es,vicky,expert,2271,proper_noun,,2026-10-07
es,water,expert,2277,wrong_language_english,,2026-10-07
es,western,expert,2278,wrong_language_english,,2026-10-07
es,andorra,expert,2288,proper_noun,,2026-10-07
es,aquiles,expert,2293,proper_noun,,2026-10-07
es,arbol,expert,2294,misspelled_missing_diacritic,P11 duplicate of árbol,2026-10-07
es,barbie,expert,2299,wrong_language_english,,2026-10-07
es,beijing,expert,2300,proper_noun,,2026-10-07
es,blackberry,expert,2303,wrong_language_english,,2026-10-07
es,camerún,expert,2307,proper_noun,,2026-10-07
es,carabobo,expert,2310,proper_noun,,2026-10-07
es,diria,expert,2347,misspelled_missing_diacritic,P11 duplicate of diría,2026-10-07
es,fast,expert,2369,wrong_language_english,,2026-10-07
es,fonseca,expert,2372,proper_noun,,2026-10-07
es,formosa,expert,2374,proper_noun,,2026-10-07
es,franz,expert,2375,proper_noun,,2026-10-07
es,fujimori,expert,2376,proper_noun,,2026-10-07
es,ghana,expert,2384,proper_noun,,2026-10-07
es,gregory,expert,2389,proper_noun,,2026-10-07
es,guyana,expert,2393,proper_noun,,2026-10-07
es,hello,expert,2394,wrong_language_english,,2026-10-07
es,help,expert,2395,wrong_language_english,,2026-10-07
es,hu,expert,2398,wrong_language_other,pl,2026-10-07
es,image,expert,2399,wrong_language_english,,2026-10-07
es,johan,expert,2410,proper_noun,,2026-10-07
es,lanka,expert,2414,proper_noun,,2026-10-07
es,let,expert,2416,wrong_language_english,,2026-10-07
es,merkel,expert,2426,proper_noun,,2026-10-07
es,mind,expert,2428,wrong_language_english,,2026-10-07
es,much,expert,2432,wrong_language_english,,2026-10-07
es,oz,expert,2445,wrong_language_english,,2026-10-07
es,pac,expert,2446,wrong_language_other,pl,2026-10-07
es,sat,expert,2485,wrong_language_english,,2026-10-07
es,simone,expert,2488,proper_noun,,2026-10-07
es,soul,expert,2491,wrong_language_english,,2026-10-07
es,talk,expert,2497,wrong_language_english,,2026-10-07
es,teodoro,expert,2499,proper_noun,,2026-10-07
es,theory,expert,2500,wrong_language_english,,2026-10-07
es,tor,expert,2503,wrong_language_english,,2026-10-07
es,ucr,expert,2508,abbreviation_or_noise,,2026-10-07
es,wii,expert,2519,proper_noun,,2026-10-07
es,women,expert,2520,wrong_language_english,,2026-10-07
es,zeus,expert,2521,proper_noun,,2026-10-07
es,angie,expert,2536,proper_noun,,2026-10-07
es,berlin,expert,2549,proper_noun,,2026-10-07
es,broadway,expert,2552,proper_noun,,2026-10-07
es,bros,expert,2553,wrong_language_english,,2026-10-07
es,card,expert,2563,wrong_language_english,,2026-10-07
es,ciro,expert,2567,proper_noun,,2026-10-07
es,cook,expert,2582,proper_noun,,2026-10-07
es,design,expert,2593,wrong_language_english,,2026-10-07
es,duncan,expert,2608,proper_noun,,2026-10-07
es,dávila,expert,2610,proper_noun,,2026-10-07
es,ebro,expert,2611,proper_noun,,2026-10-07
es,elvis,expert,2614,proper_noun,,2026-10-07
es,ever,expert,2626,wrong_language_english,,2026-10-07
es,fiat,expert,2633,wrong_language_english,,2026-10-07
es,fisher,expert,2634,wrong_language_english,,2026-10-07
es,fisica,expert,2635,misspelled_missing_diacritic,P11 duplicate of física,2026-10-07
es,front,expert,2640,wrong_language_english,,2026-10-07
es,hahaha,expert,2650,abbreviation_or_noise,,2026-10-07
es,hermosillo,expert,2651,proper_noun,,2026-10-07
es,ibm,expert,2653,abbreviation_or_noise,,2026-10-07
es,jobs,expert,2668,wrong_language_english,,2026-10-07
es,likes,expert,2672,wrong_language_english,,2026-10-07
es,marley,expert,2679,proper_noun,,2026-10-07
es,miercoles,expert,2683,misspelled_missing_diacritic,P11 duplicate of miércoles,2026-10-07
es,montoya,expert,2684,proper_noun,,2026-10-07
es,paolo,expert,2702,proper_noun,,2026-10-07
es,paulina,expert,2706,proper_noun,,2026-10-07
es,regimen,expert,2741,wrong_language_english,,2026-10-07
es,ri,expert,2747,wrong_language_other,fr,2026-10-07
es,she,expert,2757,wrong_language_english,,2026-10-07
es,shell,expert,2758,wrong_language_english,,2026-10-07
es,smartphones,expert,2762,wrong_language_english,,2026-10-07
es,starbucks,expert,2768,proper_noun,,2026-10-07
es,tanzania,expert,2770,proper_noun,,2026-10-07
es,volkswagen,expert,2790,proper_noun,,2026-10-07
es,wagner,expert,2791,proper_noun,,2026-10-07
es,aaa,expert,2792,wrong_language_other,pl,2026-10-07
es,alarcón,expert,2803,proper_noun,,2026-10-07
es,aldo,expert,2805,proper_noun,,2026-10-07
es,anc,expert,2807,abbreviation_or_noise,,2026-10-07
es,antoine,expert,2808,proper_noun,,2026-10-07
es,armstrong,expert,2816,proper_noun,,2026-10-07
es,bolivar,expert,2827,wrong_language_english,,2026-10-07
es,books,expert,2829,wrong_language_english,,2026-10-07
es,brandon,expert,2831,proper_noun,,2026-10-07
es,brother,expert,2832,wrong_language_english,,2026-10-07
es,caroline,expert,2838,proper_noun,,2026-10-07
es,children,expert,2841,wrong_language_english,,2026-10-07
es,christine,expert,2842,proper_noun,,2026-10-07
es,core,expert,2862,wrong_language_english,,2026-10-07
es,dilma,expert,2885,proper_noun,,2026-10-07
es,duke,expert,2892,wrong_language_english,,2026-10-07
es,edwards,expert,2893,proper_noun,,2026-10-07
es,emilia,expert,2895,proper_noun,,2026-10-07
es,espinoza,expert,2904,proper_noun,,2026-10-07
es,girls,expert,2926,wrong_language_english,,2026-10-07
es,glenn,expert,2927,proper_noun,,2026-10-07
es,gore,expert,2928,wrong_language_english,,2026-10-07
es,hector,expert,2937,wrong_language_english,,2026-10-07
es,ibáñez,expert,2941,proper_noun,,2026-10-07
es,iraq,expert,2953,proper_noun,,2026-10-07
es,jajajajajaja,expert,2954,abbreviation_or_noise,,2026-10-07
es,judith,expert,2955,proper_noun,,2026-10-07
es,lab,expert,2957,wrong_language_english,,2026-10-07
es,lope,expert,2963,proper_noun,,2026-10-07
es,louise,expert,2964,proper_noun,,2026-10-07
es,luther,expert,2966,proper_noun,,2026-10-07
es,mae,expert,2969,proper_noun,,2026-10-07
es,market,expert,2972,wrong_language_english,,2026-10-07
es,melbourne,expert,2977,proper_noun,,2026-10-07
es,michigan,expert,2979,proper_noun,,2026-10-07
fr,toulouse,medium,705,proper_noun,,2026-10-07
fr,up,medium,712,wrong_language_english,,2026-10-07
fr,alain,medium,713,proper_noun,,2026-10-07
fr,andré,medium,714,proper_noun,,2026-10-07
fr,henri,medium,721,proper_noun,,2026-10-07
fr,sarkozy,medium,727,proper_noun,,2026-10-07
fr,vincent,medium,729,proper_noun,,2026-10-07
fr,anne,medium,732,proper_noun,,2026-10-07
fr,daniel,medium,734,proper_noun,,2026-10-07
fr,israël,medium,741,proper_noun,,2026-10-07
fr,james,medium,742,proper_noun,,2026-10-07
fr,oeuvre,medium,745,wrong_language_english,,2026-10-07
fr,soeur,medium,749,misspelled_missing_diacritic,P11 duplicate of sœur,2026-10-07
fr,denis,medium,758,proper_noun,,2026-10-07
fr,maroc,medium,786,proper_noun,,2026-10-07
fr,nantes,medium,807,proper_noun,,2026-10-07
fr,peter,medium,808,proper_noun,,2026-10-07
fr,syrie,medium,811,proper_noun,,2026-10-07
fr,ue,medium,812,wrong_language_other,sw,2026-10-07
fr,ya,medium,814,wrong_language_english,,2026-10-07
fr,lille,medium,821,proper_noun,,2026-10-07
fr,pen,medium,823,wrong_language_english,,2026-10-07
fr,george,medium,837,proper_noun,,2026-10-07
fr,patrick,medium,844,proper_noun,,2026-10-07
fr,one,medium,871,wrong_language_english,,2026-10-07
fr,alexandre,medium,881,proper_noun,,2026-10-07
fr,by,medium,883,wrong_language_english,,2026-10-07
fr,françois,hard,291,proper_noun,,2026-10-07
fr,francais,hard,787,misspelled_missing_diacritic,P11 duplicate of français,2026-10-07
fr,hollywood,hard,792,proper_noun,,2026-10-07
fr,hongrie,hard,793,proper_noun,,2026-10-07
fr,not,hard,803,wrong_language_english,,2026-10-07
fr,samsung,hard,828,proper_noun,,2026-10-07
fr,steven,hard,833,proper_noun,,2026-10-07
fr,united,hard,842,wrong_language_english,,2026-10-07
fr,american,hard,847,proper_noun,,2026-10-07
fr,bell,hard,854,proper_noun,,2026-10-07
fr,carl,hard,856,proper_noun,,2026-10-07
fr,chaine,hard,859,misspelled_missing_diacritic,P11 duplicate of chaîne,2026-10-07
fr,fred,hard,885,proper_noun,,2026-10-07
fr,ia,hard,892,proper_noun,,2026-10-07
fr,jordan,hard,899,proper_noun,,2026-10-07
fr,mélenchon,hard,906,proper_noun,,2026-10-07
fr,norvège,hard,909,proper_noun,,2026-10-07
fr,story,hard,927,wrong_language_english,,2026-10-07
fr,vancouver,hard,932,proper_noun,,2026-10-07
fr,éric,hard,937,proper_noun,,2026-10-07
fr,danemark,hard,960,proper_noun,,2026-10-07
fr,general,hard,972,wrong_language_english,,2026-10-07
fr,group,hard,973,wrong_language_english,,2026-10-07
fr,samuel,hard,1011,proper_noun,,2026-10-07
fr,alexis,hard,1037,proper_noun,,2026-10-07
fr,education,hard,1063,wrong_language_english,,2026-10-07
fr,jeff,hard,1079,proper_noun,,2026-10-07
fr,jimmy,hard,1080,proper_noun,,2026-10-07
fr,karl,hard,1081,proper_noun,,2026-10-07
fr,madagascar,hard,1083,proper_noun,,2026-10-07
fr,vii,hard,1117,wrong_language_english,,2026-10-07
fr,avignon,hard,1136,proper_noun,,2026-10-07
fr,brest,hard,1138,proper_noun,,2026-10-07
fr,costa,hard,1147,proper_noun,,2026-10-07
fr,island,hard,1167,proper_noun,,2026-10-07
fr,jane,hard,1168,proper_noun,,2026-10-07
fr,morgan,hard,1175,proper_noun,,2026-10-07
fr,music,hard,1176,wrong_language_english,,2026-10-07
fr,weekend,hard,1206,wrong_language_english,,2026-10-07
fr,amsterdam,hard,1214,proper_noun,,2026-10-07
fr,chelsea,hard,1226,proper_noun,,2026-10-07
fr,clermont,hard,1228,proper_noun,,2026-10-07
fr,clinton,hard,1230,proper_noun,,2026-10-07
fr,davis,hard,1241,proper_noun,,2026-10-07
fr,floride,hard,1253,proper_noun,,2026-10-07
fr,gilbert,hard,1256,proper_noun,,2026-10-07
fr,he,hard,1257,wrong_language_english,,2026-10-07
fr,insee,hard,1263,proper_noun,,2026-10-07
fr,just,hard,1267,wrong_language_english,,2026-10-07
fr,nathalie,hard,1272,proper_noun,,2026-10-07
fr,nick,hard,1274,proper_noun,,2026-10-07
fr,nintendo,hard,1275,proper_noun,,2026-10-07
fr,afghanistan,hard,1319,proper_noun,,2026-10-07
fr,diego,hard,1339,proper_noun,,2026-10-07
fr,marco,hard,1364,proper_noun,,2026-10-07
fr,munich,hard,1366,proper_noun,,2026-10-07
fr,start,hard,1392,wrong_language_english,,2026-10-07
fr,thaïlande,hard,1394,proper_noun,,2026-10-07
fr,andrew,hard,1408,proper_noun,,2026-10-07
fr,cdi,hard,1415,roman_numeral,,2026-10-07
fr,déja,hard,1427,duplicate_after_fix,collides with déjà,2026-10-07
fr,hervé,hard,1434,proper_noun,,2026-10-07
fr,instagram,hard,1435,proper_noun,,2026-10-07
fr,jay,hard,1437,proper_noun,,2026-10-07
fr,lisa,hard,1439,proper_noun,,2026-10-07
fr,louvre,hard,1440,proper_noun,,2026-10-07
fr,nicole,hard,1444,proper_noun,,2026-10-07
fr,pa,hard,1450,proper_noun,,2026-10-07
fr,pauline,hard,1451,proper_noun,,2026-10-07
fr,press,hard,1454,wrong_language_english,,2026-10-07
fr,rer,hard,1468,wrong_language_other,pt,2026-10-07
fr,andy,hard,1498,proper_noun,,2026-10-07
fr,edward,hard,1528,proper_noun,,2026-10-07
fr,eva,hard,1534,proper_noun,,2026-10-07
fr,libye,hard,1551,proper_noun,,2026-10-07
fr,lionel,hard,1553,proper_noun,,2026-10-07
fr,oise,hard,1565,proper_noun,,2026-10-07
fr,ong,hard,1566,abbreviation_or_noise,,2026-10-07
fr,otan,hard,1570,proper_noun,,2026-10-07
fr,party,hard,1573,wrong_language_english,,2026-10-07
fr,sex,hard,1593,wrong_language_english,,2026-10-07
fr,socio,hard,1594,wrong_language_other,es,2026-10-07
fr,soeurs,hard,1595,misspelled_missing_diacritic,P11 duplicate of sœurs,2026-10-07
fr,what,hard,1612,wrong_language_english,,2026-10-07
fr,wilson,hard,1613,proper_noun,,2026-10-07
fr,young,hard,1615,proper_noun,,2026-10-07
fr,ap,hard,1624,wrong_language_other,es,2026-10-07
fr,jessica,hard,1664,proper_noun,,2026-10-07
fr,ken,hard,1666,proper_noun,,2026-10-07
fr,marion,hard,1670,proper_noun,,2026-10-07
fr,nelson,hard,1676,proper_noun,,2026-10-07
fr,nobel,hard,1677,proper_noun,,2026-10-07
fr,power,hard,1681,wrong_language_english,,2026-10-07
fr,sony,hard,1693,proper_noun,,2026-10-07
fr,vladimir,hard,1707,proper_noun,,2026-10-07
fr,amiens,hard,1715,proper_noun,,2026-10-07
fr,antonio,hard,1717,proper_noun,,2026-10-07
fr,athènes,hard,1719,proper_noun,,2026-10-07
fr,ie,hard,1755,wrong_language_other,pl,2026-10-07
fr,lambert,hard,1767,proper_noun,,2026-10-07
fr,men,hard,1770,wrong_language_english,,2026-10-07
fr,miller,hard,1772,proper_noun,,2026-10-07
fr,om,hard,1776,wrong_language_english,,2026-10-07
fr,per,hard,1783,wrong_language_english,,2026-10-07
fr,valérie,hard,1805,proper_noun,,2026-10-07
fr,vatican,hard,1807,proper_noun,,2026-10-07
fr,vegas,hard,1809,proper_noun,,2026-10-07
fr,vietnam,hard,1810,proper_noun,,2026-10-07
fr,ann,hard,1818,proper_noun,,2026-10-07
fr,bay,hard,1825,wrong_language_english,,2026-10-07
fr,beach,hard,1826,wrong_language_english,,2026-10-07
fr,chirac,hard,1836,proper_noun,,2026-10-07
fr,er,hard,1855,wrong_language_english,,2026-10-07
fr,little,hard,1874,wrong_language_english,,2026-10-07
fr,lou,hard,1875,proper_noun,,2026-10-07
fr,wars,hard,1926,wrong_language_english,,2026-10-07
fr,xxe,hard,1927,roman_numeral,,2026-10-07
fr,annie,hard,1936,proper_noun,,2026-10-07
fr,bi,hard,1944,wrong_language_english,,2026-10-07
fr,céline,hard,1960,proper_noun,,2026-10-07
fr,dead,hard,1961,wrong_language_english,,2026-10-07
fr,karine,expert,801,proper_noun,,2026-10-07
fr,lorenzo,expert,804,proper_noun,,2026-10-07
fr,maps,expert,812,wrong_language_english,,2026-10-07
fr,market,expert,813,wrong_language_english,,2026-10-07
fr,memphis,expert,814,proper_noun,,2026-10-07
fr,michigan,expert,817,proper_noun,,2026-10-07
fr,need,expert,822,wrong_language_english,,2026-10-07
fr,politico,expert,835,wrong_language_english,,2026-10-07
fr,rca,expert,851,abbreviation_or_noise,,2026-10-07
fr,reuters,expert,856,proper_noun,,2026-10-07
fr,ronald,expert,859,proper_noun,,2026-10-07
fr,screen,expert,868,wrong_language_english,,2026-10-07
fr,théodore,expert,883,proper_noun,,2026-10-07
fr,ui,expert,891,wrong_language_other,pt,2026-10-07
fr,ur,expert,893,proper_noun,,2026-10-07
fr,wa,expert,896,wrong_language_other,pl,2026-10-07
fr,wallace,expert,897,proper_noun,,2026-10-07
fr,years,expert,898,wrong_language_english,,2026-10-07
fr,zola,expert,899,proper_noun,,2026-10-07
fr,alberto,expert,914,proper_noun,,2026-10-07
fr,angoulême,expert,918,proper_noun,,2026-10-07
fr,aragon,expert,921,proper_noun,,2026-10-07
fr,ave,expert,926,proper_noun,,2026-10-07
fr,blu,expert,932,proper_noun,,2026-10-07
fr,cardio,expert,936,wrong_language_english,,2026-10-07
fr,clichy,expert,939,proper_noun,,2026-10-07
fr,dauphiné,expert,950,proper_noun,,2026-10-07
fr,dawn,expert,951,proper_noun,,2026-10-07
fr,detroit,expert,953,proper_noun,,2026-10-07
fr,elie,expert,967,proper_noun,,2026-10-07
fr,fisher,expert,975,wrong_language_english,,2026-10-07
fr,five,expert,976,wrong_language_english,,2026-10-07
fr,geoffroy,expert,979,proper_noun,,2026-10-07
fr,gil,expert,980,proper_noun,,2026-10-07
fr,gun,expert,983,wrong_language_english,,2026-10-07
fr,hand,expert,984,wrong_language_english,,2026-10-07
fr,hardy,expert,985,proper_noun,,2026-10-07
fr,help,expert,986,wrong_language_english,,2026-10-07
fr,hussein,expert,990,proper_noun,,2026-10-07
fr,intel,expert,999,proper_noun,,2026-10-07
fr,jaime,expert,1004,proper_noun,,2026-10-07
fr,mister,expert,1017,wrong_language_english,,2026-10-07
fr,muller,expert,1022,proper_noun,,2026-10-07
fr,paolo,expert,1030,proper_noun,,2026-10-07
fr,please,expert,1037,wrong_language_english,,2026-10-07
fr,por,expert,1042,wrong_language_other,es,2026-10-07
fr,pétain,expert,1052,proper_noun,,2026-10-07
fr,quil,expert,1054,wrong_language_other,pt,2026-10-07
fr,roll,expert,1067,wrong_language_english,,2026-10-07
fr,ser,expert,1080,wrong_language_other,es,2026-10-07
fr,sy,expert,1089,proper_noun,,2026-10-07
fr,tite,expert,1098,proper_noun,,2026-10-07
fr,today,expert,1099,wrong_language_english,,2026-10-07
fr,tot,expert,1101,wrong_language_english,,2026-10-07
fr,vidal,expert,1110,proper_noun,,2026-10-07
fr,woody,expert,1113,proper_noun,,2026-10-07
fr,abdel,expert,1119,proper_noun,,2026-10-07
fr,aisne,expert,1126,proper_noun,,2026-10-07
fr,barbie,expert,1136,wrong_language_english,,2026-10-07
fr,beatles,expert,1137,proper_noun,,2026-10-07
fr,beethoven,expert,1138,proper_noun,,2026-10-07
fr,biarritz,expert,1139,proper_noun,,2026-10-07
fr,block,expert,1140,wrong_language_english,,2026-10-07
fr,broadway,expert,1143,proper_noun,,2026-10-07
fr,brothers,expert,1144,wrong_language_english,,2026-10-07
fr,castle,expert,1149,wrong_language_english,,2026-10-07
fr,controle,expert,1166,misspelled_missing_diacritic,P11 duplicate of contrôle,2026-10-07
fr,denver,expert,1175,proper_noun,,2026-10-07
fr,duke,expert,1184,wrong_language_english,,2026-10-07
fr,entraine,expert,1195,misspelled_missing_diacritic,P11 duplicate of entraîne,2026-10-07
fr,european,expert,1201,proper_noun,,2026-10-07
fr,excel,expert,1202,wrong_language_english,,2026-10-07
fr,francaise,expert,1210,misspelled_missing_diacritic,P11 duplicate of française,2026-10-07
fr,frere,expert,1212,misspelled_missing_diacritic,P11 duplicate of frère,2026-10-07
fr,jérémie,expert,1243,proper_noun,,2026-10-07
fr,lana,expert,1245,proper_noun,,2026-10-07
fr,language,expert,1248,wrong_language_english,,2026-10-07
fr,levallois,expert,1251,proper_noun,,2026-10-07
fr,lost,expert,1252,wrong_language_english,,2026-10-07
fr,malik,expert,1255,proper_noun,,2026-10-07
fr,mayenne,expert,1258,proper_noun,,2026-10-07
fr,mayotte,expert,1259,proper_noun,,2026-10-07
fr,mountain,expert,1269,wrong_language_english,,2026-10-07
fr,navy,expert,1271,wrong_language_english,,2026-10-07
fr,orlando,expert,1274,proper_noun,,2026-10-07
fr,psa,expert,1292,wrong_language_other,pl,2026-10-07
fr,ricardo,expert,1311,proper_noun,,2026-10-07
fr,rolland,expert,1312,proper_noun,,2026-10-07
fr,rothschild,expert,1315,proper_noun,,2026-10-07
fr,sarthe,expert,1319,proper_noun,,2026-10-07
fr,sidney,expert,1323,proper_noun,,2026-10-07
fr,tahiti,expert,1337,proper_noun,,2026-10-07
fr,tina,expert,1342,proper_noun,,2026-10-07
fr,travis,expert,1345,proper_noun,,2026-10-07
fr,view,expert,1354,wrong_language_english,,2026-10-07
fr,water,expert,1356,wrong_language_english,,2026-10-07
fr,win,expert,1357,wrong_language_english,,2026-10-07
fr,zeus,expert,1358,proper_noun,,2026-10-07
fr,again,expert,1374,wrong_language_english,,2026-10-07
fr,alt,expert,1378,proper_noun,,2026-10-07
fr,avc,expert,1386,abbreviation_or_noise,,2026-10-07
fr,bebe,expert,1390,misspelled_missing_diacritic,P11 duplicate of bébé,2026-10-07
fr,bennett,expert,1391,proper_noun,,2026-10-07
fr,bologne,expert,1393,proper_noun,,2026-10-07
fr,burn,expert,1397,wrong_language_english,,2026-10-07
fr,calgary,expert,1400,proper_noun,,2026-10-07
fr,corinne,expert,1421,proper_noun,,2026-10-07
fr,credit,expert,1422,wrong_language_english,,2026-10-07
fr,dev,expert,1425,abbreviation_or_noise,,2026-10-07
fr,ect,expert,1431,abbreviation_or_noise,,2026-10-07
fr,emilie,expert,1432,proper_noun,,2026-10-07
fr,eye,expert,1440,wrong_language_english,,2026-10-07
fr,felix,expert,1442,proper_noun,,2026-10-07
fr,ghost,expert,1452,wrong_language_english,,2026-10-07
fr,giovanni,expert,1453,proper_noun,,2026-10-07
fr,hainaut,expert,1456,proper_noun,,2026-10-07
fr,hazard,expert,1457,wrong_language_english,,2026-10-07
fr,heart,expert,1458,wrong_language_english,,2026-10-07
fr,hunt,expert,1461,wrong_language_english,,2026-10-07
fr,ill,expert,1465,wrong_language_english,,2026-10-07
fr,janeiro,expert,1476,proper_noun,,2026-10-07
fr,jen,expert,1477,wrong_language_other,pl,2026-10-07
fr,joachim,expert,1478,proper_noun,,2026-10-07
fr,lan,expert,1482,abbreviation_or_noise,,2026-10-07
fr,leon,expert,1483,proper_noun,,2026-10-07
fr,loïc,expert,1487,proper_noun,,2026-10-07
fr,martha,expert,1494,proper_noun,,2026-10-07
fr,minnesota,expert,1499,proper_noun,,2026-10-07
fr,montana,expert,1501,proper_noun,,2026-10-07
fr,nadal,expert,1508,wrong_language_other,pt,2026-10-07
fr,nicholas,expert,1510,proper_noun,,2026-10-07
fr,ocean,expert,1512,wrong_language_english,,2026-10-07
fr,oil,expert,1514,wrong_language_english,,2026-10-07
fr,oo,expert,1515,wrong_language_other,pl,2026-10-07
fr,ouganda,expert,1520,proper_noun,,2026-10-07
fr,polynésie,expert,1534,proper_noun,,2026-10-07
fr,sidi,expert,1571,proper_noun,,2026-10-07
fr,slovénie,expert,1575,proper_noun,,2026-10-07
fr,snow,expert,1576,wrong_language_english,,2026-10-07
fr,stanislas,expert,1579,proper_noun,,2026-10-07
fr,teen,expert,1585,wrong_language_english,,2026-10-07
fr,ulysse,expert,1591,proper_noun,,2026-10-07
fr,yu,expert,1594,wrong_language_other,sw,2026-10-07
fr,albanie,expert,1606,proper_noun,,2026-10-07
fr,angola,expert,1611,proper_noun,,2026-10-07
fr,antibes,expert,1612,proper_noun,,2026-10-07
fr,beta,expert,1625,wrong_language_english,,2026-10-07
fr,beyoncé,expert,1626,proper_noun,,2026-10-07
fr,bientot,expert,1627,misspelled_missing_diacritic,P11 duplicate of bientôt,2026-10-07
fr,bolivie,expert,1629,proper_noun,,2026-10-07
fr,bourget,expert,1631,proper_noun,,2026-10-07
fr,chase,expert,1641,proper_noun,,2026-10-07
fr,debut,expert,1658,wrong_language_english,,2026-10-07
fr,duval,expert,1667,proper_noun,,2026-10-07
fr,edge,expert,1677,wrong_language_english,,2026-10-07
fr,ens,expert,1680,wrong_language_english,,2026-10-07
fr,entraineur,expert,1681,misspelled_missing_diacritic,P11 duplicate of entraîneur,2026-10-07
fr,etaient,expert,1683,misspelled_missing_diacritic,P11 duplicate of étaient,2026-10-07
fr,faure,expert,1686,proper_noun,,2026-10-07
fr,fran,expert,1693,proper_noun,,2026-10-07
fr,gen,expert,1699,wrong_language_english,,2026-10-07
fr,gervais,expert,1700,proper_noun,,2026-10-07
fr,gérald,expert,1706,proper_noun,,2026-10-07
fr,its,expert,1725,wrong_language_english,,2026-10-07
fr,joy,expert,1727,proper_noun,,2026-10-07
fr,ju,expert,1728,wrong_language_other,es,2026-10-07
fr,leblanc,expert,1735,proper_noun,,2026-10-07
fr,leipzig,expert,1736,proper_noun,,2026-10-07
fr,mayer,expert,1743,proper_noun,,2026-10-07
fr,miranda,expert,1747,proper_noun,,2026-10-07
fr,porn,expert,1771,wrong_language_english,,2026-10-07
fr,pre,expert,1774,proper_noun,,2026-10-07
fr,randy,expert,1795,proper_noun,,2026-10-07
fr,samson,expert,1814,proper_noun,,2026-10-07
fr,she,expert,1821,wrong_language_english,,2026-10-07
fr,slovaquie,expert,1822,proper_noun,,2026-10-07
fr,sri,expert,1823,proper_noun,,2026-10-07
fr,sylvia,expert,1825,proper_noun,,2026-10-07
fr,tea,expert,1827,wrong_language_english,,2026-10-07
fr,their,expert,1828,wrong_language_english,,2026-10-07
fr,tiger,expert,1830,wrong_language_english,,2026-10-07
fr,trainer,expert,1833,wrong_language_english,,2026-10-07
fr,antoinette,expert,1863,proper_noun,,2026-10-07
fr,april,expert,1869,proper_noun,,2026-10-07
fr,armstrong,expert,1870,proper_noun,,2026-10-07
fr,auchan,expert,1873,proper_noun,,2026-10-07
fr,bamako,expert,1876,proper_noun,,2026-10-07
fr,been,expert,1877,wrong_language_english,,2026-10-07
fr,candy,expert,1885,wrong_language_english,,2026-10-07
fr,core,expert,1902,wrong_language_english,,2026-10-07
fr,corn,expert,1903,wrong_language_english,,2026-10-07
fr,corp,expert,1904,wrong_language_english,,2026-10-07
fr,cristina,expert,1905,proper_noun,,2026-10-07
fr,dem,expert,1907,proper_noun,,2026-10-07
fr,douai,expert,1913,proper_noun,,2026-10-07
fr,flandres,expert,1933,proper_noun,,2026-10-07
fr,francine,expert,1939,proper_noun,,2026-10-07
fr,hills,expert,1947,wrong_language_english,,2026-10-07
fr,joséphine,expert,1964,proper_noun,,2026-10-07
fr,lab,expert,1966,wrong_language_english,,2026-10-07
fr,lafayette,expert,1967,proper_noun,,2026-10-07
fr,lydia,expert,1972,proper_noun,,2026-10-07
fr,maggie,expert,1973,proper_noun,,2026-10-07
fr,marty,expert,1979,proper_noun,,2026-10-07
fr,medias,expert,1981,wrong_language_english,,2026-10-07
fr,melissa,expert,1982,proper_noun,,2026-10-07
fr,myriam,expert,1989,proper_noun,,2026-10-07
fr,médicis,expert,1990,proper_noun,,2026-10-07
fr,natalie,expert,1991,proper_noun,,2026-10-07
fr,ooo,expert,1995,wrong_language_other,pl,2026-10-07
fr,pearl,expert,1999,proper_noun,,2026-10-07
fr,present,expert,2013,wrong_language_english,,2026-10-07
fr,roméo,expert,2028,proper_noun,,2026-10-07
fr,sally,expert,2031,proper_noun,,2026-10-07
fr,sergueï,expert,2033,proper_noun,,2026-10-07
fr,stevens,expert,2041,proper_noun,,2026-10-07
fr,titanic,expert,2047,proper_noun,,2026-10-07
fr,tracy,expert,2049,proper_noun,,2026-10-07
fr,troie,expert,2054,proper_noun,,2026-10-07
fr,where,expert,2069,wrong_language_english,,2026-10-07
fr,woman,expert,2070,wrong_language_english,,2026-10-07
fr,xive,expert,2071,roman_numeral,,2026-10-07
fr,yougoslavie,expert,2072,proper_noun,,2026-10-07
fr,ass,expert,2095,wrong_language_english,,2026-10-07
fr,atlantic,expert,2099,proper_noun,,2026-10-07
fr,bastien,expert,2102,proper_noun,,2026-10-07
fr,baudelaire,expert,2103,proper_noun,,2026-10-07
fr,bernadette,expert,2104,proper_noun,,2026-10-07
fr,burton,expert,2107,proper_noun,,2026-10-07
fr,century,expert,2111,wrong_language_english,,2026-10-07
fr,christina,expert,2114,proper_noun,,2026-10-07
fr,coming,expert,2120,wrong_language_english,,2026-10-07
fr,copé,expert,2123,wrong_language_other,es,2026-10-07
fr,cyprien,expert,2129,proper_noun,,2026-10-07
fr,dale,expert,2130,proper_noun,,2026-10-07
fr,derriere,expert,2131,wrong_language_english,,2026-10-07
fr,dun,expert,2137,wrong_language_english,,2026-10-07
fr,firefox,expert,2158,proper_noun,,2026-10-07
fr,flow,expert,2161,wrong_language_english,,2026-10-07
fr,fukushima,expert,2164,proper_noun,,2026-10-07
fr,gregory,expert,2168,proper_noun,,2026-10-07
fr,hold,expert,2176,wrong_language_english,,2026-10-07
fr,honduras,expert,2178,proper_noun,,2026-10-07
fr,indiana,expert,2185,proper_noun,,2026-10-07
fr,jedi,expert,2194,proper_noun,,2026-10-07
fr,keller,expert,2195,proper_noun,,2026-10-07
fr,kill,expert,2196,wrong_language_english,,2026-10-07
fr,lara,expert,2197,proper_noun,,2026-10-07
fr,leone,expert,2198,proper_noun,,2026-10-07
fr,maitrise,expert,2202,misspelled_missing_diacritic,P11 duplicate of maîtrise,2026-10-07
fr,marius,expert,2204,proper_noun,,2026-10-07
fr,mass,expert,2207,wrong_language_english,,2026-10-07
fr,mecque,expert,2208,proper_noun,,2026-10-07
fr,melbourne,expert,2209,proper_noun,,2026-10-07
fr,montauban,expert,2213,proper_noun,,2026-10-07
fr,nora,expert,2217,proper_noun,,2026-10-07
fr,népal,expert,2221,proper_noun,,2026-10-07
fr,pac,expert,2231,wrong_language_other,pl,2026-10-07
fr,paradise,expert,2233,wrong_language_english,,2026-10-07
fr,paula,expert,2235,proper_noun,,2026-10-07
fr,rachid,expert,2249,proper_noun,,2026-10-07
fr,rights,expert,2257,wrong_language_english,,2026-10-07
fr,rossi,expert,2258,proper_noun,,2026-10-07
fr,sabrina,expert,2265,proper_noun,,2026-10-07
fr,sal,expert,2269,proper_noun,,2026-10-07
fr,sandy,expert,2271,proper_noun,,2026-10-07
fr,sao,expert,2272,proper_noun,,2026-10-07
fr,teresa,expert,2288,proper_noun,,2026-10-07
fr,una,expert,2297,wrong_language_other,es,2026-10-07
fr,well,expert,2302,wrong_language_english,,2026-10-07
fr,woods,expert,2303,wrong_language_english,,2026-10-07
fr,xiiie,expert,2304,roman_numeral,,2026-10-07
fr,yahoo,expert,2305,wrong_language_english,,2026-10-07
fr,élisabeth,expert,2307,proper_noun,,2026-10-07
fr,émilie,expert,2309,proper_noun,,2026-10-07
fr,agathe,expert,2328,proper_noun,,2026-10-07
fr,aignan,expert,2329,proper_noun,,2026-10-07
fr,alison,expert,2330,proper_noun,,2026-10-07
fr,ambroise,expert,2331,proper_noun,,2026-10-07
fr,amir,expert,2332,proper_noun,,2026-10-07
fr,aveyron,expert,2340,proper_noun,,2026-10-07
fr,award,expert,2341,wrong_language_english,,2026-10-07
fr,bachar,expert,2342,wrong_language_other,pt,2026-10-07
fr,bird,expert,2344,wrong_language_english,,2026-10-07
fr,birmanie,expert,2345,proper_noun,,2026-10-07
fr,biélorussie,expert,2347,proper_noun,,2026-10-07
fr,charentes,expert,2356,proper_noun,,2026-10-07
fr,cherbourg,expert,2359,proper_noun,,2026-10-07
fr,dana,expert,2376,proper_noun,,2026-10-07
fr,danube,expert,2377,proper_noun,,2026-10-07
fr,delhi,expert,2378,proper_noun,,2026-10-07
fr,doubs,expert,2383,proper_noun,,2026-10-07
fr,drew,expert,2384,proper_noun,,2026-10-07
fr,enzo,expert,2398,proper_noun,,2026-10-07
fr,estelle,expert,2399,proper_noun,,2026-10-07
fr,ever,expert,2401,wrong_language_english,,2026-10-07
fr,fatima,expert,2407,proper_noun,,2026-10-07
fr,fight,expert,2409,wrong_language_english,,2026-10-07
fr,floyd,expert,2410,proper_noun,,2026-10-07
fr,fribourg,expert,2415,proper_noun,,2026-10-07
fr,gaming,expert,2417,wrong_language_english,,2026-10-07
fr,harley,expert,2423,proper_noun,,2026-10-07
fr,hate,expert,2424,wrong_language_english,,2026-10-07
fr,hec,expert,2425,wrong_language_other,pl,2026-10-07
fr,herman,expert,2426,proper_noun,,2026-10-07
fr,hopital,expert,2427,misspelled_missing_diacritic,P11 duplicate of hôpital,2026-10-07
fr,int,expert,2441,wrong_language_english,,2026-10-07
fr,isis,expert,2444,proper_noun,,2026-10-07
fr,joyce,expert,2446,proper_noun,,2026-10-07
fr,lénine,expert,2456,proper_noun,,2026-10-07
fr,marilyn,expert,2458,proper_noun,,2026-10-07
fr,nazaire,expert,2468,proper_noun,,2026-10-07
fr,neo,expert,2469,proper_noun,,2026-10-07
fr,nietzsche,expert,2471,proper_noun,,2026-10-07
fr,niort,expert,2472,proper_noun,,2026-10-07
fr,perez,expert,2486,proper_noun,,2026-10-07
fr,perfect,expert,2487,wrong_language_english,,2026-10-07
fr,sartre,expert,2518,proper_noun,,2026-10-07
fr,saïd,expert,2519,proper_noun,,2026-10-07
fr,scene,expert,2520,wrong_language_english,,2026-10-07
fr,sion,expert,2527,proper_noun,,2026-10-07
fr,stadium,expert,2531,wrong_language_english,,2026-10-07
fr,town,expert,2542,wrong_language_english,,2026-10-07
fr,um,expert,2548,wrong_language_english,,2026-10-07
fr,ups,expert,2549,wrong_language_english,,2026-10-07
fr,valéry,expert,2553,proper_noun,,2026-10-07
fr,winston,expert,2563,proper_noun,,2026-10-07
fr,xviii,expert,2564,wrong_language_english,,2026-10-07
fr,zelda,expert,2565,proper_noun,,2026-10-07
fr,abe,expert,2576,proper_noun,,2026-10-07
fr,academy,expert,2578,wrong_language_english,,2026-10-07
fr,allan,expert,2583,proper_noun,,2026-10-07
fr,antonin,expert,2586,proper_noun,,2026-10-07
fr,ariel,expert,2590,proper_noun,,2026-10-07
fr,beat,expert,2600,wrong_language_english,,2026-10-07
fr,caucase,expert,2608,proper_noun,,2026-10-07
fr,cayenne,expert,2610,proper_noun,,2026-10-07
fr,chateau,expert,2614,wrong_language_english,,2026-10-07
fr,columbia,expert,2622,proper_noun,,2026-10-07
fr,darwin,expert,2635,proper_noun,,2026-10-07
fr,ebola,expert,2645,proper_noun,,2026-10-07
fr,ein,expert,2646,wrong_language_other,de,2026-10-07
fr,evan,expert,2655,proper_noun,,2026-10-07
fr,foucault,expert,2664,proper_noun,,2026-10-07
fr,francesco,expert,2665,proper_noun,,2026-10-07
fr,garros,expert,2671,proper_noun,,2026-10-07
fr,graal,expert,2675,proper_noun,,2026-10-07
fr,harlem,expert,2679,proper_noun,,2026-10-07
fr,hawaï,expert,2680,proper_noun,,2026-10-07
fr,health,expert,2681,wrong_language_english,,2026-10-07
fr,imp,expert,2686,wrong_language_english,,2026-10-07
fr,indo,expert,2692,proper_noun,,2026-10-07
fr,into,expert,2700,wrong_language_english,,2026-10-07
fr,jamaïque,expert,2702,proper_noun,,2026-10-07
fr,jung,expert,2703,proper_noun,,2026-10-07
fr,kosovo,expert,2704,proper_noun,,2026-10-07
fr,laden,expert,2705,wrong_language_english,,2026-10-07
fr,luca,expert,2712,proper_noun,,2026-10-07
fr,margot,expert,2719,proper_noun,,2026-10-07
fr,mick,expert,2722,wrong_language_english,,2026-10-07
fr,mireille,expert,2723,proper_noun,,2026-10-07
fr,mona,expert,2725,proper_noun,,2026-10-07
fr,noé,expert,2732,proper_noun,,2026-10-07
fr,photoshop,expert,2743,proper_noun,,2026-10-07
fr,reagan,expert,2757,proper_noun,,2026-10-07
fr,ricard,expert,2763,proper_noun,,2026-10-07
fr,rudy,expert,2766,proper_noun,,2026-10-07
fr,sanders,expert,2773,wrong_language_english,,2026-10-07
fr,sci,expert,2778,wrong_language_english,,2026-10-07
fr,suv,expert,2791,abbreviation_or_noise,,2026-10-07
fr,thibaut,expert,2798,proper_noun,,2026-10-07
fr,tottenham,expert,2799,proper_noun,,2026-10-07
fr,valois,expert,2807,proper_noun,,2026-10-07
fr,very,expert,2808,wrong_language_english,,2026-10-07
fr,virgin,expert,2811,wrong_language_english,,2026-10-07
fr,wood,expert,2814,wrong_language_english,,2026-10-07
fr,xiie,expert,2815,roman_numeral,,2026-10-07
fr,yonne,expert,2816,proper_noun,,2026-10-07
fr,zidane,expert,2817,proper_noun,,2026-10-07
fr,ève,expert,2818,proper_noun,,2026-10-07
fr,alonso,expert,2832,proper_noun,,2026-10-07
fr,amber,expert,2835,proper_noun,,2026-10-07
fr,amériques,expert,2838,proper_noun,,2026-10-07
fr,angelo,expert,2839,proper_noun,,2026-10-07
fr,apollo,expert,2842,proper_noun,,2026-10-07
fr,ardenne,expert,2845,proper_noun,,2026-10-07
fr,artois,expert,2847,proper_noun,,2026-10-07
fr,beautiful,expert,2855,wrong_language_english,,2026-10-07
fr,champlain,expert,2864,proper_noun,,2026-10-07
fr,churchill,expert,2867,proper_noun,,2026-10-07
fr,clio,expert,2869,proper_noun,,2026-10-07
fr,color,expert,2870,wrong_language_english,,2026-10-07
fr,crazy,expert,2877,wrong_language_english,,2026-10-07
fr,diderot,expert,2885,proper_noun,,2026-10-07
fr,dogs,expert,2889,wrong_language_english,,2026-10-07
fr,ellis,expert,2897,proper_noun,,2026-10-07
fr,ethan,expert,2904,proper_noun,,2026-10-07
fr,evil,expert,2905,wrong_language_english,,2026-10-07
fr,fed,expert,2907,proper_noun,,2026-10-07
fr,field,expert,2909,wrong_language_english,,2026-10-07
fr,forever,expert,2912,wrong_language_english,,2026-10-07
fr,foster,expert,2914,wrong_language_english,,2026-10-07
fr,fréjus,expert,2915,proper_noun,,2026-10-07
fr,galilée,expert,2916,proper_noun,,2026-10-07
fr,ges,expert,2917,wrong_language_other,es,2026-10-07
fr,guardian,expert,2920,wrong_language_english,,2026-10-07
fr,ham,expert,2923,proper_noun,,2026-10-07
fr,hugh,expert,2925,proper_noun,,2026-10-07
fr,inside,expert,2939,wrong_language_english,,2026-10-07
fr,japan,expert,2946,wrong_language_english,,2026-10-07
fr,johan,expert,2947,proper_noun,,2026-10-07
fr,june,expert,2950,proper_noun,,2026-10-07
fr,legrand,expert,2951,proper_noun,,2026-10-07
fr,lituanie,expert,2955,proper_noun,,2026-10-07
fr,mandela,expert,2958,proper_noun,,2026-10-07
fr,maniere,expert,2959,misspelled_missing_diacritic,P11 duplicate of manière,2026-10-07
fr,marthe,expert,2960,proper_noun,,2026-10-07
fr,montmartre,expert,2967,proper_noun,,2026-10-07
de,della,medium,571,proper_noun,,2026-10-07
de,nem,medium,771,wrong_language_other,fr,2026-10-07
de,big,medium,880,wrong_language_english,,2026-10-07
de,black,medium,927,wrong_language_english,,2026-10-07
de,nice,hard,802,wrong_language_english,,2026-10-07
de,security,hard,896,wrong_language_english,,2026-10-07
de,stop,hard,899,wrong_language_english,,2026-10-07
de,united,hard,904,wrong_language_english,,2026-10-07
de,ann,hard,929,proper_noun,,2026-10-07
de,beach,hard,940,wrong_language_english,,2026-10-07
de,football,hard,965,wrong_language_english,signed override: Eric 2026-10-07,2026-10-07
de,gustav,hard,976,proper_noun,signed override: Eric 2026-10-07,2026-10-07
de,hä,hard,980,abbreviation_or_noise,,2026-10-07
de,jonas,hard,983,proper_noun,signed override: Eric 2026-10-07,2026-10-07
de,match,hard,993,wrong_language_english,signed override: Eric 2026-10-07,2026-10-07
de,tablet,hard,1009,wrong_language_english,,2026-10-07
de,tony,hard,1014,wrong_language_english,,2026-10-07
de,university,hard,1017,wrong_language_english,,2026-10-07
de,ikea,hard,1067,proper_noun,signed override: Eric 2026-10-07,2026-10-07
de,led,hard,1080,wrong_language_english,,2026-10-07
de,look,hard,1083,wrong_language_english,signed override: Eric 2026-10-07,2026-10-07
de,men,hard,1086,wrong_language_english,,2026-10-07
de,vol,hard,1124,wrong_language_english,,2026-10-07
de,brown,hard,1143,wrong_language_english,,2026-10-07
de,christopher,hard,1145,proper_noun,signed override: Eric 2026-10-07,2026-10-07
de,erik,hard,1155,proper_noun,signed override: Eric 2026-10-07,2026-10-07
de,leon,hard,1182,proper_noun,signed override: Eric 2026-10-07,2026-10-07
de,little,hard,1183,wrong_language_english,,2026-10-07
de,nsu,hard,1187,abbreviation_or_noise,,2026-10-07
de,ios,hard,1260,proper_noun,,2026-10-07
de,ip,hard,1261,abbreviation_or_noise,,2026-10-07
de,long,hard,1269,wrong_language_english,,2026-10-07
de,mayer,hard,1272,proper_noun,signed override: Eric 2026-10-07,2026-10-07
de,now,hard,1279,wrong_language_english,,2026-10-07
de,porn,hard,1286,wrong_language_english,,2026-10-07
de,ross,hard,1293,proper_noun,signed override: Eric 2026-10-07,2026-10-07
de,store,hard,1303,wrong_language_english,,2026-10-07
de,style,hard,1305,wrong_language_english,signed override: Eric 2026-10-07,2026-10-07
de,uk,hard,1308,abbreviation_or_noise,,2026-10-07
de,young,hard,1317,wrong_language_english,,2026-10-07
de,award,hard,1335,wrong_language_english,,2026-10-07
de,bitcoin,hard,1341,wrong_language_english,,2026-10-07
de,dark,hard,1344,wrong_language_english,,2026-10-07
de,fantasy,hard,1354,wrong_language_english,,2026-10-07
de,fox,hard,1355,wrong_language_english,,2026-10-07
de,os,hard,1390,proper_noun,,2026-10-07
de,saint,hard,1405,wrong_language_english,signed override: Eric 2026-10-07,2026-10-07
de,ueber,hard,1420,duplicate_after_fix,collides with über,2026-10-07
de,wa,hard,1431,wrong_language_other,pl,2026-10-07
de,daily,hard,1457,wrong_language_english,,2026-10-07
de,dance,hard,1458,wrong_language_english,,2026-10-07
de,lewis,hard,1500,proper_noun,,2026-10-07
de,point,hard,1509,wrong_language_english,,2026-10-07
de,ur,hard,1534,proper_noun,signed override: Eric 2026-10-07,2026-10-07
de,dating,hard,1569,wrong_language_english,,2026-10-07
de,email,hard,1579,wrong_language_english,signed override: Eric 2026-10-07,2026-10-07
de,english,hard,1580,proper_noun,,2026-10-07
de,focus,hard,1583,wrong_language_english,signed override: Eric 2026-10-07,2026-10-07
de,fun,hard,1585,wrong_language_english,,2026-10-07
de,hip,hard,1594,wrong_language_english,signed override: Eric 2026-10-07,2026-10-07
de,light,hard,1604,wrong_language_english,,2026-10-07
de,miller,hard,1610,wrong_language_english,,2026-10-07
de,shirts,hard,1625,wrong_language_english,signed override: Eric 2026-10-07,2026-10-07
de,tommy,hard,1630,proper_noun,signed override: Eric 2026-10-07,2026-10-07
de,ups,hard,1633,wrong_language_english,,2026-10-07
de,victoria,hard,1640,proper_noun,signed override: Eric 2026-10-07,2026-10-07
de,about,hard,1648,wrong_language_english,,2026-10-07
de,fa,hard,1682,wrong_language_english,,2026-10-07
de,faz,hard,1684,wrong_language_other,es,2026-10-07
de,food,hard,1686,wrong_language_english,,2026-10-07
de,france,hard,1687,proper_noun,,2026-10-07
de,fred,hard,1688,proper_noun,,2026-10-07
de,here,hard,1700,wrong_language_english,,2026-10-07
de,jonathan,hard,1705,proper_noun,signed override: Eric 2026-10-07,2026-10-07
de,justin,hard,1706,proper_noun,signed override: Eric 2026-10-07,2026-10-07
de,people,hard,1719,wrong_language_english,,2026-10-07
de,rapper,hard,1726,wrong_language_english,signed override: Eric 2026-10-07,2026-10-07
de,state,hard,1740,wrong_language_english,,2026-10-07
de,viktor,hard,1751,proper_noun,signed override: Eric 2026-10-07,2026-10-07
de,way,hard,1754,wrong_language_english,,2026-10-07
de,ak,hard,1761,abbreviation_or_noise,,2026-10-07
de,fire,hard,1780,wrong_language_english,,2026-10-07
de,hamilton,hard,1791,proper_noun,,2026-10-07
de,ho,hard,1796,wrong_language_english,,2026-10-07
de,jennifer,hard,1800,proper_noun,signed override: Eric 2026-10-07,2026-10-07
de,label,hard,1805,wrong_language_english,signed override: Eric 2026-10-07,2026-10-07
de,lucas,hard,1807,proper_noun,signed override: Eric 2026-10-07,2026-10-07
de,mind,hard,1811,wrong_language_english,,2026-10-07
de,pauli,hard,1819,proper_noun,signed override: Eric 2026-10-07,2026-10-07
de,usb,hard,1842,abbreviation_or_noise,,2026-10-07
de,vii,hard,1847,wrong_language_english,,2026-10-07
de,wilson,hard,1850,proper_noun,signed override: Eric 2026-10-07,2026-10-07
de,win,hard,1851,wrong_language_english,,2026-10-07
de,anime,hard,1868,wrong_language_english,,2026-10-07
de,brian,hard,1892,proper_noun,,2026-10-07
de,cia,hard,1898,wrong_language_other,pt,2026-10-07
de,full,hard,1909,wrong_language_english,,2026-10-07
de,hill,hard,1924,wrong_language_english,,2026-10-07
de,ing,hard,1927,proper_noun,,2026-10-07
de,jap,hard,1930,proper_noun,,2026-10-07
de,johanna,hard,1932,proper_noun,signed override: Eric 2026-10-07,2026-10-07
de,ki,hard,1935,wrong_language_other,pl,2026-10-07
de,lit,hard,1945,wrong_language_english,,2026-10-07
de,mia,hard,1949,proper_noun,,2026-10-07
de,nu,hard,1953,wrong_language_english,signed override: Eric 2026-10-07,2026-10-07
de,ua,expert,808,wrong_language_other,fr,2026-10-07
de,va,expert,812,proper_noun,,2026-10-07
de,week,expert,823,wrong_language_english,,2026-10-07
de,öbb,expert,832,abbreviation_or_noise,,2026-10-07
de,aliens,expert,836,wrong_language_english,signed override: Eric 2026-10-07,2026-10-07
de,amanda,expert,837,proper_noun,signed override: Eric 2026-10-07,2026-10-07
de,bernie,expert,859,proper_noun,,2026-10-07
de,boateng,expert,866,proper_noun,signed override: Eric 2026-10-07,2026-10-07
de,commander,expert,870,wrong_language_english,,2026-10-07
de,dragon,expert,875,wrong_language_english,,2026-10-07
de,finn,expert,897,proper_noun,,2026-10-07
de,franck,expert,901,proper_noun,,2026-10-07
de,gaza,expert,904,proper_noun,signed override: Eric 2026-10-07,2026-10-07
de,gertrud,expert,910,proper_noun,signed override: Eric 2026-10-07,2026-10-07
de,gomez,expert,917,proper_noun,signed override: Eric 2026-10-07,2026-10-07
de,greifswald,expert,920,proper_noun,signed override: Eric 2026-10-07,2026-10-07
de,hui,expert,926,proper_noun,signed override: Eric 2026-10-07,2026-10-07
de,indie,expert,928,wrong_language_english,,2026-10-07
de,jun,expert,932,wrong_language_english,,2026-10-07
de,kruse,expert,943,proper_noun,signed override: Eric 2026-10-07,2026-10-07
de,kuhn,expert,944,proper_noun,signed override: Eric 2026-10-07,2026-10-07
de,lausanne,expert,950,proper_noun,signed override: Eric 2026-10-07,2026-10-07
de,lehr,expert,951,proper_noun,,2026-10-07
de,lieutenant,expert,953,wrong_language_english,,2026-10-07
de,lucke,expert,954,proper_noun,signed override: Eric 2026-10-07,2026-10-07
de,neil,expert,966,proper_noun,,2026-10-07
de,nope,expert,969,wrong_language_english,,2026-10-07
de,opera,expert,972,wrong_language_english,,2026-10-07
de,piper,expert,979,wrong_language_english,,2026-10-07
de,policy,expert,981,wrong_language_english,,2026-10-07
de,psycho,expert,985,wrong_language_english,,2026-10-07
de,remix,expert,991,wrong_language_english,,2026-10-07
de,schultz,expert,1000,proper_noun,signed override: Eric 2026-10-07,2026-10-07
de,shuttle,expert,1005,wrong_language_english,signed override: Eric 2026-10-07,2026-10-07
de,spahn,expert,1007,proper_noun,,2026-10-07
de,torsten,expert,1016,wrong_language_other,signed override: Eric 2026-10-07,2026-10-07
de,wan,expert,1036,wrong_language_english,,2026-10-07
de,zen,expert,1042,wrong_language_english,signed override: Eric 2026-10-07,2026-10-07
de,abe,expert,1050,proper_noun,,2026-10-07
de,akp,expert,1057,abbreviation_or_noise,,2026-10-07
de,bastian,expert,1069,wrong_language_other,signed override: Eric 2026-10-07,2026-10-07
de,been,expert,1073,wrong_language_english,,2026-10-07
de,coaching,expert,1089,wrong_language_english,,2026-10-07
de,cornelius,expert,1091,proper_noun,signed override: Eric 2026-10-07,2026-10-07
de,dude,expert,1095,wrong_language_english,,2026-10-07
de,fed,expert,1108,wrong_language_english,,2026-10-07
de,guardian,expert,1134,wrong_language_english,,2026-10-07
de,haller,expert,1139,proper_noun,signed override: Eric 2026-10-07,2026-10-07
de,hood,expert,1149,wrong_language_english,,2026-10-07
de,ir,expert,1151,proper_noun,,2026-10-07
de,iwf,expert,1155,abbreviation_or_noise,,2026-10-07
de,late,expert,1170,wrong_language_english,,2026-10-07
de,lions,expert,1174,wrong_language_english,,2026-10-07
de,lux,expert,1176,wrong_language_english,signed override: Eric 2026-10-07,2026-10-07
de,mami,expert,1178,wrong_language_other,signed override: Eric 2026-10-07,2026-10-07
de,meta,expert,1182,wrong_language_english,,2026-10-07
de,mexico,expert,1183,proper_noun,,2026-10-07
de,mitchell,expert,1184,proper_noun,,2026-10-07
de,nat,expert,1192,proper_noun,,2026-10-07
de,ot,expert,1198,wrong_language_other,pl,2026-10-07
de,patricia,expert,1202,proper_noun,signed override: Eric 2026-10-07,2026-10-07
de,phone,expert,1204,wrong_language_english,,2026-10-07
de,posts,expert,1211,wrong_language_english,,2026-10-07
de,startup,expert,1237,wrong_language_english,,2026-10-07
de,stuart,expert,1242,proper_noun,signed override: Eric 2026-10-07,2026-10-07
de,tell,expert,1247,wrong_language_english,signed override: Eric 2026-10-07,2026-10-07
de,think,expert,1249,wrong_language_english,,2026-10-07
de,three,expert,1250,wrong_language_english,,2026-10-07
de,truck,expert,1254,wrong_language_english,,2026-10-07
de,amd,expert,1300,abbreviation_or_noise,,2026-10-07
de,angels,expert,1302,wrong_language_english,,2026-10-07
de,any,expert,1310,wrong_language_english,,2026-10-07
de,born,expert,1337,wrong_language_english,signed override: Eric 2026-10-07,2026-10-07
de,court,expert,1343,wrong_language_english,,2026-10-07
de,direct,expert,1348,wrong_language_english,,2026-10-07
de,edit,expert,1351,wrong_language_english,,2026-10-07
de,empire,expert,1358,wrong_language_english,signed override: Eric 2026-10-07,2026-10-07
de,feed,expert,1367,wrong_language_english,,2026-10-07
de,graham,expert,1381,wrong_language_english,,2026-10-07
de,gruber,expert,1382,wrong_language_other,signed override: Eric 2026-10-07,2026-10-07
de,herne,expert,1391,proper_noun,signed override: Eric 2026-10-07,2026-10-07
de,inside,expert,1397,wrong_language_english,,2026-10-07
de,karen,expert,1404,proper_noun,,2026-10-07
de,keith,expert,1407,proper_noun,,2026-10-07
de,knight,expert,1410,wrong_language_english,,2026-10-07
de,lewandowski,expert,1424,proper_noun,,2026-10-07
de,lilly,expert,1426,proper_noun,,2026-10-07
de,lionel,expert,1428,proper_noun,,2026-10-07
de,lyon,expert,1430,proper_noun,signed override: Eric 2026-10-07,2026-10-07
de,meh,expert,1433,wrong_language_english,,2026-10-07
de,price,expert,1451,wrong_language_english,,2026-10-07
de,rachel,expert,1455,proper_noun,signed override: Eric 2026-10-07,2026-10-07
de,rocky,expert,1461,wrong_language_english,,2026-10-07
de,screen,expert,1464,wrong_language_english,,2026-10-07
de,skype,expert,1468,proper_noun,signed override: Eric 2026-10-07,2026-10-07
de,stan,expert,1472,proper_noun,,2026-10-07
de,states,expert,1474,wrong_language_english,,2026-10-07
de,tablets,expert,1480,wrong_language_english,,2026-10-07
de,teresa,expert,1481,proper_noun,signed override: Eric 2026-10-07,2026-10-07
de,theory,expert,1482,wrong_language_english,,2026-10-07
de,vie,expert,1503,wrong_language_english,,2026-10-07
de,babe,expert,1538,wrong_language_english,,2026-10-07
de,bianca,expert,1547,proper_noun,signed override: Eric 2026-10-07,2026-10-07
de,bodo,expert,1552,wrong_language_other,signed override: Eric 2026-10-07,2026-10-07
de,caesar,expert,1557,proper_noun,signed override: Eric 2026-10-07,2026-10-07
de,chuck,expert,1559,wrong_language_english,,2026-10-07
de,colorado,expert,1560,proper_noun,signed override: Eric 2026-10-07,2026-10-07
de,coming,expert,1561,wrong_language_english,,2026-10-07
de,daddy,expert,1562,wrong_language_english,,2026-10-07
de,dee,expert,1566,proper_noun,,2026-10-07
de,deko,expert,1567,wrong_language_other,pl,2026-10-07
de,dirty,expert,1570,wrong_language_english,,2026-10-07
de,early,expert,1575,wrong_language_english,,2026-10-07
de,earth,expert,1576,wrong_language_english,,2026-10-07
de,feeling,expert,1591,wrong_language_english,signed override: Eric 2026-10-07,2026-10-07
de,garcia,expert,1596,proper_noun,,2026-10-07
de,give,expert,1606,wrong_language_english,,2026-10-07
de,hansa,expert,1610,wrong_language_other,signed override: Eric 2026-10-07,2026-10-07
de,hendrik,expert,1614,wrong_language_other,signed override: Eric 2026-10-07,2026-10-07
de,holy,expert,1619,wrong_language_english,,2026-10-07
de,ilse,expert,1621,proper_noun,signed override: Eric 2026-10-07,2026-10-07
de,jasmin,expert,1625,wrong_language_other,signed override: Eric 2026-10-07,2026-10-07
de,justus,expert,1626,wrong_language_other,signed override: Eric 2026-10-07,2026-10-07
de,kan,expert,1628,proper_noun,,2026-10-07
de,language,expert,1643,wrong_language_english,,2026-10-07
de,messenger,expert,1657,wrong_language_english,,2026-10-07
de,met,expert,1658,wrong_language_english,signed override: Eric 2026-10-07,2026-10-07
de,palace,expert,1668,wrong_language_english,,2026-10-07
de,panama,expert,1669,wrong_language_english,signed override: Eric 2026-10-07,2026-10-07
de,petersen,expert,1674,proper_noun,signed override: Eric 2026-10-07,2026-10-07
de,pick,expert,1677,wrong_language_english,signed override: Eric 2026-10-07,2026-10-07
de,portrait,expert,1679,wrong_language_english,,2026-10-07
de,res,expert,1691,wrong_language_english,,2026-10-07
de,rover,expert,1696,wrong_language_english,,2026-10-07
de,saar,expert,1698,proper_noun,signed override: Eric 2026-10-07,2026-10-07
de,seat,expert,1709,wrong_language_english,,2026-10-07
de,silvia,expert,1711,proper_noun,signed override: Eric 2026-10-07,2026-10-07
de,six,expert,1713,wrong_language_english,,2026-10-07
de,storm,expert,1721,wrong_language_english,signed override: Eric 2026-10-07,2026-10-07
de,til,expert,1729,wrong_language_english,,2026-10-07
de,une,expert,1739,wrong_language_other,es,2026-10-07
de,val,expert,1744,wrong_language_english,,2026-10-07
de,value,expert,1745,wrong_language_english,,2026-10-07
de,women,expert,1778,wrong_language_english,,2026-10-07
de,andi,expert,1796,proper_noun,signed override: Eric 2026-10-07,2026-10-07
de,apa,expert,1800,wrong_language_other,pt,2026-10-07
de,austin,expert,1806,proper_noun,signed override: Eric 2026-10-07,2026-10-07
de,av,expert,1809,wrong_language_english,,2026-10-07
de,benny,expert,1818,proper_noun,,2026-10-07
de,bro,expert,1826,wrong_language_english,,2026-10-07
de,bu,expert,1828,wrong_language_english,,2026-10-07
de,clean,expert,1831,wrong_language_english,signed override: Eric 2026-10-07,2026-10-07
de,commerce,expert,1832,wrong_language_english,,2026-10-07
de,core,expert,1833,wrong_language_english,,2026-10-07
de,falk,expert,1855,proper_noun,signed override: Eric 2026-10-07,2026-10-07
de,fine,expert,1858,wrong_language_english,,2026-10-07
de,french,expert,1862,wrong_language_english,,2026-10-07
de,gilbert,expert,1880,proper_noun,signed override: Eric 2026-10-07,2026-10-07
de,grazer,expert,1884,wrong_language_english,signed override: Eric 2026-10-07,2026-10-07
de,him,expert,1889,wrong_language_english,,2026-10-07
de,hipster,expert,1890,wrong_language_english,,2026-10-07
de,ioc,expert,1891,abbreviation_or_noise,,2026-10-07
de,joan,expert,1894,proper_noun,,2026-10-07
de,joshua,expert,1895,proper_noun,signed override: Eric 2026-10-07,2026-10-07
de,kindle,expert,1901,wrong_language_english,,2026-10-07
de,lane,expert,1911,wrong_language_english,,2026-10-07
de,lin,expert,1917,proper_noun,,2026-10-07
de,maxi,expert,1922,wrong_language_english,signed override: Eric 2026-10-07,2026-10-07
de,medical,expert,1923,wrong_language_english,,2026-10-07
de,melbourne,expert,1925,proper_noun,signed override: Eric 2026-10-07,2026-10-07
de,messi,expert,1927,proper_noun,,2026-10-07
de,oz,expert,1947,wrong_language_english,,2026-10-07
de,rocket,expert,1961,wrong_language_english,,2026-10-07
de,sander,expert,1963,wrong_language_english,,2026-10-07
de,travel,expert,1995,wrong_language_english,,2026-10-07
de,tumblr,expert,1997,wrong_language_other,pl,2026-10-07
de,wu,expert,2029,proper_noun,,2026-10-07
de,xiv,expert,2030,wrong_language_english,,2026-10-07
de,antoine,expert,2050,proper_noun,,2026-10-07
de,dans,expert,2081,wrong_language_other,fr,2026-10-07
de,denise,expert,2082,proper_noun,signed override: Eric 2026-10-07,2026-10-07
de,drake,expert,2086,wrong_language_english,,2026-10-07
de,ghost,expert,2127,wrong_language_english,,2026-10-07
de,gunnar,expert,2132,proper_noun,signed override: Eric 2026-10-07,2026-10-07
de,hehe,expert,2139,wrong_language_other,pl,2026-10-07
de,ih,expert,2147,wrong_language_other,pt,2026-10-07
de,informations,expert,2150,wrong_language_other,fr,2026-10-07
de,intro,expert,2153,wrong_language_english,signed override: Eric 2026-10-07,2026-10-07
de,isabella,expert,2155,proper_noun,signed override: Eric 2026-10-07,2026-10-07
de,leb,expert,2169,abbreviation_or_noise,,2026-10-07
de,limited,expert,2173,wrong_language_english,,2026-10-07
de,lina,expert,2174,proper_noun,,2026-10-07
de,message,expert,2183,wrong_language_english,,2026-10-07
de,officer,expert,2194,wrong_language_english,,2026-10-07
de,okt,expert,2195,abbreviation_or_noise,,2026-10-07
de,pearl,expert,2200,wrong_language_english,,2026-10-07
de,ried,expert,2211,wrong_language_other,signed override: Eric 2026-10-07,2026-10-07
de,running,expert,2217,wrong_language_english,,2026-10-07
de,sept,expert,2223,proper_noun,signed override: Eric 2026-10-07,2026-10-07
de,shooting,expert,2225,wrong_language_english,,2026-10-07
de,spirit,expert,2230,wrong_language_english,,2026-10-07
de,stade,expert,2232,wrong_language_other,signed override: Eric 2026-10-07,2026-10-07
de,streamen,expert,2237,wrong_language_other,signed override: Eric 2026-10-07,2026-10-07
de,tan,expert,2239,wrong_language_english,,2026-10-07
de,wels,expert,2267,proper_noun,signed override: Eric 2026-10-07,2026-10-07
de,wenzel,expert,2268,proper_noun,signed override: Eric 2026-10-07,2026-10-07
de,woman,expert,2274,wrong_language_english,,2026-10-07
de,adventure,expert,2289,wrong_language_english,,2026-10-07
de,away,expert,2306,wrong_language_english,,2026-10-07
de,carolina,expert,2331,proper_noun,signed override: Eric 2026-10-07,2026-10-07
de,collection,expert,2332,wrong_language_english,,2026-10-07
de,commission,expert,2333,wrong_language_english,,2026-10-07
de,cook,expert,2335,wrong_language_english,,2026-10-07
de,cyrus,expert,2336,proper_noun,,2026-10-07
de,department,expert,2340,wrong_language_english,,2026-10-07
de,dylan,expert,2347,proper_noun,signed override: Eric 2026-10-07,2026-10-07
de,ella,expert,2352,proper_noun,,2026-10-07
de,evil,expert,2360,wrong_language_english,,2026-10-07
de,eye,expert,2361,wrong_language_english,,2026-10-07
de,folk,expert,2363,wrong_language_english,signed override: Eric 2026-10-07,2026-10-07
de,forster,expert,2365,proper_noun,,2026-10-07
de,grass,expert,2387,wrong_language_english,signed override: Eric 2026-10-07,2026-10-07
de,hei,expert,2391,wrong_language_other,pt,2026-10-07
de,instant,expert,2401,wrong_language_english,,2026-10-07
de,katar,expert,2407,wrong_language_other,signed override: Eric 2026-10-07,2026-10-07
de,kings,expert,2408,wrong_language_english,,2026-10-07
de,leonhard,expert,2426,proper_noun,signed override: Eric 2026-10-07,2026-10-07
de,liam,expert,2428,proper_noun,,2026-10-07
de,martini,expert,2433,wrong_language_english,signed override: Eric 2026-10-07,2026-10-07
de,mill,expert,2437,wrong_language_english,,2026-10-07
de,ole,expert,2446,wrong_language_english,,2026-10-07
de,palma,expert,2449,wrong_language_other,signed override: Eric 2026-10-07,2026-10-07
de,peace,expert,2452,wrong_language_english,,2026-10-07
de,playoffs,expert,2456,wrong_language_english,signed override: Eric 2026-10-07,2026-10-07
de,rudolph,expert,2468,proper_noun,signed override: Eric 2026-10-07,2026-10-07
de,sami,expert,2473,proper_noun,,2026-10-07
de,site,expert,2481,wrong_language_english,,2026-10-07
de,stage,expert,2485,wrong_language_english,,2026-10-07
de,sus,expert,2488,wrong_language_other,es,2026-10-07
de,them,expert,2489,wrong_language_english,,2026-10-07
de,today,expert,2491,wrong_language_english,,2026-10-07
de,voigt,expert,2512,proper_noun,signed override: Eric 2026-10-07,2026-10-07
de,astra,expert,2544,wrong_language_other,pt,2026-10-07
de,bag,expert,2552,wrong_language_english,,2026-10-07
de,brothers,expert,2571,wrong_language_english,,2026-10-07
de,craig,expert,2575,proper_noun,,2026-10-07
de,culture,expert,2576,wrong_language_english,,2026-10-07
de,donna,expert,2582,proper_noun,,2026-10-07
de,dorothea,expert,2583,proper_noun,signed override: Eric 2026-10-07,2026-10-07
de,edv,expert,2587,abbreviation_or_noise,,2026-10-07
de,emails,expert,2593,wrong_language_english,signed override: Eric 2026-10-07,2026-10-07
de,ess,expert,2599,abbreviation_or_noise,,2026-10-07
de,financial,expert,2605,wrong_language_english,,2026-10-07
de,had,expert,2628,wrong_language_english,,2026-10-07
de,hauser,expert,2631,proper_noun,,2026-10-07
de,highway,expert,2636,wrong_language_english,signed override: Eric 2026-10-07,2026-10-07
de,ibiza,expert,2638,proper_noun,signed override: Eric 2026-10-07,2026-10-07
de,ida,expert,2639,proper_noun,signed override: Eric 2026-10-07,2026-10-07
de,ie,expert,2640,wrong_language_other,pl,2026-10-07
de,jeremy,expert,2644,proper_noun,,2026-10-07
de,josh,expert,2645,wrong_language_english,,2026-10-07
de,livestream,expert,2658,wrong_language_other,signed override: Eric 2026-10-07,2026-10-07
de,living,expert,2659,wrong_language_english,,2026-10-07
de,mel,expert,2663,proper_noun,,2026-10-07
de,minecraft,expert,2666,proper_noun,,2026-10-07
de,mose,expert,2668,proper_noun,signed override: Eric 2026-10-07,2026-10-07
de,navi,expert,2671,wrong_language_other,signed override: Eric 2026-10-07,2026-10-07
de,ocean,expert,2674,wrong_language_english,,2026-10-07
de,oo,expert,2677,wrong_language_other,pl,2026-10-07
de,product,expert,2684,wrong_language_english,,2026-10-07
de,relegation,expert,2693,wrong_language_english,signed override: Eric 2026-10-07,2026-10-07
de,rica,expert,2695,wrong_language_other,signed override: Eric 2026-10-07,2026-10-07
de,snow,expert,2708,wrong_language_english,,2026-10-07
de,steyr,expert,2717,wrong_language_other,signed override: Eric 2026-10-07,2026-10-07
de,vors,expert,2751,wrong_language_other,signed override: Eric 2026-10-07,2026-10-07
de,wood,expert,2763,wrong_language_english,,2026-10-07
de,aires,expert,2780,proper_noun,signed override: Eric 2026-10-07,2026-10-07
de,better,expert,2804,wrong_language_english,,2026-10-07
de,brad,expert,2809,wrong_language_english,,2026-10-07
de,buddy,expert,2812,wrong_language_english,,2026-10-07
de,california,expert,2815,proper_noun,,2026-10-07
de,causa,expert,2816,wrong_language_other,es,2026-10-07
de,congress,expert,2819,wrong_language_english,,2026-10-07
de,covid,expert,2820,proper_noun,,2026-10-07
de,det,expert,2822,wrong_language_other,pl,2026-10-07
de,eve,expert,2840,wrong_language_english,,2026-10-07
de,experience,expert,2841,wrong_language_english,,2026-10-07
de,gallery,expert,2857,wrong_language_english,,2026-10-07
de,gema,expert,2860,wrong_language_other,es,2026-10-07
de,grüss,expert,2869,duplicate_after_fix,collides with grüß,2026-10-07
de,henrik,expert,2873,proper_noun,,2026-10-07
de,herder,expert,2875,wrong_language_english,signed override: Eric 2026-10-07,2026-10-07
de,hudson,expert,2876,proper_noun,signed override: Eric 2026-10-07,2026-10-07
de,jesse,expert,2885,proper_noun,,2026-10-07
de,kessler,expert,2892,proper_noun,,2026-10-07
de,kiss,expert,2894,wrong_language_english,,2026-10-07
de,luc,expert,2910,proper_noun,,2026-10-07
de,montana,expert,2917,proper_noun,signed override: Eric 2026-10-07,2026-10-07
de,move,expert,2918,wrong_language_english,,2026-10-07
de,murphy,expert,2919,proper_noun,,2026-10-07
de,nicholas,expert,2928,proper_noun,,2026-10-07
de,omg,expert,2931,wrong_language_other,pl,2026-10-07
de,ott,expert,2935,abbreviation_or_noise,,2026-10-07
de,owen,expert,2936,proper_noun,,2026-10-07
de,pete,expert,2940,proper_noun,,2026-10-07
pt,europa,medium,191,proper_noun,,2026-10-07
pt,music,medium,501,wrong_language_english,,2026-10-07
pt,peter,medium,508,proper_noun,,2026-10-07
pt,méxico,medium,534,proper_noun,,2026-10-07
pt,school,medium,560,wrong_language_english,,2026-10-07
pt,disney,medium,606,proper_noun,,2026-10-07
pt,bahia,medium,645,proper_noun,,2026-10-07
pt,henrique,medium,730,proper_noun,,2026-10-07
pt,go,medium,740,wrong_language_english,,2026-10-07
pt,rafael,medium,749,proper_noun,,2026-10-07
pt,washington,medium,752,proper_noun,,2026-10-07
pt,andré,medium,766,proper_noun,,2026-10-07
pt,oscar,medium,780,proper_noun,,2026-10-07
pt,gabriel,medium,789,proper_noun,,2026-10-07
pt,louis,medium,792,proper_noun,,2026-10-07
pt,felipe,medium,815,proper_noun,,2026-10-07
pt,alves,medium,851,proper_noun,,2026-10-07
pt,alex,medium,870,proper_noun,,2026-10-07
pt,inglaterra,medium,895,proper_noun,,2026-10-07
pt,iorque,medium,896,proper_noun,,2026-10-07
pt,records,hard,459,wrong_language_english,,2026-10-07
pt,american,hard,683,proper_noun,,2026-10-07
pt,college,hard,712,wrong_language_english,,2026-10-07
pt,queiroz,hard,792,proper_noun,,2026-10-07
pt,reality,hard,793,wrong_language_english,,2026-10-07
pt,renan,hard,795,proper_noun,,2026-10-07
pt,story,hard,802,wrong_language_english,,2026-10-07
pt,ya,hard,812,wrong_language_english,,2026-10-07
pt,america,hard,822,proper_noun,,2026-10-07
pt,call,hard,830,wrong_language_english,,2026-10-07
pt,carla,hard,832,proper_noun,,2026-10-07
pt,dean,hard,842,wrong_language_english,,2026-10-07
pt,full,hard,858,wrong_language_english,,2026-10-07
pt,goiânia,hard,860,proper_noun,,2026-10-07
pt,ip,hard,873,abbreviation_or_noise,,2026-10-07
pt,jeff,hard,874,proper_noun,,2026-10-07
pt,jimmy,hard,875,wrong_language_english,,2026-10-07
pt,netflix,hard,884,proper_noun,,2026-10-07
pt,sergio,hard,909,proper_noun,,2026-10-07
pt,tags,hard,915,wrong_language_english,,2026-10-07
pt,christian,hard,936,wrong_language_english,,2026-10-07
pt,familia,hard,958,misspelled_missing_diacritic,P11 duplicate of família,2026-10-07
pt,gordon,hard,967,proper_noun,,2026-10-07
pt,hey,hard,970,wrong_language_english,,2026-10-07
pt,high,hard,971,wrong_language_english,,2026-10-07
pt,igor,hard,973,proper_noun,,2026-10-07
pt,linux,hard,982,proper_noun,,2026-10-07
pt,luciano,hard,983,proper_noun,,2026-10-07
pt,mails,hard,985,wrong_language_english,,2026-10-07
pt,never,hard,991,wrong_language_english,,2026-10-07
pt,nigéria,hard,992,proper_noun,,2026-10-07
pt,perry,hard,999,proper_noun,,2026-10-07
pt,potter,hard,1004,wrong_language_english,,2026-10-07
pt,samuel,hard,1010,proper_noun,,2026-10-07
pt,vietnã,hard,1025,proper_noun,,2026-10-07
pt,work,hard,1027,wrong_language_english,,2026-10-07
pt,andy,hard,1034,proper_noun,,2026-10-07
pt,dave,hard,1057,proper_noun,,2026-10-07
pt,davis,hard,1058,proper_noun,,2026-10-07
pt,duarte,hard,1061,proper_noun,,2026-10-07
pt,hop,hard,1070,wrong_language_english,,2026-10-07
pt,inácio,hard,1076,proper_noun,,2026-10-07
pt,know,hard,1079,wrong_language_english,,2026-10-07
pt,league,hard,1082,wrong_language_english,,2026-10-07
pt,men,hard,1085,wrong_language_english,,2026-10-07
pt,over,hard,1094,wrong_language_english,,2026-10-07
pt,point,hard,1098,wrong_language_english,,2026-10-07
pt,sá,hard,1112,proper_noun,,2026-10-07
pt,tambem,hard,1113,misspelled_missing_diacritic,P11 duplicate of também,2026-10-07
pt,about,hard,1123,wrong_language_english,,2026-10-07
pt,action,hard,1125,wrong_language_english,,2026-10-07
pt,au,hard,1135,proper_noun,,2026-10-07
pt,awards,hard,1136,wrong_language_english,,2026-10-07
pt,directamente,hard,1167,wrong_language_other,es,2026-10-07
pt,gabriela,hard,1180,proper_noun,,2026-10-07
pt,hope,hard,1183,proper_noun,,2026-10-07
pt,jair,hard,1191,proper_noun,,2026-10-07
pt,jon,hard,1192,proper_noun,,2026-10-07
pt,jonathan,hard,1193,proper_noun,,2026-10-07
pt,master,hard,1199,wrong_language_english,,2026-10-07
pt,oliver,hard,1204,proper_noun,,2026-10-07
pt,walker,hard,1236,wrong_language_english,,2026-10-07
pt,xavier,hard,1237,proper_noun,,2026-10-07
pt,yo,hard,1238,wrong_language_english,,2026-10-07
pt,andrea,hard,1245,proper_noun,,2026-10-07
pt,business,hard,1252,wrong_language_english,,2026-10-07
pt,grand,hard,1284,wrong_language_english,,2026-10-07
pt,ne,hard,1295,proper_noun,,2026-10-07
pt,view,hard,1332,wrong_language_english,,2026-10-07
pt,vitor,hard,1335,proper_noun,,2026-10-07
pt,wi,hard,1336,wrong_language_other,pl,2026-10-07
pt,assis,hard,1345,proper_noun,,2026-10-07
pt,donald,hard,1373,proper_noun,,2026-10-07
pt,geraldo,hard,1384,proper_noun,,2026-10-07
pt,jennifer,hard,1390,proper_noun,,2026-10-07
pt,office,hard,1401,wrong_language_english,,2026-10-07
pt,robin,hard,1420,proper_noun,,2026-10-07
pt,romero,hard,1421,proper_noun,,2026-10-07
pt,sandra,hard,1422,proper_noun,,2026-10-07
pt,service,hard,1424,wrong_language_english,,2026-10-07
pt,sra,hard,1429,variety_mismatch,VARIETY_PT_PT,2026-10-07
pt,su,hard,1430,wrong_language_other,es,2026-10-07
pt,university,hard,1437,wrong_language_english,,2026-10-07
pt,williams,hard,1444,proper_noun,,2026-10-07
pt,albert,hard,1449,proper_noun,,2026-10-07
pt,doc,hard,1466,wrong_language_english,,2026-10-07
pt,dra,hard,1468,variety_mismatch,VARIETY_PT_PT,2026-10-07
pt,east,hard,1469,wrong_language_english,,2026-10-07
pt,girls,hard,1478,wrong_language_english,,2026-10-07
pt,jacob,hard,1485,proper_noun,,2026-10-07
pt,jerry,hard,1486,proper_noun,,2026-10-07
pt,julio,hard,1487,proper_noun,,2026-10-07
pt,karen,hard,1488,proper_noun,,2026-10-07
pt,kids,hard,1489,wrong_language_english,,2026-10-07
pt,let,hard,1491,wrong_language_english,,2026-10-07
pt,maurício,hard,1495,proper_noun,,2026-10-07
pt,night,hard,1500,wrong_language_english,,2026-10-07
pt,qu,hard,1509,wrong_language_other,es,2026-10-07
pt,simone,hard,1519,proper_noun,,2026-10-07
pt,villa,hard,1527,wrong_language_english,,2026-10-07
pt,wall,hard,1528,proper_noun,,2026-10-07
pt,when,hard,1529,wrong_language_english,,2026-10-07
pt,xxi,hard,1530,wrong_language_english,,2026-10-07
pt,ac,hard,1531,proper_noun,,2026-10-07
pt,chef,hard,1547,wrong_language_english,,2026-10-07
pt,coutinho,hard,1556,proper_noun,,2026-10-07
pt,cover,hard,1557,wrong_language_english,,2026-10-07
pt,dennis,hard,1563,proper_noun,,2026-10-07
pt,elena,hard,1572,proper_noun,,2026-10-07
pt,est,hard,1575,wrong_language_english,,2026-10-07
pt,galvão,hard,1584,proper_noun,,2026-10-07
pt,luke,hard,1600,proper_noun,,2026-10-07
pt,magalhães,hard,1601,proper_noun,,2026-10-07
pt,marie,hard,1605,proper_noun,,2026-10-07
pt,morgan,hard,1609,proper_noun,,2026-10-07
pt,sean,hard,1637,proper_noun,,2026-10-07
pt,stan,hard,1641,proper_noun,,2026-10-07
pt,vladimir,hard,1661,proper_noun,,2026-10-07
pt,abreu,hard,1662,proper_noun,,2026-10-07
pt,américas,hard,1666,proper_noun,,2026-10-07
pt,atenas,hard,1674,proper_noun,,2026-10-07
pt,danilo,hard,1697,proper_noun,,2026-10-07
pt,diogo,hard,1703,proper_noun,,2026-10-07
pt,dylan,hard,1707,proper_noun,,2026-10-07
pt,friends,hard,1718,wrong_language_english,,2026-10-07
pt,information,hard,1723,wrong_language_english,,2026-10-07
pt,iso,hard,1727,abbreviation_or_noise,,2026-10-07
pt,jordan,hard,1728,proper_noun,,2026-10-07
pt,kennedy,hard,1730,proper_noun,,2026-10-07
pt,saint,hard,1762,wrong_language_english,,2026-10-07
pt,stephen,hard,1767,proper_noun,,2026-10-07
pt,stop,hard,1768,variety_mismatch,VARIETY_PT_PT,2026-10-07
pt,vaz,hard,1775,proper_noun,,2026-10-07
pt,victoria,hard,1776,proper_noun,,2026-10-07
pt,voice,hard,1778,wrong_language_english,,2026-10-07
pt,want,hard,1780,wrong_language_english,,2026-10-07
pt,bueno,hard,1787,proper_noun,,2026-10-07
pt,carter,hard,1790,wrong_language_english,,2026-10-07
pt,family,hard,1828,wrong_language_english,,2026-10-07
pt,gold,hard,1831,wrong_language_english,,2026-10-07
pt,guy,hard,1834,wrong_language_english,,2026-10-07
pt,harvard,hard,1835,proper_noun,,2026-10-07
pt,jersey,hard,1842,proper_noun,,2026-10-07
pt,josh,hard,1843,wrong_language_english,,2026-10-07
pt,júlio,hard,1844,proper_noun,,2026-10-07
pt,lincoln,hard,1845,proper_noun,,2026-10-07
pt,marcus,hard,1848,proper_noun,,2026-10-07
pt,matheus,hard,1849,proper_noun,,2026-10-07
pt,nicole,hard,1859,proper_noun,,2026-10-07
pt,património,hard,1864,variety_mismatch,VARIETY_PT_PT,2026-10-07
pt,pierre,hard,1866,proper_noun,,2026-10-07
pt,rondônia,hard,1881,proper_noun,,2026-10-07
pt,alexander,hard,1903,proper_noun,,2026-10-07
pt,azevedo,hard,1914,proper_noun,,2026-10-07
pt,bella,hard,1916,proper_noun,,2026-10-07
pt,bruxelas,hard,1917,proper_noun,,2026-10-07
pt,but,hard,1918,wrong_language_english,,2026-10-07
pt,cap,hard,1923,wrong_language_english,,2026-10-07
pt,death,hard,1930,wrong_language_english,,2026-10-07
pt,dem,hard,1931,proper_noun,,2026-10-07
pt,dubai,hard,1936,proper_noun,,2026-10-07
pt,económico,hard,1937,variety_mismatch,VARIETY_PT_PT,2026-10-07
pt,eddie,hard,1938,proper_noun,,2026-10-07
pt,he,hard,1955,proper_noun,,2026-10-07
pt,institute,hard,1962,wrong_language_english,,2026-10-07
pt,kate,hard,1963,proper_noun,,2026-10-07
pt,looks,expert,801,wrong_language_english,,2026-10-07
pt,mei,expert,806,wrong_language_other,pl,2026-10-07
pt,mes,expert,808,wrong_language_english,,2026-10-07
pt,michigan,expert,809,proper_noun,,2026-10-07
pt,moscovo,expert,811,proper_noun,,2026-10-07
pt,nadia,expert,813,proper_noun,,2026-10-07
pt,rihanna,expert,851,proper_noun,,2026-10-07
pt,same,expert,857,wrong_language_english,,2026-10-07
pt,sandro,expert,858,proper_noun,,2026-10-07
pt,seul,expert,861,proper_noun,,2026-10-07
pt,small,expert,862,wrong_language_english,,2026-10-07
pt,teaser,expert,866,wrong_language_english,,2026-10-07
pt,underground,expert,873,wrong_language_english,,2026-10-07
pt,valle,expert,878,wrong_language_other,es,2026-10-07
pt,websites,expert,885,wrong_language_english,,2026-10-07
pt,xiii,expert,886,variety_mismatch,VARIETY_PT_PT,2026-10-07
pt,yeah,expert,887,wrong_language_english,,2026-10-07
pt,amsterdã,expert,898,proper_noun,,2026-10-07
pt,anatel,expert,899,proper_noun,,2026-10-07
pt,bird,expert,909,proper_noun,,2026-10-07
pt,boss,expert,912,wrong_language_english,,2026-10-07
pt,brazilian,expert,913,proper_noun,,2026-10-07
pt,breaking,expert,914,wrong_language_english,,2026-10-07
pt,casey,expert,921,proper_noun,,2026-10-07
pt,cloud,expert,925,wrong_language_english,,2026-10-07
pt,court,expert,934,wrong_language_english,,2026-10-07
pt,deck,expert,938,wrong_language_english,,2026-10-07
pt,direct,expert,942,wrong_language_english,,2026-10-07
pt,edition,expert,947,wrong_language_english,,2026-10-07
pt,fight,expert,967,wrong_language_english,,2026-10-07
pt,finn,expert,970,proper_noun,,2026-10-07
pt,freddie,expert,971,proper_noun,,2026-10-07
pt,ga,expert,974,proper_noun,,2026-10-07
pt,ge,expert,975,proper_noun,,2026-10-07
pt,gilbert,expert,977,proper_noun,,2026-10-07
pt,havaí,expert,981,proper_noun,,2026-10-07
pt,jenny,expert,996,wrong_language_english,,2026-10-07
pt,kenny,expert,998,proper_noun,,2026-10-07
pt,marion,expert,1007,proper_noun,,2026-10-07
pt,mos,expert,1012,variety_mismatch,VARIETY_PT_PT,2026-10-07
pt,natasha,expert,1018,proper_noun,,2026-10-07
pt,ney,expert,1019,proper_noun,,2026-10-07
pt,renault,expert,1046,proper_noun,,2026-10-07
pt,resources,expert,1051,wrong_language_english,,2026-10-07
pt,reynolds,expert,1053,proper_noun,,2026-10-07
pt,rise,expert,1054,wrong_language_english,,2026-10-07
pt,share,expert,1060,wrong_language_english,,2026-10-07
pt,truth,expert,1079,wrong_language_english,,2026-10-07
pt,uber,expert,1080,proper_noun,,2026-10-07
pt,xii,expert,1088,variety_mismatch,VARIETY_PT_PT,2026-10-07
pt,alzheimer,expert,1100,proper_noun,,2026-10-07
pt,banks,expert,1116,wrong_language_english,,2026-10-07
pt,beverly,expert,1118,proper_noun,,2026-10-07
pt,cavalcante,expert,1129,proper_noun,,2026-10-07
pt,corporation,expert,1147,wrong_language_english,,2026-10-07
pt,dir,expert,1158,proper_noun,,2026-10-07
pt,drag,expert,1165,wrong_language_english,,2026-10-07
pt,díaz,expert,1167,proper_noun,,2026-10-07
pt,eliza,expert,1169,proper_noun,,2026-10-07
pt,evelyn,expert,1183,proper_noun,,2026-10-07
pt,explorer,expert,1188,wrong_language_english,,2026-10-07
pt,ferguson,expert,1190,proper_noun,,2026-10-07
pt,floyd,expert,1195,proper_noun,,2026-10-07
pt,geoffrey,expert,1200,proper_noun,,2026-10-07
pt,herrera,expert,1204,proper_noun,,2026-10-07
pt,independent,expert,1207,wrong_language_english,,2026-10-07
pt,ko,expert,1215,wrong_language_other,fr,2026-10-07
pt,kosovo,expert,1216,proper_noun,,2026-10-07
pt,lionel,expert,1218,proper_noun,,2026-10-07
pt,motta,expert,1227,wrong_language_other,fr,2026-10-07
pt,natalie,expert,1228,proper_noun,,2026-10-07
pt,palm,expert,1236,wrong_language_english,,2026-10-07
pt,peace,expert,1241,wrong_language_english,,2026-10-07
pt,petersburgo,expert,1246,proper_noun,,2026-10-07
pt,porter,expert,1251,wrong_language_english,,2026-10-07
pt,prince,expert,1255,proper_noun,,2026-10-07
pt,resende,expert,1268,proper_noun,,2026-10-07
pt,screen,expert,1273,wrong_language_english,,2026-10-07
pt,selena,expert,1274,proper_noun,,2026-10-07
pt,sims,expert,1276,wrong_language_english,,2026-10-07
pt,staff,expert,1279,variety_mismatch,VARIETY_PT_PT,2026-10-07
pt,teodoro,expert,1288,proper_noun,,2026-10-07
pt,titanic,expert,1290,wrong_language_english,,2026-10-07
pt,tvi,expert,1297,abbreviation_or_noise,,2026-10-07
pt,uti,expert,1300,wrong_language_other,pl,2026-10-07
pt,activa,expert,1311,wrong_language_other,es,2026-10-07
pt,ag,expert,1316,proper_noun,,2026-10-07
pt,alien,expert,1322,wrong_language_english,,2026-10-07
pt,avaí,expert,1333,proper_noun,,2026-10-07
pt,been,expert,1337,wrong_language_english,,2026-10-07
pt,bernardes,expert,1338,proper_noun,,2026-10-07
pt,cold,expert,1349,wrong_language_english,,2026-10-07
pt,colónia,expert,1350,variety_mismatch,VARIETY_PT_PT,2026-10-07
pt,dans,expert,1370,wrong_language_other,fr,2026-10-07
pt,dee,expert,1372,proper_noun,,2026-10-07
pt,denver,expert,1373,proper_noun,,2026-10-07
pt,donna,expert,1383,proper_noun,,2026-10-07
pt,dulce,expert,1384,proper_noun,,2026-10-07
pt,firefox,expert,1404,proper_noun,,2026-10-07
pt,hardcore,expert,1415,wrong_language_english,,2026-10-07
pt,heitor,expert,1416,proper_noun,,2026-10-07
pt,inside,expert,1429,wrong_language_english,,2026-10-07
pt,isabelle,expert,1437,proper_noun,,2026-10-07
pt,itaú,expert,1440,proper_noun,,2026-10-07
pt,jet,expert,1441,wrong_language_english,,2026-10-07
pt,ju,expert,1443,wrong_language_other,es,2026-10-07
pt,kirk,expert,1446,proper_noun,,2026-10-07
pt,lindsay,expert,1449,proper_noun,,2026-10-07
pt,lot,expert,1451,wrong_language_english,,2026-10-07
pt,maomé,expert,1454,proper_noun,,2026-10-07
pt,mass,expert,1455,wrong_language_english,,2026-10-07
pt,match,expert,1457,wrong_language_english,,2026-10-07
pt,nike,expert,1467,proper_noun,,2026-10-07
pt,pain,expert,1472,wrong_language_english,,2026-10-07
pt,piper,expert,1479,wrong_language_english,,2026-10-07
pt,remember,expert,1504,wrong_language_english,,2026-10-07
pt,robbie,expert,1509,proper_noun,,2026-10-07
pt,ruiz,expert,1510,proper_noun,,2026-10-07
pt,sangalo,expert,1512,proper_noun,,2026-10-07
pt,sharon,expert,1522,proper_noun,,2026-10-07
pt,shirley,expert,1523,proper_noun,,2026-10-07
pt,something,expert,1525,wrong_language_english,,2026-10-07
pt,sorry,expert,1526,wrong_language_english,,2026-10-07
pt,stay,expert,1527,wrong_language_english,,2026-10-07
pt,strange,expert,1528,wrong_language_english,,2026-10-07
pt,text,expert,1540,wrong_language_english,,2026-10-07
pt,track,expert,1541,wrong_language_english,,2026-10-07
pt,unicamp,expert,1549,proper_noun,,2026-10-07
pt,update,expert,1550,wrong_language_english,,2026-10-07
pt,upon,expert,1551,wrong_language_english,,2026-10-07
pt,very,expert,1554,wrong_language_english,,2026-10-07
pt,académica,expert,1561,variety_mismatch,VARIETY_PT_PT,2026-10-07
pt,ae,expert,1564,abbreviation_or_noise,,2026-10-07
pt,almada,expert,1567,proper_noun,,2026-10-07
pt,bailey,expert,1586,wrong_language_english,,2026-10-07
pt,bennett,expert,1588,proper_noun,,2026-10-07
pt,beyond,expert,1589,wrong_language_english,,2026-10-07
pt,camera,expert,1596,wrong_language_english,,2026-10-07
pt,committee,expert,1604,wrong_language_english,,2026-10-07
pt,conference,expert,1609,wrong_language_english,,2026-10-07
pt,county,expert,1616,wrong_language_english,,2026-10-07
pt,damião,expert,1618,proper_noun,,2026-10-07
pt,dexter,expert,1625,proper_noun,,2026-10-07
pt,drone,expert,1631,wrong_language_english,,2026-10-07
pt,dublin,expert,1632,proper_noun,,2026-10-07
pt,elis,expert,1633,proper_noun,,2026-10-07
pt,ellis,expert,1634,proper_noun,,2026-10-07
pt,eugene,expert,1646,proper_noun,,2026-10-07
pt,european,expert,1647,proper_noun,,2026-10-07
pt,gui,expert,1662,wrong_language_other,fr,2026-10-07
pt,hayes,expert,1666,proper_noun,,2026-10-07
pt,hector,expert,1668,proper_noun,,2026-10-07
pt,idol,expert,1669,wrong_language_english,,2026-10-07
pt,juventus,expert,1681,proper_noun,,2026-10-07
pt,keep,expert,1682,wrong_language_english,,2026-10-07
pt,language,expert,1684,wrong_language_english,,2026-10-07
pt,leopoldo,expert,1686,proper_noun,,2026-10-07
pt,lex,expert,1689,proper_noun,,2026-10-07
pt,luxemburgo,expert,1691,proper_noun,,2026-10-07
pt,marilyn,expert,1696,proper_noun,,2026-10-07
pt,mick,expert,1701,wrong_language_english,,2026-10-07
pt,middle,expert,1702,wrong_language_english,,2026-10-07
pt,movie,expert,1710,wrong_language_english,,2026-10-07
pt,muhammad,expert,1711,proper_noun,,2026-10-07
pt,nation,expert,1713,wrong_language_english,,2026-10-07
pt,niemeyer,expert,1715,proper_noun,,2026-10-07
pt,pub,expert,1733,wrong_language_english,,2026-10-07
pt,rappers,expert,1739,wrong_language_english,,2026-10-07
pt,raúl,expert,1740,proper_noun,,2026-10-07
pt,rocky,expert,1752,wrong_language_english,,2026-10-07
pt,roosevelt,expert,1754,proper_noun,,2026-10-07
pt,studies,expert,1762,wrong_language_english,,2026-10-07
pt,tablet,expert,1769,wrong_language_english,,2026-10-07
pt,toni,expert,1777,proper_noun,,2026-10-07
pt,trinidad,expert,1782,proper_noun,,2026-10-07
pt,turn,expert,1784,wrong_language_english,,2026-10-07
pt,vega,expert,1791,proper_noun,,2026-10-07
pt,alexandra,expert,1806,proper_noun,,2026-10-07
pt,apollo,expert,1812,proper_noun,,2026-10-07
pt,ass,expert,1818,wrong_language_english,,2026-10-07
pt,belle,expert,1826,wrong_language_english,,2026-10-07
pt,born,expert,1831,wrong_language_english,,2026-10-07
pt,bug,expert,1833,variety_mismatch,VARIETY_PT_PT,2026-10-07
pt,carlinhos,expert,1838,proper_noun,,2026-10-07
pt,clip,expert,1843,wrong_language_english,,2026-10-07
pt,connecticut,expert,1852,proper_noun,,2026-10-07
pt,creative,expert,1872,wrong_language_english,,2026-10-07
pt,diaries,expert,1885,wrong_language_english,,2026-10-07
pt,driver,expert,1890,variety_mismatch,VARIETY_PT_PT,2026-10-07
pt,earl,expert,1892,wrong_language_english,,2026-10-07
pt,ein,expert,1895,wrong_language_other,de,2026-10-07
pt,elle,expert,1897,proper_noun,,2026-10-07
pt,fidel,expert,1913,proper_noun,,2026-10-07
pt,fmi,expert,1916,abbreviation_or_noise,,2026-10-07
pt,forbes,expert,1917,proper_noun,,2026-10-07
pt,giovanni,expert,1924,proper_noun,,2026-10-07
pt,ibn,expert,1929,wrong_language_other,fr,2026-10-07
pt,jenkins,expert,1943,proper_noun,,2026-10-07
pt,judith,expert,1944,proper_noun,,2026-10-07
pt,juliette,expert,1945,proper_noun,,2026-10-07
pt,martinho,expert,1954,proper_noun,,2026-10-07
pt,meet,expert,1955,wrong_language_english,,2026-10-07
pt,microondas,expert,1957,wrong_language_other,es,2026-10-07
pt,mirror,expert,1958,wrong_language_english,,2026-10-07
pt,op,expert,1968,wrong_language_english,,2026-10-07
pt,poker,expert,1974,wrong_language_english,,2026-10-07
pt,poster,expert,1975,variety_mismatch,VARIETY_PT_PT,2026-10-07
pt,putin,expert,1979,proper_noun,,2026-10-07
pt,running,expert,1994,wrong_language_english,,2026-10-07
pt,shake,expert,1997,wrong_language_english,,2026-10-07
pt,sharp,expert,1998,wrong_language_english,,2026-10-07
pt,speed,expert,2003,wrong_language_english,,2026-10-07
pt,sweet,expert,2006,wrong_language_english,,2026-10-07
pt,theo,expert,2010,proper_noun,,2026-10-07
pt,toyota,expert,2013,proper_noun,,2026-10-07
pt,trip,expert,2015,wrong_language_english,,2026-10-07
pt,win,expert,2024,wrong_language_english,,2026-10-07
pt,ângela,expert,2026,proper_noun,,2026-10-07
pt,ally,expert,2038,wrong_language_english,,2026-10-07
pt,alvarez,expert,2039,proper_noun,,2026-10-07
pt,apps,expert,2044,wrong_language_english,,2026-10-07
pt,burke,expert,2059,proper_noun,,2026-10-07
pt,cezar,expert,2065,wrong_language_other,pl,2026-10-07
pt,church,expert,2066,wrong_language_english,,2026-10-07
pt,chávez,expert,2067,proper_noun,,2026-10-07
pt,ciudad,expert,2068,proper_noun,,2026-10-07
pt,clay,expert,2069,wrong_language_english,,2026-10-07
pt,comments,expert,2071,wrong_language_english,,2026-10-07
pt,council,expert,2087,wrong_language_english,,2026-10-07
pt,crystal,expert,2089,wrong_language_english,,2026-10-07
pt,darcy,expert,2092,proper_noun,,2026-10-07
pt,doug,expert,2105,proper_noun,,2026-10-07
pt,egipto,expert,2107,proper_noun,,2026-10-07
pt,elsa,expert,2110,proper_noun,,2026-10-07
pt,every,expert,2118,wrong_language_english,,2026-10-07
pt,exchange,expert,2119,wrong_language_english,,2026-10-07
pt,garrett,expert,2133,proper_noun,,2026-10-07
pt,gibson,expert,2135,proper_noun,,2026-10-07
pt,gina,expert,2136,proper_noun,,2026-10-07
pt,hamburgo,expert,2141,proper_noun,,2026-10-07
pt,haroldo,expert,2142,proper_noun,,2026-10-07
pt,hero,expert,2143,wrong_language_english,,2026-10-07
pt,kat,expert,2160,proper_noun,,2026-10-07
pt,kingdom,expert,2161,wrong_language_english,,2026-10-07
pt,laden,expert,2163,wrong_language_english,,2026-10-07
pt,leave,expert,2166,wrong_language_english,,2026-10-07
pt,ling,expert,2169,wrong_language_english,,2026-10-07
pt,lol,expert,2171,proper_noun,,2026-10-07
pt,maciel,expert,2172,proper_noun,,2026-10-07
pt,martínez,expert,2179,proper_noun,,2026-10-07
pt,maryland,expert,2182,proper_noun,,2026-10-07
pt,megan,expert,2185,proper_noun,,2026-10-07
pt,miriam,expert,2187,proper_noun,,2026-10-07
pt,mma,expert,2188,abbreviation_or_noise,,2026-10-07
pt,monique,expert,2190,proper_noun,,2026-10-07
pt,mto,expert,2193,wrong_language_other,sw,2026-10-07
pt,newsletter,expert,2195,wrong_language_english,,2026-10-07
pt,pensilvânia,expert,2208,proper_noun,,2026-10-07
pt,planet,expert,2213,wrong_language_english,,2026-10-07
pt,porsche,expert,2215,proper_noun,,2026-10-07
pt,rogers,expert,2235,wrong_language_english,,2026-10-07
pt,rolling,expert,2236,wrong_language_english,,2026-10-07
pt,samantha,expert,2240,proper_noun,,2026-10-07
pt,seth,expert,2244,proper_noun,,2026-10-07
pt,shot,expert,2245,wrong_language_english,,2026-10-07
pt,tan,expert,2249,wrong_language_english,,2026-10-07
pt,ultimate,expert,2262,wrong_language_english,,2026-10-07
pt,vinci,expert,2266,proper_noun,,2026-10-07
pt,wade,expert,2268,wrong_language_english,,2026-10-07
pt,zac,expert,2269,abbreviation_or_noise,,2026-10-07
pt,actores,expert,2274,wrong_language_other,es,2026-10-07
pt,against,expert,2279,wrong_language_english,,2026-10-07
pt,antunes,expert,2286,proper_noun,,2026-10-07
pt,atras,expert,2296,misspelled_missing_diacritic,P11 duplicate of atrás,2026-10-07
pt,aviv,expert,2297,proper_noun,,2026-10-07
pt,blanco,expert,2299,wrong_language_other,es,2026-10-07
pt,blu,expert,2300,proper_noun,,2026-10-07
pt,bonnie,expert,2301,proper_noun,,2026-10-07
pt,cinderela,expert,2316,proper_noun,,2026-10-07
pt,cowboy,expert,2328,variety_mismatch,VARIETY_PT_PT,2026-10-07
pt,diane,expert,2337,proper_noun,,2026-10-07
pt,dudu,expert,2343,proper_noun,,2026-10-07
pt,early,expert,2345,wrong_language_english,,2026-10-07
pt,echo,expert,2346,wrong_language_english,,2026-10-07
pt,eps,expert,2352,abbreviation_or_noise,,2026-10-07
pt,esteban,expert,2354,proper_noun,,2026-10-07
pt,fall,expert,2358,wrong_language_english,,2026-10-07
pt,glen,expert,2369,wrong_language_english,,2026-10-07
pt,hands,expert,2371,wrong_language_english,,2026-10-07
pt,index,expert,2377,wrong_language_english,,2026-10-07
pt,jobs,expert,2382,wrong_language_english,,2026-10-07
pt,kara,expert,2385,proper_noun,,2026-10-07
pt,karma,expert,2386,wrong_language_english,,2026-10-07
pt,lin,expert,2392,proper_noun,,2026-10-07
pt,lopez,expert,2393,proper_noun,,2026-10-07
pt,luísa,expert,2394,proper_noun,,2026-10-07
pt,manning,expert,2396,wrong_language_english,,2026-10-07
pt,mills,expert,2400,wrong_language_english,,2026-10-07
pt,mod,expert,2402,wrong_language_english,,2026-10-07
pt,oil,expert,2418,wrong_language_english,,2026-10-07
pt,pay,expert,2430,wrong_language_english,,2026-10-07
pt,quinn,expert,2442,proper_noun,,2026-10-07
pt,release,expert,2446,wrong_language_english,,2026-10-07
pt,ricky,expert,2452,proper_noun,,2026-10-07
pt,saddam,expert,2460,proper_noun,,2026-10-07
pt,station,expert,2468,wrong_language_english,,2026-10-07
pt,suzanne,expert,2473,proper_noun,,2026-10-07
pt,tereza,expert,2476,proper_noun,,2026-10-07
pt,ténis,expert,2483,variety_mismatch,VARIETY_PT_PT,2026-10-07
pt,usd,expert,2485,abbreviation_or_noise,,2026-10-07
pt,valadares,expert,2486,proper_noun,,2026-10-07
pt,viktor,expert,2489,proper_noun,,2026-10-07
pt,volkswagen,expert,2490,proper_noun,,2026-10-07
pt,walsh,expert,2491,proper_noun,,2026-10-07
pt,wikipedia,expert,2492,proper_noun,,2026-10-07
pt,yu,expert,2493,wrong_language_other,sw,2026-10-07
pt,aah,expert,2496,wrong_language_english,,2026-10-07
pt,add,expert,2500,wrong_language_english,,2026-10-07
pt,adn,expert,2502,abbreviation_or_noise,,2026-10-07
pt,aedes,expert,2504,proper_noun,,2026-10-07
pt,australia,expert,2517,misspelled_missing_diacritic,P11 duplicate of austrália,2026-10-07
pt,bart,expert,2522,proper_noun,,2026-10-07
pt,berlin,expert,2525,proper_noun,,2026-10-07
pt,cash,expert,2532,wrong_language_english,,2026-10-07
pt,clean,expert,2537,wrong_language_english,,2026-10-07
pt,cody,expert,2538,proper_noun,,2026-10-07
pt,conrad,expert,2546,proper_noun,,2026-10-07
pt,dalton,expert,2556,proper_noun,,2026-10-07
pt,dodge,expert,2566,wrong_language_english,,2026-10-07
pt,drink,expert,2570,wrong_language_english,,2026-10-07
pt,eye,expert,2583,wrong_language_english,,2026-10-07
pt,fabrício,expert,2584,proper_noun,,2026-10-07
pt,falls,expert,2585,wrong_language_english,,2026-10-07
pt,fiji,expert,2589,proper_noun,,2026-10-07
pt,hawaii,expert,2598,proper_noun,,2026-10-07
pt,hetero,expert,2599,wrong_language_english,,2026-10-07
pt,homer,expert,2602,proper_noun,,2026-10-07
pt,honoris,expert,2603,wrong_language_other,fr,2026-10-07
pt,hussein,expert,2604,proper_noun,,2026-10-07
pt,isis,expert,2613,proper_noun,,2026-10-07
pt,jensen,expert,2615,proper_noun,,2026-10-07
pt,julien,expert,2618,wrong_language_other,fr,2026-10-07
pt,kristen,expert,2621,proper_noun,,2026-10-07
pt,kuwait,expert,2622,proper_noun,,2026-10-07
pt,luc,expert,2626,proper_noun,,2026-10-07
pt,messenger,expert,2633,wrong_language_english,,2026-10-07
pt,milan,expert,2634,proper_noun,,2026-10-07
pt,pamela,expert,2650,proper_noun,,2026-10-07
pt,powell,expert,2665,proper_noun,,2026-10-07
pt,principe,expert,2671,misspelled_missing_diacritic,P11 duplicate of príncipe,2026-10-07
pt,riley,expert,2692,proper_noun,,2026-10-07
pt,sintra,expert,2706,proper_noun,,2026-10-07
pt,switch,expert,2714,wrong_language_english,,2026-10-07
pt,television,expert,2719,wrong_language_english,,2026-10-07
pt,various,expert,2729,wrong_language_english,,2026-10-07
pt,vietname,expert,2734,proper_noun,,2026-10-07
pt,winston,expert,2737,proper_noun,,2026-10-07
pt,óptima,expert,2739,wrong_language_other,es,2026-10-07
pt,abdul,expert,2742,proper_noun,,2026-10-07
pt,ak,expert,2749,abbreviation_or_noise,,2026-10-07
pt,aka,expert,2750,wrong_language_english,,2026-10-07
pt,alasca,expert,2751,proper_noun,,2026-10-07
pt,alec,expert,2752,proper_noun,,2026-10-07
pt,alessandra,expert,2755,proper_noun,,2026-10-07
pt,also,expert,2757,wrong_language_english,,2026-10-07
pt,assad,expert,2762,proper_noun,,2026-10-07
pt,autónoma,expert,2770,variety_mismatch,VARIETY_PT_PT,2026-10-07
pt,chevrolet,expert,2786,proper_noun,,2026-10-07
pt,daddy,expert,2801,wrong_language_english,,2026-10-07
pt,enzo,expert,2818,proper_noun,,2026-10-07
pt,estocolmo,expert,2823,proper_noun,,2026-10-07
pt,eurico,expert,2826,proper_noun,,2026-10-07
pt,fun,expert,2843,wrong_language_english,,2026-10-07
pt,gandhi,expert,2845,proper_noun,,2026-10-07
pt,giovanna,expert,2847,proper_noun,,2026-10-07
pt,gisele,expert,2848,proper_noun,,2026-10-07
pt,goes,expert,2849,wrong_language_english,,2026-10-07
pt,going,expert,2850,wrong_language_english,,2026-10-07
pt,gotham,expert,2852,proper_noun,,2026-10-07
pt,hbo,expert,2856,abbreviation_or_noise,,2026-10-07
pt,henri,expert,2857,proper_noun,,2026-10-07
pt,hilton,expert,2858,proper_noun,,2026-10-07
pt,iêmen,expert,2875,proper_noun,,2026-10-07
pt,lil,expert,2878,proper_noun,,2026-10-07
pt,mackenzie,expert,2883,proper_noun,,2026-10-07
pt,maurice,expert,2888,proper_noun,,2026-10-07
pt,milk,expert,2892,wrong_language_english,,2026-10-07
pt,nate,expert,2896,proper_noun,,2026-10-07
pt,nixon,expert,2899,proper_noun,,2026-10-07
pt,ortiz,expert,2904,proper_noun,,2026-10-07
pt,osvaldo,expert,2905,proper_noun,,2026-10-07
pt,plan,expert,2915,wrong_language_english,,2026-10-07
pt,russia,expert,2937,proper_noun,,2026-10-07
pt,saul,expert,2939,proper_noun,,2026-10-07
pt,ses,expert,2940,variety_mismatch,VARIETY_PT_PT,2026-10-07
pt,shane,expert,2942,proper_noun,,2026-10-07
pt,stalin,expert,2949,proper_noun,,2026-10-07
pt,tomorrow,expert,2958,wrong_language_english,,2026-10-07
pt,unb,expert,2964,abbreviation_or_noise,,2026-10-07
pl,niemcy,medium,211,proper_noun,,2026-10-07
pl,world,medium,577,wrong_language_english,,2026-10-07
pl,polacy,medium,665,proper_noun,,2026-10-07
pl,mozna,medium,774,misspelled_missing_diacritic,P11 duplicate of można,2026-10-07
pl,james,medium,787,proper_noun,,2026-10-07
pl,wrocław,medium,808,proper_noun,,2026-10-07
pl,anna,medium,811,proper_noun,,2026-10-07
pl,adam,medium,838,proper_noun,,2026-10-07
pl,francja,medium,842,proper_noun,,2026-10-07
pl,jezusa,medium,844,proper_noun,,2026-10-07
pl,europa,medium,919,proper_noun,,2026-10-07
pl,wiecej,medium,934,misspelled_missing_diacritic,P11 duplicate of więcej,2026-10-07
pl,gdyni,hard,791,proper_noun,,2026-10-07
pl,japonia,hard,799,proper_noun,,2026-10-07
pl,rosjan,hard,841,proper_noun,,2026-10-07
pl,serbii,hard,843,proper_noun,,2026-10-07
pl,śląsk,hard,881,proper_noun,,2026-10-07
pl,jones,hard,904,proper_noun,,2026-10-07
pl,know,hard,907,wrong_language_english,signed override: Eric 2026-10-07,2026-10-07
pl,ktorzy,hard,914,misspelled_missing_diacritic,P11 duplicate of którzy,2026-10-07
pl,mario,hard,918,proper_noun,,2026-10-07
pl,miami,hard,919,proper_noun,,2026-10-07
pl,beata,hard,985,proper_noun,,2026-10-07
pl,białoruś,hard,986,proper_noun,,2026-10-07
pl,franciszka,hard,1003,proper_noun,,2026-10-07
pl,jakub,hard,1008,proper_noun,,2026-10-07
pl,małgorzata,hard,1025,proper_noun,,2026-10-07
pl,mix,hard,1026,wrong_language_english,signed override: Eric 2026-10-07,2026-10-07
pl,paryż,hard,1045,proper_noun,,2026-10-07
pl,ryszard,hard,1063,proper_noun,,2026-10-07
pl,smith,hard,1067,proper_noun,,2026-10-07
pl,australia,hard,1096,proper_noun,,2026-10-07
pl,isis,hard,1115,proper_noun,,2026-10-07
pl,kelly,hard,1120,proper_noun,,2026-10-07
pl,moskwy,hard,1139,proper_noun,,2026-10-07
pl,rose,hard,1171,proper_noun,,2026-10-07
pl,szwajcarii,hard,1180,proper_noun,,2026-10-07
pl,wi,hard,1187,abbreviation_or_noise,signed override: Eric 2026-10-07,2026-10-07
pl,aleksandra,hard,1202,proper_noun,,2026-10-07
pl,belgii,hard,1203,proper_noun,,2026-10-07
pl,bydgoszczy,hard,1206,proper_noun,,2026-10-07
pl,danii,hard,1210,proper_noun,,2026-10-07
pl,gdynia,hard,1217,proper_noun,,2026-10-07
pl,indie,hard,1219,proper_noun,signed override: Eric 2026-10-07,2026-10-07
pl,kuba,hard,1230,proper_noun,,2026-10-07
pl,luke,hard,1234,proper_noun,,2026-10-07
pl,robin,hard,1278,proper_noun,,2026-10-07
pl,stefan,hard,1288,proper_noun,,2026-10-07
pl,wikipedii,hard,1300,proper_noun,,2026-10-07
pl,xi,hard,1309,proper_noun,,2026-10-07
pl,adrian,hard,1319,proper_noun,,2026-10-07
pl,bede,hard,1325,proper_noun,signed override: Eric 2026-10-07,2026-10-07
pl,davida,hard,1332,proper_noun,,2026-10-07
pl,egiptu,hard,1336,proper_noun,,2026-10-07
pl,holandia,hard,1343,proper_noun,,2026-10-07
pl,how,hard,1344,wrong_language_english,signed override: Eric 2026-10-07,2026-10-07
pl,kiedys,hard,1349,misspelled_missing_diacritic,P11 duplicate of kiedyś,2026-10-07
pl,miller,hard,1359,proper_noun,,2026-10-07
pl,niemcami,hard,1367,proper_noun,,2026-10-07
pl,norwegii,hard,1368,proper_noun,,2026-10-07
pl,peru,hard,1377,proper_noun,,2026-10-07
pl,stanisława,hard,1413,proper_noun,,2026-10-07
pl,szwecja,hard,1418,proper_noun,,2026-10-07
pl,tweeta,hard,1423,wrong_language_other,signed override: Eric 2026-10-07,2026-10-07
pl,walter,hard,1429,proper_noun,,2026-10-07
pl,xviii,hard,1438,wrong_language_english,,2026-10-07
pl,antoni,hard,1462,proper_noun,,2026-10-07
pl,diego,hard,1480,proper_noun,,2026-10-07
pl,jamesa,hard,1492,proper_noun,,2026-10-07
pl,larry,hard,1506,proper_noun,,2026-10-07
pl,may,hard,1511,wrong_language_english,,2026-10-07
pl,times,hard,1569,proper_noun,,2026-10-07
pl,united,hard,1572,proper_noun,,2026-10-07
pl,vii,hard,1575,wrong_language_english,,2026-10-07
pl,young,hard,1586,proper_noun,,2026-10-07
pl,anny,hard,1602,proper_noun,,2026-10-07
pl,auschwitz,hard,1604,proper_noun,,2026-10-07
pl,austrii,hard,1605,proper_noun,,2026-10-07
pl,białystok,hard,1607,proper_noun,,2026-10-07
pl,francuzi,hard,1620,proper_noun,signed override: Eric 2026-10-07,2026-10-07
pl,hitlera,hard,1626,proper_noun,,2026-10-07
pl,ipn,hard,1628,abbreviation_or_noise,,2026-10-07
pl,jackson,hard,1629,proper_noun,,2026-10-07
pl,johnson,hard,1631,proper_noun,,2026-10-07
pl,kanadzie,hard,1632,proper_noun,,2026-10-07
pl,lubie,hard,1644,proper_noun,,2026-10-07
pl,michała,hard,1646,proper_noun,,2026-10-07
pl,monika,hard,1650,proper_noun,,2026-10-07
pl,old,hard,1666,wrong_language_english,,2026-10-07
pl,people,hard,1672,wrong_language_english,signed override: Eric 2026-10-07,2026-10-07
pl,right,hard,1691,wrong_language_english,,2026-10-07
pl,robic,hard,1692,misspelled_missing_diacritic,P11 duplicate of robić,2026-10-07
pl,sara,hard,1694,proper_noun,,2026-10-07
pl,wisła,hard,1714,proper_noun,,2026-10-07
pl,zycie,hard,1727,proper_noun,,2026-10-07
pl,anne,hard,1732,proper_noun,,2026-10-07
pl,artur,hard,1733,proper_noun,,2026-10-07
pl,czesc,hard,1750,misspelled_missing_diacritic,P11 duplicate of cześć,2026-10-07
pl,elizabeth,hard,1761,proper_noun,,2026-10-07
pl,europe,hard,1762,proper_noun,,2026-10-07
pl,grecja,hard,1767,proper_noun,,2026-10-07
pl,halloween,hard,1768,proper_noun,signed override: Eric 2026-10-07,2026-10-07
pl,kalifornii,hard,1774,proper_noun,,2026-10-07
pl,komorowski,hard,1777,proper_noun,,2026-10-07
pl,kukiz,hard,1778,proper_noun,,2026-10-07
pl,laura,hard,1780,proper_noun,,2026-10-07
pl,paulo,hard,1807,proper_noun,,2026-10-07
pl,piłsudskiego,hard,1809,proper_noun,,2026-10-07
pl,roberta,hard,1829,proper_noun,,2026-10-07
pl,amber,hard,1875,proper_noun,signed override: Eric 2026-10-07,2026-10-07
pl,facebooka,hard,1885,proper_noun,,2026-10-07
pl,get,hard,1889,proper_noun,,2026-10-07
pl,history,hard,1890,wrong_language_english,,2026-10-07
pl,rzymie,hard,1944,proper_noun,,2026-10-07
pl,trump,hard,1955,proper_noun,,2026-10-07
pl,turcja,hard,1957,proper_noun,,2026-10-07
pl,international,expert,612,proper_noun,,2026-10-07
pl,abraham,expert,842,proper_noun,,2026-10-07
pl,borys,expert,852,proper_noun,,2026-10-07
pl,bruno,expert,853,proper_noun,,2026-10-07
pl,ciagu,expert,856,misspelled_missing_diacritic,P11 duplicate of ciągu,2026-10-07
pl,eur,expert,883,proper_noun,signed override: Eric 2026-10-07,2026-10-07
pl,francją,expert,888,proper_noun,,2026-10-07
pl,karl,expert,901,proper_noun,,2026-10-07
pl,pearl,expert,951,proper_noun,,2026-10-07
pl,perry,expert,953,proper_noun,,2026-10-07
pl,praga,expert,973,proper_noun,,2026-10-07
pl,rip,expert,996,wrong_language_english,,2026-10-07
pl,russell,expert,1000,proper_noun,,2026-10-07
pl,think,expert,1020,wrong_language_english,signed override: Eric 2026-10-07,2026-10-07
pl,union,expert,1028,proper_noun,signed override: Eric 2026-10-07,2026-10-07
pl,vancouver,expert,1031,proper_noun,,2026-10-07
pl,where,expert,1034,wrong_language_english,,2026-10-07
pl,wiśle,expert,1038,proper_noun,,2026-10-07
pl,anton,expert,1086,proper_noun,,2026-10-07
pl,audi,expert,1088,proper_noun,,2026-10-07
pl,austin,expert,1089,proper_noun,,2026-10-07
pl,carter,expert,1093,proper_noun,,2026-10-07
pl,content,expert,1095,wrong_language_english,signed override: Eric 2026-10-07,2026-10-07
pl,eva,expert,1111,proper_noun,,2026-10-07
pl,jakuba,expert,1133,proper_noun,,2026-10-07
pl,japończycy,expert,1134,proper_noun,,2026-10-07
pl,kazachstanu,expert,1139,proper_noun,,2026-10-07
pl,kevina,expert,1140,proper_noun,,2026-10-07
pl,konca,expert,1145,misspelled_missing_diacritic,P11 duplicate of końca,2026-10-07
pl,kowalczyk,expert,1151,proper_noun,,2026-10-07
pl,kwiatkowski,expert,1155,proper_noun,,2026-10-07
pl,lincoln,expert,1157,proper_noun,,2026-10-07
pl,niemcom,expert,1175,proper_noun,,2026-10-07
pl,photo,expert,1197,proper_noun,signed override: Eric 2026-10-07,2026-10-07
pl,poczatku,expert,1199,misspelled_missing_diacritic,P11 duplicate of początku,2026-10-07
pl,polonii,expert,1204,proper_noun,,2026-10-07
pl,sandra,expert,1238,proper_noun,,2026-10-07
pl,villa,expert,1291,proper_noun,,2026-10-07
pl,wiedziec,expert,1294,misspelled_missing_diacritic,P11 duplicate of wiedzieć,2026-10-07
pl,wiktor,expert,1295,proper_noun,,2026-10-07
pl,władysława,expert,1309,proper_noun,,2026-10-07
pl,zbigniewa,expert,1316,proper_noun,,2026-10-07
pl,łukasza,expert,1324,proper_noun,,2026-10-07
pl,angela,expert,1336,proper_noun,,2026-10-07
pl,azja,expert,1338,proper_noun,,2026-10-07
pl,benedykta,expert,1340,proper_noun,,2026-10-07
pl,dallas,expert,1365,proper_noun,,2026-10-07
pl,email,expert,1384,wrong_language_english,signed override: Eric 2026-10-07,2026-10-07
pl,francję,expert,1389,proper_noun,,2026-10-07
pl,grażyna,expert,1393,proper_noun,,2026-10-07
pl,harold,expert,1398,proper_noun,,2026-10-07
pl,iz,expert,1404,proper_noun,,2026-10-07
pl,jake,expert,1405,proper_noun,signed override: Eric 2026-10-07,2026-10-07
pl,kazda,expert,1407,misspelled_missing_diacritic,P11 duplicate of każda,2026-10-07
pl,lucas,expert,1425,proper_noun,,2026-10-07
pl,millera,expert,1434,proper_noun,,2026-10-07
pl,morawieckiego,expert,1437,proper_noun,,2026-10-07
pl,porsche,expert,1490,proper_noun,,2026-10-07
pl,rebecca,expert,1509,proper_noun,,2026-10-07
pl,santos,expert,1515,proper_noun,,2026-10-07
pl,sikorski,expert,1518,proper_noun,,2026-10-07
pl,steven,expert,1530,proper_noun,,2026-10-07
pl,sue,expert,1532,proper_noun,,2026-10-07
pl,sylwia,expert,1535,proper_noun,,2026-10-07
pl,than,expert,1553,wrong_language_english,,2026-10-07
pl,today,expert,1554,wrong_language_english,,2026-10-07
pl,tumblr,expert,1559,proper_noun,signed override: Eric 2026-10-07,2026-10-07
pl,waszczykowski,expert,1570,proper_noun,,2026-10-07
pl,wayne,expert,1571,proper_noun,,2026-10-07
pl,wciaz,expert,1572,misspelled_missing_diacritic,P11 duplicate of wciąż,2026-10-07
pl,zadnych,expert,1593,misspelled_missing_diacritic,P11 duplicate of żadnych,2026-10-07
pl,act,expert,1619,proper_noun,,2026-10-07
pl,algierii,expert,1622,proper_noun,,2026-10-07
pl,andre,expert,1623,proper_noun,,2026-10-07
pl,barcelony,expert,1629,proper_noun,,2026-10-07
pl,barry,expert,1630,proper_noun,,2026-10-07
pl,braun,expert,1636,proper_noun,,2026-10-07
pl,collins,expert,1646,proper_noun,,2026-10-07
pl,crystal,expert,1647,wrong_language_english,,2026-10-07
pl,garden,expert,1670,proper_noun,,2026-10-07
pl,hbo,expert,1678,abbreviation_or_noise,,2026-10-07
pl,io,expert,1683,proper_noun,,2026-10-07
pl,iq,expert,1684,abbreviation_or_noise,,2026-10-07
pl,japan,expert,1685,wrong_language_english,,2026-10-07
pl,jessica,expert,1686,proper_noun,,2026-10-07
pl,magazine,expert,1711,wrong_language_english,,2026-10-07
pl,name,expert,1724,wrong_language_english,,2026-10-07
pl,neo,expert,1728,proper_noun,signed override: Eric 2026-10-07,2026-10-07
pl,nigerii,expert,1734,proper_noun,,2026-10-07
pl,orlando,expert,1745,proper_noun,,2026-10-07
pl,poniewaz,expert,1763,misspelled_missing_diacritic,P11 duplicate of ponieważ,2026-10-07
pl,pradze,expert,1774,proper_noun,,2026-10-07
pl,radomiu,expert,1795,proper_noun,,2026-10-07
pl,rain,expert,1796,wrong_language_english,,2026-10-07
pl,rico,expert,1799,proper_noun,,2026-10-07
pl,sofii,expert,1811,proper_noun,,2026-10-07
pl,syria,expert,1826,proper_noun,,2026-10-07
pl,tesco,expert,1834,proper_noun,,2026-10-07
pl,voice,expert,1846,proper_noun,,2026-10-07
pl,watykan,expert,1852,proper_noun,,2026-10-07
pl,wiekszosc,expert,1858,misspelled_missing_diacritic,P11 duplicate of większość,2026-10-07
pl,anti,expert,1908,wrong_language_english,signed override: Eric 2026-10-07,2026-10-07
pl,belgradzie,expert,1911,proper_noun,,2026-10-07
pl,claude,expert,1929,proper_noun,,2026-10-07
pl,częstochowie,expert,1934,proper_noun,,2026-10-07
pl,dubaju,expert,1944,proper_noun,,2026-10-07
pl,emily,expert,1949,proper_noun,,2026-10-07
pl,foundation,expert,1954,wrong_language_english,,2026-10-07
pl,imie,expert,1965,misspelled_missing_diacritic,P11 duplicate of imię,2026-10-07
pl,irak,expert,1966,proper_noun,,2026-10-07
pl,josh,expert,1968,wrong_language_english,,2026-10-07
pl,kalifornia,expert,1969,proper_noun,,2026-10-07
pl,kazdego,expert,1971,misspelled_missing_diacritic,P11 duplicate of każdego,2026-10-07
pl,mma,expert,1994,abbreviation_or_noise,,2026-10-07
pl,mołdawii,expert,1999,proper_noun,,2026-10-07
pl,must,expert,2003,wrong_language_english,signed override: Eric 2026-10-07,2026-10-07
pl,niemca,expert,2018,proper_noun,,2026-10-07
pl,nik,expert,2024,proper_noun,,2026-10-07
pl,palmer,expert,2040,proper_noun,,2026-10-07
pl,richarda,expert,2084,proper_noun,,2026-10-07
pl,ro,expert,2085,wrong_language_other,signed override: Eric 2026-10-07,2026-10-07
pl,rodo,expert,2087,proper_noun,,2026-10-07
pl,samuel,expert,2092,proper_noun,,2026-10-07
pl,sikorskiego,expert,2095,proper_noun,,2026-10-07
pl,things,expert,2117,wrong_language_english,,2026-10-07
pl,uwage,expert,2140,misspelled_missing_diacritic,P11 duplicate of uwagę,2026-10-07
pl,wazne,expert,2142,misspelled_missing_diacritic,P11 duplicate of ważne,2026-10-07
pl,wietnamu,expert,2144,proper_noun,,2026-10-07
pl,zyciu,expert,2180,misspelled_missing_diacritic,P11 duplicate of życiu,2026-10-07
pl,also,expert,2194,wrong_language_english,,2026-10-07
pl,amerykę,expert,2196,proper_noun,,2026-10-07
pl,amsterdamie,expert,2197,proper_noun,,2026-10-07
pl,anita,expert,2198,proper_noun,,2026-10-07
pl,artura,expert,2201,proper_noun,,2026-10-07
pl,carla,expert,2212,proper_noun,,2026-10-07
pl,caroline,expert,2213,proper_noun,,2026-10-07
pl,damon,expert,2223,proper_noun,,2026-10-07
pl,danuta,expert,2224,proper_noun,,2026-10-07
pl,fejsie,expert,2243,proper_noun,,2026-10-07
pl,fred,expert,2247,proper_noun,,2026-10-07
pl,hongkongu,expert,2257,proper_noun,,2026-10-07
pl,kościuszki,expert,2268,proper_noun,,2026-10-07
pl,liam,expert,2276,proper_noun,,2026-10-07
pl,multi,expert,2288,wrong_language_english,signed override: Eric 2026-10-07,2026-10-07
pl,parker,expert,2323,proper_noun,,2026-10-07
pl,piłsudski,expert,2332,proper_noun,,2026-10-07
pl,romana,expert,2372,proper_noun,,2026-10-07
pl,ron,expert,2373,proper_noun,signed override: Eric 2026-10-07,2026-10-07
pl,sri,expert,2393,proper_noun,,2026-10-07
pl,stalin,expert,2395,proper_noun,,2026-10-07
pl,stalo,expert,2396,proper_noun,,2026-10-07
pl,their,expert,2411,wrong_language_english,,2026-10-07
pl,waldemar,expert,2436,proper_noun,,2026-10-07
pl,znalezc,expert,2470,misspelled_missing_diacritic,P11 duplicate of znaleźć,2026-10-07
pl,atenach,expert,2487,proper_noun,,2026-10-07
pl,avenue,expert,2489,proper_noun,,2026-10-07
pl,bena,expert,2494,proper_noun,,2026-10-07
pl,bush,expert,2500,proper_noun,,2026-10-07
pl,das,expert,2510,wrong_language_other,signed override: Eric 2026-10-07,2026-10-07
pl,dick,expert,2513,proper_noun,,2026-10-07
pl,ehh,expert,2527,abbreviation_or_noise,,2026-10-07
pl,ep,expert,2528,abbreviation_or_noise,signed override: Eric 2026-10-07,2026-10-07
pl,eyes,expert,2529,wrong_language_english,,2026-10-07
pl,four,expert,2532,wrong_language_english,,2026-10-07
pl,helen,expert,2545,proper_noun,,2026-10-07
pl,ida,expert,2547,proper_noun,,2026-10-07
pl,into,expert,2553,wrong_language_english,,2026-10-07
pl,jezusie,expert,2557,proper_noun,,2026-10-07
pl,led,expert,2572,proper_noun,,2026-10-07
pl,melissa,expert,2584,proper_noun,,2026-10-07
pl,montana,expert,2590,proper_noun,,2026-10-07
pl,nei,expert,2599,proper_noun,,2026-10-07
pl,nicole,expert,2600,proper_noun,,2026-10-07
pl,north,expert,2606,proper_noun,,2026-10-07
pl,note,expert,2607,wrong_language_english,,2026-10-07
pl,phoenix,expert,2628,proper_noun,,2026-10-07
pl,płock,expert,2661,proper_noun,,2026-10-07
pl,rafała,expert,2664,proper_noun,,2026-10-07
pl,sienkiewicza,expert,2681,proper_noun,,2026-10-07
pl,sprawe,expert,2689,misspelled_missing_diacritic,P11 duplicate of sprawę,2026-10-07
pl,tarnowie,expert,2706,proper_noun,,2026-10-07
pl,walker,expert,2724,proper_noun,,2026-10-07
pl,wałęsy,expert,2725,proper_noun,,2026-10-07
pl,węgrzy,expert,2747,proper_noun,,2026-10-07
pl,bang,expert,2790,proper_noun,signed override: Eric 2026-10-07,2026-10-07
pl,europejczyków,expert,2829,proper_noun,,2026-10-07
pl,gorzów,expert,2832,proper_noun,,2026-10-07
pl,jadwiga,expert,2840,proper_noun,,2026-10-07
pl,jedi,expert,2842,proper_noun,,2026-10-07
pl,linux,expert,2866,proper_noun,,2026-10-07
pl,magic,expert,2868,wrong_language_english,,2026-10-07
pl,nalezy,expert,2889,misspelled_missing_diacritic,P11 duplicate of należy,2026-10-07
pl,nike,expert,2895,proper_noun,,2026-10-07
pl,orlen,expert,2914,proper_noun,,2026-10-07
ko,사람들,easy,131,particle_attached,사람+들,2026-10-07
ko,일반적으로,medium,18,particle_attached,일반적+으로,2026-10-07
ko,마찬가지로,medium,19,particle_attached,마찬가지+로,2026-10-07
ko,시작하였다,medium,20,inflected_sentence_form,시작+하였다,2026-10-07
ko,대한민국의,medium,21,particle_attached,대한민국+의,2026-10-07
ko,상대적으로,medium,22,particle_attached,상대적+으로,2026-10-07
ko,영화배우이다,medium,23,particle_attached,영화배우+이다,2026-10-07
ko,프로그램을,medium,24,particle_attached,프로그램+을,2026-10-07
ko,주장하였다,medium,25,inflected_sentence_form,주장+하였다,2026-10-07
ko,마지막으로,medium,27,particle_attached,마지막+으로,2026-10-07
ko,공식적으로,medium,28,particle_attached,공식적+으로,2026-10-07
ko,사용되었다,medium,29,inflected_sentence_form,사용+되었다,2026-10-07
ko,세계적으로,medium,30,particle_attached,세계적+으로,2026-10-07
ko,인터뷰에서,medium,31,particle_attached,인터뷰+에서,2026-10-07
ko,시작되었다,medium,32,inflected_sentence_form,시작+되었다,2026-10-07
ko,적극적으로,medium,33,particle_attached,적극적+으로,2026-10-07
ko,지속적으로,medium,34,particle_attached,지속적+으로,2026-10-07
ko,기본적으로,medium,35,particle_attached,기본적+으로,2026-10-07
ko,전체적으로,medium,36,particle_attached,전체적+으로,2026-10-07
ko,때문이었다,medium,37,particle_attached,때문+이었다,2026-10-07
ko,이루어졌다,medium,38,not_a_dictionary_headword,,2026-10-07
ko,발견되었다,medium,39,inflected_sentence_form,발견+되었다,2026-10-07
ko,결과적으로,medium,41,particle_attached,결과적+으로,2026-10-07
ko,발표하였다,medium,42,inflected_sentence_form,발표+하였다,2026-10-07
ko,기록하였다,medium,43,inflected_sentence_form,기록+하였다,2026-10-07
ko,변경되었다,medium,44,inflected_sentence_form,변경+되었다,2026-10-07
ko,이르기까지,medium,45,not_a_dictionary_headword,,2026-10-07
ko,사람들에게,medium,46,particle_attached,사람+들에게,2026-10-07
ko,프로그램이,medium,47,particle_attached,프로그램+이,2026-10-07
ko,본격적으로,medium,48,particle_attached,본격적+으로,2026-10-07
ko,지역에서는,medium,49,particle_attached,지역+에서는,2026-10-07
ko,선정되었다,medium,50,inflected_sentence_form,선정+되었다,2026-10-07
ko,만들어졌다,medium,51,not_a_dictionary_headword,,2026-10-07
ko,성공적으로,medium,52,particle_attached,성공적+으로,2026-10-07
ko,제외하고는,medium,53,not_a_dictionary_headword,,2026-10-07
ko,이탈리아의,medium,54,particle_attached,이탈리아+의,2026-10-07
ko,달성하였다,medium,55,inflected_sentence_form,달성+하였다,2026-10-07
ko,프로그램에,medium,56,particle_attached,프로그램+에,2026-10-07
ko,임명되었다,medium,57,inflected_sentence_form,임명+되었다,2026-10-07
ko,진행되었다,medium,58,inflected_sentence_form,진행+되었다,2026-10-07
ko,사용하였다,medium,59,inflected_sentence_form,사용+하였다,2026-10-07
ko,직접적으로,medium,60,particle_attached,직접적+으로,2026-10-07
ko,국가대표팀,medium,61,not_a_dictionary_headword,,2026-10-07
ko,차지하였다,medium,62,inflected_sentence_form,차지+하였다,2026-10-07
ko,플레이어가,medium,63,not_a_dictionary_headword,,2026-10-07
ko,발매되었다,medium,64,inflected_sentence_form,발매+되었다,2026-10-07
ko,보여주었다,medium,65,not_a_dictionary_headword,,2026-10-07
ko,자연스럽게,medium,66,inflected_sentence_form,자연스럽+게,2026-10-07
ko,구체적으로,medium,67,particle_attached,구체적+으로,2026-10-07
ko,이루어지고,medium,69,inflected_sentence_form,이루어지+고,2026-10-07
ko,프로그램의,medium,71,particle_attached,프로그램+의,2026-10-07
ko,참여하였다,medium,72,inflected_sentence_form,참여+하였다,2026-10-07
ko,때문이라고,medium,73,particle_attached,때문+이라고,2026-10-07
ko,이루어진다,medium,74,not_a_dictionary_headword,,2026-10-07
ko,프로그램은,medium,75,particle_attached,프로그램+은,2026-10-07
ko,설립되었다,medium,76,inflected_sentence_form,설립+되었다,2026-10-07
ko,전통적으로,medium,77,particle_attached,전통적+으로,2026-10-07
ko,이루어지는,medium,78,inflected_sentence_form,이루어지+는,2026-10-07
ko,최종적으로,medium,79,particle_attached,최종적+으로,2026-10-07
ko,프로젝트를,medium,80,particle_attached,프로젝트+를,2026-10-07
ko,추가되었다,medium,81,inflected_sentence_form,추가+되었다,2026-10-07
ko,일시적으로,medium,82,particle_attached,일시적+으로,2026-10-07
ko,프로그램이다,medium,83,particle_attached,프로그램+이다,2026-10-07
ko,발생하였다,medium,84,inflected_sentence_form,발생+하였다,2026-10-07
ko,실질적으로,medium,85,particle_attached,실질적+으로,2026-10-07
ko,역사적으로,medium,86,particle_attached,역사적+으로,2026-10-07
ko,공개되었다,medium,87,inflected_sentence_form,공개+되었다,2026-10-07
ko,학생들에게,medium,88,particle_attached,학생+들에게,2026-10-07
ko,제작되었다,medium,89,inflected_sentence_form,제작+되었다,2026-10-07
ko,한국에서는,medium,90,particle_attached,한국+에서는,2026-10-07
ko,대한민국에서,medium,91,particle_attached,대한민국+에서,2026-10-07
ko,요구하였다,medium,92,inflected_sentence_form,요구+하였다,2026-10-07
ko,일본에서는,medium,93,particle_attached,일본+에서는,2026-10-07
ko,활동하였다,medium,96,inflected_sentence_form,활동+하였다,2026-10-07
ko,일반적이다,medium,97,particle_attached,일반적+이다,2026-10-07
ko,출시되었다,medium,98,inflected_sentence_form,출시+되었다,2026-10-07
ko,의도적으로,medium,99,particle_attached,의도적+으로,2026-10-07
ko,필요하다고,medium,100,inflected_sentence_form,필요하다+고,2026-10-07
ko,실패하였다,medium,101,inflected_sentence_form,실패+하였다,2026-10-07
ko,오늘날에는,medium,102,particle_attached,오늘날+에는,2026-10-07
ko,이루어지지,medium,103,inflected_sentence_form,이루어지+지,2026-10-07
ko,경기에서는,medium,104,particle_attached,경기+에서는,2026-10-07
ko,계속되었다,medium,105,inflected_sentence_form,계속+되었다,2026-10-07
ko,기록하면서,medium,106,inflected_sentence_form,기록+하면서,2026-10-07
ko,사용하기도,medium,107,inflected_sentence_form,사용+하기도,2026-10-07
ko,사회적으로,medium,108,particle_attached,사회적+으로,2026-10-07
ko,선출되었다,medium,109,inflected_sentence_form,선출+되었다,2026-10-07
ko,플레이어는,medium,110,not_a_dictionary_headword,,2026-10-07
ko,시작했으며,medium,111,inflected_sentence_form,시작+했으며,2026-10-07
ko,역임하였다,medium,112,inflected_sentence_form,역임+하였다,2026-10-07
ko,오늘날까지,medium,113,particle_attached,오늘날+까지,2026-10-07
ko,챔피언스리그,medium,114,not_a_dictionary_headword,,2026-10-07
ko,효과적으로,medium,115,particle_attached,효과적+으로,2026-10-07
ko,받아들였다,medium,116,not_a_dictionary_headword,,2026-10-07
ko,비판하였다,medium,117,inflected_sentence_form,비판+하였다,2026-10-07
ko,사망하였다,medium,118,inflected_sentence_form,사망+하였다,2026-10-07
ko,알려져있다,medium,119,not_a_dictionary_headword,,2026-10-07
ko,전국적으로,medium,120,particle_attached,전국적+으로,2026-10-07
ko,정치적으로,medium,121,particle_attached,정치적+으로,2026-10-07
ko,제기되었다,medium,122,inflected_sentence_form,제기+되었다,2026-10-07
ko,확인되었다,medium,123,inflected_sentence_form,확인+되었다,2026-10-07
ko,효율적으로,medium,124,particle_attached,효율적+으로,2026-10-07
ko,성공하였다,medium,125,inflected_sentence_form,성공+하였다,2026-10-07
ko,시작하였고,medium,126,inflected_sentence_form,시작+하였고,2026-10-07
ko,폐지되었다,medium,127,inflected_sentence_form,폐지+되었다,2026-10-07
ko,그리스도의,medium,128,particle_attached,그리스도+의,2026-10-07
ko,대한민국은,medium,129,particle_attached,대한민국+은,2026-10-07
ko,설립하였다,medium,130,inflected_sentence_form,설립+하였다,2026-10-07
ko,수상하였다,medium,131,inflected_sentence_form,수상+하였다,2026-10-07
ko,어디까지나,medium,132,not_a_dictionary_headword,,2026-10-07
ko,우승하였다,medium,133,inflected_sentence_form,우승+하였다,2026-10-07
ko,현재까지도,medium,134,not_a_dictionary_headword,,2026-10-07
ko,결정되었다,medium,135,inflected_sentence_form,결정+되었다,2026-10-07
ko,경제적으로,medium,136,particle_attached,경제적+으로,2026-10-07
ko,독립적으로,medium,137,particle_attached,독립적+으로,2026-10-07
ko,사이에서는,medium,138,particle_attached,사이+에서는,2026-10-07
ko,언급하였다,medium,139,inflected_sentence_form,언급+하였다,2026-10-07
ko,정기적으로,medium,140,particle_attached,정기적+으로,2026-10-07
ko,포함되었다,medium,141,inflected_sentence_form,포함+되었다,2026-10-07
ko,형성되었다,medium,142,inflected_sentence_form,형성+되었다,2026-10-07
ko,개인적으로,medium,143,particle_attached,개인적+으로,2026-10-07
ko,대표적으로,medium,144,particle_attached,대표적+으로,2026-10-07
ko,독자적으로,medium,145,particle_attached,독자적+으로,2026-10-07
ko,시작하면서,medium,147,inflected_sentence_form,시작+하면서,2026-10-07
ko,한편으로는,medium,148,particle_attached,한편+으로는,2026-10-07
ko,획득하였다,medium,149,inflected_sentence_form,획득+하였다,2026-10-07
ko,가능하지만,medium,150,inflected_sentence_form,가능+하지만,2026-10-07
ko,결승전에서,medium,151,particle_attached,결승전+에서,2026-10-07
ko,기록되었다,medium,152,inflected_sentence_form,기록+되었다,2026-10-07
ko,선언하였다,medium,153,inflected_sentence_form,선언+하였다,2026-10-07
ko,설치되었다,medium,154,inflected_sentence_form,설치+되었다,2026-10-07
ko,이야기이다,medium,156,particle_attached,이야기+이다,2026-10-07
ko,자발적으로,medium,157,particle_attached,자발적+으로,2026-10-07
ko,참가하였다,medium,158,inflected_sentence_form,참가+하였다,2026-10-07
ko,결정하였다,medium,160,inflected_sentence_form,결정+하였다,2026-10-07
ko,구성되었다,medium,161,inflected_sentence_form,구성+되었다,2026-10-07
ko,대중들에게,medium,162,particle_attached,대중+들에게,2026-10-07
ko,받아들이지,medium,163,inflected_sentence_form,받아들이+지,2026-10-07
ko,부분적으로,medium,164,particle_attached,부분적+으로,2026-10-07
ko,사용되기도,medium,165,not_a_dictionary_headword,,2026-10-07
ko,원칙적으로,medium,166,particle_attached,원칙적+으로,2026-10-07
ko,프로그램에서,medium,167,particle_attached,프로그램+에서,2026-10-07
ko,개발되었다,medium,168,inflected_sentence_form,개발+되었다,2026-10-07
ko,받아들이고,medium,169,inflected_sentence_form,받아들이+고,2026-10-07
ko,발표되었다,medium,170,inflected_sentence_form,발표+되었다,2026-10-07
ko,아이들에게,medium,171,particle_attached,아이+들에게,2026-10-07
ko,자리잡았다,medium,172,not_a_dictionary_headword,,2026-10-07
ko,줄어들었다,medium,173,inflected_sentence_form,줄어들+었다,2026-10-07
ko,지적하였다,medium,174,inflected_sentence_form,지적+하였다,2026-10-07
ko,프로젝트의,medium,175,particle_attached,프로젝트+의,2026-10-07
ko,필요하다는,medium,176,particle_attached,필요하다+는,2026-10-07
ko,활약하였다,medium,177,inflected_sentence_form,활약+하였다,2026-10-07
ko,가능하다는,medium,178,particle_attached,가능하다+는,2026-10-07
ko,근본적으로,medium,179,particle_attached,근본적+으로,2026-10-07
ko,데뷔하였다,medium,180,inflected_sentence_form,데뷔+하였다,2026-10-07
ko,미국에서는,medium,181,particle_attached,미국+에서는,2026-10-07
ko,반대하였다,medium,182,inflected_sentence_form,반대+하였다,2026-10-07
ko,소프트웨어의,medium,183,particle_attached,소프트웨어+의,2026-10-07
ko,시작하였으며,medium,184,inflected_sentence_form,시작+하였으며,2026-10-07
ko,적용되었다,medium,185,inflected_sentence_form,적용+되었다,2026-10-07
ko,중단되었다,medium,186,inflected_sentence_form,중단+되었다,2026-10-07
ko,추가적으로,medium,187,particle_attached,추가적+으로,2026-10-07
ko,태어났으며,medium,189,not_a_dictionary_headword,,2026-10-07
ko,프리드리히,medium,190,not_a_dictionary_headword,,2026-10-07
ko,확대되었다,medium,191,inflected_sentence_form,확대+되었다,2026-10-07
ko,공통적으로,medium,192,particle_attached,공통적+으로,2026-10-07
ko,받아들이는,medium,193,inflected_sentence_form,받아들이+는,2026-10-07
ko,발전하였다,medium,194,inflected_sentence_form,발전+하였다,2026-10-07
ko,생각하였다,medium,195,inflected_sentence_form,생각+하였다,2026-10-07
ko,스타크래프트,medium,196,not_a_dictionary_headword,,2026-10-07
ko,예정이었으나,medium,197,not_a_dictionary_headword,,2026-10-07
ko,요청하였다,medium,198,inflected_sentence_form,요청+하였다,2026-10-07
ko,인터페이스를,medium,199,particle_attached,인터페이스+를,2026-10-07
ko,잉글랜드의,medium,200,particle_attached,잉글랜드+의,2026-10-07
ko,진행하였다,medium,201,inflected_sentence_form,진행+하였다,2026-10-07
ko,체포되었다,medium,202,inflected_sentence_form,체포+되었다,2026-10-07
ko,출연하였다,medium,203,inflected_sentence_form,출연+하였다,2026-10-07
ko,가능하도록,medium,204,inflected_sentence_form,가능하+도록,2026-10-07
ko,가장자리에,medium,205,particle_attached,가장자리+에,2026-10-07
ko,개별적으로,medium,206,particle_attached,개별적+으로,2026-10-07
ko,과학자들은,medium,207,particle_attached,과학자+들은,2026-10-07
ko,궁극적으로,medium,208,particle_attached,궁극적+으로,2026-10-07
ko,네트워크를,medium,209,particle_attached,네트워크+를,2026-10-07
ko,당선되었다,medium,210,inflected_sentence_form,당선+되었다,2026-10-07
ko,등장하였다,medium,211,inflected_sentence_form,등장+하였다,2026-10-07
ko,스튜디오에서,medium,212,particle_attached,스튜디오+에서,2026-10-07
ko,아이디어를,medium,213,particle_attached,아이디어+를,2026-10-07
ko,오늘날에도,medium,214,particle_attached,오늘날+에도,2026-10-07
ko,정부로부터,medium,215,particle_attached,정부+로부터,2026-10-07
ko,주인공으로,medium,216,particle_attached,주인공+으로,2026-10-07
ko,파괴되었다,medium,217,inflected_sentence_form,파괴+되었다,2026-10-07
ko,프랑스에서,medium,218,particle_attached,프랑스+에서,2026-10-07
ko,고등학교를,medium,219,particle_attached,고등학교+를,2026-10-07
ko,광범위하게,medium,220,inflected_sentence_form,광범위하+게,2026-10-07
ko,도입하였다,medium,221,inflected_sentence_form,도입+하였다,2026-10-07
ko,사용자들이,medium,222,particle_attached,사용자+들이,2026-10-07
ko,사용자에게,medium,223,particle_attached,사용자+에게,2026-10-07
ko,상황에서도,medium,224,particle_attached,상황+에서도,2026-10-07
ko,일방적으로,medium,225,particle_attached,일방적+으로,2026-10-07
ko,전반적으로,medium,226,particle_attached,전반적+으로,2026-10-07
ko,평가하였다,medium,227,inflected_sentence_form,평가+하였다,2026-10-07
ko,프랑스군은,medium,228,not_a_dictionary_headword,,2026-10-07
ko,거부하였다,medium,229,inflected_sentence_form,거부+하였다,2026-10-07
ko,네덜란드의,medium,230,particle_attached,네덜란드+의,2026-10-07
ko,명명되었다,medium,231,inflected_sentence_form,명명되+었다,2026-10-07
ko,상호작용을,medium,232,particle_attached,상호작용+을,2026-10-07
ko,알고리즘은,medium,233,particle_attached,알고리즘+은,2026-10-07
ko,이스라엘의,medium,234,particle_attached,이스라엘+의,2026-10-07
ko,이탈리아에서,medium,235,particle_attached,이탈리아+에서,2026-10-07
ko,작품에서는,medium,238,particle_attached,작품+에서는,2026-10-07
ko,전문가들은,medium,239,particle_attached,전문가+들은,2026-10-07
ko,출전하였다,medium,240,inflected_sentence_form,출전+하였다,2026-10-07
ko,프로그램으로,medium,241,particle_attached,프로그램+으로,2026-10-07
ko,거절하였다,medium,242,inflected_sentence_form,거절+하였다,2026-10-07
ko,국가대표로,medium,243,particle_attached,국가대표+로,2026-10-07
ko,네트워크의,medium,244,particle_attached,네트워크+의,2026-10-07
ko,노력하였다,medium,245,inflected_sentence_form,노력+하였다,2026-10-07
ko,대체적으로,medium,246,particle_attached,대체적+으로,2026-10-07
ko,사이트에서,medium,247,particle_attached,사이트+에서,2026-10-07
ko,설립되었으며,medium,248,inflected_sentence_form,설립+되었으며,2026-10-07
ko,설치하였다,medium,249,inflected_sentence_form,설치+하였다,2026-10-07
ko,소개되었다,medium,250,inflected_sentence_form,소개+되었다,2026-10-07
ko,소프트웨어를,medium,251,particle_attached,소프트웨어+를,2026-10-07
ko,시스템으로,medium,252,particle_attached,시스템+으로,2026-10-07
ko,에피소드가,medium,254,particle_attached,에피소드+가,2026-10-07
ko,에피소드를,medium,255,particle_attached,에피소드+를,2026-10-07
ko,엔터테인먼트,medium,256,not_a_dictionary_headword,,2026-10-07
ko,정상적으로,medium,259,particle_attached,정상적+으로,2026-10-07
ko,지금까지의,medium,260,particle_attached,지금+까지의,2026-10-07
ko,진출하였다,medium,261,inflected_sentence_form,진출+하였다,2026-10-07
ko,확정되었다,medium,262,inflected_sentence_form,확정+되었다,2026-10-07
ko,갑작스럽게,medium,263,inflected_sentence_form,갑작스럽+게,2026-10-07
ko,개봉되었다,medium,264,inflected_sentence_form,개봉+되었다,2026-10-07
ko,국제적으로,medium,265,particle_attached,국제적+으로,2026-10-07
ko,기여하였다,medium,266,inflected_sentence_form,기여+하였다,2026-10-07
ko,대대적으로,medium,267,particle_attached,대대적+으로,2026-10-07
ko,대한민국에,medium,268,particle_attached,대한민국+에,2026-10-07
ko,대한민국을,medium,269,particle_attached,대한민국+을,2026-10-07
ko,도입되었다,medium,270,inflected_sentence_form,도입+되었다,2026-10-07
ko,만들었으며,medium,271,not_a_dictionary_headword,,2026-10-07
ko,북서쪽으로,medium,272,particle_attached,북서쪽+으로,2026-10-07
ko,상황이었다,medium,274,particle_attached,상황+이었다,2026-10-07
ko,어려서부터,medium,275,not_a_dictionary_headword,,2026-10-07
ko,엘리자베스,medium,276,not_a_dictionary_headword,,2026-10-07
ko,연구에서는,medium,277,particle_attached,연구+에서는,2026-10-07
ko,예정이었다,medium,278,particle_attached,예정+이었다,2026-10-07
ko,제공하였다,medium,279,inflected_sentence_form,제공+하였다,2026-10-07
ko,주장하기도,medium,280,inflected_sentence_form,주장+하기도,2026-10-07
ko,증가하였다,medium,281,inflected_sentence_form,증가+하였다,2026-10-07
ko,체계적으로,medium,282,particle_attached,체계적+으로,2026-10-07
ko,프로젝트는,medium,284,particle_attached,프로젝트+는,2026-10-07
ko,것으로부터,medium,285,particle_attached,것+으로부터,2026-10-07
ko,고등학교에,medium,286,particle_attached,고등학교+에,2026-10-07
ko,공개적으로,medium,287,particle_attached,공개적+으로,2026-10-07
ko,나폴레옹의,medium,288,particle_attached,나폴레옹+의,2026-10-07
ko,대학교에서,medium,290,particle_attached,대학교+에서,2026-10-07
ko,대회에서는,medium,291,particle_attached,대회+에서는,2026-10-07
ko,들어서면서,medium,293,inflected_sentence_form,들어서+면서,2026-10-07
ko,만들어내는,medium,294,not_a_dictionary_headword,,2026-10-07
ko,만장일치로,medium,295,particle_attached,만장일치+로,2026-10-07
ko,받아들여지지,medium,296,not_a_dictionary_headword,,2026-10-07
ko,보고되었다,medium,297,inflected_sentence_form,보고+되었다,2026-10-07
ko,본질적으로,medium,298,particle_attached,본질적+으로,2026-10-07
ko,불러일으켰다,medium,299,not_a_dictionary_headword,,2026-10-07
ko,선고받았다,medium,300,not_a_dictionary_headword,,2026-10-07
ko,선수들에게,medium,301,particle_attached,선수+들에게,2026-10-07
ko,설계되었다,medium,302,inflected_sentence_form,설계+되었다,2026-10-07
ko,시상식이다,medium,303,particle_attached,시상식+이다,2026-10-07
ko,연기되었다,medium,304,inflected_sentence_form,연기+되었다,2026-10-07
ko,오래전부터,medium,305,particle_attached,오래전+부터,2026-10-07
ko,이탈리아에,medium,306,particle_attached,이탈리아+에,2026-10-07
ko,일반적으로는,medium,307,particle_attached,일반적+으로는,2026-10-07
ko,임명하였다,medium,308,inflected_sentence_form,임명+하였다,2026-10-07
ko,입장에서는,medium,309,particle_attached,입장+에서는,2026-10-07
ko,제시하였다,medium,310,inflected_sentence_form,제시+하였다,2026-10-07
ko,존재하는데,medium,311,inflected_sentence_form,존재+하는데,2026-10-07
ko,존재한다는,medium,312,inflected_sentence_form,존재+한다는,2026-10-07
ko,종료되었다,medium,313,inflected_sentence_form,종료+되었다,2026-10-07
ko,지금까지도,medium,314,not_a_dictionary_headword,,2026-10-07
ko,출연하였고,medium,315,inflected_sentence_form,출연+하였고,2026-10-07
ko,취소되었다,medium,316,inflected_sentence_form,취소+되었다,2026-10-07
ko,평균적으로,medium,317,particle_attached,평균적+으로,2026-10-07
ko,가능해졌다,medium,318,not_a_dictionary_headword,,2026-10-07
ko,건설되었다,medium,319,inflected_sentence_form,건설+되었다,2026-10-07
ko,국가에서는,medium,320,particle_attached,국가+에서는,2026-10-07
ko,남아프리카,medium,321,not_a_dictionary_headword,,2026-10-07
ko,노동자들의,medium,322,particle_attached,노동자+들의,2026-10-07
ko,대조적으로,medium,323,particle_attached,대조적+으로,2026-10-07
ko,대통령으로,medium,324,particle_attached,대통령+으로,2026-10-07
ko,무산되었다,medium,325,inflected_sentence_form,무산+되었다,2026-10-07
ko,방송되었다,medium,326,inflected_sentence_form,방송+되었다,2026-10-07
ko,배치되었다,medium,327,inflected_sentence_form,배치+되었다,2026-10-07
ko,사람이었다,medium,328,particle_attached,사람+이었다,2026-10-07
ko,사용자들은,medium,329,particle_attached,사용자+들은,2026-10-07
ko,시스템에서,medium,330,particle_attached,시스템+에서,2026-10-07
ko,실시간으로,medium,331,particle_attached,실시간+으로,2026-10-07
ko,아름다움을,medium,332,particle_attached,아름다움+을,2026-10-07
ko,아일랜드의,medium,333,particle_attached,아일랜드+의,2026-10-07
ko,압도적으로,medium,334,particle_attached,압도적+으로,2026-10-07
ko,연속적으로,medium,336,particle_attached,연속적+으로,2026-10-07
ko,인물이었다,medium,337,particle_attached,인물+이었다,2026-10-07
ko,있었으므로,medium,338,not_a_dictionary_headword,,2026-10-07
ko,제안하였다,medium,339,inflected_sentence_form,제안+하였다,2026-10-07
ko,주장하면서,medium,340,inflected_sentence_form,주장+하면서,2026-10-07
ko,프로그램인,medium,341,particle_attached,프로그램+인,2026-10-07
ko,학교에서는,medium,343,particle_attached,학교+에서는,2026-10-07
ko,활동하면서,medium,344,inflected_sentence_form,활동+하면서,2026-10-07
ko,개발하였다,medium,345,inflected_sentence_form,개발+하였다,2026-10-07
ko,개최되었다,medium,346,inflected_sentence_form,개최+되었다,2026-10-07
ko,객관적으로,medium,347,particle_attached,객관적+으로,2026-10-07
ko,공헌하였다,medium,348,inflected_sentence_form,공헌+하였다,2026-10-07
ko,그레고리오,medium,349,not_a_dictionary_headword,,2026-10-07
ko,그리스도를,medium,350,particle_attached,그리스도+를,2026-10-07
ko,긍정적으로,medium,351,particle_attached,긍정적+으로,2026-10-07
ko,기자회견을,medium,352,particle_attached,기자회견+을,2026-10-07
ko,대한민국과,medium,353,particle_attached,대한민국+과,2026-10-07
ko,마련하였다,medium,354,inflected_sentence_form,마련+하였다,2026-10-07
ko,만들었는데,medium,355,not_a_dictionary_headword,,2026-10-07
ko,만족시키는,medium,356,inflected_sentence_form,만족시키+는,2026-10-07
ko,민주주의를,medium,357,particle_attached,민주주의+를,2026-10-07
ko,발전시켰다,medium,358,not_a_dictionary_headword,,2026-10-07
ko,부정적으로,medium,359,particle_attached,부정적+으로,2026-10-07
ko,사용하거나,medium,360,inflected_sentence_form,사용하+거나,2026-10-07
ko,사용하는데,medium,361,inflected_sentence_form,사용+하는데,2026-10-07
ko,성장하였다,medium,362,inflected_sentence_form,성장+하였다,2026-10-07
ko,소프트웨어는,medium,363,particle_attached,소프트웨어+는,2026-10-07
ko,실시되었다,medium,364,inflected_sentence_form,실시+되었다,2026-10-07
ko,악화되었다,medium,365,inflected_sentence_form,악화+되었다,2026-10-07
ko,어린이들을,medium,366,particle_attached,어린이+들을,2026-10-07
ko,예정이었지만,medium,367,not_a_dictionary_headword,,2026-10-07
ko,인터넷에서,medium,368,particle_attached,인터넷+에서,2026-10-07
ko,제기하였다,medium,369,inflected_sentence_form,제기+하였다,2026-10-07
ko,조선시대의,medium,370,not_a_dictionary_headword,,2026-10-07
ko,종합적으로,medium,371,particle_attached,종합적+으로,2026-10-07
ko,중심지이다,medium,372,particle_attached,중심지+이다,2026-10-07
ko,지정되었다,medium,373,inflected_sentence_form,지정+되었다,2026-10-07
ko,창설되었다,medium,374,inflected_sentence_form,창설+되었다,2026-10-07
ko,채택되었다,medium,375,inflected_sentence_form,채택+되었다,2026-10-07
ko,출판되었다,medium,376,inflected_sentence_form,출판+되었다,2026-10-07
ko,포르투갈의,medium,377,particle_attached,포르투갈+의,2026-10-07
ko,홈페이지에,medium,378,particle_attached,홈페이지+에,2026-10-07
ko,가로지르는,medium,379,inflected_sentence_form,가로지르+는,2026-10-07
ko,고려시대의,medium,380,not_a_dictionary_headword,,2026-10-07
ko,국민들에게,medium,381,particle_attached,국민+들에게,2026-10-07
ko,기본적으로는,medium,382,particle_attached,기본적+으로는,2026-10-07
ko,남서쪽으로,medium,383,particle_attached,남서쪽+으로,2026-10-07
ko,대체되었다,medium,384,inflected_sentence_form,대체+되었다,2026-10-07
ko,뒷받침하는,medium,385,inflected_sentence_form,뒷받침+하는,2026-10-07
ko,때문이라는,medium,386,particle_attached,때문+이라는,2026-10-07
ko,러시아에서,medium,387,particle_attached,러시아+에서,2026-10-07
ko,마지막에는,medium,388,particle_attached,마지막+에는,2026-10-07
ko,만들었다고,medium,389,not_a_dictionary_headword,,2026-10-07
ko,목적이었다,medium,390,particle_attached,목적+이었다,2026-10-07
ko,무엇보다도,medium,391,not_a_dictionary_headword,,2026-10-07
ko,변경하였다,medium,392,inflected_sentence_form,변경+하였다,2026-10-07
ko,불가능했다,medium,393,inflected_sentence_form,불가능+했다,2026-10-07
ko,사실적으로,medium,394,particle_attached,사실적+으로,2026-10-07
ko,사용하지만,medium,395,inflected_sentence_form,사용+하지만,2026-10-07
ko,승격되었다,medium,398,inflected_sentence_form,승격+되었다,2026-10-07
ko,아버지에게,medium,399,particle_attached,아버지+에게,2026-10-07
ko,예외적으로,medium,400,particle_attached,예외적+으로,2026-10-07
ko,유지하면서,medium,401,inflected_sentence_form,유지+하면서,2026-10-07
ko,의무적으로,medium,402,particle_attached,의무적+으로,2026-10-07
ko,이론적으로,medium,403,particle_attached,이론적+으로,2026-10-07
ko,이루어졌고,medium,404,not_a_dictionary_headword,,2026-10-07
ko,이탈리아는,medium,405,particle_attached,이탈리아+는,2026-10-07
ko,이탈리아로,medium,406,particle_attached,이탈리아+로,2026-10-07
ko,인터내셔널,medium,407,not_a_dictionary_headword,,2026-10-07
ko,있었음에도,medium,408,not_a_dictionary_headword,,2026-10-07
ko,자연적으로,medium,409,particle_attached,자연적+으로,2026-10-07
ko,점차적으로,medium,410,not_a_dictionary_headword,,2026-10-07
ko,조정에서는,medium,411,particle_attached,조정+에서는,2026-10-07
ko,집중적으로,medium,412,particle_attached,집중적+으로,2026-10-07
ko,추가하였다,medium,413,inflected_sentence_form,추가+하였다,2026-10-07
ko,추진하였다,medium,414,inflected_sentence_form,추진+하였다,2026-10-07
ko,캐나다에서,medium,415,particle_attached,캐나다+에서,2026-10-07
ko,통합되었다,medium,416,inflected_sentence_form,통합+되었다,2026-10-07
ko,프로젝트가,medium,417,particle_attached,프로젝트+가,2026-10-07
ko,프로젝트에,medium,418,particle_attached,프로젝트+에,2026-10-07
ko,현실적으로,medium,419,particle_attached,현실적+으로,2026-10-07
ko,홈페이지를,medium,420,particle_attached,홈페이지+를,2026-10-07
ko,간접적으로,medium,421,particle_attached,간접적+으로,2026-10-07
ko,강조하였다,medium,422,inflected_sentence_form,강조+하였다,2026-10-07
ko,네트워크에,medium,423,particle_attached,네트워크+에,2026-10-07
ko,대부분이다,medium,424,particle_attached,대부분+이다,2026-10-07
ko,동일하지만,medium,426,inflected_sentence_form,동일+하지만,2026-10-07
ko,드라마이다,medium,427,particle_attached,드라마+이다,2026-10-07
ko,들어가면서,medium,428,inflected_sentence_form,들어가+면서,2026-10-07
ko,만들어냈다,medium,429,not_a_dictionary_headword,,2026-10-07
ko,만들어지는,medium,430,not_a_dictionary_headword,,2026-10-07
ko,발견하였다,medium,432,inflected_sentence_form,발견+하였다,2026-10-07
ko,비난하였다,medium,433,inflected_sentence_form,비난+하였다,2026-10-07
ko,사용되었으며,medium,434,inflected_sentence_form,사용+되었으며,2026-10-07
ko,사용하였고,medium,435,inflected_sentence_form,사용+하였고,2026-10-07
ko,사용함으로써,medium,436,not_a_dictionary_headword,,2026-10-07
ko,상업적으로,medium,437,particle_attached,상업적+으로,2026-10-07
ko,상태에서는,medium,438,particle_attached,상태+에서는,2026-10-07
ko,수록되었다,medium,439,inflected_sentence_form,수록+되었다,2026-10-07
ko,스트레스를,medium,440,particle_attached,스트레스+를,2026-10-07
ko,시리즈에서,medium,441,particle_attached,시리즈+에서,2026-10-07
ko,안정적으로,medium,442,particle_attached,안정적+으로,2026-10-07
ko,에피소드의,medium,443,particle_attached,에피소드+의,2026-10-07
ko,연구자들은,medium,444,particle_attached,연구자+들은,2026-10-07
ko,온라인으로,medium,445,particle_attached,온라인+으로,2026-10-07
ko,우리나라의,medium,446,particle_attached,우리나라+의,2026-10-07
ko,운영되었다,medium,447,inflected_sentence_form,운영+되었다,2026-10-07
ko,유나이티드,medium,448,not_a_dictionary_headword,,2026-10-07
ko,이루어지며,medium,449,inflected_sentence_form,이루어지+며,2026-10-07
ko,일각에서는,medium,450,particle_attached,일각+에서는,2026-10-07
ko,자체적으로,medium,451,particle_attached,자체적+으로,2026-10-07
ko,전개되었다,medium,452,inflected_sentence_form,전개+되었다,2026-10-07
ko,전문적으로,medium,453,particle_attached,전문적+으로,2026-10-07
ko,조사되었다,medium,454,inflected_sentence_form,조사+되었다,2026-10-07
ko,존재하지만,medium,455,inflected_sentence_form,존재+하지만,2026-10-07
ko,중국에서는,medium,456,particle_attached,중국+에서는,2026-10-07
ko,지구로부터,medium,457,particle_attached,지구+로부터,2026-10-07
ko,지도자들은,medium,458,particle_attached,지도자+들은,2026-10-07
ko,지명되었다,medium,459,inflected_sentence_form,지명+되었다,2026-10-07
ko,출판하였다,medium,460,inflected_sentence_form,출판+하였다,2026-10-07
ko,친구들에게,medium,461,particle_attached,친구+들에게,2026-10-07
ko,카이사르는,medium,462,not_a_dictionary_headword,,2026-10-07
ko,프랑스군의,medium,464,not_a_dictionary_headword,,2026-10-07
ko,플레이어의,medium,465,not_a_dictionary_headword,,2026-10-07
ko,히데요시의,medium,466,not_a_dictionary_headword,,2026-10-07
ko,가능하다고,medium,467,inflected_sentence_form,가능하다+고,2026-10-07
ko,개최하였다,medium,468,inflected_sentence_form,개최+하였다,2026-10-07
ko,관광객들이,medium,469,particle_attached,관광객+들이,2026-10-07
ko,규정하였다,medium,470,inflected_sentence_form,규정+하였다,2026-10-07
ko,기술적으로,medium,471,particle_attached,기술적+으로,2026-10-07
ko,나타나는데,medium,473,inflected_sentence_form,나타나+는데,2026-10-07
ko,대통령에게,medium,475,particle_attached,대통령+에게,2026-10-07
ko,두드러지게,medium,476,inflected_sentence_form,두드러지+게,2026-10-07
ko,만들어진다,medium,478,not_a_dictionary_headword,,2026-10-07
ko,발매하였다,medium,479,inflected_sentence_form,발매+하였다,2026-10-07
ko,사망하면서,medium,480,inflected_sentence_form,사망+하면서,2026-10-07
ko,선정되기도,medium,481,not_a_dictionary_headword,,2026-10-07
ko,설명하였다,medium,482,inflected_sentence_form,설명+하였다,2026-10-07
ko,시리즈이다,medium,483,particle_attached,시리즈+이다,2026-10-07
ko,시행되었다,medium,485,inflected_sentence_form,시행+되었다,2026-10-07
ko,아르바이트를,medium,486,particle_attached,아르바이트+를,2026-10-07
ko,아프리카계,medium,487,not_a_dictionary_headword,,2026-10-07
ko,연구소에서,medium,488,particle_attached,연구소+에서,2026-10-07
ko,오른쪽으로,medium,489,particle_attached,오른쪽+으로,2026-10-07
ko,우크라이나의,medium,490,particle_attached,우크라이나+의,2026-10-07
ko,유래하였다,medium,491,inflected_sentence_form,유래+하였다,2026-10-07
ko,이야기하는,medium,492,inflected_sentence_form,이야기+하는,2026-10-07
ko,절대적으로,medium,494,particle_attached,절대적+으로,2026-10-07
ko,점진적으로,medium,495,particle_attached,점진적+으로,2026-10-07
ko,존재한다고,medium,496,inflected_sentence_form,존재+한다고,2026-10-07
ko,증명되었다,medium,497,inflected_sentence_form,증명+되었다,2026-10-07
ko,지방에서는,medium,498,particle_attached,지방+에서는,2026-10-07
ko,출간되었다,medium,499,inflected_sentence_form,출간+되었다,2026-10-07
ko,평균자책점,medium,500,not_a_dictionary_headword,,2026-10-07
ko,표현하였다,medium,501,inflected_sentence_form,표현+하였다,2026-10-07
ko,플레이오프에,medium,502,particle_attached,플레이오프+에,2026-10-07
ko,필사적으로,medium,503,particle_attached,필사적+으로,2026-10-07
ko,하이브리드,medium,504,not_a_dictionary_headword,,2026-10-07
ko,한국시리즈,medium,505,not_a_dictionary_headword,,2026-10-07
ko,합법적으로,medium,506,particle_attached,합법적+으로,2026-10-07
ko,가면라이더,medium,507,not_a_dictionary_headword,,2026-10-07
ko,가운데서도,medium,508,not_a_dictionary_headword,,2026-10-07
ko,가운데에는,medium,509,particle_attached,가운데+에는,2026-10-07
ko,과학자들이,medium,511,particle_attached,과학자+들이,2026-10-07
ko,국가대표팀의,medium,512,not_a_dictionary_headword,,2026-10-07
ko,국내에서는,medium,513,particle_attached,국내+에서는,2026-10-07
ko,그만두었다,medium,514,inflected_sentence_form,그만두+었다,2026-10-07
ko,기자회견에서,medium,515,particle_attached,기자회견+에서,2026-10-07
ko,끌어들였다,medium,516,not_a_dictionary_headword,,2026-10-07
ko,남아있었다,medium,518,not_a_dictionary_headword,,2026-10-07
ko,노동자들은,medium,519,particle_attached,노동자+들은,2026-10-07
ko,당시로서는,medium,520,not_a_dictionary_headword,,2026-10-07
ko,대한민국이,medium,521,particle_attached,대한민국+이,2026-10-07
ko,마찬가지이다,medium,522,particle_attached,마찬가지+이다,2026-10-07
ko,만들어졌으며,medium,523,not_a_dictionary_headword,,2026-10-07
ko,민주주의의,medium,524,particle_attached,민주주의+의,2026-10-07
ko,바깥쪽으로,medium,525,particle_attached,바깥쪽+으로,2026-10-07
ko,바이러스의,medium,527,particle_attached,바이러스+의,2026-10-07
ko,발견되기도,medium,528,not_a_dictionary_headword,,2026-10-07
ko,발달하였다,medium,529,inflected_sentence_form,발달+하였다,2026-10-07
ko,방영되었다,medium,530,inflected_sentence_form,방영+되었다,2026-10-07
ko,불가능하다고,medium,531,inflected_sentence_form,불가능하다+고,2026-10-07
ko,비롯되었다,medium,532,inflected_sentence_form,비롯되+었다,2026-10-07
ko,비슷하지만,medium,533,inflected_sentence_form,비슷하+지만,2026-10-07
ko,사용하면서,medium,534,inflected_sentence_form,사용+하면서,2026-10-07
ko,사퇴하였다,medium,535,inflected_sentence_form,사퇴+하였다,2026-10-07
ko,사회에서는,medium,536,particle_attached,사회+에서는,2026-10-07
ko,살해되었다,medium,537,inflected_sentence_form,살해+되었다,2026-10-07
ko,상황에서는,medium,538,particle_attached,상황+에서는,2026-10-07
ko,생각하지만,medium,539,inflected_sentence_form,생각+하지만,2026-10-07
ko,수행하였다,medium,540,inflected_sentence_form,수행+하였다,2026-10-07
ko,승강장으로,medium,541,particle_attached,승강장+으로,2026-10-07
ko,승리하였다,medium,542,inflected_sentence_form,승리+하였다,2026-10-07
ko,시스템이다,medium,543,particle_attached,시스템+이다,2026-10-07
ko,시작되었고,medium,544,inflected_sentence_form,시작+되었고,2026-10-07
ko,시작되었으며,medium,545,inflected_sentence_form,시작+되었으며,2026-10-07
ko,시작했는데,medium,546,inflected_sentence_form,시작+했는데,2026-10-07
ko,시작했지만,medium,547,inflected_sentence_form,시작+했지만,2026-10-07
ko,시청자들의,medium,548,particle_attached,시청자+들의,2026-10-07
ko,실시하였다,medium,549,inflected_sentence_form,실시+하였다,2026-10-07
ko,안장되었다,medium,551,inflected_sentence_form,안장+되었다,2026-10-07
ko,알고리즘을,medium,552,particle_attached,알고리즘+을,2026-10-07
ko,여기에서는,medium,554,particle_attached,여기+에서는,2026-10-07
ko,역설하였다,medium,555,inflected_sentence_form,역설+하였다,2026-10-07
ko,오른쪽에는,medium,556,particle_attached,오른쪽+에는,2026-10-07
ko,완성되었다,medium,557,inflected_sentence_form,완성+되었다,2026-10-07
ko,웹사이트에,medium,558,particle_attached,웹사이트+에,2026-10-07
ko,유명해졌다,medium,559,not_a_dictionary_headword,,2026-10-07
ko,유지되었다,medium,560,inflected_sentence_form,유지+되었다,2026-10-07
ko,이름으로도,medium,561,particle_attached,이름+으로도,2026-10-07
ko,이탈리아를,medium,562,particle_attached,이탈리아+를,2026-10-07
ko,이탈리아와,medium,563,particle_attached,이탈리아+와,2026-10-07
ko,일어나기도,medium,564,not_a_dictionary_headword,,2026-10-07
ko,있으면서도,medium,565,not_a_dictionary_headword,,2026-10-07
ko,정치인으로,medium,566,particle_attached,정치인+으로,2026-10-07
ko,제안되었다,medium,567,inflected_sentence_form,제안+되었다,2026-10-07
ko,제작되었으며,medium,568,inflected_sentence_form,제작+되었으며,2026-10-07
ko,제작하였다,medium,569,inflected_sentence_form,제작+하였다,2026-10-07
ko,지속되었다,medium,570,inflected_sentence_form,지속+되었다,2026-10-07
ko,지역에서도,medium,571,particle_attached,지역+에서도,2026-10-07
ko,지지하였다,medium,572,inflected_sentence_form,지지+하였다,2026-10-07
ko,참여했으며,medium,573,inflected_sentence_form,참여+했으며,2026-10-07
ko,최종적으로는,medium,574,particle_attached,최종적+으로는,2026-10-07
ko,출연하기도,medium,575,inflected_sentence_form,출연+하기도,2026-10-07
ko,출전하였고,medium,576,inflected_sentence_form,출전+하였고,2026-10-07
ko,평가받는다,medium,577,not_a_dictionary_headword,,2026-10-07
ko,프랑스군을,medium,578,not_a_dictionary_headword,,2026-10-07
ko,프로그램과,medium,579,particle_attached,프로그램+과,2026-10-07
ko,프로듀서이다,medium,580,particle_attached,프로듀서+이다,2026-10-07
ko,향상시켰다,medium,581,not_a_dictionary_headword,,2026-10-07
ko,향상시키는,medium,582,not_a_dictionary_headword,,2026-10-07
ko,형성하였다,medium,583,inflected_sentence_form,형성+하였다,2026-10-07
ko,활동하기도,medium,584,inflected_sentence_form,활동+하기도,2026-10-07
ko,개통되었다,medium,585,inflected_sentence_form,개통+되었다,2026-10-07
ko,것이었다고,medium,586,not_a_dictionary_headword,,2026-10-07
ko,것이었으며,medium,587,not_a_dictionary_headword,,2026-10-07
ko,것이었지만,medium,588,not_a_dictionary_headword,,2026-10-07
ko,경기들에서,medium,589,not_a_dictionary_headword,,2026-10-07
ko,계속되었고,medium,590,inflected_sentence_form,계속+되었고,2026-10-07
ko,고등학교에서,medium,591,particle_attached,고등학교+에서,2026-10-07
ko,고등학교의,medium,592,particle_attached,고등학교+의,2026-10-07
ko,과학적으로,medium,593,particle_attached,과학적+으로,2026-10-07
ko,구성원들이,medium,594,particle_attached,구성원+들이,2026-10-07
ko,구성원으로,medium,595,particle_attached,구성원+으로,2026-10-07
ko,구성하였다,medium,596,inflected_sentence_form,구성+하였다,2026-10-07
ko,국회의원이,medium,597,particle_attached,국회의원+이,2026-10-07
ko,극단적으로,medium,598,particle_attached,극단적+으로,2026-10-07
ko,기록하기도,medium,599,inflected_sentence_form,기록+하기도,2026-10-07
ko,기록했으며,medium,600,inflected_sentence_form,기록+했으며,2026-10-07
ko,단계적으로,medium,601,particle_attached,단계적+으로,2026-10-07
ko,담당하였다,medium,602,inflected_sentence_form,담당+하였다,2026-10-07
ko,독립운동을,medium,603,particle_attached,독립운동+을,2026-10-07
ko,떨어지면서,medium,605,inflected_sentence_form,떨어지+면서,2026-10-07
ko,마지막까지,medium,606,particle_attached,마지막+까지,2026-10-07
ko,머리카락을,medium,608,particle_attached,머리카락+을,2026-10-07
ko,미나모토노,medium,609,not_a_dictionary_headword,,2026-10-07
ko,미래통합당,medium,610,not_a_dictionary_headword,,2026-10-07
ko,바이러스가,medium,611,particle_attached,바이러스+가,2026-10-07
ko,받아들인다,medium,612,not_a_dictionary_headword,,2026-10-07
ko,발견되었는데,medium,613,not_a_dictionary_headword,,2026-10-07
ko,방문하였다,medium,614,inflected_sentence_form,방문+하였다,2026-10-07
ko,배치하였다,medium,615,inflected_sentence_form,배치+하였다,2026-10-07
ko,변경되었으며,medium,616,inflected_sentence_form,변경+되었으며,2026-10-07
ko,부상당했다,medium,617,not_a_dictionary_headword,,2026-10-07
ko,불가능하게,medium,618,inflected_sentence_form,불가능하+게,2026-10-07
ko,불가능하다는,medium,619,particle_attached,불가능하다+는,2026-10-07
ko,불가능하며,medium,620,inflected_sentence_form,불가능+하며,2026-10-07
ko,비평가들은,medium,622,particle_attached,비평가+들은,2026-10-07
ko,사망했다고,medium,623,not_a_dictionary_headword,,2026-10-07
ko,사망했으며,medium,624,inflected_sentence_form,사망+했으며,2026-10-07
ko,사용되었고,medium,625,inflected_sentence_form,사용+되었고,2026-10-07
ko,소개하였다,medium,627,inflected_sentence_form,소개+하였다,2026-10-07
ko,승인하였다,medium,629,inflected_sentence_form,승인+하였다,2026-10-07
ko,시청자들이,medium,630,particle_attached,시청자+들이,2026-10-07
ko,시행하였다,medium,631,inflected_sentence_form,시행+하였다,2026-10-07
ko,애니메이션을,medium,632,particle_attached,애니메이션+을,2026-10-07
ko,어머니에게,medium,633,particle_attached,어머니+에게,2026-10-07
ko,언론에서는,medium,634,particle_attached,언론+에서는,2026-10-07
ko,오스트리아의,medium,635,particle_attached,오스트리아+의,2026-10-07
ko,완료되었다,medium,636,inflected_sentence_form,완료+되었다,2026-10-07
ko,원주민들은,medium,637,particle_attached,원주민+들은,2026-10-07
ko,위원장으로,medium,638,particle_attached,위원장+으로,2026-10-07
ko,유지하였다,medium,639,inflected_sentence_form,유지+하였다,2026-10-07
ko,은퇴하였다,medium,640,inflected_sentence_form,은퇴+하였다,2026-10-07
ko,이곳에서는,medium,641,particle_attached,이곳+에서는,2026-10-07
ko,이루어져야,medium,642,not_a_dictionary_headword,,2026-10-07
ko,이전하였다,medium,643,inflected_sentence_form,이전+하였다,2026-10-07
ko,인위적으로,medium,644,particle_attached,인위적+으로,2026-10-07
ko,인정받았다,medium,645,inflected_sentence_form,인정받+았다,2026-10-07
ko,일제강점기,medium,646,not_a_dictionary_headword,,2026-10-07
ko,임명되었고,medium,647,inflected_sentence_form,임명+되었고,2026-10-07
ko,잉글랜드는,medium,648,particle_attached,잉글랜드+는,2026-10-07
ko,장기적으로,medium,649,particle_attached,장기적+으로,2026-10-07
ko,재개되었다,medium,650,inflected_sentence_form,재개+되었다,2026-10-07
ko,조선시대에,medium,651,not_a_dictionary_headword,,2026-10-07
ko,조선시대에는,medium,652,not_a_dictionary_headword,,2026-10-07
ko,주민들에게,medium,653,particle_attached,주민+들에게,2026-10-07
ko,중점적으로,medium,654,particle_attached,중점적+으로,2026-10-07
ko,참석하였다,medium,655,inflected_sentence_form,참석+하였다,2026-10-07
ko,처형되었다,medium,656,inflected_sentence_form,처형+되었다,2026-10-07
ko,체결하였다,medium,657,inflected_sentence_form,체결+하였다,2026-10-07
ko,최종전에서,medium,658,not_a_dictionary_headword,,2026-10-07
ko,판매되었다,medium,659,inflected_sentence_form,판매+되었다,2026-10-07
ko,페르시아의,medium,661,particle_attached,페르시아+의,2026-10-07
ko,편입되었다,medium,662,inflected_sentence_form,편입+되었다,2026-10-07
ko,포스트시즌,medium,663,not_a_dictionary_headword,,2026-10-07
ko,표기하기도,medium,664,inflected_sentence_form,표기+하기도,2026-10-07
ko,표현되었다,medium,665,inflected_sentence_form,표현+되었다,2026-10-07
ko,프랑스군이,medium,666,not_a_dictionary_headword,,2026-10-07
ko,프로듀서로,medium,667,particle_attached,프로듀서+로,2026-10-07
ko,프로듀싱을,medium,668,not_a_dictionary_headword,,2026-10-07
ko,프로이센의,medium,669,not_a_dictionary_headword,,2026-10-07
ko,플레이어를,medium,670,not_a_dictionary_headword,,2026-10-07
ko,필연적으로,medium,671,particle_attached,필연적+으로,2026-10-07
ko,활동하다가,medium,672,particle_attached,활동하다+가,2026-10-07
ko,후지와라노,medium,673,not_a_dictionary_headword,,2026-10-07
ko,가장자리가,medium,674,particle_attached,가장자리+가,2026-10-07
ko,개명하였다,medium,676,inflected_sentence_form,개명+하였다,2026-10-07
ko,건립되었다,medium,677,inflected_sentence_form,건립+되었다,2026-10-07
ko,게임에서는,medium,678,particle_attached,게임+에서는,2026-10-07
ko,결정적으로,medium,679,particle_attached,결정적+으로,2026-10-07
ko,경기장으로,medium,680,particle_attached,경기장+으로,2026-10-07
ko,계획이었다,medium,681,particle_attached,계획+이었다,2026-10-07
ko,공교롭게도,medium,682,not_a_dictionary_headword,,2026-10-07
ko,공식적으로는,medium,683,particle_attached,공식적+으로는,2026-10-07
ko,과정에서는,medium,684,particle_attached,과정+에서는,2026-10-07
ko,교통사고로,medium,685,particle_attached,교통사고+로,2026-10-07
ko,구간에서는,medium,686,particle_attached,구간+에서는,2026-10-07
ko,구성원들의,medium,687,particle_attached,구성원+들의,2026-10-07
ko,기록이었다,medium,688,particle_attached,기록+이었다,2026-10-07
ko,나라에서는,medium,689,particle_attached,나라+에서는,2026-10-07
ko,나폴레옹은,medium,690,particle_attached,나폴레옹+은,2026-10-07
ko,남극점까지,medium,691,particle_attached,남극점+까지,2026-10-07
ko,남동쪽으로,medium,692,particle_attached,남동쪽+으로,2026-10-07
ko,네트워크와,medium,693,particle_attached,네트워크+와,2026-10-07
ko,논리적으로,medium,694,particle_attached,논리적+으로,2026-10-07
ko,대통령령으로,medium,695,particle_attached,대통령령+으로,2026-10-07
ko,대통령직을,medium,696,not_a_dictionary_headword,,2026-10-07
ko,돌아다니며,medium,697,inflected_sentence_form,돌아다니+며,2026-10-07
ko,드라마에서,medium,698,particle_attached,드라마+에서,2026-10-07
ko,드라이버의,medium,699,particle_attached,드라이버+의,2026-10-07
ko,라이선스를,medium,700,particle_attached,라이선스+를,2026-10-07
ko,마감하였다,medium,701,inflected_sentence_form,마감+하였다,2026-10-07
ko,마드리드의,medium,702,particle_attached,마드리드+의,2026-10-07
ko,만들어졌고,medium,703,not_a_dictionary_headword,,2026-10-07
ko,박사학위를,medium,705,not_a_dictionary_headword,,2026-10-07
ko,발표하면서,medium,706,inflected_sentence_form,발표+하면서,2026-10-07
ko,방법으로는,medium,707,particle_attached,방법+으로는,2026-10-07
ko,보편적으로,medium,708,particle_attached,보편적+으로,2026-10-07
ko,북극점에서,medium,709,particle_attached,북극점+에서,2026-10-07
ko,분야에서의,medium,710,particle_attached,분야+에서의,2026-10-07
ko,사람으로서,medium,711,particle_attached,사람+으로서,2026-10-07
ko,사임하였다,medium,712,inflected_sentence_form,사임+하였다,2026-10-07
ko,선수권에서,medium,713,particle_attached,선수권+에서,2026-10-07
ko,선정하였다,medium,714,inflected_sentence_form,선정+하였다,2026-10-07
ko,순차적으로,medium,715,particle_attached,순차적+으로,2026-10-07
ko,시도하였다,medium,716,inflected_sentence_form,시도+하였다,2026-10-07
ko,시도하였으나,medium,717,inflected_sentence_form,시도+하였으나,2026-10-07
ko,시도했지만,medium,718,inflected_sentence_form,시도+했지만,2026-10-07
ko,시점에서는,medium,719,particle_attached,시점+에서는,2026-10-07
ko,시즌에서는,medium,720,particle_attached,시즌+에서는,2026-10-07
ko,아시아에서,medium,721,particle_attached,아시아+에서,2026-10-07
ko,알렉산데르,medium,722,not_a_dictionary_headword,,2026-10-07
ko,알려졌으나,medium,723,not_a_dictionary_headword,,2026-10-07
ko,알려졌으며,medium,724,not_a_dictionary_headword,,2026-10-07
ko,업데이트를,medium,725,particle_attached,업데이트+를,2026-10-07
ko,에피소드는,medium,726,particle_attached,에피소드+는,2026-10-07
ko,에피소드에서,medium,727,particle_attached,에피소드+에서,2026-10-07
ko,영국에서는,medium,728,particle_attached,영국+에서는,2026-10-07
ko,예정이라고,medium,729,particle_attached,예정+이라고,2026-10-07
ko,오늘날까지도,medium,730,not_a_dictionary_headword,,2026-10-07
ko,우승하면서,medium,732,inflected_sentence_form,우승+하면서,2026-10-07
ko,월드컵에서,medium,733,particle_attached,월드컵+에서,2026-10-07
ko,이끌어냈다,medium,734,not_a_dictionary_headword,,2026-10-07
ko,이야기한다,medium,735,inflected_sentence_form,이야기+한다,2026-10-07
ko,이용하였다,medium,736,inflected_sentence_form,이용+하였다,2026-10-07
ko,이전까지는,medium,737,not_a_dictionary_headword,,2026-10-07
ko,자동적으로,medium,738,particle_attached,자동적+으로,2026-10-07
ko,잠재적으로,medium,739,particle_attached,잠재적+으로,2026-10-07
ko,전략적으로,medium,740,particle_attached,전략적+으로,2026-10-07
ko,정부에서는,medium,741,particle_attached,정부+에서는,2026-10-07
ko,제공하기도,medium,742,inflected_sentence_form,제공+하기도,2026-10-07
ko,제시되었다,medium,743,inflected_sentence_form,제시+되었다,2026-10-07
ko,조성되었다,medium,744,inflected_sentence_form,조성+되었다,2026-10-07
ko,존재하였다,medium,745,inflected_sentence_form,존재+하였다,2026-10-07
ko,졸업하였다,medium,746,inflected_sentence_form,졸업+하였다,2026-10-07
ko,주장했지만,medium,747,inflected_sentence_form,주장+했지만,2026-10-07
ko,중요하다고,medium,748,inflected_sentence_form,중요하다+고,2026-10-07
ko,지어졌으며,medium,749,not_a_dictionary_headword,,2026-10-07
ko,지역이었다,medium,750,particle_attached,지역+이었다,2026-10-07
ko,채택하였다,medium,751,inflected_sentence_form,채택+하였다,2026-10-07
ko,컴퓨터에서,medium,752,particle_attached,컴퓨터+에서,2026-10-07
ko,통과시켰다,medium,753,not_a_dictionary_headword,,2026-10-07
ko,투입되었다,medium,754,inflected_sentence_form,투입+되었다,2026-10-07
ko,파견하였다,medium,755,inflected_sentence_form,파견+하였다,2026-10-07
ko,프로그래머가,medium,756,particle_attached,프로그래머+가,2026-10-07
ko,플랫폼에서,medium,757,particle_attached,플랫폼+에서,2026-10-07
ko,확인하였다,medium,758,inflected_sentence_form,확인+하였다,2026-10-07
ko,회복되었다,medium,759,inflected_sentence_form,회복+되었다,2026-10-07
ko,감소시키는,medium,760,inflected_sentence_form,감소시키+는,2026-10-07
ko,결론지었다,medium,761,not_a_dictionary_headword,,2026-10-07
ko,결혼하였다,medium,762,inflected_sentence_form,결혼+하였다,2026-10-07
ko,경기에서도,medium,763,particle_attached,경기+에서도,2026-10-07
ko,계속적으로,medium,764,particle_attached,계속적+으로,2026-10-07
ko,규칙적으로,medium,765,particle_attached,규칙적+으로,2026-10-07
ko,그러면서도,medium,766,not_a_dictionary_headword,,2026-10-07
ko,금지되었다,medium,767,inflected_sentence_form,금지+되었다,2026-10-07
ko,기록하였고,medium,768,inflected_sentence_form,기록+하였고,2026-10-07
ko,꼭대기에는,medium,769,particle_attached,꼭대기+에는,2026-10-07
ko,나폴레옹이,medium,770,particle_attached,나폴레옹+이,2026-10-07
ko,내부에서는,medium,771,particle_attached,내부+에서는,2026-10-07
ko,내부에서도,medium,772,particle_attached,내부+에서도,2026-10-07
ko,내용이었다,medium,773,particle_attached,내용+이었다,2026-10-07
ko,을까요,medium,777,inflected_sentence_form,을+까요,2026-10-07
ko,할지,medium,788,inflected_sentence_form,할+지,2026-10-07
ko,던데,medium,792,not_a_dictionary_headword,,2026-10-07
ko,똑같,medium,794,fragment,똑같다,2026-10-07
ko,샵,medium,798,not_a_dictionary_headword,,2026-10-07
ko,잇,medium,807,fragment,잇다,2026-10-07
ko,줘서,medium,811,not_a_dictionary_headword,,2026-10-07
ko,떨어지,medium,821,fragment,떨어지다,2026-10-07
ko,쏘,medium,826,fragment,쏘다,2026-10-07
ko,어렵,medium,827,fragment,어렵다,2026-10-07
ko,을지,medium,831,inflected_sentence_form,을+지,2026-10-07
ko,즐기,medium,836,fragment,즐기다,2026-10-07
ko,킹,medium,839,not_a_dictionary_headword,,2026-10-07
ko,낳,medium,842,fragment,낳다,2026-10-07
ko,라서,medium,846,not_a_dictionary_headword,,2026-10-07
ko,레이,medium,847,fragment,레이다,2026-10-07
ko,뭔,medium,849,not_a_dictionary_headword,,2026-10-07
ko,샤,medium,852,not_a_dictionary_headword,,2026-10-07
ko,스토리,medium,854,not_a_dictionary_headword,,2026-10-07
ko,어떡,medium,858,not_a_dictionary_headword,,2026-10-07
ko,코리아,medium,872,not_a_dictionary_headword,,2026-10-07
ko,간단,medium,879,not_a_dictionary_headword,,2026-10-07
ko,당했,medium,882,not_a_dictionary_headword,,2026-10-07
ko,미쳤,medium,883,not_a_dictionary_headword,,2026-10-07
ko,아님,medium,892,not_a_dictionary_headword,,2026-10-07
ko,간다,medium,901,inflected_sentence_form,간+다,2026-10-07
ko,따뜻,medium,907,not_a_dictionary_headword,,2026-10-07
ko,라며,medium,908,inflected_sentence_form,라+며,2026-10-07
ko,몰랐,medium,911,not_a_dictionary_headword,,2026-10-07
ko,빅,medium,917,not_a_dictionary_headword,,2026-10-07
ko,빠르,medium,918,fragment,빠르다,2026-10-07
ko,잖아요,medium,926,not_a_dictionary_headword,,2026-10-07
ko,해야지,medium,936,not_a_dictionary_headword,,2026-10-07
ko,확실,medium,937,not_a_dictionary_headword,,2026-10-07
ko,넓,medium,943,fragment,넓다,2026-10-07
ko,바랍니다,medium,947,not_a_dictionary_headword,,2026-10-07
ko,보였,medium,949,not_a_dictionary_headword,,2026-10-07
ko,복잡,medium,951,not_a_dictionary_headword,,2026-10-07
ko,뽑,medium,952,fragment,뽑다,2026-10-07
ko,오르,medium,956,fragment,오르다,2026-10-07
ko,올라가,medium,957,fragment,올라가다,2026-10-07
ko,조지,medium,964,fragment,조지다,2026-10-07
ko,대한민국에서는,hard,30,particle_attached,대한민국+에서는,2026-10-07
ko,애니메이션에서는,hard,32,particle_attached,애니메이션+에서는,2026-10-07
ko,오스트레일리아의,hard,34,particle_attached,오스트레일리아+의,2026-10-07
ko,우리나라에서는,hard,35,particle_attached,우리나라+에서는,2026-10-07
ko,콘스탄티노폴리스,hard,36,not_a_dictionary_headword,,2026-10-07
ko,국가대표팀에서,hard,37,not_a_dictionary_headword,,2026-10-07
ko,아이러니하게도,hard,38,not_a_dictionary_headword,,2026-10-07
ko,중화인민공화국의,hard,39,particle_attached,중화인민공화국+의,2026-10-07
ko,더불어민주당이,hard,40,particle_attached,더불어민주당+이,2026-10-07
ko,사우스캐롤라이나,hard,41,not_a_dictionary_headword,,2026-10-07
ko,플레이오프에서,hard,42,particle_attached,플레이오프+에서,2026-10-07
ko,데이터베이스를,hard,43,particle_attached,데이터베이스+를,2026-10-07
ko,사우디아라비아의,hard,44,particle_attached,사우디아라비아+의,2026-10-07
ko,애니메이션으로,hard,45,particle_attached,애니메이션+으로,2026-10-07
ko,애니메이션이다,hard,46,particle_attached,애니메이션+이다,2026-10-07
ko,이탈리아에서는,hard,47,particle_attached,이탈리아+에서는,2026-10-07
ko,통일신라시대의,hard,48,not_a_dictionary_headword,,2026-10-07
ko,프톨레마이오스,hard,49,not_a_dictionary_headword,,2026-10-07
ko,플레이스테이션,hard,50,not_a_dictionary_headword,,2026-10-07
ko,공산주의자들은,hard,51,particle_attached,공산주의자+들은,2026-10-07
ko,국가대표팀으로,hard,52,not_a_dictionary_headword,,2026-10-07
ko,국가지정문화재,hard,53,not_a_dictionary_headword,,2026-10-07
ko,북아메리카에서,hard,54,particle_attached,북아메리카+에서,2026-10-07
ko,센타우루스자리,hard,56,not_a_dictionary_headword,,2026-10-07
ko,아리스토텔레스의,hard,57,particle_attached,아리스토텔레스+의,2026-10-07
ko,에스컬레이터가,hard,58,particle_attached,에스컬레이터+가,2026-10-07
ko,오스트리아군은,hard,59,not_a_dictionary_headword,,2026-10-07
ko,데이터베이스의,hard,60,particle_attached,데이터베이스+의,2026-10-07
ko,마르크스주의의,hard,61,not_a_dictionary_headword,,2026-10-07
ko,마이크로소프트가,hard,62,particle_attached,마이크로소프트+가,2026-10-07
ko,마이크로소프트는,hard,63,particle_attached,마이크로소프트+는,2026-10-07
ko,말레이시아에서,hard,64,particle_attached,말레이시아+에서,2026-10-07
ko,사우디아라비아는,hard,65,particle_attached,사우디아라비아+는,2026-10-07
ko,지방자치단체의,hard,66,particle_attached,지방자치단체+의,2026-10-07
ko,국립중앙박물관,hard,67,not_a_dictionary_headword,,2026-10-07
ko,남아프리카에서,hard,68,not_a_dictionary_headword,,2026-10-07
ko,더불어민주당과,hard,69,particle_attached,더불어민주당+과,2026-10-07
ko,더불어민주당은,hard,70,particle_attached,더불어민주당+은,2026-10-07
ko,데이터베이스에,hard,71,particle_attached,데이터베이스+에,2026-10-07
ko,독립운동가들이,hard,72,not_a_dictionary_headword,,2026-10-07
ko,비평가들로부터,hard,74,not_a_dictionary_headword,,2026-10-07
ko,스트라이크아웃을,hard,76,not_a_dictionary_headword,,2026-10-07
ko,스페인인들에게,hard,77,not_a_dictionary_headword,,2026-10-07
ko,시스템으로부터,hard,78,particle_attached,시스템+으로부터,2026-10-07
ko,아프가니스탄에서,hard,80,particle_attached,아프가니스탄+에서,2026-10-07
ko,애니메이션에서,hard,81,particle_attached,애니메이션+에서,2026-10-07
ko,애니메이션이나,hard,82,particle_attached,애니메이션+이나,2026-10-07
ko,애플리케이션의,hard,83,particle_attached,애플리케이션+의,2026-10-07
ko,오스트레일리아에,hard,84,particle_attached,오스트레일리아+에,2026-10-07
ko,커뮤니케이션의,hard,85,particle_attached,커뮤니케이션+의,2026-10-07
ko,프로그램에서는,hard,86,particle_attached,프로그램+에서는,2026-10-07
ko,한국방송작가상,hard,87,not_a_dictionary_headword,,2026-10-07
ko,고시라카와인은,hard,88,not_a_dictionary_headword,,2026-10-07
ko,국가공안위원회,hard,89,not_a_dictionary_headword,,2026-10-07
ko,기독교인들에게,hard,90,particle_attached,기독교인+들에게,2026-10-07
ko,내각총리대신이,hard,91,not_a_dictionary_headword,,2026-10-07
ko,대한민국에서도,hard,92,particle_attached,대한민국+에서도,2026-10-07
ko,도스토옙스키의,hard,93,not_a_dictionary_headword,,2026-10-07
ko,라이프스타일을,hard,94,not_a_dictionary_headword,,2026-10-07
ko,로베스피에르의,hard,95,not_a_dictionary_headword,,2026-10-07
ko,로스앤젤레스에,hard,96,particle_attached,로스앤젤레스+에,2026-10-07
ko,마이크로소프트의,hard,97,particle_attached,마이크로소프트+의,2026-10-07
ko,미토콘드리아의,hard,98,particle_attached,미토콘드리아+의,2026-10-07
ko,배아줄기세포의,hard,99,not_a_dictionary_headword,,2026-10-07
ko,서해안고속도로,hard,100,not_a_dictionary_headword,,2026-10-07
ko,아우구스투스의,hard,101,not_a_dictionary_headword,,2026-10-07
ko,아제르바이잔의,hard,102,not_a_dictionary_headword,,2026-10-07
ko,알렉산드리아의,hard,103,not_a_dictionary_headword,,2026-10-07
ko,에피소드에서는,hard,104,particle_attached,에피소드+에서는,2026-10-07
ko,엔터테인먼트가,hard,105,not_a_dictionary_headword,,2026-10-07
ko,엔터테인먼트와,hard,106,not_a_dictionary_headword,,2026-10-07
ko,엔터테인먼트의,hard,107,not_a_dictionary_headword,,2026-10-07
ko,역사문제연구소,hard,108,not_a_dictionary_headword,,2026-10-07
ko,오스트리아군을,hard,109,not_a_dictionary_headword,,2026-10-07
ko,오스트리아군이,hard,110,not_a_dictionary_headword,,2026-10-07
ko,옥타비아누스는,hard,111,not_a_dictionary_headword,,2026-10-07
ko,이탈리아인들은,hard,112,not_a_dictionary_headword,,2026-10-07
ko,인도네시아에서,hard,113,particle_attached,인도네시아+에서,2026-10-07
ko,인사청문회에서,hard,114,not_a_dictionary_headword,,2026-10-07
ko,자유지상주의적,hard,115,not_a_dictionary_headword,,2026-10-07
ko,지방자치단체가,hard,116,particle_attached,지방자치단체+가,2026-10-07
ko,지방자치단체에서,hard,117,particle_attached,지방자치단체+에서,2026-10-07
ko,텐토우무시코믹스,hard,118,not_a_dictionary_headword,,2026-10-07
ko,평론가들로부터,hard,119,not_a_dictionary_headword,,2026-10-07
ko,프로그램으로서,hard,120,particle_attached,프로그램+으로서,2026-10-07
ko,감소시킴으로써,hard,121,not_a_dictionary_headword,,2026-10-07
ko,개발도상국에서,hard,122,particle_attached,개발도상국+에서,2026-10-07
ko,경성지방법원과,hard,123,not_a_dictionary_headword,,2026-10-07
ko,고등학교에서는,hard,124,particle_attached,고등학교+에서는,2026-10-07
ko,공산주의자들에게,hard,125,particle_attached,공산주의자+들에게,2026-10-07
ko,공산주의자들을,hard,126,particle_attached,공산주의자+들을,2026-10-07
ko,공산주의자들이,hard,127,particle_attached,공산주의자+들이,2026-10-07
ko,국가재건최고회의,hard,128,not_a_dictionary_headword,,2026-10-07
ko,그리스도인들은,hard,129,not_a_dictionary_headword,,2026-10-07
ko,기하급수적으로,hard,130,particle_attached,기하급수적+으로,2026-10-07
ko,내각총리대신의,hard,131,not_a_dictionary_headword,,2026-10-07
ko,노스캐롤라이나,hard,132,not_a_dictionary_headword,,2026-10-07
ko,대학수학능력시험,hard,133,not_a_dictionary_headword,,2026-10-07
ko,데이터베이스이다,hard,134,particle_attached,데이터베이스+이다,2026-10-07
ko,동남아시아에서,hard,135,particle_attached,동남아시아+에서,2026-10-07
ko,동시다발적으로,hard,136,not_a_dictionary_headword,,2026-10-07
ko,디스플레이에서,hard,137,particle_attached,디스플레이+에서,2026-10-07
ko,로베스피에르는,hard,138,not_a_dictionary_headword,,2026-10-07
ko,로스앤젤레스에서,hard,139,particle_attached,로스앤젤레스+에서,2026-10-07
ko,리메이크되었다,hard,140,inflected_sentence_form,리메이크+되었다,2026-10-07
ko,메소포타미아의,hard,141,particle_attached,메소포타미아+의,2026-10-07
ko,뮤직비디오에서,hard,142,particle_attached,뮤직비디오+에서,2026-10-07
ko,미토콘드리아에서,hard,143,particle_attached,미토콘드리아+에서,2026-10-07
ko,바르셀로나에서,hard,144,particle_attached,바르셀로나+에서,2026-10-07
ko,방일영문화재단,hard,145,not_a_dictionary_headword,,2026-10-07
ko,백그라운드에서,hard,146,not_a_dictionary_headword,,2026-10-07
ko,베르크야루크를,hard,147,not_a_dictionary_headword,,2026-10-07
ko,벨리사리우스는,hard,148,not_a_dictionary_headword,,2026-10-07
ko,복합화력발전소로,hard,149,not_a_dictionary_headword,,2026-10-07
ko,부에노스아이레스,hard,150,not_a_dictionary_headword,,2026-10-07
ko,브리티시컬럼비아,hard,151,not_a_dictionary_headword,,2026-10-07
ko,비상대책위원회,hard,152,not_a_dictionary_headword,,2026-10-07
ko,사운드트랙에서,hard,153,not_a_dictionary_headword,,2026-10-07
ko,사회주의자들의,hard,154,particle_attached,사회주의자+들의,2026-10-07
ko,상품화함으로써,hard,156,not_a_dictionary_headword,,2026-10-07
ko,샌프란시스코로,hard,157,particle_attached,샌프란시스코+로,2026-10-07
ko,소프트웨어와의,hard,158,particle_attached,소프트웨어+와의,2026-10-07
ko,스타크래프트와,hard,159,not_a_dictionary_headword,,2026-10-07
ko,스트라이크아웃,hard,160,not_a_dictionary_headword,,2026-10-07
ko,스파르타쿠스는,hard,161,not_a_dictionary_headword,,2026-10-07
ko,스포트라이트를,hard,162,particle_attached,스포트라이트+를,2026-10-07
ko,시작하면서부터,hard,163,not_a_dictionary_headword,,2026-10-07
ko,시청자들로부터,hard,164,not_a_dictionary_headword,,2026-10-07
ko,신성로마제국의,hard,165,not_a_dictionary_headword,,2026-10-07
ko,아나키스트들은,hard,166,particle_attached,아나키스트+들은,2026-10-07
ko,아리스토텔레스는,hard,167,particle_attached,아리스토텔레스+는,2026-10-07
ko,아킬레우스에게,hard,168,not_a_dictionary_headword,,2026-10-07
ko,아파르트헤이트,hard,169,not_a_dictionary_headword,,2026-10-07
ko,안드로메다자리,hard,170,not_a_dictionary_headword,,2026-10-07
ko,알키비아데스는,hard,171,not_a_dictionary_headword,,2026-10-07
ko,알키비아데스의,hard,172,not_a_dictionary_headword,,2026-10-07
ko,애플리케이션으로,hard,173,particle_attached,애플리케이션+으로,2026-10-07
ko,애플리케이션은,hard,174,particle_attached,애플리케이션+은,2026-10-07
ko,애플리케이션을,hard,175,particle_attached,애플리케이션+을,2026-10-07
ko,에스컬레이터를,hard,176,particle_attached,에스컬레이터+를,2026-10-07
ko,엔터테인먼트는,hard,177,not_a_dictionary_headword,,2026-10-07
ko,엔터테인먼트를,hard,178,not_a_dictionary_headword,,2026-10-07
ko,오스트레일리아는,hard,179,particle_attached,오스트레일리아+는,2026-10-07
ko,오스트레일리아와,hard,180,particle_attached,오스트레일리아+와,2026-10-07
ko,올림피아코스는,hard,181,not_a_dictionary_headword,,2026-10-07
ko,우리나라에서도,hard,182,particle_attached,우리나라+에서도,2026-10-07
ko,울스턴크래프트는,hard,183,not_a_dictionary_headword,,2026-10-07
ko,울스턴크래프트의,hard,184,not_a_dictionary_headword,,2026-10-07
ko,월드시리즈에서,hard,185,not_a_dictionary_headword,,2026-10-07
ko,일러스트레이터,hard,186,not_a_dictionary_headword,,2026-10-07
ko,일반직공무원으로,hard,187,not_a_dictionary_headword,,2026-10-07
ko,잎겨드랑이에서,hard,188,not_a_dictionary_headword,,2026-10-07
ko,작은껍질화석은,hard,189,not_a_dictionary_headword,,2026-10-07
ko,코로나바이러스,hard,191,not_a_dictionary_headword,,2026-10-07
ko,코페르니쿠스는,hard,192,not_a_dictionary_headword,,2026-10-07
ko,쾨니히스베르크,hard,193,not_a_dictionary_headword,,2026-10-07
ko,크로아티아에서,hard,194,particle_attached,크로아티아+에서,2026-10-07
ko,타이포그래피를,hard,195,particle_attached,타이포그래피+를,2026-10-07
ko,타이포그래피의,hard,196,particle_attached,타이포그래피+의,2026-10-07
ko,탄소배출권거래소,hard,197,not_a_dictionary_headword,,2026-10-07
ko,태어나면서부터,hard,198,not_a_dictionary_headword,,2026-10-07
ko,통일신라시대에,hard,199,not_a_dictionary_headword,,2026-10-07
ko,특수지근무수당,hard,200,not_a_dictionary_headword,,2026-10-07
ko,페이스리프트를,hard,201,not_a_dictionary_headword,,2026-10-07
ko,평균자책점으로,hard,202,not_a_dictionary_headword,,2026-10-07
ko,프랑켄슈타인의,hard,203,not_a_dictionary_headword,,2026-10-07
ko,프랜차이즈에서,hard,204,not_a_dictionary_headword,,2026-10-07
ko,프로게이머이자,hard,205,not_a_dictionary_headword,,2026-10-07
ko,프로그래머들이,hard,206,particle_attached,프로그래머+들이,2026-10-07
ko,프로젝트에서는,hard,207,particle_attached,프로젝트+에서는,2026-10-07
ko,프톨레마이오스는,hard,208,not_a_dictionary_headword,,2026-10-07
ko,프톨레마이오스의,hard,209,not_a_dictionary_headword,,2026-10-07
ko,필라델피아에서,hard,210,particle_attached,필라델피아+에서,2026-10-07
ko,필요충분조건은,hard,211,particle_attached,필요충분조건+은,2026-10-07
ko,한국어판에서는,hard,212,not_a_dictionary_headword,,2026-10-07
ko,헌법소원심판을,hard,213,not_a_dictionary_headword,,2026-10-07
ko,홈페이지에서는,hard,214,particle_attached,홈페이지+에서는,2026-10-07
ko,흐지부지되었다,hard,215,inflected_sentence_form,흐지부지+되었다,2026-10-07
ko,가야동계곡으로,hard,216,not_a_dictionary_headword,,2026-10-07
ko,가톨릭교회에서는,hard,217,particle_attached,가톨릭교회+에서는,2026-10-07
ko,갈라타사라이의,hard,218,not_a_dictionary_headword,,2026-10-07
ko,개발도상국가의,hard,219,not_a_dictionary_headword,,2026-10-07
ko,개인리그에서는,hard,220,not_a_dictionary_headword,,2026-10-07
ko,거시세계에서도,hard,221,not_a_dictionary_headword,,2026-10-07
ko,게티스버그에서,hard,222,not_a_dictionary_headword,,2026-10-07
ko,경계선성격장애를,hard,223,not_a_dictionary_headword,,2026-10-07
ko,경계선으로부터,hard,224,particle_attached,경계선+으로부터,2026-10-07
ko,경찰청으로부터,hard,225,particle_attached,경찰청+으로부터,2026-10-07
ko,고등교육기관이다,hard,226,not_a_dictionary_headword,,2026-10-07
ko,고등학교까지의,hard,227,particle_attached,고등학교+까지의,2026-10-07
ko,고시라카와인이,hard,228,not_a_dictionary_headword,,2026-10-07
ko,공산주의자들과,hard,229,particle_attached,공산주의자+들과,2026-10-07
ko,공산주의자들의,hard,230,particle_attached,공산주의자+들의,2026-10-07
ko,공식전만으로는,hard,231,not_a_dictionary_headword,,2026-10-07
ko,과잉간극수압이,hard,233,not_a_dictionary_headword,,2026-10-07
ko,과학기술유공자에,hard,234,not_a_dictionary_headword,,2026-10-07
ko,광주교도소에서,hard,235,not_a_dictionary_headword,,2026-10-07
ko,구성되어있으며,hard,236,not_a_dictionary_headword,,2026-10-07
ko,국가공무원법에,hard,237,particle_attached,국가공무원법+에,2026-10-07
ko,국가인권위원회에,hard,238,not_a_dictionary_headword,,2026-10-07
ko,국민농업전문대학,hard,239,not_a_dictionary_headword,,2026-10-07
ko,국민민주동맹의,hard,240,not_a_dictionary_headword,,2026-10-07
ko,국방과학연구소가,hard,241,not_a_dictionary_headword,,2026-10-07
ko,국방과학연구소와,hard,242,not_a_dictionary_headword,,2026-10-07
ko,국사편찬위원회,hard,243,not_a_dictionary_headword,,2026-10-07
ko,국제영화제에서,hard,244,not_a_dictionary_headword,,2026-10-07
ko,국제우주정거장에,hard,245,not_a_dictionary_headword,,2026-10-07
ko,국제캠퍼스에서의,hard,246,not_a_dictionary_headword,,2026-10-07
ko,그레이터런던은,hard,247,not_a_dictionary_headword,,2026-10-07
ko,그리스도인들에게,hard,248,not_a_dictionary_headword,,2026-10-07
ko,그리스도인들이,hard,249,not_a_dictionary_headword,,2026-10-07
ko,그리스인들에게,hard,250,particle_attached,그리스인+들에게,2026-10-07
ko,근본주의자들의,hard,251,not_a_dictionary_headword,,2026-10-07
ko,근원섬유마디의,hard,252,not_a_dictionary_headword,,2026-10-07
ko,글루타알데히드는,hard,253,not_a_dictionary_headword,,2026-10-07
ko,금메달리스트가,hard,254,particle_attached,금메달리스트+가,2026-10-07
ko,금융중심도시로,hard,255,not_a_dictionary_headword,,2026-10-07
ko,기갑교도사단은,hard,256,not_a_dictionary_headword,,2026-10-07
ko,기능보유자였던,hard,257,not_a_dictionary_headword,,2026-10-07
ko,기술서기관으로,hard,258,not_a_dictionary_headword,,2026-10-07
ko,기시노사토다마데,hard,259,not_a_dictionary_headword,,2026-10-07
ko,기자회견에서는,hard,260,particle_attached,기자회견+에서는,2026-10-07
ko,낙성대경제연구소,hard,261,not_a_dictionary_headword,,2026-10-07
ko,남북정상회담을,hard,262,not_a_dictionary_headword,,2026-10-07
ko,네덜란드인들은,hard,263,not_a_dictionary_headword,,2026-10-07
ko,네트워크상에서,hard,264,not_a_dictionary_headword,,2026-10-07
ko,노바스코샤에서,hard,265,not_a_dictionary_headword,,2026-10-07
ko,노보시비르스크의,hard,266,not_a_dictionary_headword,,2026-10-07
ko,다카우지로부터,hard,267,not_a_dictionary_headword,,2026-10-07
ko,다큐멘터리에서,hard,268,particle_attached,다큐멘터리+에서,2026-10-07
ko,다항식으로부터,hard,269,not_a_dictionary_headword,,2026-10-07
ko,대기오염물질을,hard,270,not_a_dictionary_headword,,2026-10-07
ko,대부분이었으며,hard,271,not_a_dictionary_headword,,2026-10-07
ko,대통령으로부터,hard,272,particle_attached,대통령+으로부터,2026-10-07
ko,더불어민주당에,hard,273,particle_attached,더불어민주당+에,2026-10-07
ko,더불어시민당의,hard,274,not_a_dictionary_headword,,2026-10-07
ko,데메트리오스는,hard,275,not_a_dictionary_headword,,2026-10-07
ko,데이터저널리즘,hard,276,not_a_dictionary_headword,,2026-10-07
ko,도마뱀붙이류처럼,hard,277,not_a_dictionary_headword,,2026-10-07
ko,도스토옙스키가,hard,278,not_a_dictionary_headword,,2026-10-07
ko,도와주기는커녕,hard,279,not_a_dictionary_headword,,2026-10-07
ko,도이칠란트군은,hard,280,not_a_dictionary_headword,,2026-10-07
ko,독립운동가들을,hard,281,not_a_dictionary_headword,,2026-10-07
ko,독립현가장치를,hard,282,not_a_dictionary_headword,,2026-10-07
ko,동고동락하면서,hard,283,inflected_sentence_form,동고동락+하면서,2026-10-07
ko,동력전달장치가,hard,284,not_a_dictionary_headword,,2026-10-07
ko,동말레이시아는,hard,285,not_a_dictionary_headword,,2026-10-07
ko,동성애자들에게,hard,286,particle_attached,동성애자+들에게,2026-10-07
ko,디터스도르프의,hard,287,not_a_dictionary_headword,,2026-10-07
ko,떠내려오는북한의,hard,288,not_a_dictionary_headword,,2026-10-07
ko,라스베가스에서,hard,289,not_a_dictionary_headword,,2026-10-07
ko,라스베이거스와,hard,290,particle_attached,라스베이거스+와,2026-10-07
ko,라이브러리들은,hard,291,particle_attached,라이브러리+들은,2026-10-07
ko,라이프치히에서,hard,292,not_a_dictionary_headword,,2026-10-07
ko,라흐마니노프는,hard,293,not_a_dictionary_headword,,2026-10-07
ko,러브크래프트는,hard,294,not_a_dictionary_headword,,2026-10-07
ko,러시아어외에도,hard,295,not_a_dictionary_headword,,2026-10-07
ko,러시아인들에게,hard,296,not_a_dictionary_headword,,2026-10-07
ko,로스앤젤레스는,hard,297,particle_attached,로스앤젤레스+는,2026-10-07
ko,로스앤젤레스로,hard,298,particle_attached,로스앤젤레스+로,2026-10-07
ko,리우데자네이루,hard,299,not_a_dictionary_headword,,2026-10-07
ko,리프니츠카야는,hard,300,not_a_dictionary_headword,,2026-10-07
ko,마르크란슈타트의,hard,301,not_a_dictionary_headword,,2026-10-07
ko,마스터클래스를,hard,302,not_a_dictionary_headword,,2026-10-07
ko,마음속으로부터,hard,303,particle_attached,마음속+으로부터,2026-10-07
ko,말레이시아에서는,hard,305,particle_attached,말레이시아+에서는,2026-10-07
ko,말레이시아인의,hard,306,not_a_dictionary_headword,,2026-10-07
ko,말썽꾸러기였다,hard,307,particle_attached,말썽꾸러기+였다,2026-10-07
ko,맞배지붕집이다,hard,308,not_a_dictionary_headword,,2026-10-07
ko,매니아들에게도,hard,309,not_a_dictionary_headword,,2026-10-07
ko,멕시코시티에서,hard,310,not_a_dictionary_headword,,2026-10-07
ko,면역글로불린의,hard,311,not_a_dictionary_headword,,2026-10-07
ko,멸종위기종에서,hard,312,not_a_dictionary_headword,,2026-10-07
ko,멸종위기종으로,hard,313,not_a_dictionary_headword,,2026-10-07
ko,명예박사학위를,hard,314,not_a_dictionary_headword,,2026-10-07
ko,모노클로니우스,hard,315,not_a_dictionary_headword,,2026-10-07
ko,모슈코프스키는,hard,316,not_a_dictionary_headword,,2026-10-07
ko,무엇이었는지는,hard,317,not_a_dictionary_headword,,2026-10-07
ko,문화체육활동을,hard,318,not_a_dictionary_headword,,2026-10-07
ko,뮤즈스코어에서는,hard,319,not_a_dictionary_headword,,2026-10-07
ko,뮤직비디오에서는,hard,320,particle_attached,뮤직비디오+에서는,2026-10-07
ko,민족주의자들은,hard,321,particle_attached,민족주의자+들은,2026-10-07
ko,민족주의자들의,hard,322,particle_attached,민족주의자+들의,2026-10-07
ko,민족해방운동의,hard,323,not_a_dictionary_headword,,2026-10-07
ko,민족해방전선을,hard,324,not_a_dictionary_headword,,2026-10-07
ko,바다가마우지를,hard,325,not_a_dictionary_headword,,2026-10-07
ko,바덴뷔르템베르크,hard,326,not_a_dictionary_headword,,2026-10-07
ko,받아들여지면서,hard,328,not_a_dictionary_headword,,2026-10-07
ko,발디피엠메에서,hard,329,not_a_dictionary_headword,,2026-10-07
ko,방글라데시에서,hard,330,particle_attached,방글라데시+에서,2026-10-07
ko,뱀파이어로부터,hard,332,not_a_dictionary_headword,,2026-10-07
ko,법학전문대학원,hard,333,not_a_dictionary_headword,,2026-10-07
ko,베르킨게토릭스는,hard,334,not_a_dictionary_headword,,2026-10-07
ko,벤조디아제핀이,hard,335,not_a_dictionary_headword,,2026-10-07
ko,보니파시오에게,hard,336,not_a_dictionary_headword,,2026-10-07
ko,보안사령관으로,hard,337,not_a_dictionary_headword,,2026-10-07
ko,봉익대부판도판서,hard,338,not_a_dictionary_headword,,2026-10-07
ko,부다페스트에서,hard,339,not_a_dictionary_headword,,2026-10-07
ko,북마케도니아의,hard,340,not_a_dictionary_headword,,2026-10-07
ko,북아메리카에서도,hard,341,particle_attached,북아메리카+에서도,2026-10-07
ko,북아일랜드에서,hard,342,not_a_dictionary_headword,,2026-10-07
ko,북아프리카에서,hard,343,not_a_dictionary_headword,,2026-10-07
ko,불러일으키기도,hard,344,not_a_dictionary_headword,,2026-10-07
ko,브랜드이미지를,hard,345,not_a_dictionary_headword,,2026-10-07
ko,블루밍데일스의,hard,346,not_a_dictionary_headword,,2026-10-07
ko,비공식적이지만,hard,347,particle_attached,비공식적+이지만,2026-10-07
ko,비영리민간단체,hard,348,not_a_dictionary_headword,,2026-10-07
ko,비트겐슈타인은,hard,349,not_a_dictionary_headword,,2026-10-07
ko,사르페도네스의,hard,350,not_a_dictionary_headword,,2026-10-07
ko,사상가들에게서,hard,351,not_a_dictionary_headword,,2026-10-07
ko,사실적이면서도,hard,352,not_a_dictionary_headword,,2026-10-07
ko,사용되었습니다,hard,353,not_a_dictionary_headword,,2026-10-07
ko,사용자들에게도,hard,354,not_a_dictionary_headword,,2026-10-07
ko,사우디아라비아에,hard,355,particle_attached,사우디아라비아+에,2026-10-07
ko,사회민주주의와,hard,356,particle_attached,사회민주주의+와,2026-10-07
ko,사회안전성으로,hard,357,not_a_dictionary_headword,,2026-10-07
ko,사회주의자들은,hard,358,particle_attached,사회주의자+들은,2026-10-07
ko,사회주의자들이,hard,359,particle_attached,사회주의자+들이,2026-10-07
ko,살아남기부터는,hard,360,not_a_dictionary_headword,,2026-10-07
ko,상상임신이었지만,hard,361,not_a_dictionary_headword,,2026-10-07
ko,상임위원회에서,hard,362,particle_attached,상임위원회+에서,2026-10-07
ko,새만금개발청의,hard,363,not_a_dictionary_headword,,2026-10-07
ko,새정치민주연합의,hard,365,particle_attached,새정치민주연합+의,2026-10-07
ko,샤른호르스트의,hard,366,not_a_dictionary_headword,,2026-10-07
ko,서간이라는데에,hard,367,not_a_dictionary_headword,,2026-10-07
ko,서울시교육청은,hard,368,not_a_dictionary_headword,,2026-10-07
ko,서울신학대학교,hard,369,not_a_dictionary_headword,,2026-10-07
ko,서울중앙지검에,hard,370,not_a_dictionary_headword,,2026-10-07
ko,서원철폐령으로,hard,371,not_a_dictionary_headword,,2026-10-07
ko,선거관리위원회를,hard,372,particle_attached,선거관리위원회+를,2026-10-07
ko,선거대책위원장을,hard,373,not_a_dictionary_headword,,2026-10-07
ko,선거대책위원회,hard,374,not_a_dictionary_headword,,2026-10-07
ko,선캄브리아기의,hard,375,particle_attached,선캄브리아기+의,2026-10-07
ko,세계관세기구의,hard,376,not_a_dictionary_headword,,2026-10-07
ko,세르비아인들은,hard,377,not_a_dictionary_headword,,2026-10-07
ko,소스노와스키의,hard,378,not_a_dictionary_headword,,2026-10-07
ko,소프트웨어에서,hard,379,particle_attached,소프트웨어+에서,2026-10-07
ko,소프트웨어였다,hard,380,particle_attached,소프트웨어+였다,2026-10-07
ko,손해배상청구권을,hard,381,not_a_dictionary_headword,,2026-10-07
ko,수사본부에서는,hard,382,particle_attached,수사본부+에서는,2026-10-07
ko,수산화나트륨을,hard,383,particle_attached,수산화나트륨+을,2026-10-07
ko,수원남부경찰서,hard,384,not_a_dictionary_headword,,2026-10-07
ko,슈타우펜베르크는,hard,385,not_a_dictionary_headword,,2026-10-07
ko,스카우트로부터,hard,386,particle_attached,스카우트+로부터,2026-10-07
ko,스코틀랜드에서,hard,387,particle_attached,스코틀랜드+에서,2026-10-07
ko,스키타이인들은,hard,388,not_a_dictionary_headword,,2026-10-07
ko,스타크래프트를,hard,389,not_a_dictionary_headword,,2026-10-07
ko,스테르크폰테인,hard,390,not_a_dictionary_headword,,2026-10-07
ko,스테이지에서는,hard,391,not_a_dictionary_headword,,2026-10-07
ko,스테인드글라스로,hard,392,particle_attached,스테인드글라스+로,2026-10-07
ko,스튜디오에서는,hard,393,particle_attached,스튜디오+에서는,2026-10-07
ko,스트라빈스키의,hard,394,not_a_dictionary_headword,,2026-10-07
ko,스트라이크아웃과,hard,395,not_a_dictionary_headword,,2026-10-07
ko,스파르타인들은,hard,396,not_a_dictionary_headword,,2026-10-07
ko,스포츠맨이었다,hard,397,particle_attached,스포츠맨+이었다,2026-10-07
ko,슬로바키아에서,hard,398,particle_attached,슬로바키아+에서,2026-10-07
ko,슬로베니아에서,hard,399,particle_attached,슬로베니아+에서,2026-10-07
ko,시민들로부터의,hard,400,not_a_dictionary_headword,,2026-10-07
ko,식민주의자들이,hard,401,not_a_dictionary_headword,,2026-10-07
ko,신뢰보호원칙의,hard,402,not_a_dictionary_headword,,2026-10-07
ko,신앙공동체였던,hard,403,not_a_dictionary_headword,,2026-10-07
ko,신학박사학위를,hard,404,not_a_dictionary_headword,,2026-10-07
ko,실망스러웠다고,hard,405,not_a_dictionary_headword,,2026-10-07
ko,싱어송라이터로서,hard,406,not_a_dictionary_headword,,2026-10-07
ko,아나키스트들과,hard,407,particle_attached,아나키스트+들과,2026-10-07
ko,아랍에미리트의,hard,408,particle_attached,아랍에미리트+의,2026-10-07
ko,아르메니아에서,hard,409,particle_attached,아르메니아+에서,2026-10-07
ko,아르키메데스는,hard,410,particle_attached,아르키메데스+는,2026-10-07
ko,아리스토텔레스가,hard,411,particle_attached,아리스토텔레스+가,2026-10-07
ko,아리스토파네스의,hard,412,not_a_dictionary_headword,,2026-10-07
ko,아마조네스들은,hard,413,not_a_dictionary_headword,,2026-10-07
ko,아미타불좌상은,hard,414,not_a_dictionary_headword,,2026-10-07
ko,아스카니우스의,hard,415,not_a_dictionary_headword,,2026-10-07
ko,아스페르길루스증,hard,416,not_a_dictionary_headword,,2026-10-07
ko,아우크스부르크,hard,417,not_a_dictionary_headword,,2026-10-07
ko,아이슬란드에서,hard,418,particle_attached,아이슬란드+에서,2026-10-07
ko,아인슈타인에게,hard,419,particle_attached,아인슈타인+에게,2026-10-07
ko,아카데미로부터,hard,420,particle_attached,아카데미+로부터,2026-10-07
ko,아크로폴리스에,hard,421,particle_attached,아크로폴리스+에,2026-10-07
ko,아티스트로서의,hard,422,not_a_dictionary_headword,,2026-10-07
ko,아프가니스탄과의,hard,423,particle_attached,아프가니스탄+과의,2026-10-07
ko,아프가니스탄은,hard,424,particle_attached,아프가니스탄+은,2026-10-07
ko,아프리카누스는,hard,425,not_a_dictionary_headword,,2026-10-07
ko,아프리카에서는,hard,426,particle_attached,아프리카+에서는,2026-10-07
ko,안드로이드들이,hard,427,particle_attached,안드로이드+들이,2026-10-07
ko,안전보장이사회는,hard,428,not_a_dictionary_headword,,2026-10-07
ko,안전보장이사회에,hard,429,not_a_dictionary_headword,,2026-10-07
ko,안타까워하였다,hard,430,inflected_sentence_form,안타까워+하였다,2026-10-07
ko,안티파트로스에게,hard,431,not_a_dictionary_headword,,2026-10-07
ko,안티파트로스와,hard,432,not_a_dictionary_headword,,2026-10-07
ko,알고리즘에서는,hard,433,particle_attached,알고리즘+에서는,2026-10-07
ko,알렉산드리아에,hard,434,not_a_dictionary_headword,,2026-10-07
ko,애니메이션으로도,hard,435,particle_attached,애니메이션+으로도,2026-10-07
ko,애니메이션으로서,hard,436,particle_attached,애니메이션+으로서,2026-10-07
ko,애니메이션화가,hard,437,not_a_dictionary_headword,,2026-10-07
ko,애드호크라시는,hard,438,not_a_dictionary_headword,,2026-10-07
ko,애플리케이션과,hard,439,particle_attached,애플리케이션+과,2026-10-07
ko,애플리케이션들이,hard,440,particle_attached,애플리케이션+들이,2026-10-07
ko,애플리케이션에,hard,441,particle_attached,애플리케이션+에,2026-10-07
ko,애플리케이션이,hard,442,particle_attached,애플리케이션+이,2026-10-07
ko,어린이들에게는,hard,443,not_a_dictionary_headword,,2026-10-07
ko,어재연장군기의,hard,444,not_a_dictionary_headword,,2026-10-07
ko,업데이트되었다,hard,445,inflected_sentence_form,업데이트+되었다,2026-10-07
ko,에스페란티스토,hard,446,not_a_dictionary_headword,,2026-10-07
ko,에어로스미스는,hard,447,not_a_dictionary_headword,,2026-10-07
ko,에우리피데스의,hard,448,not_a_dictionary_headword,,2026-10-07
ko,에티오피아에서의,hard,449,particle_attached,에티오피아+에서의,2026-10-07
ko,여러해살이풀이다,hard,450,not_a_dictionary_headword,,2026-10-07
ko,여론조사에서는,hard,451,particle_attached,여론조사+에서는,2026-10-07
ko,연세대학교에서,hard,452,particle_attached,연세대학교+에서,2026-10-07
ko,연쇄살인사건을,hard,453,not_a_dictionary_headword,,2026-10-07
ko,열대저기압으로,hard,454,not_a_dictionary_headword,,2026-10-07
ko,영지주의자들의,hard,455,not_a_dictionary_headword,,2026-10-07
ko,오세아니아에서는,hard,456,particle_attached,오세아니아+에서는,2026-10-07
ko,오스트리아군에게,hard,457,not_a_dictionary_headword,,2026-10-07
ko,오스트리아군의,hard,458,not_a_dictionary_headword,,2026-10-07
ko,오스트리아에서는,hard,459,particle_attached,오스트리아+에서는,2026-10-07
ko,옥타비아누스에게,hard,460,not_a_dictionary_headword,,2026-10-07
ko,옥타비아누스의,hard,461,not_a_dictionary_headword,,2026-10-07
ko,옥토버페스트는,hard,462,not_a_dictionary_headword,,2026-10-07
ko,온대저기압으로,hard,463,not_a_dictionary_headword,,2026-10-07
ko,올림피아코스의,hard,464,not_a_dictionary_headword,,2026-10-07
ko,우니베르시다드,hard,465,not_a_dictionary_headword,,2026-10-07
ko,우미노나카미치,hard,466,not_a_dictionary_headword,,2026-10-07
ko,우호적이었으나,hard,467,not_a_dictionary_headword,,2026-10-07
ko,울산광역시의원,hard,468,not_a_dictionary_headword,,2026-10-07
ko,울스턴크래프트가,hard,469,not_a_dictionary_headword,,2026-10-07
ko,원자력발전소는,hard,470,particle_attached,원자력발전소+는,2026-10-07
ko,원자력안전위원회,hard,471,not_a_dictionary_headword,,2026-10-07
ko,원자핵으로부터,hard,472,particle_attached,원자핵+으로부터,2026-10-07
ko,월드시리즈에서는,hard,473,not_a_dictionary_headword,,2026-10-07
ko,위상수학적으로,hard,474,not_a_dictionary_headword,,2026-10-07
ko,위헌법률심판을,hard,475,not_a_dictionary_headword,,2026-10-07
ko,위헌제청신청을,hard,476,not_a_dictionary_headword,,2026-10-07
ko,유고슬라비아에,hard,477,particle_attached,유고슬라비아+에,2026-10-07
ko,유고슬라비아에서,hard,478,particle_attached,유고슬라비아+에서,2026-10-07
ko,유대인들로부터,hard,479,not_a_dictionary_headword,,2026-10-07
ko,유도만능줄기세포,hard,480,not_a_dictionary_headword,,2026-10-07
ko,유럽경제지역내,hard,481,not_a_dictionary_headword,,2026-10-07
ko,유럽찌르레기는,hard,482,not_a_dictionary_headword,,2026-10-07
ko,유스티니아누스,hard,483,not_a_dictionary_headword,,2026-10-07
ko,유스티니아누스와,hard,484,not_a_dictionary_headword,,2026-10-07
ko,육군사관학교로,hard,485,particle_attached,육군사관학교+로,2026-10-07
ko,응용프로그램은,hard,486,particle_attached,응용프로그램+은,2026-10-07
ko,응우옌호앙주를,hard,487,not_a_dictionary_headword,,2026-10-07
ko,의료유전학자들은,hard,488,not_a_dictionary_headword,,2026-10-07
ko,의학전문대학원,hard,489,not_a_dictionary_headword,,2026-10-07
ko,의학전문대학원의,hard,490,not_a_dictionary_headword,,2026-10-07
ko,이루어져있으며,hard,491,not_a_dictionary_headword,,2026-10-07
ko,이브라히모비치는,hard,492,not_a_dictionary_headword,,2026-10-07
ko,이산화탄소식과,hard,493,not_a_dictionary_headword,,2026-10-07
ko,이슬람주의자들과,hard,494,not_a_dictionary_headword,,2026-10-07
ko,이퀘스트리아를,hard,495,not_a_dictionary_headword,,2026-10-07
ko,이탈리아인들의,hard,496,not_a_dictionary_headword,,2026-10-07
ko,익스플로러에서,hard,497,not_a_dictionary_headword,,2026-10-07
ko,인도유럽어족의,hard,498,not_a_dictionary_headword,,2026-10-07
ko,인디애나폴리스,hard,499,not_a_dictionary_headword,,2026-10-07
ko,인터페이스이다,hard,500,particle_attached,인터페이스+이다,2026-10-07
ko,인프라스트럭처,hard,501,not_a_dictionary_headword,,2026-10-07
ko,일렉트로니카에,hard,503,not_a_dictionary_headword,,2026-10-07
ko,일상생활에서도,hard,504,particle_attached,일상생활+에서도,2026-10-07
ko,일자무식꾼들이,hard,505,not_a_dictionary_headword,,2026-10-07
ko,잉글랜드군에게,hard,506,not_a_dictionary_headword,,2026-10-07
ko,자동차전용도로,hard,507,not_a_dictionary_headword,,2026-10-07
ko,자리매김하였다,hard,508,inflected_sentence_form,자리매김+하였다,2026-10-07
ko,자립생활운동은,hard,509,not_a_dictionary_headword,,2026-10-07
ko,자바스크립트를,hard,510,particle_attached,자바스크립트+를,2026-10-07
ko,자연스러워졌다,hard,511,not_a_dictionary_headword,,2026-10-07
ko,자원봉사자들이,hard,512,particle_attached,자원봉사자+들이,2026-10-07
ko,자음어간동사와,hard,513,not_a_dictionary_headword,,2026-10-07
ko,작곡가로서뿐만,hard,514,not_a_dictionary_headword,,2026-10-07
ko,저널리스트들의,hard,515,particle_attached,저널리스트+들의,2026-10-07
ko,저널리스트로서,hard,516,particle_attached,저널리스트+로서,2026-10-07
ko,전자현미경으로,hard,517,particle_attached,전자현미경+으로,2026-10-07
ko,전쟁식량청으로,hard,518,not_a_dictionary_headword,,2026-10-07
ko,정글라이너였다,hard,519,not_a_dictionary_headword,,2026-10-07
ko,제주특별자치도는,hard,520,particle_attached,제주특별자치도+는,2026-10-07
ko,제한적으로나마,hard,521,not_a_dictionary_headword,,2026-10-07
ko,조선임전보국단,hard,522,not_a_dictionary_headword,,2026-10-07
ko,조성되어있으며,hard,523,not_a_dictionary_headword,,2026-10-07
ko,조직시민행동에,hard,524,not_a_dictionary_headword,,2026-10-07
ko,주인공들에게는,hard,525,not_a_dictionary_headword,,2026-10-07
ko,주키에프스키는,hard,526,not_a_dictionary_headword,,2026-10-07
ko,준플레이오프에서,hard,527,not_a_dictionary_headword,,2026-10-07
ko,중앙노동위원회에,hard,528,not_a_dictionary_headword,,2026-10-07
ko,중앙아시아에서,hard,529,particle_attached,중앙아시아+에서,2026-10-07
ko,중앙집권체제를,hard,530,not_a_dictionary_headword,,2026-10-07
ko,중요무형문화재,hard,531,not_a_dictionary_headword,,2026-10-07
ko,중화인민공화국과,hard,532,particle_attached,중화인민공화국+과,2026-10-07
ko,중화인민공화국에,hard,533,particle_attached,중화인민공화국+에,2026-10-07
ko,중화인민공화국은,hard,534,particle_attached,중화인민공화국+은,2026-10-07
ko,중화인민공화국이,hard,535,particle_attached,중화인민공화국+이,2026-10-07
ko,지방교육자치에,hard,536,not_a_dictionary_headword,,2026-10-07
ko,지역소비에트의,hard,537,not_a_dictionary_headword,,2026-10-07
ko,지적재산권보호를,hard,538,not_a_dictionary_headword,,2026-10-07
ko,창당준비위원회는,hard,539,not_a_dictionary_headword,,2026-10-07
ko,챔피언스리그는,hard,540,not_a_dictionary_headword,,2026-10-07
ko,챔피언스리그에서,hard,541,not_a_dictionary_headword,,2026-10-07
ko,천문학자들로부터,hard,542,not_a_dictionary_headword,,2026-10-07
ko,첨지중추부사에,hard,543,not_a_dictionary_headword,,2026-10-07
ko,체코슬로바키아,hard,544,not_a_dictionary_headword,,2026-10-07
ko,체코슬로바키아를,hard,545,not_a_dictionary_headword,,2026-10-07
ko,체코슬로바키아의,hard,546,not_a_dictionary_headword,,2026-10-07
ko,출구조사에서는,hard,547,not_a_dictionary_headword,,2026-10-07
ko,충족가능하다는,hard,548,not_a_dictionary_headword,,2026-10-07
ko,치명적이었다고,hard,549,not_a_dictionary_headword,,2026-10-07
ko,친일반민족행위,hard,550,not_a_dictionary_headword,,2026-10-07
ko,캘리포니아에서는,hard,551,particle_attached,캘리포니아+에서는,2026-10-07
ko,커뮤니케이션을,hard,552,particle_attached,커뮤니케이션+을,2026-10-07
ko,커뮤니케이션이,hard,553,particle_attached,커뮤니케이션+이,2026-10-07
ko,코벤트리대학교,hard,554,not_a_dictionary_headword,,2026-10-07
ko,코트디부아르의,hard,555,particle_attached,코트디부아르+의,2026-10-07
ko,코페르니쿠스의,hard,556,not_a_dictionary_headword,,2026-10-07
ko,콘스탄티노플을,hard,557,not_a_dictionary_headword,,2026-10-07
ko,콘스탄티누스의,hard,558,not_a_dictionary_headword,,2026-10-07
ko,콘체르트하우스,hard,559,not_a_dictionary_headword,,2026-10-07
ko,콩고민주공화국,hard,560,not_a_dictionary_headword,,2026-10-07
ko,콸라룸푸르에서,hard,561,not_a_dictionary_headword,,2026-10-07
ko,퀸틸리아누스의,hard,562,not_a_dictionary_headword,,2026-10-07
ko,큐리오시티보다,hard,563,not_a_dictionary_headword,,2026-10-07
ko,크로아티아와의,hard,564,particle_attached,크로아티아+와의,2026-10-07
ko,클라이언트에서,hard,565,particle_attached,클라이언트+에서,2026-10-07
ko,키보드리스트로,hard,566,not_a_dictionary_headword,,2026-10-07
ko,태양으로부터의,hard,567,not_a_dictionary_headword,,2026-10-07
ko,테러리스트들의,hard,568,particle_attached,테러리스트+들의,2026-10-07
ko,테르모필레에서,hard,569,not_a_dictionary_headword,,2026-10-07
ko,테르툴리아누스의,hard,570,not_a_dictionary_headword,,2026-10-07
ko,텔레비전에서는,hard,571,particle_attached,텔레비전+에서는,2026-10-07
ko,토지초과소득세,hard,572,not_a_dictionary_headword,,2026-10-07
ko,통일주체국민회의,hard,573,not_a_dictionary_headword,,2026-10-07
ko,투르크메니스탄의,hard,574,particle_attached,투르크메니스탄+의,2026-10-07
ko,트랜스휴머니즘,hard,575,not_a_dictionary_headword,,2026-10-07
ko,특별조사위원회,hard,576,not_a_dictionary_headword,,2026-10-07
ko,특수교육기관으로,hard,577,not_a_dictionary_headword,,2026-10-07
ko,티라노사우루스의,hard,578,particle_attached,티라노사우루스+의,2026-10-07
ko,파르메니데스는,hard,579,not_a_dictionary_headword,,2026-10-07
ko,파트로클로스는,hard,580,not_a_dictionary_headword,,2026-10-07
ko,팔레스트리나의,hard,581,not_a_dictionary_headword,,2026-10-07
ko,평안남도위원회,hard,582,not_a_dictionary_headword,,2026-10-07
ko,포르투갈인들의,hard,583,not_a_dictionary_headword,,2026-10-07
ko,포르투갈인들이,hard,584,not_a_dictionary_headword,,2026-10-07
ko,포스트모더니즘의,hard,585,not_a_dictionary_headword,,2026-10-07
ko,포토레지스터를,hard,586,not_a_dictionary_headword,,2026-10-07
ko,폴리아데닐화되면,hard,587,not_a_dictionary_headword,,2026-10-07
ko,폼페이우스에게,hard,588,not_a_dictionary_headword,,2026-10-07
ko,표준게놈지도는,hard,589,not_a_dictionary_headword,,2026-10-07
ko,프란치스코회의,hard,590,not_a_dictionary_headword,,2026-10-07
ko,프랑크푸르트가,hard,591,particle_attached,프랑크푸르트+가,2026-10-07
ko,프랑크푸르트는,hard,592,particle_attached,프랑크푸르트+는,2026-10-07
ko,프레젠테이션에,hard,593,particle_attached,프레젠테이션+에,2026-10-07
ko,프로게이머들이,hard,594,particle_attached,프로게이머+들이,2026-10-07
ko,프로그래머들은,hard,595,particle_attached,프로그래머+들은,2026-10-07
ko,프로그래밍적인,hard,596,not_a_dictionary_headword,,2026-10-07
ko,프로그램으로는,hard,597,particle_attached,프로그램+으로는,2026-10-07
ko,프로그램이기도,hard,598,not_a_dictionary_headword,,2026-10-07
ko,프로그램이라고,hard,599,particle_attached,프로그램+이라고,2026-10-07
ko,프로그램이었던,hard,600,not_a_dictionary_headword,,2026-10-07
ko,프로메테우스는,hard,601,particle_attached,프로메테우스+는,2026-10-07
ko,프로토타입으로,hard,602,not_a_dictionary_headword,,2026-10-07
ko,프리메이라리가,hard,603,not_a_dictionary_headword,,2026-10-07
ko,프시타코사우루스,hard,604,not_a_dictionary_headword,,2026-10-07
ko,플래시서프레서와,hard,605,not_a_dictionary_headword,,2026-10-07
ko,플랜테이션에서,hard,606,particle_attached,플랜테이션+에서,2026-10-07
ko,플레이어들에게,hard,607,not_a_dictionary_headword,,2026-10-07
ko,피테칸트로푸스,hard,608,not_a_dictionary_headword,,2026-10-07
ko,하드리아누스를,hard,609,not_a_dictionary_headword,,2026-10-07
ko,하드리아누스의,hard,610,not_a_dictionary_headword,,2026-10-07
ko,하이퍼바이저에,hard,611,not_a_dictionary_headword,,2026-10-07
ko,한국경제연구원은,hard,612,not_a_dictionary_headword,,2026-10-07
ko,한국병합기념장과,hard,613,not_a_dictionary_headword,,2026-10-07
ko,한국시리즈에서,hard,614,not_a_dictionary_headword,,2026-10-07
ko,한국예술종합학교,hard,615,not_a_dictionary_headword,,2026-10-07
ko,한국외국어대학교,hard,616,not_a_dictionary_headword,,2026-10-07
ko,한국인으로서는,hard,617,not_a_dictionary_headword,,2026-10-07
ko,한반도종단철도,hard,618,not_a_dictionary_headword,,2026-10-07
ko,헌법재판소에서,hard,619,particle_attached,헌법재판소+에서,2026-10-07
ko,헤라클리우스는,hard,620,not_a_dictionary_headword,,2026-10-07
ko,현실적이면서도,hard,621,not_a_dictionary_headword,,2026-10-07
ko,홍콩인으로서의,hard,622,not_a_dictionary_headword,,2026-10-07
ko,황제모독이라는,hard,623,not_a_dictionary_headword,,2026-10-07
ko,후쿠시마현에서,hard,624,not_a_dictionary_headword,,2026-10-07
ko,히스티아이오스는,hard,625,not_a_dictionary_headword,,2026-10-07
ko,가격결정구조의,hard,626,not_a_dictionary_headword,,2026-10-07
ko,가격결정형식이,hard,627,not_a_dictionary_headword,,2026-10-07
ko,가격통제제도로,hard,628,not_a_dictionary_headword,,2026-10-07
ko,가꾸기에서부터,hard,629,not_a_dictionary_headword,,2026-10-07
ko,가나데혼추신구라,hard,630,not_a_dictionary_headword,,2026-10-07
ko,가나안농군학교를,hard,631,not_a_dictionary_headword,,2026-10-07
ko,가남휴게소였으나,hard,632,not_a_dictionary_headword,,2026-10-07
ko,가논돌프로부터,hard,633,not_a_dictionary_headword,,2026-10-07
ko,가등기담보법은,hard,634,not_a_dictionary_headword,,2026-10-07
ko,가례초등학교를,hard,635,not_a_dictionary_headword,,2026-10-07
ko,가로무늬근에는,hard,636,not_a_dictionary_headword,,2026-10-07
ko,가루깍지벌레과,hard,637,not_a_dictionary_headword,,2026-10-07
ko,가루다드바자는,hard,638,not_a_dictionary_headword,,2026-10-07
ko,가루라드바자로,hard,639,not_a_dictionary_headword,,2026-10-07
ko,가르쳐보았더니,hard,640,not_a_dictionary_headword,,2026-10-07
ko,가르쳐주고있으며,hard,641,not_a_dictionary_headword,,2026-10-07
ko,가르쳐주었다고,hard,642,not_a_dictionary_headword,,2026-10-07
ko,가르쳐주었어요,hard,643,not_a_dictionary_headword,,2026-10-07
ko,가르침이라면서,hard,644,not_a_dictionary_headword,,2026-10-07
ko,가마쿠라쇼군부,hard,645,not_a_dictionary_headword,,2026-10-07
ko,가변식이었으나,hard,646,not_a_dictionary_headword,,2026-10-07
ko,가부장제로부터,hard,647,particle_attached,가부장제+로부터,2026-10-07
ko,가산점이부여된다,hard,648,not_a_dictionary_headword,,2026-10-07
ko,가상의선분이다,hard,649,not_a_dictionary_headword,,2026-10-07
ko,가상자산이라는,hard,650,not_a_dictionary_headword,,2026-10-07
ko,가속화시킴으로써,hard,651,not_a_dictionary_headword,,2026-10-07
ko,가수분해효소와,hard,652,not_a_dictionary_headword,,2026-10-07
ko,가슴지느러미는,hard,653,not_a_dictionary_headword,,2026-10-07
ko,가슴지느러미보다,hard,654,not_a_dictionary_headword,,2026-10-07
ko,가슴지느러미의,hard,655,not_a_dictionary_headword,,2026-10-07
ko,가시광선에서는,hard,656,particle_attached,가시광선+에서는,2026-10-07
ko,가시엉겅퀴라고,hard,657,not_a_dictionary_headword,,2026-10-07
ko,가시주머니생쥐류,hard,658,not_a_dictionary_headword,,2026-10-07
ko,가야국으로부터,hard,659,not_a_dictionary_headword,,2026-10-07
ko,가야금병창곡이,hard,660,not_a_dictionary_headword,,2026-10-07
ko,가우스건이라는,hard,661,not_a_dictionary_headword,,2026-10-07
ko,가우텐겐시스는,hard,662,not_a_dictionary_headword,,2026-10-07
ko,가운데받침돌에는,hard,663,not_a_dictionary_headword,,2026-10-07
ko,가을서리기에는,hard,664,not_a_dictionary_headword,,2026-10-07
ko,가이노이드이며,hard,665,not_a_dictionary_headword,,2026-10-07
ko,가이드라인들과,hard,666,particle_attached,가이드라인+들과,2026-10-07
ko,가이드라인에서는,hard,667,particle_attached,가이드라인+에서는,2026-10-07
ko,가이드라인이다,hard,668,particle_attached,가이드라인+이다,2026-10-07
ko,가이아나인들이,hard,669,not_a_dictionary_headword,,2026-10-07
ko,가이아나인이라고,hard,670,not_a_dictionary_headword,,2026-10-07
ko,가인산분해효소,hard,671,not_a_dictionary_headword,,2026-10-07
ko,가인산분해효소가,hard,672,not_a_dictionary_headword,,2026-10-07
ko,가인산분해효소는,hard,673,not_a_dictionary_headword,,2026-10-07
ko,가입대상기간의,hard,674,not_a_dictionary_headword,,2026-10-07
ko,가장자리무늬는,hard,675,not_a_dictionary_headword,,2026-10-07
ko,가장자리에서부터,hard,676,particle_attached,가장자리+에서부터,2026-10-07
ko,가전제품군으로,hard,677,not_a_dictionary_headword,,2026-10-07
ko,가정에서마저도,hard,678,not_a_dictionary_headword,,2026-10-07
ko,가정주부였지만,hard,679,not_a_dictionary_headword,,2026-10-07
ko,가정폭력사건에,hard,680,not_a_dictionary_headword,,2026-10-07
ko,가정폭력처벌법을,hard,681,not_a_dictionary_headword,,2026-10-07
ko,가져가겠습니다,hard,682,not_a_dictionary_headword,,2026-10-07
ko,가져가야한다고,hard,683,not_a_dictionary_headword,,2026-10-07
ko,가족관계등록부에,hard,684,particle_attached,가족관계등록부+에,2026-10-07
ko,가족기업에게는,hard,685,not_a_dictionary_headword,,2026-10-07
ko,가중처벌되었다,hard,686,inflected_sentence_form,가중처벌+되었다,2026-10-07
ko,가즈사뉴도도칸,hard,687,not_a_dictionary_headword,,2026-10-07
ko,가즈요시로부터도,hard,688,not_a_dictionary_headword,,2026-10-07
ko,가지각색이었다,hard,689,particle_attached,가지각색+이었다,2026-10-07
ko,가짜황손이라고,hard,690,not_a_dictionary_headword,,2026-10-07
ko,가천뇌과학연구원,hard,691,not_a_dictionary_headword,,2026-10-07
ko,가천박물관에서,hard,692,not_a_dictionary_headword,,2026-10-07
ko,가청권역으로서,hard,693,not_a_dictionary_headword,,2026-10-07
ko,가청음역이라도,hard,694,not_a_dictionary_headword,,2026-10-07
ko,가치구성이라고,hard,695,not_a_dictionary_headword,,2026-10-07
ko,가치중립적이지만,hard,696,not_a_dictionary_headword,,2026-10-07
ko,가치투자자라고,hard,697,not_a_dictionary_headword,,2026-10-07
ko,가타마치까지의,hard,698,not_a_dictionary_headword,,2026-10-07
ko,가톨릭교도들을,hard,699,not_a_dictionary_headword,,2026-10-07
ko,가톨릭교도들이,hard,700,not_a_dictionary_headword,,2026-10-07
ko,가톨릭교회에서,hard,701,particle_attached,가톨릭교회+에서,2026-10-07
ko,가톨릭대학교에서,hard,702,not_a_dictionary_headword,,2026-10-07
ko,가톨릭신자였는데,hard,703,not_a_dictionary_headword,,2026-10-07
ko,각국의정책이다,hard,704,not_a_dictionary_headword,,2026-10-07
ko,각섬석화강암으로,hard,705,not_a_dictionary_headword,,2026-10-07
ko,간경도감판본을,hard,706,not_a_dictionary_headword,,2026-10-07
ko,간구하여야할만한,hard,707,not_a_dictionary_headword,,2026-10-07
ko,간소화함으로써,hard,708,not_a_dictionary_headword,,2026-10-07
ko,간접사격무기의,hard,709,not_a_dictionary_headword,,2026-10-07
ko,간호학생들에게,hard,710,not_a_dictionary_headword,,2026-10-07
ko,갈고리손톱처럼,hard,711,not_a_dictionary_headword,,2026-10-07
ko,갈대이기보다는,hard,712,not_a_dictionary_headword,,2026-10-07
ko,갈라디아인들에게,hard,713,not_a_dictionary_headword,,2026-10-07
ko,갈라타사라이는,hard,714,not_a_dictionary_headword,,2026-10-07
ko,갈라티아인들과,hard,715,not_a_dictionary_headword,,2026-10-07
ko,갈리소니에르의,hard,716,not_a_dictionary_headword,,2026-10-07
ko,갈리프레이에서,hard,717,not_a_dictionary_headword,,2026-10-07
ko,갈릴레오탐사선을,hard,718,not_a_dictionary_headword,,2026-10-07
ko,갈바니전지에서,hard,719,not_a_dictionary_headword,,2026-10-07
ko,갈색여우원숭이는,hard,720,not_a_dictionary_headword,,2026-10-07
ko,감각적이지만은,hard,721,not_a_dictionary_headword,,2026-10-07
ko,감독제교회라고,hard,722,not_a_dictionary_headword,,2026-10-07
ko,감동적이었다고,hard,723,not_a_dictionary_headword,,2026-10-07
ko,감면시켜주었다,hard,724,not_a_dictionary_headword,,2026-10-07
ko,감사쿠르디아는,hard,725,not_a_dictionary_headword,,2026-10-07
ko,감염내과에서도,hard,726,not_a_dictionary_headword,,2026-10-07
ko,감염병으로부터,hard,727,not_a_dictionary_headword,,2026-10-07
ko,감염병전문병원,hard,728,not_a_dictionary_headword,,2026-10-07
ko,감염증이었는데,hard,729,not_a_dictionary_headword,,2026-10-07
ko,감옥운영팀에게,hard,730,not_a_dictionary_headword,,2026-10-07
ko,감옥운영팀에서는,hard,731,not_a_dictionary_headword,,2026-10-07
ko,감자왕이었다는,hard,732,not_a_dictionary_headword,,2026-10-07
ko,감정평가법인의,hard,733,not_a_dictionary_headword,,2026-10-07
ko,감정평가사무소,hard,734,not_a_dictionary_headword,,2026-10-07
ko,감정평가업무를,hard,735,not_a_dictionary_headword,,2026-10-07
ko,감청주제군사에,hard,736,not_a_dictionary_headword,,2026-10-07
ko,갑론을박하기도,hard,737,inflected_sentence_form,갑론을박+하기도,2026-10-07
ko,갑오개혁때까지,hard,738,not_a_dictionary_headword,,2026-10-07
ko,갑오징어뼈라는,hard,739,not_a_dictionary_headword,,2026-10-07
ko,강간통념들에서,hard,740,not_a_dictionary_headword,,2026-10-07
ko,강경진보성향으로,hard,741,not_a_dictionary_headword,,2026-10-07
ko,강경파들이라고,hard,742,not_a_dictionary_headword,,2026-10-07
ko,강남종합병원에서,hard,743,not_a_dictionary_headword,,2026-10-07
ko,강남터미널행만,hard,744,not_a_dictionary_headword,,2026-10-07
ko,강단조성이라는,hard,745,not_a_dictionary_headword,,2026-10-07
ko,강도측면에서는,hard,746,not_a_dictionary_headword,,2026-10-07
ko,강동윤으로부터,hard,747,not_a_dictionary_headword,,2026-10-07
ko,강릉고등학교의,hard,748,not_a_dictionary_headword,,2026-10-07
ko,강릉사범학교에서,hard,749,not_a_dictionary_headword,,2026-10-07
ko,강릉원주대학교,hard,750,not_a_dictionary_headword,,2026-10-07
ko,강릉원주대학교는,hard,751,not_a_dictionary_headword,,2026-10-07
ko,강릉원주대학교의,hard,752,not_a_dictionary_headword,,2026-10-07
ko,강변이라기보다는,hard,753,not_a_dictionary_headword,,2026-10-07
ko,강악급문화사무서,hard,754,not_a_dictionary_headword,,2026-10-07
ko,강요당하면서도,hard,755,not_a_dictionary_headword,,2026-10-07
ko,강제노역장에서,hard,756,not_a_dictionary_headword,,2026-10-07
ko,강제선택척도가,hard,757,not_a_dictionary_headword,,2026-10-07
ko,강제수용소에서,hard,758,not_a_dictionary_headword,,2026-10-07
ko,강제이주시키고,hard,759,not_a_dictionary_headword,,2026-10-07
ko,강제이주시키는,hard,760,not_a_dictionary_headword,,2026-10-07
ko,강제집행절차와,hard,761,not_a_dictionary_headword,,2026-10-07
ko,강제집행절차와의,hard,762,not_a_dictionary_headword,,2026-10-07
ko,강진보통학교를,hard,763,not_a_dictionary_headword,,2026-10-07
ko,강진주조개과이다,hard,764,not_a_dictionary_headword,,2026-10-07
ko,강진청자박물관에,hard,765,not_a_dictionary_headword,,2026-10-07
ko,강태용씨로부터,hard,766,not_a_dictionary_headword,,2026-10-07
ko,강화하기위하여,hard,767,not_a_dictionary_headword,,2026-10-07
ko,갖추었을지라도,hard,768,not_a_dictionary_headword,,2026-10-07
ko,개과천선하였다,hard,769,inflected_sentence_form,개과천선+하였다,2026-10-07
ko,개구리쌍고흡충과,hard,770,not_a_dictionary_headword,,2026-10-07
ko,개국원종공신에,hard,771,not_a_dictionary_headword,,2026-10-07
ko,개국익찬일등공신,hard,772,not_a_dictionary_headword,,2026-10-07
ko,개량계산법에도,hard,773,not_a_dictionary_headword,,2026-10-07
ko,개량서당운동이,hard,774,not_a_dictionary_headword,,2026-10-07
ko,개발도상국가에,hard,775,not_a_dictionary_headword,,2026-10-07
ko,개발도상국간에는,hard,776,not_a_dictionary_headword,,2026-10-07
ko,개발도상국들에,hard,777,particle_attached,개발도상국+들에,2026-10-07
ko,개발도상국에서는,hard,778,particle_attached,개발도상국+에서는,2026-10-07
ko,개발완료했다는,hard,779,not_a_dictionary_headword,,2026-10-07
ko,개발원조이행에,hard,780,not_a_dictionary_headword,,2026-10-07
ko,개발자들까지도,hard,781,not_a_dictionary_headword,,2026-10-07
ko,개발제한구역과,hard,782,not_a_dictionary_headword,,2026-10-07
ko,개발팀원이었으며,hard,783,not_a_dictionary_headword,,2026-10-07
ko,뒀,hard,793,not_a_dictionary_headword,,2026-10-07
ko,딜,hard,794,not_a_dictionary_headword,,2026-10-07
ko,랬,hard,795,not_a_dictionary_headword,,2026-10-07
ko,로리,hard,796,not_a_dictionary_headword,,2026-10-07
ko,머신,hard,797,not_a_dictionary_headword,,2026-10-07
ko,몰라서,hard,799,not_a_dictionary_headword,,2026-10-07
ko,몰라요,hard,800,inflected_sentence_form,몰라+요,2026-10-07
ko,얀,hard,814,not_a_dictionary_headword,,2026-10-07
ko,주어진,hard,826,not_a_dictionary_headword,,2026-10-07
ko,춥,hard,836,fragment,춥다,2026-10-07
ko,헤드,hard,841,not_a_dictionary_headword,,2026-10-07
ko,힐링,hard,846,not_a_dictionary_headword,,2026-10-07
ko,그럼에도,hard,855,particle_attached,그럼+에도,2026-10-07
ko,깎,hard,858,fragment,깎다,2026-10-07
ko,다녀왔,hard,861,not_a_dictionary_headword,,2026-10-07
ko,들으면,hard,871,not_a_dictionary_headword,,2026-10-07
ko,딥,hard,872,fragment,딥다,2026-10-07
ko,리즈,hard,873,not_a_dictionary_headword,,2026-10-07
ko,마켓,hard,874,not_a_dictionary_headword,,2026-10-07
ko,비스트,hard,883,not_a_dictionary_headword,,2026-10-07
ko,여주,hard,895,not_a_dictionary_headword,,2026-10-07
ko,첸,hard,907,not_a_dictionary_headword,,2026-10-07
ko,캐리,hard,908,not_a_dictionary_headword,,2026-10-07
ko,팟,hard,912,not_a_dictionary_headword,,2026-10-07
ko,풀리,hard,913,fragment,풀리다,2026-10-07
ko,필립,hard,914,not_a_dictionary_headword,,2026-10-07
ko,합니까,hard,915,not_a_dictionary_headword,,2026-10-07
ko,갈까,hard,920,inflected_sentence_form,갈+까,2026-10-07
ko,곽,hard,926,not_a_dictionary_headword,,2026-10-07
ko,관해서,hard,927,not_a_dictionary_headword,,2026-10-07
ko,까먹,hard,933,fragment,까먹다,2026-10-07
ko,두산,hard,936,not_a_dictionary_headword,,2026-10-07
ko,드세요,hard,937,inflected_sentence_form,드세+요,2026-10-07
ko,디아,hard,939,not_a_dictionary_headword,,2026-10-07
ko,랭,hard,941,not_a_dictionary_headword,,2026-10-07
ko,미루,hard,945,fragment,미루다,2026-10-07
ko,시켜야,hard,957,not_a_dictionary_headword,,2026-10-07
ko,신지,hard,959,inflected_sentence_form,신+지,2026-10-07
ko,써요,hard,961,inflected_sentence_form,써+요,2026-10-07
ko,약하,hard,963,fragment,약하다,2026-10-07
ko,어때요,hard,964,inflected_sentence_form,어때+요,2026-10-07
ko,연합회,hard,968,not_a_dictionary_headword,,2026-10-07
ko,옵니다,hard,971,not_a_dictionary_headword,,2026-10-07
ko,와라,hard,973,inflected_sentence_form,와+라,2026-10-07
ko,우드,hard,974,not_a_dictionary_headword,,2026-10-07
ko,유진,hard,976,not_a_dictionary_headword,,2026-10-07
ko,제니,hard,987,inflected_sentence_form,제+니,2026-10-07
ko,킨,hard,994,not_a_dictionary_headword,,2026-10-07
ko,펄,hard,997,not_a_dictionary_headword,,2026-10-07
ko,가져왔,hard,1007,not_a_dictionary_headword,,2026-10-07
ko,꼽,hard,1015,fragment,꼽다,2026-10-07
ko,꾸미,hard,1016,fragment,꾸미다,2026-10-07
ko,다녀오,hard,1018,fragment,다녀오다,2026-10-07
ko,들어와서,hard,1023,not_a_dictionary_headword,,2026-10-07
ko,레오,hard,1026,not_a_dictionary_headword,,2026-10-07
ko,련,hard,1027,not_a_dictionary_headword,,2026-10-07
ko,바꿨,hard,1030,not_a_dictionary_headword,,2026-10-07
ko,비스,hard,1034,not_a_dictionary_headword,,2026-10-07
ko,스티븐,hard,1044,not_a_dictionary_headword,,2026-10-07
ko,쓴다,hard,1046,inflected_sentence_form,쓴+다,2026-10-07
ko,엘리,hard,1047,not_a_dictionary_headword,,2026-10-07
ko,윌,hard,1054,not_a_dictionary_headword,,2026-10-07
ko,윌리엄,hard,1055,not_a_dictionary_headword,,2026-10-07
ko,을래,hard,1058,not_a_dictionary_headword,,2026-10-07
ko,자요,hard,1061,inflected_sentence_form,자+요,2026-10-07
ko,제프,hard,1065,not_a_dictionary_headword,,2026-10-07
ko,져서,hard,1066,not_a_dictionary_headword,,2026-10-07
ko,즐거웠,hard,1071,not_a_dictionary_headword,,2026-10-07
ko,찾아내,hard,1072,fragment,찾아내다,2026-10-07
ko,치우,hard,1073,fragment,치우다,2026-10-07
ko,캐스트,hard,1074,not_a_dictionary_headword,,2026-10-07
ko,툴,hard,1075,not_a_dictionary_headword,,2026-10-07
ko,팔리,hard,1076,fragment,팔리다,2026-10-07
ko,패밀리,hard,1077,not_a_dictionary_headword,,2026-10-07
ko,펫,hard,1078,not_a_dictionary_headword,,2026-10-07
ko,포켓몬,hard,1079,not_a_dictionary_headword,,2026-10-07
ko,흔들리,hard,1083,fragment,흔들리다,2026-10-07
ko,감추,hard,1089,fragment,감추다,2026-10-07
ko,걸까요,hard,1091,inflected_sentence_form,걸+까요,2026-10-07
ko,굉장,hard,1095,not_a_dictionary_headword,,2026-10-07
ko,극장판,hard,1096,not_a_dictionary_headword,,2026-10-07
ko,듀얼,hard,1102,not_a_dictionary_headword,,2026-10-07
ko,럽,hard,1104,not_a_dictionary_headword,,2026-10-07
ko,레이트,hard,1105,not_a_dictionary_headword,,2026-10-07
ko,막히,hard,1106,fragment,막히다,2026-10-07
ko,몰리,hard,1110,fragment,몰리다,2026-10-07
ko,무너지,hard,1111,fragment,무너지다,2026-10-07
ko,벌어졌,hard,1119,not_a_dictionary_headword,,2026-10-07
ko,비주얼,hard,1123,not_a_dictionary_headword,,2026-10-07
ko,빌보드,hard,1124,not_a_dictionary_headword,,2026-10-07
ko,사라진,hard,1125,not_a_dictionary_headword,,2026-10-07
ko,상임,hard,1126,not_a_dictionary_headword,,2026-10-07
ko,소셜,hard,1130,not_a_dictionary_headword,,2026-10-07
ko,스토어,hard,1131,not_a_dictionary_headword,,2026-10-07
ko,어딨,hard,1136,not_a_dictionary_headword,,2026-10-07
ko,워터,hard,1143,not_a_dictionary_headword,,2026-10-07
ko,이쁘,hard,1146,fragment,이쁘다,2026-10-07
ko,이어졌,hard,1147,not_a_dictionary_headword,,2026-10-07
ko,취,hard,1160,not_a_dictionary_headword,,2026-10-07
ko,캄,hard,1161,not_a_dictionary_headword,,2026-10-07
ko,킴,hard,1162,not_a_dictionary_headword,,2026-10-07
ko,가져다,hard,1165,inflected_sentence_form,가져+다,2026-10-07
ko,걸어가,hard,1167,fragment,걸어가다,2026-10-07
ko,계셨,hard,1168,not_a_dictionary_headword,,2026-10-07
ko,그립,hard,1172,fragment,그립다,2026-10-07
ko,기르,hard,1173,fragment,기르다,2026-10-07
ko,돌아보,hard,1180,fragment,돌아보다,2026-10-07
ko,라우,hard,1181,not_a_dictionary_headword,,2026-10-07
ko,마쳤,hard,1183,not_a_dictionary_headword,,2026-10-07
ko,명백,hard,1186,not_a_dictionary_headword,,2026-10-07
ko,베드,hard,1190,not_a_dictionary_headword,,2026-10-07
ko,뵈,hard,1194,fragment,뵈다,2026-10-07
ko,사드,hard,1200,not_a_dictionary_headword,,2026-10-07
ko,수자,hard,1208,inflected_sentence_form,수+자,2026-10-07
ko,스미스,hard,1209,not_a_dictionary_headword,,2026-10-07
ko,쌤,hard,1213,not_a_dictionary_headword,,2026-10-07
ko,아이스,hard,1215,not_a_dictionary_headword,,2026-10-07
ko,예민,hard,1220,not_a_dictionary_headword,,2026-10-07
ko,으려면,hard,1227,not_a_dictionary_headword,,2026-10-07
ko,짙,hard,1239,fragment,짙다,2026-10-07
ko,찾아볼,hard,1240,not_a_dictionary_headword,,2026-10-07
ko,카운티,hard,1245,not_a_dictionary_headword,,2026-10-07
ko,케빈,hard,1247,not_a_dictionary_headword,,2026-10-07
ko,태우,hard,1248,fragment,태우다,2026-10-07
ko,틀리,hard,1251,fragment,틀리다,2026-10-07
ko,퍼지,hard,1252,fragment,퍼지다,2026-10-07
ko,구로,hard,1268,particle_attached,구+로,2026-10-07
ko,군산,hard,1269,not_a_dictionary_headword,,2026-10-07
ko,굵,hard,1270,fragment,굵다,2026-10-07
ko,그걸로,hard,1271,not_a_dictionary_headword,,2026-10-07
ko,급하,hard,1272,fragment,급하다,2026-10-07
ko,날리,hard,1274,fragment,날리다,2026-10-07
ko,냐면,hard,1276,not_a_dictionary_headword,,2026-10-07
ko,당기,hard,1279,fragment,당기다,2026-10-07
ko,돌보,hard,1281,fragment,돌보다,2026-10-07
ko,뚜렷,hard,1282,not_a_dictionary_headword,,2026-10-07
ko,뜯,hard,1283,fragment,뜯다,2026-10-07
ko,뱀파이어,hard,1292,not_a_dictionary_headword,,2026-10-07
ko,사라져,hard,1298,not_a_dictionary_headword,,2026-10-07
ko,으려는,hard,1314,not_a_dictionary_headword,,2026-10-07
ko,이랬,hard,1317,not_a_dictionary_headword,,2026-10-07
ko,잃어버린,hard,1319,not_a_dictionary_headword,,2026-10-07
ko,카톡,hard,1334,not_a_dictionary_headword,,2026-10-07
ko,테일,hard,1337,not_a_dictionary_headword,,2026-10-07
ko,투데이,hard,1338,not_a_dictionary_headword,,2026-10-07
ko,펼치,hard,1342,fragment,펼치다,2026-10-07
ko,피우,hard,1345,fragment,피우다,2026-10-07
ko,핏,hard,1346,not_a_dictionary_headword,,2026-10-07
ko,간직,hard,1354,not_a_dictionary_headword,,2026-10-07
ko,갈리,hard,1355,fragment,갈리다,2026-10-07
ko,견디,hard,1356,fragment,견디다,2026-10-07
ko,나섰,hard,1364,not_a_dictionary_headword,,2026-10-07
ko,납니다,hard,1365,inflected_sentence_form,납+니다,2026-10-07
ko,니라,hard,1366,inflected_sentence_form,니+라,2026-10-07
ko,돌아갔,hard,1368,not_a_dictionary_headword,,2026-10-07
ko,렛,hard,1370,not_a_dictionary_headword,,2026-10-07
ko,마카오,hard,1371,not_a_dictionary_headword,,2026-10-07
ko,물러나,hard,1375,fragment,물러나다,2026-10-07
ko,스카,hard,1387,not_a_dictionary_headword,,2026-10-07
ko,신한은행,hard,1391,not_a_dictionary_headword,,2026-10-07
ko,었었,hard,1394,not_a_dictionary_headword,,2026-10-07
ko,예루살렘,hard,1396,not_a_dictionary_headword,,2026-10-07
ko,오피,hard,1398,not_a_dictionary_headword,,2026-10-07
ko,제인,hard,1412,particle_attached,제+인,2026-10-07
ko,티비,hard,1421,not_a_dictionary_headword,,2026-10-07
ko,폭스,hard,1424,not_a_dictionary_headword,,2026-10-07
ko,히로,hard,1433,particle_attached,히+로,2026-10-07
ko,겁니까,hard,1438,not_a_dictionary_headword,,2026-10-07
ko,그라,hard,1446,inflected_sentence_form,그+라,2026-10-07
ko,동구,hard,1456,not_a_dictionary_headword,,2026-10-07
ko,리치,hard,1460,not_a_dictionary_headword,,2026-10-07
ko,마땅,hard,1461,not_a_dictionary_headword,,2026-10-07
ko,마인드,hard,1462,not_a_dictionary_headword,,2026-10-07
ko,뵙,hard,1468,fragment,뵙다,2026-10-07
ko,비아,hard,1470,not_a_dictionary_headword,,2026-10-07
ko,세라,hard,1477,inflected_sentence_form,세+라,2026-10-07
ko,스러웠,hard,1482,not_a_dictionary_headword,,2026-10-07
ko,스퀘어,hard,1483,not_a_dictionary_headword,,2026-10-07
ko,스터,hard,1484,not_a_dictionary_headword,,2026-10-07
ko,일으켰,hard,1501,not_a_dictionary_headword,,2026-10-07
ko,자발,hard,1502,not_a_dictionary_headword,,2026-10-07
ko,져요,hard,1507,inflected_sentence_form,져+요,2026-10-07
ko,코믹,hard,1516,not_a_dictionary_headword,,2026-10-07
ko,긁,hard,1538,fragment,긁다,2026-10-07
ko,냅,hard,1540,fragment,냅다,2026-10-07
ko,는군,hard,1541,inflected_sentence_form,는+군,2026-10-07
ko,더럽,hard,1544,fragment,더럽다,2026-10-07
ko,돌아올,hard,1546,not_a_dictionary_headword,,2026-10-07
ko,둘러보,hard,1547,fragment,둘러보다,2026-10-07
ko,딕,hard,1549,not_a_dictionary_headword,,2026-10-07
ko,라스,hard,1550,not_a_dictionary_headword,,2026-10-07
ko,루이,hard,1551,not_a_dictionary_headword,,2026-10-07
ko,루카스,hard,1552,not_a_dictionary_headword,,2026-10-07
ko,망했,hard,1554,not_a_dictionary_headword,,2026-10-07
ko,메타,hard,1555,not_a_dictionary_headword,,2026-10-07
ko,발리,hard,1560,fragment,발리다,2026-10-07
ko,배고프,hard,1561,fragment,배고프다,2026-10-07
ko,베스,hard,1562,not_a_dictionary_headword,,2026-10-07
ko,시드니,hard,1572,not_a_dictionary_headword,,2026-10-07
ko,실래요,hard,1575,inflected_sentence_form,실+래요,2026-10-07
ko,았었,hard,1578,not_a_dictionary_headword,,2026-10-07
ko,앤디,hard,1579,not_a_dictionary_headword,,2026-10-07
ko,어리,hard,1580,fragment,어리다,2026-10-07
ko,웅,hard,1585,not_a_dictionary_headword,,2026-10-07
ko,자켓,hard,1593,not_a_dictionary_headword,,2026-10-07
ko,재미없,hard,1594,fragment,재미없다,2026-10-07
ko,제게,hard,1596,inflected_sentence_form,제+게,2026-10-07
ko,카스,hard,1604,not_a_dictionary_headword,,2026-10-07
ko,캡틴,hard,1605,not_a_dictionary_headword,,2026-10-07
ko,커지,hard,1606,fragment,커지다,2026-10-07
ko,큐브,hard,1608,not_a_dictionary_headword,,2026-10-07
ko,클라우드,hard,1609,not_a_dictionary_headword,,2026-10-07
ko,토르,hard,1610,not_a_dictionary_headword,,2026-10-07
ko,트리플,hard,1613,not_a_dictionary_headword,,2026-10-07
ko,펠,hard,1617,not_a_dictionary_headword,,2026-10-07
ko,프로토,hard,1623,not_a_dictionary_headword,,2026-10-07
ko,플로,hard,1624,not_a_dictionary_headword,,2026-10-07
ko,할께요,hard,1626,not_a_dictionary_headword,,2026-10-07
ko,간다고,hard,1630,not_a_dictionary_headword,,2026-10-07
ko,느리,hard,1645,fragment,느리다,2026-10-07
ko,닌자,hard,1646,not_a_dictionary_headword,,2026-10-07
ko,닐,hard,1647,not_a_dictionary_headword,,2026-10-07
ko,단단,hard,1648,not_a_dictionary_headword,,2026-10-07
ko,데드,hard,1653,not_a_dictionary_headword,,2026-10-07
ko,떠올리,hard,1654,fragment,떠올리다,2026-10-07
ko,럼,hard,1655,not_a_dictionary_headword,,2026-10-07
ko,루프,hard,1656,not_a_dictionary_headword,,2026-10-07
ko,메탈,hard,1658,not_a_dictionary_headword,,2026-10-07
ko,민감,hard,1662,not_a_dictionary_headword,,2026-10-07
ko,섭,hard,1675,not_a_dictionary_headword,,2026-10-07
ko,셜,hard,1676,not_a_dictionary_headword,,2026-10-07
ko,싣,hard,1681,fragment,싣다,2026-10-07
ko,아미,hard,1684,not_a_dictionary_headword,,2026-10-07
ko,아오,hard,1685,not_a_dictionary_headword,,2026-10-07
ko,억울,hard,1687,not_a_dictionary_headword,,2026-10-07
ko,언스,hard,1688,not_a_dictionary_headword,,2026-10-07
ko,여도,hard,1690,particle_attached,여+도,2026-10-07
ko,여친,hard,1691,not_a_dictionary_headword,,2026-10-07
ko,오우,hard,1694,not_a_dictionary_headword,,2026-10-07
ko,유연,hard,1700,not_a_dictionary_headword,,2026-10-07
ko,유쾌,hard,1701,not_a_dictionary_headword,,2026-10-07
ko,잠실,hard,1704,not_a_dictionary_headword,,2026-10-07
ko,찰리,hard,1715,not_a_dictionary_headword,,2026-10-07
ko,커크,hard,1723,not_a_dictionary_headword,,2026-10-07
ko,켈리,hard,1724,not_a_dictionary_headword,,2026-10-07
ko,꿇,hard,1740,fragment,꿇다,2026-10-07
ko,나와요,hard,1741,inflected_sentence_form,나와+요,2026-10-07
ko,낡,hard,1742,fragment,낡다,2026-10-07
ko,다름,hard,1745,not_a_dictionary_headword,,2026-10-07
ko,떴,hard,1752,not_a_dictionary_headword,,2026-10-07
ko,려나,hard,1753,not_a_dictionary_headword,,2026-10-07
ko,리아,hard,1755,not_a_dictionary_headword,,2026-10-07
ko,마르,hard,1756,fragment,마르다,2026-10-07
ko,바치,hard,1764,fragment,바치다,2026-10-07
ko,방탄소년단,hard,1766,not_a_dictionary_headword,,2026-10-07
ko,볼까요,hard,1774,inflected_sentence_form,볼+까요,2026-10-07
ko,소니,hard,1778,inflected_sentence_form,소+니,2026-10-07
ko,안산,hard,1785,not_a_dictionary_headword,,2026-10-07
ko,알렉스,hard,1786,not_a_dictionary_headword,,2026-10-07
ko,연이,hard,1789,particle_attached,연+이,2026-10-07
ko,와야,hard,1792,not_a_dictionary_headword,,2026-10-07
ko,잦,hard,1803,fragment,잦다,2026-10-07
ko,저건,hard,1805,not_a_dictionary_headword,,2026-10-07
ko,준다는,hard,1810,not_a_dictionary_headword,,2026-10-07
ko,츄,hard,1817,not_a_dictionary_headword,,2026-10-07
ko,캘리,hard,1818,not_a_dictionary_headword,,2026-10-07
ko,타로,hard,1821,particle_attached,타+로,2026-10-07
ko,태권,hard,1822,not_a_dictionary_headword,,2026-10-07
ko,토렌트,hard,1823,not_a_dictionary_headword,,2026-10-07
ko,튼튼,hard,1825,not_a_dictionary_headword,,2026-10-07
ko,하워드,hard,1827,not_a_dictionary_headword,,2026-10-07
ko,할래요,hard,1828,inflected_sentence_form,할+래요,2026-10-07
ko,헤어지,hard,1829,fragment,헤어지다,2026-10-07
ko,그렸,hard,1840,not_a_dictionary_headword,,2026-10-07
ko,날아가,hard,1842,fragment,날아가다,2026-10-07
ko,내려놓,hard,1844,fragment,내려놓다,2026-10-07
ko,넬,hard,1845,not_a_dictionary_headword,,2026-10-07
ko,라던가,hard,1849,not_a_dictionary_headword,,2026-10-07
ko,마셨,hard,1850,not_a_dictionary_headword,,2026-10-07
ko,빔,hard,1864,not_a_dictionary_headword,,2026-10-07
ko,앨런,hard,1876,not_a_dictionary_headword,,2026-10-07
ko,얹,hard,1878,fragment,얹다,2026-10-07
ko,잡아먹,hard,1888,fragment,잡아먹다,2026-10-07
ko,컴퍼니,hard,1897,not_a_dictionary_headword,,2026-10-07
ko,푸드,hard,1900,not_a_dictionary_headword,,2026-10-07
ko,홀리,hard,1903,fragment,홀리다,2026-10-07
ko,굶,hard,1912,fragment,굶다,2026-10-07
ko,그니까,hard,1913,not_a_dictionary_headword,,2026-10-07
ko,네이트,hard,1918,not_a_dictionary_headword,,2026-10-07
ko,닌,hard,1919,not_a_dictionary_headword,,2026-10-07
ko,다가가,hard,1920,fragment,다가가다,2026-10-07
ko,도우,hard,1923,not_a_dictionary_headword,,2026-10-07
ko,돼야,hard,1925,not_a_dictionary_headword,,2026-10-07
ko,들어야,hard,1927,not_a_dictionary_headword,,2026-10-07
ko,들어올,hard,1928,not_a_dictionary_headword,,2026-10-07
ko,라인업,hard,1931,not_a_dictionary_headword,,2026-10-07
ko,렉,hard,1932,not_a_dictionary_headword,,2026-10-07
ko,만만,hard,1933,particle_attached,만+만,2026-10-07
ko,모릅니다,hard,1934,not_a_dictionary_headword,,2026-10-07
ko,밀러,hard,1937,not_a_dictionary_headword,,2026-10-07
ko,받아들여,hard,1938,not_a_dictionary_headword,,2026-10-07
ko,밝혀졌,hard,1939,not_a_dictionary_headword,,2026-10-07
ko,새끼야,hard,1943,not_a_dictionary_headword,,2026-10-07
ko,아닙니까,hard,1961,not_a_dictionary_headword,,2026-10-07
ko,아리,hard,1962,fragment,아리다,2026-10-07
ko,제이슨,hard,1973,not_a_dictionary_headword,,2026-10-07
ko,컵받침,expert,32,not_a_dictionary_headword,,2026-10-07
ko,조선민주주의인민공화국의,expert,38,particle_attached,조선민주주의인민공화국+의,2026-10-07
ko,조선민주주의인민공화국은,expert,39,particle_attached,조선민주주의인민공화국+은,2026-10-07
ko,오스트레일리아에서,expert,40,particle_attached,오스트레일리아+에서,2026-10-07
ko,조선민주주의인민공화국에,expert,41,particle_attached,조선민주주의인민공화국+에,2026-10-07
ko,민사소송법조문이다,expert,42,not_a_dictionary_headword,,2026-10-07
ko,조선민주주의인민공화국이,expert,43,particle_attached,조선민주주의인민공화국+이,2026-10-07
ko,조선민주주의인민공화국을,expert,44,particle_attached,조선민주주의인민공화국+을,2026-10-07
ko,글리세르알데하이드,expert,45,not_a_dictionary_headword,,2026-10-07
ko,상트페테르부르크의,expert,46,particle_attached,상트페테르부르크+의,2026-10-07
ko,애니메이션판에서는,expert,47,not_a_dictionary_headword,,2026-10-07
ko,오스트레일리아에서는,expert,48,particle_attached,오스트레일리아+에서는,2026-10-07
ko,원자력안전위원회와,expert,49,not_a_dictionary_headword,,2026-10-07
ko,인테르나치오날레는,expert,50,not_a_dictionary_headword,,2026-10-07
ko,조선민주주의인민공화국과,expert,51,particle_attached,조선민주주의인민공화국+과,2026-10-07
ko,조선예수교장로회사기,expert,52,not_a_dictionary_headword,,2026-10-07
ko,콘스탄티노폴리스를,expert,53,not_a_dictionary_headword,,2026-10-07
ko,공동선거대책위원장을,expert,54,not_a_dictionary_headword,,2026-10-07
ko,그리스도인으로서의,expert,55,not_a_dictionary_headword,,2026-10-07
ko,니시노미야키타구치,expert,56,not_a_dictionary_headword,,2026-10-07
ko,다이쇼대례기념장을,expert,57,not_a_dictionary_headword,,2026-10-07
ko,마이크로프로세서는,expert,58,particle_attached,마이크로프로세서+는,2026-10-07
ko,마이크로프로세서의,expert,59,particle_attached,마이크로프로세서+의,2026-10-07
ko,모순허용논리에서는,expert,60,not_a_dictionary_headword,,2026-10-07
ko,미도리노마도구치나,expert,61,not_a_dictionary_headword,,2026-10-07
ko,범정부사고대책본부는,expert,62,not_a_dictionary_headword,,2026-10-07
ko,베르히테스가덴으로,expert,63,not_a_dictionary_headword,,2026-10-07
ko,베이징과학기술대학교,expert,64,not_a_dictionary_headword,,2026-10-07
ko,사우스오스트레일리아,expert,65,not_a_dictionary_headword,,2026-10-07
ko,서울과학기술대학교의,expert,66,not_a_dictionary_headword,,2026-10-07
ko,센타우루스자리에서,expert,67,not_a_dictionary_headword,,2026-10-07
ko,수원시설관리공단에,expert,68,not_a_dictionary_headword,,2026-10-07
ko,스트로마톨라이트가,expert,69,not_a_dictionary_headword,,2026-10-07
ko,스트로마톨라이트의,expert,70,not_a_dictionary_headword,,2026-10-07
ko,연립방정식으로부터,expert,71,not_a_dictionary_headword,,2026-10-07
ko,오스트랄로피테쿠스로,expert,73,particle_attached,오스트랄로피테쿠스+로,2026-10-07
ko,오스트레일리아까치는,expert,74,not_a_dictionary_headword,,2026-10-07
ko,오스트로네시아어족,expert,75,not_a_dictionary_headword,,2026-10-07
ko,오스트로네시아어족에,expert,76,not_a_dictionary_headword,,2026-10-07
ko,오케스트레이션에서,expert,77,not_a_dictionary_headword,,2026-10-07
ko,유고슬라비아에서는,expert,78,particle_attached,유고슬라비아+에서는,2026-10-07
ko,의학전문대학원으로,expert,79,not_a_dictionary_headword,,2026-10-07
ko,인테르나치오날레의,expert,80,not_a_dictionary_headword,,2026-10-07
ko,자유지상주의자들은,expert,81,not_a_dictionary_headword,,2026-10-07
ko,조선민주주의인민공화국과의,expert,82,particle_attached,조선민주주의인민공화국+과의,2026-10-07
ko,조선민주주의인민공화국에서는,expert,83,particle_attached,조선민주주의인민공화국+에서는,2026-10-07
ko,중앙선거관리위원회는,expert,84,particle_attached,중앙선거관리위원회+는,2026-10-07
ko,중앙선거관리위원회의,expert,85,particle_attached,중앙선거관리위원회+의,2026-10-07
ko,카스모사우루스아과,expert,86,not_a_dictionary_headword,,2026-10-07
ko,콘스탄티노폴리스로,expert,87,not_a_dictionary_headword,,2026-10-07
ko,콘스탄티노폴리스에,expert,88,not_a_dictionary_headword,,2026-10-07
ko,프리스케이팅에서는,expert,89,not_a_dictionary_headword,,2026-10-07
ko,프시타코사우루스의,expert,90,not_a_dictionary_headword,,2026-10-07
ko,한국기독교교회협의회,expert,91,not_a_dictionary_headword,,2026-10-07
ko,획득기술군수차관은,expert,92,not_a_dictionary_headword,,2026-10-07
ko,가드너나무타기쥐는,expert,93,not_a_dictionary_headword,,2026-10-07
ko,가루지기타령에서는,expert,94,not_a_dictionary_headword,,2026-10-07
ko,가사노동으로부터의,expert,95,not_a_dictionary_headword,,2026-10-07
ko,가석방심사에관한규칙,expert,96,not_a_dictionary_headword,,2026-10-07
ko,가선대부동지중추부사의,expert,97,not_a_dictionary_headword,,2026-10-07
ko,가천바이오나노연구원,expert,98,not_a_dictionary_headword,,2026-10-07
ko,가톨릭교회로부터의,expert,99,not_a_dictionary_headword,,2026-10-07
ko,간호대학원에서부터,expert,100,not_a_dictionary_headword,,2026-10-07
ko,갈색나무타기캥거루는,expert,101,not_a_dictionary_headword,,2026-10-07
ko,감가상각부인액이라고,expert,102,not_a_dictionary_headword,,2026-10-07
ko,감지금니묘법연화경,expert,103,not_a_dictionary_headword,,2026-10-07
ko,강릉원주대학교부속유치원,expert,104,not_a_dictionary_headword,,2026-10-07
ko,강일여자고등학교에,expert,105,not_a_dictionary_headword,,2026-10-07
ko,강화전쟁박물관에는,expert,106,not_a_dictionary_headword,,2026-10-07
ko,개국공신녹권으로는,expert,107,not_a_dictionary_headword,,2026-10-07
ko,개발하고있었습니다,expert,108,not_a_dictionary_headword,,2026-10-07
ko,개양오거리시외버스정류장이라고,expert,109,not_a_dictionary_headword,,2026-10-07
ko,개인성과배분제도의,expert,110,not_a_dictionary_headword,,2026-10-07
ko,갤러리아팰리스라는,expert,111,not_a_dictionary_headword,,2026-10-07
ko,거대자기저항효과라,expert,112,not_a_dictionary_headword,,2026-10-07
ko,거제시민축구단으로,expert,113,not_a_dictionary_headword,,2026-10-07
ko,건강보험심사평가원은,expert,114,not_a_dictionary_headword,,2026-10-07
ko,건강보험정책심의위원회에서,expert,115,not_a_dictionary_headword,,2026-10-07
ko,건국대학교디자인대학원,expert,116,not_a_dictionary_headword,,2026-10-07
ko,건국대학교병원에서,expert,117,not_a_dictionary_headword,,2026-10-07
ko,건칠아미타여래좌상,expert,118,not_a_dictionary_headword,,2026-10-07
ko,검경합동수사본부도,expert,119,not_a_dictionary_headword,,2026-10-07
ko,검교우어위호분랑장,expert,120,not_a_dictionary_headword,,2026-10-07
ko,검은날개작은노랑박쥐는,expert,121,not_a_dictionary_headword,,2026-10-07
ko,검찰개혁추진지원단,expert,122,not_a_dictionary_headword,,2026-10-07
ko,것일때는수소식던졌다가,expert,123,not_a_dictionary_headword,,2026-10-07
ko,게임메이플스토리의,expert,124,not_a_dictionary_headword,,2026-10-07
ko,게임물등급위원회에,expert,125,not_a_dictionary_headword,,2026-10-07
ko,경기공업고등전문학교로의,expert,126,not_a_dictionary_headword,,2026-10-07
ko,경기도당위원장에서,expert,127,not_a_dictionary_headword,,2026-10-07
ko,경기디지털콘텐츠진흥원에게,expert,128,not_a_dictionary_headword,,2026-10-07
ko,경남과학고등학교와,expert,129,not_a_dictionary_headword,,2026-10-07
ko,경남체육고등학교가,expert,130,not_a_dictionary_headword,,2026-10-07
ko,경성경관연습소에서,expert,131,not_a_dictionary_headword,,2026-10-07
ko,경성농상실천학교의,expert,132,not_a_dictionary_headword,,2026-10-07
ko,경성부립순화병원의,expert,133,not_a_dictionary_headword,,2026-10-07
ko,경성여자의학전문학교,expert,134,not_a_dictionary_headword,,2026-10-07
ko,경성의전부속병원에,expert,135,not_a_dictionary_headword,,2026-10-07
ko,경성지방법원으로부터,expert,136,not_a_dictionary_headword,,2026-10-07
ko,경수로사업지원기획단,expert,137,not_a_dictionary_headword,,2026-10-07
ko,경제경영전략연구소,expert,138,not_a_dictionary_headword,,2026-10-07
ko,경제기획국장이라는,expert,139,not_a_dictionary_headword,,2026-10-07
ko,경제민주주의자들이,expert,140,not_a_dictionary_headword,,2026-10-07
ko,경제정의실천시민연합,expert,141,not_a_dictionary_headword,,2026-10-07
ko,경주평생학습문화센터이,expert,142,not_a_dictionary_headword,,2026-10-07
ko,경청선원자적선사능운탑비,expert,143,not_a_dictionary_headword,,2026-10-07
ko,경혈관관상동맥확장술,expert,144,not_a_dictionary_headword,,2026-10-07
ko,경화여자고등학교는,expert,145,not_a_dictionary_headword,,2026-10-07
ko,고감마글로불린혈증과,expert,146,not_a_dictionary_headword,,2026-10-07
ko,고객관계관리에서와,expert,147,not_a_dictionary_headword,,2026-10-07
ko,고덕국제신도시에서,expert,148,not_a_dictionary_headword,,2026-10-07
ko,고도불포화지방산이,expert,149,not_a_dictionary_headword,,2026-10-07
ko,고등인문사회연구원,expert,150,not_a_dictionary_headword,,2026-10-07
ko,고양시립라임어린이집,expert,151,not_a_dictionary_headword,,2026-10-07
ko,고위공직자범죄수사처,expert,152,not_a_dictionary_headword,,2026-10-07
ko,고효율에너지기자재,expert,153,not_a_dictionary_headword,,2026-10-07
ko,공개에서대구광역시,expert,154,not_a_dictionary_headword,,2026-10-07
ko,공군소속관할이었다,expert,155,not_a_dictionary_headword,,2026-10-07
ko,공무원퇴직연금기금,expert,156,not_a_dictionary_headword,,2026-10-07
ko,공산주의운동에서는,expert,157,not_a_dictionary_headword,,2026-10-07
ko,공익침해행위신고를,expert,158,not_a_dictionary_headword,,2026-10-07
ko,공적심사위원회에선,expert,159,not_a_dictionary_headword,,2026-10-07
ko,공적자금관리위원회,expert,160,not_a_dictionary_headword,,2026-10-07
ko,공적자금관리특별법,expert,161,not_a_dictionary_headword,,2026-10-07
ko,공정언론시민연대는,expert,162,not_a_dictionary_headword,,2026-10-07
ko,공주대학교사범대학부설유치원,expert,163,not_a_dictionary_headword,,2026-10-07
ko,공중조기경보통제기도,expert,164,not_a_dictionary_headword,,2026-10-07
ko,공직윤리지원관실은,expert,165,not_a_dictionary_headword,,2026-10-07
ko,과오불금반환청구권의,expert,166,not_a_dictionary_headword,,2026-10-07
ko,과자명나방이라고도,expert,167,not_a_dictionary_headword,,2026-10-07
ko,과테말라검은고함원숭이,expert,168,not_a_dictionary_headword,,2026-10-07
ko,과학기술대학교에서,expert,169,not_a_dictionary_headword,,2026-10-07
ko,과학기술정보통신부,expert,170,not_a_dictionary_headword,,2026-10-07
ko,과학기술정보통신부는,expert,171,not_a_dictionary_headword,,2026-10-07
ko,과학기술특성화대학,expert,172,not_a_dictionary_headword,,2026-10-07
ko,과학연차회의에서는,expert,173,not_a_dictionary_headword,,2026-10-07
ko,관계기관대책회의에,expert,174,not_a_dictionary_headword,,2026-10-07
ko,관광산업특별위원회,expert,175,not_a_dictionary_headword,,2026-10-07
ko,관동군사령부헌병대와,expert,176,not_a_dictionary_headword,,2026-10-07
ko,관둥룽곤문화유한공사,expert,177,not_a_dictionary_headword,,2026-10-07
ko,관상동맥우회로이식술,expert,178,not_a_dictionary_headword,,2026-10-07
ko,관세음보살보문품의,expert,179,not_a_dictionary_headword,,2026-10-07
ko,광고음악감독으로도,expert,180,not_a_dictionary_headword,,2026-10-07
ko,광로를깆중을절토괗한,expert,181,not_a_dictionary_headword,,2026-10-07
ko,광역행정복합타운으로,expert,182,not_a_dictionary_headword,,2026-10-07
ko,광주광역시광산구산막동,expert,183,not_a_dictionary_headword,,2026-10-07
ko,광주소방안전본부장,expert,184,not_a_dictionary_headword,,2026-10-07
ko,광지개종홍진우세승통,expert,185,not_a_dictionary_headword,,2026-10-07
ko,교방굿거리춤이라고,expert,186,not_a_dictionary_headword,,2026-10-07
ko,교원교육종합대학교의,expert,187,not_a_dictionary_headword,,2026-10-07
ko,교육도서출판사에서,expert,188,not_a_dictionary_headword,,2026-10-07
ko,교육연구망추진위원회,expert,189,not_a_dictionary_headword,,2026-10-07
ko,국가공간정보통합체계를,expert,190,not_a_dictionary_headword,,2026-10-07
ko,국가광파전영전시총국의,expert,191,not_a_dictionary_headword,,2026-10-07
ko,국가비상사태위원회는,expert,192,not_a_dictionary_headword,,2026-10-07
ko,국가생물종지식정보시스템이,expert,193,not_a_dictionary_headword,,2026-10-07
ko,국가안보전략연구원,expert,194,not_a_dictionary_headword,,2026-10-07
ko,국가역사기억위원회,expert,195,not_a_dictionary_headword,,2026-10-07
ko,국가재건최고회의로,expert,196,not_a_dictionary_headword,,2026-10-07
ko,국가참조표준센터와,expert,197,not_a_dictionary_headword,,2026-10-07
ko,국내무역협동조합소비부,expert,198,not_a_dictionary_headword,,2026-10-07
ko,국립경주박물관으로,expert,199,not_a_dictionary_headword,,2026-10-07
ko,국립대전현충원에는,expert,200,not_a_dictionary_headword,,2026-10-07
ko,국립보건임상연구원,expert,201,not_a_dictionary_headword,,2026-10-07
ko,국립부여박물관으로,expert,202,not_a_dictionary_headword,,2026-10-07
ko,국립사업기술대학교나,expert,203,not_a_dictionary_headword,,2026-10-07
ko,국립생물학방위분석대응센터는,expert,204,not_a_dictionary_headword,,2026-10-07
ko,국립수의과학검역원에서도,expert,205,not_a_dictionary_headword,,2026-10-07
ko,국립아시아문화전당을,expert,206,not_a_dictionary_headword,,2026-10-07
ko,국립엘크피난소에서,expert,207,not_a_dictionary_headword,,2026-10-07
ko,국립장애재활연구소,expert,208,not_a_dictionary_headword,,2026-10-07
ko,국립중앙박물관장에서,expert,209,not_a_dictionary_headword,,2026-10-07
ko,국민건강보험법에서,expert,210,not_a_dictionary_headword,,2026-10-07
ko,국민공감혁신위원회의,expert,211,not_a_dictionary_headword,,2026-10-07
ko,국민문해교육프로그램에,expert,212,not_a_dictionary_headword,,2026-10-07
ko,국민재건운동본부가,expert,213,not_a_dictionary_headword,,2026-10-07
ko,국민체육진흥공단이,expert,214,not_a_dictionary_headword,,2026-10-07
ko,국민총동원위원회가,expert,215,not_a_dictionary_headword,,2026-10-07
ko,국민통합실천위원회,expert,216,not_a_dictionary_headword,,2026-10-07
ko,국방경비대총사령부,expert,217,not_a_dictionary_headword,,2026-10-07
ko,국방과학기술연구소에서,expert,218,not_a_dictionary_headword,,2026-10-07
ko,국방과학연구소법으로,expert,219,not_a_dictionary_headword,,2026-10-07
ko,국방위원장으로부터,expert,220,not_a_dictionary_headword,,2026-10-07
ko,국사편찬위원회에서,expert,221,not_a_dictionary_headword,,2026-10-07
ko,국어능력인증시험은,expert,222,not_a_dictionary_headword,,2026-10-07
ko,국정기획자문위원회의,expert,223,not_a_dictionary_headword,,2026-10-07
ko,국정홍보비서관까지,expert,224,not_a_dictionary_headword,,2026-10-07
ko,국제공산주의자이며,expert,225,not_a_dictionary_headword,,2026-10-07
ko,국제과학비즈니스벨트,expert,226,not_a_dictionary_headword,,2026-10-07
ko,국제관계대학원이며,expert,227,not_a_dictionary_headword,,2026-10-07
ko,국제금융감독기구들과,expert,228,not_a_dictionary_headword,,2026-10-07
ko,국제기계박람회이다,expert,229,not_a_dictionary_headword,,2026-10-07
ko,국제기념물유적협의회,expert,230,not_a_dictionary_headword,,2026-10-07
ko,국제디자인전문대학원의,expert,231,not_a_dictionary_headword,,2026-10-07
ko,국제리버럴아츠학부,expert,232,not_a_dictionary_headword,,2026-10-07
ko,국제문화교류처에서는,expert,233,not_a_dictionary_headword,,2026-10-07
ko,국제문화컨벤션관은,expert,234,not_a_dictionary_headword,,2026-10-07
ko,국제미용성형외과협회에,expert,235,not_a_dictionary_headword,,2026-10-07
ko,국제봅슬레이연맹에서,expert,236,not_a_dictionary_headword,,2026-10-07
ko,국제상사중재위원회는,expert,237,not_a_dictionary_headword,,2026-10-07
ko,국제상사중재위원회를,expert,238,not_a_dictionary_headword,,2026-10-07
ko,국제아동도서협의회,expert,239,not_a_dictionary_headword,,2026-10-07
ko,국제아동청소년도서협의회,expert,240,not_a_dictionary_headword,,2026-10-07
ko,국제아이스하키연맹,expert,241,not_a_dictionary_headword,,2026-10-07
ko,국제영상자료원연맹,expert,242,not_a_dictionary_headword,,2026-10-07
ko,국제올림픽위원회는,expert,243,not_a_dictionary_headword,,2026-10-07
ko,국제원자력규제자협의회,expert,244,not_a_dictionary_headword,,2026-10-07
ko,국제응용근신경학회,expert,245,not_a_dictionary_headword,,2026-10-07
ko,국제의료관광코디네이터가,expert,246,not_a_dictionary_headword,,2026-10-07
ko,국제의학과학자협의회를,expert,247,not_a_dictionary_headword,,2026-10-07
ko,국제인증유효기간도,expert,248,not_a_dictionary_headword,,2026-10-07
ko,국제전문대학원으로,expert,249,not_a_dictionary_headword,,2026-10-07
ko,국제조형예술협의회,expert,250,not_a_dictionary_headword,,2026-10-07
ko,국제천문올림피아드에,expert,251,not_a_dictionary_headword,,2026-10-07
ko,국제프라이버시전문가협회,expert,252,not_a_dictionary_headword,,2026-10-07
ko,국제프랑코포니기구는,expert,253,not_a_dictionary_headword,,2026-10-07
ko,국제협력상임위원장이,expert,254,not_a_dictionary_headword,,2026-10-07
ko,국제협력위원이라는,expert,255,not_a_dictionary_headword,,2026-10-07
ko,국제회계기준위원회에서,expert,256,not_a_dictionary_headword,,2026-10-07
ko,국철재건감리위원회,expert,257,not_a_dictionary_headword,,2026-10-07
ko,국철청산사업본부의,expert,258,not_a_dictionary_headword,,2026-10-07
ko,국토건설종합계획은,expert,259,not_a_dictionary_headword,,2026-10-07
ko,국회지방자치포럼은,expert,260,not_a_dictionary_headword,,2026-10-07
ko,군사독재정부에서도,expert,261,not_a_dictionary_headword,,2026-10-07
ko,군사비밀정보보호협정,expert,262,not_a_dictionary_headword,,2026-10-07
ko,군수산업전으로서는,expert,263,not_a_dictionary_headword,,2026-10-07
ko,군위인각사미륵당석불좌상,expert,264,not_a_dictionary_headword,,2026-10-07
ko,군의문사진상규명위원회,expert,265,not_a_dictionary_headword,,2026-10-07
ko,궤변지시테이테인에,expert,266,not_a_dictionary_headword,,2026-10-07
ko,그래픽디자인으로는,expert,267,not_a_dictionary_headword,,2026-10-07
ko,그레이스트라이프와,expert,268,not_a_dictionary_headword,,2026-10-07
ko,그레이트배리어리프는,expert,269,not_a_dictionary_headword,,2026-10-07
ko,그로테스크하기까지,expert,270,not_a_dictionary_headword,,2026-10-07
ko,그리스아르메니아어파,expert,271,not_a_dictionary_headword,,2026-10-07
ko,그리스프리기아어파,expert,272,not_a_dictionary_headword,,2026-10-07
ko,극우주의자들이었다,expert,273,not_a_dictionary_headword,,2026-10-07
ko,극좌폭력집단이라고,expert,274,not_a_dictionary_headword,,2026-10-07
ko,근대불교회화사에서,expert,275,not_a_dictionary_headword,,2026-10-07
ko,근무성적평정제도를,expert,276,not_a_dictionary_headword,,2026-10-07
ko,근접발달영역이라고,expert,277,not_a_dictionary_headword,,2026-10-07
ko,글로벌바이오메디컬공학과,expert,278,not_a_dictionary_headword,,2026-10-07
ko,글루코코르티코이드,expert,279,not_a_dictionary_headword,,2026-10-07
ko,글루코코르티코이드는,expert,280,not_a_dictionary_headword,,2026-10-07
ko,글리코실트랜스퍼레이스라는,expert,281,not_a_dictionary_headword,,2026-10-07
ko,금강계만다라다라니,expert,282,not_a_dictionary_headword,,2026-10-07
ko,금강반야바라밀경론은,expert,283,not_a_dictionary_headword,,2026-10-07
ko,금강장장엄반야바라밀다교중일분,expert,284,not_a_dictionary_headword,,2026-10-07
ko,금동관음보살좌상은,expert,285,not_a_dictionary_headword,,2026-10-07
ko,금동보살상으로서는,expert,286,not_a_dictionary_headword,,2026-10-07
ko,금동보현보살좌상은,expert,287,not_a_dictionary_headword,,2026-10-07
ko,금동아미타불좌상과,expert,288,not_a_dictionary_headword,,2026-10-07
ko,금암동정류소라고도,expert,289,not_a_dictionary_headword,,2026-10-07
ko,금융감독조직혁신위원회가,expert,290,not_a_dictionary_headword,,2026-10-07
ko,금융발전심의위원회,expert,291,not_a_dictionary_headword,,2026-10-07
ko,금융정보보호아카데미,expert,292,not_a_dictionary_headword,,2026-10-07
ko,금중병공가제법도를,expert,293,not_a_dictionary_headword,,2026-10-07
ko,기념사업추진위원회로부터,expert,294,not_a_dictionary_headword,,2026-10-07
ko,기독교복음침례회와는,expert,295,not_a_dictionary_headword,,2026-10-07
ko,기독교산업사회연구소,expert,296,not_a_dictionary_headword,,2026-10-07
ko,기동구급경찰에서는,expert,297,not_a_dictionary_headword,,2026-10-07
ko,기보가오카병원에서도,expert,298,not_a_dictionary_headword,,2026-10-07
ko,기부금품모집및사용법,expert,299,not_a_dictionary_headword,,2026-10-07
ko,기악작품에서까지도,expert,300,not_a_dictionary_headword,,2026-10-07
ko,기천정사를건립하였고,expert,301,not_a_dictionary_headword,,2026-10-07
ko,기초자치단체장이다,expert,302,not_a_dictionary_headword,,2026-10-07
ko,기평가보험일지라도,expert,303,not_a_dictionary_headword,,2026-10-07
ko,긴급구조표준시스템을,expert,304,not_a_dictionary_headword,,2026-10-07
ko,긴급구호본부에서는,expert,305,not_a_dictionary_headword,,2026-10-07
ko,긴급열차방호장치가,expert,306,not_a_dictionary_headword,,2026-10-07
ko,긴급정보연락회의를,expert,307,not_a_dictionary_headword,,2026-10-07
ko,김달삼모가지잘린골은,expert,308,not_a_dictionary_headword,,2026-10-07
ko,김천농림고등학교에서,expert,309,not_a_dictionary_headword,,2026-10-07
ko,깃꼬리유대하늘다람쥐는,expert,310,not_a_dictionary_headword,,2026-10-07
ko,나고르노카라바흐를,expert,311,not_a_dictionary_headword,,2026-10-07
ko,나쁜투표거부시민운동측은,expert,312,not_a_dictionary_headword,,2026-10-07
ko,나이트로글리세린을,expert,313,not_a_dictionary_headword,,2026-10-07
ko,나이프아랍안보과학대학교,expert,314,not_a_dictionary_headword,,2026-10-07
ko,난계국악기체험전수관이,expert,315,not_a_dictionary_headword,,2026-10-07
ko,남북통일축구경기대회,expert,316,not_a_dictionary_headword,,2026-10-07
ko,남서브리튼어군으로,expert,317,not_a_dictionary_headword,,2026-10-07
ko,남성주참외휴게소로,expert,318,not_a_dictionary_headword,,2026-10-07
ko,남아메리카나무타기쥐속에,expert,319,not_a_dictionary_headword,,2026-10-07
ko,남아메리카코아티는,expert,320,not_a_dictionary_headword,,2026-10-07
ko,남조선대토벌작전을,expert,321,not_a_dictionary_headword,,2026-10-07
ko,남할마헤라서뉴기니어군의,expert,322,not_a_dictionary_headword,,2026-10-07
ko,납북인사가족협의회,expert,323,not_a_dictionary_headword,,2026-10-07
ko,냉각수공급이상현상이,expert,324,not_a_dictionary_headword,,2026-10-07
ko,네덜란드령이었지만,expert,325,not_a_dictionary_headword,,2026-10-07
ko,노동운동지도자들이,expert,326,not_a_dictionary_headword,,2026-10-07
ko,노동자대통령선거투쟁본부는,expert,327,not_a_dictionary_headword,,2026-10-07
ko,노르트라인베스트팔렌주,expert,328,not_a_dictionary_headword,,2026-10-07
ko,노보니콜라옙스크의,expert,329,not_a_dictionary_headword,,2026-10-07
ko,노브고로드인들에게,expert,330,not_a_dictionary_headword,,2026-10-07
ko,노사관계고위지도자연수사업,expert,331,not_a_dictionary_headword,,2026-10-07
ko,노스웨스트잉글랜드,expert,332,not_a_dictionary_headword,,2026-10-07
ko,노스이스트잉글랜드,expert,333,not_a_dictionary_headword,,2026-10-07
ko,노이즈캔슬링기술을,expert,334,not_a_dictionary_headword,,2026-10-07
ko,노트르담드그라스로,expert,335,not_a_dictionary_headword,,2026-10-07
ko,노티티아디그니타툼에,expert,336,not_a_dictionary_headword,,2026-10-07
ko,녹색환경지원센터에서,expert,337,not_a_dictionary_headword,,2026-10-07
ko,농림수산식품부장관,expert,338,not_a_dictionary_headword,,2026-10-07
ko,농림축산식품부령으로,expert,339,not_a_dictionary_headword,,2026-10-07
ko,농산물품질관리원에서,expert,340,not_a_dictionary_headword,,2026-10-07
ko,농업협동조합중앙회,expert,341,not_a_dictionary_headword,,2026-10-07
ko,농촌경제발전위원회,expert,342,not_a_dictionary_headword,,2026-10-07
ko,농촌재능나눔사업을,expert,343,not_a_dictionary_headword,,2026-10-07
ko,농협경제지주회사를,expert,344,not_a_dictionary_headword,,2026-10-07
ko,농협미래농업지원센터,expert,345,not_a_dictionary_headword,,2026-10-07
ko,누르마고메도프였다,expert,346,not_a_dictionary_headword,,2026-10-07
ko,누벨칼레도니어군의,expert,347,not_a_dictionary_headword,,2026-10-07
ko,뉴기니칼집꼬리박쥐라는,expert,348,not_a_dictionary_headword,,2026-10-07
ko,뉴사우스웨일스대학을,expert,349,not_a_dictionary_headword,,2026-10-07
ko,뉴욕한인회장으로서,expert,350,not_a_dictionary_headword,,2026-10-07
ko,뉴질랜드도마뱀붙이는,expert,351,not_a_dictionary_headword,,2026-10-07
ko,니시노미야나나엔의,expert,352,not_a_dictionary_headword,,2026-10-07
ko,니시노미야키타구치에서는,expert,353,not_a_dictionary_headword,,2026-10-07
ko,니주니노브고로드를,expert,354,not_a_dictionary_headword,,2026-10-07
ko,니콘이미징코리아의,expert,355,not_a_dictionary_headword,,2026-10-07
ko,닉음과의같복잡성은전자의,expert,356,not_a_dictionary_headword,,2026-10-07
ko,다대포해수욕장행과,expert,357,not_a_dictionary_headword,,2026-10-07
ko,다롄의과대학부속제일의원으로,expert,358,not_a_dictionary_headword,,2026-10-07
ko,다산과학기지에서는,expert,359,not_a_dictionary_headword,,2026-10-07
ko,다이쇼대례기념장과,expert,360,not_a_dictionary_headword,,2026-10-07
ko,다이페닐메탄다이이소사인화염과,expert,361,not_a_dictionary_headword,,2026-10-07
ko,다이하이드록시아세톤은,expert,362,not_a_dictionary_headword,,2026-10-07
ko,다큐멘터리영화로는,expert,363,not_a_dictionary_headword,,2026-10-07
ko,다키아트라키아어파,expert,364,not_a_dictionary_headword,,2026-10-07
ko,단기성실성검증조사는,expert,365,not_a_dictionary_headword,,2026-10-07
ko,단기성실성검증조사로,expert,366,not_a_dictionary_headword,,2026-10-07
ko,단순열공망막박리는,expert,367,not_a_dictionary_headword,,2026-10-07
ko,단순임의추출법으로,expert,368,not_a_dictionary_headword,,2026-10-07
ko,단좌형전투기체보다,expert,369,not_a_dictionary_headword,,2026-10-07
ko,당해유체동산가치에,expert,370,not_a_dictionary_headword,,2026-10-07
ko,대광보국숭록대부에,expert,371,not_a_dictionary_headword,,2026-10-07
ko,대구가톨릭대학병원을,expert,372,not_a_dictionary_headword,,2026-10-07
ko,대구경북과학기술원,expert,373,not_a_dictionary_headword,,2026-10-07
ko,대구공립고등보통학교에서,expert,374,not_a_dictionary_headword,,2026-10-07
ko,대구신암초등학교를,expert,375,not_a_dictionary_headword,,2026-10-07
ko,대구컨벤션관광뷰로,expert,376,not_a_dictionary_headword,,2026-10-07
ko,대규모무력충돌사건으로,expert,377,not_a_dictionary_headword,,2026-10-07
ko,대동아공영권건설과,expert,378,not_a_dictionary_headword,,2026-10-07
ko,대륙사관자들에게조차,expert,379,not_a_dictionary_headword,,2026-10-07
ko,대방광원각수다라요의경은,expert,380,not_a_dictionary_headword,,2026-10-07
ko,대북규탄결의안에도,expert,381,not_a_dictionary_headword,,2026-10-07
ko,대선승리전진대회를,expert,382,not_a_dictionary_headword,,2026-10-07
ko,대전애국지사숭모회가,expert,383,not_a_dictionary_headword,,2026-10-07
ko,대중목욕탕이었지만,expert,384,not_a_dictionary_headword,,2026-10-07
ko,대청호오리섬이라고도,expert,385,not_a_dictionary_headword,,2026-10-07
ko,대태평양회의한국외교후원회,expert,386,not_a_dictionary_headword,,2026-10-07
ko,대태평양회의한국외교후원회는,expert,387,not_a_dictionary_headword,,2026-10-07
ko,대통령중심제에서는,expert,388,not_a_dictionary_headword,,2026-10-07
ko,대통령지정기록물에서,expert,389,not_a_dictionary_headword,,2026-10-07
ko,대통합민주신당과의,expert,390,not_a_dictionary_headword,,2026-10-07
ko,대학수학능력시험으로,expert,391,not_a_dictionary_headword,,2026-10-07
ko,대한민국바로세우기국민운동본부,expert,392,not_a_dictionary_headword,,2026-10-07
ko,대한민국살리기나라사랑운동본부,expert,393,not_a_dictionary_headword,,2026-10-07
ko,대한민국역사박물관,expert,394,not_a_dictionary_headword,,2026-10-07
ko,대한민국연예예술상,expert,395,not_a_dictionary_headword,,2026-10-07
ko,대한민국임시정부가,expert,396,particle_attached,대한민국임시정부+가,2026-10-07
ko,대한민국임시정부의,expert,397,particle_attached,대한민국임시정부+의,2026-10-07
ko,대한아이스하키협회도,expert,398,not_a_dictionary_headword,,2026-10-07
ko,대훈위서성대수장을,expert,399,not_a_dictionary_headword,,2026-10-07
ko,더뮤지컬어워즈에서,expert,400,not_a_dictionary_headword,,2026-10-07
ko,더불어민주당으로선,expert,401,not_a_dictionary_headword,,2026-10-07
ko,더블유홀딩컴퍼니는,expert,402,not_a_dictionary_headword,,2026-10-07
ko,데이터베이스로부터,expert,403,particle_attached,데이터베이스+로부터,2026-10-07
ko,데이터베이스화해서,expert,404,not_a_dictionary_headword,,2026-10-07
ko,델쿠르큰도마뱀붙이가,expert,405,not_a_dictionary_headword,,2026-10-07
ko,도독옹양량등이십주제군사,expert,406,not_a_dictionary_headword,,2026-10-07
ko,도로표지종합관리센터에,expert,407,not_a_dictionary_headword,,2026-10-07
ko,도마뱀붙이류보다도,expert,408,not_a_dictionary_headword,,2026-10-07
ko,도서관운영사업소를,expert,409,not_a_dictionary_headword,,2026-10-07
ko,도시국가들에서부터,expert,410,not_a_dictionary_headword,,2026-10-07
ko,도청이전반대추진위원회,expert,411,not_a_dictionary_headword,,2026-10-07
ko,도쿄국제견본시회장이,expert,412,not_a_dictionary_headword,,2026-10-07
ko,독일연방방위군에서,expert,413,not_a_dictionary_headword,,2026-10-07
ko,동경조선고학생동우회에서,expert,414,not_a_dictionary_headword,,2026-10-07
ko,동남아시아연구센터의,expert,415,not_a_dictionary_headword,,2026-10-07
ko,동대문갑구선거위원회에,expert,416,not_a_dictionary_headword,,2026-10-07
ko,동물사랑실천협회는,expert,417,not_a_dictionary_headword,,2026-10-07
ko,동물생체해부반대운동가들은,expert,418,not_a_dictionary_headword,,2026-10-07
ko,동부일렉트로닉스는,expert,419,not_a_dictionary_headword,,2026-10-07
ko,동북항일연군교도려단,expert,420,not_a_dictionary_headword,,2026-10-07
ko,동아시안게임에서는,expert,421,not_a_dictionary_headword,,2026-10-07
ko,동양오리온투자신탁,expert,422,not_a_dictionary_headword,,2026-10-07
ko,동양척식주식회사의,expert,423,not_a_dictionary_headword,,2026-10-07
ko,동일방직사건긴급대책협의회를,expert,424,not_a_dictionary_headword,,2026-10-07
ko,동칼라하리어군에서는,expert,425,not_a_dictionary_headword,,2026-10-07
ko,되돌아갈수있게되어,expert,426,not_a_dictionary_headword,,2026-10-07
ko,두슈니키즈드루이에서,expert,427,not_a_dictionary_headword,,2026-10-07
ko,드니프로페트로우스크를,expert,428,not_a_dictionary_headword,,2026-10-07
ko,드림어스컴퍼니에서,expert,429,not_a_dictionary_headword,,2026-10-07
ko,디스코스포란기움목,expert,430,not_a_dictionary_headword,,2026-10-07
ko,디시인사이드에서도,expert,431,not_a_dictionary_headword,,2026-10-07
ko,디오클레티아누스로,expert,432,not_a_dictionary_headword,,2026-10-07
ko,디지털방송영상학과,expert,433,not_a_dictionary_headword,,2026-10-07
ko,디하이드로테스토스테론,expert,434,not_a_dictionary_headword,,2026-10-07
ko,딸기독화살개구리는,expert,435,not_a_dictionary_headword,,2026-10-07
ko,땅딸이도마뱀붙이류와,expert,436,not_a_dictionary_headword,,2026-10-07
ko,땅속줄기를뻗으면서,expert,437,not_a_dictionary_headword,,2026-10-07
ko,라도베르시에르였다,expert,438,not_a_dictionary_headword,,2026-10-07
ko,라디오주파수망원경을,expert,439,not_a_dictionary_headword,,2026-10-07
ko,라미드그룹으로부터,expert,440,not_a_dictionary_headword,,2026-10-07
ko,라오인민민주주의공화국의,expert,441,not_a_dictionary_headword,,2026-10-07
ko,라우디러프보이즈의,expert,442,not_a_dictionary_headword,,2026-10-07
ko,라이드오브발키리즈나,expert,443,not_a_dictionary_headword,,2026-10-07
ko,라이몬엔터테인먼트,expert,444,not_a_dictionary_headword,,2026-10-07
ko,라피네스크큰귀박쥐는,expert,445,not_a_dictionary_headword,,2026-10-07
ko,랙서코리코팔라페토리어스,expert,446,not_a_dictionary_headword,,2026-10-07
ko,러시아국립사회대학교는,expert,447,not_a_dictionary_headword,,2026-10-07
ko,레드클리프포인트로,expert,448,not_a_dictionary_headword,,2026-10-07
ko,레스트레이드에게서,expert,449,not_a_dictionary_headword,,2026-10-07
ko,레이저동위원소분리법,expert,450,not_a_dictionary_headword,,2026-10-07
ko,레이크사이드컨트리클럽이,expert,451,not_a_dictionary_headword,,2026-10-07
ko,레크리에이션용으로,expert,452,not_a_dictionary_headword,,2026-10-07
ko,로만므스티슬라비츠가,expert,453,not_a_dictionary_headword,,2026-10-07
ko,로버츠납작머리박쥐는,expert,454,not_a_dictionary_headword,,2026-10-07
ko,로베스피에르에게도,expert,455,not_a_dictionary_headword,,2026-10-07
ko,롯데엔터테인먼트로부터,expert,456,not_a_dictionary_headword,,2026-10-07
ko,루드비히미술관에서,expert,457,not_a_dictionary_headword,,2026-10-07
ko,루이스앤드클라크대,expert,458,not_a_dictionary_headword,,2026-10-07
ko,리베라대통령으로부터,expert,459,not_a_dictionary_headword,,2026-10-07
ko,리베르트볼크비츠에서,expert,460,not_a_dictionary_headword,,2026-10-07
ko,리오그란데밸리에서,expert,461,not_a_dictionary_headword,,2026-10-07
ko,리치몬드국제영화제에서,expert,462,not_a_dictionary_headword,,2026-10-07
ko,리프제도산타크루즈어족은,expert,463,not_a_dictionary_headword,,2026-10-07
ko,리플리컨트였다라는,expert,464,not_a_dictionary_headword,,2026-10-07
ko,마그니로스트리스는,expert,465,not_a_dictionary_headword,,2026-10-07
ko,마다가스카르에서는,expert,466,not_a_dictionary_headword,,2026-10-07
ko,마르스크주의자이기에,expert,467,not_a_dictionary_headword,,2026-10-07
ko,마르크란슈타트라는,expert,468,not_a_dictionary_headword,,2026-10-07
ko,마르크스주의로부터,expert,469,not_a_dictionary_headword,,2026-10-07
ko,마르크스주의자들도,expert,470,not_a_dictionary_headword,,2026-10-07
ko,마르크스주의자들에,expert,471,not_a_dictionary_headword,,2026-10-07
ko,마르크스주의자였다,expert,472,not_a_dictionary_headword,,2026-10-07
ko,마스크행성인들이다,expert,473,not_a_dictionary_headword,,2026-10-07
ko,마스토돈사우루스와,expert,474,not_a_dictionary_headword,,2026-10-07
ko,마시키중앙병원에서도,expert,475,not_a_dictionary_headword,,2026-10-07
ko,마애관음보살상으로,expert,476,not_a_dictionary_headword,,2026-10-07
ko,마우리타니아인들이,expert,477,not_a_dictionary_headword,,2026-10-07
ko,마이크로그라피아는,expert,478,not_a_dictionary_headword,,2026-10-07
ko,마이크로소프트사의,expert,479,not_a_dictionary_headword,,2026-10-07
ko,마이크로시스템즈만,expert,480,not_a_dictionary_headword,,2026-10-07
ko,마이크로아키텍처도,expert,481,not_a_dictionary_headword,,2026-10-07
ko,마이크로아키텍처의,expert,482,not_a_dictionary_headword,,2026-10-07
ko,마이크로컨트롤러가,expert,483,not_a_dictionary_headword,,2026-10-07
ko,마이크로콘트롤러가,expert,484,not_a_dictionary_headword,,2026-10-07
ko,마이크로크레디트를,expert,485,not_a_dictionary_headword,,2026-10-07
ko,마이크로프로세서나,expert,486,particle_attached,마이크로프로세서+나,2026-10-07
ko,마이크로프로세서를,expert,487,particle_attached,마이크로프로세서+를,2026-10-07
ko,마이크로필름으로만,expert,488,not_a_dictionary_headword,,2026-10-07
ko,마지스토로비치였다,expert,489,not_a_dictionary_headword,,2026-10-07
ko,만주독립항쟁역사유적지,expert,490,not_a_dictionary_headword,,2026-10-07
ko,매끈비늘도마뱀붙이의,expert,491,not_a_dictionary_headword,,2026-10-07
ko,매동공립보통학교를,expert,492,not_a_dictionary_headword,,2026-10-07
ko,매스커뮤니케이션으로는,expert,493,not_a_dictionary_headword,,2026-10-07
ko,맨체스터유나이티드의,expert,494,not_a_dictionary_headword,,2026-10-07
ko,메리엄주머니생쥐는,expert,495,not_a_dictionary_headword,,2026-10-07
ko,메이천박사저작선집,expert,496,not_a_dictionary_headword,,2026-10-07
ko,메타커뮤니케이션과,expert,497,not_a_dictionary_headword,,2026-10-07
ko,메트로폴리타노에서,expert,498,not_a_dictionary_headword,,2026-10-07
ko,멸종위기동식물보호법으로,expert,499,not_a_dictionary_headword,,2026-10-07
ko,명예이학박사학위를,expert,500,not_a_dictionary_headword,,2026-10-07
ko,명의대주교일경우는,expert,501,not_a_dictionary_headword,,2026-10-07
ko,모델이되기도했지만,expert,502,not_a_dictionary_headword,,2026-10-07
ko,모라토리움기간에서의,expert,503,not_a_dictionary_headword,,2026-10-07
ko,모라프스케발라슈스코,expert,504,not_a_dictionary_headword,,2026-10-07
ko,모리셔스무덤박쥐는,expert,505,not_a_dictionary_headword,,2026-10-07
ko,모사사우루스과였다,expert,506,not_a_dictionary_headword,,2026-10-07
ko,목조관음보살좌상에서는,expert,507,not_a_dictionary_headword,,2026-10-07
ko,목조비로자나불좌상,expert,508,not_a_dictionary_headword,,2026-10-07
ko,목조석가여래삼존좌상,expert,509,not_a_dictionary_headword,,2026-10-07
ko,목조석가여래삼존좌상은,expert,510,not_a_dictionary_headword,,2026-10-07
ko,목조아미타삼존불좌상은,expert,511,not_a_dictionary_headword,,2026-10-07
ko,목조지장보살좌상은,expert,512,not_a_dictionary_headword,,2026-10-07
ko,몬타누스주의자들에게,expert,513,not_a_dictionary_headword,,2026-10-07
ko,무기개발위원회에서,expert,514,not_a_dictionary_headword,,2026-10-07
ko,무산광산연합기업소,expert,515,not_a_dictionary_headword,,2026-10-07
ko,무인운송용항공기도,expert,516,not_a_dictionary_headword,,2026-10-07
ko,무형문화유산으로써,expert,517,not_a_dictionary_headword,,2026-10-07
ko,문하시랑동중서문하평장사,expert,518,not_a_dictionary_headword,,2026-10-07
ko,문학부종합심리학과,expert,519,not_a_dictionary_headword,,2026-10-07
ko,문헌정리법으로서의,expert,520,not_a_dictionary_headword,,2026-10-07
ko,문화미디어스포츠부,expert,521,not_a_dictionary_headword,,2026-10-07
ko,문화예술대학원에서,expert,522,not_a_dictionary_headword,,2026-10-07
ko,문화예술체육분야에,expert,523,not_a_dictionary_headword,,2026-10-07
ko,문화예술행정특보위원,expert,524,not_a_dictionary_headword,,2026-10-07
ko,문화체육관광부령으로,expert,525,not_a_dictionary_headword,,2026-10-07
ko,문화체육관광부로부터,expert,526,particle_attached,문화체육관광부+로부터,2026-10-07
ko,문화체육관광부장관의,expert,527,not_a_dictionary_headword,,2026-10-07
ko,문화체육활동부서는,expert,528,not_a_dictionary_headword,,2026-10-07
ko,물질주의적이라든가,expert,529,not_a_dictionary_headword,,2026-10-07
ko,뭉구스여우원숭이는,expert,530,not_a_dictionary_headword,,2026-10-07
ko,뮤직비디오에서부터,expert,531,particle_attached,뮤직비디오+에서부터,2026-10-07
ko,미국교육연구협회의,expert,532,not_a_dictionary_headword,,2026-10-07
ko,미국아마추어무선연맹,expert,533,not_a_dictionary_headword,,2026-10-07
ko,미국유태인학살기념관에서,expert,534,not_a_dictionary_headword,,2026-10-07
ko,미국임상영양저널에,expert,535,not_a_dictionary_headword,,2026-10-07
ko,미도리노마도구치는,expert,536,not_a_dictionary_headword,,2026-10-07
ko,미디어전문프로그램,expert,537,not_a_dictionary_headword,,2026-10-07
ko,미래에셋박현주재단은,expert,538,not_a_dictionary_headword,,2026-10-07
ko,미래창조과학부에서,expert,539,particle_attached,미래창조과학부+에서,2026-10-07
ko,미래창조과학부장관은,expert,540,not_a_dictionary_headword,,2026-10-07
ko,미소공동위원회에서,expert,541,not_a_dictionary_headword,,2026-10-07
ko,미카사노미야에게서,expert,542,not_a_dictionary_headword,,2026-10-07
ko,믹테카키후아틀에게,expert,543,not_a_dictionary_headword,,2026-10-07
ko,민자유치개발사업이,expert,544,not_a_dictionary_headword,,2026-10-07
ko,민족해방민중민주주의혁명론,expert,545,not_a_dictionary_headword,,2026-10-07
ko,민족화해위원회에서는,expert,546,not_a_dictionary_headword,,2026-10-07
ko,민주화운동기념사업회가,expert,548,not_a_dictionary_headword,,2026-10-07
ko,밀도의존성이론이다,expert,549,not_a_dictionary_headword,,2026-10-07
ko,바실리에프스키섬의,expert,550,not_a_dictionary_headword,,2026-10-07
ko,바이올리니스트라면,expert,551,not_a_dictionary_headword,,2026-10-07
ko,바이올리니스트로서,expert,552,particle_attached,바이올리니스트+로서,2026-10-07
ko,바이올리니스트로서는,expert,553,not_a_dictionary_headword,,2026-10-07
ko,바이올리니스트와의,expert,554,particle_attached,바이올리니스트+와의,2026-10-07
ko,박길룡건축사무소를,expert,555,not_a_dictionary_headword,,2026-10-07
ko,반고서원유허비실기,expert,556,not_a_dictionary_headword,,2026-10-07
ko,반기독교주의에서의,expert,557,not_a_dictionary_headword,,2026-10-07
ko,반상변정화강암내에,expert,558,not_a_dictionary_headword,,2026-10-07
ko,반세계아이들이라고,expert,559,not_a_dictionary_headword,,2026-10-07
ko,반전자교환방식이라,expert,560,not_a_dictionary_headword,,2026-10-07
ko,반제반봉건민주주의혁명이라는,expert,561,not_a_dictionary_headword,,2026-10-07
ko,발전하기시작하여서,expert,562,not_a_dictionary_headword,,2026-10-07
ko,발표하면서부터이다,expert,563,not_a_dictionary_headword,,2026-10-07
ko,방과후학습지원시설인,expert,564,not_a_dictionary_headword,,2026-10-07
ko,방사선환경영향평가서,expert,565,not_a_dictionary_headword,,2026-10-07
ko,방송개혁시민연대는,expert,566,not_a_dictionary_headword,,2026-10-07
ko,방송광고균형발전위원회,expert,567,not_a_dictionary_headword,,2026-10-07
ko,방송기재메이커와의,expert,568,not_a_dictionary_headword,,2026-10-07
ko,방송심의소위원회에서,expert,569,not_a_dictionary_headword,,2026-10-07
ko,방송영상산업발전부문,expert,570,not_a_dictionary_headword,,2026-10-07
ko,방송통신심의위원들은,expert,571,not_a_dictionary_headword,,2026-10-07
ko,방송통신심의위원회,expert,572,not_a_dictionary_headword,,2026-10-07
ko,방송통신심의위원회가,expert,573,not_a_dictionary_headword,,2026-10-07
ko,방송통신심의위원회로부터,expert,574,not_a_dictionary_headword,,2026-10-07
ko,방재과학기술연구소의,expert,575,not_a_dictionary_headword,,2026-10-07
ko,배구자무용연구소를,expert,576,not_a_dictionary_headword,,2026-10-07
ko,배아줄기세포로부터,expert,577,not_a_dictionary_headword,,2026-10-07
ko,백두대간사치재터널,expert,578,not_a_dictionary_headword,,2026-10-07
ko,백운계곡국민관광지는,expert,579,not_a_dictionary_headword,,2026-10-07
ko,백인노예수출금지법이,expert,580,not_a_dictionary_headword,,2026-10-07
ko,백지묵서묘법연화경,expert,581,not_a_dictionary_headword,,2026-10-07
ko,밸리주머니고퍼라는,expert,582,not_a_dictionary_headword,,2026-10-07
ko,버스승차장으로부터,expert,583,not_a_dictionary_headword,,2026-10-07
ko,버프엔터테인먼트에서,expert,584,not_a_dictionary_headword,,2026-10-07
ko,버프엔터테인먼트의,expert,585,not_a_dictionary_headword,,2026-10-07
ko,범말레이시아이슬람당,expert,586,not_a_dictionary_headword,,2026-10-07
ko,법부조사위원장으로,expert,587,not_a_dictionary_headword,,2026-10-07
ko,법안심사위원회에서는,expert,588,not_a_dictionary_headword,,2026-10-07
ko,법제사법위원장직을,expert,589,not_a_dictionary_headword,,2026-10-07
ko,법학전문대학원장의,expert,590,not_a_dictionary_headword,,2026-10-07
ko,법학전문대학원협의회에,expert,591,not_a_dictionary_headword,,2026-10-07
ko,베닝로신도복음교회홀이,expert,592,not_a_dictionary_headword,,2026-10-07
ko,베르겐아우프뤼겐을,expert,593,not_a_dictionary_headword,,2026-10-07
ko,베스트팔렌콜레그에서,expert,594,not_a_dictionary_headword,,2026-10-07
ko,베타락탐분해효소를,expert,595,not_a_dictionary_headword,,2026-10-07
ko,벤조디아제핀계통과,expert,596,not_a_dictionary_headword,,2026-10-07
ko,변리삼구통상대신과,expert,597,not_a_dictionary_headword,,2026-10-07
ko,변리오구통상대신을,expert,598,not_a_dictionary_headword,,2026-10-07
ko,병영문화혁신위원회,expert,599,not_a_dictionary_headword,,2026-10-07
ko,보건복지가족위원회,expert,600,not_a_dictionary_headword,,2026-10-07
ko,보건복지부장관에게,expert,601,not_a_dictionary_headword,,2026-10-07
ko,보건의료정보관리사는,expert,602,not_a_dictionary_headword,,2026-10-07
ko,보건의료제품규제청에서는,expert,603,not_a_dictionary_headword,,2026-10-07
ko,보궐선거시행영장을,expert,604,not_a_dictionary_headword,,2026-10-07
ko,보르네오늘보로리스,expert,605,not_a_dictionary_headword,,2026-10-07
ko,보성고등보통학교를,expert,606,not_a_dictionary_headword,,2026-10-07
ko,보이치에호프스키의,expert,607,not_a_dictionary_headword,,2026-10-07
ko,보통휘석데이사이트,expert,608,not_a_dictionary_headword,,2026-10-07
ko,복수저장탱크로부터,expert,609,not_a_dictionary_headword,,2026-10-07
ko,복자여자고등학교에서,expert,610,not_a_dictionary_headword,,2026-10-07
ko,복합문화체육공간으로,expert,611,not_a_dictionary_headword,,2026-10-07
ko,복합커뮤니티센터를,expert,612,not_a_dictionary_headword,,2026-10-07
ko,본격화되면서부터였다,expert,613,not_a_dictionary_headword,,2026-10-07
ko,볼프스부르크에서의,expert,614,not_a_dictionary_headword,,2026-10-07
ko,부당이득반환청구권이,expert,615,not_a_dictionary_headword,,2026-10-07
ko,부동산자산관리사는,expert,616,not_a_dictionary_headword,,2026-10-07
ko,부르주아민주주의의,expert,617,not_a_dictionary_headword,,2026-10-07
ko,부리부리자에몽이다,expert,618,not_a_dictionary_headword,,2026-10-07
ko,부산글로벌빌리지와,expert,619,not_a_dictionary_headword,,2026-10-07
ko,부산시민운동지원센터는,expert,620,not_a_dictionary_headword,,2026-10-07
ko,부산외국어대학교에서,expert,621,not_a_dictionary_headword,,2026-10-07
ko,부산청년비엔날레의,expert,622,not_a_dictionary_headword,,2026-10-07
ko,부에노스아이레스를,expert,623,not_a_dictionary_headword,,2026-10-07
ko,부에노스아이레스에서,expert,624,not_a_dictionary_headword,,2026-10-07
ko,부에노스아이레스와의,expert,625,not_a_dictionary_headword,,2026-10-07
ko,부에노스아이레스의,expert,626,not_a_dictionary_headword,,2026-10-07
ko,부족자문위원회에서는,expert,627,not_a_dictionary_headword,,2026-10-07
ko,북구비정규직센터는,expert,628,not_a_dictionary_headword,,2026-10-07
ko,북미사무협조위원회,expert,629,not_a_dictionary_headword,,2026-10-07
ko,북스칸디나비아반도,expert,630,not_a_dictionary_headword,,2026-10-07
ko,북중카프카스어족에,expert,631,not_a_dictionary_headword,,2026-10-07
ko,북파공작원이었다는,expert,632,not_a_dictionary_headword,,2026-10-07
ko,분적이적군기밀누설,expert,633,not_a_dictionary_headword,,2026-10-07
ko,불과원오선사벽암록,expert,634,not_a_dictionary_headword,,2026-10-07
ko,붉은배여우원숭이는,expert,635,not_a_dictionary_headword,,2026-10-07
ko,브라고베시첸스크로,expert,636,not_a_dictionary_headword,,2026-10-07
ko,브라키오사우루스와,expert,637,not_a_dictionary_headword,,2026-10-07
ko,브로드웨이에서조차도,expert,638,not_a_dictionary_headword,,2026-10-07
ko,블라디보스토크에서,expert,639,particle_attached,블라디보스토크+에서,2026-10-07
ko,비너노이슈타트라는,expert,640,not_a_dictionary_headword,,2026-10-07
ko,비로자나불상으로서,expert,641,not_a_dictionary_headword,,2026-10-07
ko,비로자나삼불회도로서,expert,642,not_a_dictionary_headword,,2026-10-07
ko,비상대책위원장으로,expert,643,not_a_dictionary_headword,,2026-10-07
ko,비야데라산티시마트리니다드,expert,644,not_a_dictionary_headword,,2026-10-07
ko,비해당소상팔경시첩,expert,645,not_a_dictionary_headword,,2026-10-07
ko,사다리형만기전략과는,expert,646,not_a_dictionary_headword,,2026-10-07
ko,사립일반고등학교나,expert,647,not_a_dictionary_headword,,2026-10-07
ko,사마이트납작꼬리는,expert,648,not_a_dictionary_headword,,2026-10-07
ko,사오토메학원에서의,expert,649,not_a_dictionary_headword,,2026-10-07
ko,사용자들에게까지도,expert,650,not_a_dictionary_headword,,2026-10-07
ko,사우디아라비아에서,expert,651,particle_attached,사우디아라비아+에서,2026-10-07
ko,사우스바이사우스웨스트에,expert,652,not_a_dictionary_headword,,2026-10-07
ko,사우스오스트레일리아주,expert,653,not_a_dictionary_headword,,2026-10-07
ko,사우스이스트잉글랜드,expert,654,not_a_dictionary_headword,,2026-10-07
ko,사우스캐롤라이나에,expert,655,not_a_dictionary_headword,,2026-10-07
ko,사우스캐롤라이나에서는,expert,656,not_a_dictionary_headword,,2026-10-07
ko,사우스캐롤라이나의,expert,657,not_a_dictionary_headword,,2026-10-07
ko,사이버문화위원장을,expert,658,not_a_dictionary_headword,,2026-10-07
ko,사이버스페이스에는,expert,659,not_a_dictionary_headword,,2026-10-07
ko,사이버테러대응센터에,expert,660,not_a_dictionary_headword,,2026-10-07
ko,사이버테러리스트는,expert,661,not_a_dictionary_headword,,2026-10-07
ko,사전지진위험평가에,expert,662,not_a_dictionary_headword,,2026-10-07
ko,사태대처전문위원회가,expert,663,not_a_dictionary_headword,,2026-10-07
ko,사회구성주의자들은,expert,664,not_a_dictionary_headword,,2026-10-07
ko,사회구성주의자들이,expert,665,not_a_dictionary_headword,,2026-10-07
ko,사회민주주의자들을,expert,666,not_a_dictionary_headword,,2026-10-07
ko,사회민주주의자들의,expert,667,not_a_dictionary_headword,,2026-10-07
ko,사회민주주의자와의,expert,668,not_a_dictionary_headword,,2026-10-07
ko,사회민주진보동맹과,expert,669,not_a_dictionary_headword,,2026-10-07
ko,사회보장기본법에서는,expert,670,not_a_dictionary_headword,,2026-10-07
ko,사회적참사연대사업을,expert,671,not_a_dictionary_headword,,2026-10-07
ko,사회주의노동자당과,expert,672,not_a_dictionary_headword,,2026-10-07
ko,사히아드리스숲쥐가,expert,673,not_a_dictionary_headword,,2026-10-07
ko,사히아드리스숲쥐는,expert,674,not_a_dictionary_headword,,2026-10-07
ko,산도나토밀라네세와의,expert,675,not_a_dictionary_headword,,2026-10-07
ko,산둥반도에서초계임무를,expert,676,not_a_dictionary_headword,,2026-10-07
ko,산업통상자원부장관과,expert,677,not_a_dictionary_headword,,2026-10-07
ko,산자비에르전도시설,expert,678,not_a_dictionary_headword,,2026-10-07
ko,산트리미스테리대상,expert,679,not_a_dictionary_headword,,2026-10-07
ko,살구색고회암분층은,expert,680,not_a_dictionary_headword,,2026-10-07
ko,삼성문화재단으로부터,expert,681,not_a_dictionary_headword,,2026-10-07
ko,삼성바이오로직스의,expert,682,not_a_dictionary_headword,,2026-10-07
ko,삼성바이오에피스를,expert,683,not_a_dictionary_headword,,2026-10-07
ko,삼십본산연합사무소,expert,684,not_a_dictionary_headword,,2026-10-07
ko,삼전사체십이행법륜,expert,685,not_a_dictionary_headword,,2026-10-07
ko,삼파연합정견협정위원으로,expert,686,not_a_dictionary_headword,,2026-10-07
ko,삼향읍출장사무소가,expert,687,not_a_dictionary_headword,,2026-10-07
ko,상록호텔조리직업전문학교에서,expert,688,not_a_dictionary_headword,,2026-10-07
ko,상소권회복신청서를,expert,689,not_a_dictionary_headword,,2026-10-07
ko,상조서비스회사마다,expert,690,not_a_dictionary_headword,,2026-10-07
ko,상주농잠고등학교와,expert,691,not_a_dictionary_headword,,2026-10-07
ko,상주시민단체협의회,expert,692,not_a_dictionary_headword,,2026-10-07
ko,상트페테르부르크로,expert,693,particle_attached,상트페테르부르크+로,2026-10-07
ko,상트페테르부르크로부터,expert,694,particle_attached,상트페테르부르크+로부터,2026-10-07
ko,상트페테르스부르크의,expert,695,not_a_dictionary_headword,,2026-10-07
ko,상해고려교민친목회,expert,696,not_a_dictionary_headword,,2026-10-07
ko,상해임시정부청사가,expert,697,not_a_dictionary_headword,,2026-10-07
ko,상해촉성회집행위원이,expert,698,not_a_dictionary_headword,,2026-10-07
ko,상호군수지원협정은,expert,699,not_a_dictionary_headword,,2026-10-07
ko,생명의말씀선교회는,expert,700,not_a_dictionary_headword,,2026-10-07
ko,생산자조합운동으로부터,expert,701,not_a_dictionary_headword,,2026-10-07
ko,생세베르서앵드르에서,expert,702,not_a_dictionary_headword,,2026-10-07
ko,생활지도부장으로부터,expert,703,not_a_dictionary_headword,,2026-10-07
ko,섀턱세인트메리스에서,expert,704,not_a_dictionary_headword,,2026-10-07
ko,서부마운틴코아티는,expert,705,not_a_dictionary_headword,,2026-10-07
ko,서산농공업고등학교,expert,706,not_a_dictionary_headword,,2026-10-07
ko,서산부석사제자리봉안위원회,expert,707,not_a_dictionary_headword,,2026-10-07
ko,서울과학종합대학원,expert,708,not_a_dictionary_headword,,2026-10-07
ko,서울과학종합대학원대학교,expert,709,not_a_dictionary_headword,,2026-10-07
ko,서울국제실험영화페스티벌은,expert,710,not_a_dictionary_headword,,2026-10-07
ko,서울독립영화제에서,expert,711,not_a_dictionary_headword,,2026-10-07
ko,서울무역전시장이었다,expert,712,not_a_dictionary_headword,,2026-10-07
ko,서울민간방송이라는,expert,713,not_a_dictionary_headword,,2026-10-07
ko,서울사이버대학교의,expert,714,not_a_dictionary_headword,,2026-10-07
ko,서울서부지방법원에서,expert,715,not_a_dictionary_headword,,2026-10-07
ko,서울소방방재본부장,expert,716,not_a_dictionary_headword,,2026-10-07
ko,서울시교육연수원과,expert,717,not_a_dictionary_headword,,2026-10-07
ko,서울시민문화단체연석회의는,expert,718,not_a_dictionary_headword,,2026-10-07
ko,서울시정개발연구원이,expert,719,not_a_dictionary_headword,,2026-10-07
ko,서울여자의과대학부속병원,expert,720,not_a_dictionary_headword,,2026-10-07
ko,서울외곽순환고속도로나,expert,721,not_a_dictionary_headword,,2026-10-07
ko,서울웹툰아카데미에서,expert,722,not_a_dictionary_headword,,2026-10-07
ko,서울중앙지법원장과,expert,723,not_a_dictionary_headword,,2026-10-07
ko,서울지방행정법원의,expert,724,not_a_dictionary_headword,,2026-10-07
ko,서울팝스오케스트라,expert,725,not_a_dictionary_headword,,2026-10-07
ko,서울형사지방법원에서,expert,726,not_a_dictionary_headword,,2026-10-07
ko,서울형사지법으로부터,expert,727,not_a_dictionary_headword,,2026-10-07
ko,서태평양지역사무처에서,expert,728,not_a_dictionary_headword,,2026-10-07
ko,서태평양지역사무처의,expert,729,not_a_dictionary_headword,,2026-10-07
ko,서해안고속도로에는,expert,730,not_a_dictionary_headword,,2026-10-07
ko,서해위성발사장에서는,expert,731,not_a_dictionary_headword,,2026-10-07
ko,서해지방해양경찰청,expert,732,not_a_dictionary_headword,,2026-10-07
ko,석유식량프로그램과,expert,733,not_a_dictionary_headword,,2026-10-07
ko,선거숙정중앙연맹을,expert,734,not_a_dictionary_headword,,2026-10-07
ko,선거전략기획본부장으로,expert,735,not_a_dictionary_headword,,2026-10-07
ko,선상부재자신고서를,expert,736,not_a_dictionary_headword,,2026-10-07
ko,선천공립보통학교가,expert,737,not_a_dictionary_headword,,2026-10-07
ko,선호투표제하에서의,expert,738,not_a_dictionary_headword,,2026-10-07
ko,선화에술중고등학교,expert,739,not_a_dictionary_headword,,2026-10-07
ko,성폭력특별위원회를,expert,740,not_a_dictionary_headword,,2026-10-07
ko,세계가치조사협회에,expert,741,not_a_dictionary_headword,,2026-10-07
ko,세계문화페스티벌은,expert,742,not_a_dictionary_headword,,2026-10-07
ko,세계미술평론가협회,expert,743,not_a_dictionary_headword,,2026-10-07
ko,세계아마바둑선수권대회에,expert,744,not_a_dictionary_headword,,2026-10-07
ko,세계어린이만화가대회,expert,745,not_a_dictionary_headword,,2026-10-07
ko,세계유산위원회에서,expert,746,not_a_dictionary_headword,,2026-10-07
ko,세계인민평화대회에,expert,747,not_a_dictionary_headword,,2026-10-07
ko,세계청년화가대회에,expert,748,not_a_dictionary_headword,,2026-10-07
ko,세계청소년바둑대회,expert,749,not_a_dictionary_headword,,2026-10-07
ko,세계한국어방송인대회에서,expert,750,not_a_dictionary_headword,,2026-10-07
ko,세립흑운모화강암이,expert,751,not_a_dictionary_headword,,2026-10-07
ko,세인트루이스캠퍼스,expert,752,not_a_dictionary_headword,,2026-10-07
ko,세인트오거스틴에서,expert,753,not_a_dictionary_headword,,2026-10-07
ko,세인트피터즈버그로,expert,754,not_a_dictionary_headword,,2026-10-07
ko,세종북경투자자문유한회사를,expert,755,not_a_dictionary_headword,,2026-10-07
ko,세종특별자치시장이,expert,756,not_a_dictionary_headword,,2026-10-07
ko,세줄무늬올빼미원숭이는,expert,757,not_a_dictionary_headword,,2026-10-07
ko,세케슈페헤르바르에,expert,758,not_a_dictionary_headword,,2026-10-07
ko,세포유전자치료제이다,expert,759,not_a_dictionary_headword,,2026-10-07
ko,세포응용연구사업단이,expert,760,not_a_dictionary_headword,,2026-10-07
ko,셀프프로듀서앨범으로,expert,761,not_a_dictionary_headword,,2026-10-07
ko,소방발전협의회장을,expert,762,not_a_dictionary_headword,,2026-10-07
ko,소방용고무내장호스,expert,763,not_a_dictionary_headword,,2026-10-07
ko,소비에트인민연방공화국이,expert,764,not_a_dictionary_headword,,2026-10-07
ko,소셜네트워킹서비스,expert,765,not_a_dictionary_headword,,2026-10-07
ko,소유권이전등기청구권보전의,expert,766,not_a_dictionary_headword,,2026-10-07
ko,소프트뱅크벤처스아시아,expert,767,not_a_dictionary_headword,,2026-10-07
ko,소프트웨어정책연구소,expert,768,not_a_dictionary_headword,,2026-10-07
ko,소프트웨어중심사업단,expert,769,not_a_dictionary_headword,,2026-10-07
ko,송도고등보통학교가,expert,770,not_a_dictionary_headword,,2026-10-07
ko,수도의과대학부속병원,expert,771,not_a_dictionary_headword,,2026-10-07
ko,수력발전소로부터의,expert,772,not_a_dictionary_headword,,2026-10-07
ko,수석경제학자직에서,expert,773,not_a_dictionary_headword,,2026-10-07
ko,수석비서관회의에서,expert,774,not_a_dictionary_headword,,2026-10-07
ko,수출산업공업단지와,expert,775,not_a_dictionary_headword,,2026-10-07
ko,순위프로그램이었던,expert,776,not_a_dictionary_headword,,2026-10-07
ko,순천만국제정원박람회,expert,777,not_a_dictionary_headword,,2026-10-07
ko,쉐마목회자클리닉을,expert,778,not_a_dictionary_headword,,2026-10-07
ko,슈라바나벨라골라에서,expert,779,not_a_dictionary_headword,,2026-10-07
ko,슈페리어갤러리에서,expert,780,not_a_dictionary_headword,,2026-10-07
ko,슈프락헨아틀리에의,expert,781,not_a_dictionary_headword,,2026-10-07
ko,슐레스비히홀슈타인,expert,782,not_a_dictionary_headword,,2026-10-07
ko,슐레스비히홀슈타인주,expert,783,not_a_dictionary_headword,,2026-10-07
ko,스윕스테익스로부터,expert,784,not_a_dictionary_headword,,2026-10-07
ko,스클레로모클루스와,expert,785,not_a_dictionary_headword,,2026-10-07
ko,스클레로모클루스의,expert,786,not_a_dictionary_headword,,2026-10-07
ko,스타크래프트에서는,expert,787,not_a_dictionary_headword,,2026-10-07
ko,스테레오스폰딜에서부터,expert,788,not_a_dictionary_headword,,2026-10-07
ko,스텔스순항공대지미사일인,expert,789,not_a_dictionary_headword,,2026-10-07
ko,스트라디바리우스의,expert,790,not_a_dictionary_headword,,2026-10-07
ko,스트라스부르그에는,expert,791,not_a_dictionary_headword,,2026-10-07
ko,스트라이크아웃에서,expert,792,not_a_dictionary_headword,,2026-10-07
ko,드레,expert,795,not_a_dictionary_headword,,2026-10-07
ko,드셨,expert,796,not_a_dictionary_headword,,2026-10-07
ko,라든가,expert,798,not_a_dictionary_headword,,2026-10-07
ko,로렌스,expert,800,not_a_dictionary_headword,,2026-10-07
ko,룽,expert,801,not_a_dictionary_headword,,2026-10-07
ko,리트,expert,802,not_a_dictionary_headword,,2026-10-07
ko,물려받,expert,807,fragment,물려받다,2026-10-07
ko,미묘,expert,808,not_a_dictionary_headword,,2026-10-07
ko,바꿔야,expert,810,not_a_dictionary_headword,,2026-10-07
ko,베트,expert,815,not_a_dictionary_headword,,2026-10-07
ko,벨라,expert,816,inflected_sentence_form,벨+라,2026-10-07
ko,보이즈,expert,819,not_a_dictionary_headword,,2026-10-07
ko,부럽,expert,821,fragment,부럽다,2026-10-07
ko,블랙잭,expert,824,not_a_dictionary_headword,,2026-10-07
ko,뽀,expert,826,not_a_dictionary_headword,,2026-10-07
ko,살피,expert,828,fragment,살피다,2026-10-07
ko,스가,expert,835,not_a_dictionary_headword,,2026-10-07
ko,스릴러,expert,836,not_a_dictionary_headword,,2026-10-07
ko,아사히,expert,839,not_a_dictionary_headword,,2026-10-07
ko,에드,expert,843,not_a_dictionary_headword,,2026-10-07
ko,에이전트,expert,844,not_a_dictionary_headword,,2026-10-07
ko,엔드,expert,845,not_a_dictionary_headword,,2026-10-07
ko,엘레,expert,846,not_a_dictionary_headword,,2026-10-07
ko,여겼,expert,847,not_a_dictionary_headword,,2026-10-07
ko,오너,expert,851,not_a_dictionary_headword,,2026-10-07
ko,유우,expert,855,not_a_dictionary_headword,,2026-10-07
ko,이소,expert,856,not_a_dictionary_headword,,2026-10-07
ko,이재명,expert,857,not_a_dictionary_headword,,2026-10-07
ko,저스틴,expert,864,not_a_dictionary_headword,,2026-10-07
ko,제프리,expert,870,not_a_dictionary_headword,,2026-10-07
ko,젬,expert,871,not_a_dictionary_headword,,2026-10-07
ko,카마,expert,879,not_a_dictionary_headword,,2026-10-07
ko,커스,expert,882,not_a_dictionary_headword,,2026-10-07
ko,콘솔,expert,883,not_a_dictionary_headword,,2026-10-07
ko,토이,expert,885,particle_attached,토+이,2026-10-07
ko,파파,expert,887,not_a_dictionary_headword,,2026-10-07
ko,하찮,expert,895,fragment,하찮다,2026-10-07
ko,한다며,expert,896,not_a_dictionary_headword,,2026-10-07
ko,합니다만,expert,897,not_a_dictionary_headword,,2026-10-07
ko,헌터,expert,898,not_a_dictionary_headword,,2026-10-07
ko,홈즈,expert,900,not_a_dictionary_headword,,2026-10-07
ko,갈아입,expert,906,fragment,갈아입다,2026-10-07
ko,관대,expert,918,not_a_dictionary_headword,,2026-10-07
ko,그럴까,expert,922,inflected_sentence_form,그럴+까,2026-10-07
ko,나와야,expert,925,not_a_dictionary_headword,,2026-10-07
ko,네일,expert,926,not_a_dictionary_headword,,2026-10-07
ko,대한항공,expert,934,not_a_dictionary_headword,,2026-10-07
ko,디테일,expert,940,not_a_dictionary_headword,,2026-10-07
ko,레즈,expert,944,not_a_dictionary_headword,,2026-10-07
ko,뤼,expert,945,not_a_dictionary_headword,,2026-10-07
ko,마인,expert,946,particle_attached,마+인,2026-10-07
ko,무주,expert,950,not_a_dictionary_headword,,2026-10-07
ko,벳,expert,956,not_a_dictionary_headword,,2026-10-07
ko,봤었,expert,958,not_a_dictionary_headword,,2026-10-07
ko,빈센트,expert,960,not_a_dictionary_headword,,2026-10-07
ko,생겨나,expert,965,fragment,생겨나다,2026-10-07
ko,숙이,expert,972,fragment,숙이다,2026-10-07
ko,스타트,expert,974,not_a_dictionary_headword,,2026-10-07
ko,스튜어트,expert,975,not_a_dictionary_headword,,2026-10-07
ko,아이즈,expert,981,not_a_dictionary_headword,,2026-10-07
ko,야동,expert,983,not_a_dictionary_headword,,2026-10-07
ko,오키,expert,985,not_a_dictionary_headword,,2026-10-07
ko,온다고,expert,986,not_a_dictionary_headword,,2026-10-07
ko,위크,expert,990,not_a_dictionary_headword,,2026-10-07
ko,제이크,expert,1001,not_a_dictionary_headword,,2026-10-07
ko,주무세요,expert,1003,inflected_sentence_form,주무+세요,2026-10-07
ko,지기,expert,1009,inflected_sentence_form,지+기,2026-10-07
ko,질렀,expert,1012,not_a_dictionary_headword,,2026-10-07
ko,챔피언십,expert,1014,not_a_dictionary_headword,,2026-10-07
ko,트루,expert,1021,not_a_dictionary_headword,,2026-10-07
ko,페스,expert,1024,not_a_dictionary_headword,,2026-10-07
ko,하리,expert,1025,not_a_dictionary_headword,,2026-10-07
ko,한단,expert,1027,not_a_dictionary_headword,,2026-10-07
ko,건데요,expert,1034,not_a_dictionary_headword,,2026-10-07
ko,경산,expert,1036,not_a_dictionary_headword,,2026-10-07
ko,글리,expert,1042,not_a_dictionary_headword,,2026-10-07
ko,끌리,expert,1044,fragment,끌리다,2026-10-07
ko,니나,expert,1049,particle_attached,니+나,2026-10-07
ko,다녀온,expert,1050,not_a_dictionary_headword,,2026-10-07
ko,동아일보,expert,1053,not_a_dictionary_headword,,2026-10-07
ko,떠서,expert,1056,not_a_dictionary_headword,,2026-10-07
ko,라마,expert,1058,not_a_dictionary_headword,,2026-10-07
ko,랙,expert,1059,not_a_dictionary_headword,,2026-10-07
ko,럭,expert,1060,not_a_dictionary_headword,,2026-10-07
ko,레이어,expert,1061,not_a_dictionary_headword,,2026-10-07
ko,렙,expert,1062,not_a_dictionary_headword,,2026-10-07
ko,로스트,expert,1064,not_a_dictionary_headword,,2026-10-07
ko,로이,expert,1065,particle_attached,로+이,2026-10-07
ko,루스,expert,1067,not_a_dictionary_headword,,2026-10-07
ko,리얼리티,expert,1068,not_a_dictionary_headword,,2026-10-07
ko,맞췄,expert,1070,not_a_dictionary_headword,,2026-10-07
ko,모른다고,expert,1074,not_a_dictionary_headword,,2026-10-07
ko,무서워서,expert,1076,not_a_dictionary_headword,,2026-10-07
ko,미츠,expert,1078,not_a_dictionary_headword,,2026-10-07
ko,박원순,expert,1080,not_a_dictionary_headword,,2026-10-07
ko,배워야,expert,1085,not_a_dictionary_headword,,2026-10-07
ko,볶,expert,1088,fragment,볶다,2026-10-07
ko,비우,expert,1092,fragment,비우다,2026-10-07
ko,사악,expert,1095,not_a_dictionary_headword,,2026-10-07
ko,살아왔,expert,1096,not_a_dictionary_headword,,2026-10-07
ko,수퍼,expert,1104,not_a_dictionary_headword,,2026-10-07
ko,스타워즈,expert,1106,not_a_dictionary_headword,,2026-10-07
ko,슬퍼하,expert,1107,fragment,슬퍼하다,2026-10-07
ko,시네마,expert,1108,not_a_dictionary_headword,,2026-10-07
ko,써먹,expert,1110,fragment,써먹다,2026-10-07
ko,알아내,expert,1111,fragment,알아내다,2026-10-07
ko,어려웠,expert,1115,not_a_dictionary_headword,,2026-10-07
ko,열린다,expert,1119,inflected_sentence_form,열린+다,2026-10-07
ko,오스,expert,1120,not_a_dictionary_headword,,2026-10-07
ko,이산화,expert,1124,not_a_dictionary_headword,,2026-10-07
ko,이어진,expert,1125,not_a_dictionary_headword,,2026-10-07
ko,전주시,expert,1134,not_a_dictionary_headword,,2026-10-07
ko,조던,expert,1138,inflected_sentence_form,조+던,2026-10-07
ko,초이스,expert,1145,not_a_dictionary_headword,,2026-10-07
ko,케이지,expert,1148,not_a_dictionary_headword,,2026-10-07
ko,코프,expert,1149,not_a_dictionary_headword,,2026-10-07
ko,키드,expert,1150,not_a_dictionary_headword,,2026-10-07
ko,타임즈,expert,1152,not_a_dictionary_headword,,2026-10-07
ko,투스,expert,1153,not_a_dictionary_headword,,2026-10-07
ko,파우,expert,1155,not_a_dictionary_headword,,2026-10-07
ko,해시,expert,1164,not_a_dictionary_headword,,2026-10-07
ko,향했,expert,1165,not_a_dictionary_headword,,2026-10-07
ko,가브리엘,expert,1168,not_a_dictionary_headword,,2026-10-07
ko,갑작,expert,1173,not_a_dictionary_headword,,2026-10-07
ko,겜,expert,1174,not_a_dictionary_headword,,2026-10-07
ko,그지,expert,1179,inflected_sentence_form,그+지,2026-10-07
ko,꼽힌다,expert,1181,inflected_sentence_form,꼽힌+다,2026-10-07
ko,나잇,expert,1183,not_a_dictionary_headword,,2026-10-07
ko,네오,expert,1184,not_a_dictionary_headword,,2026-10-07
ko,느껴졌,expert,1188,not_a_dictionary_headword,,2026-10-07
ko,느낀다,expert,1189,inflected_sentence_form,느낀+다,2026-10-07
ko,다간,expert,1191,not_a_dictionary_headword,,2026-10-07
ko,떨어진다,expert,1197,not_a_dictionary_headword,,2026-10-07
ko,렐,expert,1198,not_a_dictionary_headword,,2026-10-07
ko,륜,expert,1199,not_a_dictionary_headword,,2026-10-07
ko,리뉴,expert,1200,not_a_dictionary_headword,,2026-10-07
ko,리차드,expert,1201,not_a_dictionary_headword,,2026-10-07
ko,리츠,expert,1202,not_a_dictionary_headword,,2026-10-07
ko,모아서,expert,1206,inflected_sentence_form,모+아서,2026-10-07
ko,무슬림,expert,1209,not_a_dictionary_headword,,2026-10-07
ko,문경,expert,1210,not_a_dictionary_headword,,2026-10-07
ko,바바,expert,1212,not_a_dictionary_headword,,2026-10-07
ko,배너,expert,1220,not_a_dictionary_headword,,2026-10-07
ko,보세,expert,1221,not_a_dictionary_headword,,2026-10-07
ko,성동,expert,1229,not_a_dictionary_headword,,2026-10-07
ko,스탭,expert,1234,not_a_dictionary_headword,,2026-10-07
ko,쓰였,expert,1238,not_a_dictionary_headword,,2026-10-07
ko,씽,expert,1239,not_a_dictionary_headword,,2026-10-07
ko,아쿠아,expert,1240,not_a_dictionary_headword,,2026-10-07
ko,엠마,expert,1248,not_a_dictionary_headword,,2026-10-07
ko,옌,expert,1255,not_a_dictionary_headword,,2026-10-07
ko,온전,expert,1257,not_a_dictionary_headword,,2026-10-07
ko,와도,expert,1258,particle_attached,와+도,2026-10-07
ko,웬만,expert,1261,particle_attached,웬+만,2026-10-07
ko,줘야지,expert,1268,not_a_dictionary_headword,,2026-10-07
ko,지나친,expert,1270,not_a_dictionary_headword,,2026-10-07
ko,질리,expert,1273,fragment,질리다,2026-10-07
ko,짖,expert,1276,fragment,짖다,2026-10-07
ko,차갑,expert,1277,fragment,차갑다,2026-10-07
ko,토키,expert,1282,not_a_dictionary_headword,,2026-10-07
ko,팬텀,expert,1285,not_a_dictionary_headword,,2026-10-07
ko,프랭클린,expert,1288,not_a_dictionary_headword,,2026-10-07
ko,하남,expert,1290,not_a_dictionary_headword,,2026-10-07
ko,화사,expert,1294,not_a_dictionary_headword,,2026-10-07
ko,가져와,expert,1298,particle_attached,가져+와,2026-10-07
ko,가평,expert,1299,not_a_dictionary_headword,,2026-10-07
ko,겄,expert,1304,not_a_dictionary_headword,,2026-10-07
ko,고마,expert,1306,not_a_dictionary_headword,,2026-10-07
ko,구르,expert,1310,fragment,구르다,2026-10-07
ko,꽁,expert,1314,not_a_dictionary_headword,,2026-10-07
ko,놔두,expert,1317,fragment,놔두다,2026-10-07
ko,둬야,expert,1319,not_a_dictionary_headword,,2026-10-07
ko,때론,expert,1320,not_a_dictionary_headword,,2026-10-07
ko,러지,expert,1321,not_a_dictionary_headword,,2026-10-07
ko,레터,expert,1322,not_a_dictionary_headword,,2026-10-07
ko,로미오,expert,1323,not_a_dictionary_headword,,2026-10-07
ko,리노,expert,1324,not_a_dictionary_headword,,2026-10-07
ko,망가,expert,1327,particle_attached,망+가,2026-10-07
ko,멸,expert,1328,not_a_dictionary_headword,,2026-10-07
ko,명명,expert,1329,not_a_dictionary_headword,,2026-10-07
ko,믄,expert,1332,not_a_dictionary_headword,,2026-10-07
ko,버트,expert,1338,not_a_dictionary_headword,,2026-10-07
ko,베이커,expert,1339,not_a_dictionary_headword,,2026-10-07
ko,보낸다,expert,1340,inflected_sentence_form,보낸+다,2026-10-07
ko,살아나,expert,1343,fragment,살아나다,2026-10-07
ko,샨,expert,1346,not_a_dictionary_headword,,2026-10-07
ko,세스,expert,1350,not_a_dictionary_headword,,2026-10-07
ko,아브라함,expert,1367,not_a_dictionary_headword,,2026-10-07
ko,에이프릴,expert,1369,not_a_dictionary_headword,,2026-10-07
ko,예뻐요,expert,1373,inflected_sentence_form,예뻐+요,2026-10-07
ko,오오,expert,1374,not_a_dictionary_headword,,2026-10-07
ko,원한다,expert,1377,inflected_sentence_form,원+한다,2026-10-07
ko,이재용,expert,1379,not_a_dictionary_headword,,2026-10-07
ko,정해져,expert,1390,not_a_dictionary_headword,,2026-10-07
ko,죽인다,expert,1392,inflected_sentence_form,죽인+다,2026-10-07
ko,지검,expert,1393,not_a_dictionary_headword,,2026-10-07
ko,커리어,expert,1398,not_a_dictionary_headword,,2026-10-07
ko,탱,expert,1400,not_a_dictionary_headword,,2026-10-07
ko,터스,expert,1401,not_a_dictionary_headword,,2026-10-07
ko,펀딩,expert,1406,not_a_dictionary_headword,,2026-10-07
ko,페이퍼,expert,1408,not_a_dictionary_headword,,2026-10-07
ko,펙,expert,1409,not_a_dictionary_headword,,2026-10-07
ko,폭넓,expert,1411,fragment,폭넓다,2026-10-07
ko,하네,expert,1412,inflected_sentence_form,하+네,2026-10-07
ko,한다구,expert,1414,not_a_dictionary_headword,,2026-10-07
ko,한답니다,expert,1415,not_a_dictionary_headword,,2026-10-07
ko,해져서,expert,1416,not_a_dictionary_headword,,2026-10-07
ko,혈,expert,1417,not_a_dictionary_headword,,2026-10-07
ko,가져야,expert,1423,not_a_dictionary_headword,,2026-10-07
ko,거룩,expert,1427,not_a_dictionary_headword,,2026-10-07
ko,기획사,expert,1438,not_a_dictionary_headword,,2026-10-07
ko,깁,expert,1439,fragment,깁다,2026-10-07
ko,난다고,expert,1441,not_a_dictionary_headword,,2026-10-07
ko,내려다,expert,1442,inflected_sentence_form,내려+다,2026-10-07
ko,내려와,expert,1443,particle_attached,내려+와,2026-10-07
ko,넥,expert,1446,not_a_dictionary_headword,,2026-10-07
ko,넬슨,expert,1447,not_a_dictionary_headword,,2026-10-07
ko,능숙,expert,1449,not_a_dictionary_headword,,2026-10-07
ko,다쳤,expert,1451,not_a_dictionary_headword,,2026-10-07
ko,달라진,expert,1453,not_a_dictionary_headword,,2026-10-07
ko,도라,expert,1454,inflected_sentence_form,도+라,2026-10-07
ko,딜런,expert,1456,not_a_dictionary_headword,,2026-10-07
ko,래도,expert,1458,not_a_dictionary_headword,,2026-10-07
ko,래리,expert,1459,not_a_dictionary_headword,,2026-10-07
ko,레고,expert,1460,inflected_sentence_form,레+고,2026-10-07
ko,매드,expert,1463,not_a_dictionary_headword,,2026-10-07
ko,맥도날드,expert,1464,not_a_dictionary_headword,,2026-10-07
ko,뭘로,expert,1470,particle_attached,뭘+로,2026-10-07
ko,미르,expert,1471,not_a_dictionary_headword,,2026-10-07
ko,밋,expert,1474,not_a_dictionary_headword,,2026-10-07
ko,바니,expert,1475,inflected_sentence_form,바+니,2026-10-07
ko,버려서,expert,1485,not_a_dictionary_headword,,2026-10-07
ko,벗어난,expert,1487,not_a_dictionary_headword,,2026-10-07
ko,본즈,expert,1488,not_a_dictionary_headword,,2026-10-07
ko,북스,expert,1491,not_a_dictionary_headword,,2026-10-07
ko,빠져나가,expert,1496,fragment,빠져나가다,2026-10-07
ko,선데이,expert,1502,not_a_dictionary_headword,,2026-10-07
ko,성급,expert,1504,not_a_dictionary_headword,,2026-10-07
ko,셀카,expert,1505,not_a_dictionary_headword,,2026-10-07
ko,시노,expert,1511,not_a_dictionary_headword,,2026-10-07
ko,싱어,expert,1514,not_a_dictionary_headword,,2026-10-07
ko,싱크,expert,1515,not_a_dictionary_headword,,2026-10-07
ko,쌓이,expert,1516,fragment,쌓이다,2026-10-07
ko,쎄,expert,1517,not_a_dictionary_headword,,2026-10-07
ko,아이작,expert,1518,not_a_dictionary_headword,,2026-10-07
ko,어려서,expert,1522,not_a_dictionary_headword,,2026-10-07
ko,요셉,expert,1527,not_a_dictionary_headword,,2026-10-07
ko,울트라,expert,1530,not_a_dictionary_headword,,2026-10-07
ko,웍스,expert,1531,not_a_dictionary_headword,,2026-10-07
ko,으셨어요,expert,1534,not_a_dictionary_headword,,2026-10-07
ko,이어진다,expert,1535,not_a_dictionary_headword,,2026-10-07
ko,쥴,expert,1548,not_a_dictionary_headword,,2026-10-07
ko,즐겼,expert,1549,not_a_dictionary_headword,,2026-10-07
ko,챙겼,expert,1552,not_a_dictionary_headword,,2026-10-07
ko,캐리어,expert,1555,not_a_dictionary_headword,,2026-10-07
ko,클린턴,expert,1557,not_a_dictionary_headword,,2026-10-07
ko,투성이,expert,1561,not_a_dictionary_headword,,2026-10-07
ko,트라,expert,1562,inflected_sentence_form,트+라,2026-10-07
ko,폴리스,expert,1563,not_a_dictionary_headword,,2026-10-07
ko,가진다,expert,1570,inflected_sentence_form,가진+다,2026-10-07
ko,그리핀,expert,1578,not_a_dictionary_headword,,2026-10-07
ko,깨어나,expert,1582,fragment,깨어나다,2026-10-07
ko,나우,expert,1585,not_a_dictionary_headword,,2026-10-07
ko,내린다,expert,1586,inflected_sentence_form,내린+다,2026-10-07
ko,내림,expert,1587,not_a_dictionary_headword,,2026-10-07
ko,넉넉,expert,1589,not_a_dictionary_headword,,2026-10-07
ko,녈,expert,1590,not_a_dictionary_headword,,2026-10-07
ko,놓쳤,expert,1593,not_a_dictionary_headword,,2026-10-07
ko,달라질,expert,1595,not_a_dictionary_headword,,2026-10-07
ko,데미지,expert,1599,not_a_dictionary_headword,,2026-10-07
ko,레딧,expert,1603,not_a_dictionary_headword,,2026-10-07
ko,레이크,expert,1604,not_a_dictionary_headword,,2026-10-07
ko,른,expert,1605,not_a_dictionary_headword,,2026-10-07
ko,마운트,expert,1606,not_a_dictionary_headword,,2026-10-07
ko,번가,expert,1615,particle_attached,번+가,2026-10-07
ko,보령,expert,1618,not_a_dictionary_headword,,2026-10-07
ko,불러야,expert,1620,not_a_dictionary_headword,,2026-10-07
ko,빼먹,expert,1622,fragment,빼먹다,2026-10-07
ko,셔틀,expert,1629,not_a_dictionary_headword,,2026-10-07
ko,슈퍼스타,expert,1632,not_a_dictionary_headword,,2026-10-07
ko,스루,expert,1634,not_a_dictionary_headword,,2026-10-07
ko,아바타,expert,1644,not_a_dictionary_headword,,2026-10-07
ko,아이패드,expert,1646,not_a_dictionary_headword,,2026-10-07
ko,안토니오,expert,1648,not_a_dictionary_headword,,2026-10-07
ko,알콜,expert,1649,not_a_dictionary_headword,,2026-10-07
ko,앤드류,expert,1650,not_a_dictionary_headword,,2026-10-07
ko,왔었,expert,1660,not_a_dictionary_headword,,2026-10-07
ko,워라,expert,1663,inflected_sentence_form,워+라,2026-10-07
ko,위드,expert,1667,not_a_dictionary_headword,,2026-10-07
ko,윈도,expert,1669,not_a_dictionary_headword,,2026-10-07
ko,으라는,expert,1673,particle_attached,으+라는,2026-10-07
ko,일요,expert,1679,inflected_sentence_form,일+요,2026-10-07
ko,자분,expert,1680,not_a_dictionary_headword,,2026-10-07
ko,주립,expert,1683,not_a_dictionary_headword,,2026-10-07
ko,중산,expert,1684,not_a_dictionary_headword,,2026-10-07
ko,줘도,expert,1685,particle_attached,줘+도,2026-10-07
ko,카렌,expert,1695,not_a_dictionary_headword,,2026-10-07
ko,컨벤션,expert,1697,not_a_dictionary_headword,,2026-10-07
ko,클레이,expert,1699,not_a_dictionary_headword,,2026-10-07
ko,타고난,expert,1700,not_a_dictionary_headword,,2026-10-07
ko,털어놓,expert,1701,fragment,털어놓다,2026-10-07
ko,테스,expert,1702,not_a_dictionary_headword,,2026-10-07
ko,토드,expert,1703,not_a_dictionary_headword,,2026-10-07
ko,트립,expert,1704,not_a_dictionary_headword,,2026-10-07
ko,프레드,expert,1709,not_a_dictionary_headword,,2026-10-07
ko,하비,expert,1711,not_a_dictionary_headword,,2026-10-07
ko,해낼,expert,1714,not_a_dictionary_headword,,2026-10-07
ko,흘렸,expert,1716,not_a_dictionary_headword,,2026-10-07
ko,희미,expert,1717,not_a_dictionary_headword,,2026-10-07
ko,가인,expert,1719,particle_attached,가+인,2026-10-07
ko,금호,expert,1730,not_a_dictionary_headword,,2026-10-07
ko,김연아,expert,1732,not_a_dictionary_headword,,2026-10-07
ko,드러냈,expert,1741,not_a_dictionary_headword,,2026-10-07
ko,라네,expert,1743,inflected_sentence_form,라+네,2026-10-07
ko,라뇨,expert,1744,not_a_dictionary_headword,,2026-10-07
ko,로니,expert,1745,inflected_sentence_form,로+니,2026-10-07
ko,로저,expert,1746,not_a_dictionary_headword,,2026-10-07
ko,리키,expert,1748,not_a_dictionary_headword,,2026-10-07
ko,마리오,expert,1749,not_a_dictionary_headword,,2026-10-07
ko,마미,expert,1750,not_a_dictionary_headword,,2026-10-07
ko,묻히,expert,1752,fragment,묻히다,2026-10-07
ko,버림,expert,1758,not_a_dictionary_headword,,2026-10-07
ko,베라,expert,1760,inflected_sentence_form,베+라,2026-10-07
ko,부릅,expert,1767,not_a_dictionary_headword,,2026-10-07
ko,불러도,expert,1772,particle_attached,불러+도,2026-10-07
ko,스탠,expert,1784,not_a_dictionary_headword,,2026-10-07
ko,스테이트,expert,1785,not_a_dictionary_headword,,2026-10-07
ko,스테판,expert,1786,not_a_dictionary_headword,,2026-10-07
ko,스트림,expert,1787,not_a_dictionary_headword,,2026-10-07
ko,아녜요,expert,1792,not_a_dictionary_headword,,2026-10-07
ko,아카,expert,1793,not_a_dictionary_headword,,2026-10-07
ko,알맞,expert,1794,fragment,알맞다,2026-10-07
ko,어우,expert,1796,not_a_dictionary_headword,,2026-10-07
ko,우습,expert,1799,fragment,우습다,2026-10-07
ko,제스,expert,1808,not_a_dictionary_headword,,2026-10-07
ko,줄리아,expert,1810,not_a_dictionary_headword,,2026-10-07
ko,지켜봐,expert,1814,not_a_dictionary_headword,,2026-10-07
ko,찬란,expert,1816,not_a_dictionary_headword,,2026-10-07
ko,카일,expert,1822,not_a_dictionary_headword,,2026-10-07
ko,키웠,expert,1825,not_a_dictionary_headword,,2026-10-07
ko,킹스,expert,1826,not_a_dictionary_headword,,2026-10-07
ko,토모,expert,1830,not_a_dictionary_headword,,2026-10-07
ko,트윗,expert,1833,not_a_dictionary_headword,,2026-10-07
ko,피셔,expert,1836,not_a_dictionary_headword,,2026-10-07
ko,피플,expert,1837,not_a_dictionary_headword,,2026-10-07
ko,가디언,expert,1842,not_a_dictionary_headword,,2026-10-07
ko,견고,expert,1847,inflected_sentence_form,견+고,2026-10-07
ko,경주시,expert,1849,not_a_dictionary_headword,,2026-10-07
ko,광양,expert,1853,not_a_dictionary_headword,,2026-10-07
ko,그려진,expert,1858,not_a_dictionary_headword,,2026-10-07
ko,글렌,expert,1859,not_a_dictionary_headword,,2026-10-07
ko,나기,expert,1862,inflected_sentence_form,나+기,2026-10-07
ko,넘어갔,expert,1865,not_a_dictionary_headword,,2026-10-07
ko,니콜라스,expert,1867,not_a_dictionary_headword,,2026-10-07
ko,들어도,expert,1877,particle_attached,들어+도,2026-10-07
ko,뚱,expert,1879,not_a_dictionary_headword,,2026-10-07
ko,려니,expert,1880,not_a_dictionary_headword,,2026-10-07
ko,리나,expert,1881,particle_attached,리+나,2026-10-07
ko,리믹스,expert,1882,not_a_dictionary_headword,,2026-10-07
ko,막스,expert,1884,not_a_dictionary_headword,,2026-10-07
ko,메디,expert,1887,not_a_dictionary_headword,,2026-10-07
ko,모호,expert,1889,not_a_dictionary_headword,,2026-10-07
ko,미친다,expert,1892,inflected_sentence_form,미친+다,2026-10-07
ko,미카,expert,1893,not_a_dictionary_headword,,2026-10-07
ko,밸런스,expert,1895,not_a_dictionary_headword,,2026-10-07
ko,버니,expert,1896,not_a_dictionary_headword,,2026-10-07
ko,부치,expert,1900,fragment,부치다,2026-10-07
ko,브릿지,expert,1904,not_a_dictionary_headword,,2026-10-07
ko,뻔뻔,expert,1905,not_a_dictionary_headword,,2026-10-07
ko,뻔하,expert,1906,fragment,뻔하다,2026-10-07
ko,사무엘,expert,1907,not_a_dictionary_headword,,2026-10-07
ko,선가,expert,1916,particle_attached,선+가,2026-10-07
ko,선형,expert,1917,not_a_dictionary_headword,,2026-10-07
ko,설리,expert,1918,not_a_dictionary_headword,,2026-10-07
ko,쉴드,expert,1923,not_a_dictionary_headword,,2026-10-07
ko,스팍,expert,1924,not_a_dictionary_headword,,2026-10-07
ko,시온,expert,1925,not_a_dictionary_headword,,2026-10-07
ko,시크,expert,1926,not_a_dictionary_headword,,2026-10-07
ko,쓸모없,expert,1929,fragment,쓸모없다,2026-10-07
ko,아이오,expert,1930,not_a_dictionary_headword,,2026-10-07
ko,에리,expert,1933,not_a_dictionary_headword,,2026-10-07
ko,연약,expert,1934,not_a_dictionary_headword,,2026-10-07
ko,웨스턴,expert,1948,not_a_dictionary_headword,,2026-10-07
ko,웬디,expert,1949,not_a_dictionary_headword,,2026-10-07
ko,일컫,expert,1953,fragment,일컫다,2026-10-07
ko,재판장,expert,1954,not_a_dictionary_headword,,2026-10-07
ko,저질렀,expert,1955,not_a_dictionary_headword,,2026-10-07
ko,지법,expert,1962,not_a_dictionary_headword,,2026-10-07
ko,진천,expert,1964,not_a_dictionary_headword,,2026-10-07
ko,체인지,expert,1970,inflected_sentence_form,체인+지,2026-10-07
ko,초코,expert,1971,not_a_dictionary_headword,,2026-10-07
ko,친근,expert,1975,not_a_dictionary_headword,,2026-10-07
ko,커플링,expert,1977,not_a_dictionary_headword,,2026-10-07
ko,퀵,expert,1978,not_a_dictionary_headword,,2026-10-07
ko,크리스토퍼,expert,1979,not_a_dictionary_headword,,2026-10-07
ko,퍼시픽,expert,1983,not_a_dictionary_headword,,2026-10-07
ko,평평,expert,1986,not_a_dictionary_headword,,2026-10-07
ko,푸르,expert,1987,fragment,푸르다,2026-10-07
ko,풀렸,expert,1988,not_a_dictionary_headword,,2026-10-07
ko,플라자,expert,1990,not_a_dictionary_headword,,2026-10-07
ko,플리,expert,1992,not_a_dictionary_headword,,2026-10-07
ko,해내,expert,1995,fragment,해내다,2026-10-07
ko,헤럴드,expert,1997,not_a_dictionary_headword,,2026-10-07
ko,호러,expert,2000,not_a_dictionary_headword,,2026-10-07
ko,거뒀,expert,2007,not_a_dictionary_headword,,2026-10-07
ko,건마,expert,2008,not_a_dictionary_headword,,2026-10-07
ko,경향신문,expert,2011,not_a_dictionary_headword,,2026-10-07
ko,고창,expert,2012,not_a_dictionary_headword,,2026-10-07
ko,고쳤,expert,2013,not_a_dictionary_headword,,2026-10-07
ko,금산,expert,2018,not_a_dictionary_headword,,2026-10-07
ko,나타낸다,expert,2020,not_a_dictionary_headword,,2026-10-07
ko,넵,expert,2022,not_a_dictionary_headword,,2026-10-07
ko,들린다,expert,2027,inflected_sentence_form,들린+다,2026-10-07
ko,들키,expert,2028,fragment,들키다,2026-10-07
ko,디디,expert,2029,fragment,디디다,2026-10-07
ko,따라오,expert,2030,fragment,따라오다,2026-10-07
ko,떠난다,expert,2031,inflected_sentence_form,떠난+다,2026-10-07
ko,띄우,expert,2032,fragment,띄우다,2026-10-07
ko,라벨,expert,2033,not_a_dictionary_headword,,2026-10-07
ko,렀다,expert,2034,not_a_dictionary_headword,,2026-10-07
ko,레미,expert,2035,not_a_dictionary_headword,,2026-10-07
ko,레지,expert,2037,inflected_sentence_form,레+지,2026-10-07
ko,레프,expert,2038,not_a_dictionary_headword,,2026-10-07
ko,마르코,expert,2040,not_a_dictionary_headword,,2026-10-07
ko,매튜,expert,2043,not_a_dictionary_headword,,2026-10-07
ko,머무,expert,2044,not_a_dictionary_headword,,2026-10-07
ko,몰랐다,expert,2048,not_a_dictionary_headword,,2026-10-07
ko,미약,expert,2050,not_a_dictionary_headword,,2026-10-07
ko,베어스,expert,2055,not_a_dictionary_headword,,2026-10-07
ko,본다고,expert,2058,not_a_dictionary_headword,,2026-10-07
ko,불러서,expert,2060,not_a_dictionary_headword,,2026-10-07
ko,비욘,expert,2062,not_a_dictionary_headword,,2026-10-07
ko,빈스,expert,2064,not_a_dictionary_headword,,2026-10-07
ko,사이언스,expert,2069,not_a_dictionary_headword,,2026-10-07
ko,삭,expert,2071,fragment,삭다,2026-10-07
ko,슈퍼주니어,expert,2081,not_a_dictionary_headword,,2026-10-07
ko,시당,expert,2082,not_a_dictionary_headword,,2026-10-07
ko,신대,expert,2083,not_a_dictionary_headword,,2026-10-07
ko,쓸쓸,expert,2087,not_a_dictionary_headword,,2026-10-07
ko,아실,expert,2088,not_a_dictionary_headword,,2026-10-07
ko,아이언,expert,2089,not_a_dictionary_headword,,2026-10-07
ko,어로,expert,2093,particle_attached,어+로,2026-10-07
ko,에코,expert,2095,not_a_dictionary_headword,,2026-10-07
ko,오바,expert,2097,not_a_dictionary_headword,,2026-10-07
ko,왔으며,expert,2100,not_a_dictionary_headword,,2026-10-07
ko,절박,expert,2112,not_a_dictionary_headword,,2026-10-07
ko,준다면,expert,2117,not_a_dictionary_headword,,2026-10-07
ko,줄지,expert,2119,inflected_sentence_form,줄+지,2026-10-07
ko,지겹,expert,2120,fragment,지겹다,2026-10-07
ko,카인,expert,2124,not_a_dictionary_headword,,2026-10-07
ko,커졌,expert,2126,not_a_dictionary_headword,,2026-10-07
ko,코마,expert,2127,not_a_dictionary_headword,,2026-10-07
ko,크리스티나,expert,2128,not_a_dictionary_headword,,2026-10-07
ko,투게더,expert,2130,not_a_dictionary_headword,,2026-10-07
ko,팔렸,expert,2132,not_a_dictionary_headword,,2026-10-07
ko,팬더,expert,2133,not_a_dictionary_headword,,2026-10-07
ko,헬렌,expert,2136,not_a_dictionary_headword,,2026-10-07
ko,군포,expert,2148,not_a_dictionary_headword,,2026-10-07
ko,기묘,expert,2150,not_a_dictionary_headword,,2026-10-07
ko,기스,expert,2151,not_a_dictionary_headword,,2026-10-07
ko,내려갔,expert,2156,not_a_dictionary_headword,,2026-10-07
ko,노엘,expert,2157,not_a_dictionary_headword,,2026-10-07
ko,는지요,expert,2158,not_a_dictionary_headword,,2026-10-07
ko,니키,expert,2160,not_a_dictionary_headword,,2026-10-07
ko,다라,expert,2161,inflected_sentence_form,다+라,2026-10-07
ko,다릅니다,expert,2162,not_a_dictionary_headword,,2026-10-07
ko,달한다,expert,2165,inflected_sentence_form,달+한다,2026-10-07
ko,도도,expert,2168,particle_attached,도+도,2026-10-07
ko,동자,expert,2169,inflected_sentence_form,동+자,2026-10-07
ko,드릴까요,expert,2170,inflected_sentence_form,드릴+까요,2026-10-07
ko,따른다,expert,2171,inflected_sentence_form,따른+다,2026-10-07
ko,떨어뜨리,expert,2172,fragment,떨어뜨리다,2026-10-07
ko,라나,expert,2173,particle_attached,라+나,2026-10-07
ko,랏,expert,2174,not_a_dictionary_headword,,2026-10-07
ko,러쉬,expert,2175,not_a_dictionary_headword,,2026-10-07
ko,레인저,expert,2176,not_a_dictionary_headword,,2026-10-07
ko,로이드,expert,2177,not_a_dictionary_headword,,2026-10-07
ko,리빙,expert,2178,not_a_dictionary_headword,,2026-10-07
ko,리카,expert,2179,not_a_dictionary_headword,,2026-10-07
ko,마린,expert,2180,not_a_dictionary_headword,,2026-10-07
ko,미도리,expert,2182,not_a_dictionary_headword,,2026-10-07
ko,미쓰,expert,2183,not_a_dictionary_headword,,2026-10-07
ko,바쳤,expert,2185,not_a_dictionary_headword,,2026-10-07
ko,보호법,expert,2193,not_a_dictionary_headword,,2026-10-07
ko,사모,expert,2197,not_a_dictionary_headword,,2026-10-07
ko,사카,expert,2199,not_a_dictionary_headword,,2026-10-07
ko,산다는,expert,2200,not_a_dictionary_headword,,2026-10-07
ko,섹션,expert,2207,not_a_dictionary_headword,,2026-10-07
ko,셉,expert,2208,not_a_dictionary_headword,,2026-10-07
ko,셰익스피어,expert,2209,not_a_dictionary_headword,,2026-10-07
ko,스러우,expert,2212,not_a_dictionary_headword,,2026-10-07
ko,스톰,expert,2213,not_a_dictionary_headword,,2026-10-07
ko,시그,expert,2215,not_a_dictionary_headword,,2026-10-07
ko,시리,expert,2216,fragment,시리다,2026-10-07
ko,쓰러져,expert,2219,not_a_dictionary_headword,,2026-10-07
ko,아이유,expert,2221,not_a_dictionary_headword,,2026-10-07
ko,앤더슨,expert,2223,not_a_dictionary_headword,,2026-10-07
ko,엘리엇,expert,2226,not_a_dictionary_headword,,2026-10-07
ko,원더,expert,2234,not_a_dictionary_headword,,2026-10-07
ko,제치,expert,2247,fragment,제치다,2026-10-07
ko,젯,expert,2249,not_a_dictionary_headword,,2026-10-07
ko,지독,expert,2251,not_a_dictionary_headword,,2026-10-07
ko,쩌,expert,2255,not_a_dictionary_headword,,2026-10-07
ko,취해서,expert,2260,not_a_dictionary_headword,,2026-10-07
ko,케인,expert,2262,not_a_dictionary_headword,,2026-10-07
ko,콰,expert,2263,not_a_dictionary_headword,,2026-10-07
ko,프랜차이즈,expert,2270,not_a_dictionary_headword,,2026-10-07
ko,하군,expert,2272,inflected_sentence_form,하+군,2026-10-07
ko,하이퍼,expert,2273,not_a_dictionary_headword,,2026-10-07
ko,해본다,expert,2274,inflected_sentence_form,해본+다,2026-10-07
ko,해야죠,expert,2275,not_a_dictionary_headword,,2026-10-07
ko,허드슨,expert,2276,not_a_dictionary_headword,,2026-10-07
ko,헥,expert,2277,not_a_dictionary_headword,,2026-10-07
ko,화이팅,expert,2278,not_a_dictionary_headword,,2026-10-07
ko,황자,expert,2280,inflected_sentence_form,황+자,2026-10-07
ko,후지,expert,2283,fragment,후지다,2026-10-07
ko,훔치,expert,2284,fragment,훔치다,2026-10-07
ko,휘두르,expert,2285,fragment,휘두르다,2026-10-07
ko,흩어져,expert,2286,not_a_dictionary_headword,,2026-10-07
ko,가온,expert,2288,not_a_dictionary_headword,,2026-10-07
ko,갈지,expert,2289,inflected_sentence_form,갈+지,2026-10-07
ko,강전,expert,2291,not_a_dictionary_headword,,2026-10-07
ko,건담,expert,2293,not_a_dictionary_headword,,2026-10-07
ko,구마,expert,2297,not_a_dictionary_headword,,2026-10-07
ko,나미,expert,2308,not_a_dictionary_headword,,2026-10-07
ko,나스,expert,2309,not_a_dictionary_headword,,2026-10-07
ko,나타낸,expert,2310,not_a_dictionary_headword,,2026-10-07
ko,노원,expert,2312,not_a_dictionary_headword,,2026-10-07
ko,느껴진다,expert,2313,not_a_dictionary_headword,,2026-10-07
ko,달아나,expert,2314,fragment,달아나다,2026-10-07
ko,데이즈,expert,2318,not_a_dictionary_headword,,2026-10-07
ko,뎁,expert,2319,not_a_dictionary_headword,,2026-10-07
ko,도당,expert,2320,not_a_dictionary_headword,,2026-10-07
ko,레이드,expert,2327,not_a_dictionary_headword,,2026-10-07
ko,레티,expert,2328,not_a_dictionary_headword,,2026-10-07
ko,로다,expert,2329,inflected_sentence_form,로+다,2026-10-07
ko,롤링,expert,2330,not_a_dictionary_headword,,2026-10-07
ko,리다,expert,2332,inflected_sentence_form,리+다,2026-10-07
ko,배드,expert,2341,not_a_dictionary_headword,,2026-10-07
ko,보임,expert,2344,not_a_dictionary_headword,,2026-10-07
ko,브루클린,expert,2347,not_a_dictionary_headword,,2026-10-07
ko,브리지,expert,2348,not_a_dictionary_headword,,2026-10-07
ko,비지니스,expert,2350,not_a_dictionary_headword,,2026-10-07
ko,비해서,expert,2351,not_a_dictionary_headword,,2026-10-07
ko,빠져서,expert,2352,not_a_dictionary_headword,,2026-10-07
ko,뺐,expert,2353,not_a_dictionary_headword,,2026-10-07
ko,사세요,expert,2355,inflected_sentence_form,사+세요,2026-10-07
ko,샐리,expert,2359,not_a_dictionary_headword,,2026-10-07
ko,세리,expert,2365,not_a_dictionary_headword,,2026-10-07
ko,세일러,expert,2366,not_a_dictionary_headword,,2026-10-07
ko,숏,expert,2368,not_a_dictionary_headword,,2026-10-07
ko,스파이더맨,expert,2370,not_a_dictionary_headword,,2026-10-07
ko,스팟,expert,2371,not_a_dictionary_headword,,2026-10-07
ko,심근,expert,2373,not_a_dictionary_headword,,2026-10-07
ko,아이비,expert,2375,not_a_dictionary_headword,,2026-10-07
ko,안성,expert,2377,not_a_dictionary_headword,,2026-10-07
ko,어가,expert,2379,particle_attached,어+가,2026-10-07
ko,어기,expert,2380,fragment,어기다,2026-10-07
ko,영유,expert,2384,not_a_dictionary_headword,,2026-10-07
ko,영천,expert,2385,not_a_dictionary_headword,,2026-10-07
ko,인해서,expert,2393,not_a_dictionary_headword,,2026-10-07
ko,정신없,expert,2396,fragment,정신없다,2026-10-07
ko,졌으며,expert,2398,not_a_dictionary_headword,,2026-10-07
ko,청주시,expert,2409,not_a_dictionary_headword,,2026-10-07
ko,커스텀,expert,2412,not_a_dictionary_headword,,2026-10-07
ko,테드,expert,2414,not_a_dictionary_headword,,2026-10-07
ko,토트넘,expert,2415,not_a_dictionary_headword,,2026-10-07
ko,트론,expert,2418,not_a_dictionary_headword,,2026-10-07
ko,팸,expert,2422,not_a_dictionary_headword,,2026-10-07
ko,페,expert,2423,not_a_dictionary_headword,,2026-10-07
ko,하치,expert,2427,not_a_dictionary_headword,,2026-10-07
ko,핥,expert,2429,fragment,핥다,2026-10-07
ko,확고,expert,2433,inflected_sentence_form,확+고,2026-10-07
ko,간토,expert,2439,not_a_dictionary_headword,,2026-10-07
ko,걸스,expert,2441,not_a_dictionary_headword,,2026-10-07
ko,게임즈,expert,2443,not_a_dictionary_headword,,2026-10-07
ko,굿모닝,expert,2450,not_a_dictionary_headword,,2026-10-07
ko,김제,expert,2452,not_a_dictionary_headword,,2026-10-07
ko,니시,expert,2456,not_a_dictionary_headword,,2026-10-07
ko,데려오,expert,2457,fragment,데려오다,2026-10-07
ko,돌아와서,expert,2458,not_a_dictionary_headword,,2026-10-07
ko,들여다,expert,2460,inflected_sentence_form,들여+다,2026-10-07
ko,따라야,expert,2461,not_a_dictionary_headword,,2026-10-07
ko,따스,expert,2463,not_a_dictionary_headword,,2026-10-07
ko,따윈,expert,2464,not_a_dictionary_headword,,2026-10-07
ko,레온,expert,2467,not_a_dictionary_headword,,2026-10-07
ko,레인보우,expert,2468,not_a_dictionary_headword,,2026-10-07
ko,머피,expert,2472,not_a_dictionary_headword,,2026-10-07
ko,무서워요,expert,2476,inflected_sentence_form,무서워+요,2026-10-07
ko,미스트,expert,2479,not_a_dictionary_headword,,2026-10-07
ko,미첼,expert,2480,not_a_dictionary_headword,,2026-10-07
ko,민망,expert,2482,not_a_dictionary_headword,,2026-10-07
ko,박지원,expert,2483,not_a_dictionary_headword,,2026-10-07
ko,불렸,expert,2493,not_a_dictionary_headword,,2026-10-07
ko,블러,expert,2495,not_a_dictionary_headword,,2026-10-07
ko,상쾌,expert,2499,not_a_dictionary_headword,,2026-10-07
ko,세이버,expert,2505,not_a_dictionary_headword,,2026-10-07
ko,소극,expert,2506,not_a_dictionary_headword,,2026-10-07
ko,소릴,expert,2507,not_a_dictionary_headword,,2026-10-07
ko,소심,expert,2508,not_a_dictionary_headword,,2026-10-07
ko,스테이,expert,2512,not_a_dictionary_headword,,2026-10-07
ko,스텐,expert,2513,not_a_dictionary_headword,,2026-10-07
ko,신아,expert,2515,not_a_dictionary_headword,,2026-10-07
ko,아메,expert,2516,not_a_dictionary_headword,,2026-10-07
ko,액티브,expert,2519,not_a_dictionary_headword,,2026-10-07
ko,양양,expert,2522,not_a_dictionary_headword,,2026-10-07
ko,예리,expert,2531,not_a_dictionary_headword,,2026-10-07
ko,예지,expert,2532,inflected_sentence_form,예+지,2026-10-07
ko,오른다,expert,2533,inflected_sentence_form,오른+다,2026-10-07
ko,올게,expert,2534,inflected_sentence_form,올+게,2026-10-07
ko,올린다,expert,2535,inflected_sentence_form,올린+다,2026-10-07
ko,외전,expert,2536,not_a_dictionary_headword,,2026-10-07
ko,외쳤,expert,2537,not_a_dictionary_headword,,2026-10-07
ko,위태,expert,2540,not_a_dictionary_headword,,2026-10-07
ko,일어난다,expert,2544,inflected_sentence_form,일어난+다,2026-10-07
ko,임하,expert,2545,fragment,임하다,2026-10-07
ko,조형,expert,2553,not_a_dictionary_headword,,2026-10-07
ko,진하,expert,2556,fragment,진하다,2026-10-07
ko,체하,expert,2561,fragment,체하다,2026-10-07
ko,촉촉,expert,2562,not_a_dictionary_headword,,2026-10-07
ko,쿠니,expert,2565,not_a_dictionary_headword,,2026-10-07
ko,퀴어,expert,2566,not_a_dictionary_headword,,2026-10-07
ko,타수,expert,2568,not_a_dictionary_headword,,2026-10-07
ko,통신부,expert,2569,not_a_dictionary_headword,,2026-10-07
ko,파이브,expert,2573,not_a_dictionary_headword,,2026-10-07
ko,퍼블릭,expert,2574,not_a_dictionary_headword,,2026-10-07
ko,해남,expert,2578,not_a_dictionary_headword,,2026-10-07
ko,호에,expert,2580,particle_attached,호+에,2026-10-07
ko,홀더,expert,2581,not_a_dictionary_headword,,2026-10-07
ko,간략,expert,2584,not_a_dictionary_headword,,2026-10-07
ko,거스,expert,2586,not_a_dictionary_headword,,2026-10-07
ko,건만,expert,2587,particle_attached,건+만,2026-10-07
ko,골랐,expert,2588,not_a_dictionary_headword,,2026-10-07
ko,기득,expert,2595,not_a_dictionary_headword,,2026-10-07
ko,기뻤,expert,2596,not_a_dictionary_headword,,2026-10-07
ko,기하,expert,2597,fragment,기하다,2026-10-07
ko,노골,expert,2601,not_a_dictionary_headword,,2026-10-07
ko,노바,expert,2602,not_a_dictionary_headword,,2026-10-07
ko,다닌다,expert,2604,inflected_sentence_form,다닌+다,2026-10-07
ko,다저스,expert,2606,not_a_dictionary_headword,,2026-10-07
ko,단호,expert,2610,not_a_dictionary_headword,,2026-10-07
ko,달아났,expert,2611,not_a_dictionary_headword,,2026-10-07
ko,도스,expert,2613,not_a_dictionary_headword,,2026-10-07
ko,드롭,expert,2616,not_a_dictionary_headword,,2026-10-07
ko,들여다보,expert,2617,fragment,들여다보다,2026-10-07
ko,뜨리,expert,2621,not_a_dictionary_headword,,2026-10-07
ko,려다가,expert,2622,not_a_dictionary_headword,,2026-10-07
ko,로저스,expert,2623,not_a_dictionary_headword,,2026-10-07
ko,루즈,expert,2624,not_a_dictionary_headword,,2026-10-07
ko,리지,expert,2627,inflected_sentence_form,리+지,2026-10-07
ko,리티,expert,2628,not_a_dictionary_headword,,2026-10-07
ko,마운틴,expert,2629,not_a_dictionary_headword,,2026-10-07
ko,물어볼,expert,2639,not_a_dictionary_headword,,2026-10-07
ko,미자,expert,2641,inflected_sentence_form,미+자,2026-10-07
ko,발랄,expert,2645,not_a_dictionary_headword,,2026-10-07
ko,베니,expert,2648,inflected_sentence_form,베+니,2026-10-07
ko,베티,expert,2649,not_a_dictionary_headword,,2026-10-07
ko,보로,expert,2650,particle_attached,보+로,2026-10-07
ko,비즈,expert,2658,not_a_dictionary_headword,,2026-10-07
ko,뿌,expert,2659,not_a_dictionary_headword,,2026-10-07
ko,사라진다,expert,2660,not_a_dictionary_headword,,2026-10-07
ko,스로,expert,2665,not_a_dictionary_headword,,2026-10-07
ko,스펜서,expert,2666,not_a_dictionary_headword,,2026-10-07
ko,시니어,expert,2670,not_a_dictionary_headword,,2026-10-07
ko,애프터,expert,2676,not_a_dictionary_headword,,2026-10-07
ko,어딘지,expert,2677,not_a_dictionary_headword,,2026-10-07
ko,엘리스,expert,2678,not_a_dictionary_headword,,2026-10-07
ko,엠파이어,expert,2679,not_a_dictionary_headword,,2026-10-07
ko,엣지,expert,2680,not_a_dictionary_headword,,2026-10-07
ko,오구,expert,2683,not_a_dictionary_headword,,2026-10-07
ko,옵티머스,expert,2684,not_a_dictionary_headword,,2026-10-07
ko,울진,expert,2687,not_a_dictionary_headword,,2026-10-07
ko,유재석,expert,2688,not_a_dictionary_headword,,2026-10-07
ko,작화,expert,2693,not_a_dictionary_headword,,2026-10-07
ko,재우,expert,2694,fragment,재우다,2026-10-07
ko,조나단,expert,2698,not_a_dictionary_headword,,2026-10-07
ko,지마,expert,2700,not_a_dictionary_headword,,2026-10-07
ko,질까,expert,2702,inflected_sentence_form,질+까,2026-10-07
ko,찡,expert,2704,not_a_dictionary_headword,,2026-10-07
ko,쳐도,expert,2707,particle_attached,쳐+도,2026-10-07
ko,콜라보레이션,expert,2713,not_a_dictionary_headword,,2026-10-07
ko,콜린,expert,2714,not_a_dictionary_headword,,2026-10-07
ko,터너,expert,2716,not_a_dictionary_headword,,2026-10-07
ko,프레임워크,expert,2724,not_a_dictionary_headword,,2026-10-07
ko,프론트,expert,2725,not_a_dictionary_headword,,2026-10-07
ko,하얗,expert,2729,fragment,하얗다,2026-10-07
ko,한다니,expert,2731,not_a_dictionary_headword,,2026-10-07
ko,할까봐,expert,2732,not_a_dictionary_headword,,2026-10-07
ko,흐리,expert,2737,fragment,흐리다,2026-10-07
ko,가셨,expert,2738,not_a_dictionary_headword,,2026-10-07
ko,개리,expert,2740,not_a_dictionary_headword,,2026-10-07
ko,걸치,expert,2741,fragment,걸치다,2026-10-07
ko,게이밍,expert,2742,not_a_dictionary_headword,,2026-10-07
ko,내겐,expert,2758,not_a_dictionary_headword,,2026-10-07
ko,내뱉,expert,2759,fragment,내뱉다,2026-10-07
ko,더비,expert,2765,not_a_dictionary_headword,,2026-10-07
ko,떠도,expert,2769,particle_attached,떠+도,2026-10-07
ko,레베카,expert,2772,not_a_dictionary_headword,,2026-10-07
ko,리마,expert,2773,not_a_dictionary_headword,,2026-10-07
ko,리안,expert,2774,not_a_dictionary_headword,,2026-10-07
ko,립니,expert,2775,not_a_dictionary_headword,,2026-10-07
ko,마자,expert,2776,inflected_sentence_form,마+자,2026-10-07
ko,마지,expert,2777,inflected_sentence_form,마+지,2026-10-07
ko,매디슨,expert,2779,not_a_dictionary_headword,,2026-10-07
ko,메이플,expert,2780,not_a_dictionary_headword,,2026-10-07
ko,미암,expert,2784,not_a_dictionary_headword,,2026-10-07
ko,버클리,expert,2787,not_a_dictionary_headword,,2026-10-07
ko,베가스,expert,2789,not_a_dictionary_headword,,2026-10-07
ko,부안,expert,2793,not_a_dictionary_headword,,2026-10-07
ko,사르,expert,2795,fragment,사르다,2026-10-07
ko,살아온,expert,2797,not_a_dictionary_headword,,2026-10-07
ko,새겨진,expert,2799,not_a_dictionary_headword,,2026-10-07
ko,소마,expert,2800,not_a_dictionary_headword,,2026-10-07
ko,손오공,expert,2802,not_a_dictionary_headword,,2026-10-07
ko,스미,expert,2805,fragment,스미다,2026-10-07
ko,심했,expert,2808,not_a_dictionary_headword,,2026-10-07
ko,써니,expert,2809,inflected_sentence_form,써+니,2026-10-07
ko,아츠,expert,2811,not_a_dictionary_headword,,2026-10-07
ko,어택,expert,2814,not_a_dictionary_headword,,2026-10-07
ko,에리카,expert,2815,not_a_dictionary_headword,,2026-10-07
ko,엣,expert,2816,not_a_dictionary_headword,,2026-10-07
ko,연화,expert,2817,not_a_dictionary_headword,,2026-10-07
ko,예기,expert,2818,inflected_sentence_form,예+기,2026-10-07
ko,옥천,expert,2819,not_a_dictionary_headword,,2026-10-07
ko,올까,expert,2820,inflected_sentence_form,올+까,2026-10-07
ko,와이드,expert,2821,not_a_dictionary_headword,,2026-10-07
ko,유어,expert,2824,not_a_dictionary_headword,,2026-10-07
ko,이뤄졌,expert,2828,not_a_dictionary_headword,,2026-10-07
ko,이토,expert,2830,not_a_dictionary_headword,,2026-10-07
ko,이프,expert,2831,not_a_dictionary_headword,,2026-10-07
ko,조엘,expert,2843,not_a_dictionary_headword,,2026-10-07
ko,좆같,expert,2844,fragment,좆같다,2026-10-07
ko,찌질,expert,2847,not_a_dictionary_headword,,2026-10-07
ko,콥,expert,2852,not_a_dictionary_headword,,2026-10-07
ko,쿠로,expert,2853,not_a_dictionary_headword,,2026-10-07
ko,타카,expert,2854,not_a_dictionary_headword,,2026-10-07
ko,터리,expert,2857,not_a_dictionary_headword,,2026-10-07
ko,트라이,expert,2864,not_a_dictionary_headword,,2026-10-07
ko,페니,expert,2865,not_a_dictionary_headword,,2026-10-07
ko,플레이스,expert,2869,not_a_dictionary_headword,,2026-10-07
ko,간편,expert,2879,not_a_dictionary_headword,,2026-10-07
ko,걸린다,expert,2883,inflected_sentence_form,걸린+다,2026-10-07
ko,걸맞,expert,2884,fragment,걸맞다,2026-10-07
ko,게리,expert,2885,not_a_dictionary_headword,,2026-10-07
ko,기뻐요,expert,2893,inflected_sentence_form,기뻐+요,2026-10-07
ko,깜,expert,2895,not_a_dictionary_headword,,2026-10-07
ko,끌어내,expert,2896,fragment,끌어내다,2026-10-07
ko,나이다,expert,2899,particle_attached,나+이다,2026-10-07
ko,달려들,expert,2906,fragment,달려들다,2026-10-07
ko,데일,expert,2912,not_a_dictionary_headword,,2026-10-07
ko,둘러싸여,expert,2917,not_a_dictionary_headword,,2026-10-07
ko,들어갑니다,expert,2918,not_a_dictionary_headword,,2026-10-07
ko,들으면서,expert,2919,not_a_dictionary_headword,,2026-10-07
ko,또라이,expert,2920,not_a_dictionary_headword,,2026-10-07
ko,로렌,expert,2922,not_a_dictionary_headword,,2026-10-07
ko,루카,expert,2923,not_a_dictionary_headword,,2026-10-07
ko,리서치,expert,2924,not_a_dictionary_headword,,2026-10-07
ko,리자,expert,2925,inflected_sentence_form,리+자,2026-10-07
ko,리퍼,expert,2926,not_a_dictionary_headword,,2026-10-07
ko,멎,expert,2929,fragment,멎다,2026-10-07
ko,메트로,expert,2930,not_a_dictionary_headword,,2026-10-07
ko,모라,expert,2932,inflected_sentence_form,모+라,2026-10-07
ko,본다는,expert,2939,not_a_dictionary_headword,,2026-10-07
ko,부딪히,expert,2942,fragment,부딪히다,2026-10-07
ko,브래드,expert,2947,not_a_dictionary_headword,,2026-10-07
ko,사쿠,expert,2951,not_a_dictionary_headword,,2026-10-07
ko,사키,expert,2952,not_a_dictionary_headword,,2026-10-07
ko,세워진,expert,2959,not_a_dictionary_headword,,2026-10-07
ko,소나,expert,2960,particle_attached,소+나,2026-10-07
ko,수잔,expert,2963,not_a_dictionary_headword,,2026-10-07
ko,쉘,expert,2964,not_a_dictionary_headword,,2026-10-07
ko,시흥시,expert,2965,not_a_dictionary_headword,,2026-10-07
ko,아닌데요,expert,2968,not_a_dictionary_headword,,2026-10-07
ko,얼리,expert,2972,fragment,얼리다,2026-10-07
ko,오마이,expert,2974,not_a_dictionary_headword,,2026-10-07
ko,왜지,expert,2976,inflected_sentence_form,왜+지,2026-10-07
ko,원대,expert,2978,not_a_dictionary_headword,,2026-10-07
ko,유니크,expert,2981,not_a_dictionary_headword,,2026-10-07
ko,유스,expert,2982,not_a_dictionary_headword,,2026-10-07
ko,이뤄진,expert,2983,not_a_dictionary_headword,,2026-10-07
ko,이카,expert,2985,not_a_dictionary_headword,,2026-10-07
ko,이화,expert,2986,not_a_dictionary_headword,,2026-10-07
ko,자처,expert,2990,not_a_dictionary_headword,,2026-10-07
ja,い,easy,7,single_kana,,2026-10-07
ja,う,easy,19,single_kana,,2026-10-07
ja,え,easy,21,single_kana,,2026-10-07
ja,お,easy,23,single_kana,,2026-10-07
ja,か,easy,34,single_kana,,2026-10-07
ja,かっ,easy,42,fragment,,2026-10-07
ja,が,easy,49,single_kana,,2026-10-07
ja,き,easy,52,single_kana,,2026-10-07
ja,く,easy,66,single_kana,,2026-10-07
ja,け,easy,69,single_kana,,2026-10-07
ja,こ,easy,74,single_kana,,2026-10-07
ja,ご,easy,87,single_kana,,2026-10-07
ja,さ,easy,91,single_kana,,2026-10-07
ja,し,easy,100,single_kana,,2026-10-07
ja,じ,easy,118,single_kana,,2026-10-07
ja,す,easy,124,single_kana,,2026-10-07
ja,ず,easy,126,single_kana,,2026-10-07
ja,せ,easy,127,single_kana,,2026-10-07
ja,そ,easy,140,single_kana,,2026-10-07
ja,ぞ,easy,147,single_kana,,2026-10-07
ja,た,easy,148,single_kana,,2026-10-07
ja,だ,easy,156,single_kana,,2026-10-07
ja,ち,easy,159,single_kana,,2026-10-07
ja,つ,easy,169,single_kana,,2026-10-07
ja,て,easy,171,single_kana,,2026-10-07
ja,ど,easy,180,single_kana,,2026-10-07
ja,な,easy,185,single_kana,,2026-10-07
ja,に,easy,191,single_kana,,2026-10-07
ja,ね,easy,195,single_kana,,2026-10-07
ja,の,easy,197,single_kana,,2026-10-07
ja,は,easy,198,single_kana,,2026-10-07
ja,ば,easy,204,single_kana,,2026-10-07
ja,ひ,easy,206,single_kana,,2026-10-07
ja,ふ,easy,212,single_kana,,2026-10-07
ja,へ,easy,217,single_kana,,2026-10-07
ja,み,easy,228,single_kana,,2026-10-07
ja,め,easy,232,single_kana,,2026-10-07
ja,も,easy,233,single_kana,,2026-10-07
ja,や,easy,235,single_kana,,2026-10-07
ja,よ,easy,240,single_kana,,2026-10-07
ja,る,easy,248,single_kana,,2026-10-07
ja,ろ,easy,250,single_kana,,2026-10-07
ja,わ,easy,251,single_kana,,2026-10-07
ja,を,easy,252,single_kana,,2026-10-07
ja,かなっ,medium,143,fragment,,2026-10-07
ja,くださっ,medium,225,fragment,,2026-10-07
ja,げ,medium,253,single_kana,,2026-10-07
ja,こっ,medium,301,fragment,,2026-10-07
ja,そっ,medium,558,fragment,,2026-10-07
ja,たっ,medium,586,fragment,,2026-10-07
ja,つっ,medium,640,fragment,,2026-10-07
ja,ねっ,medium,741,fragment,,2026-10-07
ja,はっ,medium,759,fragment,,2026-10-07
ja,び,medium,796,single_kana,,2026-10-07
ja,ぶ,medium,808,single_kana,,2026-10-07
ja,ほ,medium,821,single_kana,,2026-10-07
ja,ぼ,medium,849,single_kana,,2026-10-07
ja,ぼっ,medium,853,fragment,,2026-10-07
ja,ぽ,medium,854,single_kana,,2026-10-07
ja,まくっ,medium,857,fragment,,2026-10-07
ja,む,medium,882,single_kana,,2026-10-07
ja,ゆ,medium,918,single_kana,,2026-10-07
ja,ょ,medium,930,fragment,,2026-10-07
ja,よっ,medium,941,fragment,,2026-10-07
ja,ぁぁ,hard,0,fragment,,2026-10-07
ja,ぁみりすぷ,hard,1,fragment,,2026-10-07
ja,あいてむ,hard,6,loanword_in_hiragana,アイテム,2026-10-07
ja,あうとどあ,hard,7,loanword_in_hiragana,アウトドア,2026-10-07
ja,あかうんと,hard,9,loanword_in_hiragana,アカウント,2026-10-07
ja,あがっ,hard,13,fragment,,2026-10-07
ja,あくせる,hard,20,loanword_in_hiragana,アクセル,2026-10-07
ja,あくせんと,hard,21,loanword_in_hiragana,アクセント,2026-10-07
ja,あっぷる,hard,35,loanword_in_hiragana,アップル,2026-10-07
ja,あとらくしょん,hard,36,loanword_in_hiragana,アトラクション,2026-10-07
ja,あとりえ,hard,37,loanword_in_hiragana,アトリエ,2026-10-07
ja,あどれす,hard,38,loanword_in_hiragana,アドレス,2026-10-07
ja,あなろぐ,hard,39,loanword_in_hiragana,アナログ,2026-10-07
ja,あにそん,hard,40,loanword_in_hiragana,アニソン,2026-10-07
ja,あふがにすたん,hard,41,loanword_in_hiragana,アフガニスタン,2026-10-07
ja,あぽ,hard,43,loanword_in_hiragana,アポ,2026-10-07
ja,あまちゅあ,hard,45,loanword_in_hiragana,アマチュア,2026-10-07
ja,あめりかん,hard,48,loanword_in_hiragana,アメリカン,2026-10-07
ja,あらそっ,hard,52,fragment,,2026-10-07
ja,あるばむ,hard,57,loanword_in_hiragana,アルバム,2026-10-07
ja,あるふぁべっと,hard,58,loanword_in_hiragana,アルファベット,2026-10-07
ja,あんぐる,hard,65,loanword_in_hiragana,アングル,2026-10-07
ja,あんてな,hard,67,loanword_in_hiragana,アンテナ,2026-10-07
ja,いぎりす,hard,80,loanword_in_hiragana,イギリス,2026-10-07
ja,いすらえる,hard,84,loanword_in_hiragana,イスラエル,2026-10-07
ja,いすらむ,hard,85,loanword_in_hiragana,イスラム,2026-10-07
ja,いらすと,hard,111,loanword_in_hiragana,イラスト,2026-10-07
ja,いんてりあ,hard,115,loanword_in_hiragana,インテリア,2026-10-07
ja,いんてる,hard,116,loanword_in_hiragana,インテル,2026-10-07
ja,いんぱくと,hard,117,loanword_in_hiragana,インパクト,2026-10-07
ja,ぅゆみゃは,hard,118,fragment,,2026-10-07
ja,うぃんどう,hard,120,loanword_in_hiragana,ウィンドウ,2026-10-07
ja,うえすと,hard,122,loanword_in_hiragana,ウエスト,2026-10-07
ja,うつしとっ,hard,135,fragment,,2026-10-07
ja,うらぎっ,hard,142,fragment,,2026-10-07
ja,うるとら,hard,146,loanword_in_hiragana,ウルトラ,2026-10-07
ja,うわまわっ,hard,148,fragment,,2026-10-07
ja,ぇいくしぇいく,hard,151,fragment,,2026-10-07
ja,ぇぇ,hard,152,fragment,,2026-10-07
ja,ぇむくりあ,hard,153,fragment,,2026-10-07
ja,えあ,hard,154,loanword_in_hiragana,エア,2026-10-07
ja,えあこん,hard,155,loanword_in_hiragana,エアコン,2026-10-07
ja,えじぷと,hard,160,loanword_in_hiragana,エジプト,2026-10-07
ja,えっせい,hard,161,loanword_in_hiragana,エッセイ,2026-10-07
ja,えふぇくと,hard,163,loanword_in_hiragana,エフェクト,2026-10-07
ja,えぷろん,hard,164,loanword_in_hiragana,エプロン,2026-10-07
ja,えんじにあ,hard,170,loanword_in_hiragana,エンジニア,2026-10-07
ja,えんぶれむ,hard,173,loanword_in_hiragana,エンブレム,2026-10-07
ja,おいしかっ,hard,174,fragment,,2026-10-07
ja,おかもと,hard,193,loanword_in_hiragana,オカモト,2026-10-07
ja,おそわっ,hard,208,fragment,,2026-10-07
ja,おた,hard,209,loanword_in_hiragana,オタ,2026-10-07
ja,おぷしょん,hard,223,loanword_in_hiragana,オプション,2026-10-07
ja,おもっ,hard,226,fragment,,2026-10-07
ja,おらんだ,hard,230,loanword_in_hiragana,オランダ,2026-10-07
ja,おりっくす,hard,232,loanword_in_hiragana,オリックス,2026-10-07
ja,かうんせりんぐ,hard,255,loanword_in_hiragana,カウンセリング,2026-10-07
ja,かうんと,hard,256,loanword_in_hiragana,カウント,2026-10-07
ja,かうんとだうん,hard,257,loanword_in_hiragana,カウントダウン,2026-10-07
ja,かじゅある,hard,271,loanword_in_hiragana,カジュアル,2026-10-07
ja,かせっと,hard,275,loanword_in_hiragana,カセット,2026-10-07
ja,かふぇいん,hard,286,loanword_in_hiragana,カフェイン,2026-10-07
ja,からふる,hard,295,loanword_in_hiragana,カラフル,2026-10-07
ja,かりすま,hard,296,loanword_in_hiragana,カリスマ,2026-10-07
ja,かるしうむ,hard,297,loanword_in_hiragana,カルシウム,2026-10-07
ja,かんぼじあ,hard,310,loanword_in_hiragana,カンボジア,2026-10-07
ja,がそりん,hard,323,loanword_in_hiragana,ガソリン,2026-10-07
ja,きっちん,hard,347,loanword_in_hiragana,キッチン,2026-10-07
ja,きゃっしゅ,hard,358,loanword_in_hiragana,キャッシュ,2026-10-07
ja,きゃっち,hard,359,loanword_in_hiragana,キャッチ,2026-10-07
ja,きゃっぷ,hard,360,loanword_in_hiragana,キャップ,2026-10-07
ja,きゃのん,hard,361,loanword_in_hiragana,キャノン,2026-10-07
ja,きゃばくら,hard,362,loanword_in_hiragana,キャバクラ,2026-10-07
ja,きゃぷてん,hard,363,loanword_in_hiragana,キャプテン,2026-10-07
ja,きゃろる,hard,364,loanword_in_hiragana,キャロル,2026-10-07
ja,きゃんせる,hard,365,loanword_in_hiragana,キャンセル,2026-10-07
ja,きゃんでぃ,hard,366,loanword_in_hiragana,キャンディ,2026-10-07
ja,ぎ,hard,405,single_kana,,2026-10-07
ja,ぎあ,hard,406,loanword_in_hiragana,ギア,2026-10-07
ja,ぎおうじせんは,hard,407,fragment,sentence tail,2026-10-07
ja,ぎかいとは,hard,409,fragment,sentence tail,2026-10-07
ja,ぎけもんじょは,hard,411,fragment,sentence tail,2026-10-07
ja,ぎじゅつきょうてい,hard,414,fragment,long unknown run,2026-10-07
ja,ぎちほうきょうりょくほんぶ,hard,420,fragment,long unknown run,2026-10-07
ja,ぎのまいは,hard,422,fragment,sentence tail,2026-10-07
ja,ぎのめたろうゆきのぶという,hard,423,fragment,sentence tail,2026-10-07
ja,ぎみっく,hard,426,loanword_in_hiragana,ギミック,2026-10-07
ja,ぎゃんぐ,hard,427,loanword_in_hiragana,ギャング,2026-10-07
ja,ぎようざんせいたん,hard,433,fragment,long unknown run,2026-10-07
ja,ぎわらかいぞくだん,hard,434,fragment,long unknown run,2026-10-07
ja,くえすと,hard,440,loanword_in_hiragana,クエスト,2026-10-07
ja,くおりてぃ,hard,441,loanword_in_hiragana,クオリティ,2026-10-07
ja,くちこみ,hard,452,loanword_in_hiragana,クチコミ,2026-10-07
ja,くらいまっくす,hard,459,loanword_in_hiragana,クライマックス,2026-10-07
ja,くらうん,hard,460,loanword_in_hiragana,クラウン,2026-10-07
ja,くらしっく,hard,461,loanword_in_hiragana,クラシック,2026-10-07
ja,くらふと,hard,462,loanword_in_hiragana,クラフト,2026-10-07
ja,くりえいてぃぶ,hard,464,loanword_in_hiragana,クリエイティブ,2026-10-07
ja,くりすたる,hard,466,loanword_in_hiragana,クリスタル,2026-10-07
ja,くりっぷ,hard,467,loanword_in_hiragana,クリップ,2026-10-07
ja,くりにっく,hard,468,loanword_in_hiragana,クリニック,2026-10-07
ja,くろっく,hard,474,loanword_in_hiragana,クロック,2026-10-07
ja,ぐさはちまんぐうは,hard,478,fragment,sentence tail,2026-10-07
ja,ぐつのきは,hard,481,fragment,sentence tail,2026-10-07
ja,ぐらうんど,hard,482,loanword_in_hiragana,グラウンド,2026-10-07
ja,ぐらびあ,hard,484,loanword_in_hiragana,グラビア,2026-10-07
ja,ぐらんど,hard,485,loanword_in_hiragana,グランド,2026-10-07
ja,ぐりっど,hard,486,loanword_in_hiragana,グリッド,2026-10-07
ja,ぐろあおぬかめとは,hard,487,fragment,sentence tail,2026-10-07
ja,ぐんけいりがっこう,hard,488,fragment,long unknown run,2026-10-07
ja,ぐんけんりつしぜんこうえんは,hard,489,fragment,sentence tail,2026-10-07
ja,ぐんこうくうたいは,hard,490,fragment,sentence tail,2026-10-07
ja,けあ,hard,492,loanword_in_hiragana,ケア,2026-10-07
ja,けっ,hard,498,fragment,,2026-10-07
ja,げる,hard,522,loanword_in_hiragana,ゲル,2026-10-07
ja,こまんど,hard,570,loanword_in_hiragana,コマンド,2026-10-07
ja,こみっくす,hard,572,loanword_in_hiragana,コミックス,2026-10-07
ja,こめでぃ,hard,575,loanword_in_hiragana,コメディ,2026-10-07
ja,ころっけ,hard,582,loanword_in_hiragana,コロッケ,2026-10-07
ja,こんてすと,hard,587,loanword_in_hiragana,コンテスト,2026-10-07
ja,こんてな,hard,588,loanword_in_hiragana,コンテナ,2026-10-07
ja,ごしっく,hard,602,loanword_in_hiragana,ゴシック,2026-10-07
ja,ごむ,hard,608,loanword_in_hiragana,ゴム,2026-10-07
ja,さいえんす,hard,610,loanword_in_hiragana,サイエンス,2026-10-07
ja,さいこぱす,hard,615,loanword_in_hiragana,サイコパス,2026-10-07
ja,さうんど,hard,629,loanword_in_hiragana,サウンド,2026-10-07
ja,さっくす,hard,642,loanword_in_hiragana,サックス,2026-10-07
ja,さばいばる,hard,646,loanword_in_hiragana,サバイバル,2026-10-07
ja,さみっと,hard,648,loanword_in_hiragana,サミット,2026-10-07
ja,さんぐらす,hard,655,loanword_in_hiragana,サングラス,2026-10-07
ja,さんだる,hard,658,loanword_in_hiragana,サンダル,2026-10-07
ja,ざ,hard,661,single_kana,,2026-10-07
ja,ざいいちらんは,hard,663,fragment,sentence tail,2026-10-07
ja,ざいおうぶつは,hard,664,fragment,sentence tail,2026-10-07
ja,ざいほうしゅうとは,hard,668,fragment,sentence tail,2026-10-07
ja,ざいようえきは,hard,671,fragment,sentence tail,2026-10-07
ja,ざうぶつしやといふものなり,hard,672,fragment,sentence tail,2026-10-07
ja,ざえいぎょうじむしょとは,hard,673,fragment,sentence tail,2026-10-07
ja,ざかいていしゃじょうせんは,hard,674,fragment,sentence tail,2026-10-07
ja,ざきちゅうけいきょくとして,hard,675,fragment,sentence tail,2026-10-07
ja,ざきみちえきは,hard,676,fragment,sentence tail,2026-10-07
ja,ざとえきは,hard,680,fragment,sentence tail,2026-10-07
ja,ざなりにしましたし,hard,682,fragment,long unknown run,2026-10-07
ja,ざひのみのみやほうかじけんとは,hard,683,fragment,sentence tail,2026-10-07
ja,ざわえきは,hard,686,fragment,sentence tail,2026-10-07
ja,ざわけいさつしょは,hard,687,fragment,sentence tail,2026-10-07
ja,ざわこうぎょうこうとうがっこう,hard,688,fragment,long unknown run,2026-10-07
ja,ざわしきさいてんほうとは,hard,689,fragment,sentence tail,2026-10-07
ja,ざわせんは,hard,690,fragment,sentence tail,2026-10-07
ja,ざわちほうほうむきょくは,hard,691,fragment,sentence tail,2026-10-07
ja,ざわりくぐんひこうがっこうは,hard,693,fragment,sentence tail,2026-10-07
ja,ざわわだは,hard,694,fragment,sentence tail,2026-10-07
ja,ざんこうとうすいさんがっこう,hard,695,fragment,long unknown run,2026-10-07
ja,しぐなる,hard,706,loanword_in_hiragana,シグナル,2026-10-07
ja,したがっ,hard,716,fragment,,2026-10-07
ja,しべりあ,hard,735,loanword_in_hiragana,シベリア,2026-10-07
ja,しゃふと,hard,747,loanword_in_hiragana,シャフト,2026-10-07
ja,しゃべっ,hard,748,fragment,,2026-10-07
ja,しゃんはい,hard,750,loanword_in_hiragana,シャンハイ,2026-10-07
ja,しゃんぱん,hard,751,loanword_in_hiragana,シャンパン,2026-10-07
ja,しりあす,hard,805,loanword_in_hiragana,シリアス,2026-10-07
ja,しりあっ,hard,806,fragment,,2026-10-07
ja,しりある,hard,807,loanword_in_hiragana,シリアル,2026-10-07
ja,しるえっと,hard,809,loanword_in_hiragana,シルエット,2026-10-07
ja,しんぐる,hard,815,loanword_in_hiragana,シングル,2026-10-07
ja,じぇっと,hard,830,loanword_in_hiragana,ジェット,2026-10-07
ja,じゃっ,hard,844,fragment,,2026-10-07
ja,じゃんく,hard,845,loanword_in_hiragana,ジャンク,2026-10-07
ja,じゃんぐる,hard,846,loanword_in_hiragana,ジャングル,2026-10-07
ja,じょなさん,hard,871,loanword_in_hiragana,ジョナサン,2026-10-07
ja,じる,hard,875,loanword_in_hiragana,ジル,2026-10-07
ja,すかうと,hard,888,loanword_in_hiragana,スカウト,2026-10-07
ja,すきゃん,hard,891,loanword_in_hiragana,スキャン,2026-10-07
ja,すくえあ,hard,892,loanword_in_hiragana,スクエア,2026-10-07
ja,すくしょ,hard,893,loanword_in_hiragana,スクショ,2026-10-07
ja,すくりぷと,hard,895,loanword_in_hiragana,スクリプト,2026-10-07
ja,すこっとらんど,hard,897,loanword_in_hiragana,スコットランド,2026-10-07
ja,すごかっ,hard,899,fragment,,2026-10-07
ja,すたじあむ,hard,902,loanword_in_hiragana,スタジアム,2026-10-07
ja,すたみな,hard,903,loanword_in_hiragana,スタミナ,2026-10-07
ja,すためん,hard,904,loanword_in_hiragana,スタメン,2026-10-07
ja,すたんす,hard,905,loanword_in_hiragana,スタンス,2026-10-07
ja,すてっぷ,hard,910,loanword_in_hiragana,ステップ,2026-10-07
ja,すてれお,hard,911,loanword_in_hiragana,ステレオ,2026-10-07
ja,すてんれす,hard,912,loanword_in_hiragana,ステンレス,2026-10-07
ja,すとっぷ,hard,913,loanword_in_hiragana,ストップ,2026-10-07
ja,すとれす,hard,914,loanword_in_hiragana,ストレス,2026-10-07
ja,すなっく,hard,915,loanword_in_hiragana,スナック,2026-10-07
ja,すぱ,hard,916,loanword_in_hiragana,スパ,2026-10-07
ja,すぱいす,hard,917,loanword_in_hiragana,スパイス,2026-10-07
ja,すぷりんぐ,hard,918,loanword_in_hiragana,スプリング,2026-10-07
ja,すぺっく,hard,919,loanword_in_hiragana,スペック,2026-10-07
ja,すぽ,hard,920,loanword_in_hiragana,スポ,2026-10-07
ja,すまいる,hard,921,loanword_in_hiragana,スマイル,2026-10-07
ja,すりっぷ,hard,924,loanword_in_hiragana,スリップ,2026-10-07
ja,せかんど,hard,937,loanword_in_hiragana,セカンド,2026-10-07
ja,せくしょん,hard,939,loanword_in_hiragana,セクション,2026-10-07
ja,せっしょん,hard,942,loanword_in_hiragana,セッション,2026-10-07
ja,せらぴすと,hard,946,loanword_in_hiragana,セラピスト,2026-10-07
ja,せれくと,hard,947,loanword_in_hiragana,セレクト,2026-10-07
ja,せんとらる,hard,955,loanword_in_hiragana,セントラル,2026-10-07
ja,ぜみ,hard,965,loanword_in_hiragana,ゼミ,2026-10-07
ja,ぜろ,hard,966,loanword_in_hiragana,ゼロ,2026-10-07
ja,そしゃげ,hard,994,loanword_in_hiragana,ソシャゲ,2026-10-07
ja,そっくす,hard,996,loanword_in_hiragana,ソックス,2026-10-07
ja,そふぃあ,hard,999,loanword_in_hiragana,ソフィア,2026-10-07
ja,そろっ,hard,1000,fragment,,2026-10-07
ja,たいみんぐ,hard,1019,loanword_in_hiragana,タイミング,2026-10-07
ja,ただしかっ,hard,1037,fragment,,2026-10-07
ja,たっくる,hard,1041,loanword_in_hiragana,タックル,2026-10-07
ja,たぶれっと,hard,1044,loanword_in_hiragana,タブレット,2026-10-07
ja,たまっ,hard,1046,fragment,,2026-10-07
ja,だいれくと,hard,1069,loanword_in_hiragana,ダイレクト,2026-10-07
ja,だむ,hard,1074,loanword_in_hiragana,ダム,2026-10-07
ja,ちぇんじ,hard,1087,loanword_in_hiragana,チェンジ,2026-10-07
ja,ちべっと,hard,1098,loanword_in_hiragana,チベット,2026-10-07
ja,ちゃいな,hard,1102,loanword_in_hiragana,チャイナ,2026-10-07
ja,ちゃお,hard,1103,loanword_in_hiragana,チャオ,2026-10-07
ja,ちゃっく,hard,1107,loanword_in_hiragana,チャック,2026-10-07
ja,ちゃんす,hard,1108,loanword_in_hiragana,チャンス,2026-10-07
ja,ちょいす,hard,1114,loanword_in_hiragana,チョイス,2026-10-07
ja,ちょうせんはんしま,hard,1123,fragment,long unknown run,2026-10-07
ja,つかっ,hard,1147,fragment,,2026-10-07
ja,づちじんじゃは,hard,1164,fragment,sentence tail,2026-10-07
ja,づなりきしひは,hard,1165,fragment,sentence tail,2026-10-07
ja,づのはんそうは,hard,1167,fragment,sentence tail,2026-10-07
ja,づはらはちまんぐうじんじゃは,hard,1168,fragment,sentence tail,2026-10-07
ja,づまかいづかは,hard,1169,fragment,sentence tail,2026-10-07
ja,てきさす,hard,1180,loanword_in_hiragana,テキサス,2026-10-07
ja,てくにっく,hard,1183,loanword_in_hiragana,テクニック,2026-10-07
ja,てろ,hard,1193,loanword_in_hiragana,テロ,2026-10-07
ja,てろりすと,hard,1194,loanword_in_hiragana,テロリスト,2026-10-07
ja,てんしょん,hard,1197,loanword_in_hiragana,テンション,2026-10-07
ja,でぃすく,hard,1204,loanword_in_hiragana,ディスク,2026-10-07
ja,でじたる,hard,1205,loanword_in_hiragana,デジタル,2026-10-07
ja,でばいす,hard,1207,loanword_in_hiragana,デバイス,2026-10-07
ja,でふぉると,hard,1208,loanword_in_hiragana,デフォルト,2026-10-07
ja,でま,hard,1209,loanword_in_hiragana,デマ,2026-10-07
ja,でらっくす,hard,1212,loanword_in_hiragana,デラックス,2026-10-07
ja,でりへる,hard,1213,loanword_in_hiragana,デリヘル,2026-10-07
ja,とらいある,hard,1238,loanword_in_hiragana,トライアル,2026-10-07
ja,とらうま,hard,1239,loanword_in_hiragana,トラウマ,2026-10-07
ja,とらっく,hard,1240,loanword_in_hiragana,トラック,2026-10-07
ja,とらんく,hard,1241,loanword_in_hiragana,トランク,2026-10-07
ja,とりぷる,hard,1246,loanword_in_hiragana,トリプル,2026-10-07
ja,どめいん,hard,1262,loanword_in_hiragana,ドメイン,2026-10-07
ja,どらくえ,hard,1265,loanword_in_hiragana,ドラクエ,2026-10-07
ja,どらごん,hard,1266,loanword_in_hiragana,ドラゴン,2026-10-07
ja,どらっぐ,hard,1267,loanword_in_hiragana,ドラッグ,2026-10-07
ja,どらふと,hard,1268,loanword_in_hiragana,ドラフト,2026-10-07
ja,どりんく,hard,1270,loanword_in_hiragana,ドリンク,2026-10-07
ja,どろっぷ,hard,1271,loanword_in_hiragana,ドロップ,2026-10-07
ja,ながかっ,hard,1281,fragment,,2026-10-07
ja,なしょなる,hard,1284,loanword_in_hiragana,ナショナル,2026-10-07
ja,なち,hard,1286,loanword_in_hiragana,ナチ,2026-10-07
ja,なちゅらる,hard,1287,loanword_in_hiragana,ナチュラル,2026-10-07
ja,なとりうむ,hard,1289,loanword_in_hiragana,ナトリウム,2026-10-07
ja,なぽれおん,hard,1293,loanword_in_hiragana,ナポレオン,2026-10-07
ja,なりたっ,hard,1295,fragment,,2026-10-07
ja,にす,hard,1314,loanword_in_hiragana,ニス,2026-10-07
ja,にゅあんす,hard,1321,loanword_in_hiragana,ニュアンス,2026-10-07
ja,ねいてぃぶ,hard,1330,loanword_in_hiragana,ネイティブ,2026-10-07
ja,のあ,hard,1338,loanword_in_hiragana,ノア,2026-10-07
ja,のっ,hard,1346,fragment,,2026-10-07
ja,はいっ,hard,1356,fragment,,2026-10-07
ja,はいてく,hard,1357,loanword_in_hiragana,ハイテク,2026-10-07
ja,はっきんぐ,hard,1366,loanword_in_hiragana,ハッキング,2026-10-07
ja,はっしゅ,hard,1367,loanword_in_hiragana,ハッシュ,2026-10-07
ja,はどそん,hard,1375,loanword_in_hiragana,ハドソン,2026-10-07
ja,はなしあっ,hard,1379,fragment,,2026-10-07
ja,はまっ,hard,1383,fragment,,2026-10-07
ja,はりうっど,hard,1388,loanword_in_hiragana,ハリウッド,2026-10-07
ja,はろうぃん,hard,1389,loanword_in_hiragana,ハロウィン,2026-10-07
ja,はんどる,hard,1404,loanword_in_hiragana,ハンドル,2026-10-07
ja,ばいきんぐ,hard,1407,loanword_in_hiragana,バイキング,2026-10-07
ja,ばすけっと,hard,1415,loanword_in_hiragana,バスケット,2026-10-07
ja,ばっ,hard,1417,fragment,,2026-10-07
ja,ばっとまん,hard,1419,loanword_in_hiragana,バットマン,2026-10-07
ja,ばらえてぃ,hard,1422,loanword_in_hiragana,バラエティ,2026-10-07
ja,ばるせろな,hard,1425,loanword_in_hiragana,バルセロナ,2026-10-07
ja,ぱ,hard,1428,single_kana,,2026-10-07
ja,ぱちすろ,hard,1430,loanword_in_hiragana,パチスロ,2026-10-07
ja,ぱらりんぴっく,hard,1433,loanword_in_hiragana,パラリンピック,2026-10-07
ja,ぱろでぃ,hard,1434,loanword_in_hiragana,パロディ,2026-10-07
ja,ぱんじんによる,hard,1435,fragment,sentence tail,2026-10-07
ja,ぱんてぃ,hard,1436,loanword_in_hiragana,パンティ,2026-10-07
ja,ひっ,hard,1448,fragment,,2026-10-07
ja,びざ,hard,1464,loanword_in_hiragana,ビザ,2026-10-07
ja,びじねす,hard,1465,loanword_in_hiragana,ビジネス,2026-10-07
ja,びじゅつかんは,hard,1466,fragment,sentence tail,2026-10-07
ja,びようせんもんがっこうは,hard,1469,fragment,sentence tail,2026-10-07
ja,ぴ,hard,1472,single_kana,,2026-10-07
ja,ぴかちゅう,hard,1473,loanword_in_hiragana,ピカチュウ,2026-10-07
ja,ぴすとん,hard,1474,loanword_in_hiragana,ピストン,2026-10-07
ja,ぴたんぴょこんへっちゃんこ,hard,1475,fragment,long unknown run,2026-10-07
ja,ぴらみっど,hard,1477,loanword_in_hiragana,ピラミッド,2026-10-07
ja,ふぁ,hard,1478,loanword_in_hiragana,ファ,2026-10-07
ja,ふぁいあ,hard,1479,loanword_in_hiragana,ファイア,2026-10-07
ja,ふぁいと,hard,1480,loanword_in_hiragana,ファイト,2026-10-07
ja,ふぁいる,hard,1481,loanword_in_hiragana,ファイル,2026-10-07
ja,ふぁみこん,hard,1482,loanword_in_hiragana,ファミコン,2026-10-07
ja,ふぃっと,hard,1483,loanword_in_hiragana,フィット,2026-10-07
ja,ふぃりぴん,hard,1485,loanword_in_hiragana,フィリピン,2026-10-07
ja,ふぇ,hard,1487,loanword_in_hiragana,フェ,2026-10-07
ja,ふぇいす,hard,1488,loanword_in_hiragana,フェイス,2026-10-07
ja,ふぇんす,hard,1489,loanword_in_hiragana,フェンス,2026-10-07
ja,ふぉっくす,hard,1490,loanword_in_hiragana,フォックス,2026-10-07
ja,ふぉるだ,hard,1491,loanword_in_hiragana,フォルダ,2026-10-07
ja,ふじてれび,hard,1507,loanword_in_hiragana,フジテレビ,2026-10-07
ja,ふっ,hard,1513,fragment,,2026-10-07
ja,ふらいぱん,hard,1520,loanword_in_hiragana,フライパン,2026-10-07
ja,ふらっしゅ,hard,1521,loanword_in_hiragana,フラッシュ,2026-10-07
ja,ふらんく,hard,1522,loanword_in_hiragana,フランク,2026-10-07
ja,ふれっしゅ,hard,1528,loanword_in_hiragana,フレッシュ,2026-10-07
ja,ふれんず,hard,1529,loanword_in_hiragana,フレンズ,2026-10-07
ja,ふれんち,hard,1530,loanword_in_hiragana,フレンチ,2026-10-07
ja,ぶらうざ,hard,1541,loanword_in_hiragana,ブラウザ,2026-10-07
ja,ぶらうん,hard,1542,loanword_in_hiragana,ブラウン,2026-10-07
ja,ぶらんど,hard,1543,loanword_in_hiragana,ブランド,2026-10-07
ja,ぶろっく,hard,1546,loanword_in_hiragana,ブロック,2026-10-07
ja,ぷ,hard,1556,single_kana,,2026-10-07
ja,ぷっしゅ,hard,1559,loanword_in_hiragana,プッシュ,2026-10-07
ja,ぷよぷよもいっしょ,hard,1560,fragment,long unknown run,2026-10-07
ja,ぷらいす,hard,1561,loanword_in_hiragana,プライス,2026-10-07
ja,ぷらんと,hard,1562,loanword_in_hiragana,プラント,2026-10-07
ja,ぷりんた,hard,1564,loanword_in_hiragana,プリンタ,2026-10-07
ja,ぷれぜん,hard,1565,loanword_in_hiragana,プレゼン,2026-10-07
ja,ぷれみあ,hard,1566,loanword_in_hiragana,プレミア,2026-10-07
ja,ぷろぐらみんぐ,hard,1567,loanword_in_hiragana,プログラミング,2026-10-07
ja,ぷろぐらむ,hard,1568,loanword_in_hiragana,プログラム,2026-10-07
ja,ぷろせす,hard,1569,loanword_in_hiragana,プロセス,2026-10-07
ja,ぷろだくしょん,hard,1570,loanword_in_hiragana,プロダクション,2026-10-07
ja,ぷろていん,hard,1571,loanword_in_hiragana,プロテイン,2026-10-07
ja,ぷろとこる,hard,1572,loanword_in_hiragana,プロトコル,2026-10-07
ja,ぷろふぇっしょなる,hard,1573,loanword_in_hiragana,プロフェッショナル,2026-10-07
ja,ぷろれす,hard,1574,loanword_in_hiragana,プロレス,2026-10-07
ja,へあ,hard,1575,loanword_in_hiragana,ヘア,2026-10-07
ja,へっ,hard,1583,fragment,,2026-10-07
ja,へっどほん,hard,1584,loanword_in_hiragana,ヘッドホン,2026-10-07
ja,へるめっと,hard,1586,loanword_in_hiragana,ヘルメット,2026-10-07
ja,べあ,hard,1590,loanword_in_hiragana,ベア,2026-10-07
ja,べくとる,hard,1591,loanword_in_hiragana,ベクトル,2026-10-07
ja,べらんだ,hard,1594,loanword_in_hiragana,ベランダ,2026-10-07
ja,べるりん,hard,1595,loanword_in_hiragana,ベルリン,2026-10-07
ja,ぺいんと,hard,1598,loanword_in_hiragana,ペイント,2026-10-07
ja,ぺったんしゅりけん,hard,1599,fragment,long unknown run,2026-10-07
ja,ぺなるてぃ,hard,1600,loanword_in_hiragana,ペナルティ,2026-10-07
ja,ほるもん,hard,1615,loanword_in_hiragana,ホルモン,2026-10-07
ja,ぼす,hard,1634,loanword_in_hiragana,ボス,2026-10-07
ja,ぼすとん,hard,1635,loanword_in_hiragana,ボストン,2026-10-07
ja,ぼぶ,hard,1638,loanword_in_hiragana,ボブ,2026-10-07
ja,ぽるとがる,hard,1641,loanword_in_hiragana,ポルトガル,2026-10-07
ja,まいんど,hard,1643,loanword_in_hiragana,マインド,2026-10-07
ja,まがじん,hard,1646,loanword_in_hiragana,マガジン,2026-10-07
ja,まことっ,hard,1648,fragment,,2026-10-07
ja,まじっく,hard,1650,loanword_in_hiragana,マジック,2026-10-07
ja,まっくす,hard,1653,loanword_in_hiragana,マックス,2026-10-07
ja,まらそん,hard,1663,loanword_in_hiragana,マラソン,2026-10-07
ja,みねらる,hard,1688,loanword_in_hiragana,ミネラル,2026-10-07
ja,みらくる,hard,1693,loanword_in_hiragana,ミラクル,2026-10-07
ja,みりおん,hard,1694,loanword_in_hiragana,ミリオン,2026-10-07
ja,むちょうどうぶつは,hard,1702,fragment,sentence tail,2026-10-07
ja,むとりあつかいとは,hard,1703,fragment,sentence tail,2026-10-07
ja,むろじどうしゃがっこうは,hard,1706,fragment,sentence tail,2026-10-07
ja,むろだいいちひこうじょうとは,hard,1707,fragment,sentence tail,2026-10-07
ja,めそっど,hard,1717,loanword_in_hiragana,メソッド,2026-10-07
ja,めるかり,hard,1719,loanword_in_hiragana,メルカリ,2026-10-07
ja,めんへら,hard,1723,loanword_in_hiragana,メンヘラ,2026-10-07
ja,ものくろ,hard,1731,loanword_in_hiragana,モノクロ,2026-10-07
ja,もんごる,hard,1737,loanword_in_hiragana,モンゴル,2026-10-07
ja,ゃかいいどうという,hard,1738,fragment,,2026-10-07
ja,ゃけんさきょうかい,hard,1739,fragment,,2026-10-07
ja,ゃしゅつほうしというのは,hard,1740,fragment,,2026-10-07
ja,ゃじょうせきすいけいせん,hard,1741,fragment,,2026-10-07
ja,ゃたにさんぎょうは,hard,1742,fragment,,2026-10-07
ja,ゃとちぎこうじょう,hard,1743,fragment,,2026-10-07
ja,ゃべりしていないでさっさと,hard,1744,fragment,,2026-10-07
ja,ゃましますしちょうそんまちかど,hard,1745,fragment,,2026-10-07
ja,ゃゆめこうぼうとは,hard,1746,fragment,,2026-10-07
ja,ゃんあずみのいえのとうちゃん,hard,1747,fragment,,2026-10-07
ja,やすかっ,hard,1757,fragment,,2026-10-07
ja,やふおく,hard,1763,loanword_in_hiragana,ヤフオク,2026-10-07
ja,ゅいりょうきかんれんごうかいは,hard,1767,fragment,,2026-10-07
ja,ゅう,hard,1768,fragment,,2026-10-07
ja,ゅうえつこっきょうふんそうは,hard,1769,fragment,,2026-10-07
ja,ゅうおうけいさつだいがく,hard,1770,fragment,,2026-10-07
ja,ゅうおうこうえんは,hard,1771,fragment,,2026-10-07
ja,ゅうおうこうとうがっこう,hard,1772,fragment,,2026-10-07
ja,ゅうおうしじゅうろくしつ,hard,1773,fragment,,2026-10-07
ja,ゅうおうていしゃじょうせんは,hard,1774,fragment,,2026-10-07
ja,ゅうおうろうさいびょういんは,hard,1775,fragment,,2026-10-07
ja,ゅうかわいていしゃじょうせんは,hard,1776,fragment,,2026-10-07
ja,ゅうがくいんやまばなせんは,hard,1777,fragment,,2026-10-07
ja,ゅうがくせいついらくしじけんは,hard,1778,fragment,,2026-10-07
ja,ゅうがつさいれいは,hard,1779,fragment,,2026-10-07
ja,ゅうきゅうぎんこう,hard,1780,fragment,,2026-10-07
ja,ゅうこもろほんじん,hard,1781,fragment,,2026-10-07
ja,ゅうごうろんという,hard,1782,fragment,,2026-10-07
ja,ゅうごくひゃくめいざんは,hard,1783,fragment,,2026-10-07
ja,ゅうさんかんのんれいじょうは,hard,1784,fragment,,2026-10-07
ja,ゅうしゅうおんせんどうは,hard,1785,fragment,,2026-10-07
ja,ゅうしゅうしりつももぞのしみん,hard,1786,fragment,,2026-10-07
ja,ゅうしょくせいこう,hard,1787,fragment,,2026-10-07
ja,ゅうじごかねんけいかくは,hard,1788,fragment,,2026-10-07
ja,ゅうじしっしんとは,hard,1789,fragment,,2026-10-07
ja,ゅうじしゃくどうきはつでんきは,hard,1790,fragment,,2026-10-07
ja,ゅうだいいちしょうがっこうは,hard,1791,fragment,,2026-10-07
ja,ゅうつうさんぎょう,hard,1792,fragment,,2026-10-07
ja,ゅうとくまるがはら,hard,1793,fragment,,2026-10-07
ja,ゅうどうかいという,hard,1794,fragment,,2026-10-07
ja,ゅうどじんほごほう,hard,1795,fragment,,2026-10-07
ja,ゅうなかがわえきは,hard,1796,fragment,,2026-10-07
ja,ゅうなかむらけじゅうたくは,hard,1797,fragment,,2026-10-07
ja,ゅうはちふつうかれんたい,hard,1798,fragment,,2026-10-07
ja,ゅうふにほうもんの,hard,1799,fragment,,2026-10-07
ja,ゅうるもいさがけぎょばは,hard,1800,fragment,,2026-10-07
ja,ゅうろうけいぞくしえんとは,hard,1801,fragment,,2026-10-07
ja,ゅくなどうめいとけいやく,hard,1802,fragment,,2026-10-07
ja,ゅくりょうこしゅうという,hard,1803,fragment,,2026-10-07
ja,ゅこうせいかいぎは,hard,1804,fragment,,2026-10-07
ja,ゅせいめいほけんは,hard,1805,fragment,,2026-10-07
ja,ゅせんどうそうごうびょういんは,hard,1806,fragment,,2026-10-07
ja,ゅへいわとういつかいぎは,hard,1807,fragment,,2026-10-07
ja,ゅようこくしゅのうかいぎ,hard,1808,fragment,,2026-10-07
ja,ゅんとくいんのひょうえのないし,hard,1809,fragment,,2026-10-07
ja,ょあんだいしどうは,hard,1827,fragment,,2026-10-07
ja,ょういりょうせんもんがっこうは,hard,1828,fragment,,2026-10-07
ja,ょうかいそうごうけんきゅうしょ,hard,1829,fragment,,2026-10-07
ja,ょうかりじょうこうじょうは,hard,1830,fragment,,2026-10-07
ja,ょうがいしゃしょくぎょう,hard,1831,fragment,,2026-10-07
ja,ょうがさきかちょう,hard,1832,fragment,,2026-10-07
ja,ょうきゅうのらんは,hard,1833,fragment,,2026-10-07
ja,ょうきょうぎじょうとなった,hard,1834,fragment,,2026-10-07
ja,ょうぎせんしゅけんたいかいは,hard,1835,fragment,,2026-10-07
ja,ょうぎょうこうとうがっこうは,hard,1836,fragment,,2026-10-07
ja,ょうけっていせんは,hard,1837,fragment,,2026-10-07
ja,ょうけんりつしぜんこうえんは,hard,1838,fragment,,2026-10-07
ja,ょうこうせいしゅっけつねつ,hard,1839,fragment,,2026-10-07
ja,ょうこうぶっちょう,hard,1840,fragment,,2026-10-07
ja,ょうさいんさつがいじけんとは,hard,1841,fragment,,2026-10-07
ja,ょうするさくひんのいちらんは,hard,1842,fragment,,2026-10-07
ja,ょうせきゆりゅうしゅつじこは,hard,1843,fragment,,2026-10-07
ja,ょうせんぎゃくさつじけん,hard,1844,fragment,,2026-10-07
ja,ょうせんとろんとは,hard,1845,fragment,,2026-10-07
ja,ょうせんもんいとは,hard,1846,fragment,,2026-10-07
ja,ょうだいがくほうがくぶは,hard,1847,fragment,,2026-10-07
ja,ょうだんなごやきょうかいは,hard,1848,fragment,,2026-10-07
ja,ょうちゅうがっこう,hard,1849,fragment,,2026-10-07
ja,ょうとうがっこうは,hard,1850,fragment,,2026-10-07
ja,ょうとひろがわらみやませんは,hard,1851,fragment,,2026-10-07
ja,ょうとやくがくせんもんがっこう,hard,1852,fragment,,2026-10-07
ja,ょうどうくみあいれんごうかいは,hard,1853,fragment,,2026-10-07
ja,ょうどうさいがいぼきんは,hard,1854,fragment,,2026-10-07
ja,ょうなんこうとうがっこう,hard,1855,fragment,,2026-10-07
ja,ょうのうぎょうこうとうがっこう,hard,1856,fragment,,2026-10-07
ja,ょうばんゆらいせいちょういんし,hard,1857,fragment,,2026-10-07
ja,ょうふくしせんもんがっこうは,hard,1858,fragment,,2026-10-07
ja,ょうぶんりのれきし,hard,1859,fragment,,2026-10-07
ja,ょうほあんほんぶは,hard,1860,fragment,,2026-10-07
ja,ょうほうそうがっしょうだんは,hard,1861,fragment,,2026-10-07
ja,ょうほぜんけんきゅうかいは,hard,1862,fragment,,2026-10-07
ja,ょうぼうくみあいは,hard,1863,fragment,,2026-10-07
ja,ょうやまこうえんは,hard,1864,fragment,,2026-10-07
ja,ょうよどえていしゃじょうせん,hard,1865,fragment,,2026-10-07
ja,ょうりつつなんちゅうがっこうは,hard,1866,fragment,,2026-10-07
ja,ょうりゅうせいけん,hard,1867,fragment,,2026-10-07
ja,ょうりょうともいう,hard,1868,fragment,,2026-10-07
ja,ょうりょくきょてん,hard,1869,fragment,,2026-10-07
ja,ょうろくほんしゅうしょは,hard,1870,fragment,,2026-10-07
ja,ょくぜんようこくみんたいいく,hard,1871,fragment,,2026-10-07
ja,ょくはつでんしょは,hard,1872,fragment,,2026-10-07
ja,ょくひんさんぎょう,hard,1873,fragment,,2026-10-07
ja,ょしせんしゅけんたいかいは,hard,1874,fragment,,2026-10-07
ja,ょっかっこうしゃく,hard,1875,fragment,,2026-10-07
ja,ょっこうひょうとは,hard,1876,fragment,,2026-10-07
ja,ょひたちそうごうびょういんは,hard,1877,fragment,,2026-10-07
ja,ょぼらうにょぽみに,hard,1878,fragment,,2026-10-07
ja,よそおっ,hard,1891,fragment,,2026-10-07
ja,らうんじ,hard,1904,loanword_in_hiragana,ラウンジ,2026-10-07
ja,らうんど,hard,1905,loanword_in_hiragana,ラウンド,2026-10-07
ja,らっしゅ,hard,1911,loanword_in_hiragana,ラッシュ,2026-10-07
ja,らっせる,hard,1912,loanword_in_hiragana,ラッセル,2026-10-07
ja,らんだむ,hard,1915,loanword_in_hiragana,ランダム,2026-10-07
ja,りせっと,hard,1920,loanword_in_hiragana,リセット,2026-10-07
ja,れっすん,hard,1939,loanword_in_hiragana,レッスン,2026-10-07
ja,ろけっと,hard,1954,loanword_in_hiragana,ロケット,2026-10-07
ja,ろぼっと,hard,1955,loanword_in_hiragana,ロボット,2026-10-07
ja,ろまんす,hard,1956,loanword_in_hiragana,ロマンス,2026-10-07
ja,ろりこん,hard,1958,loanword_in_hiragana,ロリコン,2026-10-07
ja,わくちん,hard,1961,loanword_in_hiragana,ワクチン,2026-10-07
ja,わんまん,hard,1969,loanword_in_hiragana,ワンマン,2026-10-07
ja,あいぬ,expert,3,loanword_in_hiragana,アイヌ,2026-10-07
ja,あげつらっ,expert,25,fragment,,2026-10-07
ja,あなる,expert,63,loanword_in_hiragana,アナル,2026-10-07
ja,あぽろ,expert,71,loanword_in_hiragana,アポロ,2026-10-07
ja,あまっ,expert,73,fragment,,2026-10-07
ja,あめりかがっしゅうこく,expert,76,fragment,long unknown run,2026-10-07
ja,あやまっ,expert,80,fragment,,2026-10-07
ja,あらぶ,expert,88,loanword_in_hiragana,アラブ,2026-10-07
ja,あるぜんちん,expert,97,loanword_in_hiragana,アルゼンチン,2026-10-07
ja,あると,expert,98,loanword_in_hiragana,アルト,2026-10-07
ja,あんどろいど,expert,109,loanword_in_hiragana,アンドロイド,2026-10-07
ja,ぃちゃんはそれなりに,expert,111,fragment,,2026-10-07
ja,ぃむしちゅ,expert,112,fragment,,2026-10-07
ja,いいっ,expert,115,fragment,,2026-10-07
ja,いたかっ,expert,133,fragment,,2026-10-07
ja,いたっ,expert,135,fragment,,2026-10-07
ja,いらっしゃっ,expert,178,fragment,,2026-10-07
ja,いわっ,expert,188,fragment,,2026-10-07
ja,いんぐらんど,expert,190,loanword_in_hiragana,イングランド,2026-10-07
ja,いんすたんと,expert,192,loanword_in_hiragana,インスタント,2026-10-07
ja,いんでぃあん,expert,194,loanword_in_hiragana,インディアン,2026-10-07
ja,いんどねしあ,expert,195,loanword_in_hiragana,インドネシア,2026-10-07
ja,うぇあ,expert,199,loanword_in_hiragana,ウェア,2026-10-07
ja,うぇい,expert,200,loanword_in_hiragana,ウェイ,2026-10-07
ja,うぇぶさいと,expert,201,loanword_in_hiragana,ウェブサイト,2026-10-07
ja,うぉん,expert,204,loanword_in_hiragana,ウォン,2026-10-07
ja,うずくまっ,expert,216,fragment,,2026-10-07
ja,うっど,expert,223,loanword_in_hiragana,ウッド,2026-10-07
ja,うつっ,expert,228,fragment,,2026-10-07
ja,うばっ,expert,238,fragment,,2026-10-07
ja,うまかっ,expert,239,fragment,,2026-10-07
ja,うまれかわっ,expert,240,fragment,,2026-10-07
ja,うるさかっ,expert,247,fragment,,2026-10-07
ja,うるふ,expert,250,loanword_in_hiragana,ウルフ,2026-10-07
ja,うれしかっ,expert,251,fragment,,2026-10-07
ja,えいと,expert,257,loanword_in_hiragana,エイト,2026-10-07
ja,えっじ,expert,263,loanword_in_hiragana,エッジ,2026-10-07
ja,えでぃしょん,expert,266,loanword_in_hiragana,エディション,2026-10-07
ja,えろげ,expert,274,loanword_in_hiragana,エロゲ,2026-10-07
ja,えろす,expert,275,loanword_in_hiragana,エロス,2026-10-07
ja,えんでぃんぐ,expert,280,loanword_in_hiragana,エンディング,2026-10-07
ja,えんど,expert,281,loanword_in_hiragana,エンド,2026-10-07
ja,ぉぉぉぉぉい,expert,286,fragment,,2026-10-07
ja,おおっ,expert,306,fragment,,2026-10-07
ja,おそかっ,expert,333,fragment,,2026-10-07
ja,おちょくっ,expert,344,fragment,,2026-10-07
ja,おっしゃっ,expert,345,fragment,,2026-10-07
ja,おどっ,expert,354,fragment,,2026-10-07
ja,おふぃしゃる,expert,367,loanword_in_hiragana,オフィシャル,2026-10-07
ja,おぶじぇくと,expert,369,loanword_in_hiragana,オブジェクト,2026-10-07
ja,おめが,expert,373,loanword_in_hiragana,オメガ,2026-10-07
ja,おもいきっ,expert,375,fragment,,2026-10-07
ja,おもしろかっ,expert,384,fragment,,2026-10-07
ja,おりんぴっく,expert,395,loanword_in_hiragana,オリンピック,2026-10-07
ja,かいくぐっ,expert,406,fragment,,2026-10-07
ja,かいっ,expert,411,fragment,,2026-10-07
ja,かぎっ,expert,435,fragment,,2026-10-07
ja,かさなっ,expert,453,fragment,,2026-10-07
ja,かじの,expert,462,loanword_in_hiragana,カジノ,2026-10-07
ja,かすたまいず,expert,465,loanword_in_hiragana,カスタマイズ,2026-10-07
ja,かたまっ,expert,479,fragment,,2026-10-07
ja,かっぷりんぐ,expert,491,loanword_in_hiragana,カップリング,2026-10-07
ja,かまっ,expert,507,fragment,,2026-10-07
ja,かよっ,expert,512,fragment,,2026-10-07
ja,かると,expert,521,loanword_in_hiragana,カルト,2026-10-07
ja,かわいかっ,expert,525,fragment,,2026-10-07
ja,かわいがっ,expert,526,fragment,,2026-10-07
ja,がいど,expert,550,loanword_in_hiragana,ガイド,2026-10-07
ja,がいどらいん,expert,551,loanword_in_hiragana,ガイドライン,2026-10-07
ja,がちゃ,expert,554,loanword_in_hiragana,ガチャ,2026-10-07
ja,きっく,expert,584,loanword_in_hiragana,キック,2026-10-07
ja,きっず,expert,585,loanword_in_hiragana,キッズ,2026-10-07
ja,きっど,expert,586,loanword_in_hiragana,キッド,2026-10-07
ja,きむち,expert,605,loanword_in_hiragana,キムチ,2026-10-07
ja,きゃば,expert,609,loanword_in_hiragana,キャバ,2026-10-07
ja,きりっ,expert,638,fragment,,2026-10-07
ja,ぎぎょこうは,expert,644,fragment,sentence tail,2026-10-07
ja,ぎじゅつかきょういく,expert,647,fragment,long unknown run,2026-10-07
ja,ぎっしゃのせんじとは,expert,649,fragment,sentence tail,2026-10-07
ja,ぎひろとなっているが,expert,650,fragment,sentence tail,2026-10-07
ja,ぎゃぐ,expert,653,loanword_in_hiragana,ギャグ,2026-10-07
ja,ぎやまこうえんは,expert,654,fragment,sentence tail,2026-10-07
ja,ぎるど,expert,660,loanword_in_hiragana,ギルド,2026-10-07
ja,くいず,expert,661,loanword_in_hiragana,クイズ,2026-10-07
ja,くさっ,expert,666,fragment,,2026-10-07
ja,くだっ,expert,675,fragment,,2026-10-07
ja,くばっ,expert,683,fragment,,2026-10-07
ja,くらっ,expert,694,fragment,,2026-10-07
ja,くらぶ,expert,695,loanword_in_hiragana,クラブ,2026-10-07
ja,くりあ,expert,698,loanword_in_hiragana,クリア,2026-10-07
ja,ぐまちゃんのみずあそび,expert,718,fragment,long unknown run,2026-10-07
ja,ぐらごせんせんは,expert,719,fragment,sentence tail,2026-10-07
ja,ぐらふ,expert,720,loanword_in_hiragana,グラフ,2026-10-07
ja,ぐらふぃっく,expert,721,loanword_in_hiragana,グラフィック,2026-10-07
ja,ぐらんぷり,expert,722,loanword_in_hiragana,グランプリ,2026-10-07
ja,ぐりごもんのへん,expert,723,fragment,long unknown run,2026-10-07
ja,ぐりちゅうがっこうは,expert,724,fragment,sentence tail,2026-10-07
ja,ぐるめ,expert,727,loanword_in_hiragana,グルメ,2026-10-07
ja,ぐろ,expert,730,loanword_in_hiragana,グロ,2026-10-07
ja,ぐろまつまるせん,expert,731,fragment,long unknown run,2026-10-07
ja,ぐんきかんがっこうとは,expert,732,fragment,sentence tail,2026-10-07
ja,ぐんませんきょく,expert,735,fragment,long unknown run,2026-10-07
ja,けずっ,expert,748,fragment,,2026-10-07
ja,げりら,expert,770,loanword_in_hiragana,ゲリラ,2026-10-07
ja,ここあ,expert,814,loanword_in_hiragana,ココア,2026-10-07
ja,ことなっ,expert,829,fragment,,2026-10-07
ja,こね,expert,835,loanword_in_hiragana,コネ,2026-10-07
ja,こまっ,expert,845,fragment,,2026-10-07
ja,こみけ,expert,848,loanword_in_hiragana,コミケ,2026-10-07
ja,こみゅ,expert,849,loanword_in_hiragana,コミュ,2026-10-07
ja,こらむ,expert,853,loanword_in_hiragana,コラム,2026-10-07
ja,こりん,expert,854,loanword_in_hiragana,コリン,2026-10-07
ja,ころがっ,expert,856,fragment,,2026-10-07
ja,ころな,expert,859,loanword_in_hiragana,コロナ,2026-10-07
ja,ころん,expert,860,loanword_in_hiragana,コロン,2026-10-07
ja,こわかっ,expert,861,fragment,,2026-10-07
ja,こんび,expert,869,loanword_in_hiragana,コンビ,2026-10-07
ja,ごじら,expert,877,loanword_in_hiragana,ゴジラ,2026-10-07
ja,ごっど,expert,879,loanword_in_hiragana,ゴッド,2026-10-07
ja,ごりら,expert,883,loanword_in_hiragana,ゴリラ,2026-10-07
ja,さかっ,expert,893,fragment,,2026-10-07
ja,さかのぼっ,expert,896,fragment,,2026-10-07
ja,さくっ,expert,906,fragment,,2026-10-07
ja,ささっ,expert,921,fragment,,2026-10-07
ja,さっ,expert,924,fragment,,2026-10-07
ja,さぷり,expert,937,loanword_in_hiragana,サプリ,2026-10-07
ja,さぼっ,expert,938,fragment,,2026-10-07
ja,さらだ,expert,948,loanword_in_hiragana,サラダ,2026-10-07
ja,さろん,expert,950,loanword_in_hiragana,サロン,2026-10-07
ja,さんしゃいん,expert,955,loanword_in_hiragana,サンシャイン,2026-10-07
ja,さんた,expert,957,loanword_in_hiragana,サンタ,2026-10-07
ja,さんどいっち,expert,959,loanword_in_hiragana,サンドイッチ,2026-10-07
ja,ざいもくちょうえきは,expert,962,fragment,sentence tail,2026-10-07
ja,ざかまちひらのは,expert,963,fragment,sentence tail,2026-10-07
ja,ざきしろうきねんかんは,expert,965,fragment,sentence tail,2026-10-07
ja,ざきちゅうがっこうは,expert,966,fragment,sentence tail,2026-10-07
ja,ざとすみよしじんしゃ,expert,971,fragment,long unknown run,2026-10-07
ja,ざぶとんとは,expert,973,fragment,sentence tail,2026-10-07
ja,ざみきつねうどん,expert,974,fragment,long unknown run,2026-10-07
ja,ざんにんていこどもえん,expert,980,fragment,long unknown run,2026-10-07
ja,しかご,expert,988,loanword_in_hiragana,シカゴ,2026-10-07
ja,しそこなっ,expert,1009,fragment,,2026-10-07
ja,しにあ,expert,1017,loanword_in_hiragana,シニア,2026-10-07
ja,しぼっ,expert,1026,fragment,,2026-10-07
ja,しゃつ,expert,1036,loanword_in_hiragana,シャツ,2026-10-07
ja,しゃん,expert,1042,loanword_in_hiragana,シャン,2026-10-07
ja,しりあ,expert,1076,loanword_in_hiragana,シリア,2026-10-07
ja,じぇる,expert,1110,loanword_in_hiragana,ジェル,2026-10-07
ja,じゃず,expert,1129,loanword_in_hiragana,ジャズ,2026-10-07
ja,すいす,expert,1155,loanword_in_hiragana,スイス,2026-10-07
ja,すきとおっ,expert,1158,fragment,,2026-10-07
ja,すくらんぶる,expert,1164,loanword_in_hiragana,スクランブル,2026-10-07
ja,すたいりすと,expert,1179,loanword_in_hiragana,スタイリスト,2026-10-07
ja,すたば,expert,1180,loanword_in_hiragana,スタバ,2026-10-07
ja,すとあ,expert,1184,loanword_in_hiragana,ストア,2026-10-07
ja,すばらしかっ,expert,1187,fragment,,2026-10-07
ja,すぴん,expert,1191,loanword_in_hiragana,スピン,2026-10-07
ja,すべっ,expert,1193,fragment,,2026-10-07
ja,すりむ,expert,1204,loanword_in_hiragana,スリム,2026-10-07
ja,せまっ,expert,1232,fragment,,2026-10-07
ja,せるふ,expert,1237,loanword_in_hiragana,セルフ,2026-10-07
ja,ぜうす,expert,1254,loanword_in_hiragana,ゼウス,2026-10-07
ja,そふとばんく,expert,1291,loanword_in_hiragana,ソフトバンク,2026-10-07
ja,そんぐ,expert,1300,loanword_in_hiragana,ソング,2026-10-07
ja,たいつ,expert,1312,loanword_in_hiragana,タイツ,2026-10-07
ja,たすかっ,expert,1338,fragment,,2026-10-07
ja,たずさわっ,expert,1344,fragment,,2026-10-07
ja,たちあがっ,expert,1353,fragment,,2026-10-07
ja,たちよっ,expert,1356,fragment,,2026-10-07
ja,たっぐ,expert,1357,loanword_in_hiragana,タッグ,2026-10-07
ja,たっぷ,expert,1359,loanword_in_hiragana,タップ,2026-10-07
ja,だいじぇすと,expert,1392,loanword_in_hiragana,ダイジェスト,2026-10-07
ja,だいやもんど,expert,1397,loanword_in_hiragana,ダイヤモンド,2026-10-07
ja,だんす,expert,1416,loanword_in_hiragana,ダンス,2026-10-07
ja,ちぇこ,expert,1421,loanword_in_hiragana,チェコ,2026-10-07
ja,ちぇす,expert,1422,loanword_in_hiragana,チェス,2026-10-07
ja,ちぇろ,expert,1423,loanword_in_hiragana,チェロ,2026-10-07
ja,ちかっ,expert,1425,fragment,,2026-10-07
ja,ちゃんぴおん,expert,1435,loanword_in_hiragana,チャンピオン,2026-10-07
ja,ついん,expert,1466,loanword_in_hiragana,ツイン,2026-10-07
ja,つかさどっ,expert,1472,fragment,,2026-10-07
ja,つかまっ,expert,1475,fragment,,2026-10-07
ja,つまっ,expert,1505,fragment,,2026-10-07
ja,つも,expert,1512,loanword_in_hiragana,ツモ,2026-10-07
ja,つらかっ,expert,1518,fragment,,2026-10-07
ja,づ,expert,1520,single_kana,,2026-10-07
ja,づなどひょういり,expert,1524,fragment,long unknown run,2026-10-07
ja,づななだるは,expert,1525,fragment,sentence tail,2026-10-07
ja,づわかまつうんゆくは,expert,1528,fragment,sentence tail,2026-10-07
ja,てっ,expert,1540,fragment,,2026-10-07
ja,てっく,expert,1541,loanword_in_hiragana,テック,2026-10-07
ja,てつだっ,expert,1546,fragment,,2026-10-07
ja,てれび,expert,1552,loanword_in_hiragana,テレビ,2026-10-07
ja,でぃす,expert,1566,loanword_in_hiragana,ディス,2026-10-07
ja,でぃすぷれい,expert,1567,loanword_in_hiragana,ディスプレイ,2026-10-07
ja,できあがっ,expert,1570,fragment,,2026-10-07
ja,ですく,expert,1572,loanword_in_hiragana,デスク,2026-10-07
ja,でるた,expert,1575,loanword_in_hiragana,デルタ,2026-10-07
ja,とっぷくらす,expert,1616,loanword_in_hiragana,トップクラス,2026-10-07
ja,ととのっ,expert,1620,fragment,,2026-10-07
ja,とまっ,expert,1631,fragment,,2026-10-07
ja,ともなっ,expert,1639,fragment,,2026-10-07
ja,とよた,expert,1641,loanword_in_hiragana,トヨタ,2026-10-07
ja,とりあつかっ,expert,1646,fragment,,2026-10-07
ja,とりお,expert,1648,loanword_in_hiragana,トリオ,2026-10-07
ja,とるこ,expert,1659,loanword_in_hiragana,トルコ,2026-10-07
ja,どらむ,expert,1680,loanword_in_hiragana,ドラム,2026-10-07
ja,ないす,expert,1685,loanword_in_hiragana,ナイス,2026-10-07
ja,ないん,expert,1688,loanword_in_hiragana,ナイン,2026-10-07
ja,なぐっ,expert,1710,fragment,,2026-10-07
ja,なさっ,expert,1717,fragment,,2026-10-07
ja,なちす,expert,1722,loanword_in_hiragana,ナチス,2026-10-07
ja,なっつ,expert,1723,loanword_in_hiragana,ナッツ,2026-10-07
ja,なりかわっ,expert,1742,fragment,,2026-10-07
ja,にぎっ,expert,1757,fragment,,2026-10-07
ja,にっく,expert,1770,loanword_in_hiragana,ニック,2026-10-07
ja,になっ,expert,1775,fragment,,2026-10-07
ja,ぬっ,expert,1797,fragment,,2026-10-07
ja,ねがっ,expert,1804,fragment,,2026-10-07
ja,ねむっ,expert,1814,fragment,,2026-10-07
ja,のしかかっ,expert,1827,fragment,,2026-10-07
ja,のっく,expert,1837,loanword_in_hiragana,ノック,2026-10-07
ja,のるま,expert,1849,loanword_in_hiragana,ノルマ,2026-10-07
ja,はかっ,expert,1864,fragment,,2026-10-07
ja,はじまっ,expert,1886,fragment,,2026-10-07
ja,はやっ,expert,1929,fragment,,2026-10-07
ja,はんど,expert,1942,loanword_in_hiragana,ハンド,2026-10-07
ja,ばいお,expert,1944,loanword_in_hiragana,バイオ,2026-10-07
ja,ばすけ,expert,1955,loanword_in_hiragana,バスケ,2026-10-07
ja,ばすと,expert,1956,loanword_in_hiragana,バスト,2026-10-07
ja,ばっく,expert,1957,loanword_in_hiragana,バック,2026-10-07
ja,ばっくあっぷ,expert,1958,loanword_in_hiragana,バックアップ,2026-10-07
ja,ばっじ,expert,1959,loanword_in_hiragana,バッジ,2026-10-07
ja,ばでぃ,expert,1962,loanword_in_hiragana,バディ,2026-10-07
ja,ばどみんとん,expert,1963,loanword_in_hiragana,バドミントン,2026-10-07
ja,ばなな,expert,1964,loanword_in_hiragana,バナナ,2026-10-07
ja,ばにら,expert,1965,loanword_in_hiragana,バニラ,2026-10-07
ja,ばぶる,expert,1967,loanword_in_hiragana,バブル,2026-10-07
ja,ばるぶ,expert,1971,loanword_in_hiragana,バルブ,2026-10-07
ja,ぱいぱん,expert,1979,loanword_in_hiragana,パイパン,2026-10-07
ja,ぱいぷ,expert,1980,loanword_in_hiragana,パイプ,2026-10-07
ja,ぱじゃま,expert,1981,loanword_in_hiragana,パジャマ,2026-10-07
ja,ぱすた,expert,1982,loanword_in_hiragana,パスタ,2026-10-07
ja,ぱずる,expert,1983,loanword_in_hiragana,パズル,2026-10-07
ja,ぱそこん,expert,1984,loanword_in_hiragana,パソコン,2026-10-07
ja,ぱっ,expert,1986,fragment,,2026-10-07
ja,ぱっど,expert,1989,loanword_in_hiragana,パッド,2026-10-07
ja,ぱねる,expert,1990,loanword_in_hiragana,パネル,2026-10-07
ja,ぱぶ,expert,1991,loanword_in_hiragana,パブ,2026-10-07
ja,ぱらだいす,expert,1993,loanword_in_hiragana,パラダイス,2026-10-07
ja,ぱんち,expert,1995,loanword_in_hiragana,パンチ,2026-10-07
ja,ぱんちら,expert,1996,loanword_in_hiragana,パンチラ,2026-10-07
ja,ぱんつ,expert,1997,loanword_in_hiragana,パンツ,2026-10-07
ja,ぱんふれっと,expert,1999,loanword_in_hiragana,パンフレット,2026-10-07
ja,ひかっ,expert,2002,fragment,,2026-10-07
ja,ひっかかっ,expert,2030,fragment,,2026-10-07
ja,ひろっ,expert,2074,fragment,,2026-10-07
ja,ひんと,expert,2077,loanword_in_hiragana,ヒント,2026-10-07
ja,びきに,expert,2079,loanword_in_hiragana,ビキニ,2026-10-07
ja,びじゅつかんまえ,expert,2083,fragment,long unknown run,2026-10-07
ja,びじゅつこうげいむらは,expert,2084,fragment,sentence tail,2026-10-07
ja,びじょん,expert,2085,loanword_in_hiragana,ビジョン,2026-10-07
ja,びたみん,expert,2086,loanword_in_hiragana,ビタミン,2026-10-07
ja,びっち,expert,2087,loanword_in_hiragana,ビッチ,2026-10-07
ja,びっちゅうおうらいと,expert,2088,fragment,long unknown run,2026-10-07
ja,びでお,expert,2089,loanword_in_hiragana,ビデオ,2026-10-07
ja,びひろむらは,expert,2093,fragment,sentence tail,2026-10-07
ja,びびっ,expert,2094,fragment,,2026-10-07
ja,びゃくりろこんと,expert,2095,fragment,long unknown run,2026-10-07
ja,ぴあす,expert,2098,loanword_in_hiragana,ピアス,2026-10-07
ja,ぴえろ,expert,2099,loanword_in_hiragana,ピエロ,2026-10-07
ja,ぴか,expert,2100,loanword_in_hiragana,ピカ,2026-10-07
ja,ぴこ,expert,2101,loanword_in_hiragana,ピコ,2026-10-07
ja,ぴっち,expert,2103,loanword_in_hiragana,ピッチ,2026-10-07
ja,ぴっと,expert,2104,loanword_in_hiragana,ピット,2026-10-07
ja,ぴゅあ,expert,2105,loanword_in_hiragana,ピュア,2026-10-07
ja,ふぁんくらぶ,expert,2108,loanword_in_hiragana,ファンクラブ,2026-10-07
ja,ふぃにっしゅ,expert,2109,loanword_in_hiragana,フィニッシュ,2026-10-07
ja,ふぃる,expert,2110,loanword_in_hiragana,フィル,2026-10-07
ja,ふぃん,expert,2111,loanword_in_hiragana,フィン,2026-10-07
ja,ふぇあ,expert,2115,loanword_in_hiragana,フェア,2026-10-07
ja,ふぇにっくす,expert,2116,loanword_in_hiragana,フェニックス,2026-10-07
ja,ふぉと,expert,2118,loanword_in_hiragana,フォト,2026-10-07
ja,ふとっ,expert,2147,fragment,,2026-10-07
ja,ふら,expert,2156,loanword_in_hiragana,フラ,2026-10-07
ja,ふらい,expert,2157,loanword_in_hiragana,フライ,2026-10-07
ja,ふれあ,expert,2165,loanword_in_hiragana,フレア,2026-10-07
ja,ぶら,expert,2185,loanword_in_hiragana,ブラ,2026-10-07
ja,ぶらし,expert,2186,loanword_in_hiragana,ブラシ,2026-10-07
ja,ぶれすれっと,expert,2189,loanword_in_hiragana,ブレスレット,2026-10-07
ja,ぷち,expert,2194,loanword_in_hiragana,プチ,2026-10-07
ja,ぷないえきは,expert,2195,fragment,sentence tail,2026-10-07
ja,ぷらざ,expert,2197,loanword_in_hiragana,プラザ,2026-10-07
ja,ぷらすちっく,expert,2198,loanword_in_hiragana,プラスチック,2026-10-07
ja,ぷらちな,expert,2199,loanword_in_hiragana,プラチナ,2026-10-07
ja,ぷりん,expert,2200,loanword_in_hiragana,プリン,2026-10-07
ja,ぷりんせす,expert,2201,loanword_in_hiragana,プリンセス,2026-10-07
ja,ぷりんと,expert,2202,loanword_in_hiragana,プリント,2026-10-07
ja,ぷれす,expert,2203,loanword_in_hiragana,プレス,2026-10-07
ja,ぷろじぇくと,expert,2204,loanword_in_hiragana,プロジェクト,2026-10-07
ja,べすと,expert,2222,loanword_in_hiragana,ベスト,2026-10-07
ja,べっど,expert,2224,loanword_in_hiragana,ベッド,2026-10-07
ja,ぺい,expert,2229,loanword_in_hiragana,ペイ,2026-10-07
ja,ぺだる,expert,2232,loanword_in_hiragana,ペダル,2026-10-07
ja,ぺらくらぶは,expert,2233,fragment,sentence tail,2026-10-07
ja,ほすと,expert,2242,loanword_in_hiragana,ホスト,2026-10-07
ja,ほっぷ,expert,2250,loanword_in_hiragana,ホップ,2026-10-07
ja,ほんだ,expert,2265,loanword_in_hiragana,ホンダ,2026-10-07
ja,ぼいす,expert,2268,loanword_in_hiragana,ボイス,2026-10-07
ja,ぼかろ,expert,2274,loanword_in_hiragana,ボカロ,2026-10-07
ja,ぼとる,expert,2280,loanword_in_hiragana,ボトル,2026-10-07
ja,ぼると,expert,2281,loanword_in_hiragana,ボルト,2026-10-07
ja,ぼんど,expert,2283,loanword_in_hiragana,ボンド,2026-10-07
ja,ぽっぷ,expert,2286,loanword_in_hiragana,ポップ,2026-10-07
ja,ぽてんしゃる,expert,2287,loanword_in_hiragana,ポテンシャル,2026-10-07
ja,ぽりす,expert,2288,loanword_in_hiragana,ポリス,2026-10-07
ja,ぽるの,expert,2289,loanword_in_hiragana,ポルノ,2026-10-07
ja,ぽんど,expert,2291,loanword_in_hiragana,ポンド,2026-10-07
ja,ぽんぷ,expert,2292,loanword_in_hiragana,ポンプ,2026-10-07
ja,まいくろそふと,expert,2293,loanword_in_hiragana,マイクロソフト,2026-10-07
ja,まいん,expert,2294,loanword_in_hiragana,マイン,2026-10-07
ja,まうす,expert,2296,loanword_in_hiragana,マウス,2026-10-07
ja,まうんてん,expert,2297,loanword_in_hiragana,マウンテン,2026-10-07
ja,まがっ,expert,2306,fragment,,2026-10-07
ja,まくろ,expert,2313,loanword_in_hiragana,マクロ,2026-10-07
ja,まざっ,expert,2318,fragment,,2026-10-07
ja,まじっ,expert,2320,fragment,,2026-10-07
ja,ますめでぃあ,expert,2321,loanword_in_hiragana,マスメディア,2026-10-07
ja,まちがっ,expert,2324,fragment,,2026-10-07
ja,まっく,expert,2325,loanword_in_hiragana,マック,2026-10-07
ja,まっちんぐ,expert,2331,loanword_in_hiragana,マッチング,2026-10-07
ja,まっと,expert,2332,loanword_in_hiragana,マット,2026-10-07
ja,まつだ,expert,2334,loanword_in_hiragana,マツダ,2026-10-07
ja,まて,expert,2336,loanword_in_hiragana,マテ,2026-10-07
ja,まにあ,expert,2342,loanword_in_hiragana,マニア,2026-10-07
ja,まにあっ,expert,2343,fragment,,2026-10-07
ja,まにあっく,expert,2344,loanword_in_hiragana,マニアック,2026-10-07
ja,まにゅある,expert,2346,loanword_in_hiragana,マニュアル,2026-10-07
ja,ままならなかっ,expert,2350,fragment,,2026-10-07
ja,まりあ,expert,2360,loanword_in_hiragana,マリア,2026-10-07
ja,まんはったん,expert,2373,loanword_in_hiragana,マンハッタン,2026-10-07
ja,みさ,expert,2389,loanword_in_hiragana,ミサ,2026-10-07
ja,みっ,expert,2401,fragment,,2026-10-07
ja,みり,expert,2428,loanword_in_hiragana,ミリ,2026-10-07
ja,みんと,expert,2432,loanword_in_hiragana,ミント,2026-10-07
ja,むかっ,expert,2438,fragment,,2026-10-07
ja,むげんばくれつしょう,expert,2442,fragment,long unknown run,2026-10-07
ja,むずかしかっ,expert,2448,fragment,,2026-10-07
ja,むなかたせんは,expert,2456,fragment,sentence tail,2026-10-07
ja,むなかたゆうびんきょく,expert,2458,fragment,long unknown run,2026-10-07
ja,むばかりではなく,expert,2460,fragment,long unknown run,2026-10-07
ja,むむとめんめんと,expert,2461,fragment,long unknown run,2026-10-07
ja,めかにずむ,expert,2477,loanword_in_hiragana,メカニズム,2026-10-07
ja,めた,expert,2485,loanword_in_hiragana,メタ,2026-10-07
ja,めたる,expert,2486,loanword_in_hiragana,メタル,2026-10-07
ja,めだる,expert,2489,loanword_in_hiragana,メダル,2026-10-07
ja,めんて,expert,2497,loanword_in_hiragana,メンテ,2026-10-07
ja,めんてなんす,expert,2498,loanword_in_hiragana,メンテナンス,2026-10-07
ja,もたれかかっ,expert,2511,fragment,,2026-10-07
ja,もにた,expert,2531,loanword_in_hiragana,モニタ,2026-10-07
ja,もりあがっ,expert,2537,fragment,,2026-10-07
ja,ゃいちごうせんは,expert,2544,fragment,,2026-10-07
ja,ゃいりょう,expert,2545,fragment,,2026-10-07
ja,ゃえきについても,expert,2546,fragment,,2026-10-07
ja,ゃかいてきなげうりとも,expert,2547,fragment,,2026-10-07
ja,ゃかぶしきがいしゃは,expert,2548,fragment,,2026-10-07
ja,ゃくしんおんれい,expert,2549,fragment,,2026-10-07
ja,ゃくねんりょこう,expert,2550,fragment,,2026-10-07
ja,ゃこっちに,expert,2551,fragment,,2026-10-07
ja,ゃこようあんていほう,expert,2552,fragment,,2026-10-07
ja,ゃしんけんきゅうしょは,expert,2553,fragment,,2026-10-07
ja,ゃしんとは,expert,2554,fragment,,2026-10-07
ja,ゃじょうさかいせんは,expert,2555,fragment,,2026-10-07
ja,ゃじょうせん,expert,2556,fragment,,2026-10-07
ja,ゃじょうせんは,expert,2557,fragment,,2026-10-07
ja,ゃせんしだん,expert,2558,fragment,,2026-10-07
ja,ゃっぺいまつり,expert,2559,fragment,,2026-10-07
ja,ゃのごくとは,expert,2560,fragment,,2026-10-07
ja,ゃばせんは,expert,2561,fragment,,2026-10-07
ja,ゃめなよるだよいたずら,expert,2562,fragment,,2026-10-07
ja,ゃん,expert,2563,fragment,,2026-10-07
ja,ゃんきゅう,expert,2564,fragment,,2026-10-07
ja,ゃんちゃら,expert,2565,fragment,,2026-10-07
ja,ゃんぼりぃの,expert,2566,fragment,,2026-10-07
ja,ゃんやこむすびまんと,expert,2567,fragment,,2026-10-07
ja,やぶっ,expert,2592,fragment,,2026-10-07
ja,やまは,expert,2597,loanword_in_hiragana,ヤマハ,2026-10-07
ja,ゅあいなどと,expert,2606,fragment,,2026-10-07
ja,ゅあぎくどぅち,expert,2607,fragment,,2026-10-07
ja,ゅいちらんでは,expert,2608,fragment,,2026-10-07
ja,ゅういぎむとは,expert,2609,fragment,,2026-10-07
ja,ゅういっせん,expert,2610,fragment,,2026-10-07
ja,ゅうえいかいの,expert,2611,fragment,,2026-10-07
ja,ゅうおうくりつ,expert,2612,fragment,,2026-10-07
ja,ゅうおうしゃは,expert,2613,fragment,,2026-10-07
ja,ゅうおうちょうは,expert,2614,fragment,,2026-10-07
ja,ゅうおうは,expert,2615,fragment,,2026-10-07
ja,ゅうかぶしかいは,expert,2616,fragment,,2026-10-07
ja,ゅうかへいは,expert,2617,fragment,,2026-10-07
ja,ゅうかんき,expert,2618,fragment,,2026-10-07
ja,ゅうがいしょうは,expert,2619,fragment,,2026-10-07
ja,ゅうがくそうだんとは,expert,2620,fragment,,2026-10-07
ja,ゅうがっこう,expert,2621,fragment,,2026-10-07
ja,ゅうがっこうは,expert,2622,fragment,,2026-10-07
ja,ゅうきしぜろなな,expert,2623,fragment,,2026-10-07
ja,ゅうきょうかんようれい,expert,2624,fragment,,2026-10-07
ja,ゅうぎじょうは,expert,2625,fragment,,2026-10-07
ja,ゅうぎゅうは,expert,2626,fragment,,2026-10-07
ja,ゅうけいきょくは,expert,2627,fragment,,2026-10-07
ja,ゅうこうかんでんわもう,expert,2628,fragment,,2026-10-07
ja,ゅうこうのいけほんてん,expert,2629,fragment,,2026-10-07
ja,ゅうこくさいしふとは,expert,2630,fragment,,2026-10-07
ja,ゅうごくかこう,expert,2631,fragment,,2026-10-07
ja,ゅうさんねんせんそう,expert,2632,fragment,,2026-10-07
ja,ゅうしがいとようさいは,expert,2633,fragment,,2026-10-07
ja,ゅうしびょう,expert,2634,fragment,,2026-10-07
ja,ゅうしゅうえき,expert,2635,fragment,,2026-10-07
ja,ゅうしゅうけいさつしょ,expert,2636,fragment,,2026-10-07
ja,ゅうしりつ,expert,2637,fragment,,2026-10-07
ja,ゅうじょう,expert,2638,fragment,,2026-10-07
ja,ゅうじんるい,expert,2639,fragment,,2026-10-07
ja,ゅうせいぐん,expert,2640,fragment,,2026-10-07
ja,ゅうせいひんとは,expert,2641,fragment,,2026-10-07
ja,ゅうせんれつかん,expert,2642,fragment,,2026-10-07
ja,ゅうそくとは,expert,2643,fragment,,2026-10-07
ja,ゅうたいけん,expert,2644,fragment,,2026-10-07
ja,ゅうたいは,expert,2645,fragment,,2026-10-07
ja,ゅうだんとうげこうは,expert,2646,fragment,,2026-10-07
ja,ゅうちかてつ,expert,2647,fragment,,2026-10-07
ja,ゅうちょうりえき,expert,2648,fragment,,2026-10-07
ja,ゅうていこくは,expert,2649,fragment,,2026-10-07
ja,ゅうとうは,expert,2650,fragment,,2026-10-07
ja,ゅうどううんさい,expert,2651,fragment,,2026-10-07
ja,ゅうどうみんしゅ,expert,2652,fragment,,2026-10-07
ja,ゅうなごん,expert,2653,fragment,,2026-10-07
ja,ゅうにより,expert,2654,fragment,,2026-10-07
ja,ゅうのしん,expert,2655,fragment,,2026-10-07
ja,ゅうはっかしょは,expert,2656,fragment,,2026-10-07
ja,ゅうはっそうきねんひは,expert,2657,fragment,,2026-10-07
ja,ゅうふんしゅれん,expert,2658,fragment,,2026-10-07
ja,ゅうぶじむきさいはんは,expert,2659,fragment,,2026-10-07
ja,ゅうほくちいき,expert,2660,fragment,,2026-10-07
ja,ゅうよんせんすいかん,expert,2661,fragment,,2026-10-07
ja,ゅうらんしゃじけんは,expert,2662,fragment,,2026-10-07
ja,ゅうりききょ,expert,2663,fragment,,2026-10-07
ja,ゅうりょこう,expert,2664,fragment,,2026-10-07
ja,ゅうれきろくがつなのか,expert,2665,fragment,,2026-10-07
ja,ゅうれんめいとは,expert,2666,fragment,,2026-10-07
ja,ゅがっこう,expert,2667,fragment,,2026-10-07
ja,ゅきょうわこく,expert,2668,fragment,,2026-10-07
ja,ゅくえきは,expert,2669,fragment,,2026-10-07
ja,ゅけんたいかいは,expert,2670,fragment,,2026-10-07
ja,ゅさべつてっぱい,expert,2671,fragment,,2026-10-07
ja,ゅじんじゃは,expert,2672,fragment,,2026-10-07
ja,ゅぞうじょう,expert,2673,fragment,,2026-10-07
ja,ゅたいこくち,expert,2674,fragment,,2026-10-07
ja,ゅっぱんしゃは,expert,2675,fragment,,2026-10-07
ja,ゅつだいがくは,expert,2676,fragment,,2026-10-07
ja,ゅとけんでんてつ,expert,2677,fragment,,2026-10-07
ja,ゅのうかいごう,expert,2678,fragment,,2026-10-07
ja,ゅほうでは,expert,2679,fragment,,2026-10-07
ja,ゅらさんの,expert,2680,fragment,,2026-10-07
ja,ゅるちゅるうどん,expert,2681,fragment,,2026-10-07
ja,ゅんていしょうは,expert,2682,fragment,,2026-10-07
ja,ゅんないえきは,expert,2683,fragment,,2026-10-07
ja,ゅんぷうてい,expert,2684,fragment,,2026-10-07
ja,ゅんべつせんは,expert,2685,fragment,,2026-10-07
ja,ゆっ,expert,2699,fragment,,2026-10-07
ja,ょういいんかい,expert,2708,fragment,,2026-10-07
ja,ょういくいいんかいは,expert,2709,fragment,,2026-10-07
ja,ょういくきょうかいは,expert,2710,fragment,,2026-10-07
ja,ょういわきせんは,expert,2711,fragment,,2026-10-07
ja,ょういんは,expert,2712,fragment,,2026-10-07
ja,ょうういきょうと,expert,2713,fragment,,2026-10-07
ja,ょうえきは,expert,2714,fragment,,2026-10-07
ja,ょうえのにょにん,expert,2715,fragment,,2026-10-07
ja,ょうおんせん,expert,2716,fragment,,2026-10-07
ja,ょうかいは,expert,2717,fragment,,2026-10-07
ja,ょうかたのうら,expert,2718,fragment,,2026-10-07
ja,ょうかちょうふうげつに,expert,2719,fragment,,2026-10-07
ja,ょうかつぶつ,expert,2720,fragment,,2026-10-07
ja,ょうかめん,expert,2721,fragment,,2026-10-07
ja,ょうがっこう,expert,2722,fragment,,2026-10-07
ja,ょうがっこうとは,expert,2723,fragment,,2026-10-07
ja,ょうがっこうは,expert,2724,fragment,,2026-10-07
ja,ょうきょう,expert,2725,fragment,,2026-10-07
ja,ょうきょうぎじょうは,expert,2726,fragment,,2026-10-07
ja,ょうきょうしいちらん,expert,2727,fragment,,2026-10-07
ja,ょうきょくだい,expert,2728,fragment,,2026-10-07
ja,ょうきんこうまち,expert,2729,fragment,,2026-10-07
ja,ょうきんじょは,expert,2730,fragment,,2026-10-07
ja,ょうぎじょう,expert,2731,fragment,,2026-10-07
ja,ょうぎだんすれんめいは,expert,2732,fragment,,2026-10-07
ja,ょうくみきょく,expert,2733,fragment,,2026-10-07
ja,ょうぐんづかこふんは,expert,2734,fragment,,2026-10-07
ja,ょうけいしゅとくとは,expert,2735,fragment,,2026-10-07
ja,ょうげいまる,expert,2736,fragment,,2026-10-07
ja,ょうこうおおはし,expert,2737,fragment,,2026-10-07
ja,ょうこうげききは,expert,2738,fragment,,2026-10-07
ja,ょうこうごう,expert,2739,fragment,,2026-10-07
ja,ょうこうとうがっこうは,expert,2740,fragment,,2026-10-07
ja,ょうこくとは,expert,2741,fragment,,2026-10-07
ja,ょうごけんどう,expert,2742,fragment,,2026-10-07
ja,ょうごけんりつ,expert,2743,fragment,,2026-10-07
ja,ょうごのおじさん,expert,2744,fragment,,2026-10-07
ja,ょうごのかみもりながは,expert,2745,fragment,,2026-10-07
ja,ょうしきなかじま,expert,2746,fragment,,2026-10-07
ja,ょうしゃけんとは,expert,2747,fragment,,2026-10-07
ja,ょうしょうせつぶもんは,expert,2748,fragment,,2026-10-07
ja,ょうじけんは,expert,2749,fragment,,2026-10-07
ja,ょうじゅせん,expert,2750,fragment,,2026-10-07
ja,ょうじゅん,expert,2751,fragment,,2026-10-07
ja,ょうじょう,expert,2752,fragment,,2026-10-07
ja,ょうじんぶつは,expert,2753,fragment,,2026-10-07
ja,ょうせいさつじけんは,expert,2754,fragment,,2026-10-07
ja,ょうせいじむくみあいは,expert,2755,fragment,,2026-10-07
ja,ょうせきかくかしょう,expert,2756,fragment,,2026-10-07
ja,ょうせつしゅう,expert,2757,fragment,,2026-10-07
ja,ょうせんは,expert,2758,fragment,,2026-10-07
ja,ょうぜんいいたて,expert,2759,fragment,,2026-10-07
ja,ょうぞくげんし,expert,2760,fragment,,2026-10-07
ja,ょうたいかいは,expert,2761,fragment,,2026-10-07
ja,ょうだいがくおんがくぶ,expert,2762,fragment,,2026-10-07
ja,ょうだんち,expert,2763,fragment,,2026-10-07
ja,ょうちゅう,expert,2764,fragment,,2026-10-07
ja,ょうちゅうがっこうは,expert,2765,fragment,,2026-10-07
ja,ょうちょうは,expert,2766,fragment,,2026-10-07
ja,ょうづかこふんは,expert,2767,fragment,,2026-10-07
ja,ょうてんじんしゃ,expert,2768,fragment,,2026-10-07
ja,ょうとだい,expert,2769,fragment,,2026-10-07
ja,ょうとふどう,expert,2770,fragment,,2026-10-07
ja,ょうとりつ,expert,2771,fragment,,2026-10-07
ja,ょうなぼうけん,expert,2772,fragment,,2026-10-07
ja,ょうなんし,expert,2773,fragment,,2026-10-07
ja,ょうねつくうかんとは,expert,2774,fragment,,2026-10-07
ja,ょうねつにいがた,expert,2775,fragment,,2026-10-07
ja,ょうねんほうせいとは,expert,2776,fragment,,2026-10-07
ja,ょうのおとこはだれだ,expert,2777,fragment,,2026-10-07
ja,ょうのすけ,expert,2778,fragment,,2026-10-07
ja,ょうはとおどし,expert,2779,fragment,,2026-10-07
ja,ょうひげが,expert,2780,fragment,,2026-10-07
ja,ょうふうりょく,expert,2781,fragment,,2026-10-07
ja,ょうふさつえいじょは,expert,2782,fragment,,2026-10-07
ja,ょうふのはす,expert,2783,fragment,,2026-10-07
ja,ょうぶんこは,expert,2784,fragment,,2026-10-07
ja,ょうへいじごえ,expert,2785,fragment,,2026-10-07
ja,ょうほうざいとは,expert,2786,fragment,,2026-10-07
ja,ょうみやまは,expert,2787,fragment,,2026-10-07
ja,ょうみょう,expert,2788,fragment,,2026-10-07
ja,ょうむしょうは,expert,2789,fragment,,2026-10-07
ja,ょうものというが,expert,2790,fragment,,2026-10-07
ja,ょうよんくそうこうだん,expert,2791,fragment,,2026-10-07
ja,ょうりつびょういんは,expert,2792,fragment,,2026-10-07
ja,ょうりょくほんぶ,expert,2793,fragment,,2026-10-07
ja,ょうろくだいがく,expert,2794,fragment,,2026-10-07
ja,ょうわこくくんしょう,expert,2795,fragment,,2026-10-07
ja,ょうわしょうがっこうは,expert,2796,fragment,,2026-10-07
ja,ょうをはなるるうたは,expert,2797,fragment,,2026-10-07
ja,ょかいちゅうがくえき,expert,2798,fragment,,2026-10-07
ja,ょかんたいしょうせつ,expert,2799,fragment,,2026-10-07
ja,ょくかんのめつぼうでは,expert,2800,fragment,,2026-10-07
ja,ょくだんでは,expert,2801,fragment,,2026-10-07
ja,ょくはつでんしょ,expert,2802,fragment,,2026-10-07
ja,ょくぱんまん,expert,2803,fragment,,2026-10-07
ja,ょくぱんまんと,expert,2804,fragment,,2026-10-07
ja,ょくもりのこどう,expert,2805,fragment,,2026-10-07
ja,ょくんしゅせいは,expert,2806,fragment,,2026-10-07
ja,ょごうかなも,expert,2807,fragment,,2026-10-07
ja,ょしがくえんの,expert,2808,fragment,,2026-10-07
ja,ょせいとかいしっこうぶ,expert,2809,fragment,,2026-10-07
ja,ょせんばつばれ,expert,2810,fragment,,2026-10-07
ja,ょばつとは,expert,2811,fragment,,2026-10-07
ja,ょほうしゅぎとは,expert,2812,fragment,,2026-10-07
ja,ょらいぞう,expert,2813,fragment,,2026-10-07
ja,ょりゅうぎだゆう,expert,2814,fragment,,2026-10-07
ja,よっはらっ,expert,2833,fragment,,2026-10-07
ja,よみがえっ,expert,2843,fragment,,2026-10-07
ja,よろしかっ,expert,2848,fragment,,2026-10-07
ja,よわっ,expert,2852,fragment,,2026-10-07
ja,らいせんす,expert,2854,loanword_in_hiragana,ライセンス,2026-10-07
ja,らいと,expert,2855,loanword_in_hiragana,ライト,2026-10-07
ja,らいぶはうす,expert,2856,loanword_in_hiragana,ライブハウス,2026-10-07
ja,らいぶらり,expert,2857,loanword_in_hiragana,ライブラリ,2026-10-07
ja,らいんなっぷ,expert,2858,loanword_in_hiragana,ラインナップ,2026-10-07
ja,らお,expert,2859,loanword_in_hiragana,ラオ,2026-10-07
ja,らじお,expert,2862,loanword_in_hiragana,ラジオ,2026-10-07
ja,らのべ,expert,2866,loanword_in_hiragana,ラノベ,2026-10-07
ja,らぶほ,expert,2868,loanword_in_hiragana,ラブホ,2026-10-07
ja,らべる,expert,2869,loanword_in_hiragana,ラベル,2026-10-07
ja,らむ,expert,2870,loanword_in_hiragana,ラム,2026-10-07
ja,らんぷ,expert,2873,loanword_in_hiragana,ランプ,2026-10-07
ja,りあくしょん,expert,2875,loanword_in_hiragana,リアクション,2026-10-07
ja,りある,expert,2876,loanword_in_hiragana,リアル,2026-10-07
ja,りくえすと,expert,2879,loanword_in_hiragana,リクエスト,2026-10-07
ja,りさいくる,expert,2881,loanword_in_hiragana,リサイクル,2026-10-07
ja,りすと,expert,2882,loanword_in_hiragana,リスト,2026-10-07
ja,りばうんど,expert,2884,loanword_in_hiragana,リバウンド,2026-10-07
ja,りふと,expert,2885,loanword_in_hiragana,リフト,2026-10-07
ja,りぼん,expert,2886,loanword_in_hiragana,リボン,2026-10-07
ja,りま,expert,2887,loanword_in_hiragana,リマ,2026-10-07
ja,りらっくす,expert,2897,loanword_in_hiragana,リラックス,2026-10-07
ja,るな,expert,2905,loanword_in_hiragana,ルナ,2026-10-07
ja,るぱん,expert,2906,loanword_in_hiragana,ルパン,2026-10-07
ja,れあ,expert,2907,loanword_in_hiragana,レア,2026-10-07
ja,れいあうと,expert,2908,loanword_in_hiragana,レイアウト,2026-10-07
ja,れお,expert,2911,loanword_in_hiragana,レオ,2026-10-07
ja,れおん,expert,2912,loanword_in_hiragana,レオン,2026-10-07
ja,れじ,expert,2913,loanword_in_hiragana,レジ,2026-10-07
ja,れすりんぐ,expert,2914,loanword_in_hiragana,レスリング,2026-10-07
ja,れっと,expert,2916,loanword_in_hiragana,レット,2026-10-07
ja,れでぃ,expert,2917,loanword_in_hiragana,レディ,2026-10-07
ja,れふ,expert,2919,loanword_in_hiragana,レフ,2026-10-07
ja,れむ,expert,2920,loanword_in_hiragana,レム,2026-10-07
ja,れもん,expert,2921,loanword_in_hiragana,レモン,2026-10-07
ja,れんず,expert,2924,loanword_in_hiragana,レンズ,2026-10-07
ja,ろぐ,expert,2931,loanword_in_hiragana,ログ,2026-10-07
ja,ろけ,expert,2932,loanword_in_hiragana,ロケ,2026-10-07
ja,ろさんぜるす,expert,2933,loanword_in_hiragana,ロサンゼルス,2026-10-07
ja,ろって,expert,2935,loanword_in_hiragana,ロッテ,2026-10-07
ja,ろっど,expert,2936,loanword_in_hiragana,ロッド,2026-10-07
ja,ろびん,expert,2937,loanword_in_hiragana,ロビン,2026-10-07
ja,ろふと,expert,2938,loanword_in_hiragana,ロフト,2026-10-07
ja,ろまんちっく,expert,2941,loanword_in_hiragana,ロマンチック,2026-10-07
ja,ゎ,expert,2943,fragment,,2026-10-07
ja,わたっ,expert,2959,fragment,,2026-10-07
ja,わだかまっ,expert,2961,fragment,,2026-10-07
fil,baño,medium,15,wrong_language_other,es,2026-10-07
fil,doña,medium,16,wrong_language_other,es,2026-10-07
fil,niño,medium,17,wrong_language_other,es,2026-10-07
fil,isang,medium,23,proper_noun,,2026-10-07
fil,unidos,medium,63,wrong_language_other,es,2026-10-07
fil,enero,medium,75,proper_noun,,2026-10-07
fil,hunyo,medium,78,proper_noun,,2026-10-07
fil,abril,medium,80,proper_noun,,2026-10-07
fil,hulyo,medium,81,proper_noun,,2026-10-07
fil,agosto,medium,82,proper_noun,,2026-10-07
fil,maria,medium,108,proper_noun,,2026-10-07
fil,europa,medium,110,proper_noun,,2026-10-07
fil,school,medium,117,wrong_language_english,,2026-10-07
fil,world,medium,123,wrong_language_english,,2026-10-07
fil,award,medium,130,wrong_language_english,,2026-10-07
fil,season,medium,131,wrong_language_english,,2026-10-07
fil,marcos,medium,163,proper_noun,,2026-10-07
fil,awards,medium,164,wrong_language_english,,2026-10-07
fil,single,medium,171,wrong_language_english,,2026-10-07
fil,ibarra,medium,175,proper_noun,,2026-10-07
fil,music,medium,178,wrong_language_english,,2026-10-07
fil,center,medium,184,wrong_language_english,,2026-10-07
fil,united,medium,185,wrong_language_english,,2026-10-07
fil,luzon,medium,187,proper_noun,,2026-10-07
fil,south,medium,195,wrong_language_english,,2026-10-07
fil,studio,medium,206,wrong_language_english,,2026-10-07
fil,james,medium,214,proper_noun,,2026-10-07
fil,senso,medium,216,wrong_language_other,pt,2026-10-07
fil,media,medium,220,wrong_language_english,,2026-10-07
fil,north,medium,227,wrong_language_english,,2026-10-07
fil,record,medium,235,wrong_language_english,,2026-10-07
fil,track,medium,236,wrong_language_english,,2026-10-07
fil,kampus,medium,257,wrong_language_other,pl,2026-10-07
fil,pinili,medium,263,proper_noun,,2026-10-07
fil,group,medium,272,wrong_language_english,,2026-10-07
fil,super,medium,283,wrong_language_english,,2026-10-07
fil,grand,medium,287,wrong_language_english,,2026-10-07
fil,diego,medium,289,proper_noun,,2026-10-07
fil,black,medium,296,wrong_language_english,,2026-10-07
fil,islam,medium,301,proper_noun,,2026-10-07
fil,debut,medium,305,wrong_language_english,,2026-10-07
fil,label,medium,312,wrong_language_english,,2026-10-07
fil,online,medium,315,wrong_language_english,,2026-10-07
fil,house,medium,318,wrong_language_english,,2026-10-07
fil,state,medium,319,wrong_language_english,,2026-10-07
fil,yards,medium,327,wrong_language_english,,2026-10-07
fil,artist,medium,328,wrong_language_english,,2026-10-07
fil,field,medium,329,wrong_language_english,,2026-10-07
fil,smith,medium,334,wrong_language_english,,2026-10-07
fil,party,medium,339,wrong_language_english,,2026-10-07
fil,union,medium,344,wrong_language_english,,2026-10-07
fil,player,medium,352,wrong_language_english,,2026-10-07
fil,laguna,medium,353,proper_noun,,2026-10-07
fil,white,medium,355,wrong_language_english,,2026-10-07
fil,santos,medium,361,proper_noun,,2026-10-07
fil,system,medium,373,wrong_language_english,,2026-10-07
fil,kampo,medium,377,wrong_language_other,pl,2026-10-07
fil,mario,medium,383,proper_noun,,2026-10-07
fil,church,medium,389,wrong_language_english,,2026-10-07
fil,press,medium,397,wrong_language_english,,2026-10-07
fil,buddha,medium,404,proper_noun,,2026-10-07
fil,radio,medium,415,wrong_language_english,,2026-10-07
fil,island,medium,418,wrong_language_english,,2026-10-07
fil,games,medium,424,wrong_language_english,,2026-10-07
fil,royal,medium,432,wrong_language_english,,2026-10-07
fil,sektor,medium,435,wrong_language_other,pl,2026-10-07
fil,golden,medium,446,wrong_language_english,,2026-10-07
fil,davao,medium,450,proper_noun,,2026-10-07
fil,stone,medium,451,wrong_language_english,,2026-10-07
fil,signal,medium,462,wrong_language_english,,2026-10-07
fil,urbano,medium,463,wrong_language_other,es,2026-10-07
fil,degree,medium,465,wrong_language_english,,2026-10-07
fil,river,medium,467,wrong_language_english,,2026-10-07
fil,brown,medium,479,wrong_language_english,,2026-10-07
fil,pagasa,medium,490,proper_noun,,2026-10-07
fil,young,medium,491,wrong_language_english,,2026-10-07
fil,fiber,medium,493,wrong_language_english,,2026-10-07
fil,number,medium,495,wrong_language_english,,2026-10-07
fil,social,medium,503,wrong_language_english,,2026-10-07
fil,league,medium,505,wrong_language_english,,2026-10-07
fil,prize,medium,506,wrong_language_english,,2026-10-07
fil,series,medium,521,wrong_language_english,,2026-10-07
fil,county,medium,534,wrong_language_english,,2026-10-07
fil,chart,medium,553,wrong_language_english,,2026-10-07
fil,first,medium,554,wrong_language_english,,2026-10-07
fil,force,medium,555,wrong_language_english,,2026-10-07
fil,green,medium,556,wrong_language_english,,2026-10-07
fil,little,medium,564,wrong_language_english,,2026-10-07
fil,format,medium,567,wrong_language_english,,2026-10-07
fil,avenue,medium,574,wrong_language_english,,2026-10-07
fil,prince,medium,583,wrong_language_english,,2026-10-07
fil,street,medium,584,wrong_language_english,,2026-10-07
fil,fossil,medium,588,wrong_language_english,,2026-10-07
fil,plaza,medium,594,wrong_language_english,,2026-10-07
fil,coach,medium,605,wrong_language_english,,2026-10-07
fil,chris,medium,608,proper_noun,,2026-10-07
fil,office,medium,610,wrong_language_english,,2026-10-07
fil,power,medium,617,wrong_language_english,,2026-10-07
fil,market,medium,620,wrong_language_english,,2026-10-07
fil,screen,medium,623,wrong_language_english,,2026-10-07
fil,global,medium,624,wrong_language_english,,2026-10-07
fil,night,medium,625,wrong_language_english,,2026-10-07
fil,women,medium,626,wrong_language_english,,2026-10-07
fil,campus,medium,627,wrong_language_english,,2026-10-07
fil,genre,medium,628,wrong_language_english,,2026-10-07
fil,apple,medium,643,wrong_language_english,,2026-10-07
fil,human,medium,644,wrong_language_english,,2026-10-07
fil,queen,medium,646,wrong_language_english,,2026-10-07
fil,states,medium,647,wrong_language_english,,2026-10-07
fil,summer,medium,648,wrong_language_english,,2026-10-07
fil,flight,medium,651,wrong_language_english,,2026-10-07
fil,output,medium,652,wrong_language_english,,2026-10-07
fil,health,medium,654,wrong_language_english,,2026-10-07
fil,saint,medium,655,wrong_language_english,,2026-10-07
fil,story,medium,656,wrong_language_english,,2026-10-07
fil,dance,medium,665,wrong_language_english,,2026-10-07
fil,rural,medium,670,wrong_language_english,,2026-10-07
fil,earth,medium,671,wrong_language_english,,2026-10-07
fil,monte,medium,672,proper_noun,,2026-10-07
fil,editor,medium,677,wrong_language_english,,2026-10-07
fil,genus,medium,685,wrong_language_english,,2026-10-07
fil,films,medium,695,wrong_language_english,,2026-10-07
fil,estados,hard,48,wrong_language_other,es,2026-10-07
fil,oktubre,hard,60,proper_noun,,2026-10-07
fil,pebrero,hard,69,proper_noun,,2026-10-07
fil,maynila,hard,74,proper_noun,,2026-10-07
fil,national,hard,104,wrong_language_english,,2026-10-07
fil,espanya,hard,122,proper_noun,,2026-10-07
fil,american,hard,188,proper_noun,,2026-10-07
fil,college,hard,196,wrong_language_english,,2026-10-07
fil,records,hard,210,wrong_language_english,,2026-10-07
fil,network,hard,218,wrong_language_english,,2026-10-07
fil,pag-aari,hard,242,wrong_language_other,es,2026-10-07
fil,britanya,hard,248,proper_noun,,2026-10-07
fil,species,hard,287,wrong_language_english,,2026-10-07
fil,british,hard,300,proper_noun,,2026-10-07
fil,festival,hard,301,wrong_language_english,,2026-10-07
fil,academy,hard,314,wrong_language_english,,2026-10-07
fil,malaysia,hard,315,proper_noun,,2026-10-07
fil,digital,hard,362,wrong_language_english,,2026-10-07
fil,episode,hard,366,wrong_language_english,,2026-10-07
fil,bibliya,hard,385,proper_noun,,2026-10-07
fil,website,hard,391,wrong_language_english,,2026-10-07
fil,society,hard,392,wrong_language_english,,2026-10-07
fil,internet,hard,400,wrong_language_english,,2026-10-07
fil,magasin,hard,413,wrong_language_other,fr,2026-10-07
fil,central,hard,417,wrong_language_english,,2026-10-07
fil,general,hard,435,wrong_language_english,,2026-10-07
fil,channel,hard,436,wrong_language_english,,2026-10-07
fil,company,hard,447,wrong_language_english,,2026-10-07
fil,ika-apat,hard,456,wrong_language_other,es,2026-10-07
fil,pag-arte,hard,459,wrong_language_other,es,2026-10-07
fil,kingdom,hard,460,wrong_language_english,,2026-10-07
fil,science,hard,465,wrong_language_english,,2026-10-07
fil,council,hard,481,wrong_language_english,,2026-10-07
fil,bitcoin,hard,490,wrong_language_other,fr,2026-10-07
fil,elektron,hard,511,wrong_language_other,pl,2026-10-07
fil,average,hard,528,wrong_language_english,,2026-10-07
fil,pag-iral,hard,532,wrong_language_other,es,2026-10-07
fil,pag-alis,hard,540,wrong_language_other,es,2026-10-07
fil,republic,hard,575,wrong_language_english,,2026-10-07
fil,magazine,hard,581,wrong_language_english,,2026-10-07
fil,research,hard,587,wrong_language_english,,2026-10-07
fil,software,hard,595,wrong_language_english,,2026-10-07
fil,history,hard,604,wrong_language_english,,2026-10-07
fil,pag-awit,hard,607,wrong_language_other,es,2026-10-07
fil,european,hard,618,proper_noun,,2026-10-07
fil,fashion,hard,621,wrong_language_english,,2026-10-07
fil,district,hard,657,wrong_language_english,,2026-10-07
fil,football,hard,660,wrong_language_english,,2026-10-07
fil,actress,hard,667,wrong_language_english,,2026-10-07
fil,project,hard,668,wrong_language_english,,2026-10-07
fil,pag-ulan,hard,674,wrong_language_other,es,2026-10-07
fil,mineral,hard,685,wrong_language_english,,2026-10-07
fil,account,hard,707,wrong_language_english,,2026-10-07
fil,pag-ikot,hard,729,wrong_language_other,es,2026-10-07
fil,release,hard,750,wrong_language_english,,2026-10-07
fil,chinese,hard,754,proper_noun,,2026-10-07
fil,platform,hard,762,wrong_language_english,,2026-10-07
fil,experience,hard,766,wrong_language_english,,2026-10-07
fil,father,hard,767,wrong_language_english,,2026-10-07
fil,final,hard,768,wrong_language_english,,2026-10-07
fil,finals,hard,769,wrong_language_english,,2026-10-07
fil,flash,hard,770,wrong_language_english,,2026-10-07
fil,him,hard,771,wrong_language_english,,2026-10-07
fil,jacob,hard,772,proper_noun,,2026-10-07
fil,juice,hard,773,wrong_language_english,,2026-10-07
fil,projects,hard,787,wrong_language_english,,2026-10-07
fil,ramos,hard,789,proper_noun,,2026-10-07
fil,roque,hard,790,wrong_language_other,es,2026-10-07
fil,toni,hard,794,proper_noun,,2026-10-07
fil,topic,hard,795,wrong_language_english,,2026-10-07
fil,trade,hard,796,wrong_language_english,,2026-10-07
fil,true,hard,797,wrong_language_english,,2026-10-07
fil,again,hard,800,wrong_language_english,,2026-10-07
fil,arena,hard,801,wrong_language_english,,2026-10-07
fil,covid,hard,802,wrong_language_other,pl,2026-10-07
fil,east,hard,805,wrong_language_english,,2026-10-07
fil,forum,hard,806,wrong_language_english,,2026-10-07
fil,gate,hard,807,wrong_language_english,,2026-10-07
fil,its,hard,810,wrong_language_english,,2026-10-07
fil,joy,hard,811,wrong_language_english,,2026-10-07
fil,local,hard,817,wrong_language_english,,2026-10-07
fil,medicine,hard,822,wrong_language_english,,2026-10-07
fil,nora,hard,825,proper_noun,,2026-10-07
fil,present,hard,829,wrong_language_english,,2026-10-07
fil,production,hard,830,wrong_language_english,,2026-10-07
fil,resort,hard,831,wrong_language_english,,2026-10-07
fil,rights,hard,832,wrong_language_english,,2026-10-07
fil,round,hard,833,wrong_language_english,,2026-10-07
fil,script,hard,835,wrong_language_english,,2026-10-07
fil,smart,hard,836,wrong_language_english,,2026-10-07
fil,start,hard,837,wrong_language_english,,2026-10-07
fil,there,hard,838,wrong_language_english,,2026-10-07
fil,watch,hard,840,wrong_language_english,,2026-10-07
fil,ago,hard,842,wrong_language_english,,2026-10-07
fil,comedy,hard,846,wrong_language_english,,2026-10-07
fil,country,hard,847,wrong_language_english,,2026-10-07
fil,dennis,hard,848,proper_noun,,2026-10-07
fil,feel,hard,849,wrong_language_english,,2026-10-07
fil,guard,hard,850,wrong_language_english,,2026-10-07
fil,member,hard,859,wrong_language_english,,2026-10-07
fil,model,hard,861,wrong_language_english,,2026-10-07
fil,only,hard,863,wrong_language_english,,2026-10-07
fil,patrol,hard,866,wrong_language_english,,2026-10-07
fil,place,hard,869,wrong_language_english,,2026-10-07
fil,rita,hard,870,proper_noun,,2026-10-07
fil,roxas,hard,871,proper_noun,,2026-10-07
fil,safe,hard,872,wrong_language_english,,2026-10-07
fil,section,hard,873,wrong_language_english,,2026-10-07
fil,shine,hard,874,wrong_language_english,,2026-10-07
fil,staff,hard,875,wrong_language_english,,2026-10-07
fil,store,hard,876,wrong_language_english,,2026-10-07
fil,thailand,hard,877,proper_noun,,2026-10-07
fil,them,hard,878,wrong_language_english,,2026-10-07
fil,three,hard,879,wrong_language_english,,2026-10-07
fil,andrea,hard,884,proper_noun,,2026-10-07
fil,authority,hard,885,wrong_language_english,,2026-10-07
fil,bike,hard,887,wrong_language_english,,2026-10-07
fil,child,hard,888,wrong_language_english,,2026-10-07
fil,fast,hard,890,wrong_language_english,,2026-10-07
fil,francis,hard,891,proper_noun,,2026-10-07
fil,genesis,hard,892,wrong_language_english,,2026-10-07
fil,ku,hard,899,wrong_language_other,pl,2026-10-07
fil,manny,hard,901,proper_noun,,2026-10-07
fil,michelle,hard,904,proper_noun,,2026-10-07
fil,million,hard,905,wrong_language_english,,2026-10-07
fil,need,hard,908,wrong_language_english,,2026-10-07
fil,pampanga,hard,909,proper_noun,,2026-10-07
fil,pina,hard,911,wrong_language_other,es,2026-10-07
fil,ramon,hard,912,proper_noun,,2026-10-07
fil,schedule,hard,914,wrong_language_english,,2026-10-07
fil,thanks,hard,917,wrong_language_english,,2026-10-07
fil,wish,hard,922,wrong_language_english,,2026-10-07
fil,andres,hard,923,proper_noun,,2026-10-07
fil,care,hard,928,wrong_language_english,,2026-10-07
fil,cesar,hard,929,proper_noun,,2026-10-07
fil,cup,hard,930,wrong_language_english,,2026-10-07
fil,dumami,hard,932,wrong_language_other,pl,2026-10-07
fil,effect,hard,934,wrong_language_english,,2026-10-07
fil,etc,hard,935,wrong_language_english,,2026-10-07
fil,ever,hard,936,wrong_language_english,,2026-10-07
fil,floor,hard,937,wrong_language_english,,2026-10-07
fil,george,hard,938,proper_noun,,2026-10-07
fil,graduate,hard,939,wrong_language_english,,2026-10-07
fil,joaquin,hard,944,proper_noun,,2026-10-07
fil,kiss,hard,946,wrong_language_english,,2026-10-07
fil,manager,hard,949,wrong_language_english,,2026-10-07
fil,mom,hard,951,wrong_language_english,,2026-10-07
fil,panty,hard,961,wrong_language_other,fr,2026-10-07
fil,pasay,hard,962,proper_noun,,2026-10-07
fil,relationship,hard,966,wrong_language_english,,2026-10-07
fil,save,hard,968,wrong_language_english,,2026-10-07
fil,videos,hard,971,wrong_language_english,,2026-10-07
fil,which,hard,972,wrong_language_english,,2026-10-07
fil,article,hard,973,wrong_language_english,,2026-10-07
fil,asean,hard,974,wrong_language_other,es,2026-10-07
fil,cancer,hard,977,wrong_language_english,,2026-10-07
fil,death,hard,978,wrong_language_english,,2026-10-07
fil,effective,hard,981,wrong_language_english,,2026-10-07
fil,front,hard,982,wrong_language_english,,2026-10-07
fil,gen,hard,984,wrong_language_other,es,2026-10-07
fil,ini,hard,987,abbreviation_or_noise,,2026-10-07
fil,iv,hard,989,wrong_language_english,,2026-10-07
fil,joel,hard,990,proper_noun,,2026-10-07
fil,kris,hard,995,proper_noun,,2026-10-07
fil,lim,hard,997,proper_noun,,2026-10-07
fil,log,hard,999,wrong_language_english,,2026-10-07
fil,movies,hard,1008,wrong_language_english,,2026-10-07
fil,ova,hard,1015,wrong_language_other,es,2026-10-07
fil,regional,hard,1019,wrong_language_english,,2026-10-07
fil,status,hard,1021,wrong_language_english,,2026-10-07
fil,than,hard,1025,wrong_language_english,,2026-10-07
fil,today,hard,1026,wrong_language_english,,2026-10-07
fil,tomas,hard,1027,proper_noun,,2026-10-07
fil,brand,hard,1032,wrong_language_english,,2026-10-07
fil,challenge,hard,1033,wrong_language_english,,2026-10-07
fil,double,hard,1037,wrong_language_english,,2026-10-07
fil,got,hard,1038,wrong_language_english,,2026-10-07
fil,hard,hard,1040,wrong_language_english,,2026-10-07
fil,harry,hard,1041,wrong_language_english,,2026-10-07
fil,indie,hard,1043,wrong_language_other,pl,2026-10-07
fil,jessica,hard,1045,proper_noun,,2026-10-07
fil,lopez,hard,1049,proper_noun,,2026-10-07
fil,notes,hard,1059,wrong_language_english,,2026-10-07
fil,palawan,hard,1064,proper_noun,,2026-10-07
fil,presidential,hard,1066,wrong_language_english,,2026-10-07
fil,producer,hard,1067,wrong_language_english,,2026-10-07
fil,push,hard,1068,wrong_language_english,,2026-10-07
fil,ratings,hard,1069,wrong_language_english,,2026-10-07
fil,rivera,hard,1070,proper_noun,,2026-10-07
fil,aguinaldo,hard,1075,proper_noun,,2026-10-07
fil,barbie,hard,1080,wrong_language_english,,2026-10-07
fil,books,hard,1081,wrong_language_english,,2026-10-07
fil,brother,hard,1082,wrong_language_english,,2026-10-07
fil,budget,hard,1083,wrong_language_english,,2026-10-07
fil,california,hard,1084,proper_noun,,2026-10-07
fil,celebrity,hard,1085,wrong_language_english,,2026-10-07
fil,elias,hard,1086,proper_noun,,2026-10-07
fil,japanese,hard,1090,proper_noun,,2026-10-07
fil,joke,hard,1091,wrong_language_english,,2026-10-07
fil,let,hard,1093,wrong_language_english,,2026-10-07
fil,london,hard,1094,proper_noun,,2026-10-07
fil,manuel,hard,1100,proper_noun,,2026-10-07
fil,mary,hard,1101,proper_noun,,2026-10-07
fil,portal,hard,1110,wrong_language_english,,2026-10-07
fil,posts,hard,1111,wrong_language_english,,2026-10-07
fil,request,hard,1112,wrong_language_english,,2026-10-07
fil,rico,hard,1113,proper_noun,,2026-10-07
fil,shoot,hard,1116,wrong_language_english,,2026-10-07
fil,target,hard,1118,wrong_language_english,,2026-10-07
fil,uk,hard,1120,abbreviation_or_noise,,2026-10-07
fil,alemanya,hard,1121,proper_noun,,2026-10-07
fil,bureau,hard,1123,wrong_language_english,,2026-10-07
fil,cool,hard,1124,wrong_language_english,,2026-10-07
fil,design,hard,1125,wrong_language_english,,2026-10-07
fil,download,hard,1127,wrong_language_english,,2026-10-07
fil,ehipto,hard,1128,proper_noun,,2026-10-07
fil,exchange,hard,1130,wrong_language_english,,2026-10-07
fil,forever,hard,1131,wrong_language_english,,2026-10-07
fil,france,hard,1132,proper_noun,,2026-10-07
fil,future,hard,1133,wrong_language_english,,2026-10-07
fil,guys,hard,1135,wrong_language_english,,2026-10-07
fil,has,hard,1136,wrong_language_english,,2026-10-07
fil,holy,hard,1137,wrong_language_english,,2026-10-07
fil,into,hard,1138,wrong_language_english,,2026-10-07
fil,kin,hard,1140,wrong_language_english,,2026-10-07
fil,lee,hard,1143,wrong_language_english,,2026-10-07
fil,letter,hard,1144,wrong_language_english,,2026-10-07
fil,middle,hard,1153,wrong_language_english,,2026-10-07
fil,money,hard,1154,wrong_language_english,,2026-10-07
fil,moon,hard,1155,wrong_language_english,,2026-10-07
fil,much,hard,1156,wrong_language_english,,2026-10-07
fil,nadine,hard,1157,proper_noun,,2026-10-07
fil,pilipinas,expert,46,proper_noun,,2026-10-07
fil,setyembre,expert,61,proper_noun,,2026-10-07
fil,disyembre,expert,62,proper_noun,,2026-10-07
fil,nobyembre,expert,67,proper_noun,,2026-10-07
fil,university,expert,80,wrong_language_english,,2026-10-07
fil,partikular,expert,86,wrong_language_other,de,2026-10-07
fil,international,expert,130,wrong_language_english,,2026-10-07
fil,kauna-unahang,expert,146,wrong_language_other,es,2026-10-07
fil,association,expert,191,wrong_language_english,,2026-10-07
fil,institute,expert,225,wrong_language_english,,2026-10-07
fil,entertainment,expert,262,wrong_language_english,,2026-10-07
fil,corporation,expert,275,wrong_language_english,,2026-10-07
fil,pag-atake,expert,289,wrong_language_other,es,2026-10-07
fil,pag-iisip,expert,334,wrong_language_other,es,2026-10-07
fil,kani-kanilang,expert,404,wrong_language_other,es,2026-10-07
fil,billboard,expert,438,wrong_language_other,pl,2026-10-07
fil,nag-aalok,expert,448,wrong_language_other,es,2026-10-07
fil,character,expert,473,wrong_language_english,,2026-10-07
fil,foundation,expert,488,wrong_language_english,,2026-10-07
fil,pinagsama,expert,498,proper_noun,,2026-10-07
fil,basketball,expert,521,wrong_language_english,,2026-10-07
fil,paulit-ulit,expert,532,wrong_language_other,es,2026-10-07
fil,pang-agham,expert,571,wrong_language_other,es,2026-10-07
fil,pag-uugali,expert,594,wrong_language_other,es,2026-10-07
fil,christian,expert,607,wrong_language_english,,2026-10-07
fil,pag-aasal,expert,620,wrong_language_other,es,2026-10-07
fil,commission,expert,634,wrong_language_english,,2026-10-07
fil,quarterback,expert,650,wrong_language_english,,2026-10-07
fil,pang-ekonomiya,expert,662,wrong_language_other,es,2026-10-07
fil,pang-araw-araw,expert,704,wrong_language_other,es,2026-10-07
fil,soundtrack,expert,729,wrong_language_english,,2026-10-07
fil,development,expert,731,wrong_language_english,,2026-10-07
fil,pag-aalsa,expert,749,wrong_language_other,es,2026-10-07
fil,personalidad,expert,766,wrong_language_other,es,2026-10-07
fil,hollywood,expert,785,proper_noun,,2026-10-07
fil,pattern,expert,801,wrong_language_english,,2026-10-07
fil,perez,expert,802,proper_noun,,2026-10-07
fil,rally,expert,806,wrong_language_english,,2026-10-07
fil,react,expert,807,wrong_language_english,,2026-10-07
fil,regal,expert,809,wrong_language_english,,2026-10-07
fil,related,expert,810,wrong_language_english,,2026-10-07
fil,rich,expert,811,wrong_language_english,,2026-10-07
fil,ricky,expert,812,proper_noun,,2026-10-07
fil,sexual,expert,816,wrong_language_english,,2026-10-07
fil,timoteo,expert,819,proper_noun,,2026-10-07
fil,zombie,expert,824,wrong_language_english,,2026-10-07
fil,activity,expert,825,wrong_language_english,,2026-10-07
fil,agree,expert,826,wrong_language_english,,2026-10-07
fil,allowance,expert,827,wrong_language_english,,2026-10-07
fil,catholic,expert,830,wrong_language_english,,2026-10-07
fil,cherry,expert,831,wrong_language_english,,2026-10-07
fil,christ,expert,832,proper_noun,,2026-10-07
fil,costume,expert,833,wrong_language_english,,2026-10-07
fil,early,expert,837,wrong_language_english,,2026-10-07
fil,electronic,expert,838,wrong_language_english,,2026-10-07
fil,felix,expert,841,proper_noun,,2026-10-07
fil,forces,expert,842,wrong_language_english,,2026-10-07
fil,healthy,expert,843,wrong_language_english,,2026-10-07
fil,install,expert,846,wrong_language_english,,2026-10-07
fil,jenny,expert,847,wrong_language_english,,2026-10-07
fil,jeremias,expert,848,wrong_language_other,pt,2026-10-07
fil,jerome,expert,849,proper_noun,,2026-10-07
fil,jonas,expert,850,proper_noun,,2026-10-07
fil,jonathan,expert,851,proper_noun,,2026-10-07
fil,lower,expert,859,wrong_language_english,,2026-10-07
fil,maja,expert,862,wrong_language_other,es,2026-10-07
fil,metropolitan,expert,866,wrong_language_english,,2026-10-07
fil,nature,expert,871,wrong_language_english,,2026-10-07
fil,nia,expert,872,wrong_language_other,fr,2026-10-07
fil,nine,expert,873,wrong_language_english,,2026-10-07
fil,ninja,expert,874,wrong_language_english,,2026-10-07
fil,opinion,expert,876,wrong_language_english,,2026-10-07
fil,pilot,expert,881,wrong_language_english,,2026-10-07
fil,practice,expert,884,wrong_language_english,,2026-10-07
fil,rain,expert,887,wrong_language_english,,2026-10-07
fil,ronnie,expert,888,proper_noun,,2026-10-07
fil,rules,expert,889,wrong_language_english,,2026-10-07
fil,sales,expert,890,wrong_language_english,,2026-10-07
fil,satanas,expert,892,proper_noun,,2026-10-07
fil,seed,expert,893,wrong_language_english,,2026-10-07
fil,speaker,expert,895,wrong_language_english,,2026-10-07
fil,while,expert,902,wrong_language_english,,2026-10-07
fil,woman,expert,903,wrong_language_english,,2026-10-07
fil,writer,expert,904,wrong_language_english,,2026-10-07
fil,alien,expert,906,wrong_language_english,,2026-10-07
fil,almost,expert,907,wrong_language_english,,2026-10-07
fil,bryan,expert,911,proper_noun,,2026-10-07
fil,carla,expert,912,proper_noun,,2026-10-07
fil,customer,expert,913,wrong_language_english,,2026-10-07
fil,elevator,expert,918,wrong_language_english,,2026-10-07
fil,ella,expert,919,proper_noun,,2026-10-07
fil,fee,expert,920,wrong_language_english,,2026-10-07
fil,filter,expert,921,wrong_language_english,,2026-10-07
fil,gov,expert,926,wrong_language_english,,2026-10-07
fil,gown,expert,927,wrong_language_english,,2026-10-07
fil,hehehehe,expert,929,abbreviation_or_noise,,2026-10-07
fil,honey,expert,930,wrong_language_english,,2026-10-07
fil,lea,expert,938,wrong_language_english,,2026-10-07
fil,legs,expert,939,wrong_language_english,,2026-10-07
fil,nice,expert,950,wrong_language_english,,2026-10-07
fil,operation,expert,951,wrong_language_english,,2026-10-07
fil,publish,expert,957,wrong_language_english,,2026-10-07
fil,rome,expert,959,proper_noun,,2026-10-07
fil,rusya,expert,960,proper_noun,,2026-10-07
fil,smile,expert,967,wrong_language_english,,2026-10-07
fil,teachers,expert,969,wrong_language_english,,2026-10-07
fil,technical,expert,970,wrong_language_english,,2026-10-07
fil,tell,expert,971,wrong_language_english,,2026-10-07
fil,timeline,expert,973,wrong_language_english,,2026-10-07
fil,torres,expert,975,proper_noun,,2026-10-07
fil,use,expert,979,wrong_language_english,,2026-10-07
fil,value,expert,981,wrong_language_english,,2026-10-07
fil,anthony,expert,984,proper_noun,,2026-10-07
fil,bear,expert,986,wrong_language_english,,2026-10-07
fil,broadway,expert,987,proper_noun,,2026-10-07
fil,caption,expert,988,wrong_language_english,,2026-10-07
fil,diana,expert,990,proper_noun,,2026-10-07
fil,diaz,expert,991,proper_noun,,2026-10-07
fil,display,expert,992,wrong_language_english,,2026-10-07
fil,eastern,expert,993,wrong_language_english,,2026-10-07
fil,easy,expert,994,wrong_language_english,,2026-10-07
fil,españa,expert,995,proper_noun,,2026-10-07
fil,feature,expert,996,wrong_language_english,,2026-10-07
fil,florante,expert,997,wrong_language_other,pt,2026-10-07
fil,foods,expert,998,wrong_language_english,,2026-10-07
fil,hepatitis,expert,1000,wrong_language_english,,2026-10-07
fil,input,expert,1006,wrong_language_english,,2026-10-07
fil,instant,expert,1007,wrong_language_english,,2026-10-07
fil,interest,expert,1009,wrong_language_english,,2026-10-07
fil,jean,expert,1010,wrong_language_english,,2026-10-07
fil,judy,expert,1011,proper_noun,,2026-10-07
fil,lunch,expert,1020,wrong_language_english,,2026-10-07
fil,macapagal,expert,1021,proper_noun,,2026-10-07
fil,mask,expert,1027,wrong_language_english,,2026-10-07
fil,noe,expert,1035,proper_noun,,2026-10-07
fil,nuclear,expert,1036,wrong_language_english,,2026-10-07
fil,prime,expert,1049,wrong_language_english,,2026-10-07
fil,rule,expert,1053,wrong_language_english,,2026-10-07
fil,schools,expert,1054,wrong_language_english,,2026-10-07
fil,square,expert,1055,wrong_language_english,,2026-10-07
fil,tokyo,expert,1057,proper_noun,,2026-10-07
fil,tolentino,expert,1058,proper_noun,,2026-10-07
fil,tommy,expert,1059,proper_noun,,2026-10-07
fil,trend,expert,1060,wrong_language_english,,2026-10-07
fil,turkey,expert,1061,wrong_language_english,,2026-10-07
fil,walk,expert,1065,wrong_language_english,,2026-10-07
fil,were,expert,1066,wrong_language_english,,2026-10-07
fil,willing,expert,1067,wrong_language_english,,2026-10-07
fil,another,expert,1072,wrong_language_english,,2026-10-07
fil,appreciate,expert,1073,wrong_language_english,,2026-10-07
fil,aprika,expert,1074,proper_noun,,2026-10-07
fil,aurora,expert,1075,wrong_language_english,,2026-10-07
fil,boom,expert,1077,wrong_language_english,,2026-10-07
fil,developer,expert,1079,wrong_language_english,,2026-10-07
fil,enrile,expert,1083,proper_noun,,2026-10-07
fil,estate,expert,1084,wrong_language_english,,2026-10-07
fil,forward,expert,1086,wrong_language_english,,2026-10-07
fil,fresh,expert,1087,wrong_language_english,,2026-10-07
fil,gerald,expert,1089,proper_noun,,2026-10-07
fil,kid,expert,1101,wrong_language_english,,2026-10-07
fil,kuwait,expert,1104,proper_noun,,2026-10-07
fil,left,expert,1107,wrong_language_english,,2026-10-07
fil,lot,expert,1108,wrong_language_english,,2026-10-07
fil,many,expert,1113,wrong_language_english,,2026-10-07
fil,mexico,expert,1119,proper_noun,,2026-10-07
fil,minimum,expert,1120,wrong_language_english,,2026-10-07
fil,mon,expert,1121,proper_noun,,2026-10-07
fil,nicole,expert,1129,proper_noun,,2026-10-07
fil,opening,expert,1131,wrong_language_english,,2026-10-07
fil,physical,expert,1144,wrong_language_english,,2026-10-07
fil,pope,expert,1145,wrong_language_english,,2026-10-07
fil,resources,expert,1147,wrong_language_english,,2026-10-07
fil,richards,expert,1148,proper_noun,,2026-10-07
fil,rogelio,expert,1149,proper_noun,,2026-10-07
fil,small,expert,1152,wrong_language_english,,2026-10-07
fil,suit,expert,1153,wrong_language_english,,2026-10-07
fil,supporters,expert,1155,wrong_language_english,,2026-10-07
fil,television,expert,1158,wrong_language_english,,2026-10-07
fil,trailer,expert,1160,wrong_language_english,,2026-10-07
fil,would,expert,1163,wrong_language_english,,2026-10-07
fil,admin,expert,1164,wrong_language_english,,2026-10-07
fil,around,expert,1166,wrong_language_english,,2026-10-07
fil,aware,expert,1167,wrong_language_english,,2026-10-07
fil,ayunan,expert,1168,wrong_language_other,es,2026-10-07
fil,beijing,expert,1169,proper_noun,,2026-10-07
fil,communication,expert,1170,wrong_language_english,,2026-10-07
fil,construction,expert,1171,wrong_language_english,,2026-10-07
fil,corazon,expert,1172,proper_noun,,2026-10-07
fil,disorder,expert,1174,wrong_language_english,,2026-10-07
fil,during,expert,1175,wrong_language_english,,2026-10-07
fil,edgar,expert,1176,proper_noun,,2026-10-07
fil,eduardo,expert,1177,proper_noun,,2026-10-07
fil,gin,expert,1178,wrong_language_english,,2026-10-07
fil,gonzaga,expert,1180,proper_noun,,2026-10-07
fil,iraq,expert,1184,proper_noun,,2026-10-07
fil,kazakhstan,expert,1191,proper_noun,,2026-10-07
fil,kyle,expert,1196,proper_noun,,2026-10-07
fil,marquez,expert,1201,proper_noun,,2026-10-07
fil,maximum,expert,1203,wrong_language_english,,2026-10-07
fil,messages,expert,1204,wrong_language_english,,2026-10-07
fil,mission,expert,1206,wrong_language_english,,2026-10-07
fil,municipal,expert,1207,wrong_language_english,,2026-10-07
fil,nan,expert,1210,proper_noun,,2026-10-07
fil,negros,expert,1211,proper_noun,,2026-10-07
fil,ong,expert,1212,proper_noun,,2026-10-07
fil,operations,expert,1213,wrong_language_english,,2026-10-07
fil,purpose,expert,1221,wrong_language_english,,2026-10-07
fil,relate,expert,1223,wrong_language_english,,2026-10-07
fil,sanchez,expert,1225,proper_noun,,2026-10-07
fil,silent,expert,1226,wrong_language_english,,2026-10-07
fil,split,expert,1227,wrong_language_english,,2026-10-07
fil,step,expert,1228,wrong_language_english,,2026-10-07
fil,syria,expert,1230,proper_noun,,2026-10-07
fil,together,expert,1234,wrong_language_english,,2026-10-07
fil,tomorrow,expert,1235,wrong_language_english,,2026-10-07
fil,victoria,expert,1238,proper_noun,,2026-10-07
fil,weather,expert,1239,wrong_language_english,,2026-10-07
fil,alfred,expert,1241,proper_noun,,2026-10-07
fil,anyway,expert,1243,wrong_language_english,,2026-10-07
fil,attack,expert,1246,wrong_language_english,,2026-10-07
fil,biology,expert,1249,wrong_language_english,,2026-10-07
fil,boxing,expert,1250,wrong_language_english,,2026-10-07
fil,broadcast,expert,1251,wrong_language_english,,2026-10-07
fil,climate,expert,1252,wrong_language_english,,2026-10-07
fil,command,expert,1253,wrong_language_english,,2026-10-07
fil,concern,expert,1254,wrong_language_english,,2026-10-07
fil,effects,expert,1257,wrong_language_english,,2026-10-07
fil,emergency,expert,1258,wrong_language_english,,2026-10-07
fil,español,expert,1259,wrong_language_other,es,2026-10-07
fil,eva,expert,1260,proper_noun,,2026-10-07
fil,farm,expert,1261,wrong_language_english,,2026-10-07
fil,gonzales,expert,1263,proper_noun,,2026-10-07
fil,graham,expert,1264,wrong_language_english,,2026-10-07
fil,ground,expert,1265,wrong_language_english,,2026-10-07
fil,guam,expert,1266,proper_noun,,2026-10-07
fil,islamic,expert,1272,proper_noun,,2026-10-07
fil,jackie,expert,1273,proper_noun,,2026-10-07
fil,lake,expert,1276,wrong_language_english,,2026-10-07
fil,layer,expert,1278,wrong_language_english,,2026-10-07
fil,marine,expert,1286,wrong_language_english,,2026-10-07
fil,math,expert,1288,wrong_language_english,,2026-10-07
fil,mature,expert,1289,wrong_language_english,,2026-10-07
fil,moment,expert,1290,wrong_language_english,,2026-10-07
fil,planet,expert,1302,wrong_language_english,,2026-10-07
fil,plot,expert,1303,wrong_language_english,,2026-10-07
fil,promise,expert,1304,wrong_language_english,,2026-10-07
fil,sale,expert,1307,wrong_language_english,,2026-10-07
fil,soft,expert,1313,wrong_language_english,,2026-10-07
fil,sorsogon,expert,1314,proper_noun,,2026-10-07
fil,tech,expert,1318,wrong_language_english,,2026-10-07
fil,valenzuela,expert,1320,proper_noun,,2026-10-07
fil,worldwide,expert,1321,wrong_language_english,,2026-10-07
fil,agreement,expert,1323,wrong_language_english,,2026-10-07
fil,airline,expert,1324,wrong_language_english,,2026-10-07
fil,available,expert,1328,wrong_language_english,,2026-10-07
fil,carrier,expert,1333,wrong_language_english,,2026-10-07
fil,collection,expert,1334,wrong_language_english,,2026-10-07
fil,companies,expert,1335,wrong_language_english,,2026-10-07
fil,culture,expert,1336,wrong_language_english,,2026-10-07
fil,device,expert,1337,wrong_language_english,,2026-10-07
fil,direct,expert,1339,wrong_language_english,,2026-10-07
fil,dutch,expert,1340,wrong_language_english,,2026-10-07
fil,duty,expert,1341,wrong_language_english,,2026-10-07
fil,eba,expert,1342,proper_noun,,2026-10-07
fil,election,expert,1343,wrong_language_english,,2026-10-07
fil,example,expert,1344,wrong_language_english,,2026-10-07
fil,faith,expert,1345,wrong_language_english,,2026-10-07
fil,fernandez,expert,1346,proper_noun,,2026-10-07
fil,fiesta,expert,1347,wrong_language_other,es,2026-10-07
fil,financial,expert,1348,wrong_language_english,,2026-10-07
fil,friday,expert,1349,proper_noun,,2026-10-07
fil,gaming,expert,1350,wrong_language_english,,2026-10-07
fil,had,expert,1353,wrong_language_english,,2026-10-07
fil,hydrogen,expert,1358,wrong_language_english,,2026-10-07
fil,ja,expert,1365,wrong_language_other,es,2026-10-07
fil,jo,expert,1367,proper_noun,,2026-10-07
fil,jolo,expert,1368,proper_noun,,2026-10-07
fil,jones,expert,1369,proper_noun,,2026-10-07
fil,kag,expert,1372,abbreviation_or_noise,,2026-10-07
fil,kit,expert,1375,wrong_language_english,,2026-10-07
fil,kristine,expert,1377,proper_noun,,2026-10-07
fil,latest,expert,1380,wrong_language_english,,2026-10-07
fil,legazpi,expert,1381,proper_noun,,2026-10-07
fil,lines,expert,1382,wrong_language_english,,2026-10-07
fil,mail,expert,1385,wrong_language_english,,2026-10-07
fil,memories,expert,1391,wrong_language_english,,2026-10-07
fil,pay,expert,1413,wrong_language_english,,2026-10-07
fil,pokus,expert,1417,wrong_language_other,pl,2026-10-07
fil,shell,expert,1421,wrong_language_english,,2026-10-07
fil,silver,expert,1422,wrong_language_english,,2026-10-07
fil,tandem,expert,1427,wrong_language_english,,2026-10-07
fil,tattoo,expert,1430,wrong_language_english,,2026-10-07
fil,thing,expert,1431,wrong_language_english,,2026-10-07
fil,translation,expert,1432,wrong_language_english,,2026-10-07
fil,without,expert,1437,wrong_language_english,,2026-10-07
fil,yap,expert,1438,proper_noun,,2026-10-07
fil,academic,expert,1439,wrong_language_english,,2026-10-07
fil,alexander,expert,1440,proper_noun,,2026-10-07
fil,ash,expert,1443,wrong_language_english,,2026-10-07
fil,atm,expert,1445,wrong_language_other,fr,2026-10-07
fil,believe,expert,1446,wrong_language_english,,2026-10-07
fil,cam,expert,1449,wrong_language_english,,2026-10-07
fil,candy,expert,1450,wrong_language_english,,2026-10-07
fil,carl,expert,1451,proper_noun,,2026-10-07
fil,characters,expert,1452,wrong_language_english,,2026-10-07
fil,comelec,expert,1453,proper_noun,,2026-10-07
fil,curtis,expert,1454,proper_noun,,2026-10-07
fil,did,expert,1457,wrong_language_english,,2026-10-07
fil,eng,expert,1458,proper_noun,,2026-10-07
fil,engineer,expert,1459,wrong_language_english,,2026-10-07
fil,flowers,expert,1461,wrong_language_english,,2026-10-07
fil,freedom,expert,1462,wrong_language_english,,2026-10-07
fil,gid,expert,1463,wrong_language_other,pl,2026-10-07
fil,intelligence,expert,1466,wrong_language_english,,2026-10-07
fil,lino,expert,1469,wrong_language_other,es,2026-10-07
fil,marina,expert,1478,wrong_language_english,,2026-10-07
fil,milan,expert,1479,proper_noun,,2026-10-07
fil,noel,expert,1486,wrong_language_english,,2026-10-07
fil,operating,expert,1488,wrong_language_english,,2026-10-07
fil,quote,expert,1502,wrong_language_english,,2026-10-07
fil,recto,expert,1503,proper_noun,,2026-10-07
fil,relax,expert,1504,wrong_language_english,,2026-10-07
fil,rescue,expert,1505,wrong_language_english,,2026-10-07
fil,ronald,expert,1506,proper_noun,,2026-10-07
fil,sin,expert,1508,wrong_language_english,,2026-10-07
fil,soccer,expert,1510,wrong_language_english,,2026-10-07
fil,southern,expert,1511,wrong_language_english,,2026-10-07
fil,sponsor,expert,1512,wrong_language_english,,2026-10-07
fil,sto,expert,1513,wrong_language_other,es,2026-10-07
fil,tin,expert,1516,wrong_language_english,,2026-10-07
fil,tower,expert,1517,wrong_language_english,,2026-10-07
fil,transport,expert,1518,wrong_language_english,,2026-10-07
fil,adventure,expert,1520,wrong_language_english,,2026-10-07
fil,angela,expert,1523,proper_noun,,2026-10-07
fil,bags,expert,1528,wrong_language_english,,2026-10-07
fil,brazil,expert,1532,proper_noun,,2026-10-07
fil,cartoon,expert,1535,wrong_language_english,,2026-10-07
fil,clearance,expert,1536,wrong_language_english,,2026-10-07
fil,competition,expert,1537,wrong_language_english,,2026-10-07
fil,facial,expert,1541,wrong_language_english,,2026-10-07
fil,fighting,expert,1542,wrong_language_english,,2026-10-07
fil,flag,expert,1543,wrong_language_english,,2026-10-07
fil,fort,expert,1544,wrong_language_english,,2026-10-07
fil,gadgets,expert,1545,wrong_language_english,,2026-10-07
fil,geronimo,expert,1546,proper_noun,,2026-10-07
fil,guilty,expert,1548,wrong_language_english,,2026-10-07
fil,indya,expert,1551,proper_noun,,2026-10-07
fil,info,expert,1552,wrong_language_english,,2026-10-07
fil,kan,expert,1559,proper_noun,,2026-10-07
fil,lily,expert,1566,wrong_language_english,,2026-10-07
fil,magellan,expert,1569,proper_noun,,2026-10-07
fil,marawi,expert,1576,proper_noun,,2026-10-07
fil,marc,expert,1577,proper_noun,,2026-10-07
fil,mat,expert,1579,wrong_language_english,,2026-10-07
fil,minister,expert,1583,wrong_language_english,,2026-10-07
fil,parañaque,expert,1597,proper_noun,,2026-10-07
fil,personality,expert,1600,wrong_language_english,,2026-10-07
fil,process,expert,1603,wrong_language_english,,2026-10-07
fil,puerto,expert,1605,proper_noun,,2026-10-07
fil,rest,expert,1608,wrong_language_english,,2026-10-07
fil,results,expert,1609,wrong_language_english,,2026-10-07
fil,senate,expert,1610,wrong_language_english,,2026-10-07
fil,sims,expert,1612,wrong_language_english,,2026-10-07
fil,stick,expert,1614,wrong_language_english,,2026-10-07
fil,superstar,expert,1616,wrong_language_english,,2026-10-07
fil,thomas,expert,1620,proper_noun,,2026-10-07
fil,tu,expert,1622,proper_noun,,2026-10-07
fil,tuition,expert,1623,wrong_language_english,,2026-10-07
fil,viewers,expert,1624,wrong_language_english,,2026-10-07
fil,wallpaper,expert,1625,wrong_language_english,,2026-10-07
fil,ac,expert,1628,wrong_language_english,,2026-10-07
fil,agnes,expert,1629,proper_noun,,2026-10-07
fil,alpha,expert,1631,wrong_language_english,,2026-10-07
fil,amanda,expert,1632,proper_noun,,2026-10-07
fil,anderson,expert,1633,proper_noun,,2026-10-07
fil,answer,expert,1634,wrong_language_english,,2026-10-07
fil,banana,expert,1637,wrong_language_english,,2026-10-07
fil,beautiful,expert,1638,wrong_language_english,,2026-10-07
fil,benigno,expert,1639,proper_noun,,2026-10-07
fil,born,expert,1640,wrong_language_english,,2026-10-07
fil,bridge,expert,1641,wrong_language_english,,2026-10-07
fil,bubble,expert,1642,wrong_language_english,,2026-10-07
fil,buddy,expert,1643,wrong_language_english,,2026-10-07
fil,cheap,expert,1644,wrong_language_english,,2026-10-07
fil,classroom,expert,1645,wrong_language_english,,2026-10-07
fil,cultural,expert,1646,wrong_language_english,,2026-10-07
fil,duet,expert,1648,wrong_language_english,,2026-10-07
fil,exercise,expert,1649,wrong_language_english,,2026-10-07
fil,ginebra,expert,1652,wrong_language_other,es,2026-10-07
fil,graduation,expert,1654,wrong_language_english,,2026-10-07
fil,hands,expert,1656,wrong_language_english,,2026-10-07
fil,hesukristo,expert,1657,proper_noun,,2026-10-07
fil,independent,expert,1662,wrong_language_english,,2026-10-07
fil,jeff,expert,1665,proper_noun,,2026-10-07
fil,jerry,expert,1666,proper_noun,,2026-10-07
fil,laboratory,expert,1672,wrong_language_english,,2026-10-07
fil,madrid,expert,1677,proper_noun,,2026-10-07
fil,mount,expert,1686,wrong_language_english,,2026-10-07
fil,museum,expert,1687,wrong_language_english,,2026-10-07
fil,piece,expert,1710,wrong_language_english,,2026-10-07
fil,plate,expert,1712,wrong_language_english,,2026-10-07
fil,russell,expert,1717,proper_noun,,2026-10-07
fil,sleep,expert,1722,wrong_language_english,,2026-10-07
fil,speed,expert,1723,wrong_language_english,,2026-10-07
fil,squad,expert,1724,wrong_language_english,,2026-10-07
fil,su,expert,1725,wrong_language_other,es,2026-10-07
fil,syndrome,expert,1726,wrong_language_english,,2026-10-07
fil,until,expert,1734,wrong_language_english,,2026-10-07
fil,weight,expert,1735,wrong_language_english,,2026-10-07
fil,workout,expert,1736,wrong_language_english,,2026-10-07
fil,agriculture,expert,1737,wrong_language_english,,2026-10-07
fil,ariel,expert,1740,proper_noun,,2026-10-07
fil,author,expert,1741,wrong_language_english,,2026-10-07
fil,bo,expert,1744,wrong_language_other,pl,2026-10-07
fil,cathy,expert,1745,proper_noun,,2026-10-07
fil,connection,expert,1746,wrong_language_english,,2026-10-07
fil,designer,expert,1748,wrong_language_english,,2026-10-07
fil,dina,expert,1749,proper_noun,,2026-10-07
fil,eli,expert,1751,proper_noun,,2026-10-07
fil,fairness,expert,1752,wrong_language_english,,2026-10-07
fil,hanging,expert,1753,wrong_language_english,,2026-10-07
fil,hannah,expert,1754,proper_noun,,2026-10-07
fil,ip,expert,1760,proper_noun,,2026-10-07
fil,islands,expert,1763,wrong_language_english,,2026-10-07
fil,ivan,expert,1764,proper_noun,,2026-10-07
fil,jacket,expert,1765,wrong_language_english,,2026-10-07
fil,joe,expert,1766,proper_noun,,2026-10-07
fil,location,expert,1772,wrong_language_english,,2026-10-07
fil,luke,expert,1773,proper_noun,,2026-10-07
fil,making,expert,1776,wrong_language_english,,2026-10-07
fil,malolos,expert,1778,proper_noun,,2026-10-07
fil,mine,expert,1782,wrong_language_english,,2026-10-07
fil,mu,expert,1783,wrong_language_english,,2026-10-07
fil,northern,expert,1789,wrong_language_english,,2026-10-07
fil,oriental,expert,1790,wrong_language_english,,2026-10-07
fil,remote,expert,1808,wrong_language_english,,2026-10-07
fil,roles,expert,1809,wrong_language_english,,2026-10-07
fil,roman,expert,1810,wrong_language_english,,2026-10-07
fil,sad,expert,1811,wrong_language_english,,2026-10-07
fil,samson,expert,1812,proper_noun,,2026-10-07
fil,scandal,expert,1813,wrong_language_english,,2026-10-07
fil,statement,expert,1816,wrong_language_english,,2026-10-07
fil,strike,expert,1817,wrong_language_english,,2026-10-07
fil,successful,expert,1818,wrong_language_english,,2026-10-07
fil,trial,expert,1824,wrong_language_english,,2026-10-07
fil,visit,expert,1828,wrong_language_english,,2026-10-07
fil,accounting,expert,1830,wrong_language_english,,2026-10-07
fil,adjust,expert,1831,wrong_language_english,,2026-10-07
fil,amy,expert,1832,proper_noun,,2026-10-07
fil,andy,expert,1833,proper_noun,,2026-10-07
fil,assembly,expert,1835,wrong_language_english,,2026-10-07
fil,charity,expert,1838,wrong_language_english,,2026-10-07
fil,dancer,expert,1839,wrong_language_english,,2026-10-07
fil,dantes,expert,1840,wrong_language_other,es,2026-10-07
fil,draft,expert,1843,wrong_language_english,,2026-10-07
fil,eddie,expert,1844,proper_noun,,2026-10-07
fil,excitement,expert,1845,wrong_language_english,,2026-10-07
fil,finger,expert,1846,wrong_language_english,,2026-10-07
fil,flower,expert,1847,wrong_language_english,,2026-10-07
fil,going,expert,1848,wrong_language_english,,2026-10-07
fil,impeachment,expert,1855,wrong_language_english,,2026-10-07
fil,joyce,expert,1858,proper_noun,,2026-10-07
fil,later,expert,1865,wrong_language_english,,2026-10-07
fil,less,expert,1867,wrong_language_english,,2026-10-07
fil,magnetic,expert,1874,wrong_language_english,,2026-10-07
fil,means,expert,1881,wrong_language_english,,2026-10-07
fil,metabolismo,expert,1882,wrong_language_other,es,2026-10-07
fil,nestor,expert,1889,proper_noun,,2026-10-07
fil,owner,expert,1890,wrong_language_english,,2026-10-07
fil,phil,expert,1902,proper_noun,,2026-10-07
fil,questions,expert,1905,wrong_language_english,,2026-10-07
fil,race,expert,1906,wrong_language_english,,2026-10-07
fil,reunion,expert,1907,wrong_language_english,,2026-10-07
fil,selfie,expert,1910,wrong_language_english,,2026-10-07
fil,sheet,expert,1911,wrong_language_english,,2026-10-07
fil,shoes,expert,1912,wrong_language_english,,2026-10-07
fil,spanish,expert,1914,proper_noun,,2026-10-07
fil,straight,expert,1916,wrong_language_english,,2026-10-07
fil,sulu,expert,1917,proper_noun,,2026-10-07
fil,sumira,expert,1919,wrong_language_other,pt,2026-10-07
fil,tangere,expert,1921,wrong_language_other,pl,2026-10-07
fil,tumulo,expert,1924,wrong_language_other,pt,2026-10-07
fil,updated,expert,1926,wrong_language_english,,2026-10-07
fil,vegas,expert,1927,proper_noun,,2026-10-07
fil,villar,expert,1928,proper_noun,,2026-10-07
fil,wait,expert,1929,wrong_language_english,,2026-10-07
fil,amazing,expert,1932,wrong_language_english,,2026-10-07
fil,anton,expert,1933,proper_noun,,2026-10-07
fil,armed,expert,1935,wrong_language_english,,2026-10-07
fil,articles,expert,1936,wrong_language_english,,2026-10-07
fil,asset,expert,1938,wrong_language_english,,2026-10-07
fil,bird,expert,1942,wrong_language_english,,2026-10-07
fil,blessing,expert,1943,wrong_language_english,,2026-10-07
fil,counter,expert,1948,wrong_language_english,,2026-10-07
fil,couple,expert,1949,wrong_language_english,,2026-10-07
fil,diploma,expert,1950,wrong_language_english,,2026-10-07
fil,dong,expert,1951,wrong_language_english,,2026-10-07
fil,dubai,expert,1952,proper_noun,,2026-10-07
fil,hell,expert,1954,wrong_language_english,,2026-10-07
fil,jon,expert,1964,proper_noun,,2026-10-07
fil,junior,expert,1965,wrong_language_english,,2026-10-07
fil,laser,expert,1972,wrong_language_english,,2026-10-07
fil,launch,expert,1973,wrong_language_english,,2026-10-07
fil,letters,expert,1974,wrong_language_english,,2026-10-07
ru,белоруссии,medium,765,proper_noun,,2026-10-07
ru,ооо,medium,776,abbreviation_or_noise,,2026-10-07
ru,сср,medium,785,abbreviation_or_noise,,2026-10-07
ru,крыма,medium,794,proper_noun,,2026-10-07
ru,мвд,medium,797,abbreviation_or_noise,,2026-10-07
ru,сочи,medium,808,proper_noun,,2026-10-07
ru,спб,medium,809,abbreviation_or_noise,,2026-10-07
ru,китае,medium,821,proper_noun,,2026-10-07
ru,грузии,medium,840,proper_noun,,2026-10-07
ru,елена,medium,843,proper_noun,,2026-10-07
ru,йорке,medium,871,proper_noun,,2026-10-07
ru,петра,medium,877,proper_noun,,2026-10-07
ru,цк,medium,892,abbreviation_or_noise,,2026-10-07
ru,василий,medium,894,proper_noun,,2026-10-07
ru,николая,medium,902,proper_noun,,2026-10-07
ru,сибири,medium,909,proper_noun,,2026-10-07
ru,америки,medium,915,proper_noun,,2026-10-07
ru,борис,medium,918,proper_noun,,2026-10-07
ru,бразилии,medium,919,proper_noun,,2026-10-07
ru,константин,medium,930,proper_noun,,2026-10-07
ru,ольга,medium,936,proper_noun,,2026-10-07
ru,украины,hard,72,proper_noun,,2026-10-07
ru,севастополь,hard,846,proper_noun,,2026-10-07
ru,сп,hard,851,abbreviation_or_noise,,2026-10-07
ru,анастасия,hard,878,proper_noun,,2026-10-07
ru,екатеринбурге,hard,894,proper_noun,,2026-10-07
ru,казахстане,hard,900,proper_noun,,2026-10-07
ru,кндр,hard,904,abbreviation_or_noise,,2026-10-07
ru,му,hard,918,abbreviation_or_noise,,2026-10-07
ru,новгород,hard,923,proper_noun,,2026-10-07
ru,федор,hard,974,proper_noun,,2026-10-07
ru,харькове,hard,977,proper_noun,,2026-10-07
ru,челябинск,hard,979,proper_noun,,2026-10-07
ru,африке,hard,982,proper_noun,,2026-10-07
ru,гагарина,hard,994,proper_noun,,2026-10-07
ru,египет,hard,1004,proper_noun,,2026-10-07
ru,игоря,hard,1011,proper_noun,,2026-10-07
ru,канада,hard,1017,proper_noun,,2026-10-07
ru,людмила,hard,1027,proper_noun,,2026-10-07
ru,мишель,hard,1031,proper_noun,,2026-10-07
ru,николаевич,hard,1042,proper_noun,,2026-10-07
ru,риа,hard,1084,abbreviation_or_noise,,2026-10-07
ru,рим,hard,1085,proper_noun,,2026-10-07
ru,турция,hard,1102,proper_noun,,2026-10-07
ru,уфа,hard,1109,proper_noun,,2026-10-07
ru,фк,hard,1112,abbreviation_or_noise,,2026-10-07
ru,чарльз,hard,1115,proper_noun,,2026-10-07
ru,бо,hard,1125,abbreviation_or_noise,,2026-10-07
ru,ввп,hard,1128,abbreviation_or_noise,,2026-10-07
ru,геннадий,hard,1134,proper_noun,,2026-10-07
ru,миллер,hard,1160,proper_noun,,2026-10-07
ru,ммм,hard,1161,abbreviation_or_noise,,2026-10-07
ru,молдавии,hard,1162,proper_noun,,2026-10-07
ru,егор,hard,1266,proper_noun,,2026-10-07
ru,урала,hard,1351,proper_noun,,2026-10-07
ru,цик,hard,1357,abbreviation_or_noise,,2026-10-07
ru,днепр,hard,1385,proper_noun,,2026-10-07
ru,майами,hard,1408,proper_noun,,2026-10-07
ru,нтв,hard,1419,abbreviation_or_noise,,2026-10-07
ru,адам,hard,1487,proper_noun,,2026-10-07
ru,газпром,hard,1496,proper_noun,,2026-10-07
ru,кубани,hard,1522,proper_noun,,2026-10-07
ru,майк,hard,1528,proper_noun,,2026-10-07
ru,новгороде,hard,1541,proper_noun,,2026-10-07
ru,скотт,hard,1584,proper_noun,,2026-10-07
ru,сталин,hard,1587,proper_noun,,2026-10-07
ru,тбилиси,hard,1593,proper_noun,,2026-10-07
ru,филипп,hard,1607,proper_noun,,2026-10-07
ru,америку,hard,1620,proper_noun,,2026-10-07
ru,британии,hard,1622,proper_noun,,2026-10-07
ru,ва,hard,1624,abbreviation_or_noise,,2026-10-07
ru,испания,hard,1653,proper_noun,,2026-10-07
ru,канаде,hard,1655,proper_noun,,2026-10-07
ru,кореи,hard,1662,proper_noun,,2026-10-07
ru,кристина,hard,1665,proper_noun,,2026-10-07
ru,лнр,hard,1668,abbreviation_or_noise,,2026-10-07
ru,путиным,hard,1706,proper_noun,,2026-10-07
ru,русь,hard,1711,proper_noun,,2026-10-07
ru,яна,hard,1745,proper_noun,,2026-10-07
ru,анны,hard,1747,proper_noun,,2026-10-07
ru,владивосток,hard,1759,proper_noun,,2026-10-07
ru,дж,hard,1771,proper_noun,,2026-10-07
ru,донецка,hard,1777,proper_noun,,2026-10-07
ru,ленинграда,hard,1792,proper_noun,,2026-10-07
ru,новосибирске,hard,1805,proper_noun,,2026-10-07
ru,франсуа,hard,1874,proper_noun,,2026-10-07
ru,цб,hard,1878,abbreviation_or_noise,,2026-10-07
ru,англия,hard,1892,proper_noun,,2026-10-07
ru,берлин,hard,1895,proper_noun,,2026-10-07
ru,владислав,hard,1901,proper_noun,,2026-10-07
ru,ги,hard,1908,abbreviation_or_noise,,2026-10-07
ru,гу,hard,1911,abbreviation_or_noise,,2026-10-07
ru,израиле,hard,1922,proper_noun,,2026-10-07
ru,карла,hard,1930,proper_noun,,2026-10-07
ru,кхл,hard,1935,abbreviation_or_noise,,2026-10-07
ru,майкла,hard,1939,proper_noun,,2026-10-07
ru,михайлович,hard,1940,proper_noun,,2026-10-07
ru,питера,hard,1973,proper_noun,,2026-10-07
ru,джека,expert,822,proper_noun,,2026-10-07
ru,клинтон,expert,864,proper_noun,,2026-10-07
ru,краснодара,expert,875,proper_noun,,2026-10-07
ru,монголии,expert,892,proper_noun,,2026-10-07
ru,ндс,expert,907,abbreviation_or_noise,,2026-10-07
ru,никитин,expert,916,proper_noun,,2026-10-07
ru,павлова,expert,937,proper_noun,,2026-10-07
ru,рафаэль,expert,985,proper_noun,,2026-10-07
ru,рфпл,expert,994,abbreviation_or_noise,,2026-10-07
ru,рэп,expert,995,abbreviation_or_noise,,2026-10-07
ru,сл,expert,1013,abbreviation_or_noise,,2026-10-07
ru,смирнова,expert,1018,proper_noun,,2026-10-07
ru,тимур,expert,1034,proper_noun,,2026-10-07
ru,томаса,expert,1035,proper_noun,,2026-10-07
ru,федоров,expert,1055,proper_noun,,2026-10-07
ru,андреем,expert,1085,proper_noun,,2026-10-07
ru,афганистан,expert,1092,proper_noun,,2026-10-07
ru,дима,expert,1135,proper_noun,,2026-10-07
ru,испанию,expert,1167,proper_noun,,2026-10-07
ru,софья,expert,1281,proper_noun,,2026-10-07
ru,татарстана,expert,1301,proper_noun,,2026-10-07
ru,узбекистане,expert,1310,proper_noun,,2026-10-07
ru,яковлев,expert,1339,proper_noun,,2026-10-07
ru,янг,expert,1340,abbreviation_or_noise,,2026-10-07
ru,вьетнама,expert,1364,proper_noun,,2026-10-07
ru,иоанн,expert,1404,proper_noun,,2026-10-07
ru,марков,expert,1432,proper_noun,,2026-10-07
ru,мэй,expert,1446,abbreviation_or_noise,,2026-10-07
ru,ое,expert,1462,abbreviation_or_noise,,2026-10-07
ru,ричарда,expert,1534,proper_noun,,2026-10-07
ru,татьяны,expert,1564,proper_noun,,2026-10-07
ru,федора,expert,1590,proper_noun,,2026-10-07
ru,францией,expert,1594,proper_noun,,2026-10-07
ru,югославии,expert,1610,proper_noun,,2026-10-07
ru,азербайджан,expert,1617,proper_noun,,2026-10-07
ru,апк,expert,1618,abbreviation_or_noise,,2026-10-07
ru,артура,expert,1620,proper_noun,,2026-10-07
ru,ая,expert,1621,abbreviation_or_noise,,2026-10-07
ru,влксм,expert,1629,abbreviation_or_noise,,2026-10-07
ru,вьетнаме,expert,1645,proper_noun,,2026-10-07
ru,гродно,expert,1652,proper_noun,,2026-10-07
ru,дпс,expert,1665,abbreviation_or_noise,,2026-10-07
ru,евросоюза,expert,1670,proper_noun,,2026-10-07
ru,иа,expert,1691,abbreviation_or_noise,,2026-10-07
ru,ираном,expert,1698,proper_noun,,2026-10-07
ru,киеву,expert,1705,proper_noun,,2026-10-07
ru,маяковского,expert,1728,proper_noun,,2026-10-07
ru,мурманск,expert,1737,proper_noun,,2026-10-07
ru,николаевна,expert,1750,proper_noun,,2026-10-07
ru,пекин,expert,1766,proper_noun,,2026-10-07
ru,праге,expert,1799,proper_noun,,2026-10-07
ru,рита,expert,1828,proper_noun,,2026-10-07
ru,ташкенте,expert,1859,proper_noun,,2026-10-07
ru,химки,expert,1881,proper_noun,,2026-10-07
ru,эми,expert,1891,abbreviation_or_noise,,2026-10-07
ru,ата,expert,1898,abbreviation_or_noise,,2026-10-07
ru,вто,expert,1919,abbreviation_or_noise,,2026-10-07
ru,ивану,expert,1949,proper_noun,,2026-10-07
ru,псж,expert,2077,abbreviation_or_noise,,2026-10-07
ru,сербия,expert,2091,proper_noun,,2026-10-07
ru,сирию,expert,2095,proper_noun,,2026-10-07
ru,стамбуле,expert,2111,proper_noun,,2026-10-07
ru,тт,expert,2134,abbreviation_or_noise,,2026-10-07
ru,фрунзе,expert,2154,proper_noun,,2026-10-07
ru,японией,expert,2179,proper_noun,,2026-10-07
ru,алтая,expert,2184,proper_noun,,2026-10-07
ru,брюсселе,expert,2198,proper_noun,,2026-10-07
ru,жириновский,expert,2250,proper_noun,,2026-10-07
ru,зеландии,expert,2259,proper_noun,,2026-10-07
ru,люси,expert,2289,proper_noun,,2026-10-07
ru,мвт,expert,2295,abbreviation_or_noise,,2026-10-07
ru,михаилом,expert,2298,proper_noun,,2026-10-07
ru,надя,expert,2305,proper_noun,,2026-10-07
ru,натальи,expert,2309,proper_noun,,2026-10-07
ru,николаем,expert,2317,proper_noun,,2026-10-07
ru,ор,expert,2331,abbreviation_or_noise,,2026-10-07
ru,отто,expert,2341,proper_noun,,2026-10-07
ru,рен,expert,2398,abbreviation_or_noise,,2026-10-07
ru,соколова,expert,2432,proper_noun,,2026-10-07
ru,таджикистана,expert,2450,proper_noun,,2026-10-07
ru,удмуртии,expert,2468,proper_noun,,2026-10-07
ru,чс,expert,2483,abbreviation_or_noise,,2026-10-07
ru,андреевич,expert,2493,proper_noun,,2026-10-07
ru,арктике,expert,2497,proper_noun,,2026-10-07
ru,гай,expert,2527,abbreviation_or_noise,,2026-10-07
ru,григорьев,expert,2536,proper_noun,,2026-10-07
ru,инна,expert,2568,proper_noun,,2026-10-07
ru,кипр,expert,2582,proper_noun,,2026-10-07
ru,кирилла,expert,2583,proper_noun,,2026-10-07
ru,марины,expert,2606,proper_noun,,2026-10-07
ru,михаилу,expert,2612,proper_noun,,2026-10-07
ru,мордовии,expert,2618,proper_noun,,2026-10-07
ru,нп,expert,2642,abbreviation_or_noise,,2026-10-07
ru,ркп,expert,2718,abbreviation_or_noise,,2026-10-07
ru,рязань,expert,2719,proper_noun,,2026-10-07
ru,саратове,expert,2722,proper_noun,,2026-10-07
ru,твери,expert,2756,proper_noun,,2026-10-07
ru,ый,expert,2795,abbreviation_or_noise,,2026-10-07
ru,александров,expert,2803,proper_noun,,2026-10-07
ru,альфред,expert,2804,proper_noun,,2026-10-07
ru,вася,expert,2813,proper_noun,,2026-10-07
ru,воронежа,expert,2830,proper_noun,,2026-10-07
ru,вт,expert,2834,proper_noun,,2026-10-07
ru,генрих,expert,2846,proper_noun,,2026-10-07
ru,кб,expert,2891,abbreviation_or_noise,,2026-10-07
ru,коля,expert,2899,proper_noun,,2026-10-07
ru,кпк,expert,2903,abbreviation_or_noise,,2026-10-07
ru,лермонтова,expert,2909,proper_noun,,2026-10-07
ru,пдд,expert,2951,abbreviation_or_noise,,2026-10-07
ru,пен,expert,2953,abbreviation_or_noise,,2026-10-07
ar,والتي,medium,1,attached_conjunction_or_preposition,prefix وال,2026-10-07
ar,وكانت,medium,9,attached_conjunction_or_preposition,prefix و,2026-10-07
ar,والذي,medium,19,attached_conjunction_or_preposition,prefix وال,2026-10-07
ar,ونسبة,medium,28,attached_conjunction_or_preposition,prefix و,2026-10-07
ar,ويمكن,medium,102,attached_conjunction_or_preposition,prefix و,2026-10-07
ar,بأنها,medium,132,attached_conjunction_or_preposition,prefix ب,2026-10-07
ar,بالقرب,medium,168,attached_conjunction_or_preposition,prefix بال,2026-10-07
ar,ولكنه,medium,172,attached_conjunction_or_preposition,prefix و,2026-10-07
ar,بطريقة,medium,215,attached_conjunction_or_preposition,prefix ب,2026-10-07
ar,وهناك,medium,225,attached_conjunction_or_preposition,prefix و,2026-10-07
ar,ولكنها,medium,229,attached_conjunction_or_preposition,prefix و,2026-10-07
ar,بنسبة,medium,231,attached_conjunction_or_preposition,prefix ب,2026-10-07
ar,للغاية,medium,234,attached_conjunction_or_preposition,prefix لل,2026-10-07
ar,والده,medium,264,attached_conjunction_or_preposition,prefix وال,2026-10-07
ar,لفترة,medium,285,attached_conjunction_or_preposition,prefix ل,2026-10-07
ar,بموجب,medium,287,attached_conjunction_or_preposition,prefix ب,2026-10-07
ar,باللغة,medium,289,attached_conjunction_or_preposition,prefix بال,2026-10-07
ar,وأصبح,medium,322,attached_conjunction_or_preposition,prefix و,2026-10-07
ar,للإناث,medium,331,attached_conjunction_or_preposition,prefix لل,2026-10-07
ar,للسكان,medium,332,attached_conjunction_or_preposition,prefix لل,2026-10-07
ar,وعندما,medium,343,attached_conjunction_or_preposition,prefix و,2026-10-07
ar,للحصول,medium,366,attached_conjunction_or_preposition,prefix لل,2026-10-07
ar,للعمل,medium,367,attached_conjunction_or_preposition,prefix لل,2026-10-07
ar,وخاصة,medium,379,attached_conjunction_or_preposition,prefix و,2026-10-07
ar,لأنها,medium,383,attached_conjunction_or_preposition,prefix ل,2026-10-07
ar,بتاريخ,medium,411,attached_conjunction_or_preposition,prefix ب,2026-10-07
ar,بالفعل,medium,419,attached_conjunction_or_preposition,prefix بال,2026-10-07
ar,بصورة,medium,442,attached_conjunction_or_preposition,prefix ب,2026-10-07
ar,بكثير,medium,457,attached_conjunction_or_preposition,prefix ب,2026-10-07
ar,وأصبحت,medium,469,attached_conjunction_or_preposition,prefix و,2026-10-07
ar,بقيادة,medium,491,attached_conjunction_or_preposition,prefix ب,2026-10-07
ar,وأكثر,medium,519,attached_conjunction_or_preposition,prefix و,2026-10-07
ar,واستمر,medium,545,attached_conjunction_or_preposition,prefix و,2026-10-07
ar,لتحديد,medium,552,attached_conjunction_or_preposition,prefix ل,2026-10-07
ar,بالرغم,medium,558,attached_conjunction_or_preposition,prefix بال,2026-10-07
ar,لجميع,medium,568,attached_conjunction_or_preposition,prefix ل,2026-10-07
ar,ويعتبر,medium,569,attached_conjunction_or_preposition,prefix و,2026-10-07
ar,لشركة,medium,580,attached_conjunction_or_preposition,prefix ل,2026-10-07
ar,لتصبح,medium,590,attached_conjunction_or_preposition,prefix ل,2026-10-07
ar,ليصبح,medium,606,attached_conjunction_or_preposition,prefix ل,2026-10-07
ar,ولذلك,medium,616,attached_conjunction_or_preposition,prefix و,2026-10-07
ar,لإعادة,medium,627,attached_conjunction_or_preposition,prefix ل,2026-10-07
ar,للمرة,medium,628,attached_conjunction_or_preposition,prefix لل,2026-10-07
ar,ليكون,medium,629,attached_conjunction_or_preposition,prefix ل,2026-10-07
ar,والدها,medium,630,attached_conjunction_or_preposition,prefix وال,2026-10-07
ar,ويكون,medium,654,attached_conjunction_or_preposition,prefix و,2026-10-07
ar,ويوجد,medium,662,attached_conjunction_or_preposition,prefix و,2026-10-07
ar,وعادة,medium,678,attached_conjunction_or_preposition,prefix و,2026-10-07
ar,وبحلول,medium,688,attached_conjunction_or_preposition,prefix و,2026-10-07
ar,لتحقيق,medium,698,attached_conjunction_or_preposition,prefix ل,2026-10-07
ar,وبذلك,medium,709,attached_conjunction_or_preposition,prefix و,2026-10-07
ar,وربما,medium,710,attached_conjunction_or_preposition,prefix و,2026-10-07
ar,لحماية,medium,720,attached_conjunction_or_preposition,prefix ل,2026-10-07
ar,ليلعب,medium,721,attached_conjunction_or_preposition,prefix ل,2026-10-07
ar,ومنها,medium,723,attached_conjunction_or_preposition,prefix و,2026-10-07
ar,لأسباب,medium,740,attached_conjunction_or_preposition,prefix ل,2026-10-07
ar,وتعتبر,medium,742,attached_conjunction_or_preposition,prefix و,2026-10-07
ar,لدرجة,medium,752,attached_conjunction_or_preposition,prefix ل,2026-10-07
ar,بقدر,medium,794,attached_conjunction_or_preposition,prefix ب,2026-10-07
ar,بجانب,medium,851,attached_conjunction_or_preposition,prefix ب,2026-10-07
ar,ويقول,medium,863,attached_conjunction_or_preposition,prefix و,2026-10-07
ar,فهذا,medium,873,attached_conjunction_or_preposition,prefix ف,2026-10-07
ar,لأحد,medium,874,attached_conjunction_or_preposition,prefix ل,2026-10-07
ar,للبيع,medium,875,attached_conjunction_or_preposition,prefix لل,2026-10-07
ar,بكم,medium,888,attached_conjunction_or_preposition,prefix ب,2026-10-07
ar,بعمل,medium,926,attached_conjunction_or_preposition,prefix ب,2026-10-07
ar,بنفسك,medium,927,attached_conjunction_or_preposition,prefix ب,2026-10-07
ar,لحقوق,medium,935,attached_conjunction_or_preposition,prefix ل,2026-10-07
ar,بالطبع,medium,946,attached_conjunction_or_preposition,prefix بال,2026-10-07
ar,بمدينة,medium,947,attached_conjunction_or_preposition,prefix ب,2026-10-07
ar,بالإضافة,hard,6,attached_conjunction_or_preposition,prefix بال,2026-10-07
ar,باستخدام,hard,15,attached_conjunction_or_preposition,prefix ب,2026-10-07
ar,بالنسبة,hard,19,attached_conjunction_or_preposition,prefix بال,2026-10-07
ar,بالكامل,hard,152,attached_conjunction_or_preposition,prefix بال,2026-10-07
ar,والستين,hard,219,attached_conjunction_or_preposition,prefix وال,2026-10-07
ar,والعشرين,hard,235,attached_conjunction_or_preposition,prefix وال,2026-10-07
ar,للأطفال,hard,279,attached_conjunction_or_preposition,prefix لل,2026-10-07
ar,والسكنى,hard,284,attached_conjunction_or_preposition,prefix وال,2026-10-07
ar,والعديد,hard,324,attached_conjunction_or_preposition,prefix وال,2026-10-07
ar,للحكومة,hard,359,attached_conjunction_or_preposition,prefix لل,2026-10-07
ar,للمساعدة,hard,410,attached_conjunction_or_preposition,prefix لل,2026-10-07
ar,بالتعاون,hard,425,attached_conjunction_or_preposition,prefix بال,2026-10-07
ar,بمساعدة,hard,460,attached_conjunction_or_preposition,prefix ب,2026-10-07
ar,للولايات,hard,461,attached_conjunction_or_preposition,prefix لل,2026-10-07
ar,والتعليم,hard,483,attached_conjunction_or_preposition,prefix وال,2026-10-07
ar,للاتحاد,hard,498,attached_conjunction_or_preposition,prefix لل,2026-10-07
ar,باستمرار,hard,562,attached_conjunction_or_preposition,prefix ب,2026-10-07
ar,والعلوم,hard,608,attached_conjunction_or_preposition,prefix وال,2026-10-07
ar,والخدمات,hard,617,attached_conjunction_or_preposition,prefix وال,2026-10-07
ar,ويستخدم,hard,645,attached_conjunction_or_preposition,prefix و,2026-10-07
ar,واستمرت,hard,659,attached_conjunction_or_preposition,prefix و,2026-10-07
ar,بالضربة,hard,667,attached_conjunction_or_preposition,prefix بال,2026-10-07
ar,للإشارة,hard,668,attached_conjunction_or_preposition,prefix لل,2026-10-07
ar,والثاني,hard,669,attached_conjunction_or_preposition,prefix وال,2026-10-07
ar,لمكافحة,hard,687,attached_conjunction_or_preposition,prefix ل,2026-10-07
ar,والنساء,hard,689,attached_conjunction_or_preposition,prefix وال,2026-10-07
ar,بالعديد,hard,699,attached_conjunction_or_preposition,prefix بال,2026-10-07
ar,للتعليم,hard,727,attached_conjunction_or_preposition,prefix لل,2026-10-07
ar,واستخدام,hard,728,attached_conjunction_or_preposition,prefix و,2026-10-07
ar,للأشخاص,hard,746,attached_conjunction_or_preposition,prefix لل,2026-10-07
ar,لمجموعة,hard,747,attached_conjunction_or_preposition,prefix ل,2026-10-07
ar,لمساعدة,hard,757,attached_conjunction_or_preposition,prefix ل,2026-10-07
ar,وتستخدم,hard,758,attached_conjunction_or_preposition,prefix و,2026-10-07
ar,والتنمية,hard,772,attached_conjunction_or_preposition,prefix وال,2026-10-07
ar,والمناطق,hard,773,attached_conjunction_or_preposition,prefix وال,2026-10-07
ar,بالضرورة,hard,792,attached_conjunction_or_preposition,prefix بال,2026-10-07
ar,لعدد,hard,816,attached_conjunction_or_preposition,prefix ل,2026-10-07
ar,لنظام,hard,817,attached_conjunction_or_preposition,prefix ل,2026-10-07
ar,وتحميل,hard,825,attached_conjunction_or_preposition,prefix و,2026-10-07
ar,وحين,hard,826,attached_conjunction_or_preposition,prefix و,2026-10-07
ar,ومصر,hard,829,attached_conjunction_or_preposition,prefix و,2026-10-07
ar,بإطلاق,hard,858,attached_conjunction_or_preposition,prefix ب,2026-10-07
ar,بقوله,hard,860,attached_conjunction_or_preposition,prefix ب,2026-10-07
ar,لتطوير,hard,892,attached_conjunction_or_preposition,prefix ل,2026-10-07
ar,لشراء,hard,894,attached_conjunction_or_preposition,prefix ل,2026-10-07
ar,للمسلمين,hard,896,attached_conjunction_or_preposition,prefix لل,2026-10-07
ar,لمجلس,hard,897,attached_conjunction_or_preposition,prefix ل,2026-10-07
ar,بأحد,hard,940,attached_conjunction_or_preposition,prefix ب,2026-10-07
ar,بقيمة,hard,941,attached_conjunction_or_preposition,prefix ب,2026-10-07
ar,بكلمة,hard,942,attached_conjunction_or_preposition,prefix ب,2026-10-07
ar,لعلاج,hard,974,attached_conjunction_or_preposition,prefix ل,2026-10-07
ar,لعمل,hard,975,attached_conjunction_or_preposition,prefix ل,2026-10-07
ar,للرجال,hard,976,attached_conjunction_or_preposition,prefix لل,2026-10-07
ar,لوضع,hard,977,attached_conjunction_or_preposition,prefix ل,2026-10-07
ar,ولكنني,hard,987,attached_conjunction_or_preposition,prefix و,2026-10-07
ar,ووضع,hard,988,attached_conjunction_or_preposition,prefix و,2026-10-07
ar,ويقوم,hard,989,attached_conjunction_or_preposition,prefix و,2026-10-07
ar,بإعادة,hard,1024,attached_conjunction_or_preposition,prefix ب,2026-10-07
ar,كهذا,hard,1055,attached_conjunction_or_preposition,prefix ك,2026-10-07
ar,لحزب,hard,1056,attached_conjunction_or_preposition,prefix ل,2026-10-07
ar,للتنمية,hard,1057,attached_conjunction_or_preposition,prefix لل,2026-10-07
ar,لهما,hard,1058,attached_conjunction_or_preposition,prefix ل,2026-10-07
ar,ليه,hard,1060,attached_conjunction_or_preposition,prefix ل,2026-10-07
ar,وأحيانا,hard,1069,attached_conjunction_or_preposition,prefix و,2026-10-07
ar,والعراق,hard,1070,attached_conjunction_or_preposition,prefix وال,2026-10-07
ar,وعلي,hard,1072,attached_conjunction_or_preposition,prefix و,2026-10-07
ar,وفيها,hard,1073,attached_conjunction_or_preposition,prefix و,2026-10-07
ar,بأننا,hard,1113,attached_conjunction_or_preposition,prefix ب,2026-10-07
ar,بالأمر,hard,1114,attached_conjunction_or_preposition,prefix بال,2026-10-07
ar,بنشر,hard,1116,attached_conjunction_or_preposition,prefix ب,2026-10-07
ar,لتنظيم,hard,1137,attached_conjunction_or_preposition,prefix ل,2026-10-07
ar,لسنوات,hard,1138,attached_conjunction_or_preposition,prefix ل,2026-10-07
ar,والمجتمع,hard,1149,attached_conjunction_or_preposition,prefix وال,2026-10-07
ar,وتحت,hard,1151,attached_conjunction_or_preposition,prefix و,2026-10-07
ar,وفيما,hard,1154,attached_conjunction_or_preposition,prefix و,2026-10-07
ar,بعدة,hard,1183,attached_conjunction_or_preposition,prefix ب,2026-10-07
ar,بمثل,hard,1187,attached_conjunction_or_preposition,prefix ب,2026-10-07
ar,فكل,hard,1221,attached_conjunction_or_preposition,prefix ف,2026-10-07
ar,للحزب,hard,1225,attached_conjunction_or_preposition,prefix لل,2026-10-07
ar,والثانية,hard,1231,attached_conjunction_or_preposition,prefix وال,2026-10-07
ar,وفيه,hard,1234,attached_conjunction_or_preposition,prefix و,2026-10-07
ar,ويعمل,hard,1235,attached_conjunction_or_preposition,prefix و,2026-10-07
ar,برعاية,hard,1269,attached_conjunction_or_preposition,prefix ب,2026-10-07
ar,لعملية,hard,1311,attached_conjunction_or_preposition,prefix ل,2026-10-07
ar,للقانون,hard,1312,attached_conjunction_or_preposition,prefix لل,2026-10-07
ar,وأخرى,hard,1323,attached_conjunction_or_preposition,prefix و,2026-10-07
ar,وقامت,hard,1326,attached_conjunction_or_preposition,prefix و,2026-10-07
ar,وكم,hard,1327,attached_conjunction_or_preposition,prefix و,2026-10-07
ar,ويعد,hard,1329,attached_conjunction_or_preposition,prefix و,2026-10-07
ar,بأس,hard,1361,attached_conjunction_or_preposition,prefix ب,2026-10-07
ar,بالتالي,hard,1362,attached_conjunction_or_preposition,prefix بال,2026-10-07
ar,بالنظر,hard,1363,attached_conjunction_or_preposition,prefix بال,2026-10-07
ar,بجميع,hard,1364,attached_conjunction_or_preposition,prefix ب,2026-10-07
ar,بمصر,hard,1365,attached_conjunction_or_preposition,prefix ب,2026-10-07
ar,كهذه,hard,1391,attached_conjunction_or_preposition,prefix ك,2026-10-07
ar,لإنشاء,hard,1392,attached_conjunction_or_preposition,prefix ل,2026-10-07
ar,لتوفير,hard,1393,attached_conjunction_or_preposition,prefix ل,2026-10-07
ar,للخطر,hard,1394,attached_conjunction_or_preposition,prefix لل,2026-10-07
ar,لمصر,hard,1395,attached_conjunction_or_preposition,prefix ل,2026-10-07
ar,لنفسي,hard,1396,attached_conjunction_or_preposition,prefix ل,2026-10-07
ar,وتقوم,hard,1406,attached_conjunction_or_preposition,prefix و,2026-10-07
ar,ومنهم,hard,1408,attached_conjunction_or_preposition,prefix و,2026-10-07
ar,بالحياة,hard,1451,attached_conjunction_or_preposition,prefix بال,2026-10-07
ar,بالقوة,hard,1452,attached_conjunction_or_preposition,prefix بال,2026-10-07
ar,بحكم,hard,1454,attached_conjunction_or_preposition,prefix ب,2026-10-07
ar,بزيادة,hard,1455,attached_conjunction_or_preposition,prefix ب,2026-10-07
ar,بعملية,hard,1456,attached_conjunction_or_preposition,prefix ب,2026-10-07
ar,لإدارة,hard,1482,attached_conjunction_or_preposition,prefix ل,2026-10-07
ar,لدولة,hard,1484,attached_conjunction_or_preposition,prefix ل,2026-10-07
ar,للأبد,hard,1485,attached_conjunction_or_preposition,prefix لل,2026-10-07
ar,للعديد,hard,1486,attached_conjunction_or_preposition,prefix لل,2026-10-07
ar,وآخر,hard,1500,attached_conjunction_or_preposition,prefix و,2026-10-07
ar,وتقديم,hard,1501,attached_conjunction_or_preposition,prefix و,2026-10-07
ar,وجعل,hard,1502,attached_conjunction_or_preposition,prefix و,2026-10-07
ar,وسيكون,hard,1503,attached_conjunction_or_preposition,prefix و,2026-10-07
ar,وطلب,hard,1504,attached_conjunction_or_preposition,prefix و,2026-10-07
ar,وعشرين,hard,1505,attached_conjunction_or_preposition,prefix و,2026-10-07
ar,بأكثر,hard,1558,attached_conjunction_or_preposition,prefix ب,2026-10-07
ar,بإنشاء,hard,1559,attached_conjunction_or_preposition,prefix ب,2026-10-07
ar,بجوار,hard,1560,attached_conjunction_or_preposition,prefix ب,2026-10-07
ar,فإني,hard,1593,attached_conjunction_or_preposition,prefix ف,2026-10-07
ar,فعليا,hard,1594,attached_conjunction_or_preposition,prefix ف,2026-10-07
ar,لإنقاذ,hard,1598,attached_conjunction_or_preposition,prefix ل,2026-10-07
ar,لتحسين,hard,1599,attached_conjunction_or_preposition,prefix ل,2026-10-07
ar,لجعل,hard,1600,attached_conjunction_or_preposition,prefix ل,2026-10-07
ar,لخدمة,hard,1601,attached_conjunction_or_preposition,prefix ل,2026-10-07
ar,للحرب,hard,1602,attached_conjunction_or_preposition,prefix لل,2026-10-07
ar,للكتاب,hard,1603,attached_conjunction_or_preposition,prefix لل,2026-10-07
ar,لمجرد,hard,1604,attached_conjunction_or_preposition,prefix ل,2026-10-07
ar,لنشر,hard,1605,attached_conjunction_or_preposition,prefix ل,2026-10-07
ar,والآخر,hard,1621,attached_conjunction_or_preposition,prefix وال,2026-10-07
ar,والحياة,hard,1622,attached_conjunction_or_preposition,prefix وال,2026-10-07
ar,وغيره,hard,1624,attached_conjunction_or_preposition,prefix و,2026-10-07
ar,وقلت,hard,1626,attached_conjunction_or_preposition,prefix و,2026-10-07
ar,بالخارج,hard,1671,attached_conjunction_or_preposition,prefix بال,2026-10-07
ar,بحد,hard,1672,attached_conjunction_or_preposition,prefix ب,2026-10-07
ar,بسعر,hard,1673,attached_conjunction_or_preposition,prefix ب,2026-10-07
ar,بمحافظة,hard,1674,attached_conjunction_or_preposition,prefix ب,2026-10-07
ar,بيده,hard,1675,attached_conjunction_or_preposition,prefix ب,2026-10-07
ar,كأنها,hard,1705,attached_conjunction_or_preposition,prefix ك,2026-10-07
ar,لإطلاق,hard,1707,attached_conjunction_or_preposition,prefix ل,2026-10-07
ar,للجنة,hard,1710,attached_conjunction_or_preposition,prefix لل,2026-10-07
ar,للخروج,hard,1711,attached_conjunction_or_preposition,prefix لل,2026-10-07
ar,وابن,hard,1722,attached_conjunction_or_preposition,prefix و,2026-10-07
ar,والتر,hard,1723,attached_conjunction_or_preposition,prefix وال,2026-10-07
ar,وتلك,hard,1724,attached_conjunction_or_preposition,prefix و,2026-10-07
ar,وجاء,hard,1726,attached_conjunction_or_preposition,prefix و,2026-10-07
ar,وحماية,hard,1727,attached_conjunction_or_preposition,prefix و,2026-10-07
ar,وسوريا,hard,1728,attached_conjunction_or_preposition,prefix و,2026-10-07
ar,وشمال,hard,1729,attached_conjunction_or_preposition,prefix و,2026-10-07
ar,ونقل,hard,1732,attached_conjunction_or_preposition,prefix و,2026-10-07
ar,ويظهر,hard,1733,attached_conjunction_or_preposition,prefix و,2026-10-07
ar,بأفضل,hard,1776,attached_conjunction_or_preposition,prefix ب,2026-10-07
ar,بأنني,hard,1777,attached_conjunction_or_preposition,prefix ب,2026-10-07
ar,بالعربية,hard,1778,attached_conjunction_or_preposition,prefix بال,2026-10-07
ar,بحجم,hard,1779,attached_conjunction_or_preposition,prefix ب,2026-10-07
ar,بعرض,hard,1782,attached_conjunction_or_preposition,prefix ب,2026-10-07
ar,لقوات,hard,1818,attached_conjunction_or_preposition,prefix ل,2026-10-07
ar,لمنظمة,hard,1819,attached_conjunction_or_preposition,prefix ل,2026-10-07
ar,وأي,hard,1833,attached_conjunction_or_preposition,prefix و,2026-10-07
ar,ورجال,hard,1837,attached_conjunction_or_preposition,prefix و,2026-10-07
ar,وعبد,hard,1839,attached_conjunction_or_preposition,prefix و,2026-10-07
ar,بإجراء,hard,1883,attached_conjunction_or_preposition,prefix ب,2026-10-07
ar,فلماذا,hard,1908,attached_conjunction_or_preposition,prefix ف,2026-10-07
ar,فماذا,hard,1909,attached_conjunction_or_preposition,prefix ف,2026-10-07
ar,لأفضل,hard,1915,attached_conjunction_or_preposition,prefix ل,2026-10-07
ar,لحركة,hard,1917,attached_conjunction_or_preposition,prefix ل,2026-10-07
ar,لرؤية,hard,1918,attached_conjunction_or_preposition,prefix ل,2026-10-07
ar,للتو,hard,1919,attached_conjunction_or_preposition,prefix لل,2026-10-07
ar,للشيخ,hard,1920,attached_conjunction_or_preposition,prefix لل,2026-10-07
ar,للقضاء,hard,1921,attached_conjunction_or_preposition,prefix لل,2026-10-07
ar,وتطوير,hard,1940,attached_conjunction_or_preposition,prefix و,2026-10-07
ar,ولأن,hard,1941,attached_conjunction_or_preposition,prefix و,2026-10-07
ar,ولها,hard,1942,attached_conjunction_or_preposition,prefix و,2026-10-07
ar,والاجتماعية,expert,68,attached_conjunction_or_preposition,prefix وال,2026-10-07
ar,والولايات,expert,78,attached_conjunction_or_preposition,prefix وال,2026-10-07
ar,للاستخدام,expert,104,attached_conjunction_or_preposition,prefix لل,2026-10-07
ar,والاقتصادية,expert,108,attached_conjunction_or_preposition,prefix وال,2026-10-07
ar,والسياسية,expert,118,attached_conjunction_or_preposition,prefix وال,2026-10-07
ar,بالمقارنة,expert,132,attached_conjunction_or_preposition,prefix بال,2026-10-07
ar,بالإنجليزية,expert,143,attached_conjunction_or_preposition,prefix بال,2026-10-07
ar,والتكنولوجيا,expert,144,attached_conjunction_or_preposition,prefix وال,2026-10-07
ar,والدراسات,expert,146,attached_conjunction_or_preposition,prefix وال,2026-10-07
ar,والثقافية,expert,150,attached_conjunction_or_preposition,prefix وال,2026-10-07
ar,والحيوانات,expert,162,attached_conjunction_or_preposition,prefix وال,2026-10-07
ar,والمؤسسات,expert,163,attached_conjunction_or_preposition,prefix وال,2026-10-07
ar,وبالإضافة,expert,182,attached_conjunction_or_preposition,prefix و,2026-10-07
ar,والموسيقى,expert,188,attached_conjunction_or_preposition,prefix وال,2026-10-07
ar,لاستخدامها,expert,193,attached_conjunction_or_preposition,prefix ل,2026-10-07
ar,والمنظمات,expert,194,attached_conjunction_or_preposition,prefix وال,2026-10-07
ar,بالاشتراك,expert,211,attached_conjunction_or_preposition,prefix بال,2026-10-07
ar,والمعروفة,expert,212,attached_conjunction_or_preposition,prefix وال,2026-10-07
ar,والعلاقات,expert,227,attached_conjunction_or_preposition,prefix وال,2026-10-07
ar,والفرنسية,expert,237,attached_conjunction_or_preposition,prefix وال,2026-10-07
ar,والمشاركة,expert,238,attached_conjunction_or_preposition,prefix وال,2026-10-07
ar,للمواطنين,expert,267,attached_conjunction_or_preposition,prefix لل,2026-10-07
ar,والمعلومات,expert,269,attached_conjunction_or_preposition,prefix وال,2026-10-07
ar,بالولايات,expert,278,attached_conjunction_or_preposition,prefix بال,2026-10-07
ar,والاجتماعي,expert,287,attached_conjunction_or_preposition,prefix وال,2026-10-07
ar,والاقتصاد,expert,304,attached_conjunction_or_preposition,prefix وال,2026-10-07
ar,والتقاليد,expert,305,attached_conjunction_or_preposition,prefix وال,2026-10-07
ar,للتكنولوجيا,expert,333,attached_conjunction_or_preposition,prefix لل,2026-10-07
ar,وأستراليا,expert,334,attached_conjunction_or_preposition,prefix و,2026-10-07
ar,والاتصالات,expert,335,attached_conjunction_or_preposition,prefix وال,2026-10-07
ar,والتلفزيون,expert,336,attached_conjunction_or_preposition,prefix وال,2026-10-07
ar,والثلاثين,expert,337,attached_conjunction_or_preposition,prefix وال,2026-10-07
ar,والجمعيات,expert,338,attached_conjunction_or_preposition,prefix وال,2026-10-07
ar,بالاعتماد,expert,350,attached_conjunction_or_preposition,prefix بال,2026-10-07
ar,والمنتجات,expert,353,attached_conjunction_or_preposition,prefix وال,2026-10-07
ar,للمستخدمين,expert,362,attached_conjunction_or_preposition,prefix لل,2026-10-07
ar,للمعلومات,expert,363,attached_conjunction_or_preposition,prefix لل,2026-10-07
ar,والرياضيات,expert,364,attached_conjunction_or_preposition,prefix وال,2026-10-07
ar,والعالمية,expert,365,attached_conjunction_or_preposition,prefix وال,2026-10-07
ar,والألمانية,expert,386,attached_conjunction_or_preposition,prefix وال,2026-10-07
ar,والالتزام,expert,387,attached_conjunction_or_preposition,prefix وال,2026-10-07
ar,والمجتمعات,expert,388,attached_conjunction_or_preposition,prefix وال,2026-10-07
ar,وبريطانيا,expert,389,attached_conjunction_or_preposition,prefix و,2026-10-07
ar,للانتخابات,expert,413,attached_conjunction_or_preposition,prefix لل,2026-10-07
ar,للجمهورية,expert,414,attached_conjunction_or_preposition,prefix لل,2026-10-07
ar,للحيوانات,expert,415,attached_conjunction_or_preposition,prefix لل,2026-10-07
ar,والفيزياء,expert,416,attached_conjunction_or_preposition,prefix وال,2026-10-07
ar,بالانقراض,expert,439,attached_conjunction_or_preposition,prefix بال,2026-10-07
ar,للإمبراطورية,expert,440,attached_conjunction_or_preposition,prefix لل,2026-10-07
ar,للاستفادة,expert,441,attached_conjunction_or_preposition,prefix لل,2026-10-07
ar,والجامعات,expert,444,attached_conjunction_or_preposition,prefix وال,2026-10-07
ar,والعسكرية,expert,445,attached_conjunction_or_preposition,prefix وال,2026-10-07
ar,والعمليات,expert,446,attached_conjunction_or_preposition,prefix وال,2026-10-07
ar,والمقالات,expert,447,attached_conjunction_or_preposition,prefix وال,2026-10-07
ar,بالمشاركة,expert,471,attached_conjunction_or_preposition,prefix بال,2026-10-07
ar,والإنجليزية,expert,472,attached_conjunction_or_preposition,prefix وال,2026-10-07
ar,والانتقال,expert,473,attached_conjunction_or_preposition,prefix وال,2026-10-07
ar,والثقافات,expert,474,attached_conjunction_or_preposition,prefix وال,2026-10-07
ar,والصناعات,expert,475,attached_conjunction_or_preposition,prefix وال,2026-10-07
ar,والمتوسطة,expert,476,attached_conjunction_or_preposition,prefix وال,2026-10-07
ar,والمجموعات,expert,477,attached_conjunction_or_preposition,prefix وال,2026-10-07
ar,والممارسات,expert,478,attached_conjunction_or_preposition,prefix وال,2026-10-07
ar,للاتصالات,expert,506,attached_conjunction_or_preposition,prefix لل,2026-10-07
ar,للاضطرابات,expert,507,attached_conjunction_or_preposition,prefix لل,2026-10-07
ar,واستخدامها,expert,509,attached_conjunction_or_preposition,prefix و,2026-10-07
ar,والاستقرار,expert,510,attached_conjunction_or_preposition,prefix وال,2026-10-07
ar,والاقتصادي,expert,511,attached_conjunction_or_preposition,prefix وال,2026-10-07
ar,والثانوية,expert,512,attached_conjunction_or_preposition,prefix وال,2026-10-07
ar,والمسلمين,expert,513,attached_conjunction_or_preposition,prefix وال,2026-10-07
ar,والإسبانية,expert,542,attached_conjunction_or_preposition,prefix وال,2026-10-07
ar,والبريطانية,expert,543,attached_conjunction_or_preposition,prefix وال,2026-10-07
ar,والأقاليم,expert,570,attached_conjunction_or_preposition,prefix وال,2026-10-07
ar,والإجراءات,expert,571,attached_conjunction_or_preposition,prefix وال,2026-10-07
ar,والاهتمام,expert,572,attached_conjunction_or_preposition,prefix وال,2026-10-07
ar,والجماعات,expert,573,attached_conjunction_or_preposition,prefix وال,2026-10-07
ar,والمدفعية,expert,574,attached_conjunction_or_preposition,prefix وال,2026-10-07
ar,بالفرنسية,expert,615,attached_conjunction_or_preposition,prefix بال,2026-10-07
ar,واجتماعية,expert,617,attached_conjunction_or_preposition,prefix و,2026-10-07
ar,والأربعين,expert,618,attached_conjunction_or_preposition,prefix وال,2026-10-07
ar,والجنوبية,expert,619,attached_conjunction_or_preposition,prefix وال,2026-10-07
ar,والسياسات,expert,620,attached_conjunction_or_preposition,prefix وال,2026-10-07
ar,والمحافظة,expert,621,attached_conjunction_or_preposition,prefix وال,2026-10-07
ar,والمساعدة,expert,622,attached_conjunction_or_preposition,prefix وال,2026-10-07
ar,والمهارات,expert,623,attached_conjunction_or_preposition,prefix وال,2026-10-07
ar,والموظفين,expert,624,attached_conjunction_or_preposition,prefix وال,2026-10-07
ar,والنباتات,expert,625,attached_conjunction_or_preposition,prefix وال,2026-10-07
ar,واليونانية,expert,626,attached_conjunction_or_preposition,prefix وال,2026-10-07
ar,بالانتخابات,expert,667,attached_conjunction_or_preposition,prefix بال,2026-10-07
ar,لبريطانيا,expert,671,attached_conjunction_or_preposition,prefix ل,2026-10-07
ar,للاستثمار,expert,672,attached_conjunction_or_preposition,prefix لل,2026-10-07
ar,للاستيلاء,expert,673,attached_conjunction_or_preposition,prefix لل,2026-10-07
ar,للبكتيريا,expert,674,attached_conjunction_or_preposition,prefix لل,2026-10-07
ar,للتطبيقات,expert,675,attached_conjunction_or_preposition,prefix لل,2026-10-07
ar,للتلفزيون,expert,676,attached_conjunction_or_preposition,prefix لل,2026-10-07
ar,والاستثمار,expert,678,attached_conjunction_or_preposition,prefix وال,2026-10-07
ar,والاستخدام,expert,679,attached_conjunction_or_preposition,prefix وال,2026-10-07
ar,والاعتماد,expert,680,attached_conjunction_or_preposition,prefix وال,2026-10-07
ar,والاكتئاب,expert,681,attached_conjunction_or_preposition,prefix وال,2026-10-07
ar,والتجارية,expert,682,attached_conjunction_or_preposition,prefix وال,2026-10-07
ar,والتقنيات,expert,683,attached_conjunction_or_preposition,prefix وال,2026-10-07
ar,والديمقراطية,expert,684,attached_conjunction_or_preposition,prefix وال,2026-10-07
ar,والمؤتمرات,expert,685,attached_conjunction_or_preposition,prefix وال,2026-10-07
ar,والمركبات,expert,686,attached_conjunction_or_preposition,prefix وال,2026-10-07
ar,والمساواة,expert,687,attached_conjunction_or_preposition,prefix وال,2026-10-07
ar,بالعلاقات,expert,738,attached_conjunction_or_preposition,prefix بال,2026-10-07
ar,بالمعلومات,expert,739,attached_conjunction_or_preposition,prefix بال,2026-10-07
ar,بالميدالية,expert,740,attached_conjunction_or_preposition,prefix بال,2026-10-07
ar,لتكنولوجيا,expert,742,attached_conjunction_or_preposition,prefix ل,2026-10-07
ar,للمزارعين,expert,743,attached_conjunction_or_preposition,prefix لل,2026-10-07
ar,للمستهلكين,expert,744,attached_conjunction_or_preposition,prefix لل,2026-10-07
ar,واقتصادية,expert,746,attached_conjunction_or_preposition,prefix و,2026-10-07
ar,والإحصائي,expert,747,attached_conjunction_or_preposition,prefix وال,2026-10-07
ar,والاضطرابات,expert,748,attached_conjunction_or_preposition,prefix وال,2026-10-07
ar,والبرتغال,expert,749,attached_conjunction_or_preposition,prefix وال,2026-10-07
ar,والعاملين,expert,750,attached_conjunction_or_preposition,prefix وال,2026-10-07
ar,والفنانين,expert,751,attached_conjunction_or_preposition,prefix وال,2026-10-07
ar,والمسؤولين,expert,752,attached_conjunction_or_preposition,prefix وال,2026-10-07
ar,وباستخدام,expert,753,attached_conjunction_or_preposition,prefix و,2026-10-07
ar,للجامعة,expert,823,attached_conjunction_or_preposition,prefix لل,2026-10-07
ar,للعب,expert,824,attached_conjunction_or_preposition,prefix لل,2026-10-07
ar,لممارسة,expert,825,attached_conjunction_or_preposition,prefix ل,2026-10-07
ar,وأمر,expert,849,attached_conjunction_or_preposition,prefix و,2026-10-07
ar,وإسرائيل,expert,850,attached_conjunction_or_preposition,prefix و,2026-10-07
ar,والرياضة,expert,851,attached_conjunction_or_preposition,prefix وال,2026-10-07
ar,والسلامة,expert,852,attached_conjunction_or_preposition,prefix وال,2026-10-07
ar,والشرطة,expert,853,attached_conjunction_or_preposition,prefix وال,2026-10-07
ar,والشعب,expert,854,attached_conjunction_or_preposition,prefix وال,2026-10-07
ar,واليمن,expert,855,attached_conjunction_or_preposition,prefix وال,2026-10-07
ar,وتعرف,expert,856,attached_conjunction_or_preposition,prefix و,2026-10-07
ar,وتعني,expert,857,attached_conjunction_or_preposition,prefix و,2026-10-07
ar,وحيث,expert,858,attached_conjunction_or_preposition,prefix و,2026-10-07
ar,بالحق,expert,935,attached_conjunction_or_preposition,prefix بال,2026-10-07
ar,بالدوري,expert,936,attached_conjunction_or_preposition,prefix بال,2026-10-07
ar,بالمركز,expert,937,attached_conjunction_or_preposition,prefix بال,2026-10-07
ar,بالمملكة,expert,938,attached_conjunction_or_preposition,prefix بال,2026-10-07
ar,بتوفير,expert,939,attached_conjunction_or_preposition,prefix ب,2026-10-07
ar,بحماية,expert,940,attached_conjunction_or_preposition,prefix ب,2026-10-07
ar,بحوالي,expert,941,attached_conjunction_or_preposition,prefix ب,2026-10-07
ar,بفترة,expert,943,attached_conjunction_or_preposition,prefix ب,2026-10-07
ar,بفوز,expert,944,attached_conjunction_or_preposition,prefix ب,2026-10-07
ar,كروز,expert,985,attached_conjunction_or_preposition,prefix ك,2026-10-07
ar,لبدء,expert,988,attached_conjunction_or_preposition,prefix ل,2026-10-07
ar,لسبب,expert,989,attached_conjunction_or_preposition,prefix ل,2026-10-07
ar,لشؤون,expert,990,attached_conjunction_or_preposition,prefix ل,2026-10-07
ar,لغاية,expert,991,attached_conjunction_or_preposition,prefix ل,2026-10-07
ar,لقانون,expert,992,attached_conjunction_or_preposition,prefix ل,2026-10-07
ar,لقتل,expert,993,attached_conjunction_or_preposition,prefix ل,2026-10-07
ar,للبنات,expert,996,attached_conjunction_or_preposition,prefix لل,2026-10-07
ar,للتعبير,expert,997,attached_conjunction_or_preposition,prefix لل,2026-10-07
ar,للثورة,expert,998,attached_conjunction_or_preposition,prefix لل,2026-10-07
ar,للعلوم,expert,999,attached_conjunction_or_preposition,prefix لل,2026-10-07
ar,للفيلم,expert,1000,attached_conjunction_or_preposition,prefix لل,2026-10-07
ar,لمراقبة,expert,1001,attached_conjunction_or_preposition,prefix ل,2026-10-07
ar,وأنهم,expert,1020,attached_conjunction_or_preposition,prefix و,2026-10-07
ar,وأين,expert,1021,attached_conjunction_or_preposition,prefix و,2026-10-07
ar,والحمد,expert,1022,attached_conjunction_or_preposition,prefix وال,2026-10-07
ar,والسنة,expert,1023,attached_conjunction_or_preposition,prefix وال,2026-10-07
ar,والشيخ,expert,1024,attached_conjunction_or_preposition,prefix وال,2026-10-07
ar,والقوات,expert,1025,attached_conjunction_or_preposition,prefix وال,2026-10-07
ar,وانتهى,expert,1026,attached_conjunction_or_preposition,prefix و,2026-10-07
ar,وتحقيق,expert,1027,attached_conjunction_or_preposition,prefix و,2026-10-07
ar,وحول,expert,1029,attached_conjunction_or_preposition,prefix و,2026-10-07
ar,ورفض,expert,1030,attached_conjunction_or_preposition,prefix و,2026-10-07
ar,ولبنان,expert,1031,attached_conjunction_or_preposition,prefix و,2026-10-07
ar,ووزارة,expert,1032,attached_conjunction_or_preposition,prefix و,2026-10-07
ar,ويأتي,expert,1033,attached_conjunction_or_preposition,prefix و,2026-10-07
ar,بالبيت,expert,1107,attached_conjunction_or_preposition,prefix بال,2026-10-07
ar,بسوء,expert,1109,attached_conjunction_or_preposition,prefix ب,2026-10-07
ar,بقرار,expert,1110,attached_conjunction_or_preposition,prefix ب,2026-10-07
ar,بقول,expert,1111,attached_conjunction_or_preposition,prefix ب,2026-10-07
ar,فقلت,expert,1167,attached_conjunction_or_preposition,prefix ف,2026-10-07
ar,لإيران,expert,1169,attached_conjunction_or_preposition,prefix ل,2026-10-07
ar,لجائزة,expert,1171,attached_conjunction_or_preposition,prefix ل,2026-10-07
ar,لطلاب,expert,1172,attached_conjunction_or_preposition,prefix ل,2026-10-07
ar,للتاريخ,expert,1174,attached_conjunction_or_preposition,prefix لل,2026-10-07
ar,للخارج,expert,1175,attached_conjunction_or_preposition,prefix لل,2026-10-07
ar,للذين,expert,1176,attached_conjunction_or_preposition,prefix لل,2026-10-07
ar,للطيران,expert,1177,attached_conjunction_or_preposition,prefix لل,2026-10-07
ar,لمحاولة,expert,1178,attached_conjunction_or_preposition,prefix ل,2026-10-07
ar,والدول,expert,1193,attached_conjunction_or_preposition,prefix وال,2026-10-07
ar,والديه,expert,1194,attached_conjunction_or_preposition,prefix وال,2026-10-07
ar,والسعودية,expert,1195,attached_conjunction_or_preposition,prefix وال,2026-10-07
ar,والكتاب,expert,1196,attached_conjunction_or_preposition,prefix وال,2026-10-07
ar,وبالفعل,expert,1197,attached_conjunction_or_preposition,prefix و,2026-10-07
ar,وبرامج,expert,1198,attached_conjunction_or_preposition,prefix و,2026-10-07
ar,وحقق,expert,1200,attached_conjunction_or_preposition,prefix و,2026-10-07
ar,وفتح,expert,1201,attached_conjunction_or_preposition,prefix و,2026-10-07
ar,وفوق,expert,1202,attached_conjunction_or_preposition,prefix و,2026-10-07
ar,وقوة,expert,1203,attached_conjunction_or_preposition,prefix و,2026-10-07
ar,وكلما,expert,1204,attached_conjunction_or_preposition,prefix و,2026-10-07
ar,ولست,expert,1205,attached_conjunction_or_preposition,prefix و,2026-10-07
ar,ومهما,expert,1207,attached_conjunction_or_preposition,prefix و,2026-10-07
ar,ونظرا,expert,1208,attached_conjunction_or_preposition,prefix و,2026-10-07
ar,ووجدت,expert,1210,attached_conjunction_or_preposition,prefix و,2026-10-07
ar,بالإعدام,expert,1287,attached_conjunction_or_preposition,prefix بال,2026-10-07
ar,بالمدرسة,expert,1288,attached_conjunction_or_preposition,prefix بال,2026-10-07
ar,بمعرفة,expert,1291,attached_conjunction_or_preposition,prefix ب,2026-10-07
ar,لأخذ,expert,1349,attached_conjunction_or_preposition,prefix ل,2026-10-07
ar,لتغطية,expert,1350,attached_conjunction_or_preposition,prefix ل,2026-10-07
ar,لكونه,expert,1351,attached_conjunction_or_preposition,prefix ل,2026-10-07
ar,للتعرف,expert,1352,attached_conjunction_or_preposition,prefix لل,2026-10-07
ar,للعلم,expert,1353,attached_conjunction_or_preposition,prefix لل,2026-10-07
ar,للفوز,expert,1354,attached_conjunction_or_preposition,prefix لل,2026-10-07
ar,للقاء,expert,1355,attached_conjunction_or_preposition,prefix لل,2026-10-07
ar,للمحكمة,expert,1356,attached_conjunction_or_preposition,prefix لل,2026-10-07
ar,للمدرسة,expert,1357,attached_conjunction_or_preposition,prefix لل,2026-10-07
ar,للنوم,expert,1358,attached_conjunction_or_preposition,prefix لل,2026-10-07
ar,لوصف,expert,1359,attached_conjunction_or_preposition,prefix ل,2026-10-07
ar,وأصيب,expert,1381,attached_conjunction_or_preposition,prefix و,2026-10-07
ar,وأم,expert,1382,attached_conjunction_or_preposition,prefix و,2026-10-07
ar,وأهل,expert,1383,attached_conjunction_or_preposition,prefix و,2026-10-07
ar,وإذ,expert,1384,attached_conjunction_or_preposition,prefix و,2026-10-07
ar,وإضافة,expert,1385,attached_conjunction_or_preposition,prefix و,2026-10-07
ar,والدعم,expert,1387,attached_conjunction_or_preposition,prefix وال,2026-10-07
ar,والعشرون,expert,1388,attached_conjunction_or_preposition,prefix وال,2026-10-07
ar,وتوزيع,expert,1389,attached_conjunction_or_preposition,prefix و,2026-10-07
ar,وخدمات,expert,1391,attached_conjunction_or_preposition,prefix و,2026-10-07
ar,وعليك,expert,1396,attached_conjunction_or_preposition,prefix و,2026-10-07
ar,وفجأة,expert,1397,attached_conjunction_or_preposition,prefix و,2026-10-07
ar,وكثير,expert,1398,attached_conjunction_or_preposition,prefix و,2026-10-07
ar,ويرجع,expert,1399,attached_conjunction_or_preposition,prefix و,2026-10-07
ar,ويقال,expert,1400,attached_conjunction_or_preposition,prefix و,2026-10-07
ar,بأنفسهم,expert,1466,attached_conjunction_or_preposition,prefix ب,2026-10-07
ar,باستعمال,expert,1467,attached_conjunction_or_preposition,prefix ب,2026-10-07
ar,بالتزامن,expert,1468,attached_conjunction_or_preposition,prefix بال,2026-10-07
ar,بالحصول,expert,1469,attached_conjunction_or_preposition,prefix بال,2026-10-07
ar,بالرصاص,expert,1470,attached_conjunction_or_preposition,prefix بال,2026-10-07
ar,بالعكس,expert,1471,attached_conjunction_or_preposition,prefix بال,2026-10-07
ar,باليمن,expert,1472,attached_conjunction_or_preposition,prefix بال,2026-10-07
ar,بداخل,expert,1474,attached_conjunction_or_preposition,prefix ب,2026-10-07
ar,بروح,expert,1477,attached_conjunction_or_preposition,prefix ب,2026-10-07
ar,بكلمات,expert,1479,attached_conjunction_or_preposition,prefix ب,2026-10-07
ar,لإقامة,expert,1537,attached_conjunction_or_preposition,prefix ل,2026-10-07
ar,لقيادة,expert,1538,attached_conjunction_or_preposition,prefix ل,2026-10-07
ar,للإعلام,expert,1539,attached_conjunction_or_preposition,prefix لل,2026-10-07
ar,للصلاة,expert,1540,attached_conjunction_or_preposition,prefix لل,2026-10-07
ar,للمخرج,expert,1541,attached_conjunction_or_preposition,prefix لل,2026-10-07
ar,لمحمد,expert,1542,attached_conjunction_or_preposition,prefix ل,2026-10-07
ar,وأعلم,expert,1565,attached_conjunction_or_preposition,prefix و,2026-10-07
ar,وأمريكا,expert,1566,attached_conjunction_or_preposition,prefix و,2026-10-07
ar,والتجارة,expert,1567,attached_conjunction_or_preposition,prefix وال,2026-10-07
ar,والحكم,expert,1568,attached_conjunction_or_preposition,prefix وال,2026-10-07
ar,والصلاة,expert,1569,attached_conjunction_or_preposition,prefix وال,2026-10-07
ar,وتابع,expert,1570,attached_conjunction_or_preposition,prefix و,2026-10-07
ar,وستكون,expert,1574,attached_conjunction_or_preposition,prefix و,2026-10-07
ar,ومراكز,expert,1576,attached_conjunction_or_preposition,prefix و,2026-10-07
ar,بالضغط,expert,1674,attached_conjunction_or_preposition,prefix بال,2026-10-07
ar,بالعاصمة,expert,1675,attached_conjunction_or_preposition,prefix بال,2026-10-07
ar,بالموت,expert,1676,attached_conjunction_or_preposition,prefix بال,2026-10-07
ar,بصمت,expert,1679,attached_conjunction_or_preposition,prefix ب,2026-10-07
ar,بوقف,expert,1681,attached_conjunction_or_preposition,prefix ب,2026-10-07
ar,كوسيلة,expert,1732,attached_conjunction_or_preposition,prefix ك,2026-10-07
ar,لأداء,expert,1733,attached_conjunction_or_preposition,prefix ل,2026-10-07
ar,لجلب,expert,1737,attached_conjunction_or_preposition,prefix ل,2026-10-07
ar,لحظه,expert,1738,attached_conjunction_or_preposition,prefix ل,2026-10-07
ar,لحكومة,expert,1739,attached_conjunction_or_preposition,prefix ل,2026-10-07
ar,لفهم,expert,1741,attached_conjunction_or_preposition,prefix ل,2026-10-07
ar,للاعب,expert,1743,attached_conjunction_or_preposition,prefix لل,2026-10-07
ar,للبقاء,expert,1744,attached_conjunction_or_preposition,prefix لل,2026-10-07
ar,لوقت,expert,1746,attached_conjunction_or_preposition,prefix ل,2026-10-07
ar,لولاية,expert,1747,attached_conjunction_or_preposition,prefix ل,2026-10-07
ar,وأعلنت,expert,1768,attached_conjunction_or_preposition,prefix و,2026-10-07
ar,والأكثر,expert,1769,attached_conjunction_or_preposition,prefix وال,2026-10-07
ar,والتدريب,expert,1770,attached_conjunction_or_preposition,prefix وال,2026-10-07
ar,والخوف,expert,1771,attached_conjunction_or_preposition,prefix وال,2026-10-07
ar,والعودة,expert,1772,attached_conjunction_or_preposition,prefix وال,2026-10-07
ar,والموت,expert,1773,attached_conjunction_or_preposition,prefix وال,2026-10-07
ar,وتاريخ,expert,1774,attached_conjunction_or_preposition,prefix و,2026-10-07
ar,وحركة,expert,1775,attached_conjunction_or_preposition,prefix و,2026-10-07
ar,وخارج,expert,1776,attached_conjunction_or_preposition,prefix و,2026-10-07
ar,ودور,expert,1777,attached_conjunction_or_preposition,prefix و,2026-10-07
ar,وطريقة,expert,1779,attached_conjunction_or_preposition,prefix و,2026-10-07
ar,وقطع,expert,1780,attached_conjunction_or_preposition,prefix و,2026-10-07
ar,ومتى,expert,1781,attached_conjunction_or_preposition,prefix و,2026-10-07
ar,ويصبح,expert,1783,attached_conjunction_or_preposition,prefix و,2026-10-07
ar,بالحكم,expert,1851,attached_conjunction_or_preposition,prefix بال,2026-10-07
ar,بتسجيل,expert,1852,attached_conjunction_or_preposition,prefix ب,2026-10-07
ar,بتشكيل,expert,1853,attached_conjunction_or_preposition,prefix ب,2026-10-07
ar,بحل,expert,1854,attached_conjunction_or_preposition,prefix ب,2026-10-07
ar,بدخول,expert,1855,attached_conjunction_or_preposition,prefix ب,2026-10-07
ar,بفيروس,expert,1856,attached_conjunction_or_preposition,prefix ب,2026-10-07
ar,بموقع,expert,1857,attached_conjunction_or_preposition,prefix ب,2026-10-07
ar,لجامعة,expert,1914,attached_conjunction_or_preposition,prefix ل,2026-10-07
ar,لحكم,expert,1915,attached_conjunction_or_preposition,prefix ل,2026-10-07
ar,لدفع,expert,1916,attached_conjunction_or_preposition,prefix ل,2026-10-07
ar,لغير,expert,1917,attached_conjunction_or_preposition,prefix ل,2026-10-07
ar,لكسب,expert,1920,attached_conjunction_or_preposition,prefix ل,2026-10-07
ar,للتفكير,expert,1922,attached_conjunction_or_preposition,prefix لل,2026-10-07
ar,للعراق,expert,1923,attached_conjunction_or_preposition,prefix لل,2026-10-07
ar,للهجرة,expert,1924,attached_conjunction_or_preposition,prefix لل,2026-10-07
ar,ليا,expert,1926,attached_conjunction_or_preposition,prefix ل,2026-10-07
ar,وأطلق,expert,1945,attached_conjunction_or_preposition,prefix و,2026-10-07
ar,وأكبر,expert,1946,attached_conjunction_or_preposition,prefix و,2026-10-07
ar,وإنشاء,expert,1947,attached_conjunction_or_preposition,prefix و,2026-10-07
ar,والأردن,expert,1948,attached_conjunction_or_preposition,prefix وال,2026-10-07
ar,والبرامج,expert,1949,attached_conjunction_or_preposition,prefix وال,2026-10-07
ar,والمعرفة,expert,1950,attached_conjunction_or_preposition,prefix وال,2026-10-07
ar,وانه,expert,1951,attached_conjunction_or_preposition,prefix و,2026-10-07
ar,وبقي,expert,1953,attached_conjunction_or_preposition,prefix و,2026-10-07
ar,وتحديدا,expert,1954,attached_conjunction_or_preposition,prefix و,2026-10-07
ar,وتحمل,expert,1955,attached_conjunction_or_preposition,prefix و,2026-10-07
ar,وثلاثين,expert,1956,attached_conjunction_or_preposition,prefix و,2026-10-07
ar,وكشف,expert,1958,attached_conjunction_or_preposition,prefix و,2026-10-07
ar,ومات,expert,1959,attached_conjunction_or_preposition,prefix و,2026-10-07
ar,ويمكنك,expert,1960,attached_conjunction_or_preposition,prefix و,2026-10-07
ar,بالإسبانية,expert,2042,attached_conjunction_or_preposition,prefix بال,2026-10-07
ar,بتحديد,expert,2044,attached_conjunction_or_preposition,prefix ب,2026-10-07
ar,بقصد,expert,2046,attached_conjunction_or_preposition,prefix ب,2026-10-07
ar,كمن,expert,2101,attached_conjunction_or_preposition,prefix ك,2026-10-07
ar,لاستعادة,expert,2104,attached_conjunction_or_preposition,prefix ل,2026-10-07
ar,لتناول,expert,2105,attached_conjunction_or_preposition,prefix ل,2026-10-07
ar,لخلق,expert,2106,attached_conjunction_or_preposition,prefix ل,2026-10-07
ar,للأعمال,expert,2107,attached_conjunction_or_preposition,prefix لل,2026-10-07
ar,للبيئة,expert,2109,attached_conjunction_or_preposition,prefix لل,2026-10-07
ar,للبيت,expert,2110,attached_conjunction_or_preposition,prefix لل,2026-10-07
ar,للدكتور,expert,2111,attached_conjunction_or_preposition,prefix لل,2026-10-07
ar,لمقابلة,expert,2112,attached_conjunction_or_preposition,prefix ل,2026-10-07
ar,وأصحاب,expert,2136,attached_conjunction_or_preposition,prefix و,2026-10-07
ar,والبيئة,expert,2139,attached_conjunction_or_preposition,prefix وال,2026-10-07
ar,والحديث,expert,2140,attached_conjunction_or_preposition,prefix وال,2026-10-07
ar,والحرب,expert,2141,attached_conjunction_or_preposition,prefix وال,2026-10-07
ar,والعنف,expert,2142,attached_conjunction_or_preposition,prefix وال,2026-10-07
ar,والمملكة,expert,2143,attached_conjunction_or_preposition,prefix وال,2026-10-07
ar,والمياه,expert,2144,attached_conjunction_or_preposition,prefix وال,2026-10-07
ar,وانتهت,expert,2145,attached_conjunction_or_preposition,prefix و,2026-10-07
ar,وبدلا,expert,2146,attached_conjunction_or_preposition,prefix و,2026-10-07
ar,وتبادل,expert,2148,attached_conjunction_or_preposition,prefix و,2026-10-07
ar,وتحديد,expert,2149,attached_conjunction_or_preposition,prefix و,2026-10-07
ar,وتنفيذ,expert,2150,attached_conjunction_or_preposition,prefix و,2026-10-07
ar,وحياة,expert,2151,attached_conjunction_or_preposition,prefix و,2026-10-07
ar,وضرب,expert,2153,attached_conjunction_or_preposition,prefix و,2026-10-07
ar,وعين,expert,2154,attached_conjunction_or_preposition,prefix و,2026-10-07
ar,ومدى,expert,2156,attached_conjunction_or_preposition,prefix و,2026-10-07
ar,ومرة,expert,2157,attached_conjunction_or_preposition,prefix و,2026-10-07
ar,ويضم,expert,2158,attached_conjunction_or_preposition,prefix و,2026-10-07
ar,بالخروج,expert,2251,attached_conjunction_or_preposition,prefix بال,2026-10-07
ar,بتونس,expert,2252,attached_conjunction_or_preposition,prefix ب,2026-10-07
ar,بجدية,expert,2253,attached_conjunction_or_preposition,prefix ب,2026-10-07
ar,بحب,expert,2254,attached_conjunction_or_preposition,prefix ب,2026-10-07
ar,فعليك,expert,2326,attached_conjunction_or_preposition,prefix ف,2026-10-07
ar,فقام,expert,2327,attached_conjunction_or_preposition,prefix ف,2026-10-07
ar,لأبي,expert,2334,attached_conjunction_or_preposition,prefix ل,2026-10-07
ar,لإثبات,expert,2335,attached_conjunction_or_preposition,prefix ل,2026-10-07
ar,لإزالة,expert,2336,attached_conjunction_or_preposition,prefix ل,2026-10-07
ar,لإصلاح,expert,2337,attached_conjunction_or_preposition,prefix ل,2026-10-07
ar,لثلاث,expert,2339,attached_conjunction_or_preposition,prefix ل,2026-10-07
ar,لعائلة,expert,2340,attached_conjunction_or_preposition,prefix ل,2026-10-07
ar,للسعودية,expert,2341,attached_conjunction_or_preposition,prefix لل,2026-10-07
ar,للصحافة,expert,2342,attached_conjunction_or_preposition,prefix لل,2026-10-07
ar,والحرية,expert,2364,attached_conjunction_or_preposition,prefix وال,2026-10-07
ar,والحزن,expert,2365,attached_conjunction_or_preposition,prefix وال,2026-10-07
ar,والسياسي,expert,2366,attached_conjunction_or_preposition,prefix وال,2026-10-07
ar,والفنون,expert,2367,attached_conjunction_or_preposition,prefix وال,2026-10-07
ar,والمجلس,expert,2368,attached_conjunction_or_preposition,prefix وال,2026-10-07
ar,وبقية,expert,2369,attached_conjunction_or_preposition,prefix و,2026-10-07
ar,وحي,expert,2371,attached_conjunction_or_preposition,prefix و,2026-10-07
ar,وذهب,expert,2373,attached_conjunction_or_preposition,prefix و,2026-10-07
ar,وردة,expert,2374,attached_conjunction_or_preposition,prefix و,2026-10-07
ar,وصار,expert,2375,attached_conjunction_or_preposition,prefix و,2026-10-07
ar,وكتاب,expert,2376,attached_conjunction_or_preposition,prefix و,2026-10-07
ar,ومناطق,expert,2377,attached_conjunction_or_preposition,prefix و,2026-10-07
ar,ويرى,expert,2378,attached_conjunction_or_preposition,prefix و,2026-10-07
ar,بإصدار,expert,2469,attached_conjunction_or_preposition,prefix ب,2026-10-07
ar,بإضافة,expert,2470,attached_conjunction_or_preposition,prefix ب,2026-10-07
ar,باسمه,expert,2472,attached_conjunction_or_preposition,prefix ب,2026-10-07
ar,ببيع,expert,2473,attached_conjunction_or_preposition,prefix ب,2026-10-07
ar,بحياتك,expert,2475,attached_conjunction_or_preposition,prefix ب,2026-10-07
ar,بقرب,expert,2479,attached_conjunction_or_preposition,prefix ب,2026-10-07
ar,بمحاولة,expert,2480,attached_conjunction_or_preposition,prefix ب,2026-10-07
ar,بمختلف,expert,2481,attached_conjunction_or_preposition,prefix ب,2026-10-07
ar,لاتخاذ,expert,2528,attached_conjunction_or_preposition,prefix ل,2026-10-07
ar,لحين,expert,2531,attached_conjunction_or_preposition,prefix ل,2026-10-07
ar,لعمليات,expert,2532,attached_conjunction_or_preposition,prefix ل,2026-10-07
ar,للأرض,expert,2533,attached_conjunction_or_preposition,prefix لل,2026-10-07
ar,للانضمام,expert,2534,attached_conjunction_or_preposition,prefix لل,2026-10-07
ar,للحقوق,expert,2535,attached_conjunction_or_preposition,prefix لل,2026-10-07
ar,للحوار,expert,2536,attached_conjunction_or_preposition,prefix لل,2026-10-07
ar,للسفر,expert,2537,attached_conjunction_or_preposition,prefix لل,2026-10-07
ar,للسيد,expert,2538,attached_conjunction_or_preposition,prefix لل,2026-10-07
ar,للمشروع,expert,2539,attached_conjunction_or_preposition,prefix لل,2026-10-07
ar,وإزالة,expert,2557,attached_conjunction_or_preposition,prefix و,2026-10-07
ar,والمرأة,expert,2558,attached_conjunction_or_preposition,prefix وال,2026-10-07
ar,وتعود,expert,2560,attached_conjunction_or_preposition,prefix و,2026-10-07
ar,وطرق,expert,2562,attached_conjunction_or_preposition,prefix و,2026-10-07
ar,وفلسطين,expert,2564,attached_conjunction_or_preposition,prefix و,2026-10-07
ar,ولدى,expert,2565,attached_conjunction_or_preposition,prefix و,2026-10-07
ar,ومجلس,expert,2566,attached_conjunction_or_preposition,prefix و,2026-10-07
ar,ومما,expert,2567,attached_conjunction_or_preposition,prefix و,2026-10-07
ar,وهؤلاء,expert,2568,attached_conjunction_or_preposition,prefix و,2026-10-07
ar,ويعرف,expert,2569,attached_conjunction_or_preposition,prefix و,2026-10-07
ar,بآخر,expert,2643,attached_conjunction_or_preposition,prefix ب,2026-10-07
ar,بإعداد,expert,2644,attached_conjunction_or_preposition,prefix ب,2026-10-07
ar,باعتبار,expert,2645,attached_conjunction_or_preposition,prefix ب,2026-10-07
ar,بالبقاء,expert,2646,attached_conjunction_or_preposition,prefix بال,2026-10-07
ar,بالذهاب,expert,2647,attached_conjunction_or_preposition,prefix بال,2026-10-07
ar,بالصحة,expert,2648,attached_conjunction_or_preposition,prefix بال,2026-10-07
ar,بالطاقة,expert,2649,attached_conjunction_or_preposition,prefix بال,2026-10-07
ar,بالقيام,expert,2650,attached_conjunction_or_preposition,prefix بال,2026-10-07
ar,بالكلام,expert,2651,attached_conjunction_or_preposition,prefix بال,2026-10-07
ar,بالمناسبة,expert,2652,attached_conjunction_or_preposition,prefix بال,2026-10-07
ar,فردا,expert,2716,attached_conjunction_or_preposition,prefix ف,2026-10-07
ar,لساعات,expert,2728,attached_conjunction_or_preposition,prefix ل,2026-10-07
ar,لكافة,expert,2729,attached_conjunction_or_preposition,prefix ل,2026-10-07
ar,للتحميل,expert,2730,attached_conjunction_or_preposition,prefix لل,2026-10-07
ar,للقتل,expert,2731,attached_conjunction_or_preposition,prefix لل,2026-10-07
ar,للكثير,expert,2732,attached_conjunction_or_preposition,prefix لل,2026-10-07
ar,للموسيقى,expert,2733,attached_conjunction_or_preposition,prefix لل,2026-10-07
ar,لهجوم,expert,2734,attached_conjunction_or_preposition,prefix ل,2026-10-07
ar,وأقل,expert,2757,attached_conjunction_or_preposition,prefix و,2026-10-07
ar,والحصول,expert,2758,attached_conjunction_or_preposition,prefix وال,2026-10-07
ar,والحق,expert,2759,attached_conjunction_or_preposition,prefix وال,2026-10-07
ar,والرجال,expert,2760,attached_conjunction_or_preposition,prefix وال,2026-10-07
ar,والفساد,expert,2761,attached_conjunction_or_preposition,prefix وال,2026-10-07
ar,والفقر,expert,2762,attached_conjunction_or_preposition,prefix وال,2026-10-07
ar,والهند,expert,2763,attached_conjunction_or_preposition,prefix وال,2026-10-07
ar,وتدمير,expert,2764,attached_conjunction_or_preposition,prefix و,2026-10-07
ar,وتقع,expert,2765,attached_conjunction_or_preposition,prefix و,2026-10-07
ar,وحصلت,expert,2766,attached_conjunction_or_preposition,prefix و,2026-10-07
ar,وضعف,expert,2769,attached_conjunction_or_preposition,prefix و,2026-10-07
ar,وظهر,expert,2770,attached_conjunction_or_preposition,prefix و,2026-10-07
ar,وقاموا,expert,2771,attached_conjunction_or_preposition,prefix و,2026-10-07
ar,وكتبت,expert,2772,attached_conjunction_or_preposition,prefix و,2026-10-07
ar,وكلمة,expert,2773,attached_conjunction_or_preposition,prefix و,2026-10-07
ar,ومنظمة,expert,2774,attached_conjunction_or_preposition,prefix و,2026-10-07
ar,ووصف,expert,2776,attached_conjunction_or_preposition,prefix و,2026-10-07
ar,بالجامعة,expert,2852,attached_conjunction_or_preposition,prefix بال,2026-10-07
ar,بالسعودية,expert,2853,attached_conjunction_or_preposition,prefix بال,2026-10-07
ar,بالنظام,expert,2854,attached_conjunction_or_preposition,prefix بال,2026-10-07
ar,بالنيابة,expert,2855,attached_conjunction_or_preposition,prefix بال,2026-10-07
ar,بجولة,expert,2856,attached_conjunction_or_preposition,prefix ب,2026-10-07
ar,بحركة,expert,2857,attached_conjunction_or_preposition,prefix ب,2026-10-07
ar,بخدمة,expert,2858,attached_conjunction_or_preposition,prefix ب,2026-10-07
ar,بسحب,expert,2859,attached_conjunction_or_preposition,prefix ب,2026-10-07
ar,بصعوبة,expert,2860,attached_conjunction_or_preposition,prefix ب,2026-10-07
ar,بلون,expert,2863,attached_conjunction_or_preposition,prefix ب,2026-10-07
ar,بمتابعة,expert,2864,attached_conjunction_or_preposition,prefix ب,2026-10-07
ar,كذالك,expert,2921,attached_conjunction_or_preposition,prefix ك,2026-10-07
ar,لاختيار,expert,2925,attached_conjunction_or_preposition,prefix ل,2026-10-07
ar,لتشمل,expert,2927,attached_conjunction_or_preposition,prefix ل,2026-10-07
ar,لسكان,expert,2928,attached_conjunction_or_preposition,prefix ل,2026-10-07
ar,لفترات,expert,2929,attached_conjunction_or_preposition,prefix ل,2026-10-07
ar,لكثير,expert,2930,attached_conjunction_or_preposition,prefix ل,2026-10-07
ar,لكونها,expert,2931,attached_conjunction_or_preposition,prefix ل,2026-10-07
ar,للإصابة,expert,2932,attached_conjunction_or_preposition,prefix لل,2026-10-07
ar,للاحتفال,expert,2933,attached_conjunction_or_preposition,prefix لل,2026-10-07
ar,للكشف,expert,2934,attached_conjunction_or_preposition,prefix لل,2026-10-07
ar,للموقع,expert,2935,attached_conjunction_or_preposition,prefix لل,2026-10-07
ar,لمؤسسة,expert,2936,attached_conjunction_or_preposition,prefix ل,2026-10-07
ar,وأتمنى,expert,2969,attached_conjunction_or_preposition,prefix و,2026-10-07
ar,وأعمال,expert,2970,attached_conjunction_or_preposition,prefix و,2026-10-07
ar,وأهم,expert,2971,attached_conjunction_or_preposition,prefix و,2026-10-07
ar,وأوضح,expert,2972,attached_conjunction_or_preposition,prefix و,2026-10-07
ar,والخروج,expert,2974,attached_conjunction_or_preposition,prefix وال,2026-10-07
ar,والشعر,expert,2975,attached_conjunction_or_preposition,prefix وال,2026-10-07
ar,والعلم,expert,2976,attached_conjunction_or_preposition,prefix وال,2026-10-07
ar,والفن,expert,2977,attached_conjunction_or_preposition,prefix وال,2026-10-07
ar,والكويت,expert,2978,attached_conjunction_or_preposition,prefix وال,2026-10-07
ar,واللغة,expert,2979,attached_conjunction_or_preposition,prefix وال,2026-10-07
ar,والوصول,expert,2980,attached_conjunction_or_preposition,prefix وال,2026-10-07
ar,وبعدين,expert,2981,attached_conjunction_or_preposition,prefix و,2026-10-07
ar,وبقيت,expert,2982,attached_conjunction_or_preposition,prefix و,2026-10-07
ar,وتستمر,expert,2983,attached_conjunction_or_preposition,prefix و,2026-10-07
ar,وحب,expert,2985,attached_conjunction_or_preposition,prefix و,2026-10-07
ar,وسرعان,expert,2986,attached_conjunction_or_preposition,prefix و,2026-10-07
ar,وضمان,expert,2987,attached_conjunction_or_preposition,prefix و,2026-10-07
ar,ولديها,expert,2989,attached_conjunction_or_preposition,prefix و,2026-10-07
ar,ولك,expert,2990,attached_conjunction_or_preposition,prefix و,2026-10-07
ar,ولله,expert,2991,attached_conjunction_or_preposition,prefix و,2026-10-07
hi,नाक,easy,140,not_in_reference_dictionary,,2026-10-07
hi,श्रृंखला,medium,61,not_in_reference_dictionary,,2026-10-07
hi,मानकर,medium,132,not_in_reference_dictionary,,2026-10-07
hi,एल्बम,medium,220,not_in_reference_dictionary,,2026-10-07
hi,कार्यरत,medium,625,not_in_reference_dictionary,,2026-10-07
hi,दरबार,medium,640,not_in_reference_dictionary,,2026-10-07
hi,अवधारणाओं,hard,185,not_in_reference_dictionary,,2026-10-07
hi,डेमोक्रेटिक,hard,187,not_in_reference_dictionary,,2026-10-07
hi,साउंडट्रैक,hard,203,not_in_reference_dictionary,,2026-10-07
hi,विमानक्षेत्र,hard,208,not_in_reference_dictionary,,2026-10-07
hi,प्रौद्योगिकियों,hard,225,not_in_reference_dictionary,,2026-10-07
hi,स्टैनफोर्ड,hard,266,not_in_reference_dictionary,,2026-10-07
hi,तीर्थयात्रियों,hard,327,not_in_reference_dictionary,,2026-10-07
hi,कनेक्टिविटी,hard,344,not_in_reference_dictionary,,2026-10-07
hi,फ्रैंकफर्ट,hard,351,not_in_reference_dictionary,,2026-10-07
hi,सम्प्रदायों,hard,358,not_in_reference_dictionary,,2026-10-07
hi,प्रस्तुतियों,hard,370,not_in_reference_dictionary,,2026-10-07
hi,रेसलमेनिया,hard,378,not_in_reference_dictionary,,2026-10-07
hi,हिप्पोकैम्पस,hard,384,not_in_reference_dictionary,,2026-10-07
hi,क्वालीफायर,hard,394,not_in_reference_dictionary,,2026-10-07
hi,फिल्मफेयर,hard,403,not_in_reference_dictionary,,2026-10-07
hi,स्प्रेडशीट,hard,414,not_in_reference_dictionary,,2026-10-07
hi,कार्यप्रणाली,hard,423,not_in_reference_dictionary,,2026-10-07
hi,क्रान्तिकारियों,hard,424,not_in_reference_dictionary,,2026-10-07
hi,व्यवस्थाओं,hard,440,not_in_reference_dictionary,,2026-10-07
hi,एक्यूपंक्चर,hard,449,not_in_reference_dictionary,,2026-10-07
hi,तरंगदैर्घ्य,hard,455,not_in_reference_dictionary,,2026-10-07
hi,पेरासिटामोल,hard,459,not_in_reference_dictionary,,2026-10-07
hi,प्रतिक्रियाएं,hard,460,not_in_reference_dictionary,,2026-10-07
hi,स्टारबक्स,hard,473,not_in_reference_dictionary,,2026-10-07
hi,गिटारवादक,hard,530,not_in_reference_dictionary,,2026-10-07
hi,ग्लैडीएटर,hard,531,not_in_reference_dictionary,,2026-10-07
hi,तख्तापलट,hard,538,not_in_reference_dictionary,,2026-10-07
hi,फर्ग्यूसन,hard,554,not_in_reference_dictionary,,2026-10-07
hi,माउंटबेटन,hard,559,not_in_reference_dictionary,,2026-10-07
hi,मैनहट्टन,hard,560,not_in_reference_dictionary,,2026-10-07
hi,सन्दर्भित,hard,567,not_in_reference_dictionary,,2026-10-07
hi,अनुप्रस्थ,hard,576,not_in_reference_dictionary,,2026-10-07
hi,प्रयोक्ताओं,hard,606,not_in_reference_dictionary,,2026-10-07
hi,रामप्रसाद,hard,622,not_in_reference_dictionary,,2026-10-07
hi,रिचर्डसन,hard,624,not_in_reference_dictionary,,2026-10-07
hi,वर्त्तमान,hard,625,not_in_reference_dictionary,,2026-10-07
hi,समुद्रगुप्त,hard,629,not_in_reference_dictionary,,2026-10-07
hi,हेपेटाइटिस,hard,635,not_in_reference_dictionary,,2026-10-07
hi,आर्किमिडीज़,hard,645,not_in_reference_dictionary,,2026-10-07
hi,एल्गोरिथ्म,hard,650,not_in_reference_dictionary,,2026-10-07
hi,कोलोरेक्टल,hard,658,not_in_reference_dictionary,,2026-10-07
hi,क्वालिफायर,hard,660,not_in_reference_dictionary,,2026-10-07
hi,दन्तबल्क,hard,669,not_in_reference_dictionary,,2026-10-07
hi,पेम्बर्टन,hard,681,not_in_reference_dictionary,,2026-10-07
hi,प्रतिरक्षण,hard,685,not_in_reference_dictionary,,2026-10-07
hi,प्लेस्टेशन,hard,689,not_in_reference_dictionary,,2026-10-07
hi,विनचेस्टर,hard,702,not_in_reference_dictionary,,2026-10-07
hi,स्प्रिंगस्टीन,hard,711,not_in_reference_dictionary,,2026-10-07
hi,अब्दुल्लाह,hard,717,not_in_reference_dictionary,,2026-10-07
hi,आइटेनीयम,hard,725,not_in_reference_dictionary,,2026-10-07
hi,आईएनएस,hard,726,not_in_reference_dictionary,,2026-10-07
hi,इंडस्ट्रीज,hard,731,not_in_reference_dictionary,,2026-10-07
hi,एनएचएल,hard,735,not_in_reference_dictionary,,2026-10-07
hi,कार्यशीलता,hard,738,not_in_reference_dictionary,,2026-10-07
hi,गोल्डबर्ग,hard,744,not_in_reference_dictionary,,2026-10-07
hi,ट्रांसजेंडर,hard,750,not_in_reference_dictionary,,2026-10-07
hi,डेवलपर्स,hard,751,not_in_reference_dictionary,,2026-10-07
hi,प्रयोगकर्ता,hard,775,not_in_reference_dictionary,,2026-10-07
hi,यशवंतराव,hard,789,not_in_reference_dictionary,,2026-10-07
hi,लेम्बोर्गिनी,hard,794,not_in_reference_dictionary,,2026-10-07
hi,उपयोगकर्ताओं,expert,6,not_in_reference_dictionary,,2026-10-07
hi,उत्तराधिकारियों,expert,23,not_in_reference_dictionary,,2026-10-07
hi,अर्थव्यवस्थाओं,expert,37,not_in_reference_dictionary,,2026-10-07
hi,डब्ल्यूडब्ल्यूएफ,expert,39,not_in_reference_dictionary,,2026-10-07
hi,भूमध्यसागरीय,expert,41,not_in_reference_dictionary,,2026-10-07
hi,अतिसंवेदनशील,expert,50,not_in_reference_dictionary,,2026-10-07
hi,एनाफाइलैक्सिस,expert,52,not_in_reference_dictionary,,2026-10-07
hi,क्राइस्टचर्च,expert,53,not_in_reference_dictionary,,2026-10-07
hi,पुनर्नवीनीकरण,expert,54,not_in_reference_dictionary,,2026-10-07
hi,फार्मास्यूटिकल,expert,56,not_in_reference_dictionary,,2026-10-07
hi,रक्तशर्कराल्पता,expert,57,not_in_reference_dictionary,,2026-10-07
hi,आपूर्तिकर्ताओं,expert,61,not_in_reference_dictionary,,2026-10-07
hi,इंटरकांटिनेंटल,expert,62,not_in_reference_dictionary,,2026-10-07
hi,एक्सपेंडेबल्स,expert,63,not_in_reference_dictionary,,2026-10-07
hi,व्यतिकरणमापी,expert,70,not_in_reference_dictionary,,2026-10-07
hi,समाजशास्त्रियों,expert,71,not_in_reference_dictionary,,2026-10-07
hi,दस्तावेजीकरण,expert,86,not_in_reference_dictionary,,2026-10-07
hi,प्रशस्तिपत्र,expert,92,not_in_reference_dictionary,,2026-10-07
hi,बेंजोडायजेपाइन,expert,93,not_in_reference_dictionary,,2026-10-07
hi,मध्यकर्णशोथ,expert,94,not_in_reference_dictionary,,2026-10-07
hi,लीसेस्टरशायर,expert,97,not_in_reference_dictionary,,2026-10-07
hi,श्रीमद्भागवत,expert,98,not_in_reference_dictionary,,2026-10-07
hi,समस्याग्रस्त,expert,99,not_in_reference_dictionary,,2026-10-07
hi,सुब्रह्मण्यम,expert,100,not_in_reference_dictionary,,2026-10-07
hi,स्वच्छंदतावादी,expert,101,not_in_reference_dictionary,,2026-10-07
hi,आयुर्वैज्ञानिक,expert,105,not_in_reference_dictionary,,2026-10-07
hi,डब्ल्यूडब्ल्यूई,expert,110,not_in_reference_dictionary,,2026-10-07
hi,प्रदेशाध्यक्ष,expert,117,not_in_reference_dictionary,,2026-10-07
hi,फार्मास्यूटिकल्स,expert,119,not_in_reference_dictionary,,2026-10-07
hi,मस्तिष्कखंडछेदन,expert,121,not_in_reference_dictionary,,2026-10-07
hi,महत्वाकांक्षाओं,expert,122,not_in_reference_dictionary,,2026-10-07
hi,महामण्डलेश्वर,expert,123,not_in_reference_dictionary,,2026-10-07
hi,योगदानकर्ताओं,expert,125,not_in_reference_dictionary,,2026-10-07
hi,विद्युच्चुंबकीय,expert,127,not_in_reference_dictionary,,2026-10-07
hi,व्युत्क्रमणीय,expert,129,not_in_reference_dictionary,,2026-10-07
hi,श्रीकृष्णचन्द्र,expert,130,not_in_reference_dictionary,,2026-10-07
hi,सरस्वतीचंद्र,expert,134,not_in_reference_dictionary,,2026-10-07
hi,अग्रचर्वणक,expert,139,not_in_reference_dictionary,,2026-10-07
hi,अतिगलग्रंथिता,expert,140,not_in_reference_dictionary,,2026-10-07
hi,अनुसंधानकर्ताओं,expert,145,not_in_reference_dictionary,,2026-10-07
hi,अन्तर्क्रियाओं,expert,146,not_in_reference_dictionary,,2026-10-07
hi,अन्त्रग्रंथन,expert,147,not_in_reference_dictionary,,2026-10-07
hi,अर्थव्यवस्थाएं,expert,149,not_in_reference_dictionary,,2026-10-07
hi,अर्द्धविकसित,expert,150,not_in_reference_dictionary,,2026-10-07
hi,अर्धसूत्रीविभाजन,expert,151,not_in_reference_dictionary,,2026-10-07
hi,आईएसआईएल,expert,153,not_in_reference_dictionary,,2026-10-07
hi,इरिथ्रोमाइसिन,expert,156,not_in_reference_dictionary,,2026-10-07
hi,इलेक्ट्रोनिक्स,expert,157,not_in_reference_dictionary,,2026-10-07
hi,इलेक्ट्रोलाइट्स,expert,158,not_in_reference_dictionary,,2026-10-07
hi,उपनिवेशवादियों,expert,162,not_in_reference_dictionary,,2026-10-07
hi,एनएचएलपीए,expert,164,not_in_reference_dictionary,,2026-10-07
hi,कम्प्यूटेशनल,expert,167,not_in_reference_dictionary,,2026-10-07
hi,कावेरीपत्तनम,expert,168,not_in_reference_dictionary,,2026-10-07
hi,क्रिप्टोग्राफिक,expert,169,not_in_reference_dictionary,,2026-10-07
hi,खगोलशास्त्रीय,expert,170,not_in_reference_dictionary,,2026-10-07
hi,ग्रन्थिबन्धन,expert,171,not_in_reference_dictionary,,2026-10-07
hi,ट्युबर्क्युलिन,expert,173,not_in_reference_dictionary,,2026-10-07
hi,धर्मावलम्बियों,expert,177,not_in_reference_dictionary,,2026-10-07
hi,पक्षिपटबंधन,expert,178,not_in_reference_dictionary,,2026-10-07
hi,पर्यावरणविद्,expert,180,not_in_reference_dictionary,,2026-10-07
hi,पुनर्निर्देशित,expert,181,not_in_reference_dictionary,,2026-10-07
hi,पुनर्निर्धारित,expert,182,not_in_reference_dictionary,,2026-10-07
hi,प्रतापनारायण,expert,183,not_in_reference_dictionary,,2026-10-07
hi,प्राप्तकर्ताओं,expert,196,not_in_reference_dictionary,,2026-10-07
hi,प्रेस्बिटेरियन,expert,197,not_in_reference_dictionary,,2026-10-07
hi,ब्रोन्किइक्टेसिस,expert,199,not_in_reference_dictionary,,2026-10-07
hi,मनोस्फूर्तिदायक,expert,200,not_in_reference_dictionary,,2026-10-07
hi,महावीरप्रसाद,expert,202,not_in_reference_dictionary,,2026-10-07
hi,रामभद्राचार्य,expert,204,not_in_reference_dictionary,,2026-10-07
hi,वनस्पतिविज्ञानी,expert,206,not_in_reference_dictionary,,2026-10-07
hi,विज्ञापनदाताओं,expert,208,not_in_reference_dictionary,,2026-10-07
hi,वेस्टमिन्स्टर,expert,210,not_in_reference_dictionary,,2026-10-07
hi,सर्वसत्तावाद,expert,213,not_in_reference_dictionary,,2026-10-07
hi,साक्षात्कारकर्ता,expert,215,not_in_reference_dictionary,,2026-10-07
hi,स्वप्रतिरक्षी,expert,222,not_in_reference_dictionary,,2026-10-07
hi,अंतररष्ट्रीय,expert,225,not_in_reference_dictionary,,2026-10-07
hi,अंतर्खण्डात्मक,expert,226,not_in_reference_dictionary,,2026-10-07
hi,अंर्तराष्ट्रीय,expert,227,not_in_reference_dictionary,,2026-10-07
hi,अतिसंवेदनशीलता,expert,228,not_in_reference_dictionary,,2026-10-07
hi,अनसाइक्लोपीडिया,expert,229,not_in_reference_dictionary,,2026-10-07
hi,अनुसरणकर्ता,expert,235,not_in_reference_dictionary,,2026-10-07
hi,अब्दुर्रहमान,expert,239,not_in_reference_dictionary,,2026-10-07
hi,अर्थव्य्वस्था,expert,240,not_in_reference_dictionary,,2026-10-07
hi,अर्थ्व्यवस्था,expert,241,not_in_reference_dictionary,,2026-10-07
hi,अर्धचेतनावस्था,expert,243,not_in_reference_dictionary,,2026-10-07
hi,आन्दोलनकारियों,expert,249,not_in_reference_dictionary,,2026-10-07
hi,आरडीबीएमएस,expert,251,not_in_reference_dictionary,,2026-10-07
hi,आर्गेनाईजेशन,expert,252,not_in_reference_dictionary,,2026-10-07
hi,आर्द्रतायुक्त,expert,254,not_in_reference_dictionary,,2026-10-07
hi,इंसाइक्लोपीडिया,expert,255,not_in_reference_dictionary,,2026-10-07
hi,इण्टरमीडिएट,expert,256,not_in_reference_dictionary,,2026-10-07
hi,इनवेस्टीगेशन,expert,257,not_in_reference_dictionary,,2026-10-07
hi,इन्वेस्टमेंट्स,expert,259,not_in_reference_dictionary,,2026-10-07
hi,इम्युनोग्लोबुलिन,expert,261,not_in_reference_dictionary,,2026-10-07
hi,इलेक्ट्रोक्युशन,expert,262,not_in_reference_dictionary,,2026-10-07
hi,उच्चरक्तचापरोधी,expert,264,not_in_reference_dictionary,,2026-10-07
hi,उपन्यासीकरण,expert,267,not_in_reference_dictionary,,2026-10-07
hi,एअरक्राफ्ट्स,expert,268,not_in_reference_dictionary,,2026-10-07
hi,एक्सप्लोरेशन,expert,270,not_in_reference_dictionary,,2026-10-07
hi,एक्स्ट्रासोलर,expert,271,not_in_reference_dictionary,,2026-10-07
hi,एनएफएचएस,expert,273,not_in_reference_dictionary,,2026-10-07
hi,एनवायरनमेंट,expert,274,not_in_reference_dictionary,,2026-10-07
hi,एसएसआरआई,expert,275,not_in_reference_dictionary,,2026-10-07
hi,एसडब्ल्यूएफ,expert,276,not_in_reference_dictionary,,2026-10-07
hi,एसिम्प्टोमैटिक,expert,277,not_in_reference_dictionary,,2026-10-07
hi,ओस्टियोब्लास्ट,expert,278,not_in_reference_dictionary,,2026-10-07
hi,काम्प्य्लोबक्टेर,expert,280,not_in_reference_dictionary,,2026-10-07
hi,कार्यपद्धतियों,expert,281,not_in_reference_dictionary,,2026-10-07
hi,किण्डरगार्टन,expert,283,not_in_reference_dictionary,,2026-10-07
hi,क्लोस्ट्रीडियम,expert,286,not_in_reference_dictionary,,2026-10-07
hi,क्षमाप्रार्थना,expert,287,not_in_reference_dictionary,,2026-10-07
hi,गिरधरबहादुर,expert,289,not_in_reference_dictionary,,2026-10-07
hi,गैस्ट्रोएसोफेगल,expert,291,not_in_reference_dictionary,,2026-10-07
hi,चन्द्रवर्मन,expert,292,not_in_reference_dictionary,,2026-10-07
hi,जैवअवक्रमणशीलता,expert,294,not_in_reference_dictionary,,2026-10-07
hi,जैवअवक्रमणीय,expert,295,not_in_reference_dictionary,,2026-10-07
hi,ज्ञानेन्द्रपति,expert,297,not_in_reference_dictionary,,2026-10-07
hi,टेलीकम्युनिकेशन,expert,298,not_in_reference_dictionary,,2026-10-07
hi,ट्रांसक्रिप्शन,expert,299,not_in_reference_dictionary,,2026-10-07
hi,ट्राइग्लिसराइड्स,expert,300,not_in_reference_dictionary,,2026-10-07
hi,ट्राइलोबाइटाओं,expert,301,not_in_reference_dictionary,,2026-10-07
hi,तंत्रिकासंचारक,expert,303,not_in_reference_dictionary,,2026-10-07
hi,दशरथनन्दन,expert,305,not_in_reference_dictionary,,2026-10-07
hi,देशभक्तिपूर्ण,expert,306,not_in_reference_dictionary,,2026-10-07
hi,द्वादशलक्षणी,expert,307,not_in_reference_dictionary,,2026-10-07
hi,धर्मशास्त्रियों,expert,308,not_in_reference_dictionary,,2026-10-07
hi,नवप्रवर्तकों,expert,309,not_in_reference_dictionary,,2026-10-07
hi,नाइट्रोग्लिसरीन,expert,310,not_in_reference_dictionary,,2026-10-07
hi,नागरीप्रचारिणी,expert,311,not_in_reference_dictionary,,2026-10-07
hi,नागार्जुनसागर,expert,312,not_in_reference_dictionary,,2026-10-07
hi,निरंजनपीठाधीश्वर,expert,313,not_in_reference_dictionary,,2026-10-07
hi,निर्णयकर्ताओं,expert,314,not_in_reference_dictionary,,2026-10-07
hi,न्यूक्लियोटाइड,expert,318,not_in_reference_dictionary,,2026-10-07
hi,न्यूट्रास्युटिकल,expert,319,not_in_reference_dictionary,,2026-10-07
hi,पत्रपत्रिकाओं,expert,321,not_in_reference_dictionary,,2026-10-07
hi,पन्थनिरपेक्ष,expert,324,not_in_reference_dictionary,,2026-10-07
hi,परममाहेश्वर,expert,326,not_in_reference_dictionary,,2026-10-07
hi,परावर्तनीयता,expert,329,not_in_reference_dictionary,,2026-10-07
hi,परिमाणस्वरूप,expert,330,not_in_reference_dictionary,,2026-10-07
hi,परिसम्पत्तियाँ,expert,331,not_in_reference_dictionary,,2026-10-07
hi,परीक्षोत्तीर्ण,expert,333,not_in_reference_dictionary,,2026-10-07
hi,पर्वतश्रेणियाँ,expert,334,not_in_reference_dictionary,,2026-10-07
hi,पाणिनीयदर्शन,expert,335,not_in_reference_dictionary,,2026-10-07
hi,पुरातत्त्वविद्,expert,338,not_in_reference_dictionary,,2026-10-07
hi,पुरातत्ववेत्ताओं,expert,339,not_in_reference_dictionary,,2026-10-07
hi,पुरुषोत्तमदास,expert,340,not_in_reference_dictionary,,2026-10-07
hi,पुरुषोत्तमदेव,expert,341,not_in_reference_dictionary,,2026-10-07
hi,पुरूषार्थशून्यता,expert,342,not_in_reference_dictionary,,2026-10-07
hi,पुष्टीकरणपत्र,expert,343,not_in_reference_dictionary,,2026-10-07
hi,प्रकाशविद्युत,expert,345,not_in_reference_dictionary,,2026-10-07
hi,प्रकोष्ठमणिबंध,expert,346,not_in_reference_dictionary,,2026-10-07
hi,प्रतिआक्सीकारकों,expert,348,not_in_reference_dictionary,,2026-10-07
hi,प्रतिक्रियाशील,expert,349,not_in_reference_dictionary,,2026-10-07
hi,प्रतिरोधात्मक,expert,352,not_in_reference_dictionary,,2026-10-07
hi,प्रतिस्पर्धाओं,expert,355,not_in_reference_dictionary,,2026-10-07
hi,प्रत्यक्षज्ञान,expert,356,not_in_reference_dictionary,,2026-10-07
hi,प्रभाकरवर्धन,expert,358,not_in_reference_dictionary,,2026-10-07
hi,प्रसारणकर्ता,expert,360,not_in_reference_dictionary,,2026-10-07
hi,प्रेसियोडीमियम,expert,364,not_in_reference_dictionary,,2026-10-07
hi,फ्रैंकनस्टाइन,expert,367,not_in_reference_dictionary,,2026-10-07
hi,बहुउद्देश्यीय,expert,368,not_in_reference_dictionary,,2026-10-07
hi,बहुसंस्कृतिवाद,expert,369,not_in_reference_dictionary,,2026-10-07
hi,बालमनोविज्ञान,expert,370,not_in_reference_dictionary,,2026-10-07
hi,बुद्धिपरीक्षण,expert,371,not_in_reference_dictionary,,2026-10-07
hi,बेंजोडाइजेपाइन,expert,372,not_in_reference_dictionary,,2026-10-07
hi,बेजोडायजेपाइन,expert,373,not_in_reference_dictionary,,2026-10-07
hi,बैंकअमेरिकार्ड,expert,374,not_in_reference_dictionary,,2026-10-07
hi,भविष्यवक्ताओं,expert,375,not_in_reference_dictionary,,2026-10-07
hi,मंत्रिमण्डलीय,expert,376,not_in_reference_dictionary,,2026-10-07
hi,मद्यनिर्माताओं,expert,377,not_in_reference_dictionary,,2026-10-07
hi,मद्यव्यसनिता,expert,378,not_in_reference_dictionary,,2026-10-07
hi,मनोचिकित्सकीय,expert,380,not_in_reference_dictionary,,2026-10-07
hi,मनोविश्लेषणवाद,expert,381,not_in_reference_dictionary,,2026-10-07
hi,मरुस्थलीकरण,expert,382,not_in_reference_dictionary,,2026-10-07
hi,माइक्रोकर्नल,expert,387,not_in_reference_dictionary,,2026-10-07
hi,माइक्रोग्रैविटी,expert,388,not_in_reference_dictionary,,2026-10-07
hi,माइक्रोप्रोसेसर,expert,389,not_in_reference_dictionary,,2026-10-07
hi,माइटोकाण्ड्रिया,expert,390,not_in_reference_dictionary,,2026-10-07
hi,मुख्यमंत्रित्व,expert,391,not_in_reference_dictionary,,2026-10-07
hi,यथार्थतापूर्वक,expert,393,not_in_reference_dictionary,,2026-10-07
hi,लक्ष्मणेश्वर,expert,397,not_in_reference_dictionary,,2026-10-07
hi,लक्ष्मीनारायण,expert,398,not_in_reference_dictionary,,2026-10-07
hi,विजयराघवगढ़,expert,401,not_in_reference_dictionary,,2026-10-07
hi,विद्युद्विश्लेषण,expert,403,not_in_reference_dictionary,,2026-10-07
hi,विश्वविद्याल्य,expert,405,not_in_reference_dictionary,,2026-10-07
hi,विश्वविध्यालय,expert,406,not_in_reference_dictionary,,2026-10-07
hi,विश्वेश्वरइय्याह,expert,407,not_in_reference_dictionary,,2026-10-07
hi,व्यंग्यचित्रण,expert,408,not_in_reference_dictionary,,2026-10-07
hi,शब्दकल्पद्रुम,expert,409,not_in_reference_dictionary,,2026-10-07
hi,शरीरक्रियात्मक,expert,410,not_in_reference_dictionary,,2026-10-07
hi,शासनव्यवस्था,expert,411,not_in_reference_dictionary,,2026-10-07
hi,श्रीकृष्णकीर्तन,expert,415,not_in_reference_dictionary,,2026-10-07
hi,श्रीमदभागवत,expert,416,not_in_reference_dictionary,,2026-10-07
hi,श्रीसर्वेश्वर,expert,417,not_in_reference_dictionary,,2026-10-07
hi,संकल्पनात्मक,expert,419,not_in_reference_dictionary,,2026-10-07
hi,समाकलनात्मक,expert,420,not_in_reference_dictionary,,2026-10-07
hi,सरस्वतीकण्ठाभरण,expert,422,not_in_reference_dictionary,,2026-10-07
hi,सरस्वतीनगर,expert,423,not_in_reference_dictionary,,2026-10-07
hi,सर्वदिशात्मक,expert,425,not_in_reference_dictionary,,2026-10-07
hi,सर्वप्रसिद्ध,expert,426,not_in_reference_dictionary,,2026-10-07
hi,साहित्यदर्पणकार,expert,430,not_in_reference_dictionary,,2026-10-07
hi,स्मोर्गास्बोर्ड,expert,435,not_in_reference_dictionary,,2026-10-07
hi,स्वच्छंदतावाद,expert,436,not_in_reference_dictionary,,2026-10-07
hi,स्वतंत्रतावाद,expert,437,not_in_reference_dictionary,,2026-10-07
hi,स्वतंत्रमूलक,expert,438,not_in_reference_dictionary,,2026-10-07
hi,स्वतन्त्रताओं,expert,439,not_in_reference_dictionary,,2026-10-07
hi,स्वागतकर्त्ता,expert,440,not_in_reference_dictionary,,2026-10-07
hi,हैमरस्क्जोंल्ड,expert,444,not_in_reference_dictionary,,2026-10-07
hi,हैल्युसिनेशन्स,expert,445,not_in_reference_dictionary,,2026-10-07
hi,अंडरन्यूट्रीशन,expert,447,not_in_reference_dictionary,,2026-10-07
hi,अंतःक्रियात्मक,expert,448,not_in_reference_dictionary,,2026-10-07
hi,अंतःप्रकोष्ठिक,expert,449,not_in_reference_dictionary,,2026-10-07
hi,अंतःप्रकोष्ठिका,expert,450,not_in_reference_dictionary,,2026-10-07
hi,अंतःप्रशिक्षण,expert,451,not_in_reference_dictionary,,2026-10-07
hi,अंततःनिस्तारण,expert,452,not_in_reference_dictionary,,2026-10-07
hi,अंतपुष्पकवच,expert,453,not_in_reference_dictionary,,2026-10-07
hi,अंतररार्ष्ट्रीय,expert,454,not_in_reference_dictionary,,2026-10-07
hi,अंतरराष्र्टीय,expert,455,not_in_reference_dictionary,,2026-10-07
hi,अंतररास्ट्रीय,expert,456,not_in_reference_dictionary,,2026-10-07
hi,अंतरसहसम्बन्ध,expert,457,not_in_reference_dictionary,,2026-10-07
hi,अंतरिक्षउड़ान,expert,459,not_in_reference_dictionary,,2026-10-07
hi,अंतर्गर्भाशयी,expert,460,not_in_reference_dictionary,,2026-10-07
hi,अंतर्जनपदीय,expert,461,not_in_reference_dictionary,,2026-10-07
hi,अंतर्जनपदोय,expert,462,not_in_reference_dictionary,,2026-10-07
hi,अंतर्द्वन्द्व,expert,464,not_in_reference_dictionary,,2026-10-07
hi,अंतर्निर्भरता,expert,465,not_in_reference_dictionary,,2026-10-07
hi,अंतर्महाद्वीपीय,expert,466,not_in_reference_dictionary,,2026-10-07
hi,अंतर्रग्रहण,expert,467,not_in_reference_dictionary,,2026-10-07
hi,अंतर्राश्ट्रीय,expert,468,not_in_reference_dictionary,,2026-10-07
hi,अंतर्राष्ट्रिय,expert,469,not_in_reference_dictionary,,2026-10-07
hi,अएक्सिडेनटल,expert,472,not_in_reference_dictionary,,2026-10-07
hi,अकउसमेटीकोईकी,expert,473,not_in_reference_dictionary,,2026-10-07
hi,अकैंथोसाइटोसिस,expert,474,not_in_reference_dictionary,,2026-10-07
hi,अक्तेरिओफगेस,expert,475,not_in_reference_dictionary,,2026-10-07
hi,अक्षरशःपालन,expert,476,not_in_reference_dictionary,,2026-10-07
hi,अखिरोपसीत्तिडे,expert,477,not_in_reference_dictionary,,2026-10-07
hi,अगम्यागमनात्मक,expert,478,not_in_reference_dictionary,,2026-10-07
hi,अगरकस्थानम,expert,479,not_in_reference_dictionary,,2026-10-07
hi,अच्युतरायशर्मा,expert,480,not_in_reference_dictionary,,2026-10-07
hi,अजयप्रियद्रमस,expert,481,not_in_reference_dictionary,,2026-10-07
hi,अज़ीथ्रोमाइसिन,expert,482,not_in_reference_dictionary,,2026-10-07
hi,अटलांटैक्सियल,expert,483,not_in_reference_dictionary,,2026-10-07
hi,अण्डरस्टैण्डिंग,expert,484,not_in_reference_dictionary,,2026-10-07
hi,अतर्राष्ट्रीय,expert,485,not_in_reference_dictionary,,2026-10-07
hi,अतिपरवलयज,expert,486,not_in_reference_dictionary,,2026-10-07
hi,अतिप्राचीनकाल,expert,488,not_in_reference_dictionary,,2026-10-07
hi,अतिप्राराम्भिक,expert,489,not_in_reference_dictionary,,2026-10-07
hi,अतिमहत्त्वपूर्ण,expert,490,not_in_reference_dictionary,,2026-10-07
hi,अतिमहत्वपूर्ण,expert,491,not_in_reference_dictionary,,2026-10-07
hi,अतियथार्थवादियों,expert,492,not_in_reference_dictionary,,2026-10-07
hi,अतिसम्वेदनशीलता,expert,493,not_in_reference_dictionary,,2026-10-07
hi,अत्युक्तिपूर्ण,expert,496,not_in_reference_dictionary,,2026-10-07
hi,अधर्मास्तिकाय,expert,498,not_in_reference_dictionary,,2026-10-07
hi,अधिकरणपत्र,expert,499,not_in_reference_dictionary,,2026-10-07
hi,अधिग्रहणकर्ताओं,expert,501,not_in_reference_dictionary,,2026-10-07
hi,अधोपश्चकपाल,expert,502,not_in_reference_dictionary,,2026-10-07
hi,अध्यक्षमंडल,expert,503,not_in_reference_dictionary,,2026-10-07
hi,अध्यात्मविद्या,expert,505,not_in_reference_dictionary,,2026-10-07
hi,अध्यात्मविषयक,expert,506,not_in_reference_dictionary,,2026-10-07
hi,अध्यात्माध्यान,expert,507,not_in_reference_dictionary,,2026-10-07
hi,अनक्वस्चनेबल,expert,508,not_in_reference_dictionary,,2026-10-07
hi,अनडिस्प्यूटेड,expert,509,not_in_reference_dictionary,,2026-10-07
hi,अनतरराष्ट्रीय,expert,510,not_in_reference_dictionary,,2026-10-07
hi,अनन्तसदाशिव,expert,511,not_in_reference_dictionary,,2026-10-07
hi,अनन्तसूत्रका,expert,512,not_in_reference_dictionary,,2026-10-07
hi,अनन्तसूत्रको,expert,513,not_in_reference_dictionary,,2026-10-07
hi,अनन्तसूत्रपर,expert,514,not_in_reference_dictionary,,2026-10-07
hi,अनशनपूर्वक,expert,515,not_in_reference_dictionary,,2026-10-07
hi,अनसिंक्रोनाइज़ड,expert,516,not_in_reference_dictionary,,2026-10-07
hi,अनाग्रमाटिस्ट,expert,517,not_in_reference_dictionary,,2026-10-07
hi,अनुक्रमणीकर,expert,519,not_in_reference_dictionary,,2026-10-07
hi,अनुक्रमणीकरण,expert,520,not_in_reference_dictionary,,2026-10-07
hi,अनुप्रयोगात्मक,expert,521,not_in_reference_dictionary,,2026-10-07
hi,अनुप्रासमयता,expert,522,not_in_reference_dictionary,,2026-10-07
hi,अनुमंडलाधिकारी,expert,523,not_in_reference_dictionary,,2026-10-07
hi,अनुयोगद्वारसूत्र,expert,524,not_in_reference_dictionary,,2026-10-07
hi,अनुविधिनिर्माण,expert,525,not_in_reference_dictionary,,2026-10-07
hi,अनुष्ठानपरक,expert,527,not_in_reference_dictionary,,2026-10-07
hi,अनुसंधानकेंद्र,expert,528,not_in_reference_dictionary,,2026-10-07
hi,अनुसरप्रेरणावश,expert,529,not_in_reference_dictionary,,2026-10-07
hi,अनेकभाषाकोशकार,expert,530,not_in_reference_dictionary,,2026-10-07
hi,अनेकार्थसमुच्चय,expert,531,not_in_reference_dictionary,,2026-10-07
hi,अन्डरवर्ल्ड,expert,533,not_in_reference_dictionary,,2026-10-07
hi,अन्तःनिरीक्षण,expert,534,not_in_reference_dictionary,,2026-10-07
hi,अन्तरद्वन्द्व,expert,535,not_in_reference_dictionary,,2026-10-07
hi,अन्तरधार्मिक,expert,536,not_in_reference_dictionary,,2026-10-07
hi,अन्तरविषयक,expert,537,not_in_reference_dictionary,,2026-10-07
hi,अन्तरसंकेतपरक,expert,538,not_in_reference_dictionary,,2026-10-07
hi,अन्तरानुशासिक,expert,539,not_in_reference_dictionary,,2026-10-07
hi,अन्तर्जीवविष,expert,540,not_in_reference_dictionary,,2026-10-07
hi,अन्तर्ज्ञानमूलक,expert,541,not_in_reference_dictionary,,2026-10-07
hi,अन्तर्राष्टीय,expert,542,not_in_reference_dictionary,,2026-10-07
hi,अन्तर्सम्बंधित,expert,543,not_in_reference_dictionary,,2026-10-07
hi,अन्तार्रश्त्रिये,expert,544,not_in_reference_dictionary,,2026-10-07
hi,अन्त्यकर्मदीपक,expert,545,not_in_reference_dictionary,,2026-10-07
hi,अन्त्येष्टिकर्ता,expert,546,not_in_reference_dictionary,,2026-10-07
hi,अन्नदसम्पलायम,expert,547,not_in_reference_dictionary,,2026-10-07
hi,अन्नपूर्णय्या,expert,548,not_in_reference_dictionary,,2026-10-07
hi,अन्नपूर्णानंद,expert,549,not_in_reference_dictionary,,2026-10-07
hi,अन्नरसयुक्त,expert,550,not_in_reference_dictionary,,2026-10-07
hi,अन्नानगराचरम,expert,551,not_in_reference_dictionary,,2026-10-07
hi,अन्यथाख्यातिवाद,expert,552,not_in_reference_dictionary,,2026-10-07
hi,अन्वेषणकर्ता,expert,554,not_in_reference_dictionary,,2026-10-07
hi,अपक्षयमूलक,expert,555,not_in_reference_dictionary,,2026-10-07
hi,अपद्रव्यभूत,expert,556,not_in_reference_dictionary,,2026-10-07
hi,अपद्रव्यीकरण,expert,557,not_in_reference_dictionary,,2026-10-07
hi,अपरदनात्मक,expert,558,not_in_reference_dictionary,,2026-10-07
hi,अप्रतिस्पर्धी,expert,563,not_in_reference_dictionary,,2026-10-07
hi,अप्रेन्टिसशिप,expert,566,not_in_reference_dictionary,,2026-10-07
hi,अफगानणिस्तान,expert,567,not_in_reference_dictionary,,2026-10-07
hi,अफज़लपूरकर,expert,568,not_in_reference_dictionary,,2026-10-07
hi,अफ्रोसेंट्रिज्म,expert,569,not_in_reference_dictionary,,2026-10-07
hi,अबुद्धिपूर्वक,expert,570,not_in_reference_dictionary,,2026-10-07
hi,अब्दुररहमानोवा,expert,571,not_in_reference_dictionary,,2026-10-07
hi,अब्दुर्ररहीम,expert,572,not_in_reference_dictionary,,2026-10-07
hi,अब्स्त्रक्ट्स,expert,573,not_in_reference_dictionary,,2026-10-07
hi,अभिज्ञानशाकुन्तल,expert,574,not_in_reference_dictionary,,2026-10-07
hi,अभिधम्मावतार,expert,575,not_in_reference_dictionary,,2026-10-07
hi,अभिप्रेरणात्मक,expert,576,not_in_reference_dictionary,,2026-10-07
hi,अभियन्ताकरण,expert,577,not_in_reference_dictionary,,2026-10-07
hi,अभिव्यक्तिशैली,expert,580,not_in_reference_dictionary,,2026-10-07
hi,अभिव्यक्तीकरण,expert,581,not_in_reference_dictionary,,2026-10-07
hi,अभिव्यञ्जनावाद,expert,582,not_in_reference_dictionary,,2026-10-07
hi,अम्बलाप्पुज्हा,expert,583,not_in_reference_dictionary,,2026-10-07
hi,अयोध्याप्रसाद,expert,584,not_in_reference_dictionary,,2026-10-07
hi,अरुन्मोज्हीवर्मन,expert,585,not_in_reference_dictionary,,2026-10-07
hi,अर्थबोधकपरक,expert,586,not_in_reference_dictionary,,2026-10-07
hi,अर्थवव्यवस्था,expert,587,not_in_reference_dictionary,,2026-10-07
hi,अर्थव्य्वस्थाएँ,expert,588,not_in_reference_dictionary,,2026-10-07
hi,अर्थषास्त्रयों,expert,589,not_in_reference_dictionary,,2026-10-07
hi,अर्द्धगुम्बद,expert,590,not_in_reference_dictionary,,2026-10-07
hi,अर्द्धचंद्राकार,expert,591,not_in_reference_dictionary,,2026-10-07
hi,अर्द्यकवर्ती,expert,592,not_in_reference_dictionary,,2026-10-07
hi,अर्धदीर्घवृत्त,expert,594,not_in_reference_dictionary,,2026-10-07
hi,अर्न्तनिर्भरता,expert,597,not_in_reference_dictionary,,2026-10-07
hi,अर्न्तराष्ट्रीय,expert,598,not_in_reference_dictionary,,2026-10-07
hi,अलंकारलक्षण,expert,599,not_in_reference_dictionary,,2026-10-07
hi,अलक्षेन्द्रिया,expert,600,not_in_reference_dictionary,,2026-10-07
hi,अलङ्कारनिर्देश,expert,601,not_in_reference_dictionary,,2026-10-07
hi,अलमनादअल्लाह,expert,602,not_in_reference_dictionary,,2026-10-07
hi,अलिस्केन्दरुना,expert,603,not_in_reference_dictionary,,2026-10-07
hi,अलैहीवस्सल्लम,expert,604,not_in_reference_dictionary,,2026-10-07
hi,अल्टर्निफ्लोरा,expert,605,not_in_reference_dictionary,,2026-10-07
hi,अल्ट्राफिल्टर,expert,606,not_in_reference_dictionary,,2026-10-07
hi,अल्पज्ञानवश,expert,607,not_in_reference_dictionary,,2026-10-07
hi,अल्पशर्करारक्तता,expert,608,not_in_reference_dictionary,,2026-10-07
hi,अल्बुमिनाएड्स,expert,609,not_in_reference_dictionary,,2026-10-07
hi,अल्हम्दुलिल्लाह,expert,610,not_in_reference_dictionary,,2026-10-07
hi,अवंतिसुंदरीकथा,expert,611,not_in_reference_dictionary,,2026-10-07
hi,अवक्रमणयोग्य,expert,612,not_in_reference_dictionary,,2026-10-07
hi,अवधूतप्रकाश,expert,613,not_in_reference_dictionary,,2026-10-07
hi,अवलोकनात्मक,expert,615,not_in_reference_dictionary,,2026-10-07
hi,अवलोकीतेश्वर,expert,617,not_in_reference_dictionary,,2026-10-07
hi,अवसंरचनात्मक,expert,618,not_in_reference_dictionary,,2026-10-07
hi,अवसन्नावस्था,expert,619,not_in_reference_dictionary,,2026-10-07
hi,अवस्थापरिवर्तन,expert,621,not_in_reference_dictionary,,2026-10-07
hi,अविद्याग्रस्त,expert,623,not_in_reference_dictionary,,2026-10-07
hi,अशोकपरवर्ती,expert,624,not_in_reference_dictionary,,2026-10-07
hi,अश्मलोष्टन्याय,expert,625,not_in_reference_dictionary,,2026-10-07
hi,अष्टमंगल्यम,expert,626,not_in_reference_dictionary,,2026-10-07
hi,अष्टांगसग्रंह,expert,627,not_in_reference_dictionary,,2026-10-07
hi,अष्टोत्तरशत,expert,628,not_in_reference_dictionary,,2026-10-07
hi,असफलातापूर्वक,expert,629,not_in_reference_dictionary,,2026-10-07
hi,असहनुभूतिपूर्ण,expert,630,not_in_reference_dictionary,,2026-10-07
hi,असुरक्षाग्रस्त,expert,631,not_in_reference_dictionary,,2026-10-07
hi,अस्तित्वपरक,expert,633,not_in_reference_dictionary,,2026-10-07
hi,अस्त्रशस्त्रों,expert,634,not_in_reference_dictionary,,2026-10-07
hi,अस्थिभंगचिकित्सा,expert,635,not_in_reference_dictionary,,2026-10-07
hi,आंतरकर्णशोथ,expert,637,not_in_reference_dictionary,,2026-10-07
hi,आइएनरजिस्ट्री,expert,638,not_in_reference_dictionary,,2026-10-07
hi,आइसीआइसीआई,expert,639,not_in_reference_dictionary,,2026-10-07
hi,आइसोथियोसाइनेट,expert,640,not_in_reference_dictionary,,2026-10-07
hi,आईआईआईटीडीएम,expert,641,not_in_reference_dictionary,,2026-10-07
hi,आईआरएनएसएस,expert,642,not_in_reference_dictionary,,2026-10-07
hi,आईएनएसईई,expert,643,not_in_reference_dictionary,,2026-10-07
hi,आईएफएफआई,expert,644,not_in_reference_dictionary,,2026-10-07
hi,आईएसएससीसी,expert,645,not_in_reference_dictionary,,2026-10-07
hi,आईडेनटीफीकाक्यो,expert,646,not_in_reference_dictionary,,2026-10-07
hi,आईवरमेक्टिन,expert,647,not_in_reference_dictionary,,2026-10-07
hi,आईसीडब्ल्यूए,expert,648,not_in_reference_dictionary,,2026-10-07
hi,आक्रमनकारीयो,expert,649,not_in_reference_dictionary,,2026-10-07
hi,आक्सीहीमोग्लोबिन,expert,650,not_in_reference_dictionary,,2026-10-07
hi,आख्यातचन्द्रिका,expert,651,not_in_reference_dictionary,,2026-10-07
hi,आगरान्तर्गत,expert,652,not_in_reference_dictionary,,2026-10-07
hi,आट्रियोवेंटिकुलर,expert,656,not_in_reference_dictionary,,2026-10-07
hi,आत्मचरितपरक,expert,657,not_in_reference_dictionary,,2026-10-07
hi,आत्मजीवनचरित,expert,658,not_in_reference_dictionary,,2026-10-07
hi,आत्मनिर्भरतामूलक,expert,659,not_in_reference_dictionary,,2026-10-07
hi,आत्मपरकताएँ,expert,660,not_in_reference_dictionary,,2026-10-07
hi,आत्मप्रतिपादक,expert,661,not_in_reference_dictionary,,2026-10-07
hi,आत्मविज्ञप्ति,expert,662,not_in_reference_dictionary,,2026-10-07
hi,आत्मसातीकरण,expert,663,not_in_reference_dictionary,,2026-10-07
hi,आत्मसुरक्षित,expert,664,not_in_reference_dictionary,,2026-10-07
hi,आत्मस्वरूपता,expert,665,not_in_reference_dictionary,,2026-10-07
hi,आदित्यवर्धन्,expert,666,not_in_reference_dictionary,,2026-10-07
hi,आदिबुद्धसिद्धांत,expert,667,not_in_reference_dictionary,,2026-10-07
hi,आदिमध्यान्तहीनाय,expert,668,not_in_reference_dictionary,,2026-10-07
hi,आद्यस्पन्दन,expert,669,not_in_reference_dictionary,,2026-10-07
hi,आपस्तंबधर्मसूत्र,expert,672,not_in_reference_dictionary,,2026-10-07
hi,आप्टोनेट्रिस्टों,expert,673,not_in_reference_dictionary,,2026-10-07
hi,आफ्टरमार्केट,expert,674,not_in_reference_dictionary,,2026-10-07
hi,आम्बेडकरवादी,expert,675,not_in_reference_dictionary,,2026-10-07
hi,आयुर्वेदजगत,expert,676,not_in_reference_dictionary,,2026-10-07
hi,आयुर्वेदाचार्यों,expert,677,not_in_reference_dictionary,,2026-10-07
hi,आयुर्वेदानुसार,expert,678,not_in_reference_dictionary,,2026-10-07
hi,आयुर्वेदालंकार,expert,679,not_in_reference_dictionary,,2026-10-07
hi,आरएसएसआउल,expert,680,not_in_reference_dictionary,,2026-10-07
hi,आरण्यकपर्व,expert,681,not_in_reference_dictionary,,2026-10-07
hi,आरम्भकर्ताओं,expert,682,not_in_reference_dictionary,,2026-10-07
hi,आर्किचन्यायतन,expert,683,not_in_reference_dictionary,,2026-10-07
hi,आर्किटेक्चरल,expert,684,not_in_reference_dictionary,,2026-10-07
hi,आर्किप्लास्टिडे,expert,685,not_in_reference_dictionary,,2026-10-07
hi,आर्कीटेक्चरल,expert,687,not_in_reference_dictionary,,2026-10-07
hi,आर्केस्ट्रेशन,expert,688,not_in_reference_dictionary,,2026-10-07
hi,आर्गेनाइज़ेशन्स,expert,690,not_in_reference_dictionary,,2026-10-07
hi,आर्चडीओकेसन,expert,691,not_in_reference_dictionary,,2026-10-07
hi,आर्चबिशप्रिक,expert,692,not_in_reference_dictionary,,2026-10-07
hi,आर्द्रतावशोषी,expert,693,not_in_reference_dictionary,,2026-10-07
hi,आर्यासप्तशती,expert,694,not_in_reference_dictionary,,2026-10-07
hi,आवश्यकतानुसा,expert,695,not_in_reference_dictionary,,2026-10-07
hi,आवश्यकतापूर्ति,expert,696,not_in_reference_dictionary,,2026-10-07
hi,आविष्कारकर्ताओं,expert,697,not_in_reference_dictionary,,2026-10-07
hi,आश्चर्यमिश्रित,expert,698,not_in_reference_dictionary,,2026-10-07
hi,आश्रमव्यवस्था,expert,699,not_in_reference_dictionary,,2026-10-07
hi,आश्वलायनगृह्य,expert,700,not_in_reference_dictionary,,2026-10-07
hi,आस्चर्यकारक,expert,701,not_in_reference_dictionary,,2026-10-07
hi,आस्ट्रियानरेश,expert,702,not_in_reference_dictionary,,2026-10-07
hi,इंटरकनेक्टेड,expert,703,not_in_reference_dictionary,,2026-10-07
hi,इंटरकनेक्शन,expert,704,not_in_reference_dictionary,,2026-10-07
hi,इंटरकाँन्टिनेंटल,expert,705,not_in_reference_dictionary,,2026-10-07
hi,इंटरकोंटीनेंटल,expert,706,not_in_reference_dictionary,,2026-10-07
hi,इंटरक्रेनिकल,expert,707,not_in_reference_dictionary,,2026-10-07
hi,इंटरनेटवर्किंग,expert,708,not_in_reference_dictionary,,2026-10-07
hi,इंटरप्राइजिज़,expert,709,not_in_reference_dictionary,,2026-10-07
hi,इंटरप्राइसेस,expert,710,not_in_reference_dictionary,,2026-10-07
hi,इंटरवर्टीब्रल,expert,711,not_in_reference_dictionary,,2026-10-07
hi,इंटरवेन्शनल,expert,712,not_in_reference_dictionary,,2026-10-07
hi,इंटर्सेल्यूलर,expert,713,not_in_reference_dictionary,,2026-10-07
hi,इंडोन्यूकलिएस,expert,714,not_in_reference_dictionary,,2026-10-07
hi,इंद्रियानुभववाद,expert,716,not_in_reference_dictionary,,2026-10-07
hi,इंस्टस्टिट्यूट,expert,717,not_in_reference_dictionary,,2026-10-07
hi,इंस्टिन्क्चुअल,expert,718,not_in_reference_dictionary,,2026-10-07
hi,इंस्ट्रुमेंटेशन,expert,719,not_in_reference_dictionary,,2026-10-07
hi,इकोकार्डियोग्राम,expert,720,not_in_reference_dictionary,,2026-10-07
hi,इक्वलिब्रियम,expert,721,not_in_reference_dictionary,,2026-10-07
hi,इज़्ज़तपूर्वक,expert,723,not_in_reference_dictionary,,2026-10-07
hi,इण्टरमिडिएट,expert,724,not_in_reference_dictionary,,2026-10-07
hi,इण्डस्ट्रयल,expert,725,not_in_reference_dictionary,,2026-10-07
hi,इण्डस्ट्रियल,expert,726,not_in_reference_dictionary,,2026-10-07
hi,इतरफुफ्फुसीय,expert,727,not_in_reference_dictionary,,2026-10-07
hi,इतिहासप्रसिद्ध,expert,728,not_in_reference_dictionary,,2026-10-07
hi,इतिहासशास्त्र,expert,729,not_in_reference_dictionary,,2026-10-07
hi,इतिहासान्वेषियों,expert,730,not_in_reference_dictionary,,2026-10-07
hi,इनडसट्रिअल,expert,731,not_in_reference_dictionary,,2026-10-07
hi,इनफ्लेक्सिमैब,expert,732,not_in_reference_dictionary,,2026-10-07
hi,इनवर्टीब्रेट,expert,733,not_in_reference_dictionary,,2026-10-07
hi,इन्टरमीडियेट,expert,735,not_in_reference_dictionary,,2026-10-07
hi,इन्टरैक्शन्स्,expert,736,not_in_reference_dictionary,,2026-10-07
hi,इन्टरोपेरेबल,expert,737,not_in_reference_dictionary,,2026-10-07
hi,इन्टर्नेशनल,expert,738,not_in_reference_dictionary,,2026-10-07
hi,इन्ड्स्ट्रियल,expert,739,not_in_reference_dictionary,,2026-10-07
hi,इन्तेर्मेदिउस,expert,740,not_in_reference_dictionary,,2026-10-07
hi,इन्दुलेखाकुण्ड,expert,741,not_in_reference_dictionary,,2026-10-07
hi,इन्द्रजीतसिंह,expert,742,not_in_reference_dictionary,,2026-10-07
hi,इन्द्रप्रस्त,expert,744,not_in_reference_dictionary,,2026-10-07
hi,इन्द्रवर्मन्,expert,745,not_in_reference_dictionary,,2026-10-07
hi,इन्द्रियस्थान,expert,746,not_in_reference_dictionary,,2026-10-07
hi,इन्नेर्वतिओन,expert,747,not_in_reference_dictionary,,2026-10-07
hi,इन्फ़्लुएन्शिअल,expert,748,not_in_reference_dictionary,,2026-10-07
hi,इन्लाईटेनमेंट,expert,750,not_in_reference_dictionary,,2026-10-07
hi,इन्वरकारगिल,expert,751,not_in_reference_dictionary,,2026-10-07
hi,इन्वर्टीब्रेट्स,expert,752,not_in_reference_dictionary,,2026-10-07
hi,इन्वेस्टमेण्ट,expert,753,not_in_reference_dictionary,,2026-10-07
hi,इन्वेस्टिगेशन्स,expert,754,not_in_reference_dictionary,,2026-10-07
hi,इन्वेस्टीगेशन,expert,755,not_in_reference_dictionary,,2026-10-07
hi,इन्स्टिट्यूशन,expert,757,not_in_reference_dictionary,,2026-10-07
hi,इन्स्ट्रक्षनल,expert,759,not_in_reference_dictionary,,2026-10-07
hi,इन्स्ट्रक्षन्स,expert,760,not_in_reference_dictionary,,2026-10-07
hi,इन्हान्समेन्ट,expert,761,not_in_reference_dictionary,,2026-10-07
hi,इपाइनेफ्राइन,expert,762,not_in_reference_dictionary,,2026-10-07
hi,इप्राट्रोपियम,expert,763,not_in_reference_dictionary,,2026-10-07
hi,इमोबिलाइजेशन,expert,764,not_in_reference_dictionary,,2026-10-07
hi,इम्मुनोसप्रेसांट,expert,765,not_in_reference_dictionary,,2026-10-07
hi,इम्मोर्टलिस्ट,expert,766,not_in_reference_dictionary,,2026-10-07
hi,इम्युनोसप्रेसिव,expert,767,not_in_reference_dictionary,,2026-10-07
hi,इम्यूनोग्लोबुलिन,expert,768,not_in_reference_dictionary,,2026-10-07
hi,इम्यूनोडिफिशन्सी,expert,769,not_in_reference_dictionary,,2026-10-07
hi,इरिन्जलाक्कुडा,expert,770,not_in_reference_dictionary,,2026-10-07
hi,इलेक्ट्रोकेमिकल,expert,772,not_in_reference_dictionary,,2026-10-07
hi,इलेक्ट्रोटोनिक,expert,773,not_in_reference_dictionary,,2026-10-07
hi,इलेक्ट्रोलाइयों,expert,774,not_in_reference_dictionary,,2026-10-07
hi,इलैक्ट्रानिक्स,expert,775,not_in_reference_dictionary,,2026-10-07
hi,इल्लुमिनसायन,expert,776,not_in_reference_dictionary,,2026-10-07
hi,इष्टतमीकरण,expert,777,not_in_reference_dictionary,,2026-10-07
hi,ईएसडब्ल्यूएल,expert,778,not_in_reference_dictionary,,2026-10-07
hi,ईओस्त्रेमोनाथ,expert,779,not_in_reference_dictionary,,2026-10-07
hi,ईश्वरकेंद्रित,expert,780,not_in_reference_dictionary,,2026-10-07
hi,ईश्वरचन्द्र,expert,781,not_in_reference_dictionary,,2026-10-07
hi,ईश्वरप्राणिधान,expert,782,not_in_reference_dictionary,,2026-10-07
hi,ईश्वरशास्त्र,expert,783,not_in_reference_dictionary,,2026-10-07
hi,ईश्वरसाक्षात्कार,expert,784,not_in_reference_dictionary,,2026-10-07
hi,उक्तिचमत्कार,expert,785,not_in_reference_dictionary,,2026-10-07
hi,उच्चस्तम्ष्ट,expert,787,not_in_reference_dictionary,,2026-10-07
hi,उतपरिवर्तनों,expert,788,not_in_reference_dictionary,,2026-10-07
hi,उत्कलभ्रमण,expert,789,not_in_reference_dictionary,,2026-10-07
hi,उत्कृष्टतापूर्वक,expert,790,not_in_reference_dictionary,,2026-10-07
hi,उत्क्रमभ्रंश,expert,791,not_in_reference_dictionary,,2026-10-07
hi,उत्तमतापूर्वक,expert,792,not_in_reference_dictionary,,2026-10-07
hi,उत्तरपूर्वीय,expert,794,not_in_reference_dictionary,,2026-10-07
hi,उत्तररभारतीय,expert,795,not_in_reference_dictionary,,2026-10-07
hi,उत्तरवर्तियों,expert,796,not_in_reference_dictionary,,2026-10-07
hi,उत्तरविनिश्चय,expert,797,not_in_reference_dictionary,,2026-10-07
hi,उत्तरायणारम्भ,expert,798,not_in_reference_dictionary,,2026-10-07
sw,afrika,medium,28,proper_noun,,2026-10-07
sw,aprili,medium,171,proper_noun,,2026-10-07
sw,agosti,medium,184,proper_noun,,2026-10-07
sw,oktoba,medium,190,proper_noun,,2026-10-07
sw,united,medium,225,wrong_language_english,,2026-10-07
sw,misri,medium,228,proper_noun,,2026-10-07
sw,italia,medium,270,proper_noun,,2026-10-07
sw,kristo,medium,278,proper_noun,,2026-10-07
sw,uchina,medium,290,proper_noun,,2026-10-07
sw,india,medium,331,proper_noun,,2026-10-07
sw,sudan,medium,337,proper_noun,,2026-10-07
sw,single,medium,348,wrong_language_english,,2026-10-07
sw,school,medium,385,wrong_language_english,,2026-10-07
sw,james,medium,427,proper_noun,,2026-10-07
sw,africa,medium,456,proper_noun,,2026-10-07
sw,world,medium,466,wrong_language_english,,2026-10-07
sw,rwanda,medium,485,proper_noun,,2026-10-07
sw,amino,medium,502,wrong_language_english,,2026-10-07
sw,dengi,medium,524,wrong_language_other,pl,2026-10-07
sw,black,medium,550,wrong_language_english,,2026-10-07
sw,cross,medium,563,wrong_language_english,,2026-10-07
sw,music,medium,581,wrong_language_english,,2026-10-07
sw,house,medium,589,wrong_language_english,,2026-10-07
sw,times,medium,596,wrong_language_english,,2026-10-07
sw,wavuti,medium,651,proper_noun,,2026-10-07
sw,league,medium,652,wrong_language_english,,2026-10-07
sw,google,medium,663,wrong_language_english,,2026-10-07
sw,south,medium,664,wrong_language_english,,2026-10-07
sw,group,medium,680,wrong_language_english,,2026-10-07
sw,young,medium,693,wrong_language_english,,2026-10-07
sw,desemba,hard,89,proper_noun,,2026-10-07
sw,amerika,hard,95,proper_noun,,2026-10-07
sw,ufaransa,hard,100,proper_noun,,2026-10-07
sw,novemba,hard,126,proper_noun,,2026-10-07
sw,septemba,hard,131,proper_noun,,2026-10-07
sw,februari,hard,147,proper_noun,,2026-10-07
sw,waafrika,hard,216,proper_noun,,2026-10-07
sw,records,hard,244,wrong_language_english,,2026-10-07
sw,kiafrika,hard,277,proper_noun,,2026-10-07
sw,kilatini,hard,302,proper_noun,,2026-10-07
sw,wagiriki,hard,363,proper_noun,,2026-10-07
sw,kigiriki,hard,391,proper_noun,,2026-10-07
sw,zimbabwe,hard,436,proper_noun,,2026-10-07
sw,uturuki,hard,441,proper_noun,,2026-10-07
sw,chelsea,hard,505,proper_noun,,2026-10-07
sw,watutsi,hard,507,proper_noun,,2026-10-07
sw,kaisari,hard,532,proper_noun,,2026-10-07
sw,company,hard,542,wrong_language_english,,2026-10-07
sw,academy,hard,579,wrong_language_english,,2026-10-07
sw,plateau,hard,625,wrong_language_english,,2026-10-07
sw,ujapani,hard,651,proper_noun,,2026-10-07
sw,morogoro,hard,662,proper_noun,,2026-10-07
sw,kijapani,hard,688,proper_noun,,2026-10-07
sw,college,hard,701,wrong_language_english,,2026-10-07
sw,mombasa,hard,741,proper_noun,,2026-10-07
sw,bagamoyo,hard,832,proper_noun,,2026-10-07
sw,bob,hard,833,wrong_language_english,,2026-10-07
sw,carl,hard,834,proper_noun,,2026-10-07
sw,christian,hard,835,wrong_language_english,,2026-10-07
sw,congress,hard,836,wrong_language_english,,2026-10-07
sw,diamond,hard,837,wrong_language_english,,2026-10-07
sw,frank,hard,838,wrong_language_english,,2026-10-07
sw,henry,hard,839,proper_noun,,2026-10-07
sw,jean,hard,842,wrong_language_english,,2026-10-07
sw,leone,hard,847,proper_noun,,2026-10-07
sw,patrick,hard,857,proper_noun,,2026-10-07
sw,shane,hard,858,proper_noun,,2026-10-07
sw,sydney,hard,859,proper_noun,,2026-10-07
sw,syria,hard,860,proper_noun,,2026-10-07
sw,togo,hard,862,proper_noun,,2026-10-07
sw,us,hard,863,wrong_language_english,,2026-10-07
sw,yakobo,hard,866,proper_noun,,2026-10-07
sw,yoh,hard,867,abbreviation_or_noise,,2026-10-07
sw,albert,hard,1009,proper_noun,,2026-10-07
sw,anthony,hard,1012,proper_noun,,2026-10-07
sw,barcelona,hard,1013,proper_noun,,2026-10-07
sw,botswana,hard,1014,proper_noun,,2026-10-07
sw,boys,hard,1015,wrong_language_english,,2026-10-07
sw,england,hard,1017,proper_noun,,2026-10-07
sw,entertainment,hard,1018,wrong_language_english,,2026-10-07
sw,gaza,hard,1019,proper_noun,,2026-10-07
sw,iso,hard,1020,abbreviation_or_noise,,2026-10-07
sw,ian,hard,1021,proper_noun,,2026-10-07
sw,ireland,hard,1022,proper_noun,,2026-10-07
sw,jamaika,hard,1023,proper_noun,,2026-10-07
sw,jay,hard,1024,wrong_language_english,,2026-10-07
sw,louis,hard,1029,proper_noun,,2026-10-07
sw,malcolm,hard,1031,proper_noun,,2026-10-07
sw,mohammed,hard,1035,proper_noun,,2026-10-07
sw,msumbiji,hard,1036,proper_noun,,2026-10-07
sw,nobel,hard,1038,proper_noun,,2026-10-07
sw,orchestra,hard,1040,wrong_language_english,,2026-10-07
sw,sar,hard,1042,proper_noun,,2026-10-07
sw,sierra,hard,1044,wrong_language_english,,2026-10-07
sw,steve,hard,1045,proper_noun,,2026-10-07
sw,susan,hard,1046,proper_noun,,2026-10-07
sw,taylor,hard,1048,proper_noun,,2026-10-07
sw,villa,hard,1051,wrong_language_english,,2026-10-07
sw,wallace,hard,1054,proper_noun,,2026-10-07
sw,walter,hard,1055,proper_noun,,2026-10-07
sw,wamisri,hard,1056,proper_noun,,2026-10-07
sw,warner,hard,1058,proper_noun,,2026-10-07
sw,zealand,hard,1060,proper_noun,,2026-10-07
sw,zopa,hard,1061,wrong_language_other,es,2026-10-07
sw,metaboli,hard,1137,wrong_language_other,pl,2026-10-07
sw,uingereza,expert,5,proper_noun,,2026-10-07
sw,ujerumani,expert,17,proper_noun,,2026-10-07
sw,wajerumani,expert,73,proper_noun,,2026-10-07
sw,kifaransa,expert,115,proper_noun,,2026-10-07
sw,international,expert,138,wrong_language_english,,2026-10-07
sw,wikipedia,expert,168,proper_noun,,2026-10-07
sw,university,expert,172,wrong_language_english,,2026-10-07
sw,foundation,expert,265,wrong_language_english,,2026-10-07
sw,kilimanjaro,expert,297,proper_noun,,2026-10-07
sw,association,expert,331,wrong_language_english,,2026-10-07
sw,wafaransa,expert,377,proper_noun,,2026-10-07
sw,johannesburg,expert,442,proper_noun,,2026-10-07
sw,uhispania,expert,471,proper_noun,,2026-10-07
sw,television,expert,543,wrong_language_english,,2026-10-07
sw,kihispania,expert,601,proper_noun,,2026-10-07
sw,secondary,expert,632,wrong_language_english,,2026-10-07
sw,development,expert,697,wrong_language_english,,2026-10-07
