# CC-BANK-PURITY F2 ledger: word<TAB>verdict<TAB>source. One line per bank row, bank order.
# verdicts: dictionary | exception (signed) | pending (auditor sheet). No new row may ever enter as pending.
#tier	easy	0xDEE45BFECB728AC8
#tier	medium	0x9AA0679ACF9FDE4D
#tier	hard	0x29436D2AE941BD13
#tier	expert	0xFE5FFA3294EEDD29
آلة	dictionary	ar
أب	dictionary	ar
أبدا	dictionary	ar
أبيض	dictionary	ar
أحب	dictionary	ar
أحضر	dictionary	ar
أحمر	dictionary	ar
أخ	dictionary	ar
أخت	dictionary	ar
أخذ	dictionary	ar
أخضر	dictionary	ar
أداة	dictionary	ar
أذن	dictionary	ar
أربعة	dictionary	ar
أرز	dictionary	ar
أرض	dictionary	ar
أرضية	dictionary	ar
أزرق	dictionary	ar
أسبوع	dictionary	ar
أسفل	dictionary	ar
أسود	dictionary	ar
أصفر	dictionary	ar
أعطى	dictionary	ar
أعلى	dictionary	ar
أغلق	dictionary	ar
أغنية	dictionary	ar
أكل	dictionary	ar
ألف	dictionary	ar
ألم	dictionary	ar
أم	dictionary	ar
أمام	dictionary	ar
أمة	dictionary	ar
أمسك	dictionary	ar
أمل	dictionary	ar
أنف	dictionary	ar
إرادة	dictionary	ar
إرسال	dictionary	ar
إله	dictionary	ar
ابن	dictionary	ar
اثنان	dictionary	ar
اسم	dictionary	ar
الآن	dictionary	ar
اليوم	dictionary	ar
امرأة	dictionary	ar
بئر	dictionary	ar
باب	dictionary	ar
بارد	dictionary	ar
بحر	dictionary	ar
بحيرة	dictionary	ar
بداية	dictionary	ar
بذرة	dictionary	ar
بطة	dictionary	ar
بطيء	dictionary	ar
بلد	dictionary	ar
بلدة	dictionary	ar
بناء	dictionary	ar
بنت	dictionary	ar
بيت	dictionary	ar
بيضة	dictionary	ar
بيع	dictionary	ar
تسعة	dictionary	ar
تل	dictionary	ar
توقف	dictionary	ar
ثعلب	dictionary	ar
ثلاثة	dictionary	ar
ثلج	dictionary	ar
ثم	dictionary	ar
جاف	dictionary	ar
جبل	dictionary	ar
جدار	dictionary	ar
جديد	dictionary	ar
جذر	dictionary	ar
جزيرة	dictionary	ar
جسر	dictionary	ar
جسم	dictionary	ar
جلد	dictionary	ar
جليد	dictionary	ar
جنوب	dictionary	ar
جورب	dictionary	ar
جيد	dictionary	ar
حاجة	dictionary	ar
حار	dictionary	ar
حاسوب	dictionary	ar
حافلة	dictionary	ar
حب	dictionary	ar
حجر	dictionary	ar
حجم	dictionary	ar
حديد	dictionary	ar
حرب	dictionary	ar
حصان	dictionary	ar
حقل	dictionary	ar
حليب	dictionary	ar
حمل	dictionary	ar
حياة	dictionary	ar
حيوان	dictionary	ar
خاتم	dictionary	ar
خسر	dictionary	ar
خشب	dictionary	ar
خط	dictionary	ar
خمسة	dictionary	ar
خنزير	dictionary	ar
خوف	dictionary	ar
دائرة	dictionary	ar
دائما	dictionary	ar
دافئ	dictionary	ar
دب	dictionary	ar
دخان	dictionary	ar
دفع	dictionary	ar
دم	dictionary	ar
دواء	dictionary	ar
ذئب	dictionary	ar
ذراع	dictionary	ar
ذهب	dictionary	ar
رأس	dictionary	ar
ربيع	dictionary	ar
رجل	dictionary	ar
رسالة	dictionary	ar
رضيع	dictionary	ar
رقص	dictionary	ar
رقم	dictionary	ar
ركض	dictionary	ar
رمادي	dictionary	ar
رمل	dictionary	ar
روح	dictionary	ar
ريح	dictionary	ar
زجاج	dictionary	ar
زهرة	dictionary	ar
ساعة	dictionary	ar
ساق	dictionary	ar
سبح	dictionary	ar
سبعة	dictionary	ar
ستة	dictionary	ar
سحابة	dictionary	ar
سحب	dictionary	ar
سرير	dictionary	ar
سريع	dictionary	ar
سعر	dictionary	ar
سفر	dictionary	ar
سفينة	dictionary	ar
سقف	dictionary	ar
سكر	dictionary	ar
سلام	dictionary	ar
سلسلة	dictionary	ar
سماء	dictionary	ar
سمك	dictionary	ar
سنة	dictionary	ar
سهل	dictionary	ar
سوق	dictionary	ar
سيء	dictionary	ar
سيارة	dictionary	ar
شارع	dictionary	ar
شاي	dictionary	ar
شتاء	dictionary	ar
شجرة	dictionary	ar
شراء	dictionary	ar
شرق	dictionary	ar
شعر	dictionary	ar
شكل	dictionary	ar
شمال	dictionary	ar
شمس	dictionary	ar
شهر	dictionary	ar
صباح	dictionary	ar
صحة	dictionary	ar
صخرة	dictionary	ar
صديق	dictionary	ar
صعب	dictionary	ar
صغير	dictionary	ar
صف	dictionary	ar
صفحة	dictionary	ar
صندوق	dictionary	ar
صنع	dictionary	ar
صوت	dictionary	ar
صورة	dictionary	ar
صيف	dictionary	ar
ضجيج	dictionary	ar
ضعيف	dictionary	ar
ضوء	dictionary	ar
طائر	dictionary	ar
طائرة	dictionary	ar
طالب	dictionary	ar
طاولة	dictionary	ar
طبق	dictionary	ar
طبيعة	dictionary	ar
طريق	dictionary	ar
طعام	dictionary	ar
طفل	dictionary	ar
طويل	dictionary	ar
ظهر	dictionary	ar
عائلة	dictionary	ar
عالم	dictionary	ar
عشب	dictionary	ar
عشرة	dictionary	ar
عظم	dictionary	ar
عمل	dictionary	ar
عملة	dictionary	ar
عين	dictionary	ar
غالبا	dictionary	ar
غرب	dictionary	ar
غرفة	dictionary	ar
فأر	dictionary	ar
فتح	dictionary	ar
فضة	dictionary	ar
فكر	dictionary	ar
فم	dictionary	ar
فن	dictionary	ar
فيلم	dictionary	ar
قارب	dictionary	ar
قانون	dictionary	ar
قبعة	dictionary	ar
قدم	dictionary	ar
قديم	dictionary	ar
قرأ	dictionary	ar
قرية	dictionary	ar
قصة	dictionary	ar
قصيدة	dictionary	ar
قصير	dictionary	ar
قط	dictionary	ar
قطار	dictionary	ar
قفز	dictionary	ar
قلب	dictionary	ar
قمر	dictionary	ar
قوة	dictionary	ar
قوي	dictionary	ar
كبير	dictionary	ar
كتاب	dictionary	ar
كتابة	dictionary	ar
كرة	dictionary	ar
كسر	dictionary	ar
كلام	dictionary	ar
كلب	dictionary	ar
كلمة	dictionary	ar
كنيسة	dictionary	ar
كوب	dictionary	ar
لا	dictionary	ar
لحم	dictionary	ar
لعب	dictionary	ar
لعبة	dictionary	ar
لون	dictionary	ar
ليل	dictionary	ar
مئة	dictionary	ar
ماء	dictionary	ar
مال	dictionary	ar
مبلل	dictionary	ar
متجر	dictionary	ar
مخزن	dictionary	ar
مدرسة	dictionary	ar
مدينة	dictionary	ar
مربع	dictionary	ar
مزرعة	dictionary	ar
مشى	dictionary	ar
مصباح	dictionary	ar
مطبخ	dictionary	ar
مطر	dictionary	ar
مظلم	dictionary	ar
معتدل	dictionary	ar
معدن	dictionary	ar
معرفة	dictionary	ar
معطف	dictionary	ar
معلم	dictionary	ar
مفتاح	dictionary	ar
ملح	dictionary	ar
ملك	dictionary	ar
ملكة	dictionary	ar
موت	dictionary	ar
موجة	dictionary	ar
نار	dictionary	ar
ناس	dictionary	ar
ناعم	dictionary	ar
نافذة	dictionary	ar
نبات	dictionary	ar
نبيذ	dictionary	ar
نجم	dictionary	ar
نظر	dictionary	ar
نقطة	dictionary	ar
نهر	dictionary	ar
هدية	dictionary	ar
هنا	dictionary	ar
هناك	dictionary	ar
واحد	dictionary	ar
وجد	dictionary	ar
ورق	dictionary	ar
ورقة	dictionary	ar
وسط	dictionary	ar
وعاء	dictionary	ar
وقت	dictionary	ar
ولد	dictionary	ar
يد	dictionary	ar
يسار	dictionary	ar
يمين	dictionary	ar
يوم	dictionary	ar
العديد	dictionary	ar
عندما	dictionary	ar
الذين	dictionary	ar
القرن	dictionary	ar
العالم	dictionary	ar
الأسر	dictionary	ar
العام	dictionary	ar
الأول	dictionary	ar
مجموعة	dictionary	ar
حوالي	dictionary	ar
العمل	dictionary	ar
بينما	dictionary	ar
الرغم	dictionary	ar
الوقت	dictionary	ar
الأولى	dictionary	ar
الأخرى	dictionary	ar
عليها	dictionary	ar
دولار	dictionary	ar
منطقة	dictionary	ar
الثاني	dictionary	ar
أثناء	dictionary	ar
الحرب	dictionary	ar
عملية	dictionary	ar
واحدة	dictionary	ar
لديها	dictionary	ar
كانوا	dictionary	ar
مليون	dictionary	ar
سنوات	dictionary	ar
كبيرة	dictionary	ar
البعض	dictionary	ar
الخاصة	dictionary	ar
العامة	dictionary	ar
السكان	dictionary	ar
الدولة	dictionary	ar
العمر	dictionary	ar
نهاية	dictionary	ar
جامعة	dictionary	ar
الجيش	dictionary	ar
أصبحت	dictionary	ar
الفترة	dictionary	ar
الناس	dictionary	ar
متوسط	dictionary	ar
تاريخ	dictionary	ar
الأرض	dictionary	ar
مختلفة	dictionary	ar
الحياة	dictionary	ar
البلاد	dictionary	ar
الفيلم	dictionary	ar
النساء	dictionary	ar
الوطني	dictionary	ar
النظام	dictionary	ar
مباراة	dictionary	ar
الأكثر	dictionary	ar
جديدة	dictionary	ar
الأمر	dictionary	ar
الكثير	dictionary	ar
وكذلك	dictionary	ar
اللغة	dictionary	ar
القوات	dictionary	ar
البحر	dictionary	ar
الملك	dictionary	ar
إعادة	dictionary	ar
الذكور	dictionary	ar
بواسطة	dictionary	ar
أكتوبر	dictionary	ar
يناير	dictionary	ar
سبتمبر	dictionary	ar
بعضهم	dictionary	ar
سكانها	dictionary	ar
المركز	dictionary	ar
أفراد	dictionary	ar
إدارة	dictionary	ar
يونيو	dictionary	ar
الدول	dictionary	ar
مستوى	dictionary	ar
الشركة	dictionary	ar
أنحاء	dictionary	ar
أبريل	dictionary	ar
يوليو	dictionary	ar
الدين	dictionary	ar
نتيجة	dictionary	ar
الجزء	dictionary	ar
الإناث	dictionary	ar
يعتبر	dictionary	ar
تستخدم	dictionary	ar
أغسطس	dictionary	ar
مقابل	dictionary	ar
الكتاب	dictionary	ar
الرئيس	dictionary	ar
زيادة	dictionary	ar
الثالث	dictionary	ar
برنامج	dictionary	ar
نوفمبر	dictionary	ar
فبراير	dictionary	ar
خلالها	dictionary	ar
المياه	dictionary	ar
أعضاء	dictionary	ar
الكلي	dictionary	ar
المرأة	dictionary	ar
إنشاء	dictionary	ar
دراسة	dictionary	ar
إنتاج	dictionary	ar
ديسمبر	dictionary	ar
هؤلاء	dictionary	ar
المواد	dictionary	ar
الطاقة	dictionary	ar
وزارة	dictionary	ar
الجديد	dictionary	ar
أنواع	dictionary	ar
المجلس	dictionary	ar
عبارة	dictionary	ar
يستخدم	dictionary	ar
أوروبا	dictionary	ar
تعتبر	dictionary	ar
حالات	dictionary	ar
الخاص	dictionary	ar
صغيرة	dictionary	ar
الحزب	dictionary	ar
أعمال	dictionary	ar
ولاية	dictionary	ar
الحكم	dictionary	ar
السابق	dictionary	ar
عمليات	dictionary	ar
بحلول	dictionary	ar
الأسرة	dictionary	ar
العليا	dictionary	ar
النوع	dictionary	ar
معيلات	dictionary	ar
إضافة	dictionary	ar
القرية	dictionary	ar
تطوير	dictionary	ar
مناطق	dictionary	ar
الحصول	dictionary	ar
الحركة	dictionary	ar
أواخر	dictionary	ar
تأثير	dictionary	ar
تحديد	dictionary	ar
العلاج	dictionary	ar
وغيرها	dictionary	ar
التاسع	dictionary	ar
منظمة	dictionary	ar
أوائل	dictionary	ar
تحتوي	dictionary	ar
الدولي	dictionary	ar
تقديم	dictionary	ar
تحقيق	dictionary	ar
إليها	dictionary	ar
الماء	dictionary	ar
الوصول	dictionary	ar
الجسم	dictionary	ar
قائمة	dictionary	ar
مقيمة	dictionary	ar
الشيخ	dictionary	ar
الهند	dictionary	ar
مباشرة	dictionary	ar
السنة	dictionary	ar
طويلة	dictionary	ar
منتصف	dictionary	ar
الأقل	dictionary	ar
السلطة	dictionary	ar
مختلف	dictionary	ar
ارتفاع	dictionary	ar
عالية	dictionary	ar
مسيرته	dictionary	ar
نفسها	dictionary	ar
الاسم	dictionary	ar
البحث	dictionary	ar
الحالة	dictionary	ar
العربي	dictionary	ar
مشروع	dictionary	ar
الرسمي	dictionary	ar
فرنسا	dictionary	ar
الشرطة	dictionary	ar
الرابع	dictionary	ar
بعنوان	dictionary	ar
تألفت	dictionary	ar
مرحلة	dictionary	ar
حكومة	dictionary	ar
مساحة	dictionary	ar
أهمية	dictionary	ar
الصحة	dictionary	ar
إطلاق	dictionary	ar
العلوم	dictionary	ar
معينة	dictionary	ar
الشرق	dictionary	ar
الرجال	dictionary	ar
الشعب	dictionary	ar
جائزة	dictionary	ar
وسائل	dictionary	ar
تغيير	dictionary	ar
إجراء	dictionary	ar
طريقة	dictionary	ar
الأمن	dictionary	ar
الدفاع	dictionary	ar
الطبية	dictionary	ar
الصحية	dictionary	ar
العصر	dictionary	ar
الموقع	dictionary	ar
النظر	dictionary	ar
تصميم	dictionary	ar
تنظيم	dictionary	ar
أمريكا	dictionary	ar
إجمالي	dictionary	ar
شخصية	dictionary	ar
مصطلح	dictionary	ar
القوة	dictionary	ar
الشمال	dictionary	ar
الأمم	dictionary	ar
لكنها	dictionary	ar
الشخص	dictionary	ar
الحدود	dictionary	ar
الأكبر	dictionary	ar
الحديث	dictionary	ar
الصين	dictionary	ar
الفريق	dictionary	ar
القدرة	dictionary	ar
المدن	dictionary	ar
المرضى	dictionary	ar
النار	dictionary	ar
القدم	dictionary	ar
يتعلق	dictionary	ar
الجنوب	dictionary	ar
جمعية	dictionary	ar
اللجنة	dictionary	ar
المرض	dictionary	ar
أهداف	dictionary	ar
الشباب	dictionary	ar
محاولة	dictionary	ar
الثورة	dictionary	ar
الآخر	dictionary	ar
الطلاب	dictionary	ar
المادة	dictionary	ar
الشكل	dictionary	ar
الطريق	dictionary	ar
الهواء	dictionary	ar
نظرية	dictionary	ar
مؤسسة	dictionary	ar
السلام	dictionary	ar
الواقع	dictionary	ar
لديهم	dictionary	ar
مقاطعة	dictionary	ar
بطولة	dictionary	ar
قيادة	dictionary	ar
المزيد	dictionary	ar
الممكن	dictionary	ar
الوحيد	dictionary	ar
البشر	dictionary	ar
الكبير	dictionary	ar
العراق	dictionary	ar
الكتب	dictionary	ar
الوسطى	dictionary	ar
واسعة	dictionary	ar
الجانب	dictionary	ar
العرب	dictionary	ar
الكبرى	dictionary	ar
اللعبة	dictionary	ar
يحتوي	dictionary	ar
التالي	dictionary	ar
السادس	dictionary	ar
أجزاء	dictionary	ar
الأعلى	dictionary	ar
بعضها	dictionary	ar
الحالي	dictionary	ar
العلم	dictionary	ar
اليهود	dictionary	ar
تصنيف	dictionary	ar
الساعة	dictionary	ar
الطفل	dictionary	ar
العدد	dictionary	ar
المجال	dictionary	ar
برامج	dictionary	ar
أمريكي	dictionary	ar
قاعدة	dictionary	ar
مقارنة	dictionary	ar
الأخير	dictionary	ar
الشعر	dictionary	ar
الطرق	dictionary	ar
مليار	dictionary	ar
الخامس	dictionary	ar
متعددة	dictionary	ar
يعتقد	dictionary	ar
القديم	dictionary	ar
الغربي	dictionary	ar
تتضمن	dictionary	ar
أشكال	dictionary	ar
الآثار	dictionary	ar
الموسم	dictionary	ar
صناعة	dictionary	ar
كتابه	dictionary	ar
الزواج	dictionary	ar
الشمس	dictionary	ar
الضغط	dictionary	ar
علاقة	dictionary	ar
الجهاز	dictionary	ar
الماضي	dictionary	ar
بعدها	dictionary	ar
عليهم	dictionary	ar
معركة	dictionary	ar
الجوية	dictionary	ar
الرجل	dictionary	ar
بسرعة	dictionary	ar
قصيرة	dictionary	ar
الشرقي	dictionary	ar
الفضاء	dictionary	ar
محددة	dictionary	ar
الثامن	dictionary	ar
الفنية	dictionary	ar
علماء	dictionary	ar
اللون	dictionary	ar
الأمير	dictionary	ar
تعتمد	dictionary	ar
حماية	dictionary	ar
حياته	dictionary	ar
الخدمة	dictionary	ar
العمال	dictionary	ar
القلب	dictionary	ar
الهجوم	dictionary	ar
السبب	dictionary	ar
تأسيس	dictionary	ar
النفس	dictionary	ar
تشكيل	dictionary	ar
دقيقة	dictionary	ar
نتائج	dictionary	ar
القصة	dictionary	ar
روسيا	dictionary	ar
الطعام	dictionary	ar
معيلون	dictionary	ar
الدوري	dictionary	ar
العرض	dictionary	ar
شريكة	dictionary	ar
تنفيذ	dictionary	ar
أجهزة	dictionary	ar
الحفاظ	dictionary	ar
آخرين	dictionary	ar
أعلنت	dictionary	ar
إصدار	dictionary	ar
المثال	dictionary	ar
المحيط	dictionary	ar
مجتمع	dictionary	ar
المريض	dictionary	ar
تتكون	dictionary	ar
الأحمر	dictionary	ar
البيئة	dictionary	ar
المنزل	dictionary	ar
الهدف	dictionary	ar
الدعم	dictionary	ar
الطبقة	dictionary	ar
استمرت	dictionary	ar
الأبيض	dictionary	ar
السوق	dictionary	ar
تسجيل	dictionary	ar
عديدة	dictionary	ar
اختبار	dictionary	ar
الأسود	dictionary	ar
تختلف	dictionary	ar
درجات	dictionary	ar
اكتشاف	dictionary	ar
النقل	dictionary	ar
رواية	dictionary	ar
يعتمد	dictionary	ar
الجنس	dictionary	ar
العنف	dictionary	ar
حرارة	dictionary	ar
سوريا	dictionary	ar
عنوان	dictionary	ar
مؤتمر	dictionary	ar
اثنين	dictionary	ar
القرار	dictionary	ar
المكان	dictionary	ar
بمثابة	dictionary	ar
تطبيق	dictionary	ar
كثيرة	dictionary	ar
التحكم	dictionary	ar
المحلي	dictionary	ar
صحيفة	dictionary	ar
مواقع	dictionary	ar
متنوعة	dictionary	ar
يتكون	dictionary	ar
اتحاد	dictionary	ar
اختيار	dictionary	ar
الأصلي	dictionary	ar
العثور	dictionary	ar
خدمات	dictionary	ar
لبنان	dictionary	ar
القوى	dictionary	ar
النمو	dictionary	ar
البلدة	dictionary	ar
الحقوق	dictionary	ar
الدرجة	dictionary	ar
القسم	dictionary	ar
باريس	dictionary	ar
النادي	dictionary	ar
السابع	dictionary	ar
بينهم	dictionary	ar
موجودة	dictionary	ar
بيانات	dictionary	ar
حاليا	dictionary	ar
سيكون	dictionary	ar
إزالة	dictionary	ar
الزمن	dictionary	ar
الأصل	dictionary	ar
ناحية	dictionary	ar
وترتفع	dictionary	ar
العلمي	dictionary	ar
توفير	dictionary	ar
مشاكل	dictionary	ar
الذاتي	dictionary	ar
المهمة	dictionary	ar
يعانون	dictionary	ar
العصور	dictionary	ar
الكلية	dictionary	ar
مفهوم	dictionary	ar
نموذج	dictionary	ar
السفن	dictionary	ar
الصور	dictionary	ar
استمر	dictionary	ar
مصادر	dictionary	ar
وفاته	dictionary	ar
الجوي	dictionary	ar
الضوء	dictionary	ar
المال	dictionary	ar
مشكلة	dictionary	ar
أبناء	dictionary	ar
الفرد	dictionary	ar
الجنسي	dictionary	ar
الحاكم	dictionary	ar
الفرق	dictionary	ar
الفرقة	dictionary	ar
النووي	dictionary	ar
الحاجة	dictionary	ar
الدور	dictionary	ar
ثانية	dictionary	ar
ملايين	dictionary	ar
وحدات	dictionary	ar
الحمل	dictionary	ar
انتشار	dictionary	ar
ساعات	dictionary	ar
شعبية	dictionary	ar
شهادة	dictionary	ar
لصالح	dictionary	ar
أنظمة	dictionary	ar
القيام	dictionary	ar
بينها	dictionary	ar
دراسات	dictionary	ar
زوجها	dictionary	ar
معروف	dictionary	ar
معروفة	dictionary	ar
النشاط	dictionary	ar
أساسي	dictionary	ar
استخدم	dictionary	ar
القتال	dictionary	ar
النسخة	dictionary	ar
شركات	dictionary	ar
الحال	dictionary	ar
تمتلك	dictionary	ar
سياسية	dictionary	ar
الدماغ	dictionary	ar
الناتج	dictionary	ar
النفط	dictionary	ar
إيران	dictionary	ar
الأوسط	dictionary	ar
اسمها	dictionary	ar
الأدب	dictionary	ar
الملكي	dictionary	ar
ثمانية	dictionary	ar
قليلة	dictionary	ar
النطاق	dictionary	ar
الوضع	dictionary	ar
تأسست	dictionary	ar
تقريبا	dictionary	ar
عناصر	dictionary	ar
أحداث	dictionary	ar
الصورة	dictionary	ar
زوجته	dictionary	ar
مجموع	dictionary	ar
الوحدة	dictionary	ar
أنفسهم	dictionary	ar
البناء	dictionary	ar
الغرب	dictionary	ar
معالجة	dictionary	ar
ممارسة	dictionary	ar
مملكة	dictionary	ar
العالي	dictionary	ar
تحرير	dictionary	ar
توزيع	dictionary	ar
عسكرية	dictionary	ar
ينبغي	dictionary	ar
آنذاك	dictionary	ar
الحجم	dictionary	ar
السيد	dictionary	ar
انتقل	dictionary	ar
أعماله	dictionary	ar
تتراوح	dictionary	ar
كاملة	dictionary	ar
محافظة	dictionary	ar
مساعدة	dictionary	ar
تحليل	dictionary	ar
تعيين	dictionary	ar
تقنية	dictionary	ar
مجالات	dictionary	ar
مراكز	dictionary	ar
موضوع	dictionary	ar
أشخاص	dictionary	ar
التطور	dictionary	ar
العين	dictionary	ar
القبض	dictionary	ar
الموت	dictionary	ar
انخفاض	dictionary	ar
سياسة	dictionary	ar
كيفية	dictionary	ar
إعلان	dictionary	ar
الخارج	dictionary	ar
العودة	dictionary	ar
البشري	dictionary	ar
الشبكة	dictionary	ar
الكشف	dictionary	ar
المبنى	dictionary	ar
المسجد	dictionary	ar
بغداد	dictionary	ar
وكالة	dictionary	ar
يستطيع	dictionary	ar
القمر	dictionary	ar
القيمة	dictionary	ar
المطاف	dictionary	ar
تجربة	dictionary	ar
كانون	dictionary	ar
الأساس	dictionary	ar
تعريف	dictionary	ar
عوامل	dictionary	ar
أظهرت	dictionary	ar
الجلد	dictionary	ar
الفصل	dictionary	ar
رئيسي	dictionary	ar
أفلام	dictionary	ar
الجنود	dictionary	ar
الظروف	dictionary	ar
المتحف	dictionary	ar
الحين	dictionary	ar
السلوك	dictionary	ar
تقرير	dictionary	ar
يتطلب	dictionary	ar
التهاب	dictionary	ar
الصحي	dictionary	ar
إصابة	dictionary	ar
القناة	dictionary	ar
المعهد	dictionary	ar
أماكن	dictionary	ar
أولئك	dictionary	ar
إضافية	dictionary	ar
المغرب	dictionary	ar
رعاية	dictionary	ar
قواعد	dictionary	ar
وظيفة	dictionary	ar
البنية	dictionary	ar
السجن	dictionary	ar
العهد	dictionary	ar
بلدية	dictionary	ar
العقد	dictionary	ar
اللعب	dictionary	ar
تتطلب	dictionary	ar
تكوين	dictionary	ar
قادرة	dictionary	ar
إشارة	dictionary	ar
البرية	dictionary	ar
الحرية	dictionary	ar
الساحل	dictionary	ar
القدس	dictionary	ar
مستشفى	dictionary	ar
السفر	dictionary	ar
الغاز	dictionary	ar
الفنون	dictionary	ar
الهيئة	dictionary	ar
تسمية	dictionary	ar
مباشر	dictionary	ar
مكافحة	dictionary	ar
منخفضة	dictionary	ar
العظمى	dictionary	ar
الكامل	dictionary	ar
تعزيز	dictionary	ar
تقييم	dictionary	ar
مواجهة	dictionary	ar
يساعد	dictionary	ar
اتخاذ	dictionary	ar
السوري	dictionary	ar
القضية	dictionary	ar
المسرح	dictionary	ar
أسلوب	dictionary	ar
إلغاء	dictionary	ar
الرقم	dictionary	ar
الصوت	dictionary	ar
القومي	dictionary	ar
النصف	dictionary	ar
مستقلة	dictionary	ar
أصدرت	dictionary	ar
الحادي	dictionary	ar
القصر	dictionary	ar
الهجرة	dictionary	ar
تتميز	dictionary	ar
كوريا	dictionary	ar
محكمة	dictionary	ar
مراقبة	dictionary	ar
أسماء	dictionary	ar
أعراض	dictionary	ar
الرأس	dictionary	ar
السيدة	dictionary	ar
المصري	dictionary	ar
تركيا	dictionary	ar
علامة	dictionary	ar
مقاومة	dictionary	ar
أراضي	dictionary	ar
الأداء	dictionary	ar
الدورة	dictionary	ar
الشيوخ	dictionary	ar
الغذاء	dictionary	ar
الكلمة	dictionary	ar
فلسطين	dictionary	ar
أسابيع	dictionary	ar
الطيور	dictionary	ar
الغلاف	dictionary	ar
تحسين	dictionary	ar
خلايا	dictionary	ar
معاهدة	dictionary	ar
يختلف	dictionary	ar
أطفال	dictionary	ar
تساعد	dictionary	ar
تصوير	dictionary	ar
السباق	dictionary	ar
الطبيب	dictionary	ar
رسمية	dictionary	ar
روبرت	dictionary	ar
مكتبة	dictionary	ar
وهكذا	dictionary	ar
أكسيد	dictionary	ar
الثلاث	dictionary	ar
القضاء	dictionary	ar
القطاع	dictionary	ar
النواب	dictionary	ar
تحويل	dictionary	ar
جوائز	dictionary	ar
قوانين	dictionary	ar
الأصغر	dictionary	ar
التابع	dictionary	ar
اللاعب	dictionary	ar
النقاد	dictionary	ar
الواحد	dictionary	ar
توماس	dictionary	ar
شديدة	dictionary	ar
قضايا	dictionary	ar
كافية	dictionary	ar
ألعاب	dictionary	ar
السريع	dictionary	ar
المدى	dictionary	ar
المرة	dictionary	ar
المنصب	dictionary	ar
تتعلق	dictionary	ar
تعداد	dictionary	ar
تناول	dictionary	ar
سياسي	dictionary	ar
مئوية	dictionary	ar
ويليام	dictionary	ar
أسباب	dictionary	ar
الأيام	dictionary	ar
الحلقة	dictionary	ar
الكرة	dictionary	ar
الوقود	dictionary	ar
تفسير	dictionary	ar
حينها	dictionary	ar
فقدان	dictionary	ar
مراحل	dictionary	ar
آخرون	dictionary	ar
إقامة	dictionary	ar
اقترح	dictionary	ar
الأدلة	dictionary	ar
الأمور	dictionary	ar
التربة	dictionary	ar
الصراع	dictionary	ar
الطرف	dictionary	ar
المنتج	dictionary	ar
بعدما	dictionary	ar
تجارية	dictionary	ar
تقسيم	dictionary	ar
ستكون	dictionary	ar
علاقات	dictionary	ar
فيديو	dictionary	ar
فيروس	dictionary	ar
مسلسل	dictionary	ar
اتجاه	dictionary	ar
البيض	dictionary	ar
الدواء	dictionary	ar
الوعي	dictionary	ar
بسهولة	dictionary	ar
تدريب	dictionary	ar
تشرين	dictionary	ar
ثنائي	dictionary	ar
رئيسية	dictionary	ar
منهما	dictionary	ar
وظائف	dictionary	ar
يعيشون	dictionary	ar
التعلم	dictionary	ar
الحجر	dictionary	ar
الخليج	dictionary	ar
السطح	dictionary	ar
العلوي	dictionary	ar
الفكرة	dictionary	ar
المصدر	dictionary	ar
تشغيل	dictionary	ar
طبيعية	dictionary	ar
عاصمة	dictionary	ar
كثيرا	dictionary	ar
مدارس	dictionary	ar
معايير	dictionary	ar
مهرجان	dictionary	ar
واشنطن	dictionary	ar
يتميز	dictionary	ar
البحوث	dictionary	ar
البلد	dictionary	ar
الحملة	dictionary	ar
الكاتب	dictionary	ar
النفسي	dictionary	ar
انتهاء	dictionary	ar
الدعوة	dictionary	ar
الصعب	dictionary	ar
باقي	dictionary	ar
رسميا	dictionary	ar
زمن	dictionary	ar
قالوا	dictionary	ar
لابد	dictionary	ar
مالك	dictionary	ar
مكة	dictionary	ar
موعد	dictionary	ar
يحاول	dictionary	ar
يستحق	dictionary	ar
يوميا	dictionary	ar
أستطيع	dictionary	ar
الغير	dictionary	ar
الفرصة	dictionary	ar
بيان	dictionary	ar
تجعل	dictionary	ar
خطوة	dictionary	ar
دعوة	dictionary	ar
سعد	dictionary	ar
سعود	dictionary	ar
سكس	pending	ar
قريب	dictionary	ar
لديك	dictionary	ar
مطار	dictionary	ar
معرض	dictionary	ar
نيك	pending	ar
يكفي	dictionary	ar
الاول	pending	ar
الذهب	dictionary	ar
السلاح	dictionary	ar
الفوز	dictionary	ar
اليمنية	dictionary	ar
بنات	dictionary	ar
تبحث	dictionary	ar
تبدو	dictionary	ar
تفاصيل	dictionary	ar
حفل	dictionary	ar
سمعت	dictionary	ar
سوء	dictionary	ar
سيارات	dictionary	ar
مشاركة	dictionary	ar
ناصر	dictionary	ar
نساء	dictionary	ar
هى	pending	ar
أدري	dictionary	ar
أسعار	dictionary	ar
أسوأ	dictionary	ar
الإيراني	dictionary	ar
الخوف	dictionary	ar
الذهاب	dictionary	ar
الشاب	dictionary	ar
المدير	dictionary	ar
الواضح	dictionary	ar
بث	dictionary	ar
جزءا	dictionary	ar
سلمان	dictionary	ar
صباحا	dictionary	ar
صلاة	dictionary	ar
عمرو	dictionary	ar
قررت	dictionary	ar
قمة	dictionary	ar
مجددا	dictionary	ar
موجود	dictionary	ar
وقف	dictionary	ar
أراد	dictionary	ar
الأمل	dictionary	ar
السبت	dictionary	ar
القتل	dictionary	ar
المكتب	dictionary	ar
بان	dictionary	ar
بحث	dictionary	ar
بخصوص	dictionary	ar
تتحدث	dictionary	ar
تحاول	dictionary	ar
حقيقية	dictionary	ar
خبر	dictionary	ar
طيب	dictionary	ar
مبارك	dictionary	ar
مريم	dictionary	ar
مصري	dictionary	ar
نرى	dictionary	ar
التفاصيل	dictionary	ar
الحوار	dictionary	ar
الروسي	dictionary	ar
اللحظة	dictionary	ar
انتهت	dictionary	ar
حتي	dictionary	ar
سيد	dictionary	ar
عباس	dictionary	ar
عقب	dictionary	ar
موسى	dictionary	ar
نكون	dictionary	ar
إلينا	dictionary	ar
الأفضل	dictionary	ar
الرابط	dictionary	ar
الفتاة	dictionary	ar
الفساد	dictionary	ar
القاضي	dictionary	ar
اللهم	dictionary	ar
النص	dictionary	ar
اما	pending	ar
بد	dictionary	ar
حينما	dictionary	ar
مسجد	dictionary	ar
نص	dictionary	ar
يقال	dictionary	ar
يمكننا	dictionary	ar
يملك	dictionary	ar
أتمنى	dictionary	ar
أحدا	dictionary	ar
أمير	dictionary	ar
أى	pending	ar
اخرى	pending	ar
اعرف	dictionary	ar
الرأي	dictionary	ar
الشيطان	dictionary	ar
الصفحة	dictionary	ar
العيش	dictionary	ar
تملك	dictionary	ar
جدة	dictionary	ar
حقيقي	dictionary	ar
خطأ	dictionary	ar
ذاك	dictionary	ar
شريك	dictionary	ar
شك	dictionary	ar
غريب	dictionary	ar
قلبي	dictionary	ar
متابعة	dictionary	ar
هنالك	dictionary	ar
واضحة	dictionary	ar
يجد	dictionary	ar
يدخل	dictionary	ar
أقوى	dictionary	ar
إذن	dictionary	ar
الداخل	dictionary	ar
الصحيح	dictionary	ar
المواطن	dictionary	ar
الموقف	dictionary	ar
اول	pending	ar
بينهما	dictionary	ar
جاءت	dictionary	ar
طبيعي	dictionary	ar
عم	dictionary	ar
عندك	dictionary	ar
قيام	dictionary	ar
كشف	dictionary	ar
نعرف	dictionary	ar
ها	dictionary	ar
يشعر	dictionary	ar
الاثنين	dictionary	ar
الحر	dictionary	ar
العدل	dictionary	ar
العقل	dictionary	ar
العيد	dictionary	ar
الفقر	dictionary	ar
الكل	dictionary	ar
ثقافة	dictionary	ar
ديفيد	dictionary	ar
سقوط	dictionary	ar
شعور	dictionary	ar
عرفت	dictionary	ar
عز	dictionary	ar
فيهم	dictionary	ar
وهل	dictionary	ar
يكتب	dictionary	ar
يكونوا	dictionary	ar
آن	dictionary	ar
أقرب	dictionary	ar
الأهلي	dictionary	ar
الجنة	dictionary	ar
الشام	dictionary	ar
العفو	dictionary	ar
اليه	pending	ar
موسيقى	dictionary	ar
بلاستيك	dictionary	ar
أحيانا	dictionary	ar
المتحدة	dictionary	ar
المدينة	dictionary	ar
الولايات	dictionary	ar
استخدام	dictionary	ar
الحكومة	dictionary	ar
العائلات	dictionary	ar
المنطقة	dictionary	ar
العربية	dictionary	ar
المناطق	dictionary	ar
الأطفال	dictionary	ar
الوطنية	dictionary	ar
الثانية	dictionary	ar
الاتحاد	dictionary	ar
الجديدة	dictionary	ar
القانون	dictionary	ar
الرئيسية	dictionary	ar
المجتمع	dictionary	ar
الأعمال	dictionary	ar
العالمية	dictionary	ar
الإنسان	dictionary	ar
المملكة	dictionary	ar
الدولية	dictionary	ar
وبالتالي	dictionary	ar
المجموع	dictionary	ar
القديمة	dictionary	ar
التعليم	dictionary	ar
الرئيسي	dictionary	ar
القاطنين	dictionary	ar
السياسية	dictionary	ar
الأراضي	dictionary	ar
المحلية	dictionary	ar
الأشخاص	dictionary	ar
الدراسات	dictionary	ar
الغربية	dictionary	ar
التاريخ	dictionary	ar
المختلفة	dictionary	ar
العسكرية	dictionary	ar
الخلايا	dictionary	ar
العشرين	dictionary	ar
العملية	dictionary	ar
الحالات	dictionary	ar
الأساسية	dictionary	ar
الأخيرة	dictionary	ar
المجموعة	dictionary	ar
الخارجية	dictionary	ar
الأحيان	dictionary	ar
الفرنسية	dictionary	ar
المدرسة	dictionary	ar
الموجودة	dictionary	ar
الأمريكي	dictionary	ar
البيانات	dictionary	ar
الشمالية	dictionary	ar
المدارس	dictionary	ar
البحرية	dictionary	ar
التجارية	dictionary	ar
الصغيرة	dictionary	ar
ألمانيا	dictionary	ar
الداخلية	dictionary	ar
إسرائيل	dictionary	ar
الإنترنت	dictionary	ar
الطبيعية	dictionary	ar
الحديثة	dictionary	ar
السابقة	dictionary	ar
الشرقية	dictionary	ar
الجزيرة	dictionary	ar
الشركات	dictionary	ar
النهاية	dictionary	ar
الجامعة	dictionary	ar
المستوى	dictionary	ar
مجموعات	dictionary	ar
الحرارة	dictionary	ar
المحكمة	dictionary	ar
الخامسة	dictionary	ar
الدينية	dictionary	ar
الشخصية	dictionary	ar
العالمي	dictionary	ar
البداية	dictionary	ar
المتعلقة	dictionary	ar
الكبيرة	dictionary	ar
الكنيسة	dictionary	ar
الجنسية	dictionary	ar
الميلاد	dictionary	ar
الملكية	dictionary	ar
الجنوبية	dictionary	ar
الجمعية	dictionary	ar
العلاقات	dictionary	ar
السنوات	dictionary	ar
الأنواع	dictionary	ar
البلدان	dictionary	ar
الوزراء	dictionary	ar
الإنتاج	dictionary	ar
المرحلة	dictionary	ar
العمليات	dictionary	ar
المنظمة	dictionary	ar
الطريقة	dictionary	ar
المسلمين	dictionary	ar
الأفراد	dictionary	ar
البرنامج	dictionary	ar
الرعاية	dictionary	ar
العلمية	dictionary	ar
السياسي	dictionary	ar
العلماء	dictionary	ar
الأحداث	dictionary	ar
الحكومية	dictionary	ar
الثالثة	dictionary	ar
المشروع	dictionary	ar
الأوروبي	dictionary	ar
الإدارة	dictionary	ar
الإعلام	dictionary	ar
الآخرين	dictionary	ar
الثامنة	dictionary	ar
الشعبية	dictionary	ar
البشرية	dictionary	ar
الدراسة	dictionary	ar
السياسة	dictionary	ar
السيطرة	dictionary	ar
الرواية	dictionary	ar
المالية	dictionary	ar
المصرية	dictionary	ar
المعروف	dictionary	ar
بريطانيا	dictionary	ar
الإصابة	dictionary	ar
الفرنسي	dictionary	ar
الموسيقى	dictionary	ar
نيويورك	dictionary	ar
الإسلام	dictionary	ar
المسيحية	dictionary	ar
الثقافة	dictionary	ar
السلطات	dictionary	ar
الأعضاء	dictionary	ar
التابعة	dictionary	ar
الخدمات	dictionary	ar
البرلمان	dictionary	ar
الاقتصاد	dictionary	ar
الثانوية	dictionary	ar
القائمة	dictionary	ar
الأساسي	dictionary	ar
الثلاثة	dictionary	ar
الأسلحة	dictionary	ar
الأصلية	dictionary	ar
الطبيعي	dictionary	ar
التجارة	dictionary	ar
الإسلامي	dictionary	ar
الرسمية	dictionary	ar
العاصمة	dictionary	ar
العناصر	dictionary	ar
المعروفة	dictionary	ar
الأفلام	dictionary	ar
أفريقيا	dictionary	ar
معلومات	dictionary	ar
الدكتور	dictionary	ar
النهائي	dictionary	ar
جمهورية	dictionary	ar
مستويات	dictionary	ar
السعودية	dictionary	ar
المركزية	dictionary	ar
الألعاب	dictionary	ar
الثقافية	dictionary	ar
المدنية	dictionary	ar
البطولة	dictionary	ar
المباراة	dictionary	ar
المثليين	dictionary	ar
اليابان	dictionary	ar
التالية	dictionary	ar
المشاركة	dictionary	ar
المجاورة	dictionary	ar
الأمراض	dictionary	ar
الزراعة	dictionary	ar
الصناعية	dictionary	ar
العسكري	dictionary	ar
العوامل	dictionary	ar
المعرفة	dictionary	ar
الولاية	dictionary	ar
الشخصيات	dictionary	ar
الألماني	dictionary	ar
المؤسسات	dictionary	ar
الطائرة	dictionary	ar
المرتبة	dictionary	ar
الإشارة	dictionary	ar
الرياضية	dictionary	ar
الشمالي	dictionary	ar
المنظمات	dictionary	ar
العالية	dictionary	ar
البرامج	dictionary	ar
السيارات	dictionary	ar
الطائرات	dictionary	ar
إمكانية	dictionary	ar
الأغنية	dictionary	ar
العائلة	dictionary	ar
الوحيدة	dictionary	ar
التصويت	dictionary	ar
المحيطة	dictionary	ar
المسلسل	dictionary	ar
النظرية	dictionary	ar
التصميم	dictionary	ar
النهائية	dictionary	ar
النتائج	dictionary	ar
الإطلاق	dictionary	ar
الاتصال	dictionary	ar
الدقيقة	dictionary	ar
الغذائية	dictionary	ar
المساعدة	dictionary	ar
المعيشية	dictionary	ar
السلسلة	dictionary	ar
المعركة	dictionary	ar
الناحية	dictionary	ar
ومساحتها	dictionary	ar
الأسنان	dictionary	ar
التواصل	dictionary	ar
الحالية	dictionary	ar
المرتبطة	dictionary	ar
القيادة	dictionary	ar
المؤتمر	dictionary	ar
المتوسط	dictionary	ar
النباتات	dictionary	ar
أستراليا	dictionary	ar
إبراهيم	dictionary	ar
الطبيعة	dictionary	ar
الكتابة	dictionary	ar
الكائنات	dictionary	ar
النووية	dictionary	ar
الدستور	dictionary	ar
الروسية	dictionary	ar
العلاقة	dictionary	ar
الإحصاء	dictionary	ar
المعارضة	dictionary	ar
التمييز	dictionary	ar
الموارد	dictionary	ar
القضايا	dictionary	ar
المسلحة	dictionary	ar
التأثير	dictionary	ar
الصينية	dictionary	ar
المنتجات	dictionary	ar
إسبانيا	dictionary	ar
القوانين	dictionary	ar
القاعدة	dictionary	ar
التعامل	dictionary	ar
التعاون	dictionary	ar
الطيران	dictionary	ar
الأعراض	dictionary	ar
التدريب	dictionary	ar
الكربون	dictionary	ar
المصطلح	dictionary	ar
التركيز	dictionary	ar
كيلومتر	dictionary	ar
إيطاليا	dictionary	ar
الأماكن	dictionary	ar
المحتمل	dictionary	ar
المقاومة	dictionary	ar
الهندية	dictionary	ar
الأبحاث	dictionary	ar
الأنظمة	dictionary	ar
الاحتلال	dictionary	ar
البيئية	dictionary	ar
الجنوبي	dictionary	ar
الحيوية	dictionary	ar
المشتركة	dictionary	ar
المواقع	dictionary	ar
الحقيقة	dictionary	ar
الحقيقي	dictionary	ar
الولادة	dictionary	ar
استخدمت	dictionary	ar
الزراعية	dictionary	ar
المستخدم	dictionary	ar
التنمية	dictionary	ar
الأشياء	dictionary	ar
اللازمة	dictionary	ar
المصادر	dictionary	ar
السورية	dictionary	ar
الأربعة	dictionary	ar
الرابعة	dictionary	ar
المتوقع	dictionary	ar
المستقبل	dictionary	ar
الأجهزة	dictionary	ar
السفينة	dictionary	ar
المشاكل	dictionary	ar
انتخابات	dictionary	ar
الأصليين	dictionary	ar
الأدوية	dictionary	ar
الأولية	dictionary	ar
الضرائب	dictionary	ar
اليهودية	dictionary	ar
التعبير	dictionary	ar
الحديدية	dictionary	ar
الخارجي	dictionary	ar
الذاتية	dictionary	ar
القاهرة	dictionary	ar
القبائل	dictionary	ar
الهندسة	dictionary	ar
الأموال	dictionary	ar
التجارب	dictionary	ar
التوالي	dictionary	ar
الصحافة	dictionary	ar
العصبية	dictionary	ar
المؤسسة	dictionary	ar
اتفاقية	dictionary	ar
الأحياء	dictionary	ar
القصيرة	dictionary	ar
المباني	dictionary	ar
الواقعة	dictionary	ar
التقنية	dictionary	ar
الثقافي	dictionary	ar
الداخلي	dictionary	ar
البلدية	dictionary	ar
السلطان	dictionary	ar
الفيديو	dictionary	ar
المساواة	dictionary	ar
إنجلترا	dictionary	ar
الأسماك	dictionary	ar
الألبوم	pending	ar
الأنشطة	dictionary	ar
الأهداف	dictionary	ar
المركبات	dictionary	ar
المصابين	dictionary	ar
الألمان	dictionary	ar
اليومية	dictionary	ar
الاهتمام	dictionary	ar
التصوير	dictionary	ar
الحماية	dictionary	ar
الكلمات	dictionary	ar
المستشفى	dictionary	ar
النموذج	dictionary	ar
باعتباره	dictionary	ar
إيجابية	dictionary	ar
التقليدي	dictionary	ar
التنفيذي	dictionary	ar
الذاكرة	dictionary	ar
المركزي	dictionary	ar
إحصاءات	dictionary	ar
الإعلان	dictionary	ar
الفردية	dictionary	ar
باستثناء	dictionary	ar
التمثيل	dictionary	ar
المهنية	dictionary	ar
الأجنبية	dictionary	ar
الأطباء	dictionary	ar
الفلسفة	dictionary	ar
متلازمة	dictionary	ar
أمريكية	dictionary	ar
الاعتراف	dictionary	ar
البيضاء	dictionary	ar
العاملين	dictionary	ar
الموضوع	dictionary	ar
الأدبية	dictionary	ar
المباشر	dictionary	ar
المعايير	dictionary	ar
النفسية	dictionary	ar
الإجمالي	dictionary	ar
التجربة	dictionary	ar
التحرير	dictionary	ar
مباريات	dictionary	ar
الأسواق	dictionary	ar
الجمهور	dictionary	ar
المبكرة	dictionary	ar
الأفكار	dictionary	ar
الأهلية	dictionary	ar
الجزائر	dictionary	ar
الجماعات	dictionary	ar
الجنرال	dictionary	ar
الكاملة	dictionary	ar
المحافظة	dictionary	ar
المركبة	dictionary	ar
الشيوعي	dictionary	ar
التجاري	dictionary	ar
السوداء	dictionary	ar
السوفيتي	dictionary	ar
العاملة	dictionary	ar
اللاحقة	dictionary	ar
استخدامه	dictionary	ar
الأشجار	dictionary	ar
الأصوات	dictionary	ar
التربية	dictionary	ar
الجامعات	dictionary	ar
السيارة	dictionary	ar
السينما	dictionary	ar
المشترك	dictionary	ar
استمرار	dictionary	ar
التشغيل	dictionary	ar
المدنيين	dictionary	ar
المنتخب	dictionary	ar
النتيجة	dictionary	ar
الأغاني	dictionary	ar
الأمطار	dictionary	ar
التقارير	dictionary	ar
الجريمة	dictionary	ar
السودان	dictionary	ar
الأثرية	dictionary	ar
الاجتماع	dictionary	ar
السياسات	dictionary	ar
الأنسجة	dictionary	ar
التحقيق	dictionary	ar
الدراسية	dictionary	ar
البحرين	dictionary	ar
التركية	dictionary	ar
الحقيقية	dictionary	ar
السادسة	dictionary	ar
العقلية	dictionary	ar
الغابات	dictionary	ar
القانوني	dictionary	ar
الناتجة	dictionary	ar
الاختبار	dictionary	ar
التفاعل	dictionary	ar
الصناعة	dictionary	ar
المتبقية	dictionary	ar
الوظائف	dictionary	ar
الانتقال	dictionary	ar
التطوير	dictionary	ar
المخاطر	dictionary	ar
المضادة	dictionary	ar
المنازل	dictionary	ar
الأسباب	dictionary	ar
القراءة	dictionary	ar
القومية	dictionary	ar
الموظفين	dictionary	ar
إجراءات	dictionary	ar
الأجانب	dictionary	ar
الأجزاء	dictionary	ar
الإيطالي	dictionary	ar
الاتجاه	dictionary	ar
الباحثين	dictionary	ar
التحتية	dictionary	ar
التفكير	dictionary	ar
الشمسية	dictionary	ar
الطويلة	dictionary	ar
الكهرباء	dictionary	ar
اجتماعية	dictionary	ar
استعادة	dictionary	ar
الانتهاء	dictionary	ar
التغذية	dictionary	ar
التنفيذ	dictionary	ar
الجينات	pending	ar
الدموية	dictionary	ar
الرسالة	dictionary	ar
الروماني	dictionary	ar
المائية	dictionary	ar
الممارسة	dictionary	ar
استبدال	dictionary	ar
الأحزاب	dictionary	ar
الأطراف	dictionary	ar
الاعتبار	dictionary	ar
التاريخي	dictionary	ar
التحالف	dictionary	ar
التدريس	dictionary	ar
العراقي	dictionary	ar
الفضائية	dictionary	ar
اللاعبين	dictionary	ar
المشكلة	dictionary	ar
الموجود	dictionary	ar
استقلال	dictionary	ar
التنظيم	dictionary	ar
الجماعة	dictionary	ar
العراقية	dictionary	ar
الفيروس	dictionary	ar
المسرحية	dictionary	ar
المقاطعة	dictionary	ar
قانونية	dictionary	ar
الإصلاح	dictionary	ar
التخطيط	dictionary	ar
التقرير	dictionary	ar
العرقية	dictionary	ar
القواعد	dictionary	ar
المجالات	dictionary	ar
المكتبة	dictionary	ar
الموافقة	dictionary	ar
الوفيات	dictionary	ar
الأجسام	dictionary	ar
الأوراق	dictionary	ar
الصناعات	dictionary	ar
المناسب	dictionary	ar
الأدوات	dictionary	ar
الأشكال	dictionary	ar
الأمثلة	dictionary	ar
الإدارية	dictionary	ar
الإصدار	dictionary	ar
الإمارات	dictionary	ar
الحضرية	dictionary	ar
الحكومات	dictionary	ar
الخصائص	dictionary	ar
الرسائل	dictionary	ar
المقدمة	dictionary	ar
المكسيك	dictionary	ar
الهجمات	dictionary	ar
الياباني	dictionary	ar
الباحثون	dictionary	ar
التصنيف	dictionary	ar
الجائزة	dictionary	ar
الحمراء	dictionary	ar
الريفية	dictionary	ar
الفتيات	dictionary	ar
القليلة	dictionary	ar
المستمر	dictionary	ar
المقدسة	dictionary	ar
إفريقيا	dictionary	ar
الأبعاد	dictionary	ar
التعريف	dictionary	ar
السرطان	dictionary	ar
الضحايا	dictionary	ar
العدالة	dictionary	ar
الفنانين	dictionary	ar
المنخفضة	dictionary	ar
الأرضية	dictionary	ar
الاعتماد	dictionary	ar
الرابطة	dictionary	ar
العضوية	dictionary	ar
القرارات	dictionary	ar
المتعددة	dictionary	ar
المعادن	dictionary	ar
التكلفة	dictionary	ar
الجنسين	dictionary	ar
الشهيرة	dictionary	ar
القادمة	dictionary	ar
المشاريع	dictionary	ar
المعالجة	dictionary	ar
الوحدات	dictionary	ar
أكاديمية	dictionary	ar
اختبارات	dictionary	ar
الحيوان	dictionary	ar
العملاء	dictionary	ar
المفتوحة	dictionary	ar
الملابس	dictionary	ar
تاريخية	dictionary	ar
مساحتها	dictionary	ar
استعمال	dictionary	ar
الإعدام	dictionary	ar
الجماعية	dictionary	ar
الخلفية	dictionary	ar
السلبية	dictionary	ar
القريبة	dictionary	ar
المعدنية	dictionary	ar
النسائية	dictionary	ar
استجابة	dictionary	ar
الانتشار	dictionary	ar
التغيير	dictionary	ar
التوازن	dictionary	ar
السكاني	dictionary	ar
الغذائي	dictionary	ar
الفرعية	dictionary	ar
المحتملة	dictionary	ar
باكستان	dictionary	ar
ريتشارد	dictionary	ar
البروتين	dictionary	ar
الحرارية	dictionary	ar
العثماني	dictionary	ar
المحددة	dictionary	ar
المذكورة	dictionary	ar
المستقلة	dictionary	ar
الأسبوع	dictionary	ar
التقنيات	dictionary	ar
الجراحة	dictionary	ar
الحربية	dictionary	ar
الرياضي	dictionary	ar
الطوارئ	dictionary	ar
العضلات	dictionary	ar
اللاجئين	dictionary	ar
المناسبة	dictionary	ar
مسؤولية	dictionary	ar
التحليل	dictionary	ar
الرومان	dictionary	ar
السابعة	dictionary	ar
السريعة	dictionary	ar
الصحراء	dictionary	ar
الصوتية	dictionary	ar
العلامة	dictionary	ar
الكنائس	dictionary	ar
الكونغرس	dictionary	ar
المتحركة	dictionary	ar
المحاكم	dictionary	ar
المراحل	dictionary	ar
تطبيقات	dictionary	ar
متطلبات	dictionary	ar
محاولات	dictionary	ar
احتمالية	dictionary	ar
الجوائز	dictionary	ar
القضائية	dictionary	ar
المسيحي	dictionary	ar
المنافسة	dictionary	ar
الواحدة	dictionary	ar
الأخبار	dictionary	ar
البرازيل	dictionary	ar
التأمين	dictionary	ar
الجوانب	dictionary	ar
الحلفاء	dictionary	ar
الدائرة	dictionary	ar
الذهبية	dictionary	ar
القابلة	dictionary	ar
المسؤول	dictionary	ar
المفترض	dictionary	ar
أيرلندا	dictionary	ar
الجامعي	dictionary	ar
الحضارة	dictionary	ar
الرقمية	dictionary	ar
استهلاك	dictionary	ar
الاحتفاظ	dictionary	ar
العادية	dictionary	ar
القياسي	dictionary	ar
المراقبة	dictionary	ar
المسافة	dictionary	ar
المطلوب	dictionary	ar
المعدات	dictionary	ar
الأرقام	dictionary	ar
الأكسجين	dictionary	ar
الألوان	dictionary	ar
الأمنية	dictionary	ar
الاتفاق	dictionary	ar
البلدين	dictionary	ar
الحديقة	dictionary	ar
الصناعي	dictionary	ar
القاضية	dictionary	ar
الماضية	dictionary	ar
المتاحة	dictionary	ar
المثلية	dictionary	ar
المراكز	dictionary	ar
المساحة	dictionary	ar
المصريين	dictionary	ar
المطلوبة	dictionary	ar
المعاصرة	dictionary	ar
الأسلوب	dictionary	ar
التغيرات	dictionary	ar
الحاسوب	dictionary	ar
الكندية	dictionary	ar
المتوسطة	dictionary	ar
المحتوى	dictionary	ar
المحليين	dictionary	ar
المعماري	dictionary	ar
النسوية	dictionary	ar
والدتها	dictionary	ar
الأهمية	dictionary	ar
الإسباني	dictionary	ar
البارزة	dictionary	ar
التقاليد	dictionary	ar
الثقافات	dictionary	ar
الحراري	dictionary	ar
الحكومي	dictionary	ar
السريرية	dictionary	ar
الشائعة	dictionary	ar
المعارك	dictionary	ar
المناعة	dictionary	ar
اليونان	dictionary	ar
بأكملها	dictionary	ar
التمويل	dictionary	ar
الجمهوري	dictionary	ar
الحركات	dictionary	ar
الشريعة	dictionary	ar
الظاهرة	dictionary	ar
القياسية	dictionary	ar
الميلادي	dictionary	ar
اضطرابات	dictionary	ar
الأردنية	dictionary	ar
الإبلاغ	dictionary	ar
التعداد	dictionary	ar
الخبراء	dictionary	ar
الخيرية	dictionary	ar
الشديدة	dictionary	ar
الشرعية	dictionary	ar
الشعرية	dictionary	ar
الطبقات	dictionary	ar
الطرفين	dictionary	ar
العلامات	dictionary	ar
المنزلية	dictionary	ar
المهارات	dictionary	ar
الموسيقي	dictionary	ar
النفايات	dictionary	ar
النماذج	dictionary	ar
موسيقية	dictionary	ar
أذربيجان	dictionary	ar
اقتصادية	dictionary	ar
الإذاعة	dictionary	ar
الاختلاف	dictionary	ar
الرحلات	dictionary	ar
الرياضة	dictionary	ar
الصحفيين	dictionary	ar
المباشرة	dictionary	ar
النقدية	dictionary	ar
أعمالها	dictionary	ar
الإسبان	dictionary	ar
الإقليمي	dictionary	ar
الترتيب	dictionary	ar
التكاليف	dictionary	ar
الجامعية	dictionary	ar
الجانبية	dictionary	ar
الروايات	dictionary	ar
المادية	dictionary	ar
المكونات	dictionary	ar
الأسماء	dictionary	ar
الأوائل	dictionary	ar
الإقليم	dictionary	ar
الاختيار	dictionary	ar
الاقتراع	dictionary	ar
البحيرة	dictionary	ar
البضائع	dictionary	ar
الترجمة	dictionary	ar
الجميلة	dictionary	ar
الشيوعية	dictionary	ar
القرنين	dictionary	ar
المتقدمة	dictionary	ar
المرافق	dictionary	ar
المعالم	dictionary	ar
المكونة	dictionary	ar
المهندس	dictionary	ar
تاريخها	dictionary	ar
إسماعيل	dictionary	ar
الأسطول	dictionary	ar
الإرهاب	dictionary	ar
الإيمان	dictionary	ar
التوزيع	dictionary	ar
الجرائم	dictionary	ar
الزاوية	dictionary	ar
السنوية	dictionary	ar
الضروري	dictionary	ar
العاشرة	dictionary	ar
العنوان	dictionary	ar
الفعلية	dictionary	ar
القنوات	dictionary	ar
المؤرخين	dictionary	ar
المحاصيل	dictionary	ar
المقالات	dictionary	ar
المميزة	dictionary	ar
الأستاذ	dictionary	ar
الأمامية	dictionary	ar
الانتباه	dictionary	ar
الحلقات	dictionary	ar
الدوائر	dictionary	ar
السلامة	dictionary	ar
الكورية	dictionary	ar
المسائل	dictionary	ar
المهرجان	dictionary	ar
أعمارهم	dictionary	ar
الأدوار	dictionary	ar
الأطلسي	dictionary	ar
الإجهاض	dictionary	ar
التشخيص	dictionary	ar
التصنيع	dictionary	ar
الجزيئات	dictionary	ar
الحاكمة	dictionary	ar
الشوارع	dictionary	ar
الصواريخ	dictionary	ar
المرتفعة	dictionary	ar
الهياكل	dictionary	ar
تأثيرات	dictionary	ar
يعتقدون	dictionary	ar
اسكتلندا	pending	ar
الأحكام	dictionary	ar
الأعصاب	dictionary	ar
الألياف	dictionary	ar
الاعتقاد	dictionary	ar
التسجيل	dictionary	ar
الثنائي	dictionary	ar
الرئاسية	dictionary	ar
الساحلية	dictionary	ar
السياحية	dictionary	ar
الصادرة	dictionary	ar
الفرسان	dictionary	ar
اللوحات	dictionary	ar
المخدرات	dictionary	ar
المدفعية	dictionary	ar
المفهوم	dictionary	ar
الوظيفي	dictionary	ar
متتالية	dictionary	ar
الأساليب	dictionary	ar
الأمامي	dictionary	ar
الإصابات	dictionary	ar
الانفجار	dictionary	ar
السعودي	dictionary	ar
السياحة	dictionary	ar
ذاكرة	dictionary	ar
ردة	dictionary	ar
ريو	pending	ar
زوجي	dictionary	ar
سألت	dictionary	ar
سمح	dictionary	ar
سمير	dictionary	ar
شرب	dictionary	ar
شهداء	dictionary	ar
شين	dictionary	ar
صادق	dictionary	ar
صدام	dictionary	ar
عائشة	dictionary	ar
عددهم	dictionary	ar
كارلوس	dictionary	ar
كافي	dictionary	ar
ماجد	dictionary	ar
معدلات	dictionary	ar
مغلقة	dictionary	ar
موقعنا	dictionary	ar
ننتظر	dictionary	ar
واحده	dictionary	ar
وايت	pending	ar
وصفت	dictionary	ar
وكيل	dictionary	ar
يعنى	dictionary	ar
يقضي	dictionary	ar
أسهل	dictionary	ar
أصعب	dictionary	ar
أعيش	dictionary	ar
أملك	dictionary	ar
أنشطة	dictionary	ar
أيدي	dictionary	ar
إرهابية	dictionary	ar
إنني	dictionary	ar
الآلي	dictionary	ar
الأدنى	dictionary	ar
الأشهر	dictionary	ar
الاشياء	pending	ar
التحول	dictionary	ar
الحربي	dictionary	ar
العالمين	dictionary	ar
العميد	dictionary	ar
القوم	dictionary	ar
اللجوء	dictionary	ar
الليبي	dictionary	ar
المعنى	dictionary	ar
المقابلة	dictionary	ar
المقرر	dictionary	ar
النقاش	dictionary	ar
انتقلت	dictionary	ar
انطلاق	dictionary	ar
اه	pending	ar
بطاقات	dictionary	ar
تبعد	dictionary	ar
تثبت	dictionary	ar
تجنب	dictionary	ar
تصدق	dictionary	ar
تصرف	dictionary	ar
تصنع	dictionary	ar
تضمن	dictionary	ar
تميز	dictionary	ar
جميعها	dictionary	ar
جنسيا	dictionary	ar
جواز	dictionary	ar
جوية	dictionary	ar
حامل	dictionary	ar
خبرة	dictionary	ar
خبير	dictionary	ar
راشد	dictionary	ar
رام	dictionary	ar
ساعد	dictionary	ar
سرطان	dictionary	ar
سكوت	dictionary	ar
سمع	dictionary	ar
سياسيا	dictionary	ar
شاعر	dictionary	ar
طلال	dictionary	ar
عقدت	dictionary	ar
عمران	dictionary	ar
فعالية	dictionary	ar
فينا	dictionary	ar
قادرا	dictionary	ar
قتلت	dictionary	ar
قيم	dictionary	ar
لسان	dictionary	ar
لطيف	dictionary	ar
مبروك	dictionary	ar
مثلك	dictionary	ar
مغربية	dictionary	ar
نسخ	dictionary	ar
نوبل	dictionary	ar
وضعها	dictionary	ar
يتجاوز	dictionary	ar
يجوز	dictionary	ar
يحق	dictionary	ar
يحقق	dictionary	ar
يواجه	dictionary	ar
يومنا	dictionary	ar
أتذكر	dictionary	ar
أقسم	dictionary	ar
أمره	dictionary	ar
احدى	pending	ar
اريد	pending	ar
اسمع	dictionary	ar
الأزهر	dictionary	ar
الأمني	dictionary	ar
الأنباء	dictionary	ar
الايام	pending	ar
البشرة	dictionary	ar
البعد	dictionary	ar
التحديات	dictionary	ar
التحكيم	dictionary	ar
الجلوس	dictionary	ar
الجواب	dictionary	ar
الحريق	dictionary	ar
الحية	dictionary	ar
الرائد	dictionary	ar
الرحمة	dictionary	ar
الساعات	dictionary	ar
الشعراء	dictionary	ar
الصلة	dictionary	ar
العادي	dictionary	ar
الفائدة	dictionary	ar
الفائز	dictionary	ar
القلوب	dictionary	ar
المحرك	dictionary	ar
الويب	dictionary	ar
انهيار	dictionary	ar
بيته	dictionary	ar
تدعو	dictionary	ar
تركز	dictionary	ar
جذب	dictionary	ar
جوزيف	dictionary	ar
حكاية	dictionary	ar
خوفا	dictionary	ar
داخلي	dictionary	ar
دانيال	dictionary	ar
راحة	dictionary	ar
روس	dictionary	ar
رياض	dictionary	ar
ساعتين	dictionary	ar
سقطت	dictionary	ar
سيحدث	dictionary	ar
شأن	dictionary	ar
شؤون	dictionary	ar
شدة	dictionary	ar
شقة	dictionary	ar
صدق	dictionary	ar
ضروري	dictionary	ar
طاقم	dictionary	ar
عقل	dictionary	ar
عميق	dictionary	ar
غالبية	dictionary	ar
فضاء	dictionary	ar
قرارا	dictionary	ar
قويا	dictionary	ar
كثرة	dictionary	ar
كذا	dictionary	ar
كليا	dictionary	ar
متعلقة	dictionary	ar
محاكمة	dictionary	ar
معاوية	dictionary	ar
مقدار	dictionary	ar
ملفات	dictionary	ar
ممتاز	dictionary	ar
موضع	dictionary	ar
هائلة	dictionary	ar
وطن	dictionary	ar
يديك	dictionary	ar
يصنع	dictionary	ar
أبحاث	dictionary	ar
أطباء	dictionary	ar
أفكر	dictionary	ar
أنهما	dictionary	ar
إدخال	dictionary	ar
ابحث	dictionary	ar
اتخذ	dictionary	ar
استغلال	dictionary	ar
استقبال	dictionary	ar
الأسفل	dictionary	ar
الاسلامية	pending	ar
الالكتروني	pending	ar
الالكترونية	pending	ar
البر	dictionary	ar
التصرف	dictionary	ar
الجودة	dictionary	ar
الحكيم	dictionary	ar
الروابط	dictionary	ar
الريف	dictionary	ar
السويد	dictionary	ar
الصحيحة	dictionary	ar
الضرر	dictionary	ar
الطلاق	dictionary	ar
القذافي	dictionary	ar
القطار	dictionary	ar
الكحول	dictionary	ar
الملايين	dictionary	ar
الملف	dictionary	ar
الهامة	dictionary	ar
الولد	dictionary	ar
الوليد	dictionary	ar
الوهاب	dictionary	ar
تأخر	dictionary	ar
تتوقع	dictionary	ar
تردد	dictionary	ar
تسقط	dictionary	ar
تصريحات	dictionary	ar
توحيد	dictionary	ar
جل	dictionary	ar
جوانب	dictionary	ar
جونز	pending	ar
حدة	dictionary	ar
حظا	dictionary	ar
حفلة	dictionary	ar
حققت	dictionary	ar
دائمة	dictionary	ar
ردود	dictionary	ar
رموز	dictionary	ar
سجلت	dictionary	ar
سرا	dictionary	ar
سمحت	dictionary	ar
سنه	dictionary	ar
سياسات	dictionary	ar
شرط	dictionary	ar
شهرا	dictionary	ar
صغار	dictionary	ar
طريقها	dictionary	ar
علاء	dictionary	ar
عنصر	dictionary	ar
غرف	dictionary	ar
فلسطيني	dictionary	ar
قرى	dictionary	ar
ليفربول	dictionary	ar
مستقل	dictionary	ar
مصير	dictionary	ar
مقاعد	dictionary	ar
ملكية	dictionary	ar
ميشيل	dictionary	ar
نادر	dictionary	ar
نجيب	dictionary	ar
هدفا	dictionary	ar
وضعه	dictionary	ar
يتوقع	dictionary	ar
يحضر	dictionary	ar
يسقط	dictionary	ar
يشعرون	dictionary	ar
يمكنني	dictionary	ar
ينتمي	dictionary	ar
يوضح	dictionary	ar
آلية	dictionary	ar
آنا	dictionary	ar
أقيم	dictionary	ar
إثبات	dictionary	ar
اعمل	dictionary	ar
الآباء	dictionary	ar
الآخرون	dictionary	ar
الأبطال	dictionary	ar
الأفريقي	dictionary	ar
الامن	pending	ar
التدخين	dictionary	ar
الجدران	dictionary	ar
الجزر	dictionary	ar
الحروف	dictionary	ar
الحليب	dictionary	ar
الذكية	dictionary	ar
الشرعي	dictionary	ar
الصرف	dictionary	ar
العشر	dictionary	ar
العظيمة	dictionary	ar
الغالب	dictionary	ar
الفتاح	dictionary	ar
الفشل	dictionary	ar
القطري	dictionary	ar
الكلاب	dictionary	ar
الم	dictionary	ar
المائة	dictionary	ar
المجلة	dictionary	ar
الملائكة	dictionary	ar
النسبة	dictionary	ar
انفجار	dictionary	ar
بأكمله	dictionary	ar
بصفة	dictionary	ar
تعلمت	dictionary	ar
حرم	dictionary	ar
حسابه	dictionary	ar
حولك	dictionary	ar
خوان	dictionary	ar
دان	dictionary	ar
دستور	dictionary	ar
رؤساء	dictionary	ar
رابطة	dictionary	ar
راي	pending	ar
سحر	dictionary	ar
سراح	dictionary	ar
سرعان	dictionary	ar
سويسرا	dictionary	ar
صفر	dictionary	ar
ضم	dictionary	ar
عقوبة	dictionary	ar
عماد	dictionary	ar
غطاء	dictionary	ar
كده	dictionary	ar
مؤلم	dictionary	ar
مخيم	dictionary	ar
مدني	dictionary	ar
مدنية	dictionary	ar
مرارا	dictionary	ar
مسعود	dictionary	ar
مسقط	dictionary	ar
مقدم	dictionary	ar
هاري	dictionary	ar
والدة	dictionary	ar
واي	pending	ar
وجهها	dictionary	ar
وجوده	dictionary	ar
ياسين	dictionary	ar
يثير	dictionary	ar
يرفع	dictionary	ar
يعادل	dictionary	ar
يونايتد	pending	ar
أخبر	dictionary	ar
أهله	dictionary	ar
أوسع	dictionary	ar
أينما	dictionary	ar
اتصالات	dictionary	ar
اصبحت	pending	ar
الأنبياء	dictionary	ar
الإتحاد	pending	ar
الباحث	dictionary	ar
البسيطة	dictionary	ar
التحقق	dictionary	ar
الجهد	dictionary	ar
الخبرة	dictionary	ar
الخلف	dictionary	ar
الرغبة	dictionary	ar
الزمالك	pending	ar
السمك	dictionary	ar
العروض	dictionary	ar
القوي	dictionary	ar
اللطيف	dictionary	ar
المحافظ	dictionary	ar
النصوص	dictionary	ar
بشرية	dictionary	ar
بعضنا	dictionary	ar
بقايا	dictionary	ar
بقلم	dictionary	ar
تؤمن	dictionary	ar
تبني	dictionary	ar
تتجاوز	dictionary	ar
تجديد	dictionary	ar
تخفيض	dictionary	ar
تدرك	dictionary	ar
ترامب	pending	ar
ترفع	dictionary	ar
تستهدف	dictionary	ar
تعز	dictionary	ar
توفيق	dictionary	ar
تولي	dictionary	ar
ثلاثين	dictionary	ar
جثة	dictionary	ar
جدد	dictionary	ar
جعفر	dictionary	ar
جماعات	dictionary	ar
حمزة	dictionary	ar
خطورة	dictionary	ar
دع	dictionary	ar
راديو	dictionary	ar
ستيفن	dictionary	ar
شكر	dictionary	ar
شهيد	dictionary	ar
صحفية	dictionary	ar
ضبط	dictionary	ar
ضخم	dictionary	ar
ضعيفة	dictionary	ar
طه	dictionary	ar
طيار	dictionary	ar
عرضه	dictionary	ar
عينيك	dictionary	ar
فعال	dictionary	ar
فيلا	dictionary	ar
قنبلة	dictionary	ar
كذب	dictionary	ar
مبادئ	dictionary	ar
متخصصة	dictionary	ar
معدات	dictionary	ar
مفاتيح	dictionary	ar
نداء	dictionary	ar
وجوه	dictionary	ar
وصلنا	dictionary	ar
يتحول	dictionary	ar
يجعلك	dictionary	ar
يحل	dictionary	ar
يرفض	dictionary	ar
يظن	dictionary	ar
يعيد	dictionary	ar
يفضل	dictionary	ar
يقود	dictionary	ar
أبا	dictionary	ar
أحلام	dictionary	ar
أساليب	dictionary	ar
أعقاب	dictionary	ar
أعيد	dictionary	ar
أقوم	dictionary	ar
أنباء	dictionary	ar
أون	dictionary	ar
اخي	pending	ar
اقتصاد	dictionary	ar
الأهم	dictionary	ar
البديل	dictionary	ar
الجماعي	dictionary	ar
الدعاء	dictionary	ar
الراهن	dictionary	ar
السجون	dictionary	ar
الظهور	dictionary	ar
الغناء	dictionary	ar
اللحظات	dictionary	ar
المعنية	dictionary	ar
النسخ	dictionary	ar
الهادي	dictionary	ar
انقلاب	dictionary	ar
انواع	pending	ar
بدورها	dictionary	ar
بريد	dictionary	ar
تاج	dictionary	ar
تام	dictionary	ar
تحدد	dictionary	ar
تربية	dictionary	ar
ترتدي	dictionary	ar
تعيد	dictionary	ar
تغطي	dictionary	ar
توافق	dictionary	ar
توضيح	dictionary	ar
جامع	dictionary	ar
جدي	dictionary	ar
حتما	dictionary	ar
حقه	dictionary	ar
خلفي	dictionary	ar
خيرا	dictionary	ar
داعي	dictionary	ar
رأيك	dictionary	ar
رائد	dictionary	ar
ربنا	dictionary	ar
ربي	dictionary	ar
رخصة	dictionary	ar
سد	dictionary	ar
سقط	dictionary	ar
سلبية	dictionary	ar
صديقة	dictionary	ar
صوره	dictionary	ar
ضيق	dictionary	ar
طلبات	dictionary	ar
فازت	dictionary	ar
فرانسيس	dictionary	ar
فعالة	dictionary	ar
فكرت	dictionary	ar
فلسطينية	dictionary	ar
قبيل	dictionary	ar
كارثة	dictionary	ar
كاميرا	dictionary	ar
كتبها	dictionary	ar
كمان	dictionary	ar
لائحة	dictionary	ar
لبناني	dictionary	ar
مخاطر	dictionary	ar
مدونة	dictionary	ar
مشاهد	dictionary	ar
مي	dictionary	ar
نادرة	dictionary	ar
نبيل	dictionary	ar
نسب	dictionary	ar
نصب	dictionary	ar
نفسية	dictionary	ar
ننسى	dictionary	ar
ورشة	dictionary	ar
وشك	dictionary	ar
وهى	dictionary	ar
يجلس	dictionary	ar
يسبق	dictionary	ar
أقيمت	dictionary	ar
أنزل	dictionary	ar
إنسانية	dictionary	ar
ابتداء	dictionary	ar
ابني	dictionary	ar
اثناء	pending	ar
احتلال	dictionary	ar
الأربع	dictionary	ar
الأصول	dictionary	ar
الأميرة	dictionary	ar
الاستماع	dictionary	ar
التنفس	dictionary	ar
الحشرات	dictionary	ar
الرقص	dictionary	ar
السائق	dictionary	ar
السكنية	dictionary	ar
العقيد	dictionary	ar
الغني	dictionary	ar
الفراغ	dictionary	ar
الفرح	dictionary	ar
القادر	dictionary	ar
اللقب	dictionary	ar
المؤمن	dictionary	ar
المالكي	dictionary	ar
المتخصصة	dictionary	ar
المحاكمة	dictionary	ar
المعارض	dictionary	ar
الموعد	dictionary	ar
انتقال	dictionary	ar
بيتي	dictionary	ar
تبكي	dictionary	ar
تتحول	dictionary	ar
ترجع	dictionary	ar
تعاون	dictionary	ar
تعلق	dictionary	ar
تفجير	dictionary	ar
تمنح	dictionary	ar
جيم	dictionary	ar
حذف	dictionary	ar
حيدر	dictionary	ar
ستقوم	dictionary	ar
شمالي	dictionary	ar
صاحبة	dictionary	ar
صارت	dictionary	ar
صاروخ	dictionary	ar
ضحية	dictionary	ar
ضيف	dictionary	ar
فريدة	dictionary	ar
فساد	dictionary	ar
قاتل	dictionary	ar
قاسم	dictionary	ar
كاف	dictionary	ar
كتلة	dictionary	ar
كسب	dictionary	ar
مدخل	dictionary	ar
معارضة	dictionary	ar
ملتقى	dictionary	ar
مهندس	dictionary	ar
نتمنى	dictionary	ar
نصيب	dictionary	ar
نصيحة	dictionary	ar
نعمة	dictionary	ar
نقدم	dictionary	ar
وفى	dictionary	ar
يدعون	dictionary	ar
يدعي	dictionary	ar
يستطع	dictionary	ar
يشهد	dictionary	ar
يصف	dictionary	ar
يفعله	dictionary	ar
أردوغان	pending	ar
أسامة	dictionary	ar
أكمل	dictionary	ar
أمان	dictionary	ar
إف	pending	ar
اخذ	pending	ar
اطفال	pending	ar
الأحلام	dictionary	ar
الإبداع	dictionary	ar
الانضمام	dictionary	ar
التوقيع	dictionary	ar
الحبوب	dictionary	ar
الحرام	dictionary	ar
الحشد	dictionary	ar
الخصوص	dictionary	ar
السابقين	dictionary	ar
الستة	dictionary	ar
السود	dictionary	ar
الشجرة	dictionary	ar
الشحن	dictionary	ar
الصفقة	dictionary	ar
الضابط	dictionary	ar
الطيبة	dictionary	ar
الفئات	dictionary	ar
الفم	dictionary	ar
القصف	dictionary	ar
اللحم	dictionary	ar
اللسان	dictionary	ar
اللوحة	dictionary	ar
المبادئ	dictionary	ar
المخطط	dictionary	ar
المدعي	dictionary	ar
المريخ	dictionary	ar
النجاة	dictionary	ar
اليمنى	dictionary	ar
اليومي	dictionary	ar
بحجة	dictionary	ar
تكرار	dictionary	ar
تمثيل	dictionary	ar
تنتشر	dictionary	ar
توني	dictionary	ar
تيد	dictionary	ar
جعله	dictionary	ar
جوي	dictionary	ar
حامد	dictionary	ar
دو	dictionary	ar
ذكريات	dictionary	ar
ستجد	dictionary	ar
سلطات	dictionary	ar
شامل	dictionary	ar
شر	dictionary	ar
صديقه	dictionary	ar
صمت	dictionary	ar
صواريخ	dictionary	ar
صوته	dictionary	ar
عال	dictionary	ar
عرضها	dictionary	ar
عمرك	dictionary	ar
غيرهم	dictionary	ar
فتيات	dictionary	ar
فرنسي	dictionary	ar
كلاهما	dictionary	ar
لاحظ	dictionary	ar
محاربة	dictionary	ar
مسرحية	dictionary	ar
مسمى	dictionary	ar
مصالح	dictionary	ar
مصلحة	dictionary	ar
مكانة	dictionary	ar
مواليد	dictionary	ar
ميلان	dictionary	ar
نشرها	dictionary	ar
نقابة	dictionary	ar
نوعها	dictionary	ar
نوعية	dictionary	ar
هيل	dictionary	ar
وقتك	dictionary	ar
وين	dictionary	ar
يرون	dictionary	ar
يضرب	dictionary	ar
أتوقع	dictionary	ar
أثبت	dictionary	ar
أحزاب	dictionary	ar
أدرك	dictionary	ar
أشارت	dictionary	ar
أعداء	dictionary	ar
أعلاه	dictionary	ar
أف	dictionary	ar
أنجلوس	pending	ar
أهلها	dictionary	ar
أوامر	dictionary	ar
إدوارد	dictionary	ar
إعلامية	dictionary	ar
إلخ	dictionary	ar
اسطنبول	pending	ar
اعترف	dictionary	ar
اعتماد	dictionary	ar
الأثر	dictionary	ar
الأخ	dictionary	ar
الأرز	dictionary	ar
الأكل	dictionary	ar
الأولي	dictionary	ar
الإله	dictionary	ar
الامام	pending	ar
البرد	dictionary	ar
التخلي	dictionary	ar
التطورات	dictionary	ar
الثوار	dictionary	ar
الحجاب	dictionary	ar
الحجاج	dictionary	ar
الحكمة	dictionary	ar
الخشب	dictionary	ar
الخلافة	dictionary	ar
الذكاء	dictionary	ar
الرعب	dictionary	ar
الزهور	dictionary	ar
الشبكات	dictionary	ar
الشوط	dictionary	ar
الصومال	dictionary	ar
الضخمة	dictionary	ar
القاتل	dictionary	ar
المشي	dictionary	ar
المفتوح	dictionary	ar
المفضل	dictionary	ar
المقطع	dictionary	ar
الممثل	dictionary	ar
الورق	dictionary	ar
انطلقت	dictionary	ar
براون	pending	ar
بيري	pending	ar
تتعامل	dictionary	ar
تزداد	dictionary	ar
تسببت	dictionary	ar
تشكيلة	dictionary	ar
تفيد	dictionary	ar
تقتل	dictionary	ar
تلقت	dictionary	ar
توضح	dictionary	ar
ثقافية	dictionary	ar
جمعت	dictionary	ar
حبي	dictionary	ar
حسني	dictionary	ar
خاصا	dictionary	ar
خالية	dictionary	ar
ديل	dictionary	ar
زمان	dictionary	ar
سام	dictionary	ar
سنغافورة	dictionary	ar
سوبر	pending	ar
سيدنا	dictionary	ar
سيقوم	dictionary	ar
شاركوا	dictionary	ar
شىء	pending	ar
صياغة	dictionary	ar
طفلة	dictionary	ar
ظلت	dictionary	ar
عرضا	dictionary	ar
عمه	dictionary	ar
عينه	dictionary	ar
غرار	dictionary	ar
فيس	dictionary	ar
كتابا	dictionary	ar
كميات	dictionary	ar
ماتت	dictionary	ar
مايك	dictionary	ar
مثلها	dictionary	ar
مجهول	dictionary	ar
مصاب	dictionary	ar
معقدة	dictionary	ar
مفيد	dictionary	ar
مقالة	dictionary	ar
ملامح	dictionary	ar
ممنوع	dictionary	ar
نارية	dictionary	ar
نورا	dictionary	ar
نيجيريا	dictionary	ar
واصل	dictionary	ar
وافقت	dictionary	ar
والي	dictionary	ar
وقتا	dictionary	ar
ويب	dictionary	ar
يتيح	dictionary	ar
يصدر	dictionary	ar
يقوله	dictionary	ar
يقيم	dictionary	ar
أختي	dictionary	ar
أخطاء	dictionary	ar
أر	dictionary	ar
أسمع	dictionary	ar
أشبه	dictionary	ar
إحياء	dictionary	ar
اجتماعي	dictionary	ar
اس	pending	ar
استهداف	dictionary	ar
اشياء	pending	ar
اقتراح	dictionary	ar
الأديان	dictionary	ar
الاحترام	dictionary	ar
البنت	dictionary	ar
الجدل	dictionary	ar
الجندي	dictionary	ar
الجهاد	dictionary	ar
الحلول	dictionary	ar
الحميد	dictionary	ar
الحوادث	dictionary	ar
الدراجات	dictionary	ar
الذرة	dictionary	ar
السبع	dictionary	ar
الشافعي	dictionary	ar
الشهادة	dictionary	ar
الصعبة	dictionary	ar
الطفولة	dictionary	ar
العقود	dictionary	ar
العمالة	dictionary	ar
القديس	dictionary	ar
القصير	dictionary	ar
الكرسي	dictionary	ar
المشاهد	dictionary	ar
المقالة	dictionary	ar
الممثلة	dictionary	ar
الناصر	dictionary	ar
الهدوء	dictionary	ar
انني	pending	ar
بإمكانك	dictionary	ar
تجاري	dictionary	ar
تحذير	dictionary	ar
تحظى	dictionary	ar
تحية	dictionary	ar
تسلم	dictionary	ar
تشهد	dictionary	ar
تظل	dictionary	ar
تعامل	dictionary	ar
تكاليف	dictionary	ar
تنقل	dictionary	ar
تواجد	dictionary	ar
حمراء	dictionary	ar
رشيد	dictionary	ar
روي	dictionary	ar
رويترز	pending	ar
رياضية	dictionary	ar
ساحل	dictionary	ar
صديقتي	dictionary	ar
طالبا	dictionary	ar
عدت	dictionary	ar
عدنان	dictionary	ar
عراقي	dictionary	ar
عصام	dictionary	ar
عملك	dictionary	ar
عمي	dictionary	ar
غني	dictionary	ar
فون	dictionary	ar
قادرين	dictionary	ar
قبر	dictionary	ar
كاتبة	dictionary	ar
لايف	pending	ar
لعل	dictionary	ar
ماك	pending	ar
ماكس	dictionary	ar
متأكد	dictionary	ar
متاحة	dictionary	ar
محور	dictionary	ar
مشابهة	dictionary	ar
معارك	dictionary	ar
مفيدة	dictionary	ar
مهارات	dictionary	ar
نشره	dictionary	ar
وثائق	dictionary	ar
وصفه	dictionary	ar
ولكننا	dictionary	ar
ويل	dictionary	ar
يدك	dictionary	ar
يديه	dictionary	ar
يمارس	dictionary	ar
أخيه	dictionary	ar
أطراف	dictionary	ar
أكره	dictionary	ar
اتخذت	dictionary	ar
الآخرة	dictionary	ar
الأخطاء	dictionary	ar
الأرواح	dictionary	ar
الأندية	dictionary	ar
الاعتداء	dictionary	ar
البطولات	dictionary	ar
البكاء	dictionary	ar
التسويق	dictionary	ar
التعذيب	dictionary	ar
التهديد	dictionary	ar
الجانبين	dictionary	ar
الجوال	dictionary	ar
الحجة	dictionary	ar
الخريطة	dictionary	ar
الدائم	dictionary	ar
الرئيسة	dictionary	ar
الزوجة	dictionary	ar
السعيد	dictionary	ar
السوبر	pending	ar
الشامل	dictionary	ar
العدوان	dictionary	ar
الفرص	dictionary	ar
القلعة	dictionary	ar
الكردية	dictionary	ar
المرشحين	dictionary	ar
المصالح	dictionary	ar
المعاصر	dictionary	ar
المفاتيح	dictionary	ar
المقصود	dictionary	ar
المليون	dictionary	ar
الهروب	dictionary	ar
الوصف	dictionary	ar
انتخاب	dictionary	ar
انتشرت	dictionary	ar
برفقة	dictionary	ar
بعثة	dictionary	ar
بيك	pending	ar
تدعي	dictionary	ar
تدل	dictionary	ar
ترفض	dictionary	ar
تستطع	dictionary	ar
تشجيع	dictionary	ar
تقام	dictionary	ar
تقليل	dictionary	ar
تنتمي	dictionary	ar
تنشر	dictionary	ar
ثابتة	dictionary	ar
جنرال	dictionary	ar
جنيف	dictionary	ar
حدا	dictionary	ar
حسام	dictionary	ar
حكمه	dictionary	ar
دعاء	dictionary	ar
دقيق	dictionary	ar
دماء	dictionary	ar
دى	pending	ar
رائعا	dictionary	ar
رحلات	dictionary	ar
روسي	dictionary	ar
سأل	dictionary	ar
ضده	dictionary	ar
طوكيو	dictionary	ar
عار	dictionary	ar
عملنا	dictionary	ar
عوض	dictionary	ar
فضيحة	dictionary	ar
فنان	dictionary	ar
فوائد	dictionary	ar
قاسية	dictionary	ar
قتال	dictionary	ar
قرن	dictionary	ar
مؤمن	dictionary	ar
مختلفا	dictionary	ar
مخصصة	dictionary	ar
مصورة	dictionary	ar
مضمون	dictionary	ar
معاناة	dictionary	ar
مكاتب	dictionary	ar
منفصلة	dictionary	ar
ناجحة	dictionary	ar
نحب	dictionary	ar
نماذج	dictionary	ar
نواب	dictionary	ar
هلال	dictionary	ar
والدته	dictionary	ar
وجهات	dictionary	ar
وحيدا	dictionary	ar
وردت	dictionary	ar
ولادة	dictionary	ar
يأكل	dictionary	ar
يتحدثون	dictionary	ar
يرتدي	dictionary	ar
يزداد	dictionary	ar
أبلغ	dictionary	ar
أبيه	dictionary	ar
أحبه	dictionary	ar
أصدق	dictionary	ar
ألقي	dictionary	ar
ألوان	dictionary	ar
أنثى	dictionary	ar
إذاعة	dictionary	ar
إسقاط	dictionary	ar
ابناء	pending	ar
احبك	dictionary	ar
ارتداء	dictionary	ar
الإداري	dictionary	ar
البرتغال	dictionary	ar
البصرة	dictionary	ar
البيع	dictionary	ar
البيوت	dictionary	ar
التحدي	dictionary	ar
الخليفة	dictionary	ar
الراديو	dictionary	ar
الزرقاء	dictionary	ar
الزفاف	dictionary	ar
الست	dictionary	ar
السجناء	dictionary	ar
الشجاعة	dictionary	ar
الشريفين	dictionary	ar
الطفلة	dictionary	ar
الظاهر	dictionary	ar
العبيد	dictionary	ar
الفرس	dictionary	ar
القارئ	dictionary	ar
الكافي	dictionary	ar
المبارك	dictionary	ar
المرات	dictionary	ar
المسؤولة	dictionary	ar
المستشار	dictionary	ar
المغاربة	dictionary	ar
اليهودي	dictionary	ar
تتحرك	dictionary	ar
تجاهل	dictionary	ar
تسيطر	dictionary	ar
توسيع	dictionary	ar
ثانوية	dictionary	ar
جاكسون	dictionary	ar
جلسات	dictionary	ar
جميعهم	dictionary	ar
حصار	dictionary	ar
حلا	dictionary	ar
خطرا	dictionary	ar
دعوى	dictionary	ar
روسية	dictionary	ar
زر	dictionary	ar
سفارة	dictionary	ar
سميث	dictionary	ar
سيادة	dictionary	ar
شيكاغو	dictionary	ar
عبدالرحمن	pending	ar
عثر	dictionary	ar
عقلك	dictionary	ar
عقلي	dictionary	ar
عمار	dictionary	ar
عمق	dictionary	ar
فنزويلا	dictionary	ar
فين	dictionary	ar
قدرها	dictionary	ar
كرسي	dictionary	ar
كريس	dictionary	ar
لبنانية	dictionary	ar
مالا	dictionary	ar
مان	dictionary	ar
مبالغ	dictionary	ar
مبكرا	dictionary	ar
متحركة	dictionary	ar
مترو	dictionary	ar
محدود	dictionary	ar
مرتبط	dictionary	ar
مركبة	dictionary	ar
مرمى	dictionary	ar
مروان	dictionary	ar
مقبول	dictionary	ar
ممتازة	dictionary	ar
نبدأ	dictionary	ar
نقله	dictionary	ar
نمت	dictionary	ar
نملك	dictionary	ar
هولندا	dictionary	ar
يتناول	dictionary	ar
يتواجد	dictionary	ar
يدرس	dictionary	ar
يطالب	dictionary	ar
يظل	dictionary	ar
يفسر	dictionary	ar
ينجح	dictionary	ar
يولد	dictionary	ar
أسرار	dictionary	ar
أغاني	dictionary	ar
ألقى	dictionary	ar
إجابة	dictionary	ar
إجازة	dictionary	ar
إدلب	dictionary	ar
إمام	dictionary	ar
إيراني	dictionary	ar
احتاج	dictionary	ar
احنا	pending	ar
ارض	dictionary	ar
اسبوع	pending	ar
اشترك	dictionary	ar
الأزياء	dictionary	ar
الإقامة	dictionary	ar
الاشتراك	dictionary	ar
الاقل	pending	ar
التوحيد	dictionary	ar
التوصل	dictionary	ar
التوقيت	dictionary	ar
الجد	dictionary	ar
الجمعيات	dictionary	ar
الجوع	dictionary	ar
الخصوصية	dictionary	ar
الدخان	dictionary	ar
الريح	dictionary	ar
السفلي	dictionary	ar
العناية	dictionary	ar
الغابة	dictionary	ar
اللحوم	dictionary	ar
المتعة	dictionary	ar
المحمولة	dictionary	ar
المصرى	pending	ar
المهام	dictionary	ar
المهني	dictionary	ar
الورقة	dictionary	ar
الأمريكية	dictionary	ar
المعلومات	dictionary	ar
الاجتماعية	dictionary	ar
الاجتماعي	dictionary	ar
الإسلامية	dictionary	ar
البريطانية	dictionary	ar
الألمانية	dictionary	ar
الانتخابات	dictionary	ar
الاقتصادية	dictionary	ar
الحيوانات	dictionary	ar
الأوروبية	dictionary	ar
الإنجليزية	dictionary	ar
البريطاني	dictionary	ar
التقليدية	dictionary	ar
الاقتصادي	dictionary	ar
الإمبراطورية	dictionary	ar
التاريخية	dictionary	ar
المستخدمة	dictionary	ar
الجمهورية	dictionary	ar
المجموعات	dictionary	ar
القانونية	dictionary	ar
الكيميائية	dictionary	ar
الاستخدام	dictionary	ar
الإنسانية	dictionary	ar
الاستقلال	dictionary	ar
المجتمعات	dictionary	ar
الرومانية	dictionary	ar
استخدامها	dictionary	ar
الموسيقية	dictionary	ar
الأكاديمية	dictionary	ar
الإسبانية	dictionary	ar
الإسرائيلي	dictionary	ar
الديمقراطية	dictionary	ar
المواطنين	dictionary	ar
المسيحيين	dictionary	ar
الاحترافية	dictionary	ar
الإسرائيلية	dictionary	ar
اليابانية	dictionary	ar
الفلسطينية	dictionary	ar
باعتبارها	dictionary	ar
الإجراءات	dictionary	ar
الإمبراطور	dictionary	ar
الاتصالات	dictionary	ar
الكهربائية	dictionary	ar
الأمريكيين	dictionary	ar
الديمقراطي	dictionary	ar
اليونانية	dictionary	ar
الإقليمية	dictionary	ar
الإيطالية	dictionary	ar
التكنولوجيا	dictionary	ar
الإلكترونية	dictionary	ar
التعليمية	dictionary	ar
الإلكتروني	dictionary	ar
الاختلافات	dictionary	ar
التلفزيون	dictionary	ar
اللاتينية	dictionary	ar
الاضطرابات	dictionary	ar
الفيدرالية	dictionary	ar
الكمبيوتر	dictionary	ar
العثمانية	dictionary	ar
الكاثوليكية	dictionary	ar
كاليفورنيا	dictionary	ar
التنفيذية	dictionary	ar
الرياضيات	dictionary	ar
الكلاسيكية	dictionary	ar
المهاجرين	dictionary	ar
التغييرات	dictionary	ar
اللبنانية	dictionary	ar
الإنجليزي	dictionary	ar
الاختبارات	dictionary	ar
الدكتوراه	dictionary	ar
الإيرانية	dictionary	ar
البريطانيين	dictionary	ar
المتمردين	dictionary	ar
الاستقرار	dictionary	ar
السوفيتية	dictionary	ar
المشاركين	dictionary	ar
الاشتراكية	dictionary	ar
الاستخبارات	dictionary	ar
المقاطعات	dictionary	ar
الأفريقية	dictionary	ar
المسؤولين	dictionary	ar
المستويات	dictionary	ar
الاستجابة	dictionary	ar
البكتيريا	dictionary	ar
التشريعية	dictionary	ar
الاتحادية	dictionary	ar
الاحتجاجات	dictionary	ar
الابتدائية	dictionary	ar
الفلسطيني	dictionary	ar
السياسيين	dictionary	ar
المخابرات	dictionary	ar
الكهربائي	dictionary	ar
المغناطيسي	dictionary	ar
الممارسات	dictionary	ar
المستخدمين	dictionary	ar
الاتفاقية	dictionary	ar
الانتخابية	dictionary	ar
الفرنسيين	dictionary	ar
المستعمرات	dictionary	ar
تكنولوجيا	dictionary	ar
البروتينات	dictionary	ar
الأولمبية	dictionary	ar
البكالوريوس	dictionary	ar
التلفزيونية	dictionary	ar
الأخلاقية	dictionary	ar
الاستعمارية	dictionary	ar
التطبيقات	dictionary	ar
السبعينيات	dictionary	ar
المستشفيات	dictionary	ar
الستينيات	dictionary	ar
المعمارية	dictionary	ar
الاستثمار	dictionary	ar
الكاثوليك	dictionary	ar
الاستيلاء	dictionary	ar
التأثيرات	dictionary	ar
المسؤولية	dictionary	ar
الدستورية	dictionary	ar
الاستفادة	dictionary	ar
التجريبية	dictionary	ar
الفلسطينيين	dictionary	ar
الأسترالية	dictionary	ar
المتظاهرين	dictionary	ar
المساعدات	dictionary	ar
التلفزيوني	dictionary	ar
السينمائي	dictionary	ar
الهولندية	dictionary	ar
الاستراتيجية	dictionary	ar
الاستعمار	dictionary	ar
الاشتراكي	dictionary	ar
البرلمانية	dictionary	ar
الجزائرية	dictionary	ar
المفاوضات	dictionary	ar
البولندية	dictionary	ar
الكيميائي	dictionary	ar
الجغرافية	dictionary	ar
الإجمالية	dictionary	ar
الفيدرالي	dictionary	ar
البيولوجية	dictionary	ar
المباريات	dictionary	ar
المحافظين	dictionary	ar
استراتيجية	dictionary	ar
الأسترالي	dictionary	ar
المتغيرات	dictionary	ar
الفيزيائية	dictionary	ar
المؤتمرات	dictionary	ar
المصطلحات	dictionary	ar
الإعلامية	dictionary	ar
التقديرات	dictionary	ar
الفيروسات	dictionary	ar
الليبرالي	dictionary	ar
الممتلكات	dictionary	ar
إندونيسيا	dictionary	ar
الأوروبيين	dictionary	ar
التفاعلات	dictionary	ar
التنظيمية	dictionary	ar
الدبلوماسية	dictionary	ar
الماجستير	dictionary	ar
الميزانية	dictionary	ar
النمساوية	dictionary	ar
الإسكندرية	dictionary	ar
التحقيقات	dictionary	ar
السوفييتي	dictionary	ar
المستقبلية	dictionary	ar
المستوطنات	dictionary	ar
الأميركية	dictionary	ar
الإيجابية	dictionary	ar
الإيرادات	dictionary	ar
الثمانينات	dictionary	ar
فرانسيسكو	pending	ar
التعديلات	dictionary	ar
السوفياتي	dictionary	ar
العثمانيين	dictionary	ar
المناسبات	dictionary	ar
المهندسين	dictionary	ar
البريطانيون	dictionary	ar
الثمانينيات	dictionary	ar
المسابقات	dictionary	ar
المنشورات	dictionary	ar
الأرثوذكسية	dictionary	ar
الأرجنتين	dictionary	ar
الإصلاحات	dictionary	ar
الإنتاجية	dictionary	ar
الاستهلاك	dictionary	ar
العسكريين	dictionary	ar
القسطنطينية	dictionary	ar
المسؤولون	dictionary	ar
الموضوعات	dictionary	ar
الميكانيكية	dictionary	ar
نيوزيلندا	dictionary	ar
الاتجاهات	dictionary	ar
الانبعاثات	dictionary	ar
التشريعات	dictionary	ar
المحاولات	dictionary	ar
الهيدروجين	dictionary	ar
الأكاديمي	dictionary	ar
الإستراتيجية	dictionary	ar
الإعلانات	dictionary	ar
الاستشارية	dictionary	ar
البيولوجي	dictionary	ar
التناسلية	dictionary	ar
اليابانيين	dictionary	ar
تلفزيونية	dictionary	ar
ثمانينيات	dictionary	ar
أفغانستان	dictionary	ar
إمبراطورية	dictionary	ar
البرتغالية	dictionary	ar
السينمائية	dictionary	ar
الليبرالية	dictionary	ar
الإصدارات	dictionary	ar
الباكستانية	dictionary	ar
السيناريو	dictionary	ar
المتلازمة	dictionary	ar
المسافرين	dictionary	ar
المقاتلين	dictionary	ar
الملاحظات	dictionary	ar
ثلاثينيات	dictionary	ar
ماساتشوستس	pending	ar
الانتقادات	dictionary	ar
الرأسمالية	dictionary	ar
الصهيونية	dictionary	ar
الفرنسيون	dictionary	ar
المخطوطات	dictionary	ar
الأمريكيون	dictionary	ar
الابتدائي	dictionary	ar
الاستئناف	dictionary	ar
الافتراضية	dictionary	ar
الانتفاضة	dictionary	ar
الحيوانية	dictionary	ar
الكلاسيكي	dictionary	ar
المتطوعين	dictionary	ar
المرتفعات	dictionary	ar
المستدامة	dictionary	ar
المسلسلات	dictionary	ar
المظاهرات	dictionary	ar
الميدالية	dictionary	ar
الاحتياجات	dictionary	ar
الاستراتيجي	dictionary	ar
الاستوائية	dictionary	ar
الاكتشافات	dictionary	ar
التسعينيات	dictionary	ar
الجيولوجية	dictionary	ar
المتزايدة	dictionary	ar
المتكاملة	dictionary	ar
المناقشات	dictionary	ar
الهندوسية	dictionary	ar
مايكروسوفت	dictionary	ar
الأميركيين	dictionary	ar
الإمبراطوري	dictionary	ar
البرمجيات	dictionary	ar
الكومنولث	dictionary	ar
المتطلبات	dictionary	ar
المحاربين	dictionary	ar
المستعمرة	dictionary	ar
المعاصرين	dictionary	ar
بنسلفانيا	dictionary	ar
إلكترونية	dictionary	ar
الأمريكتين	pending	ar
التكنولوجية	dictionary	ar
الميليشيات	pending	ar
دبلوماسية	dictionary	ar
كاتدرائية	dictionary	ar
كيلومترات	dictionary	ar
الأيرلندية	dictionary	ar
الإبداعية	dictionary	ar
الإلكترونات	dictionary	ar
الاستوديو	dictionary	ar
الانتقالية	dictionary	ar
البرتغالي	dictionary	ar
البركانية	dictionary	ar
البيزنطية	dictionary	ar
التسعينات	dictionary	ar
التعاونية	dictionary	ar
التفسيرات	dictionary	ar
الخمسينيات	dictionary	ar
السبعينات	dictionary	ar
المزارعين	dictionary	ar
المكسيكية	dictionary	ar
ديمقراطية	dictionary	ar
الأرستقراطية	dictionary	ar
الإلكترون	dictionary	ar
الإنكليزية	dictionary	ar
الاحتياطي	dictionary	ar
الاستعماري	dictionary	ar
الاستفتاء	dictionary	ar
الاستمرار	dictionary	ar
الاشتباكات	dictionary	ar
الاصطناعي	dictionary	ar
البروتستانت	dictionary	ar
الخمسينات	dictionary	ar
الرومانسية	dictionary	ar
السرطانية	dictionary	ar
السلوكيات	dictionary	ar
السودانية	dictionary	ar
السوفياتية	dictionary	ar
العشرينات	pending	ar
الكالسيوم	pending	ar
المحافظات	dictionary	ar
المستثمرين	dictionary	ar
المستقبلي	dictionary	ar
المستهدفة	dictionary	ar
المسيحيون	dictionary	ar
المشروبات	dictionary	ar
المعارضين	dictionary	ar
المعتقدات	dictionary	ar
المنحدرات	dictionary	ar
إستراتيجية	dictionary	ar
الإمدادات	dictionary	ar
الاستحواذ	dictionary	ar
الباكستاني	dictionary	ar
التنافسية	dictionary	ar
العثمانيون	dictionary	ar
العراقيين	dictionary	ar
المتحدثين	dictionary	ar
المتمردون	dictionary	ar
المستوطنين	dictionary	ar
اليونانيين	dictionary	ar
بكالوريوس	dictionary	ar
فيلادلفيا	dictionary	ar
الأوكرانية	dictionary	ar
التهديدات	dictionary	ar
الرئيسيين	dictionary	ar
المسرحيات	dictionary	ar
المعاملات	dictionary	ar
المعماريين	dictionary	ar
الموجودين	dictionary	ar
اليورانيوم	dictionary	ar
الإحصائية	dictionary	ar
الإسكتلندي	dictionary	ar
الاتحادات	dictionary	ar
الاجتماعات	dictionary	ar
الاستعمال	dictionary	ar
التدريبية	dictionary	ar
الجمهوريات	dictionary	ar
العقلانية	dictionary	ar
الفيضانات	dictionary	ar
الكاثوليكي	dictionary	ar
اللاسلكية	dictionary	ar
المتواجدة	dictionary	ar
المحاضرات	dictionary	ar
المحترفين	dictionary	ar
المخلوقات	dictionary	ar
المرجانية	dictionary	ar
المستوردة	dictionary	ar
المشاهدين	dictionary	ar
المشروعات	dictionary	ar
النيتروجين	dictionary	ar
يوغوسلافيا	dictionary	ar
استراتيجيات	dictionary	ar
الأيرلندي	dictionary	ar
الإعدادية	dictionary	ar
الإيرانيين	dictionary	ar
الاحتفالات	dictionary	ar
الاستطلاع	dictionary	ar
الاستعانة	dictionary	ar
الاصطناعية	dictionary	ar
البوتاسيوم	dictionary	ar
التأسيسية	dictionary	ar
التطبيقية	dictionary	ar
التعريفات	dictionary	ar
التوضيحية	dictionary	ar
الثلاثينيات	dictionary	ar
الجمهوريين	dictionary	ar
الدبلوماسي	dictionary	ar
الكوميدية	dictionary	ar
المشاركون	dictionary	ar
المعتقلين	dictionary	ar
المعروفين	dictionary	ar
المواطنون	dictionary	ar
النرويجية	dictionary	ar
استقلالها	dictionary	ar
الأربعينيات	dictionary	ar
الإندونيسية	dictionary	ar
الإنفلونزا	dictionary	ar
الاستشعار	dictionary	ar
الاستغلال	dictionary	ar
الاستقبال	dictionary	ar
الامبراطورية	dictionary	ar
البرازيلية	dictionary	ar
البروفيسور	dictionary	ar
البنكرياس	dictionary	ar
البولنديين	dictionary	ar
التسجيلات	dictionary	ar
التصويرية	dictionary	ar
التعليمات	dictionary	ar
الثلاثينات	dictionary	ar
الجزائريين	dictionary	ar
الدنماركية	dictionary	ar
الشيوعيين	dictionary	ar
الكوميديا	pending	ar
المجتمعية	dictionary	ar
المعاهدات	dictionary	ar
لوكسمبورغ	dictionary	ar
ميكانيكية	dictionary	ar
ويكيبيديا	dictionary	ar
إسرائيلية	dictionary	ar
الأدميرال	dictionary	ar
الأرثوذكس	dictionary	ar
الإثيوبية	dictionary	ar
الإنزيمات	pending	ar
الاستعداد	dictionary	ar
الاستهلاكية	dictionary	ar
الاسكتلندية	pending	ar
الافتراضات	dictionary	ar
الانتخابي	dictionary	ar
الانتقائي	dictionary	ar
البلاستيك	dictionary	ar
الترويجية	dictionary	ar
الديموقراطية	dictionary	ar
الفنلندية	dictionary	ar
المبادرات	dictionary	ar
المتحولين	dictionary	ar
المتظاهرون	dictionary	ar
المحتملين	dictionary	ar
المدافعين	dictionary	ar
المستهلكين	dictionary	ar
اليابانيون	dictionary	ar
أيديولوجية	dictionary	ar
الإخبارية	dictionary	ar
الإرهابية	dictionary	ar
الإسرائيليين	dictionary	ar
الإسلاميين	dictionary	ar
الادعاءات	dictionary	ar
الاستخدامات	dictionary	ar
الاستسلام	dictionary	ar
الافتراضي	dictionary	ar
البرتغاليين	dictionary	ar
البروتستانتية	dictionary	ar
البلجيكية	dictionary	ar
البنفسجية	dictionary	ar
التعليقات	dictionary	ar
التمهيدية	dictionary	ar
التوجيهية	dictionary	ar
الجيولوجي	dictionary	ar
العلمانية	dictionary	ar
الفدرالية	dictionary	ar
المتخصصين	dictionary	ar
المتقدمين	dictionary	ar
المستعمرين	dictionary	ar
المغناطيسية	dictionary	ar
الموضوعية	dictionary	ar
المولودين	dictionary	ar
النموذجية	dictionary	ar
الهرمونات	dictionary	ar
مغناطيسية	dictionary	ar
الإحصاءات	dictionary	ar
الإغريقية	dictionary	ar
الاستقالة	dictionary	ar
الاستيطان	dictionary	ar
البروتوكول	dictionary	ar
البلاستيكية	dictionary	ar
البيروقراطية	dictionary	ar
التحليلات	dictionary	ar
التذكارية	dictionary	ar
الترفيهية	dictionary	ar
الديناصورات	pending	ar
الديناميكي	dictionary	ar
السويسرية	dictionary	ar
الصحراوية	dictionary	ar
الصلاحيات	dictionary	ar
اللمفاوية	dictionary	ar
الماركسية	dictionary	ar
المحادثات	dictionary	ar
المراهقين	dictionary	ar
المستشارين	dictionary	ar
المشتركين	dictionary	ar
المعاصرون	dictionary	ar
المعالجات	dictionary	ar
المهاجمين	dictionary	ar
المهرجانات	dictionary	ar
الميدانية	dictionary	ar
الوثائقية	dictionary	ar
بورتوريكو	dictionary	ar
استخدامات	dictionary	ar
الأذربيجانية	dictionary	ar
الأفغانية	dictionary	ar
الإندونيسي	dictionary	ar
الاستثمارات	dictionary	ar
الاستثناءات	dictionary	ar
الاستشاري	dictionary	ar
الاستكشاف	dictionary	ar
البرجوازية	dictionary	ar
البرلماني	dictionary	ar
البلغارية	dictionary	ar
البيزنطيين	dictionary	ar
الجامعيين	dictionary	ar
الحكوميين	dictionary	ar
الديمقراطيين	dictionary	ar
الروحانية	dictionary	ar
السوفييتية	dictionary	ar
العمرانية	dictionary	ar
الفوتوغرافي	dictionary	ar
الكاميرات	dictionary	ar
المساهمين	dictionary	ar
المقابلات	dictionary	ar
المنافسات	dictionary	ar
المنتخبات	dictionary	ar
الهولنديون	dictionary	ar
بروتوكولات	dictionary	ar
أربعينيات	dictionary	ar
استثنائية	dictionary	ar
الأسبوعية	dictionary	ar
الأمازيغية	dictionary	ar
الأنثروبولوجيا	dictionary	ar
الإلكترونيات	dictionary	ar
الاتهامات	dictionary	ar
الاستثناء	dictionary	ar
الاستقلالية	dictionary	ar
البرونزية	dictionary	ar
البكتيرية	dictionary	ar
التركيبات	dictionary	ar
التشخيصية	dictionary	ar
التصميمات	dictionary	ar
التكنولوجي	dictionary	ar
الدنماركي	dictionary	ar
الديموقراطي	dictionary	ar
الديناميكية	dictionary	ar
الصليبيين	dictionary	ar
الصيدلانية	dictionary	ar
العشوائية	dictionary	ar
الفلبينية	dictionary	ar
الفيزيائي	dictionary	ar
الكاتدرائية	dictionary	ar
الكاردينال	pending	ar
الكونفدرالية	dictionary	ar
الكيماوية	dictionary	ar
المأكولات	dictionary	ar
المتآمرين	dictionary	ar
المتتالية	dictionary	ar
المتزوجات	dictionary	ar
المتعلمين	dictionary	ar
المجوهرات	dictionary	ar
المستندات	dictionary	ar
المعادلات	dictionary	ar
المكالمات	dictionary	ar
المنتخبين	dictionary	ar
المهاجرون	dictionary	ar
الميكانيكي	dictionary	ar
الهولوكوست	dictionary	ar
كاثوليكية	dictionary	ar
أوكلاهوما	pending	ar
احتياطيات	dictionary	ar
استثناءات	dictionary	ar
استكشافية	dictionary	ar
استوديوهات	dictionary	ar
الألمنيوم	dictionary	ar
الأهرامات	pending	ar
الأوكراني	dictionary	ar
الأيديولوجية	dictionary	ar
الإمبراطورة	dictionary	ar
الإمبريالية	dictionary	ar
الإنكليزي	dictionary	ar
الاستئصال	dictionary	ar
الاستغناء	dictionary	ar
الانتهاكات	dictionary	ar
الاهتمامات	dictionary	ar
البحرينية	dictionary	ar
البرازيلي	dictionary	ar
التحسينات	dictionary	ar
التحليلية	dictionary	ar
الجغرافيا	dictionary	ar
الدوبامين	pending	ar
الدولارات	dictionary	ar
الرئيسيات	dictionary	ar
السيراميك	pending	ar
السيروتونين	pending	ar
العصبونات	pending	ar
الفقاريات	dictionary	ar
الكابيتول	dictionary	ar
المتبادلة	dictionary	ar
المتساوية	dictionary	ar
المتسلسلة	dictionary	ar
المتعاقبة	dictionary	ar
المتماثلة	dictionary	ar
المحافظون	dictionary	ar
المختبرات	dictionary	ar
المراقبين	dictionary	ar
المستعملة	dictionary	ar
المعالجين	dictionary	ar
المناورات	dictionary	ar
خوارزميات	dictionary	ar
ديناميكية	dictionary	ar
فرانكفورت	dictionary	ar
موريتانيا	dictionary	ar
استبدالها	dictionary	ar
الأذربيجاني	dictionary	ar
الألبانية	dictionary	ar
الألبومات	pending	ar
الأنسولين	dictionary	ar
الأوركسترا	pending	ar
الأوروبيون	dictionary	ar
الأوكسجين	dictionary	ar
الإرهابيين	dictionary	ar
الإسرائيليون	dictionary	ar
الإمكانيات	dictionary	ar
الإنجازات	dictionary	ar
الاتفاقيات	dictionary	ar
الاستدلال	dictionary	ar
الاستكشافية	dictionary	ar
الافتتاحية	dictionary	ar
الاقتصادات	dictionary	ar
التحويلات	dictionary	ar
الترتيبات	dictionary	ar
التشغيلية	dictionary	ar
التصنيفات	dictionary	ar
التنفيذيين	dictionary	ar
الجيولوجيا	dictionary	ar
الدبلوماسيين	dictionary	ar
الديكتاتورية	dictionary	ar
الروبوتات	dictionary	ar
الرياضيين	dictionary	ar
السعوديين	dictionary	ar
السويديين	dictionary	ar
السيليكون	pending	ar
الشوكولاتة	pending	ar
الفاتيكان	dictionary	ar
الفيتنامية	dictionary	ar
الفيكتوري	dictionary	ar
الكردستاني	dictionary	ar
الكهرومائية	dictionary	ar
اللاسلطوية	pending	ar
الماليزية	dictionary	ar
المجاهدين	dictionary	ar
المدفوعات	dictionary	ar
المزارعون	dictionary	ar
المستخرجة	dictionary	ar
المضاعفات	dictionary	ar
المطبوعات	dictionary	ar
المعيارية	dictionary	ar
المفاعلات	dictionary	ar
الممارسين	dictionary	ar
المواصلات	dictionary	ar
الهيدروجيني	dictionary	ar
اليساريين	dictionary	ar
كاتالونيا	pending	ar
مسؤوليتها	dictionary	ar
استثمارات	dictionary	ar
استخدامهم	dictionary	ar
استقلالية	dictionary	ar
الأخلاقيات	dictionary	ar
الأربعينات	dictionary	ar
الأرثوذكسي	dictionary	ar
الأرجنتيني	dictionary	ar
الأرجواني	dictionary	ar
الأسبانية	dictionary	ar
الأندلسية	dictionary	ar
الأنفلونزا	pending	ar
الإشعاعية	dictionary	ar
الإصلاحية	dictionary	ar
الإفريقية	dictionary	ar
الإقطاعية	dictionary	ar
الإنسولين	pending	ar
الإنمائية	dictionary	ar
الائتمانية	dictionary	ar
الاحتفالية	dictionary	ar
الاحتمالات	dictionary	ar
الاحتياطية	dictionary	ar
الاستراتيجيات	dictionary	ar
الاستشارة	dictionary	ar
الاسكندنافية	dictionary	ar
الاشتراكيين	dictionary	ar
الاعتبارات	dictionary	ar
الاعتقالات	dictionary	ar
الالتهابية	dictionary	ar
الانفجارات	dictionary	ar
البروتونات	dictionary	ar
التدريبات	dictionary	ar
التعبيرات	dictionary	ar
التفجيرات	dictionary	ar
التناقضات	dictionary	ar
التوقيعات	dictionary	ar
الجرمانية	dictionary	ar
الجنائزية	dictionary	ar
الراديكالية	dictionary	ar
الراديوية	dictionary	ar
السرطانات	pending	ar
الشيوعيون	dictionary	ar
العدوانية	dictionary	ar
العشرينيات	dictionary	ar
الفسيفساء	dictionary	ar
الفعاليات	dictionary	ar
الفيروسية	dictionary	ar
رومانسية	dictionary	ar
زد	dictionary	ar
ستيوارت	pending	ar
سرق	dictionary	ar
طاهر	dictionary	ar
طبقات	dictionary	ar
طفلك	dictionary	ar
عاشت	dictionary	ar
عداد	dictionary	ar
عذرا	dictionary	ar
عرش	dictionary	ar
عشية	dictionary	ar
عقله	dictionary	ar
عمود	dictionary	ar
غانم	dictionary	ar
فاس	dictionary	ar
فستان	dictionary	ar
فصائل	dictionary	ar
فلاديمير	pending	ar
قميص	dictionary	ar
كبرت	dictionary	ar
كريستوفر	pending	ar
كهربائية	dictionary	ar
ليالي	dictionary	ar
مؤثرة	dictionary	ar
مازلت	pending	ar
متزايد	dictionary	ar
محركات	dictionary	ar
محلات	dictionary	ar
محمية	dictionary	ar
مسابقات	dictionary	ar
مستعدة	dictionary	ar
مضادة	dictionary	ar
مطالبة	dictionary	ar
مطلقة	dictionary	ar
مفقود	dictionary	ar
مقاتل	dictionary	ar
ممثلي	dictionary	ar
منظم	dictionary	ar
منير	dictionary	ar
ميثاق	dictionary	ar
نرجو	dictionary	ar
نسيان	dictionary	ar
نود	dictionary	ar
هاتفي	dictionary	ar
هادئ	dictionary	ar
وزيرا	dictionary	ar
وقود	dictionary	ar
يتمنى	dictionary	ar
يحوي	dictionary	ar
يدها	dictionary	ar
يدين	dictionary	ar
يرغبون	dictionary	ar
يفرض	dictionary	ar
آليات	dictionary	ar
أبكي	dictionary	ar
أسنان	dictionary	ar
أكرم	dictionary	ar
إحساس	dictionary	ar
إيثان	pending	ar
ابتسامة	dictionary	ar
ابطال	pending	ar
ابنتها	dictionary	ar
احسن	dictionary	ar
اختفاء	dictionary	ar
اختفت	dictionary	ar
ارتكبت	dictionary	ar
اقترب	dictionary	ar
اقتصاديا	dictionary	ar
اقوى	pending	ar
الأبناء	dictionary	ar
الأجرة	dictionary	ar
الأركان	dictionary	ar
الأسابيع	dictionary	ar
الأفق	dictionary	ar
الأنف	dictionary	ar
الإسكان	dictionary	ar
الاردن	pending	ar
الباحة	dictionary	ar
البديلة	dictionary	ar
البقر	dictionary	ar
التقاعد	dictionary	ar
التلاعب	dictionary	ar
التواجد	dictionary	ar
الثورات	dictionary	ar
الجسدية	dictionary	ar
الحواجز	dictionary	ar
الحوت	dictionary	ar
الخسائر	dictionary	ar
الزمنية	dictionary	ar
الزوجية	dictionary	ar
الساخنة	dictionary	ar
السجائر	dictionary	ar
الشاملة	dictionary	ar
الشركاء	dictionary	ar
الشهري	dictionary	ar
الضعيف	dictionary	ar
الضمان	dictionary	ar
الضيق	dictionary	ar
العبارات	dictionary	ar
العديدة	dictionary	ar
العرقي	dictionary	ar
العماني	dictionary	ar
الفطر	dictionary	ar
القصيدة	dictionary	ar
القنصلية	dictionary	ar
اللذان	dictionary	ar
المؤسف	dictionary	ar
المحاسبة	dictionary	ar
المخاوف	dictionary	ar
المسلحين	dictionary	ar
المشاركات	dictionary	ar
المعادلة	dictionary	ar
الملاحظة	dictionary	ar
المنظر	dictionary	ar
الموالية	dictionary	ar
الموجة	dictionary	ar
الموحد	dictionary	ar
الهرب	dictionary	ar
انتهاك	dictionary	ar
انطلاقا	dictionary	ar
بارزة	dictionary	ar
بركات	dictionary	ar
بلس	pending	ar
تتحكم	dictionary	ar
تراث	dictionary	ar
ترقص	dictionary	ar
تزويد	dictionary	ar
تشارلي	pending	ar
تقاطع	dictionary	ar
توقعت	dictionary	ar
جعلته	dictionary	ar
حساسة	dictionary	ar
حصيلة	dictionary	ar
حفظه	dictionary	ar
حيفا	dictionary	ar
حينئذ	dictionary	ar
خالص	dictionary	ar
خصوصية	dictionary	ar
دقيقتين	dictionary	ar
راتب	dictionary	ar
رفقة	dictionary	ar
رمي	dictionary	ar
روز	dictionary	ar
سعى	dictionary	ar
سيؤدي	dictionary	ar
شاشات	dictionary	ar
شرطي	dictionary	ar
شعبه	dictionary	ar
شعورك	dictionary	ar
صادر	dictionary	ar
صدفة	dictionary	ar
صمم	dictionary	ar
عذاب	dictionary	ar
عقاب	dictionary	ar
عقول	dictionary	ar
عواقب	dictionary	ar
غابة	dictionary	ar
غيري	dictionary	ar
فيكتوريا	dictionary	ar
قانونا	dictionary	ar
قنابل	dictionary	ar
كبر	dictionary	ar
كونك	dictionary	ar
لايوجد	pending	ar
لقطات	dictionary	ar
لكنك	dictionary	ar
مارشال	dictionary	ar
مافي	pending	ar
مايا	pending	ar
مشارك	dictionary	ar
مصممة	dictionary	ar
مقبولة	dictionary	ar
مقياس	dictionary	ar
ملء	dictionary	ar
ملائمة	dictionary	ar
ممارسات	dictionary	ar
منتظمة	dictionary	ar
منزلك	dictionary	ar
موجه	dictionary	ar
نابليون	dictionary	ar
نادى	dictionary	ar
ناري	dictionary	ar
نشرته	dictionary	ar
نوبة	dictionary	ar
وجوههم	dictionary	ar
ويلز	dictionary	ar
يتحكم	dictionary	ar
يتراوح	dictionary	ar
يحتاجون	dictionary	ar
يحسن	dictionary	ar
يدافع	dictionary	ar
يسرق	dictionary	ar
يفعلون	dictionary	ar
يوحنا	dictionary	ar
أجنبي	dictionary	ar
أدين	dictionary	ar
أسرته	dictionary	ar
أسفرت	dictionary	ar
أمرنا	dictionary	ar
أنجيلا	dictionary	ar
أوضحت	dictionary	ar
أوقف	dictionary	ar
أولي	dictionary	ar
إمارة	dictionary	ar
اجعل	dictionary	ar
ارى	pending	ar
استمع	dictionary	ar
اسما	dictionary	ar
افعل	dictionary	ar
الأحمد	dictionary	ar
الأخوة	dictionary	ar
الأذن	dictionary	ar
الأقليات	dictionary	ar
الأمثل	dictionary	ar
الأيدي	dictionary	ar
الإشراف	dictionary	ar
الارتباط	dictionary	ar
الاعتذار	dictionary	ar
الاف	pending	ar
الانتقام	dictionary	ar
البدنية	dictionary	ar
البصرية	dictionary	ar
التحديد	dictionary	ar
التصريح	dictionary	ar
التقديم	dictionary	ar
الجنسيات	dictionary	ar
الجيران	dictionary	ar
الحدودية	dictionary	ar
الحرائق	dictionary	ar
الحقل	dictionary	ar
الخنزير	dictionary	ar
السحاب	dictionary	ar
الشقة	dictionary	ar
العار	dictionary	ar
العمانية	dictionary	ar
الغالبية	dictionary	ar
الغباء	dictionary	ar
الفرار	dictionary	ar
الفصائل	dictionary	ar
الفصول	dictionary	ar
الفقير	dictionary	ar
الفقيرة	dictionary	ar
الفلك	dictionary	ar
الفوري	dictionary	ar
القبيلة	dictionary	ar
الكاتبة	dictionary	ar
المحل	dictionary	ar
المصور	dictionary	ar
المعبد	dictionary	ar
المعني	dictionary	ar
المفروضة	dictionary	ar
المنعم	dictionary	ar
الناجحة	dictionary	ar
النافذة	dictionary	ar
النبوي	dictionary	ar
النمر	dictionary	ar
الوداع	dictionary	ar
انعدام	dictionary	ar
بايرن	pending	ar
بلال	dictionary	ar
تتجه	dictionary	ar
تتسبب	dictionary	ar
تحد	dictionary	ar
تحياتي	dictionary	ar
تخدم	dictionary	ar
تخسر	dictionary	ar
تدريبات	dictionary	ar
تسجيلات	dictionary	ar
تسهيل	dictionary	ar
تعرفت	dictionary	ar
تعرفه	dictionary	ar
تعقب	dictionary	ar
تقلل	dictionary	ar
تكره	dictionary	ar
تكمل	dictionary	ar
جراحية	dictionary	ar
جلست	dictionary	ar
جهاد	dictionary	ar
جهنم	dictionary	ar
جوليان	dictionary	ar
جونسون	pending	ar
حداد	dictionary	ar
حصلوا	dictionary	ar
حقها	dictionary	ar
حقي	dictionary	ar
خامنئي	pending	ar
خلقه	dictionary	ar
خليط	dictionary	ar
دراما	dictionary	ar
درع	dictionary	ar
دعاة	dictionary	ar
ذكرته	dictionary	ar
ذكي	dictionary	ar
رواتب	dictionary	ar
روجر	pending	ar
روحه	dictionary	ar
روعة	dictionary	ar
زلزال	dictionary	ar
سينا	dictionary	ar
شعوري	dictionary	ar
ضحك	dictionary	ar
طالبان	dictionary	ar
عالمنا	dictionary	ar
عريضة	dictionary	ar
عسير	dictionary	ar
علقت	dictionary	ar
عمدة	dictionary	ar
عيادة	dictionary	ar
غادرت	dictionary	ar
فاضل	dictionary	ar
فتحة	dictionary	ar
فرج	dictionary	ar
فرصه	dictionary	ar
فرضت	dictionary	ar
فوزه	dictionary	ar
لتر	dictionary	ar
لغرض	dictionary	ar
مؤلمة	dictionary	ar
ماسة	dictionary	ar
مراكش	dictionary	ar
مسئول	dictionary	ar
مستقيم	dictionary	ar
مشغول	dictionary	ar
موطن	dictionary	ar
مولد	dictionary	ar
مير	dictionary	ar
نايت	pending	ar
نطالب	dictionary	ar
نقدية	dictionary	ar
نقف	dictionary	ar
هدفها	dictionary	ar
وثائقي	dictionary	ar
ولعل	dictionary	ar
وو	pending	ar
يجدر	dictionary	ar
يخضع	dictionary	ar
يستخدمها	dictionary	ar
يشتري	dictionary	ar
يصيب	dictionary	ar
يصير	dictionary	ar
يطلقون	dictionary	ar
يقم	dictionary	ar
يكاد	dictionary	ar
يهود	dictionary	ar
أتكلم	dictionary	ar
أجواء	dictionary	ar
أخذها	dictionary	ar
أخشى	dictionary	ar
أعجبني	dictionary	ar
أنمي	dictionary	ar
أهلية	dictionary	ar
إهانة	dictionary	ar
اختراع	dictionary	ar
اذن	pending	ar
ارتباط	dictionary	ar
اسأل	dictionary	ar
استغرق	dictionary	ar
استقالة	dictionary	ar
اشتقت	dictionary	ar
اعتذر	dictionary	ar
اعتراض	dictionary	ar
اعتمادا	dictionary	ar
الأربعين	dictionary	ar
الأسطورة	dictionary	ar
الأسوأ	dictionary	ar
الأنثى	dictionary	ar
الأنظار	dictionary	ar
الإرهابي	dictionary	ar
الإمكان	dictionary	ar
الاستاذ	pending	ar
الاعلى	pending	ar
الاكثر	pending	ar
الباطن	dictionary	ar
التصريحات	dictionary	ar
التظاهر	dictionary	ar
الثلاثي	dictionary	ar
الجحيم	dictionary	ar
الحاصل	dictionary	ar
الدراجة	dictionary	ar
السائدة	dictionary	ar
السقف	dictionary	ar
السور	dictionary	ar
السيء	pending	ar
السيادة	dictionary	ar
الشاهد	dictionary	ar
الشرح	dictionary	ar
الصواب	dictionary	ar
العامين	dictionary	ar
العذاب	dictionary	ar
العملاق	dictionary	ar
الغداء	dictionary	ar
القادسية	dictionary	ar
القاسية	dictionary	ar
القدرات	dictionary	ar
القطب	dictionary	ar
القوس	dictionary	ar
اللهجة	dictionary	ar
المبدأ	dictionary	ar
المجالس	dictionary	ar
المرح	dictionary	ar
المستهلك	dictionary	ar
المشاهدة	dictionary	ar
المعقدة	dictionary	ar
النحاس	dictionary	ar
النمط	dictionary	ar
الهائل	dictionary	ar
الهادئ	dictionary	ar
الوجبات	dictionary	ar
انتفاضة	dictionary	ar
انتقادات	dictionary	ar
بت	dictionary	ar
بصدد	dictionary	ar
بيلا	pending	ar
تبارك	dictionary	ar
تبث	dictionary	ar
تتأثر	dictionary	ar
تتولى	dictionary	ar
تجرى	dictionary	ar
تركه	dictionary	ar
تسجل	dictionary	ar
تلوث	dictionary	ar
تهريب	dictionary	ar
جارية	dictionary	ar
جرعة	dictionary	ar
حائل	dictionary	ar
حاملا	dictionary	ar
حربية	dictionary	ar
حزم	dictionary	ar
حكومات	dictionary	ar
خاطئ	dictionary	ar
خديجة	dictionary	ar
خشية	dictionary	ar
خلع	dictionary	ar
خوض	dictionary	ar
دراية	dictionary	ar
ديانا	dictionary	ar
رائعه	dictionary	ar
رحلت	dictionary	ar
رفيع	dictionary	ar
زملائه	dictionary	ar
سوني	dictionary	ar
شبح	dictionary	ar
شبيه	dictionary	ar
شكله	dictionary	ar
شون	dictionary	ar
شوي	dictionary	ar
صممت	dictionary	ar
صوتها	dictionary	ar
ضواحي	dictionary	ar
طريقهم	dictionary	ar
عانت	dictionary	ar
عربيا	dictionary	ar
عشاء	dictionary	ar
عقار	dictionary	ar
عقارات	dictionary	ar
عقبة	dictionary	ar
علام	dictionary	ar
عميد	dictionary	ar
فذلك	dictionary	ar
فيتامين	dictionary	ar
قالها	dictionary	ar
قدرته	dictionary	ar
قصور	dictionary	ar
كام	dictionary	ar
كذبة	dictionary	ar
كريستيانو	pending	ar
كوبر	dictionary	ar
كونوا	dictionary	ar
لأ	pending	ar
ماجستير	dictionary	ar
مار	dictionary	ar
مبكرة	dictionary	ar
مبنية	dictionary	ar
محفوظة	dictionary	ar
محمل	dictionary	ar
مررت	dictionary	ar
مسموح	dictionary	ar
معلق	dictionary	ar
معلمة	dictionary	ar
ممثلين	dictionary	ar
منظومة	dictionary	ar
نأخذ	dictionary	ar
نبقى	dictionary	ar
نتوقع	dictionary	ar
نفط	dictionary	ar
نقلها	dictionary	ar
هاتفية	dictionary	ar
هاتين	dictionary	ar
هامش	dictionary	ar
هواء	dictionary	ar
واد	dictionary	ar
وحل	dictionary	ar
وصلة	dictionary	ar
وضح	dictionary	ar
وطننا	dictionary	ar
وطنه	dictionary	ar
يراها	dictionary	ar
يعطيك	dictionary	ar
يغرد	dictionary	ar
يكونون	dictionary	ar
يموتون	dictionary	ar
ينتمون	dictionary	ar
ينظم	dictionary	ar
يونغ	dictionary	ar
أبقى	dictionary	ar
أجلها	dictionary	ar
أساتذة	dictionary	ar
أساسيا	dictionary	ar
أعطيت	dictionary	ar
أقدام	dictionary	ar
أمري	dictionary	ar
إد	dictionary	ar
إنترنت	dictionary	ar
اترك	dictionary	ar
اتهام	dictionary	ar
اجتماعات	dictionary	ar
اخترت	dictionary	ar
استكشاف	dictionary	ar
اعتاد	dictionary	ar
اف	pending	ar
الآتي	dictionary	ar
الأخذ	dictionary	ar
الأقسام	dictionary	ar
الإرادة	dictionary	ar
الإنذار	dictionary	ar
البنزين	dictionary	ar
البول	dictionary	ar
التأهيل	dictionary	ar
الترحيب	dictionary	ar
الترويج	dictionary	ar
التصديق	dictionary	ar
التقدير	dictionary	ar
التميز	dictionary	ar
الثقيل	dictionary	ar
الحمار	dictionary	ar
الذراع	dictionary	ar
الرفض	dictionary	ar
السجلات	dictionary	ar
الصبح	dictionary	ar
الظن	dictionary	ar
العبث	dictionary	ar
العمري	dictionary	ar
الفعالة	dictionary	ar
القادمين	dictionary	ar
القبة	dictionary	ar
القتلة	dictionary	ar
القمح	dictionary	ar
الكاريبي	dictionary	ar
الكتلة	dictionary	ar
الكفاءة	dictionary	ar
الماشية	dictionary	ar
المجهول	dictionary	ar
المرجع	dictionary	ar
المظلمة	dictionary	ar
المعالج	dictionary	ar
المنتجة	dictionary	ar
الناتو	pending	ar
الناجمة	dictionary	ar
الهيئات	dictionary	ar
امتدت	dictionary	ar
انسى	pending	ar
بانتظام	dictionary	ar
بذل	dictionary	ar
بروتوكول	dictionary	ar
بشري	dictionary	ar
بنغلاديش	dictionary	ar
بيدرو	pending	ar
تاني	pending	ar
تبنى	dictionary	ar
تجده	dictionary	ar
تجعلك	dictionary	ar
تجمعات	dictionary	ar
تحمله	dictionary	ar
تخلق	dictionary	ar
تسكن	dictionary	ar
تسوق	dictionary	ar
تشتري	dictionary	ar
تشخيص	dictionary	ar
تقتصر	dictionary	ar
تمنيت	dictionary	ar
تيري	pending	ar
جاذبية	dictionary	ar
جثث	dictionary	ar
جنوبا	dictionary	ar
جيسيكا	pending	ar
حدائق	dictionary	ar
حسان	dictionary	ar
حمدا	dictionary	ar
حمدي	dictionary	ar
خبز	dictionary	ar
دموع	dictionary	ar
ذاتي	dictionary	ar
رخيصة	dictionary	ar
رمزا	dictionary	ar
رهن	dictionary	ar
رهيب	dictionary	ar
زالوا	dictionary	ar
زهير	dictionary	ar
سلك	dictionary	ar
سنقوم	dictionary	ar
سيدني	dictionary	ar
شكلا	dictionary	ar
صدقت	dictionary	ar
ضياء	dictionary	ar
طالبت	dictionary	ar
طبيعيا	dictionary	ar
طويله	dictionary	ar
عرفة	dictionary	ar
عقيدة	dictionary	ar
عنق	dictionary	ar
عنكم	dictionary	ar
عيار	dictionary	ar
غرق	dictionary	ar
فقير	dictionary	ar
قاطع	dictionary	ar
قتلة	dictionary	ar
قتيلا	dictionary	ar
قمع	dictionary	ar
كتابي	dictionary	ar
كره	dictionary	ar
كريستيان	dictionary	ar
كويتية	dictionary	ar
مباني	dictionary	ar
مبرر	dictionary	ar
محمدا	dictionary	ar
مشاهير	dictionary	ar
معاني	dictionary	ar
مغامرة	dictionary	ar
مفتي	dictionary	ar
مناخ	dictionary	ar
مناسبات	dictionary	ar
منطق	dictionary	ar
منفذ	dictionary	ar
منهن	dictionary	ar
نايف	dictionary	ar
نذكر	dictionary	ar
نسعى	dictionary	ar
نقدر	dictionary	ar
نهائيات	dictionary	ar
نوري	dictionary	ar
هدفين	dictionary	ar
هدم	dictionary	ar
هود	dictionary	ar
هوليوود	pending	ar
وتكرارا	dictionary	ar
وجب	dictionary	ar
وحدي	dictionary	ar
وفيات	dictionary	ar
وول	dictionary	ar
يتجه	dictionary	ar
يحتفل	dictionary	ar
يحيط	dictionary	ar
يخبرك	dictionary	ar
يخسر	dictionary	ar
يطلع	dictionary	ar
يطير	dictionary	ar
يغني	dictionary	ar
يقتلون	dictionary	ar
يلتزم	dictionary	ar
يلعبون	dictionary	ar
يلقى	dictionary	ar
يميز	dictionary	ar
يميل	dictionary	ar
يوجه	dictionary	ar
آت	dictionary	ar
آلان	dictionary	ar
أبرزها	dictionary	ar
أتباع	dictionary	ar
أحرار	dictionary	ar
أخرجه	dictionary	ar
أرشيف	dictionary	ar
أصحابها	dictionary	ar
أصلي	dictionary	ar
أقصد	dictionary	ar
أقصر	dictionary	ar
أمم	dictionary	ar
إبريل	pending	ar
إنذار	dictionary	ar
ابنتي	dictionary	ar
اتفاقيات	dictionary	ar
اختي	pending	ar
اراد	pending	ar
اعتدت	dictionary	ar
الآداب	dictionary	ar
الأخرين	pending	ar
الأساتذة	dictionary	ar
الأسف	dictionary	ar
الأعشاب	dictionary	ar
الأهرام	dictionary	ar
الإعاقة	dictionary	ar
الاب	pending	ar
الاستمتاع	dictionary	ar
البدو	dictionary	ar
البقية	dictionary	ar
التبادل	dictionary	ar
التحية	dictionary	ar
التشريع	dictionary	ar
التعادل	dictionary	ar
التفجير	dictionary	ar
التنظيف	dictionary	ar
الثور	dictionary	ar
الحساسية	dictionary	ar
الخطورة	dictionary	ar
الدبابات	dictionary	ar
الراهنة	dictionary	ar
الروحي	dictionary	ar
الزائد	dictionary	ar
السادات	dictionary	ar
السعيدة	dictionary	ar
السماوات	dictionary	ar
الشائعات	dictionary	ar
الشغب	dictionary	ar
الصفوف	dictionary	ar
الصوره	pending	ar
الطول	dictionary	ar
العد	dictionary	ar
العطاء	dictionary	ar
العمرية	dictionary	ar
الفاعل	dictionary	ar
الفرع	dictionary	ar
الفعال	dictionary	ar
الفقرة	dictionary	ar
الفيصل	dictionary	ar
القطط	dictionary	ar
الكوارث	dictionary	ar
المخلوع	dictionary	ar
المرصد	dictionary	ar
المزرعة	dictionary	ar
المسجلة	dictionary	ar
المسكين	dictionary	ar
المعتادة	dictionary	ar
المغلقة	dictionary	ar
المقارنة	dictionary	ar
المقامة	dictionary	ar
الملا	pending	ar
الممكنة	dictionary	ar
الميزان	dictionary	ar
النازحين	dictionary	ar
النباتي	dictionary	ar
النسب	dictionary	ar
النسيان	dictionary	ar
النطق	dictionary	ar
الواقعية	dictionary	ar
امل	pending	ar
انفسهم	dictionary	ar
بايت	pending	ar
بساطة	dictionary	ar
بورصة	dictionary	ar
تتقدم	dictionary	ar
تتمنى	dictionary	ar
تحطم	dictionary	ar
تختفي	dictionary	ar
تشرح	dictionary	ar
تطبق	dictionary	ar
تعالوا	dictionary	ar
تعويض	dictionary	ar
تنبيه	dictionary	ar
توب	dictionary	ar
ثالثة	dictionary	ar
جانيرو	pending	ar
جمعيات	dictionary	ar
جواب	dictionary	ar
جيف	dictionary	ar
حاز	dictionary	ar
حديثه	dictionary	ar
حقك	dictionary	ar
حقهم	dictionary	ar
خارجي	dictionary	ar
خدم	dictionary	ar
دارت	dictionary	ar
رابع	dictionary	ar
رحلته	dictionary	ar
رحيم	dictionary	ar
رقصة	dictionary	ar
سامسونج	pending	ar
سجين	dictionary	ar
سنوية	dictionary	ar
سيطر	dictionary	ar
شد	dictionary	ar
شقق	dictionary	ar
صدره	dictionary	ar
طريقك	dictionary	ar
عادات	dictionary	ar
عزيزتي	dictionary	ar
عشوائية	dictionary	ar
عطا	dictionary	ar
عظام	dictionary	ar
عملاق	dictionary	ar
عملوا	dictionary	ar
غذائية	dictionary	ar
فائق	dictionary	ar
فيينا	dictionary	ar
قاع	dictionary	ar
قبضة	dictionary	ar
قطاعات	dictionary	ar
قيادات	dictionary	ar
كتائب	dictionary	ar
كلف	dictionary	ar
لازالت	pending	ar
لافتة	dictionary	ar
لاي	pending	ar
لعبه	dictionary	ar
لقطة	dictionary	ar
لورين	dictionary	ar
مؤتمرات	dictionary	ar
مؤثر	dictionary	ar
مادي	dictionary	ar
متميزة	dictionary	ar
مجدي	dictionary	ar
محاسبة	dictionary	ar
محاضرات	dictionary	ar
محتويات	dictionary	ar
مرافق	dictionary	ar
مسائل	dictionary	ar
معناها	dictionary	ar
مقعدا	dictionary	ar
ممر	dictionary	ar
مواعيد	dictionary	ar
نام	dictionary	ar
نشاطه	dictionary	ar
هن	dictionary	ar
هند	dictionary	ar
هندية	dictionary	ar
هون	dictionary	ar
وسيم	dictionary	ar
ومش	dictionary	ar
يأت	dictionary	ar
يتكرر	dictionary	ar
يحفظ	dictionary	ar
يخطر	dictionary	ar
يرتفع	dictionary	ar
يساعدك	dictionary	ar
يستفيد	dictionary	ar
يعزز	dictionary	ar
يكتشف	dictionary	ar
يليق	pending	ar
يناهز	dictionary	ar
يوصف	dictionary	ar
ألان	dictionary	ar
أنتظر	dictionary	ar
إحصائيات	dictionary	ar
إخلاء	dictionary	ar
إدراج	dictionary	ar
إرهابي	dictionary	ar
إعدام	dictionary	ar
اتهامات	dictionary	ar
احاول	pending	ar
احدا	pending	ar
اختارت	dictionary	ar
اختطاف	dictionary	ar
اربعة	pending	ar
استيراد	dictionary	ar
اعتقل	dictionary	ar
اغلب	dictionary	ar
الأميركي	dictionary	ar
الأنهار	dictionary	ar
الأولوية	dictionary	ar
الإبادة	dictionary	ar
الإسعاف	dictionary	ar
الاتهام	dictionary	ar
الانتماء	dictionary	ar
الانقسام	dictionary	ar
الاهلي	pending	ar
البري	dictionary	ar
البطاقات	dictionary	ar
التبرعات	dictionary	ar
التخزين	dictionary	ar
الجروح	dictionary	ar
الحراك	dictionary	ar
الحمى	dictionary	ar
الخلوي	dictionary	ar
الدفاعية	dictionary	ar
الروحية	dictionary	ar
الساحلي	dictionary	ar
الصداع	dictionary	ar
الصلبة	dictionary	ar
الفارس	dictionary	ar
الكترونية	pending	ar
المؤرخ	dictionary	ar
الماضيين	dictionary	ar
المحور	dictionary	ar
المصريون	dictionary	ar
المصلين	dictionary	ar
المفوض	dictionary	ar
الممتدة	dictionary	ar
الممر	dictionary	ar
المنشورة	dictionary	ar
الموحدة	dictionary	ar
النصيحة	dictionary	ar
اله	dictionary	ar
الهرم	dictionary	ar
الهزيمة	dictionary	ar
انكم	pending	ar
بوث	pending	ar
تتلقى	dictionary	ar
تحدثنا	dictionary	ar
تخفي	dictionary	ar
تدافع	dictionary	ar
تستفيد	dictionary	ar
تسرب	dictionary	ar
تغيب	dictionary	ar
تقديمه	dictionary	ar
تمرير	dictionary	ar
تميم	dictionary	ar
توازن	dictionary	ar
ثنائية	dictionary	ar
جذور	dictionary	ar
حضرموت	dictionary	ar
حلما	dictionary	ar
حيز	dictionary	ar
خطبة	dictionary	ar
خطف	dictionary	ar
خلافا	dictionary	ar
داني	dictionary	ar
درسا	dictionary	ar
ديف	dictionary	ar
راعي	dictionary	ar
راية	dictionary	ar
رصاصة	dictionary	ar
سؤالا	dictionary	ar
سائل	dictionary	ar
سفيان	dictionary	ar
سياحية	dictionary	ar
سيعود	dictionary	ar
شيعي	dictionary	ar
صحافة	dictionary	ar
صديقها	dictionary	ar
صل	dictionary	ar
صناعية	dictionary	ar
ضريبة	dictionary	ar
طوله	dictionary	ar
ظهرا	dictionary	ar
عائد	dictionary	ar
عباد	dictionary	ar
عجل	dictionary	ar
عجوز	dictionary	ar
عديد	dictionary	ar
عرفنا	dictionary	ar
عقلية	dictionary	ar
عيوب	dictionary	ar
غارة	dictionary	ar
فوري	dictionary	ar
فيفا	pending	ar
قدرت	dictionary	ar
قرص	dictionary	ar
قومية	dictionary	ar
قياسي	dictionary	ar
كريمة	dictionary	ar
لاند	pending	ar
لفظ	dictionary	ar
لقمة	dictionary	ar
لكى	dictionary	ar
لمحاربة	dictionary	ar
ليرة	dictionary	ar
ماركو	pending	ar
ماني	dictionary	ar
محتملة	dictionary	ar
مريضة	dictionary	ar
مسيحي	dictionary	ar
مشعل	dictionary	ar
مغلق	dictionary	ar
مقدونيا	dictionary	ar
مليارات	dictionary	ar
منطقي	dictionary	ar
موحدة	dictionary	ar
موريس	dictionary	ar
نائبا	dictionary	ar
نشطاء	dictionary	ar
نهى	dictionary	ar
هبوط	dictionary	ar
هروب	dictionary	ar
وايضا	pending	ar
وصفة	dictionary	ar
يأتون	dictionary	ar
يتسنى	dictionary	ar
يتوفر	dictionary	ar
يحتفظ	dictionary	ar
يصاب	dictionary	ar
يصلون	dictionary	ar
يعنيه	dictionary	ar
يفصل	dictionary	ar
آني	dictionary	ar
أتخيل	dictionary	ar
أغنى	dictionary	ar
أقوال	dictionary	ar
أمامك	dictionary	ar
أهدافها	dictionary	ar
إعلامي	dictionary	ar
إنت	pending	ar
إيفان	pending	ar
ابعد	pending	ar
احتفالات	dictionary	ar
ارفع	dictionary	ar
استثمار	dictionary	ar
استعدادا	dictionary	ar
استعمل	dictionary	ar
استقالته	dictionary	ar
اعتداء	dictionary	ar
افهم	dictionary	ar
اقدم	dictionary	ar
اكس	dictionary	ar
الأرمن	dictionary	ar
الألغام	dictionary	ar
الألفية	dictionary	ar
الابتعاد	dictionary	ar
الابيض	pending	ar
الاتحادي	dictionary	ar
الاغتصاب	dictionary	ar
الافتتاح	dictionary	ar
الترخيص	dictionary	ar
التردد	dictionary	ar
التوصيل	dictionary	ar
الجاذبية	dictionary	ar
الحرمان	dictionary	ar
الحلو	dictionary	ar
الخمسين	dictionary	ar
الخيمة	dictionary	ar
الخيول	dictionary	ar
الرؤوس	dictionary	ar
الزبائن	dictionary	ar
السامي	dictionary	ar
السموم	dictionary	ar
السنغال	dictionary	ar
الشمري	pending	ar
الصعوبة	dictionary	ar
الطباعة	dictionary	ar
الطبعة	dictionary	ar
العطلة	dictionary	ar
العميقة	dictionary	ar
العنب	dictionary	ar
العيوب	dictionary	ar
الفارق	dictionary	ar
الفوائد	dictionary	ar
القبور	dictionary	ar
القيادات	dictionary	ar
الكارثة	dictionary	ar
الكيمياء	dictionary	ar
اللجان	dictionary	ar
المتطرفة	dictionary	ar
المتنوعة	dictionary	ar
المتوفى	dictionary	ar
المحلات	dictionary	ar
المساحات	dictionary	ar
المصلحة	dictionary	ar
الملاحة	dictionary	ar
الملازم	dictionary	ar
المناخية	dictionary	ar
النداء	dictionary	ar
النمسا	dictionary	ar
الهائلة	dictionary	ar
الهندسية	dictionary	ar
اليدوية	dictionary	ar
اولاد	pending	ar
باحث	dictionary	ar
باور	pending	ar
برميل	dictionary	ar
بلى	dictionary	ar
بنما	dictionary	ar
بنيامين	dictionary	ar
بوليفيا	dictionary	ar
تبيع	dictionary	ar
تتذكر	dictionary	ar
تجهيز	dictionary	ar
تحفظ	dictionary	ar
تصرفات	dictionary	ar
تعذيب	dictionary	ar
تعزز	dictionary	ar
تنفذ	dictionary	ar
توقعات	dictionary	ar
حاضرة	dictionary	ar
حجب	dictionary	ar
خائفة	dictionary	ar
خطب	dictionary	ar
خيانة	dictionary	ar
داخليا	dictionary	ar
دبلوماسي	dictionary	ar
دفعه	dictionary	ar
دوم	dictionary	ar
دياز	pending	ar
رح	dictionary	ar
زوار	dictionary	ar
سنوي	dictionary	ar
شفاء	dictionary	ar
شقيقه	dictionary	ar
شهريا	dictionary	ar
صابر	dictionary	ar
صارمة	dictionary	ar
صديقك	dictionary	ar
ضمت	dictionary	ar
ضيوف	dictionary	ar
طباعة	dictionary	ar
عزت	dictionary	ar
عشاق	dictionary	ar
عطر	dictionary	ar
عظمة	dictionary	ar
علا	dictionary	ar
عناء	dictionary	ar
عندئذ	dictionary	ar
غرد	dictionary	ar
فخور	dictionary	ar
فصول	dictionary	ar
فلسفة	dictionary	ar
فيهما	dictionary	ar
قسوة	dictionary	ar
قومه	dictionary	ar
كا	pending	ar
كابتن	pending	ar
كاد	dictionary	ar
كارول	pending	ar
كازاخستان	dictionary	ar
كنتي	dictionary	ar
كيلومترا	dictionary	ar
للاجئين	dictionary	ar
مؤسسي	dictionary	ar
متساوية	dictionary	ar
متصلة	dictionary	ar
متميز	dictionary	ar
مثالي	dictionary	ar
مختار	dictionary	ar
مخدرات	dictionary	ar
مرورا	dictionary	ar
مريضا	dictionary	ar
مشيرا	dictionary	ar
معبر	dictionary	ar
معمل	dictionary	ar
مقولة	dictionary	ar
ممرضة	dictionary	ar
منتشرة	dictionary	ar
منتظم	dictionary	ar
ميليشيات	pending	ar
نبض	dictionary	ar
نتعلم	dictionary	ar
نزار	dictionary	ar
نفوذ	dictionary	ar
نيران	dictionary	ar
هارون	dictionary	ar
واتساب	pending	ar
واثق	dictionary	ar
وبركاته	dictionary	ar
ورش	dictionary	ar
ولدي	dictionary	ar
يبعث	dictionary	ar
يبق	dictionary	ar
يتمكنوا	dictionary	ar
يدفعون	dictionary	ar
يعاقب	dictionary	ar
يعالج	dictionary	ar
يعودوا	dictionary	ar
يناقش	dictionary	ar
يواصل	dictionary	ar
يوفنتوس	pending	ar
آخرها	dictionary	ar
أبدأ	dictionary	ar
أخذنا	dictionary	ar
أراك	dictionary	ar
أشاهد	dictionary	ar
أشكر	dictionary	ar
أعترف	dictionary	ar
أعز	dictionary	ar
أمستردام	dictionary	ar
إقرأ	pending	ar
إقرار	dictionary	ar
إقليمية	dictionary	ar
إيصال	dictionary	ar
اجتماعيا	dictionary	ar
احتل	dictionary	ar
اختر	dictionary	ar
اختلف	dictionary	ar
اخري	pending	ar
اسباب	pending	ar
استئناف	dictionary	ar
استراحة	dictionary	ar
الآتية	dictionary	ar
الأحذية	dictionary	ar
الأعلام	dictionary	ar
الأغراض	dictionary	ar
الأموات	dictionary	ar
الإفريقي	dictionary	ar
الإنفاق	dictionary	ar
الإيدز	dictionary	ar
الايرانية	pending	ar
البلديات	dictionary	ar
التركيب	dictionary	ar
التشريعي	dictionary	ar
التضحية	dictionary	ar
التعدين	dictionary	ar
التفاح	dictionary	ar
التقليد	dictionary	ar
الثانى	pending	ar
الجاد	dictionary	ar
الجاف	dictionary	ar
الجنازة	dictionary	ar
الحبس	dictionary	ar
الحزام	dictionary	ar
الحسنة	dictionary	ar
الحقول	dictionary	ar
الدب	dictionary	ar
الدورات	dictionary	ar
الذئاب	dictionary	ar
الروك	dictionary	ar
السلطنة	dictionary	ar
السودانيين	dictionary	ar
الشئ	pending	ar
الصمود	dictionary	ar
العابدين	dictionary	ar
العادل	dictionary	ar
العقار	dictionary	ar
العقاري	dictionary	ar
القدامى	dictionary	ar
القطاعات	dictionary	ar
الليلية	dictionary	ar
المالكة	dictionary	ar
المتاجر	dictionary	ar
المتوقعة	dictionary	ar
المجانية	dictionary	ar
المختبر	dictionary	ar
المسح	dictionary	ar
المشكله	pending	ar
المصنوعة	dictionary	ar
المعارف	dictionary	ar
المعاني	dictionary	ar
المكاتب	dictionary	ar
الملاعب	dictionary	ar
المنيا	dictionary	ar
النقاب	dictionary	ar
الوراء	dictionary	ar
الوسيط	dictionary	ar
الوسيلة	dictionary	ar
انتحار	dictionary	ar
اهداف	pending	ar
ايدي	dictionary	ar
بائع	dictionary	ar
باع	dictionary	ar
بدأوا	pending	ar
بطرس	dictionary	ar
بعدين	dictionary	ar
بغية	dictionary	ar
بنو	dictionary	ar
بيتنا	dictionary	ar
تامر	dictionary	ar
تتطور	dictionary	ar
تتكرر	dictionary	ar
تحتاجه	pending	ar
تحترم	dictionary	ar
تحلم	dictionary	ar
تدابير	dictionary	ar
تراقب	dictionary	ar
تشاد	dictionary	ar
تشاهد	dictionary	ar
تشترك	dictionary	ar
تضحك	dictionary	ar
تطورت	dictionary	ar
تعرضه	dictionary	ar
تقترح	dictionary	ar
تقديرا	dictionary	ar
تقليدي	dictionary	ar
تكتشف	dictionary	ar
تكوني	dictionary	ar
تورط	dictionary	ar
توصلت	dictionary	ar
توضع	dictionary	ar
ثانوي	dictionary	ar
ثوب	dictionary	ar
جراح	dictionary	ar
جهل	dictionary	ar
جيري	dictionary	ar
حازم	dictionary	ar
حاسمة	dictionary	ar
حفرة	dictionary	ar
حقوقهم	dictionary	ar
حمض	dictionary	ar
حيلة	dictionary	ar
ختم	dictionary	ar
خرجنا	dictionary	ar
خطيرا	dictionary	ar
خلت	dictionary	ar
داخله	dictionary	ar
دعمه	dictionary	ar
دلالة	dictionary	ar
ذهاب	dictionary	ar
ذهبوا	dictionary	ar
رائدة	dictionary	ar
رفضه	dictionary	ar
رمزي	dictionary	ar
رياح	dictionary	ar
سيبدأ	dictionary	ar
سيطرت	dictionary	ar
صداقة	dictionary	ar
صناع	dictionary	ar
صنعا	dictionary	ar
طاعة	dictionary	ar
طقوس	dictionary	ar
عاطفية	dictionary	ar
عاملة	dictionary	ar
عسل	dictionary	ar
عقده	dictionary	ar
عملاقة	dictionary	ar
غاب	dictionary	ar
غادة	dictionary	ar
غارات	dictionary	ar
غذاء	dictionary	ar
غسان	dictionary	ar
فصيلة	dictionary	ar
فعلوا	dictionary	ar
فلك	dictionary	ar
فيديوهات	dictionary	ar
قائدا	dictionary	ar
قتيل	dictionary	ar
كاي	pending	ar
كثافة	dictionary	ar
لادن	dictionary	ar
ليال	dictionary	ar
ليزا	dictionary	ar
مذبحة	dictionary	ar
مراقب	dictionary	ar
مركزية	dictionary	ar
مزدوج	dictionary	ar
مزود	dictionary	ar
مصابة	dictionary	ar
مفصل	dictionary	ar
مكافأة	dictionary	ar
مناصب	dictionary	ar
منت	dictionary	ar
منطقية	dictionary	ar
موقعك	dictionary	ar
نؤمن	dictionary	ar
ناجي	dictionary	ar
نزول	dictionary	ar
نشرة	dictionary	ar
نلتقي	dictionary	ar
نمر	dictionary	ar
هوا	dictionary	ar
وجبات	dictionary	ar
وخارجها	dictionary	ar
ياسمين	dictionary	ar
يتسع	dictionary	ar
يتكلمون	dictionary	ar
يحصلون	dictionary	ar
يذهبون	dictionary	ar
يزعم	dictionary	ar
يستطيعوا	dictionary	ar
يسر	dictionary	ar
يقاتلون	dictionary	ar
يلا	dictionary	ar
يمثلون	dictionary	ar
ينهي	dictionary	ar
يومها	dictionary	ar
آيرس	dictionary	ar
أبيك	dictionary	ar
أثرا	dictionary	ar
أجبر	dictionary	ar
أجيال	dictionary	ar
أخذوا	dictionary	ar
أصيبت	dictionary	ar
أعلام	dictionary	ar
أعمق	dictionary	ar
ألبوم	dictionary	ar
ألقت	dictionary	ar
أمينة	dictionary	ar
أنابيب	dictionary	ar
أندية	dictionary	ar
أولها	dictionary	ar
إثنين	dictionary	ar
إصابته	dictionary	ar
إطلاقا	dictionary	ar
ارجو	pending	ar
اسود	dictionary	ar
اصلا	pending	ar
اعتقاله	dictionary	ar
الأجل	dictionary	ar
الأزواج	dictionary	ar
الأقمار	dictionary	ar
الأوان	dictionary	ar
الإضافية	dictionary	ar
الإكوادور	dictionary	ar
الادعاء	dictionary	ar
الاطلاق	pending	ar
الاعلانات	pending	ar
الاكتئاب	dictionary	ar
الاماكن	pending	ar
الانهيار	dictionary	ar
التحديث	dictionary	ar
التحرر	dictionary	ar
التعايش	dictionary	ar
التقيت	dictionary	ar
الجالية	dictionary	ar
الحيوي	dictionary	ar
الخبيثة	dictionary	ar
الدعوات	dictionary	ar
الربح	dictionary	ar
الريال	dictionary	ar
الزور	dictionary	ar
السامة	dictionary	ar
السكوت	dictionary	ar
الصالحين	dictionary	ar
الصدق	dictionary	ar
الضعيفة	dictionary	ar
الطارئة	dictionary	ar
الطرقات	dictionary	ar
الطوائف	dictionary	ar
العاجل	dictionary	ar
العب	dictionary	ar
العصابة	dictionary	ar
الغالي	dictionary	ar
الفيل	dictionary	ar
القصور	dictionary	ar
القمع	dictionary	ar
الكردي	dictionary	ar
المائي	dictionary	ar
المتزايد	dictionary	ar
المتطرف	dictionary	ar
المختصة	dictionary	ar
المدرسي	dictionary	ar
المدينه	pending	ar
المرشد	dictionary	ar
المشرف	dictionary	ar
المصرف	dictionary	ar
المعادية	dictionary	ar
الموز	dictionary	ar
المولود	dictionary	ar
النبات	dictionary	ar
النسائي	dictionary	ar
الورود	dictionary	ar
الوقوع	dictionary	ar
باز	dictionary	ar
بحري	dictionary	ar
بدايات	dictionary	ar
بطريق	dictionary	ar
بعث	dictionary	ar
بى	pending	ar
تأثرت	dictionary	ar
تأخرت	dictionary	ar
تابعوا	dictionary	ar
تحيط	dictionary	ar
ترمي	dictionary	ar
تطرح	dictionary	ar
تنشيط	dictionary	ar
توك	dictionary	ar
تولد	dictionary	ar
تونسية	dictionary	ar
ثانيه	dictionary	ar
جامايكا	dictionary	ar
جدل	dictionary	ar
جزائري	dictionary	ar
جول	dictionary	ar
حولت	dictionary	ar
دجاج	dictionary	ar
دفاعا	dictionary	ar
ديب	dictionary	ar
رغبته	dictionary	ar
رقمية	dictionary	ar
رمزية	dictionary	ar
ريب	dictionary	ar
زملاء	dictionary	ar
زوجك	dictionary	ar
سانتوس	pending	ar
سبورت	pending	ar
سيئا	dictionary	ar
سيرا	dictionary	ar
شاكر	dictionary	ar
شبيهة	dictionary	ar
شعراء	dictionary	ar
صدقني	dictionary	ar
صعدة	dictionary	ar
طاب	dictionary	ar
عينات	dictionary	ar
غاضبة	dictionary	ar
غرامة	dictionary	ar
فرحة	dictionary	ar
فعلي	dictionary	ar
كنتاكي	dictionary	ar
كهربائي	dictionary	ar
كورة	dictionary	ar
كوستاريكا	dictionary	ar
كييف	dictionary	ar
لايزال	pending	ar
لحق	dictionary	ar
مأساة	dictionary	ar
متزوجة	dictionary	ar
متوقعة	dictionary	ar
محرر	dictionary	ar
مخططات	dictionary	ar
مسلحين	dictionary	ar
معجزة	dictionary	ar
مقدما	dictionary	ar
مقرها	dictionary	ar
مميزات	dictionary	ar
مهاجمة	dictionary	ar
مهتمة	dictionary	ar
مهمته	dictionary	ar
موجودين	dictionary	ar
نابولي	dictionary	ar
نتمكن	dictionary	ar
نشاهد	dictionary	ar
واين	pending	ar
وحش	dictionary	ar
وظيفته	dictionary	ar
يأكلون	dictionary	ar
يبدون	dictionary	ar
يجدوا	dictionary	ar
يحتل	dictionary	ar
يستحقون	dictionary	ar
يستعد	dictionary	ar
يسعون	dictionary	ar
يعتبرون	dictionary	ar
يعقد	dictionary	ar
يغلق	dictionary	ar
يكلف	dictionary	ar
ينبع	dictionary	ar
آيفون	pending	ar
أحلى	dictionary	ar
أخبرت	dictionary	ar
أشرطة	dictionary	ar
أعطني	dictionary	ar
أمضى	dictionary	ar
أميركي	dictionary	ar
أنماط	dictionary	ar
إتصال	pending	ar
اتبع	dictionary	ar
ازداد	dictionary	ar
ازدياد	dictionary	ar
استقبل	dictionary	ar
استلام	dictionary	ar
اكيد	pending	ar
الأجور	dictionary	ar
الأمد	dictionary	ar
الأوساط	dictionary	ar
الابتكار	dictionary	ar
الاسد	pending	ar
الاسرائيلية	pending	ar
الاقتراب	dictionary	ar
الانفصال	dictionary	ar
البلدي	dictionary	ar
التحويل	dictionary	ar
التلاميذ	dictionary	ar
التوظيف	dictionary	ar
الثابتة	dictionary	ar
الجرحى	dictionary	ar
الحكاية	dictionary	ar
الحلال	dictionary	ar
الحليم	dictionary	ar
الداعية	dictionary	ar
الدنمارك	dictionary	ar
الرمادي	dictionary	ar
الرمل	dictionary	ar
السلفية	dictionary	ar
السند	dictionary	ar
الشرطي	dictionary	ar
الشهور	dictionary	ar
الصينيين	dictionary	ar
الطور	dictionary	ar
العباد	dictionary	ar
العود	dictionary	ar
العيب	dictionary	ar
الفارسي	dictionary	ar
الفتن	dictionary	ar
الفجوة	dictionary	ar
الفريدة	dictionary	ar
الفلفل	dictionary	ar
القطعة	dictionary	ar
القوارب	dictionary	ar
الكواكب	dictionary	ar
اللائحة	dictionary	ar
المترجم	dictionary	ar
المفاجئ	dictionary	ar
الملأ	dictionary	ar
الممثلين	dictionary	ar
النهوض	dictionary	ar
الهوى	dictionary	ar
الوصل	dictionary	ar
بديلا	dictionary	ar
تأخير	dictionary	ar
تأشيرة	dictionary	ar
تجعله	dictionary	ar
تحضر	dictionary	ar
تحقيقه	dictionary	ar
تخشى	dictionary	ar
تدريبية	dictionary	ar
تذكير	dictionary	ar
تري	dictionary	ar
تستعد	dictionary	ar
تشي	dictionary	ar
تصب	dictionary	ar
تفوز	dictionary	ar
تقديمها	dictionary	ar
تلبس	dictionary	ar
ثلاثي	dictionary	ar
جبران	dictionary	ar
جوني	dictionary	ar
حاج	dictionary	ar
حجاج	dictionary	ar
حدودها	dictionary	ar
حسابك	dictionary	ar
حصر	dictionary	ar
حلال	dictionary	ar
حنان	dictionary	ar
خرق	dictionary	ar
خزانات	dictionary	ar
خطا	dictionary	ar
خطابا	dictionary	ar
خيالية	dictionary	ar
خيبة	dictionary	ar
خيرية	dictionary	ar
داخلها	dictionary	ar
دبليو	pending	ar
دستورية	dictionary	ar
دعمها	dictionary	ar
رآه	dictionary	ar
رأسك	dictionary	ar
رحب	dictionary	ar
رضى	dictionary	ar
ركاب	dictionary	ar
سبيله	dictionary	ar
ستصبح	dictionary	ar
سجناء	dictionary	ar
شحنة	dictionary	ar
شيرين	dictionary	ar
صلي	dictionary	ar
صيام	dictionary	ar
صيانة	dictionary	ar
عالما	dictionary	ar
عشرون	dictionary	ar
عضلات	dictionary	ar
عقليا	dictionary	ar
علمه	dictionary	ar
عمد	dictionary	ar
عمدا	dictionary	ar
عيناك	dictionary	ar
غباء	dictionary	ar
فاشلة	dictionary	ar
فتى	dictionary	ar
فر	dictionary	ar
فرانس	pending	ar
فرصتك	dictionary	ar
فيروز	dictionary	ar
قابوس	dictionary	ar
قبلي	dictionary	ar
قدرتها	dictionary	ar
قررنا	dictionary	ar
قولها	dictionary	ar
كارتر	dictionary	ar
كوري	dictionary	ar
كيك	dictionary	ar
لازلت	pending	ar
ليله	dictionary	ar
ليونيل	dictionary	ar
مأرب	dictionary	ar
متاجر	dictionary	ar
مختصر	dictionary	ar
مخيف	dictionary	ar
مدنيين	dictionary	ar
مريح	dictionary	ar
مشاعرك	dictionary	ar
معقولة	dictionary	ar
مكالمة	dictionary	ar
مكسيكو	dictionary	ar
منزلا	dictionary	ar
منشورات	dictionary	ar
موهبة	dictionary	ar
نراه	dictionary	ar
نفسيا	dictionary	ar
نو	dictionary	ar
نورمان	pending	ar
هاتفه	dictionary	ar
هاجر	dictionary	ar
هاريس	pending	ar
ود	dictionary	ar
وش	dictionary	ar
ووتش	pending	ar
يتزوج	dictionary	ar
يخطط	dictionary	ar
يعرفوا	dictionary	ar
ينكر	dictionary	ar
ينوي	dictionary	ar
أخلاقية	dictionary	ar
أستطع	dictionary	ar
أسست	dictionary	ar
أكتر	dictionary	ar
أمامنا	dictionary	ar
أمكن	dictionary	ar
أنتوني	dictionary	ar
أوقفت	dictionary	ar
إيمي	pending	ar
ابتعد	dictionary	ar
اتكلم	pending	ar
احترامي	dictionary	ar
ادري	dictionary	ar
اساس	pending	ar
استهدف	dictionary	ar
اسماء	pending	ar
اشترى	dictionary	ar
اشتهر	dictionary	ar
اصل	dictionary	ar
الأخلاقي	dictionary	ar
الأدبي	dictionary	ar
الأصابع	dictionary	ar
الأقرب	dictionary	ar
الألباني	dictionary	ar
الإعداد	dictionary	ar
الاسعار	pending	ar
الافلام	pending	ar
الانتصار	dictionary	ar
التبليغ	dictionary	ar
التجميل	dictionary	ar
التنافس	dictionary	ar
الجسدي	dictionary	ar
الجوف	dictionary	ar
الديار	dictionary	ar
السخرية	dictionary	ar
السم	dictionary	ar
السيئ	dictionary	ar
الشروق	dictionary	ar
الشهرية	dictionary	ar
الصدارة	dictionary	ar
الصدد	dictionary	ar
الطرد	dictionary	ar
العناوين	dictionary	ar
الفرج	dictionary	ar
الفقري	dictionary	ar
القاتلة	dictionary	ar
القطارات	dictionary	ar
القطن	dictionary	ar
القماش	dictionary	ar
الكاميرون	dictionary	ar
الكره	dictionary	ar
الكمال	dictionary	ar
اللبن	dictionary	ar
اللعنة	dictionary	ar
الماضى	pending	ar
المسماة	dictionary	ar
المصنعة	dictionary	ar
المقربين	dictionary	ar
الملاك	dictionary	ar
المنطقي	dictionary	ar
الموبايل	pending	ar
الموسوعة	dictionary	ar
الموظف	dictionary	ar
الميداني	dictionary	ar
النبوية	dictionary	ar
النجار	dictionary	ar
النظامية	dictionary	ar
الوالد	dictionary	ar
الوعد	dictionary	ar
باردة	dictionary	ar
بلاي	pending	ar
بلدا	dictionary	ar
بيبي	pending	ar
بينكم	dictionary	ar
تحبني	dictionary	ar
تحتفل	dictionary	ar
تخلى	dictionary	ar
تدريس	dictionary	ar
ترجم	dictionary	ar
تسميته	dictionary	ar
تعب	dictionary	ar
تغذية	dictionary	ar
تقدمه	dictionary	ar
تقولي	dictionary	ar
تمرد	dictionary	ar
تنال	dictionary	ar
تنوع	dictionary	ar
ثان	dictionary	ar
جئت	dictionary	ar
جالس	dictionary	ar
جبريل	dictionary	ar
جربت	dictionary	ar
جسدها	dictionary	ar
حالا	dictionary	ar
حبس	dictionary	ar
حجمه	dictionary	ar
حلها	dictionary	ar
حلوى	dictionary	ar
حمله	dictionary	ar
خفية	dictionary	ar
داعيا	dictionary	ar
دخلوا	dictionary	ar
ديلي	dictionary	ar
ديون	dictionary	ar
رأيته	dictionary	ar
رايتس	pending	ar
رفح	dictionary	ar
رون	dictionary	ar
سافرت	dictionary	ar
ستيفان	pending	ar
سخيف	dictionary	ar
سلمى	dictionary	ar
سويف	dictionary	ar
شفيق	dictionary	ar
صلاحيات	dictionary	ar
طريقي	dictionary	ar
طوارئ	dictionary	ar
عديم	dictionary	ar
عرق	dictionary	ar
عفو	dictionary	ar
عيناي	dictionary	ar
فتوى	dictionary	ar
فعلها	dictionary	ar
قراره	dictionary	ar
قرض	dictionary	ar
قطرة	dictionary	ar
قيمته	dictionary	ar
كدة	pending	ar
كس	dictionary	ar
كلينتون	dictionary	ar
كنز	dictionary	ar
لاس	pending	ar
لمحة	dictionary	ar
لمس	dictionary	ar
ليستر	dictionary	ar
مانهاتن	pending	ar
متكاملة	dictionary	ar
مثلهم	dictionary	ar
مجمل	dictionary	ar
محبي	dictionary	ar
مديرا	dictionary	ar
مراسم	dictionary	ar
مزايا	dictionary	ar
مستعدين	dictionary	ar
مشروعا	dictionary	ar
مصنوع	dictionary	ar
مظاهرة	dictionary	ar
معلقة	dictionary	ar
مفاجئة	dictionary	ar
مقاتلة	dictionary	ar
ملحوظة	dictionary	ar
ممثلا	dictionary	ar
منعت	dictionary	ar
مواجهات	dictionary	ar
موحد	dictionary	ar
موقفا	dictionary	ar
ميزان	dictionary	ar
ميشال	pending	ar
نبيه	dictionary	ar
نشأ	dictionary	ar
نووي	dictionary	ar
نيلسون	dictionary	ar
هطول	dictionary	ar
هويته	dictionary	ar
والان	pending	ar
وجودي	dictionary	ar
وفر	dictionary	ar
وليام	pending	ar
