# CC-BANK-PURITY F2 ledger: word<TAB>verdict<TAB>source. One line per bank row, bank order.
# verdicts: dictionary | exception (signed) | pending (auditor sheet). No new row may ever enter as pending.
#tier	easy	0x6EF7E22284435407
#tier	medium	0x891A26AD6FA41EF6
#tier	hard	0xE4E582B30BB0BFD8
#tier	expert	0x6F0496E2481CB4F7
Auge	dictionary	de_DE_frami
Auto	dictionary	de_DE_frami
Ball	dictionary	de_DE_frami
Baum	dictionary	de_DE_frami
Berg	dictionary	de_DE_frami
Blatt	dictionary	de_DE_frami
Blume	dictionary	de_DE_frami
Boot	dictionary	de_DE_frami
Bruder	dictionary	de_DE_frami
Buch	dictionary	de_DE_frami
Bär	dictionary	de_DE_frami
Dorf	dictionary	de_DE_frami
Ei	dictionary	de_DE_frami
Ente	dictionary	de_DE_frami
Familie	dictionary	de_DE_frami
Fenster	dictionary	de_DE_frami
Feuer	dictionary	de_DE_frami
Fisch	dictionary	de_DE_frami
Fluss	dictionary	de_DE_frami
Fuß	dictionary	de_DE_frami
Gras	dictionary	de_DE_frami
Hand	dictionary	de_DE_frami
Haus	dictionary	de_DE_frami
Herz	dictionary	de_DE_frami
Himmel	dictionary	de_DE_frami
Hund	dictionary	de_DE_frami
Hut	dictionary	de_DE_frami
Junge	dictionary	de_DE_frami
Katze	dictionary	de_DE_frami
Kind	dictionary	de_DE_frami
König	dictionary	de_DE_frami
Küche	dictionary	de_DE_frami
Markt	dictionary	de_DE_frami
Maus	dictionary	de_DE_frami
Meer	dictionary	de_DE_frami
Milch	dictionary	de_DE_frami
Mond	dictionary	de_DE_frami
Mund	dictionary	de_DE_frami
Musik	dictionary	de_DE_frami
Mädchen	dictionary	de_DE_frami
Nacht	dictionary	de_DE_frami
Nase	dictionary	de_DE_frami
Ohr	dictionary	de_DE_frami
Pferd	dictionary	de_DE_frami
Rauch	dictionary	de_DE_frami
Regen	dictionary	de_DE_frami
Schnee	dictionary	de_DE_frami
Schule	dictionary	de_DE_frami
Sonne	dictionary	de_DE_frami
Stern	dictionary	de_DE_frami
Straße	dictionary	de_DE_frami
Tag	dictionary	de_DE_frami
Tisch	dictionary	de_DE_frami
Tür	dictionary	de_DE_frami
Vogel	dictionary	de_DE_frami
Wasser	dictionary	de_DE_frami
Wind	dictionary	de_DE_frami
Wolf	dictionary	de_DE_frami
Wolke	dictionary	de_DE_frami
acht	dictionary	de_DE_frami
alt	dictionary	de_DE_frami
angst	dictionary	de_DE_frami
Arbeit	dictionary	de_DE_frami
arm	dictionary	de_DE_frami
Baby	dictionary	de_DE_frami
bauen	dictionary	de_DE_frami
Bein	dictionary	de_DE_frami
Bett	dictionary	de_DE_frami
Bild	dictionary	de_DE_frami
blau	dictionary	de_DE_frami
Blut	dictionary	de_DE_frami
Boden	dictionary	de_DE_frami
brechen	dictionary	de_DE_frami
Brief	dictionary	de_DE_frami
bringen	dictionary	de_DE_frami
Brücke	dictionary	de_DE_frami
Bus	dictionary	de_DE_frami
Dach	dictionary	de_DE_frami
dann	dictionary	de_DE_frami
denken	dictionary	de_DE_frami
dort	dictionary	de_DE_frami
drei	dictionary	de_DE_frami
drücken	dictionary	de_DE_frami
dunkel	dictionary	de_DE_frami
eins	dictionary	de_DE_frami
Eis	dictionary	de_DE_frami
Eisen	dictionary	de_DE_frami
erde	dictionary	de_DE_frami
essen	dictionary	de_DE_frami
Farbe	dictionary	de_DE_frami
Feld	dictionary	de_DE_frami
Felsen	dictionary	de_DE_frami
Film	dictionary	de_DE_frami
finden	dictionary	de_DE_frami
Fleisch	dictionary	de_DE_frami
Form	dictionary	de_DE_frami
freund	dictionary	de_DE_frami
Frieden	dictionary	de_DE_frami
Fuchs	dictionary	de_DE_frami
fünf	dictionary	de_DE_frami
geben	dictionary	de_DE_frami
Gedicht	dictionary	de_DE_frami
gehen	dictionary	de_DE_frami
Geist	dictionary	de_DE_frami
gelb	dictionary	de_DE_frami
Geld	dictionary	de_DE_frami
Gesetz	dictionary	de_DE_frami
Glas	dictionary	de_DE_frami
Gold	dictionary	de_DE_frami
Gott	dictionary	de_DE_frami
grau	dictionary	de_DE_frami
groß	dictionary	de_DE_frami
Größe	dictionary	de_DE_frami
grün	dictionary	de_DE_frami
gut	dictionary	de_DE_frami
Haar	dictionary	de_DE_frami
halten	dictionary	de_DE_frami
haut	dictionary	de_DE_frami
heiß	dictionary	de_DE_frami
helfen	dictionary	de_DE_frami
heute	dictionary	de_DE_frami
hier	dictionary	de_DE_frami
holz	dictionary	de_DE_frami
hundert	dictionary	de_DE_frami
Hügel	dictionary	de_DE_frami
immer	dictionary	de_DE_frami
Insel	dictionary	de_DE_frami
Jahr	dictionary	de_DE_frami
jetzt	dictionary	de_DE_frami
kalt	dictionary	de_DE_frami
Kamera	dictionary	de_DE_frami
kaufen	dictionary	de_DE_frami
kette	dictionary	de_DE_frami
Kirche	dictionary	de_DE_frami
Kiste	dictionary	de_DE_frami
klang	dictionary	de_DE_frami
klasse	dictionary	de_DE_frami
klein	dictionary	de_DE_frami
Knochen	dictionary	de_DE_frami
Kopf	dictionary	de_DE_frami
Kreis	dictionary	de_DE_frami
krieg	dictionary	de_DE_frami
Kunst	dictionary	de_DE_frami
kurz	dictionary	de_DE_frami
Königin	dictionary	de_DE_frami
Körper	dictionary	de_DE_frami
kühl	dictionary	de_DE_frami
laden	dictionary	de_DE_frami
Lampe	dictionary	de_DE_frami
Land	dictionary	de_DE_frami
lang	dictionary	de_DE_frami
langsam	dictionary	de_DE_frami
laufen	dictionary	de_DE_frami
leben	dictionary	de_DE_frami
Lehrer	dictionary	de_DE_frami
leicht	dictionary	de_DE_frami
lesen	dictionary	de_DE_frami
Leute	dictionary	de_DE_frami
licht	dictionary	de_DE_frami
liebe	dictionary	de_DE_frami
Lied	dictionary	de_DE_frami
Linie	dictionary	de_DE_frami
links	dictionary	de_DE_frami
Lärm	dictionary	de_DE_frami
machen	dictionary	de_DE_frami
macht	dictionary	de_DE_frami
Mann	dictionary	de_DE_frami
Mantel	dictionary	de_DE_frami
Medizin	dictionary	de_DE_frami
Metall	dictionary	de_DE_frami
Mitte	dictionary	de_DE_frami
Monat	dictionary	de_DE_frami
morgen	dictionary	de_DE_frami
Mutter	dictionary	de_DE_frami
mögen	dictionary	de_DE_frami
münze	dictionary	de_DE_frami
Nahrung	dictionary	de_DE_frami
Name	dictionary	de_DE_frami
nass	dictionary	de_DE_frami
Nation	dictionary	de_DE_frami
Natur	dictionary	de_DE_frami
nehmen	dictionary	de_DE_frami
nein	dictionary	de_DE_frami
neu	dictionary	de_DE_frami
neun	dictionary	de_DE_frami
nie	dictionary	de_DE_frami
norden	dictionary	de_DE_frami
oft	dictionary	de_DE_frami
Ort	dictionary	de_DE_frami
Osten	dictionary	de_DE_frami
Papier	dictionary	de_DE_frami
pflanze	dictionary	de_DE_frami
Plastik	dictionary	de_DE_frami
preis	dictionary	de_DE_frami
Punkt	dictionary	de_DE_frami
Quadrat	dictionary	de_DE_frami
recht	dictionary	de_DE_frami
Reis	dictionary	de_DE_frami
reise	dictionary	de_DE_frami
Ring	dictionary	de_DE_frami
rot	dictionary	de_DE_frami
rücken	dictionary	de_DE_frami
Salz	dictionary	de_DE_frami
Samen	dictionary	de_DE_frami
Sand	dictionary	de_DE_frami
schauen	dictionary	de_DE_frami
Schiff	dictionary	de_DE_frami
Schmerz	dictionary	de_DE_frami
schnell	dictionary	de_DE_frami
schwach	dictionary	de_DE_frami
schwarz	dictionary	de_DE_frami
Schwein	dictionary	de_DE_frami
schwer	dictionary	de_DE_frami
sechs	dictionary	de_DE_frami
See	dictionary	de_DE_frami
Seele	dictionary	de_DE_frami
Seite	dictionary	de_DE_frami
senden	dictionary	de_DE_frami
sieben	dictionary	de_DE_frami
Silber	dictionary	de_DE_frami
Socke	dictionary	de_DE_frami
Sohn	dictionary	de_DE_frami
Sommer	dictionary	de_DE_frami
spiel	dictionary	de_DE_frami
spielen	dictionary	de_DE_frami
spitze	dictionary	de_DE_frami
Stadt	dictionary	de_DE_frami
stark	dictionary	de_DE_frami
Stein	dictionary	de_DE_frami
stimme	dictionary	de_DE_frami
stoppen	dictionary	de_DE_frami
Student	dictionary	de_DE_frami
stunde	dictionary	de_DE_frami
Süden	dictionary	de_DE_frami
tanzen	dictionary	de_DE_frami
Tasse	dictionary	de_DE_frami
tausend	dictionary	de_DE_frami
Tee	dictionary	de_DE_frami
Teller	dictionary	de_DE_frami
Tier	dictionary	de_DE_frami
Tod	dictionary	de_DE_frami
tragen	dictionary	de_DE_frami
trocken	dictionary	de_DE_frami
Vater	dictionary	de_DE_frami
vier	dictionary	de_DE_frami
vorne	dictionary	de_DE_frami
wand	dictionary	de_DE_frami
warm	dictionary	de_DE_frami
weg	dictionary	de_DE_frami
weich	dictionary	de_DE_frami
wein	dictionary	de_DE_frami
weiß	dictionary	de_DE_frami
welle	dictionary	de_DE_frami
Welt	dictionary	de_DE_frami
Westen	dictionary	de_DE_frami
Winter	dictionary	de_DE_frami
wissen	dictionary	de_DE_frami
Woche	dictionary	de_DE_frami
wohl	dictionary	de_DE_frami
wollen	dictionary	de_DE_frami
Wort	dictionary	de_DE_frami
Wurzel	dictionary	de_DE_frami
zahl	dictionary	de_DE_frami
zahlen	dictionary	de_DE_frami
zehn	dictionary	de_DE_frami
zeit	dictionary	de_DE_frami
ziehen	dictionary	de_DE_frami
zimmer	dictionary	de_DE_frami
Zucker	dictionary	de_DE_frami
Zug	dictionary	de_DE_frami
zwei	dictionary	de_DE_frami
öffnen	dictionary	de_DE_frami
Jacke	dictionary	de_DE_frami
Käse	dictionary	de_DE_frami
Aufzug	dictionary	de_DE_frami
Banane	dictionary	de_DE_frami
Garten	dictionary	de_DE_frami
Orange	dictionary	de_DE_frami
Tomate	dictionary	de_DE_frami
Brille	dictionary	de_DE_frami
Kuchen	dictionary	de_DE_frami
Messer	dictionary	de_DE_frami
Schuhe	dictionary	de_DE_frami
Treppe	dictionary	de_DE_frami
Elefant	dictionary	de_DE_frami
Fahrrad	dictionary	de_DE_frami
Frosch	dictionary	de_DE_frami
Giraffe	dictionary	de_DE_frami
Gitarre	dictionary	de_DE_frami
Pinguin	dictionary	de_DE_frami
Telefon	dictionary	de_DE_frami
Zwiebel	dictionary	de_DE_frami
Karotte	dictionary	de_DE_frami
Löffel	dictionary	de_DE_frami
Skelett	dictionary	de_DE_frami
wurde	dictionary	de_DE_frami
werden	dictionary	de_DE_frami
nicht	dictionary	de_DE_frami
einer	dictionary	de_DE_frami
einem	dictionary	de_DE_frami
durch	dictionary	de_DE_frami
wurden	dictionary	de_DE_frami
einen	dictionary	de_DE_frami
seiner	dictionary	de_DE_frami
seine	dictionary	de_DE_frami
hatte	dictionary	de_DE_frami
unter	dictionary	de_DE_frami
waren	dictionary	de_DE_frami
dieser	dictionary	de_DE_frami
jedoch	dictionary	de_DE_frami
wieder	dictionary	de_DE_frami
eines	dictionary	de_DE_frami
diese	dictionary	de_DE_frami
sowie	dictionary	de_DE_frami
ersten	dictionary	de_DE_frami
seinen	dictionary	de_DE_frami
haben	dictionary	de_DE_frami
seinem	dictionary	de_DE_frami
konnte	dictionary	de_DE_frami
gegen	dictionary	de_DE_frami
ihrer	dictionary	de_DE_frami
können	dictionary	de_DE_frami
später	dictionary	de_DE_frami
beiden	dictionary	de_DE_frami
erste	dictionary	de_DE_frami
diesem	dictionary	de_DE_frami
keine	dictionary	de_DE_frami
zurück	dictionary	de_DE_frami
ihren	dictionary	de_DE_frami
selbst	dictionary	de_DE_frami
damit	dictionary	de_DE_frami
worden	dictionary	de_DE_frami
liegt	dictionary	de_DE_frami
dabei	dictionary	de_DE_frami
dessen	dictionary	de_DE_frami
deren	dictionary	de_DE_frami
statt	dictionary	de_DE_frami
begann	dictionary	de_DE_frami
allem	dictionary	de_DE_frami
schon	dictionary	de_DE_frami
neuen	dictionary	de_DE_frami
einige	dictionary	de_DE_frami
denen	dictionary	de_DE_frami
diesen	dictionary	de_DE_frami
ihrem	dictionary	de_DE_frami
hatten	dictionary	de_DE_frami
dieses	dictionary	de_DE_frami
andere	dictionary	de_DE_frami
sollte	dictionary	de_DE_frami
blieb	dictionary	de_DE_frami
seines	dictionary	de_DE_frami
große	dictionary	de_DE_frami
musste	dictionary	de_DE_frami
wobei	dictionary	de_DE_frami
großen	dictionary	de_DE_frami
viele	dictionary	de_DE_frami
weiter	dictionary	de_DE_frami
führte	dictionary	de_DE_frami
steht	dictionary	de_DE_frami
darauf	dictionary	de_DE_frami
wegen	dictionary	de_DE_frami
kommt	dictionary	de_DE_frami
starb	dictionary	de_DE_frami
meist	dictionary	de_DE_frami
davon	dictionary	de_DE_frami
neben	dictionary	de_DE_frami
tätig	dictionary	de_DE_frami
welche	dictionary	de_DE_frami
ihnen	dictionary	de_DE_frami
findet	dictionary	de_DE_frami
gewann	dictionary	de_DE_frami
lassen	dictionary	de_DE_frami
etwas	dictionary	de_DE_frami
zweite	dictionary	de_DE_frami
erneut	dictionary	de_DE_frami
lange	dictionary	de_DE_frami
allen	dictionary	de_DE_frami
daher	dictionary	de_DE_frami
sowohl	dictionary	de_DE_frami
führt	dictionary	de_DE_frami
alten	dictionary	de_DE_frami
damals	dictionary	de_DE_frami
häufig	dictionary	de_DE_frami
hinaus	dictionary	de_DE_frami
kamen	dictionary	de_DE_frami
zeigt	dictionary	de_DE_frami
stand	dictionary	de_DE_frami
beide	dictionary	de_DE_frami
eigene	dictionary	de_DE_frami
zudem	dictionary	de_DE_frami
kommen	dictionary	de_DE_frami
letzte	dictionary	de_DE_frami
stehen	dictionary	de_DE_frami
vielen	dictionary	de_DE_frami
setzte	dictionary	de_DE_frami
sehen	dictionary	de_DE_frami
wenig	dictionary	de_DE_frami
kleine	dictionary	de_DE_frami
müssen	dictionary	de_DE_frami
dafür	dictionary	de_DE_frami
gehört	dictionary	de_DE_frami
ihres	dictionary	de_DE_frami
somit	dictionary	de_DE_frami
stellt	dictionary	de_DE_frami
gelang	dictionary	de_DE_frami
einmal	dictionary	de_DE_frami
aller	dictionary	de_DE_frami
danach	dictionary	de_DE_frami
liegen	dictionary	de_DE_frami
heraus	dictionary	de_DE_frami
würde	dictionary	de_DE_frami
direkt	dictionary	de_DE_frami
sogar	dictionary	de_DE_frami
folgte	dictionary	de_DE_frami
kehrte	dictionary	de_DE_frami
fanden	dictionary	de_DE_frami
nimmt	dictionary	de_DE_frami
stammt	dictionary	de_DE_frami
bisher	dictionary	de_DE_frami
zuvor	dictionary	de_DE_frami
hohen	dictionary	de_DE_frami
machte	dictionary	de_DE_frami
wenige	dictionary	de_DE_frami
größte	dictionary	de_DE_frami
keinen	dictionary	de_DE_frami
sollen	dictionary	de_DE_frami
jeder	dictionary	de_DE_frami
gebaut	dictionary	de_DE_frami
seien	dictionary	de_DE_frami
wollte	dictionary	de_DE_frami
hielt	dictionary	de_DE_frami
bietet	dictionary	de_DE_frami
lebten	dictionary	de_DE_frami
führen	dictionary	de_DE_frami
stieg	dictionary	de_DE_frami
bildet	dictionary	de_DE_frami
ebenso	dictionary	de_DE_frami
selben	dictionary	de_DE_frami
befand	dictionary	de_DE_frami
großer	dictionary	de_DE_frami
indem	dictionary	de_DE_frami
nichts	dictionary	de_DE_frami
frühen	dictionary	de_DE_frami
sieht	dictionary	de_DE_frami
sodass	dictionary	de_DE_frami
bevor	dictionary	de_DE_frami
diente	dictionary	de_DE_frami
betrug	dictionary	de_DE_frami
hinter	dictionary	de_DE_frami
trägt	dictionary	de_DE_frami
wuchs	dictionary	de_DE_frami
besten	dictionary	de_DE_frami
erster	dictionary	de_DE_frami
könnte	dictionary	de_DE_frami
hätte	dictionary	de_DE_frami
darin	dictionary	de_DE_frami
aktiv	dictionary	de_DE_frami
selten	dictionary	de_DE_frami
gingen	dictionary	de_DE_frami
trotz	dictionary	de_DE_frami
spielt	dictionary	de_DE_frami
allein	dictionary	de_DE_frami
knapp	dictionary	de_DE_frami
setzt	dictionary	de_DE_frami
gerade	dictionary	de_DE_frami
neuer	dictionary	de_DE_frami
bilden	dictionary	de_DE_frami
bleibt	dictionary	de_DE_frami
zeigen	dictionary	de_DE_frami
zwölf	dictionary	de_DE_frami
langen	dictionary	de_DE_frami
verlor	dictionary	de_DE_frami
früher	dictionary	de_DE_frami
breit	dictionary	de_DE_frami
alles	dictionary	de_DE_frami
solche	dictionary	de_DE_frami
dient	dictionary	de_DE_frami
werde	dictionary	de_DE_frami
dritte	dictionary	de_DE_frami
hervor	dictionary	de_DE_frami
jedem	dictionary	de_DE_frami
dahin	dictionary	de_DE_frami
neues	dictionary	de_DE_frami
endete	dictionary	de_DE_frami
gleich	dictionary	de_DE_frami
hätten	dictionary	de_DE_frami
rechts	dictionary	de_DE_frami
stets	dictionary	de_DE_frami
weist	dictionary	de_DE_frami
jungen	dictionary	de_DE_frami
erbaut	dictionary	de_DE_frami
siehe	dictionary	de_DE_frami
heißt	dictionary	de_DE_frami
ganze	dictionary	de_DE_frami
fällt	dictionary	de_DE_frami
nahezu	dictionary	de_DE_frami
würden	dictionary	de_DE_frami
legte	dictionary	de_DE_frami
daran	dictionary	de_DE_frami
oberen	dictionary	de_DE_frami
genau	dictionary	de_DE_frami
folgt	dictionary	de_DE_frami
lebte	dictionary	de_DE_frami
zählt	dictionary	de_DE_frami
linken	dictionary	de_DE_frami
wirkte	dictionary	de_DE_frami
dienen	dictionary	de_DE_frami
sofort	dictionary	de_DE_frami
nahmen	dictionary	de_DE_frami
jedes	dictionary	de_DE_frami
obwohl	dictionary	de_DE_frami
tritt	dictionary	de_DE_frami
unten	dictionary	de_DE_frami
zeigte	dictionary	de_DE_frami
erstes	dictionary	de_DE_frami
könne	dictionary	de_DE_frami
bringt	dictionary	de_DE_frami
kurze	dictionary	de_DE_frami
namens	dictionary	de_DE_frami
völlig	dictionary	de_DE_frami
bekam	dictionary	de_DE_frami
hinzu	dictionary	de_DE_frami
weder	dictionary	de_DE_frami
außen	dictionary	de_DE_frami
erhält	dictionary	de_DE_frami
teils	dictionary	de_DE_frami
besser	dictionary	de_DE_frami
nennt	dictionary	de_DE_frami
belegt	dictionary	de_DE_frami
gelten	dictionary	de_DE_frami
kurzen	dictionary	de_DE_frami
besaß	dictionary	de_DE_frami
dürfen	dictionary	de_DE_frami
zieht	dictionary	de_DE_frami
außer	dictionary	de_DE_frami
guten	dictionary	de_DE_frami
trifft	dictionary	de_DE_frami
bieten	dictionary	de_DE_frami
folgen	dictionary	de_DE_frami
gelegt	dictionary	de_DE_frami
länger	dictionary	de_DE_frami
nannte	dictionary	de_DE_frami
erhöht	dictionary	de_DE_frami
ganzen	dictionary	de_DE_frami
reicht	dictionary	de_DE_frami
beste	dictionary	de_DE_frami
nieder	dictionary	de_DE_frami
daraus	dictionary	de_DE_frami
sicher	dictionary	de_DE_frami
größer	dictionary	de_DE_frami
treten	dictionary	de_DE_frami
höher	dictionary	de_DE_frami
jeden	dictionary	de_DE_frami
möchte	dictionary	de_DE_frami
vorher	dictionary	de_DE_frami
bereit	dictionary	de_DE_frami
nutzen	dictionary	de_DE_frami
späten	dictionary	de_DE_frami
traten	dictionary	de_DE_frami
zuerst	dictionary	de_DE_frami
starke	dictionary	de_DE_frami
zählte	dictionary	de_DE_frami
freien	dictionary	de_DE_frami
hören	dictionary	de_DE_frami
weisen	dictionary	de_DE_frami
anders	dictionary	de_DE_frami
offen	dictionary	de_DE_frami
beider	dictionary	de_DE_frami
fallen	dictionary	de_DE_frami
fortan	dictionary	de_DE_frami
geriet	dictionary	de_DE_frami
höhere	dictionary	de_DE_frami
kennen	dictionary	de_DE_frami
fließt	dictionary	de_DE_frami
läuft	dictionary	de_DE_frami
erwarb	dictionary	de_DE_frami
gaben	dictionary	de_DE_frami
dürfte	dictionary	de_DE_frami
einst	dictionary	de_DE_frami
großes	dictionary	de_DE_frami
lagen	dictionary	de_DE_frami
ließen	dictionary	de_DE_frami
endet	dictionary	de_DE_frami
leitet	dictionary	de_DE_frami
retten	dictionary	de_DE_frami
sonst	dictionary	de_DE_frami
wirkt	dictionary	de_DE_frami
ergibt	dictionary	de_DE_frami
hoher	dictionary	de_DE_frami
anhand	dictionary	de_DE_frami
fehlen	dictionary	de_DE_frami
löste	dictionary	de_DE_frami
schuf	dictionary	de_DE_frami
unklar	dictionary	de_DE_frami
durfte	dictionary	de_DE_frami
sagte	dictionary	de_DE_frami
weißen	dictionary	de_DE_frami
baute	dictionary	de_DE_frami
fielen	dictionary	de_DE_frami
hinten	dictionary	de_DE_frami
schied	dictionary	de_DE_frami
zogen	dictionary	de_DE_frami
keiner	dictionary	de_DE_frami
schlug	dictionary	de_DE_frami
zählen	dictionary	de_DE_frami
genug	dictionary	de_DE_frami
womit	dictionary	de_DE_frami
breite	dictionary	de_DE_frami
fährt	dictionary	de_DE_frami
lehnte	dictionary	de_DE_frami
lernte	dictionary	de_DE_frami
sprach	dictionary	de_DE_frami
steigt	dictionary	de_DE_frami
wirken	dictionary	de_DE_frami
fahren	dictionary	de_DE_frami
nennen	dictionary	de_DE_frami
üblich	dictionary	de_DE_frami
suchen	dictionary	de_DE_frami
wären	dictionary	de_DE_frami
ältere	dictionary	de_DE_frami
bittet	dictionary	de_DE_frami
kurzer	dictionary	de_DE_frami
roten	dictionary	de_DE_frami
weiße	dictionary	de_DE_frami
aktive	dictionary	de_DE_frami
sucht	dictionary	de_DE_frami
alter	dictionary	de_DE_frami
brach	dictionary	de_DE_frami
genaue	dictionary	de_DE_frami
dicht	dictionary	de_DE_frami
gemäß	dictionary	de_DE_frami
kaufte	dictionary	de_DE_frami
lautet	dictionary	de_DE_frami
näher	dictionary	de_DE_frami
vorbei	dictionary	de_DE_frami
nötig	dictionary	de_DE_frami
sorgte	dictionary	de_DE_frami
hinein	dictionary	de_DE_frami
nutzte	dictionary	de_DE_frami
setzen	dictionary	de_DE_frami
vieler	dictionary	de_DE_frami
fehlt	dictionary	de_DE_frami
freie	dictionary	de_DE_frami
hängt	dictionary	de_DE_frami
rasch	dictionary	de_DE_frami
keinem	dictionary	de_DE_frami
müsse	dictionary	de_DE_frami
sahen	dictionary	de_DE_frami
töten	dictionary	de_DE_frami
wandte	dictionary	de_DE_frami
erwies	dictionary	de_DE_frami
herum	dictionary	de_DE_frami
jener	dictionary	de_DE_frami
junger	dictionary	de_DE_frami
nutzt	dictionary	de_DE_frami
obere	dictionary	de_DE_frami
selber	dictionary	de_DE_frami
glaubt	dictionary	de_DE_frami
innen	dictionary	de_DE_frami
rechte	dictionary	de_DE_frami
guter	dictionary	de_DE_frami
hinweg	dictionary	de_DE_frami
kehrt	dictionary	de_DE_frami
taucht	dictionary	de_DE_frami
errang	dictionary	de_DE_frami
gering	dictionary	de_DE_frami
holte	dictionary	de_DE_frami
lokale	dictionary	de_DE_frami
solle	dictionary	de_DE_frami
suchte	dictionary	de_DE_frami
weite	dictionary	de_DE_frami
erfuhr	dictionary	de_DE_frami
ergab	dictionary	de_DE_frami
erlitt	dictionary	de_DE_frami
linke	dictionary	de_DE_frami
plante	dictionary	de_DE_frami
teilte	dictionary	de_DE_frami
trafen	dictionary	de_DE_frami
wolle	dictionary	de_DE_frami
vierte	dictionary	de_DE_frami
freier	dictionary	de_DE_frami
langer	dictionary	de_DE_frami
lernen	dictionary	de_DE_frami
reiste	dictionary	de_DE_frami
sagen	dictionary	de_DE_frami
voller	dictionary	de_DE_frami
wendet	dictionary	de_DE_frami
braun	dictionary	de_DE_frami
darum	dictionary	de_DE_frami
falsch	dictionary	de_DE_frami
offene	dictionary	de_DE_frami
trugen	dictionary	de_DE_frami
achten	dictionary	de_DE_frami
extrem	dictionary	de_DE_frami
legen	dictionary	de_DE_frami
betont	dictionary	de_DE_frami
fühlt	dictionary	de_DE_frami
großem	dictionary	de_DE_frami
untere	dictionary	de_DE_frami
äußere	dictionary	de_DE_frami
davor	dictionary	de_DE_frami
fuhren	dictionary	de_DE_frami
greift	dictionary	de_DE_frami
innere	dictionary	de_DE_frami
wovon	dictionary	de_DE_frami
flach	dictionary	de_DE_frami
galten	dictionary	de_DE_frami
gehabt	dictionary	de_DE_frami
gerne	dictionary	de_DE_frami
lösen	dictionary	de_DE_frami
reich	dictionary	de_DE_frami
sorgt	dictionary	de_DE_frami
stirbt	dictionary	de_DE_frami
mündet	dictionary	de_DE_frami
wahre	dictionary	de_DE_frami
wählte	dictionary	de_DE_frami
älter	dictionary	de_DE_frami
dauert	dictionary	de_DE_frami
festen	dictionary	de_DE_frami
frühe	dictionary	de_DE_frami
fünfte	dictionary	de_DE_frami
heißen	dictionary	de_DE_frami
wirft	dictionary	de_DE_frami
wächst	dictionary	de_DE_frami
griff	dictionary	de_DE_frami
hierzu	dictionary	de_DE_frami
stieß	dictionary	de_DE_frami
zweier	dictionary	de_DE_frami
deutet	dictionary	de_DE_frami
grünen	dictionary	de_DE_frami
online	dictionary	de_DE_frami
reiche	dictionary	de_DE_frami
reine	dictionary	de_DE_frami
sitzt	dictionary	de_DE_frami
sorgen	dictionary	de_DE_frami
wohnte	dictionary	de_DE_frami
circa	dictionary	de_DE_frami
feiern	dictionary	de_DE_frami
hilft	dictionary	de_DE_frami
meint	dictionary	de_DE_frami
nachts	dictionary	de_DE_frami
tötet	dictionary	de_DE_frami
wiegt	dictionary	de_DE_frami
bricht	dictionary	de_DE_frami
hohem	dictionary	de_DE_frami
streng	dictionary	de_DE_frami
beruht	dictionary	de_DE_frami
erlebt	dictionary	de_DE_frami
falls	dictionary	de_DE_frami
feste	dictionary	de_DE_frami
halbe	dictionary	de_DE_frami
jemals	dictionary	de_DE_frami
liebt	dictionary	de_DE_frami
malte	dictionary	de_DE_frami
steil	dictionary	de_DE_frami
warum	dictionary	de_DE_frami
zumal	dictionary	de_DE_frami
ändert	dictionary	de_DE_frami
übrig	dictionary	de_DE_frami
reden	dictionary	de_DE_frami
volle	dictionary	de_DE_frami
wahren	dictionary	de_DE_frami
warten	dictionary	de_DE_frami
bewegt	dictionary	de_DE_frami
dunkle	dictionary	de_DE_frami
echte	dictionary	de_DE_frami
engen	dictionary	de_DE_frami
exakt	dictionary	de_DE_frami
fehlte	dictionary	de_DE_frami
gesagt	dictionary	de_DE_frami
holen	dictionary	de_DE_frami
kennt	dictionary	de_DE_frami
misst	dictionary	de_DE_frami
prägte	dictionary	de_DE_frami
scharf	dictionary	de_DE_frami
schien	dictionary	de_DE_frami
singen	dictionary	de_DE_frami
sitzen	dictionary	de_DE_frami
stetig	dictionary	de_DE_frami
tiefe	dictionary	de_DE_frami
worauf	dictionary	de_DE_frami
bezog	dictionary	de_DE_frami
drehte	dictionary	de_DE_frami
flache	dictionary	de_DE_frami
lehrte	dictionary	de_DE_frami
wonach	dictionary	de_DE_frami
öffnet	dictionary	de_DE_frami
bedarf	dictionary	de_DE_frami
bester	dictionary	de_DE_frami
blaue	dictionary	de_DE_frami
derart	dictionary	de_DE_frami
enden	dictionary	de_DE_frami
meine	dictionary	de_DE_frami
runden	dictionary	de_DE_frami
rückte	dictionary	de_DE_frami
soweit	dictionary	de_DE_frami
teilt	dictionary	de_DE_frami
voraus	dictionary	de_DE_frami
wählen	dictionary	de_DE_frami
blauen	dictionary	de_DE_frami
derer	dictionary	de_DE_frami
deuten	dictionary	de_DE_frami
einzig	dictionary	de_DE_frami
erhebt	dictionary	de_DE_frami
fragt	dictionary	de_DE_frami
gutes	dictionary	de_DE_frami
lernt	dictionary	de_DE_frami
lieber	dictionary	de_DE_frami
liefen	dictionary	de_DE_frami
reinen	dictionary	de_DE_frami
schmal	dictionary	de_DE_frami
siegte	dictionary	de_DE_frami
sofern	dictionary	de_DE_frami
stößt	dictionary	de_DE_frami
wider	dictionary	de_DE_frami
wohnt	dictionary	de_DE_frami
dünnen	dictionary	de_DE_frami
gelbe	dictionary	de_DE_frami
gelöst	dictionary	de_DE_frami
reisen	dictionary	de_DE_frami
voran	dictionary	de_DE_frami
wohnen	dictionary	de_DE_frami
belief	dictionary	de_DE_frami
drohte	dictionary	de_DE_frami
erbte	dictionary	de_DE_frami
fassen	dictionary	de_DE_frami
fasste	dictionary	de_DE_frami
fertig	dictionary	de_DE_frami
getan	dictionary	de_DE_frami
heran	dictionary	de_DE_frami
jemand	dictionary	de_DE_frami
manche	dictionary	de_DE_frami
meinte	dictionary	de_DE_frami
primär	dictionary	de_DE_frami
tiefen	dictionary	de_DE_frami
tiefer	dictionary	de_DE_frami
unsere	dictionary	de_DE_frami
wartet	dictionary	de_DE_frami
weiten	dictionary	de_DE_frami
widmet	dictionary	de_DE_frami
allzu	dictionary	de_DE_frami
befahl	dictionary	de_DE_frami
bemüht	dictionary	de_DE_frami
desto	dictionary	de_DE_frami
feinen	dictionary	de_DE_frami
hohes	dictionary	de_DE_frami
jenen	dictionary	de_DE_frami
legten	dictionary	de_DE_frami
mitten	dictionary	de_DE_frami
plant	dictionary	de_DE_frami
teilen	dictionary	de_DE_frami
weißer	dictionary	de_DE_frami
dreht	dictionary	de_DE_frami
droht	dictionary	de_DE_frami
einher	dictionary	de_DE_frami
enorme	dictionary	de_DE_frami
flieht	dictionary	de_DE_frami
frisch	dictionary	de_DE_frami
gelben	dictionary	de_DE_frami
gerät	dictionary	de_DE_frami
harte	dictionary	de_DE_frami
heller	dictionary	de_DE_frami
hängen	dictionary	de_DE_frami
mittig	dictionary	de_DE_frami
müsste	dictionary	de_DE_frami
schöne	dictionary	de_DE_frami
sinkt	dictionary	de_DE_frami
ändern	dictionary	de_DE_frami
bestes	dictionary	de_DE_frami
drehen	dictionary	de_DE_frami
echten	dictionary	de_DE_frami
eigens	dictionary	de_DE_frami
fügte	dictionary	de_DE_frami
geehrt	dictionary	de_DE_frami
grauen	dictionary	de_DE_frami
grüne	dictionary	de_DE_frami
gültig	dictionary	de_DE_frami
lehnt	dictionary	de_DE_frami
meiste	dictionary	de_DE_frami
schoss	dictionary	de_DE_frami
spitz	dictionary	de_DE_frami
stimmt	dictionary	de_DE_frami
stürzt	dictionary	de_DE_frami
trennt	dictionary	de_DE_frami
unser	dictionary	de_DE_frami
wofür	dictionary	de_DE_frami
ähnelt	dictionary	de_DE_frami
übrige	dictionary	de_DE_frami
altes	dictionary	de_DE_frami
begab	dictionary	de_DE_frami
besagt	dictionary	de_DE_frami
binnen	dictionary	de_DE_frami
eignet	dictionary	de_DE_frami
enger	dictionary	de_DE_frami
ernst	dictionary	de_DE_frami
genoss	dictionary	de_DE_frami
halben	dictionary	de_DE_frami
jenem	dictionary	de_DE_frami
klare	dictionary	de_DE_frami
langem	dictionary	de_DE_frami
leiden	dictionary	de_DE_frami
längst	dictionary	de_DE_frami
mäßig	dictionary	de_DE_frami
neuere	dictionary	de_DE_frami
privat	dictionary	de_DE_frami
reist	dictionary	de_DE_frami
schräg	dictionary	de_DE_frami
vollen	dictionary	de_DE_frami
zeugen	dictionary	de_DE_frami
ähneln	dictionary	de_DE_frami
öfter	dictionary	de_DE_frami
erhob	dictionary	de_DE_frami
fasst	dictionary	de_DE_frami
fühlte	dictionary	de_DE_frami
gelebt	dictionary	de_DE_frami
grenzt	dictionary	de_DE_frami
kannte	dictionary	de_DE_frami
massiv	dictionary	de_DE_frami
nahen	dictionary	de_DE_frami
nebst	dictionary	de_DE_frami
neuem	dictionary	de_DE_frami
realen	dictionary	de_DE_frami
roter	dictionary	de_DE_frami
rührt	dictionary	de_DE_frami
begibt	dictionary	de_DE_frami
dichte	dictionary	de_DE_frami
fremde	dictionary	de_DE_frami
ganzes	dictionary	de_DE_frami
harten	dictionary	de_DE_frami
hellen	dictionary	de_DE_frami
messen	dictionary	de_DE_frami
rettet	dictionary	de_DE_frami
rotem	dictionary	de_DE_frami
runde	dictionary	de_DE_frami
sobald	dictionary	de_DE_frami
stehe	dictionary	de_DE_frami
teuer	dictionary	de_DE_frami
werfen	dictionary	de_DE_frami
widmen	dictionary	de_DE_frami
wählt	dictionary	de_DE_frami
dauern	dictionary	de_DE_frami
flohen	dictionary	de_DE_frami
herab	dictionary	de_DE_frami
jagen	dictionary	de_DE_frami
kalten	dictionary	de_DE_frami
kehren	dictionary	de_DE_frami
krank	dictionary	de_DE_frami
kürzer	dictionary	de_DE_frami
liest	dictionary	de_DE_frami
lobte	dictionary	de_DE_frami
meinen	dictionary	de_DE_frami
nötige	dictionary	de_DE_frami
passt	dictionary	de_DE_frami
planen	dictionary	de_DE_frami
prüfen	dictionary	de_DE_frami
ruhen	dictionary	de_DE_frami
ruhig	dictionary	de_DE_frami
rächen	dictionary	de_DE_frami
steckt	dictionary	de_DE_frami
unweit	dictionary	de_DE_frami
wohin	dictionary	de_DE_frami
zirka	dictionary	de_DE_frami
antrat	dictionary	de_DE_frami
berief	dictionary	de_DE_frami
boten	dictionary	de_DE_frami
feiert	dictionary	de_DE_frami
ferner	dictionary	de_DE_frami
fester	dictionary	de_DE_frami
geholt	dictionary	de_DE_frami
gemalt	dictionary	de_DE_frami
grünem	dictionary	de_DE_frami
hörte	dictionary	de_DE_frami
indes	dictionary	de_DE_frami
melden	dictionary	de_DE_frami
singt	dictionary	de_DE_frami
solch	dictionary	de_DE_frami
sozial	dictionary	de_DE_frami
vorsah	dictionary	de_DE_frami
weitem	dictionary	de_DE_frami
weißem	dictionary	de_DE_frami
wütend	dictionary	de_DE_frami
zwang	dictionary	de_DE_frami
analog	dictionary	de_DE_frami
antike	dictionary	de_DE_frami
bebaut	dictionary	de_DE_frami
braune	dictionary	de_DE_frami
dünne	dictionary	de_DE_frami
erlag	dictionary	de_DE_frami
gelobt	dictionary	de_DE_frami
glatt	dictionary	de_DE_frami
heftig	dictionary	de_DE_frami
lasse	dictionary	de_DE_frami
leidet	dictionary	de_DE_frami
passen	dictionary	de_DE_frami
prägen	dictionary	de_DE_frami
rufen	dictionary	de_DE_frami
sinken	dictionary	de_DE_frami
still	dictionary	de_DE_frami
trieb	dictionary	de_DE_frami
vergab	dictionary	de_DE_frami
wilden	dictionary	de_DE_frami
woraus	dictionary	de_DE_frami
wusste	dictionary	de_DE_frami
annahm	dictionary	de_DE_frami
armen	dictionary	de_DE_frami
bauten	dictionary	de_DE_frami
fliegt	dictionary	de_DE_frami
führe	dictionary	de_DE_frami
halbes	dictionary	de_DE_frami
helle	dictionary	de_DE_frami
kurzem	dictionary	de_DE_frami
landen	dictionary	de_DE_frami
locker	dictionary	de_DE_frami
mobile	dictionary	de_DE_frami
quasi	dictionary	de_DE_frami
siebte	dictionary	de_DE_frami
vieles	dictionary	de_DE_frami
warfen	dictionary	de_DE_frami
warmen	dictionary	de_DE_frami
pause	dictionary	de_DE_frami
Prinzip	dictionary	de_DE_frami
Prüfung	dictionary	de_DE_frami
schöner	dictionary	de_DE_frami
Tradition	dictionary	de_DE_frami
Training	dictionary	de_DE_frami
Typen	dictionary	de_DE_frami
Umwelt	dictionary	de_DE_frami
Vorstellung	dictionary	de_DE_frami
Vorteil	dictionary	de_DE_frami
Wilhelm	dictionary	de_DE_frami
willen	dictionary	de_DE_frami
würdest	dictionary	de_DE_frami
Abstand	dictionary	de_DE_frami
Amerika	dictionary	de_DE_frami
Antrag	dictionary	de_DE_frami
Anwendung	dictionary	de_DE_frami
Bonn	dictionary	de_DE_frami
Bühne	dictionary	de_DE_frami
Fischer	dictionary	de_DE_frami
haare	dictionary	de_DE_frami
Hessen	dictionary	de_DE_frami
komisch	dictionary	de_DE_frami
nächstes	dictionary	de_DE_frami
Parlament	dictionary	de_DE_frami
Respekt	dictionary	de_DE_frami
schönes	dictionary	de_DE_frami
Simon	dictionary	de_DE_frami
steuern	dictionary	de_DE_frami
warte	dictionary	de_DE_frami
Analyse	dictionary	de_DE_frami
Aufnahme	dictionary	de_DE_frami
auftritt	dictionary	de_DE_frami
aussagen	dictionary	de_DE_frami
Behörden	dictionary	de_DE_frami
freue	dictionary	de_DE_frami
Förderung	dictionary	de_DE_frami
gemeinden	dictionary	de_DE_frami
genießen	dictionary	de_DE_frami
Johann	dictionary	de_DE_frami
Josef	dictionary	de_DE_frami
jährigen	dictionary	de_DE_frami
Konzert	dictionary	de_DE_frami
Münster	dictionary	de_DE_frami
Nachbarn	dictionary	de_DE_frami
News	dictionary	de_DE_frami
Publikum	dictionary	de_DE_frami
Rechnung	dictionary	de_DE_frami
Sammlung	dictionary	de_DE_frami
Service	dictionary	de_DE_frami
Standard	dictionary	de_DE_frami
streit	dictionary	de_DE_frami
Städten	dictionary	de_DE_frami
Teams	dictionary	de_DE_frami
Theorie	dictionary	de_DE_frami
Umgang	dictionary	de_DE_frami
verkauf	dictionary	de_DE_frami
West	dictionary	de_DE_frami
angefangen	dictionary	de_DE_frami
Beschreibung	dictionary	de_DE_frami
Charakter	dictionary	de_DE_frami
dringend	dictionary	de_DE_frami
Entscheidungen	dictionary	de_DE_frami
gang	dictionary	de_DE_frami
gebraucht	dictionary	de_DE_frami
gefährlich	dictionary	de_DE_frami
Hamburger	dictionary	de_DE_frami
heiße	dictionary	de_DE_frami
Realität	dictionary	de_DE_frami
Republik	dictionary	de_DE_frami
Rhein	dictionary	de_DE_frami
Schmidt	dictionary	de_DE_frami
Syrien	dictionary	de_DE_frami
Termin	dictionary	de_DE_frami
texte	dictionary	de_DE_frami
Tipps	dictionary	de_DE_frami
Witz	dictionary	de_DE_frami
Zugang	dictionary	de_DE_frami
Beziehungen	dictionary	de_DE_frami
brauchst	dictionary	de_DE_frami
Einrichtung	dictionary	de_DE_frami
Experten	dictionary	de_DE_frami
Fan	dictionary	de_DE_frami
Gast	dictionary	de_DE_frami
Gegenteil	dictionary	de_DE_frami
Homepage	dictionary	de_DE_frami
Japan	dictionary	de_DE_frami
Jesus	dictionary	de_DE_frami
jugendliche	dictionary	de_DE_frami
Kategorie	dictionary	de_DE_frami
kommenden	dictionary	de_DE_frami
kommst	dictionary	de_DE_frami
Krankheit	dictionary	de_DE_frami
morgens	dictionary	de_DE_frami
Nazis	dictionary	de_DE_frami
Nutzer	dictionary	de_DE_frami
Nutzung	dictionary	de_DE_frami
Otto	dictionary	de_DE_frami
pflanzen	dictionary	de_DE_frami
Posten	dictionary	de_DE_frami
Richard	dictionary	de_DE_frami
Sitz	dictionary	de_DE_frami
Stefan	dictionary	de_DE_frami
Ton	dictionary	de_DE_frami
unterschiedliche	dictionary	de_DE_frami
verlauf	dictionary	de_DE_frami
wechsel	dictionary	de_DE_frami
Afrika	dictionary	de_DE_frami
Ansicht	dictionary	de_DE_frami
Aufbau	dictionary	de_DE_frami
Beine	dictionary	de_DE_frami
Beispiele	dictionary	de_DE_frami
Chancen	dictionary	de_DE_frami
Dame	dictionary	de_DE_frami
Design	dictionary	de_DE_frami
George	dictionary	de_DE_frami
Islam	dictionary	de_DE_frami
Keller	dictionary	de_DE_frami
lohnt	dictionary	de_DE_frami
momentan	dictionary	de_DE_frami
Präsidenten	dictionary	de_DE_frami
Rock	dictionary	de_DE_frami
Staffel	dictionary	de_DE_frami
Untersuchung	dictionary	de_DE_frami
Worten	dictionary	de_DE_frami
Württemberg	dictionary	de_DE_frami
Angebote	dictionary	de_DE_frami
Anhänger	dictionary	de_DE_frami
Anlass	dictionary	de_DE_frami
bekomme	dictionary	de_DE_frami
besonderes	dictionary	de_DE_frami
Dauer	dictionary	de_DE_frami
Einheit	dictionary	de_DE_frami
Farben	dictionary	de_DE_frami
Gewicht	dictionary	de_DE_frami
Hersteller	dictionary	de_DE_frami
Händen	dictionary	de_DE_frami
Häuser	dictionary	de_DE_frami
Jürgen	dictionary	de_DE_frami
kaputt	dictionary	de_DE_frami
Minister	dictionary	de_DE_frami
Niveau	dictionary	de_DE_frami
Philosophie	dictionary	de_DE_frami
Projekte	dictionary	de_DE_frami
rechnen	dictionary	de_DE_frami
Software	dictionary	de_DE_frami
toten	dictionary	de_DE_frami
Unterricht	dictionary	de_DE_frami
verlangen	dictionary	de_DE_frami
Vorschlag	dictionary	de_DE_frami
widerstand	dictionary	de_DE_frami
Ärzte	dictionary	de_DE_frami
Abteilung	dictionary	de_DE_frami
Adresse	dictionary	de_DE_frami
Amerikaner	dictionary	de_DE_frami
anzeige	dictionary	de_DE_frami
Ausnahme	dictionary	de_DE_frami
aussieht	dictionary	de_DE_frami
Fläche	dictionary	de_DE_frami
fordern	dictionary	de_DE_frami
formen	dictionary	de_DE_frami
gestalten	dictionary	de_DE_frami
gesund	dictionary	de_DE_frami
Hauptstadt	dictionary	de_DE_frami
Hi	dictionary	de_DE_frami
Infos	dictionary	de_DE_frami
Ludwig	dictionary	de_DE_frami
Mission	dictionary	de_DE_frami
Nachmittag	dictionary	de_DE_frami
pass	dictionary	de_DE_frami
Pflicht	dictionary	de_DE_frami
ruf	dictionary	de_DE_frami
Single	dictionary	de_DE_frami
zeug	dictionary	de_DE_frami
anscheinend	dictionary	de_DE_frami
Autoren	dictionary	de_DE_frami
Beweis	dictionary	de_DE_frami
Brandenburg	dictionary	de_DE_frami
Drogen	dictionary	de_DE_frami
Freiburg	dictionary	de_DE_frami
Gefühle	dictionary	de_DE_frami
Geschenk	dictionary	de_DE_frami
Gesetze	dictionary	de_DE_frami
großartig	dictionary	de_DE_frami
Hunde	dictionary	de_DE_frami
Kommunikation	dictionary	de_DE_frami
Leser	dictionary	de_DE_frami
Mainz	dictionary	de_DE_frami
Manager	dictionary	de_DE_frami
Media	dictionary	de_DE_frami
Unterseite	dictionary	de_DE_frami
Schüssel	dictionary	de_DE_frami
Bauernhof	dictionary	de_DE_frami
Gesundheit	dictionary	de_DE_frami
Hoffnung	dictionary	de_DE_frami
springen	dictionary	de_DE_frami
schlüssel	dictionary	de_DE_frami
Maschine	dictionary	de_DE_frami
brauchen	dictionary	de_DE_frami
Frühling	dictionary	de_DE_frami
Geschäft	dictionary	de_DE_frami
Geschichte	dictionary	de_DE_frami
schwimmen	dictionary	de_DE_frami
Abenteuer	dictionary	de_DE_frami
Apotheke	dictionary	de_DE_frami
Bibliothek	dictionary	de_DE_frami
Bäckerei	dictionary	de_DE_frami
Computer	dictionary	de_DE_frami
Dinosaurier	dictionary	de_DE_frami
Erdbeere	dictionary	de_DE_frami
Erfahrung	dictionary	de_DE_frami
Fahrkarte	dictionary	de_DE_frami
Fernseher	dictionary	de_DE_frami
Flughafen	dictionary	de_DE_frami
Flugzeug	dictionary	de_DE_frami
Fußball	dictionary	de_DE_frami
Geburtstag	dictionary	de_DE_frami
Gemälde	dictionary	de_DE_frami
Gewissen	dictionary	de_DE_frami
Handschuh	dictionary	de_DE_frami
Himbeere	dictionary	de_DE_frami
Jahreszeit	dictionary	de_DE_frami
Kalender	dictionary	de_DE_frami
Kaninchen	dictionary	de_DE_frami
Kartoffel	dictionary	de_DE_frami
Kaugummi	dictionary	de_DE_frami
Krankenhaus	dictionary	de_DE_frami
Krokodil	dictionary	de_DE_frami
Löwenzahn	dictionary	de_DE_frami
Marmelade	dictionary	de_DE_frami
Muschel	dictionary	de_DE_frami
Obstgarten	dictionary	de_DE_frami
Qualität	dictionary	de_DE_frami
Regierung	dictionary	de_DE_frami
Restaurant	dictionary	de_DE_frami
Schlange	dictionary	de_DE_frami
Schokolade	dictionary	de_DE_frami
Schwester	dictionary	de_DE_frami
Serviette	dictionary	de_DE_frami
Werkzeug	dictionary	de_DE_frami
zwischen	dictionary	de_DE_frami
anderen	dictionary	de_DE_frami
bereits	dictionary	de_DE_frami
weitere	dictionary	de_DE_frami
während	dictionary	de_DE_frami
erhielt	dictionary	de_DE_frami
zunächst	dictionary	de_DE_frami
bekannt	dictionary	de_DE_frami
befindet	dictionary	de_DE_frami
zusammen	dictionary	de_DE_frami
sondern	dictionary	de_DE_frami
mehrere	dictionary	de_DE_frami
erhalten	dictionary	de_DE_frami
konnten	dictionary	de_DE_frami
zweiten	dictionary	de_DE_frami
letzten	dictionary	de_DE_frami
jeweils	dictionary	de_DE_frami
erstmals	dictionary	de_DE_frami
besteht	dictionary	de_DE_frami
genannt	dictionary	de_DE_frami
weiteren	dictionary	de_DE_frami
eigenen	dictionary	de_DE_frami
erfolgte	dictionary	de_DE_frami
anderem	dictionary	de_DE_frami
entstand	dictionary	de_DE_frami
meisten	dictionary	de_DE_frami
spielte	dictionary	de_DE_frami
aufgrund	dictionary	de_DE_frami
möglich	dictionary	de_DE_frami
genutzt	dictionary	de_DE_frami
erschien	dictionary	de_DE_frami
deutlich	dictionary	de_DE_frami
gehörte	dictionary	de_DE_frami
kleinen	dictionary	de_DE_frami
übernahm	dictionary	de_DE_frami
erreicht	dictionary	de_DE_frami
befinden	dictionary	de_DE_frami
gewesen	dictionary	de_DE_frami
handelt	dictionary	de_DE_frami
geboren	dictionary	de_DE_frami
bestand	dictionary	de_DE_frami
gewählt	dictionary	de_DE_frami
stellte	dictionary	de_DE_frami
erwähnt	dictionary	de_DE_frami
deutsche	dictionary	de_DE_frami
weniger	dictionary	de_DE_frami
mehreren	dictionary	de_DE_frami
einigen	dictionary	de_DE_frami
nachdem	dictionary	de_DE_frami
heutigen	dictionary	de_DE_frami
schrieb	dictionary	de_DE_frami
gleichen	dictionary	de_DE_frami
sollten	dictionary	de_DE_frami
beträgt	dictionary	de_DE_frami
außerdem	dictionary	de_DE_frami
nächsten	dictionary	de_DE_frami
dritten	dictionary	de_DE_frami
darunter	dictionary	de_DE_frami
darüber	dictionary	de_DE_frami
einzige	dictionary	de_DE_frami
mussten	dictionary	de_DE_frami
besitzt	dictionary	de_DE_frami
umfasst	dictionary	de_DE_frami
dadurch	dictionary	de_DE_frami
größten	dictionary	de_DE_frami
ersetzt	dictionary	de_DE_frami
welches	dictionary	de_DE_frami
versucht	dictionary	de_DE_frami
gehören	dictionary	de_DE_frami
entfernt	dictionary	de_DE_frami
relativ	dictionary	de_DE_frami
gründete	dictionary	de_DE_frami
bestehen	dictionary	de_DE_frami
gesamte	dictionary	de_DE_frami
verloren	dictionary	de_DE_frami
gefunden	dictionary	de_DE_frami
zerstört	dictionary	de_DE_frami
eröffnet	dictionary	de_DE_frami
wiederum	dictionary	de_DE_frami
deshalb	dictionary	de_DE_frami
beginnt	dictionary	de_DE_frami
erzielte	dictionary	de_DE_frami
gesamten	dictionary	de_DE_frami
enthält	dictionary	de_DE_frami
geführt	dictionary	de_DE_frami
erkennen	dictionary	de_DE_frami
verkauft	dictionary	de_DE_frami
blieben	dictionary	de_DE_frami
gebracht	dictionary	de_DE_frami
genommen	dictionary	de_DE_frami
gestellt	dictionary	de_DE_frami
weiterer	dictionary	de_DE_frami
besuchte	dictionary	de_DE_frami
weltweit	dictionary	de_DE_frami
bedeutet	dictionary	de_DE_frami
folgten	dictionary	de_DE_frami
größeren	dictionary	de_DE_frami
geprägt	dictionary	de_DE_frami
brachte	dictionary	de_DE_frami
beendete	dictionary	de_DE_frami
gemacht	dictionary	de_DE_frami
welcher	dictionary	de_DE_frami
gegeben	dictionary	de_DE_frami
erfolgt	dictionary	de_DE_frami
geworden	dictionary	de_DE_frami
hingegen	dictionary	de_DE_frami
dagegen	dictionary	de_DE_frami
jährlich	dictionary	de_DE_frami
anderer	dictionary	de_DE_frami
mehrfach	dictionary	de_DE_frami
erklärt	dictionary	de_DE_frami
gezeigt	dictionary	de_DE_frami
größere	dictionary	de_DE_frami
bleiben	dictionary	de_DE_frami
verließ	dictionary	de_DE_frami
verfügt	dictionary	de_DE_frami
standen	dictionary	de_DE_frami
arbeitet	dictionary	de_DE_frami
stellen	dictionary	de_DE_frami
benannt	dictionary	de_DE_frami
ernannt	dictionary	de_DE_frami
getötet	dictionary	de_DE_frami
stammen	dictionary	de_DE_frami
gewinnen	dictionary	de_DE_frami
heutige	dictionary	de_DE_frami
startete	dictionary	de_DE_frami
entlang	dictionary	de_DE_frami
wodurch	dictionary	de_DE_frami
schloss	dictionary	de_DE_frami
gehalten	dictionary	de_DE_frami
südlich	dictionary	de_DE_frami
zuletzt	dictionary	de_DE_frami
wenigen	dictionary	de_DE_frami
angelegt	dictionary	de_DE_frami
scheint	dictionary	de_DE_frami
begonnen	dictionary	de_DE_frami
einfach	dictionary	de_DE_frami
kleiner	dictionary	de_DE_frami
späteren	dictionary	de_DE_frami
höchste	dictionary	de_DE_frami
besitzen	dictionary	de_DE_frami
ähnlich	dictionary	de_DE_frami
nördlich	dictionary	de_DE_frami
leitete	dictionary	de_DE_frami
weiteres	dictionary	de_DE_frami
älteren	dictionary	de_DE_frami
früheren	dictionary	de_DE_frami
zugleich	dictionary	de_DE_frami
arbeiten	dictionary	de_DE_frami
belegte	dictionary	de_DE_frami
verstarb	dictionary	de_DE_frami
wichtige	dictionary	de_DE_frami
begannen	dictionary	de_DE_frami
verletzt	dictionary	de_DE_frami
älteste	dictionary	de_DE_frami
dennoch	dictionary	de_DE_frami
erklärte	dictionary	de_DE_frami
gehörten	dictionary	de_DE_frami
entweder	dictionary	de_DE_frami
seitdem	dictionary	de_DE_frami
versehen	dictionary	de_DE_frami
bislang	dictionary	de_DE_frami
entdeckt	dictionary	de_DE_frami
getrennt	dictionary	de_DE_frami
befanden	dictionary	de_DE_frami
bestimmt	dictionary	de_DE_frami
gesehen	dictionary	de_DE_frami
zweimal	dictionary	de_DE_frami
geplant	dictionary	de_DE_frami
unteren	dictionary	de_DE_frami
bildete	dictionary	de_DE_frami
gekommen	dictionary	de_DE_frami
manchmal	dictionary	de_DE_frami
spricht	dictionary	de_DE_frami
führten	dictionary	de_DE_frami
rechten	dictionary	de_DE_frami
verläuft	dictionary	de_DE_frami
anfangs	dictionary	de_DE_frami
benutzt	dictionary	de_DE_frami
ungefähr	dictionary	de_DE_frami
bestritt	dictionary	de_DE_frami
kleinere	dictionary	de_DE_frami
eigenes	dictionary	de_DE_frami
einzelne	dictionary	de_DE_frami
höheren	dictionary	de_DE_frami
gespielt	dictionary	de_DE_frami
spielten	dictionary	de_DE_frami
einiger	dictionary	de_DE_frami
modernen	dictionary	de_DE_frami
übrigen	dictionary	de_DE_frami
einzigen	dictionary	de_DE_frami
komplett	dictionary	de_DE_frami
sozialen	dictionary	de_DE_frami
beendet	dictionary	de_DE_frami
erinnert	dictionary	de_DE_frami
gesetzt	dictionary	de_DE_frami
folgende	dictionary	de_DE_frami
handelte	dictionary	de_DE_frami
schließt	dictionary	de_DE_frami
derzeit	dictionary	de_DE_frami
gelingt	dictionary	de_DE_frami
mittels	dictionary	de_DE_frami
schweren	dictionary	de_DE_frami
vierten	dictionary	de_DE_frami
parallel	dictionary	de_DE_frami
starken	dictionary	de_DE_frami
verlegt	dictionary	de_DE_frami
westlich	dictionary	de_DE_frami
bekannte	dictionary	de_DE_frami
erlaubt	dictionary	de_DE_frami
gebildet	dictionary	de_DE_frami
hierbei	dictionary	de_DE_frami
höchsten	dictionary	de_DE_frami
schwere	dictionary	de_DE_frami
erfährt	dictionary	de_DE_frami
getragen	dictionary	de_DE_frami
lokalen	dictionary	de_DE_frami
besetzt	dictionary	de_DE_frami
soziale	dictionary	de_DE_frami
solchen	dictionary	de_DE_frami
oberhalb	dictionary	de_DE_frami
schaffen	dictionary	de_DE_frami
sichtbar	dictionary	de_DE_frami
treffen	dictionary	de_DE_frami
weshalb	dictionary	de_DE_frami
zweiter	dictionary	de_DE_frami
bekommen	dictionary	de_DE_frami
erzählt	dictionary	de_DE_frami
könnten	dictionary	de_DE_frami
offenen	dictionary	de_DE_frami
umgeben	dictionary	de_DE_frami
vergeben	dictionary	de_DE_frami
zumeist	dictionary	de_DE_frami
ergänzt	dictionary	de_DE_frami
geborene	dictionary	de_DE_frami
zufolge	dictionary	de_DE_frami
täglich	dictionary	de_DE_frami
umgebaut	dictionary	de_DE_frami
widmete	dictionary	de_DE_frami
östlich	dictionary	de_DE_frami
eigener	dictionary	de_DE_frami
maximal	dictionary	de_DE_frami
aktiven	dictionary	de_DE_frami
gelangen	dictionary	de_DE_frami
schreibt	dictionary	de_DE_frami
verfügte	dictionary	de_DE_frami
geringen	dictionary	de_DE_frami
besucht	dictionary	de_DE_frami
verboten	dictionary	de_DE_frami
verteilt	dictionary	de_DE_frami
änderte	dictionary	de_DE_frami
gewonnen	dictionary	de_DE_frami
aktuelle	dictionary	de_DE_frami
gefangen	dictionary	de_DE_frami
genannte	dictionary	de_DE_frami
stärker	dictionary	de_DE_frami
dauerte	dictionary	de_DE_frami
dortigen	dictionary	de_DE_frami
entgegen	dictionary	de_DE_frami
entsteht	dictionary	de_DE_frami
gefärbt	dictionary	de_DE_frami
privaten	dictionary	de_DE_frami
versetzt	dictionary	de_DE_frami
beginnen	dictionary	de_DE_frami
bezieht	dictionary	de_DE_frami
gleiche	dictionary	de_DE_frami
jüngeren	dictionary	de_DE_frami
reichen	dictionary	de_DE_frami
geeignet	dictionary	de_DE_frami
offenbar	dictionary	de_DE_frami
schaffte	dictionary	de_DE_frami
wollten	dictionary	de_DE_frami
ältesten	dictionary	de_DE_frami
äußerst	dictionary	de_DE_frami
betreibt	dictionary	de_DE_frami
erfolgen	dictionary	de_DE_frami
sprechen	dictionary	de_DE_frami
ständig	dictionary	de_DE_frami
begrenzt	dictionary	de_DE_frami
erkennt	dictionary	de_DE_frami
umfasste	dictionary	de_DE_frami
verliebt	dictionary	de_DE_frami
verlief	dictionary	de_DE_frami
berufen	dictionary	de_DE_frami
ergeben	dictionary	de_DE_frami
fünften	dictionary	de_DE_frami
geringer	dictionary	de_DE_frami
anderes	dictionary	de_DE_frami
behielt	dictionary	de_DE_frami
breiten	dictionary	de_DE_frami
erhoben	dictionary	de_DE_frami
geöffnet	dictionary	de_DE_frami
spätere	dictionary	de_DE_frami
wirklich	dictionary	de_DE_frami
bildeten	dictionary	de_DE_frami
einfache	dictionary	de_DE_frami
mehrerer	dictionary	de_DE_frami
mehrmals	dictionary	de_DE_frami
stellten	dictionary	de_DE_frami
benötigt	dictionary	de_DE_frami
diverse	dictionary	de_DE_frami
durchaus	dictionary	de_DE_frami
geändert	dictionary	de_DE_frami
damalige	dictionary	de_DE_frami
direkte	dictionary	de_DE_frami
erfahren	dictionary	de_DE_frami
erzielt	dictionary	de_DE_frami
forderte	dictionary	de_DE_frami
meistens	dictionary	de_DE_frami
nämlich	dictionary	de_DE_frami
oftmals	dictionary	de_DE_frami
starben	dictionary	de_DE_frami
verfolgt	dictionary	de_DE_frami
vermutet	dictionary	de_DE_frami
bewegen	dictionary	de_DE_frami
ehemals	dictionary	de_DE_frami
geringe	dictionary	de_DE_frami
jüdische	dictionary	de_DE_frami
private	dictionary	de_DE_frami
verlässt	dictionary	de_DE_frami
erstellt	dictionary	de_DE_frami
heiraten	dictionary	de_DE_frami
hielten	dictionary	de_DE_frami
kleines	dictionary	de_DE_frami
bewusst	dictionary	de_DE_frami
erlebte	dictionary	de_DE_frami
längere	dictionary	de_DE_frami
machten	dictionary	de_DE_frami
schlecht	dictionary	de_DE_frami
wichtig	dictionary	de_DE_frami
zentrale	dictionary	de_DE_frami
üblichen	dictionary	de_DE_frami
abhängig	dictionary	de_DE_frami
erfasst	dictionary	de_DE_frami
ermordet	dictionary	de_DE_frami
häufiger	dictionary	de_DE_frami
kämpfen	dictionary	de_DE_frami
leisten	dictionary	de_DE_frami
nunmehr	dictionary	de_DE_frami
solcher	dictionary	de_DE_frami
verfügen	dictionary	de_DE_frami
erworben	dictionary	de_DE_frami
manchen	dictionary	de_DE_frami
nochmals	dictionary	de_DE_frami
schützen	dictionary	de_DE_frami
äußeren	dictionary	de_DE_frami
bekommt	dictionary	de_DE_frami
bezogen	dictionary	de_DE_frami
diesmal	dictionary	de_DE_frami
dreimal	dictionary	de_DE_frami
einander	dictionary	de_DE_frami
erinnern	dictionary	de_DE_frami
fliehen	dictionary	de_DE_frami
geraten	dictionary	de_DE_frami
hierfür	dictionary	de_DE_frami
mittlere	dictionary	de_DE_frami
stammte	dictionary	de_DE_frami
vertrat	dictionary	de_DE_frami
zweites	dictionary	de_DE_frami
abgebaut	dictionary	de_DE_frami
angebaut	dictionary	de_DE_frami
diversen	dictionary	de_DE_frami
erzeugt	dictionary	de_DE_frami
längeren	dictionary	de_DE_frami
bedeckt	dictionary	de_DE_frami
direkten	dictionary	de_DE_frami
durften	dictionary	de_DE_frami
gedreht	dictionary	de_DE_frami
gelangte	dictionary	de_DE_frami
gelegen	dictionary	de_DE_frami
gelegene	dictionary	de_DE_frami
geleitet	dictionary	de_DE_frami
gewannen	dictionary	de_DE_frami
mögliche	dictionary	de_DE_frami
seither	dictionary	de_DE_frami
seltener	dictionary	de_DE_frami
bedient	dictionary	de_DE_frami
endlich	dictionary	de_DE_frami
gezogen	dictionary	de_DE_frami
gezählt	dictionary	de_DE_frami
inneren	dictionary	de_DE_frami
moderne	dictionary	de_DE_frami
richtig	dictionary	de_DE_frami
verliert	dictionary	de_DE_frami
alleine	dictionary	de_DE_frami
datiert	dictionary	de_DE_frami
erfüllt	dictionary	de_DE_frami
gelangt	dictionary	de_DE_frami
geplante	dictionary	de_DE_frami
gewisse	dictionary	de_DE_frami
infolge	dictionary	de_DE_frami
nächste	dictionary	de_DE_frami
setzten	dictionary	de_DE_frami
trotzdem	dictionary	de_DE_frami
vorerst	dictionary	de_DE_frami
geweiht	dictionary	de_DE_frami
kündigte	dictionary	de_DE_frami
positiv	dictionary	de_DE_frami
reichte	dictionary	de_DE_frami
schwarze	dictionary	de_DE_frami
speziell	dictionary	de_DE_frami
zeigten	dictionary	de_DE_frami
zwanzig	dictionary	de_DE_frami
betrieb	dictionary	de_DE_frami
einziger	dictionary	de_DE_frami
gleicher	dictionary	de_DE_frami
normalen	dictionary	de_DE_frami
ähnliche	dictionary	de_DE_frami
brachten	dictionary	de_DE_frami
demnach	dictionary	de_DE_frami
erklären	dictionary	de_DE_frami
geschah	dictionary	de_DE_frami
letztes	dictionary	de_DE_frami
passiert	dictionary	de_DE_frami
versorgt	dictionary	de_DE_frami
besaßen	dictionary	de_DE_frami
besuchen	dictionary	de_DE_frami
beziehen	dictionary	de_DE_frami
deutsch	dictionary	de_DE_frami
erkannt	dictionary	de_DE_frami
gefeiert	dictionary	de_DE_frami
heiligen	dictionary	de_DE_frami
hinteren	dictionary	de_DE_frami
stehende	dictionary	de_DE_frami
verfasst	dictionary	de_DE_frami
antreten	dictionary	de_DE_frami
erkannte	dictionary	de_DE_frami
frühere	dictionary	de_DE_frami
niemals	dictionary	de_DE_frami
scheinen	dictionary	de_DE_frami
sichern	dictionary	de_DE_frami
sterben	dictionary	de_DE_frami
vielmehr	dictionary	de_DE_frami
östliche	dictionary	de_DE_frami
dienten	dictionary	de_DE_frami
enthielt	dictionary	de_DE_frami
erfüllen	dictionary	de_DE_frami
erhöhte	dictionary	de_DE_frami
gefahren	dictionary	de_DE_frami
herrscht	dictionary	de_DE_frami
leichter	dictionary	de_DE_frami
schlägt	dictionary	de_DE_frami
basiert	dictionary	de_DE_frami
besseren	dictionary	de_DE_frami
englisch	dictionary	de_DE_frami
erneuten	dictionary	de_DE_frami
gemeint	dictionary	de_DE_frami
gewinnt	dictionary	de_DE_frami
handeln	dictionary	de_DE_frami
niemand	dictionary	de_DE_frami
trennte	dictionary	de_DE_frami
versteht	dictionary	de_DE_frami
befreit	dictionary	de_DE_frami
beliebt	dictionary	de_DE_frami
bemerkt	dictionary	de_DE_frami
betreut	dictionary	de_DE_frami
deswegen	dictionary	de_DE_frami
einzeln	dictionary	de_DE_frami
erzielen	dictionary	de_DE_frami
feierte	dictionary	de_DE_frami
letzter	dictionary	de_DE_frami
markiert	dictionary	de_DE_frami
maximale	dictionary	de_DE_frami
vielfach	dictionary	de_DE_frami
welchem	dictionary	de_DE_frami
antiken	dictionary	de_DE_frami
begraben	dictionary	de_DE_frami
belegen	dictionary	de_DE_frami
erneuert	dictionary	de_DE_frami
erneute	dictionary	de_DE_frami
intensiv	dictionary	de_DE_frami
sechsten	dictionary	de_DE_frami
welchen	dictionary	de_DE_frami
abermals	dictionary	de_DE_frami
bedingt	dictionary	de_DE_frami
erteilt	dictionary	de_DE_frami
erwartet	dictionary	de_DE_frami
fertigte	dictionary	de_DE_frami
fördern	dictionary	de_DE_frami
gedacht	dictionary	de_DE_frami
geklärt	dictionary	de_DE_frami
genauso	dictionary	de_DE_frami
gesperrt	dictionary	de_DE_frami
wachsen	dictionary	de_DE_frami
bedroht	dictionary	de_DE_frami
befreien	dictionary	de_DE_frami
beinahe	dictionary	de_DE_frami
benannte	dictionary	de_DE_frami
braucht	dictionary	de_DE_frami
fliegen	dictionary	de_DE_frami
solches	dictionary	de_DE_frami
verblieb	dictionary	de_DE_frami
vermuten	dictionary	de_DE_frami
vorderen	dictionary	de_DE_frami
zustande	dictionary	de_DE_frami
äußerte	dictionary	de_DE_frami
anstatt	dictionary	de_DE_frami
begegnet	dictionary	de_DE_frami
bessere	dictionary	de_DE_frami
dunklen	dictionary	de_DE_frami
einziges	dictionary	de_DE_frami
erlangte	dictionary	de_DE_frami
größerer	dictionary	de_DE_frami
sicherte	dictionary	de_DE_frami
variiert	dictionary	de_DE_frami
absolute	dictionary	de_DE_frami
etliche	dictionary	de_DE_frami
flachen	dictionary	de_DE_frami
generell	dictionary	de_DE_frami
gezielt	dictionary	de_DE_frami
gründen	dictionary	de_DE_frami
jüngste	dictionary	de_DE_frami
leistete	dictionary	de_DE_frami
richtete	dictionary	de_DE_frami
trennen	dictionary	de_DE_frami
zeichnet	dictionary	de_DE_frami
zitiert	dictionary	de_DE_frami
benutzen	dictionary	de_DE_frami
daneben	dictionary	de_DE_frami
entwarf	dictionary	de_DE_frami
erhöhen	dictionary	de_DE_frami
gefallen	dictionary	de_DE_frami
lebenden	dictionary	de_DE_frami
positive	dictionary	de_DE_frami
schmalen	dictionary	de_DE_frami
vermehrt	dictionary	de_DE_frami
abgelöst	dictionary	de_DE_frami
begangen	dictionary	de_DE_frami
belegten	dictionary	de_DE_frami
bezahlen	dictionary	de_DE_frami
breiter	dictionary	de_DE_frami
entführt	dictionary	de_DE_frami
erlernte	dictionary	de_DE_frami
gekauft	dictionary	de_DE_frami
gelungen	dictionary	de_DE_frami
geteilt	dictionary	de_DE_frami
glauben	dictionary	de_DE_frami
jüngere	dictionary	de_DE_frami
liefert	dictionary	de_DE_frami
liegende	dictionary	de_DE_frami
saniert	dictionary	de_DE_frami
schwerer	dictionary	de_DE_frami
stiegen	dictionary	de_DE_frami
verlangt	dictionary	de_DE_frami
zufällig	dictionary	de_DE_frami
anstelle	dictionary	de_DE_frami
behaart	dictionary	de_DE_frami
bestellt	dictionary	de_DE_frami
bewohnt	dictionary	de_DE_frami
dahinter	dictionary	de_DE_frami
dortige	dictionary	de_DE_frami
erbaute	dictionary	de_DE_frami
erwarten	dictionary	de_DE_frami
gefolgt	dictionary	de_DE_frami
gemeldet	dictionary	de_DE_frami
gemessen	dictionary	de_DE_frami
goldenen	dictionary	de_DE_frami
schafft	dictionary	de_DE_frami
viermal	dictionary	de_DE_frami
wechseln	dictionary	de_DE_frami
weigerte	dictionary	de_DE_frami
abseits	dictionary	de_DE_frami
beenden	dictionary	de_DE_frami
befasste	dictionary	de_DE_frami
bewertet	dictionary	de_DE_frami
gewidmet	dictionary	de_DE_frami
goldene	dictionary	de_DE_frami
lautete	dictionary	de_DE_frami
ohnehin	dictionary	de_DE_frami
römische	dictionary	de_DE_frami
sammelte	dictionary	de_DE_frami
seitlich	dictionary	de_DE_frami
starker	dictionary	de_DE_frami
stimmte	dictionary	de_DE_frami
ziemlich	dictionary	de_DE_frami
aktuell	dictionary	de_DE_frami
benutzte	dictionary	de_DE_frami
erzählen	dictionary	de_DE_frami
gebunden	dictionary	de_DE_frami
genauen	dictionary	de_DE_frami
gerufen	dictionary	de_DE_frami
gesendet	dictionary	de_DE_frami
kritisch	dictionary	de_DE_frami
meldete	dictionary	de_DE_frami
seitens	dictionary	de_DE_frami
überall	dictionary	de_DE_frami
aufweist	dictionary	de_DE_frami
befahren	dictionary	de_DE_frami
besiegt	dictionary	de_DE_frami
betragen	dictionary	de_DE_frami
dunkler	dictionary	de_DE_frami
ernannte	dictionary	de_DE_frami
erwähnte	dictionary	de_DE_frami
fordert	dictionary	de_DE_frami
gedruckt	dictionary	de_DE_frami
größeres	dictionary	de_DE_frami
gültigen	dictionary	de_DE_frami
hölzerne	dictionary	de_DE_frami
jüngerer	dictionary	de_DE_frami
liefern	dictionary	de_DE_frami
mitunter	dictionary	de_DE_frami
offener	dictionary	de_DE_frami
zugrunde	dictionary	de_DE_frami
älterer	dictionary	de_DE_frami
örtliche	dictionary	de_DE_frami
behalten	dictionary	de_DE_frami
bekamen	dictionary	de_DE_frami
betreten	dictionary	de_DE_frami
breites	dictionary	de_DE_frami
dieselbe	dictionary	de_DE_frami
dritter	dictionary	de_DE_frami
explizit	dictionary	de_DE_frami
richtet	dictionary	de_DE_frami
schönen	dictionary	de_DE_frami
unterlag	dictionary	de_DE_frami
verlegte	dictionary	de_DE_frami
vertraut	dictionary	de_DE_frami
betrifft	dictionary	de_DE_frami
förderte	dictionary	de_DE_frami
gebauten	dictionary	de_DE_frami
genügend	dictionary	de_DE_frami
geworfen	dictionary	de_DE_frami
glaubte	dictionary	de_DE_frami
inmitten	dictionary	de_DE_frami
negativ	dictionary	de_DE_frami
neueren	dictionary	de_DE_frami
sicheren	dictionary	de_DE_frami
stammten	dictionary	de_DE_frami
südliche	dictionary	de_DE_frami
typische	dictionary	de_DE_frami
verdient	dictionary	de_DE_frami
vertritt	dictionary	de_DE_frami
übliche	dictionary	de_DE_frami
aufrecht	dictionary	de_DE_frami
barocke	dictionary	de_DE_frami
beweisen	dictionary	de_DE_frami
bezahlt	dictionary	de_DE_frami
erheben	dictionary	de_DE_frami
ersetzen	dictionary	de_DE_frami
erwiesen	dictionary	de_DE_frami
führende	dictionary	de_DE_frami
gerettet	dictionary	de_DE_frami
gewährt	dictionary	de_DE_frami
hintere	dictionary	de_DE_frami
niedrige	dictionary	de_DE_frami
nutzten	dictionary	de_DE_frami
schmale	dictionary	de_DE_frami
schnelle	dictionary	de_DE_frami
steilen	dictionary	de_DE_frami
typisch	dictionary	de_DE_frami
umfassen	dictionary	de_DE_frami
verwandt	dictionary	de_DE_frami
abgelegt	dictionary	de_DE_frami
annehmen	dictionary	de_DE_frami
aufgeben	dictionary	de_DE_frami
entzogen	dictionary	de_DE_frami
erlassen	dictionary	de_DE_frami
falschen	dictionary	de_DE_frami
früherer	dictionary	de_DE_frami
gegangen	dictionary	de_DE_frami
gelassen	dictionary	de_DE_frami
genutzte	dictionary	de_DE_frami
gerecht	dictionary	de_DE_frami
gotische	dictionary	de_DE_frami
heimlich	dictionary	de_DE_frami
leichte	dictionary	de_DE_frami
leichten	dictionary	de_DE_frami
oberste	dictionary	de_DE_frami
starten	dictionary	de_DE_frami
unserer	dictionary	de_DE_frami
verehrt	dictionary	de_DE_frami
wechselt	dictionary	de_DE_frami
zeichnen	dictionary	de_DE_frami
zentral	dictionary	de_DE_frami
befasst	dictionary	de_DE_frami
bewahren	dictionary	de_DE_frami
bewahrt	dictionary	de_DE_frami
doppelt	dictionary	de_DE_frami
dorthin	dictionary	de_DE_frami
drittes	dictionary	de_DE_frami
gebaute	dictionary	de_DE_frami
gefasst	dictionary	de_DE_frami
gefüllt	dictionary	de_DE_frami
gepflegt	dictionary	de_DE_frami
geregelt	dictionary	de_DE_frami
gesucht	dictionary	de_DE_frami
gewertet	dictionary	de_DE_frami
jüngsten	dictionary	de_DE_frami
konstant	dictionary	de_DE_frami
sammeln	dictionary	de_DE_frami
sinnvoll	dictionary	de_DE_frami
solange	dictionary	de_DE_frami
tödlich	dictionary	de_DE_frami
weichen	dictionary	de_DE_frami
weswegen	dictionary	de_DE_frami
ansässig	dictionary	de_DE_frami
aufbauen	dictionary	de_DE_frami
beachten	dictionary	de_DE_frami
bedeuten	dictionary	de_DE_frami
bedienen	dictionary	de_DE_frami
beliefen	dictionary	de_DE_frami
bemühte	dictionary	de_DE_frami
digitale	dictionary	de_DE_frami
eigenem	dictionary	de_DE_frami
ergänzte	dictionary	de_DE_frami
erhöhten	dictionary	de_DE_frami
erlangen	dictionary	de_DE_frami
erlaubte	dictionary	de_DE_frami
erwerben	dictionary	de_DE_frami
falsche	dictionary	de_DE_frami
geformt	dictionary	de_DE_frami
gelöscht	dictionary	de_DE_frami
gänzlich	dictionary	de_DE_frami
kehrten	dictionary	de_DE_frami
lieferte	dictionary	de_DE_frami
obersten	dictionary	de_DE_frami
silberne	dictionary	de_DE_frami
steigen	dictionary	de_DE_frami
stürzte	dictionary	de_DE_frami
verweist	dictionary	de_DE_frami
überlebt	dictionary	de_DE_frami
übertrug	dictionary	de_DE_frami
anwesend	dictionary	de_DE_frami
bestraft	dictionary	de_DE_frami
brannte	dictionary	de_DE_frami
dänische	dictionary	de_DE_frami
ergaben	dictionary	de_DE_frami
ersetzte	dictionary	de_DE_frami
geboten	dictionary	de_DE_frami
geprüft	dictionary	de_DE_frami
gesteht	dictionary	de_DE_frami
gewählte	dictionary	de_DE_frami
jenseits	dictionary	de_DE_frami
reagiert	dictionary	de_DE_frami
relative	dictionary	de_DE_frami
rötlich	dictionary	de_DE_frami
startet	dictionary	de_DE_frami
steigern	dictionary	de_DE_frami
ständige	dictionary	de_DE_frami
vermerkt	dictionary	de_DE_frami
wirksam	dictionary	de_DE_frami
zählten	dictionary	de_DE_frami
dreißig	dictionary	de_DE_frami
erlauben	dictionary	de_DE_frami
gesungen	dictionary	de_DE_frami
gewisser	dictionary	de_DE_frami
greifen	dictionary	de_DE_frami
instand	dictionary	de_DE_frami
kostete	dictionary	de_DE_frami
kämpfte	dictionary	de_DE_frami
massiven	dictionary	de_DE_frami
nannten	dictionary	de_DE_frami
nutzbar	dictionary	de_DE_frami
Königreich	dictionary	de_DE_frami
Kündigung	dictionary	de_DE_frami
Labor	dictionary	de_DE_frami
listen	dictionary	de_DE_frami
logisch	dictionary	de_DE_frami
Migration	dictionary	de_DE_frami
mitbekommen	dictionary	de_DE_frami
mitgenommen	dictionary	de_DE_frami
Mittelmeer	dictionary	de_DE_frami
Mitternacht	dictionary	de_DE_frami
Museen	dictionary	de_DE_frami
neueste	dictionary	de_DE_frami
nutze	dictionary	de_DE_frami
nötigen	dictionary	de_DE_frami
Osnabrück	dictionary	de_DE_frami
Ostsee	dictionary	de_DE_frami
paare	dictionary	de_DE_frami
Partnerschaft	dictionary	de_DE_frami
Rache	dictionary	de_DE_frami
Restaurants	dictionary	de_DE_frami
Resultat	dictionary	de_DE_frami
Rosen	dictionary	de_DE_frami
russisch	dictionary	de_DE_frami
schickte	dictionary	de_DE_frami
schwäche	dictionary	de_DE_frami
Sohnes	dictionary	de_DE_frami
Sparkasse	dictionary	de_DE_frami
starkes	dictionary	de_DE_frami
Straftaten	dictionary	de_DE_frami
stufen	dictionary	de_DE_frami
Störungen	dictionary	de_DE_frami
suchst	dictionary	de_DE_frami
Transparenz	dictionary	de_DE_frami
Trends	dictionary	de_DE_frami
umsetzen	dictionary	de_DE_frami
Untergang	dictionary	de_DE_frami
vermisse	dictionary	de_DE_frami
Verstärkung	dictionary	de_DE_frami
Weimar	dictionary	de_DE_frami
weitaus	dictionary	de_DE_frami
wellen	dictionary	de_DE_frami
wärst	dictionary	de_DE_frami
zeig	dictionary	de_DE_frami
ziehe	dictionary	de_DE_frami
zielen	dictionary	de_DE_frami
öffentlicher	dictionary	de_DE_frami
andern	dictionary	de_DE_frami
andre	dictionary	de_DE_frami
Anordnung	dictionary	de_DE_frami
anstrengend	dictionary	de_DE_frami
antwortet	dictionary	de_DE_frami
Becken	dictionary	de_DE_frami
bemühen	dictionary	de_DE_frami
Beobachtung	dictionary	de_DE_frami
Berechnung	dictionary	de_DE_frami
besorgen	dictionary	de_DE_frami
Besserung	dictionary	de_DE_frami
Bestellung	dictionary	de_DE_frami
Bildschirm	dictionary	de_DE_frami
braut	dictionary	de_DE_frami
Charaktere	dictionary	de_DE_frami
Eishockey	dictionary	de_DE_frami
Elbe	dictionary	de_DE_frami
Ensemble	dictionary	de_DE_frami
extreme	dictionary	de_DE_frami
festgehalten	dictionary	de_DE_frami
fördert	dictionary	de_DE_frami
Gastgeber	dictionary	de_DE_frami
gefangenen	dictionary	de_DE_frami
geglaubt	dictionary	de_DE_frami
gehöre	dictionary	de_DE_frami
Gemeinderat	dictionary	de_DE_frami
geschnitten	dictionary	de_DE_frami
gewollt	dictionary	de_DE_frami
Handys	dictionary	de_DE_frami
haushalte	dictionary	de_DE_frami
Hintern	dictionary	de_DE_frami
häufigsten	dictionary	de_DE_frami
isbn	pending	de_DE_frami
Kaufmann	dictionary	de_DE_frami
Koblenz	dictionary	de_DE_frami
kurve	dictionary	de_DE_frami
langsamer	dictionary	de_DE_frami
Lars	dictionary	de_DE_frami
Leinwand	dictionary	de_DE_frami
Lücke	dictionary	de_DE_frami
Marathon	dictionary	de_DE_frami
Mars	dictionary	de_DE_frami
mauern	dictionary	de_DE_frami
merkwürdig	dictionary	de_DE_frami
minus	dictionary	de_DE_frami
Mix	dictionary	de_DE_frami
Muskeln	dictionary	de_DE_frami
Nachteil	dictionary	de_DE_frami
nehmt	dictionary	de_DE_frami
netter	dictionary	de_DE_frami
Nina	dictionary	de_DE_frami
Notfall	dictionary	de_DE_frami
Papiere	dictionary	de_DE_frami
Pariser	dictionary	de_DE_frami
Perspektiven	dictionary	de_DE_frami
persönlicher	dictionary	de_DE_frami
Quote	dictionary	de_DE_frami
Rückzug	dictionary	de_DE_frami
schreit	dictionary	de_DE_frami
Segen	dictionary	de_DE_frami
Stift	dictionary	de_DE_frami
tauschen	dictionary	de_DE_frami
Telefonnummer	dictionary	de_DE_frami
Töchter	dictionary	de_DE_frami
über	dictionary	de_DE_frami
Urkunde	dictionary	de_DE_frami
verdanken	dictionary	de_DE_frami
vereinbart	dictionary	de_DE_frami
versagen	dictionary	de_DE_frami
Versionen	dictionary	de_DE_frami
vertrieb	dictionary	de_DE_frami
Volumen	dictionary	de_DE_frami
Vorfall	dictionary	de_DE_frami
Vorsprung	dictionary	de_DE_frami
Vorträge	dictionary	de_DE_frami
warnen	dictionary	de_DE_frami
wiese	dictionary	de_DE_frami
Williams	dictionary	de_DE_frami
zeitlich	dictionary	de_DE_frami
zustände	dictionary	de_DE_frami
Überlegungen	dictionary	de_DE_frami
überwinden	dictionary	de_DE_frami
abfahrt	dictionary	de_DE_frami
Abwehr	dictionary	de_DE_frami
Aktie	dictionary	de_DE_frami
alternativ	dictionary	de_DE_frami
Amtszeit	dictionary	de_DE_frami
angeben	dictionary	de_DE_frami
anhören	dictionary	de_DE_frami
Anpassung	dictionary	de_DE_frami
anschließen	dictionary	de_DE_frami
anzunehmen	dictionary	de_DE_frami
Atem	dictionary	de_DE_frami
auffällig	dictionary	de_DE_frami
aufstellen	dictionary	de_DE_frami
Ausflug	dictionary	de_DE_frami
ausgeben	dictionary	de_DE_frami
Auswertung	dictionary	de_DE_frami
Bamberg	dictionary	de_DE_frami
begreifen	dictionary	de_DE_frami
bekanntlich	dictionary	de_DE_frami
belastet	dictionary	de_DE_frami
beruflich	dictionary	de_DE_frami
beruflichen	dictionary	de_DE_frami
bombe	dictionary	de_DE_frami
boxen	dictionary	de_DE_frami
buchen	dictionary	de_DE_frami
Buches	dictionary	de_DE_frami
Carlos	dictionary	de_DE_frami
Chinesen	dictionary	de_DE_frami
Crew	dictionary	de_DE_frami
Diebstahl	dictionary	de_DE_frami
Dietrich	dictionary	de_DE_frami
einheimischen	dictionary	de_DE_frami
Einschränkungen	dictionary	de_DE_frami
Empfehlungen	dictionary	de_DE_frami
entdeckte	dictionary	de_DE_frami
erben	dictionary	de_DE_frami
Erscheinung	dictionary	de_DE_frami
Erzählung	dictionary	de_DE_frami
ferne	dictionary	de_DE_frami
Films	dictionary	de_DE_frami
folgender	dictionary	de_DE_frami
freu	pending	de_DE_frami
gedrückt	dictionary	de_DE_frami
geistig	dictionary	de_DE_frami
Gepäck	dictionary	de_DE_frami
Gerüchte	dictionary	de_DE_frami
gewechselt	dictionary	de_DE_frami
gezahlt	dictionary	de_DE_frami
geäußert	dictionary	de_DE_frami
griechische	dictionary	de_DE_frami
grossvater	pending	de_DE_frami
Helm	dictionary	de_DE_frami
herstellen	dictionary	de_DE_frami
Historiker	dictionary	de_DE_frami
Ingenieur	dictionary	de_DE_frami
Innenminister	dictionary	de_DE_frami
Junioren	dictionary	de_DE_frami
Kapelle	dictionary	de_DE_frami
Klo	dictionary	de_DE_frami
Kreises	dictionary	de_DE_frami
Landgericht	dictionary	de_DE_frami
lerne	dictionary	de_DE_frami
letztere	dictionary	de_DE_frami
Linux	dictionary	de_DE_frami
Lizenz	dictionary	de_DE_frami
Mindestlohn	dictionary	de_DE_frami
Möbel	dictionary	de_DE_frami
münzen	dictionary	de_DE_frami
nehm	pending	de_DE_frami
Ostern	dictionary	de_DE_frami
Podcast	dictionary	de_DE_frami
probiert	dictionary	de_DE_frami
Reserve	dictionary	de_DE_frami
Ruhestand	dictionary	de_DE_frami
Saudi	dictionary	de_DE_frami
schaffe	dictionary	de_DE_frami
Schwangerschaft	dictionary	de_DE_frami
Schülerinnen	dictionary	de_DE_frami
sportliche	dictionary	de_DE_frami
stärksten	dictionary	de_DE_frami
technischer	dictionary	de_DE_frami
Testament	dictionary	de_DE_frami
Texas	dictionary	de_DE_frami
Thailand	dictionary	de_DE_frami
Tricks	dictionary	de_DE_frami
trinkt	dictionary	de_DE_frami
verarbeitet	dictionary	de_DE_frami
vereint	dictionary	de_DE_frami
Vermieter	dictionary	de_DE_frami
Vermittlung	dictionary	de_DE_frami
versorgen	dictionary	de_DE_frami
verursachen	dictionary	de_DE_frami
Viertelfinale	dictionary	de_DE_frami
vorliegt	dictionary	de_DE_frami
wertvolle	dictionary	de_DE_frami
wirkliche	dictionary	de_DE_frami
wunderschöne	dictionary	de_DE_frami
Zigaretten	dictionary	de_DE_frami
überschritten	dictionary	de_DE_frami
Übungen	dictionary	de_DE_frami
Affen	dictionary	de_DE_frami
Andy	dictionary	de_DE_frami
angeschaut	dictionary	de_DE_frami
anpassen	dictionary	de_DE_frami
Anwesenheit	dictionary	de_DE_frami
Anzeichen	dictionary	de_DE_frami
Arbeitslosigkeit	dictionary	de_DE_frami
ausdrücken	dictionary	de_DE_frami
ausgenommen	dictionary	de_DE_frami
backen	dictionary	de_DE_frami
bedanken	dictionary	de_DE_frami
beeindruckend	dictionary	de_DE_frami
Befreiung	dictionary	de_DE_frami
Belohnung	dictionary	de_DE_frami
bitter	dictionary	de_DE_frami
Bundesland	dictionary	de_DE_frami
bunte	dictionary	de_DE_frami
Effekte	dictionary	de_DE_frami
einfallen	dictionary	de_DE_frami
Einleitung	dictionary	de_DE_frami
Einschränkung	dictionary	de_DE_frami
empfehle	dictionary	de_DE_frami
Enkel	dictionary	de_DE_frami
Ergänzung	dictionary	de_DE_frami
erweitern	dictionary	de_DE_frami
Fakt	dictionary	de_DE_frami
Fantasie	dictionary	de_DE_frami
Finnland	dictionary	de_DE_frami
Francisco	dictionary	de_DE_frami
fähig	dictionary	de_DE_frami
Genf	dictionary	de_DE_frami
gestoßen	dictionary	de_DE_frami
Gnade	dictionary	de_DE_frami
Handball	dictionary	de_DE_frami
Hauptmann	dictionary	de_DE_frami
illegale	dictionary	de_DE_frami
interessantes	dictionary	de_DE_frami
interne	dictionary	de_DE_frami
Ironie	dictionary	de_DE_frami
Julius	dictionary	de_DE_frami
Klamotten	dictionary	de_DE_frami
Kommando	dictionary	de_DE_frami
kommentiert	dictionary	de_DE_frami
Kopie	dictionary	de_DE_frami
Korrektur	dictionary	de_DE_frami
Künstlerin	dictionary	de_DE_frami
Landesregierung	dictionary	de_DE_frami
lege	dictionary	de_DE_frami
lehren	dictionary	de_DE_frami
ländlichen	dictionary	de_DE_frami
Marktplatz	dictionary	de_DE_frami
Minderheit	dictionary	de_DE_frami
mitgeteilt	dictionary	de_DE_frami
mitteilen	dictionary	de_DE_frami
moderner	dictionary	de_DE_frami
Muschi	dictionary	de_DE_frami
nervös	dictionary	de_DE_frami
netten	dictionary	de_DE_frami
Nächte	dictionary	de_DE_frami
Oldenburg	dictionary	de_DE_frami
pflichten	dictionary	de_DE_frami
Projekten	dictionary	de_DE_frami
Proteste	dictionary	de_DE_frami
Rabatt	dictionary	de_DE_frami
Rasse	dictionary	de_DE_frami
regelmäßige	dictionary	de_DE_frami
reißen	dictionary	de_DE_frami
Römer	dictionary	de_DE_frami
Saarland	dictionary	de_DE_frami
Sanierung	dictionary	de_DE_frami
Schein	dictionary	de_DE_frami
Schuh	dictionary	de_DE_frami
schultern	dictionary	de_DE_frami
schwierige	dictionary	de_DE_frami
Siegfried	dictionary	de_DE_frami
smart	dictionary	de_DE_frami
Socken	dictionary	de_DE_frami
Staats	dictionary	de_DE_frami
Stadtrat	dictionary	de_DE_frami
Stirn	dictionary	de_DE_frami
Stuttgarter	dictionary	de_DE_frami
stürzen	dictionary	de_DE_frami
Tobias	dictionary	de_DE_frami
Topf	dictionary	de_DE_frami
unfassbar	dictionary	de_DE_frami
unwahrscheinlich	dictionary	de_DE_frami
verwandte	dictionary	de_DE_frami
Victor	dictionary	de_DE_frami
Vorjahr	dictionary	de_DE_frami
Welten	dictionary	de_DE_frami
Wikipedia	dictionary	de_DE_frami
Wissens	dictionary	de_DE_frami
Zeilen	dictionary	de_DE_frami
zettel	dictionary	de_DE_frami
Zuschauern	dictionary	de_DE_frami
überaus	dictionary	de_DE_frami
überraschen	dictionary	de_DE_frami
übertrieben	dictionary	de_DE_frami
abgenommen	dictionary	de_DE_frami
alters	dictionary	de_DE_frami
Ausführungen	dictionary	de_DE_frami
ausgedrückt	dictionary	de_DE_frami
ausmachen	dictionary	de_DE_frami
behindert	dictionary	de_DE_frami
besuche	dictionary	de_DE_frami
blockiert	dictionary	de_DE_frami
Bruch	dictionary	de_DE_frami
coole	dictionary	de_DE_frami
Denkmal	dictionary	de_DE_frami
drohen	dictionary	de_DE_frami
Echo	dictionary	de_DE_frami
effektiv	dictionary	de_DE_frami
Einstellungen	dictionary	de_DE_frami
entspannen	dictionary	de_DE_frami
Erfindung	dictionary	de_DE_frami
Ergebnissen	dictionary	de_DE_frami
europäischer	dictionary	de_DE_frami
Ewigkeit	dictionary	de_DE_frami
Exemplare	dictionary	de_DE_frami
Explosion	dictionary	de_DE_frami
Fahrzeugen	dictionary	de_DE_frami
flammen	dictionary	de_DE_frami
Flecken	dictionary	de_DE_frami
Freundinnen	dictionary	de_DE_frami
fühl	dictionary	de_DE_frami
Garage	dictionary	de_DE_frami
Gerd	dictionary	de_DE_frami
grüßen	dictionary	de_DE_frami
günstigen	dictionary	de_DE_frami
Hall	dictionary	de_DE_frami
hinzugefügt	dictionary	de_DE_frami
Honig	dictionary	de_DE_frami
hübsche	dictionary	de_DE_frami
individuell	dictionary	de_DE_frami
Islamisten	dictionary	de_DE_frami
Jacob	dictionary	de_DE_frami
Jubiläum	dictionary	de_DE_frami
Kasten	dictionary	de_DE_frami
Kita	dictionary	de_DE_frami
Komponenten	dictionary	de_DE_frami
küssen	dictionary	de_DE_frami
legal	dictionary	de_DE_frami
löcher	dictionary	de_DE_frami
Meldungen	dictionary	de_DE_frami
mobil	dictionary	de_DE_frami
orientiert	dictionary	de_DE_frami
passenden	dictionary	de_DE_frami
politisches	dictionary	de_DE_frami
Prüfungen	dictionary	de_DE_frami
ringe	dictionary	de_DE_frami
royal	dictionary	de_DE_frami
Russlands	dictionary	de_DE_frami
schwache	dictionary	de_DE_frami
schwachen	dictionary	de_DE_frami
solltet	dictionary	de_DE_frami
Sorte	dictionary	de_DE_frami
spende	dictionary	de_DE_frami
Staatsanwalt	dictionary	de_DE_frami
Teilnehmern	dictionary	de_DE_frami
Thüringer	dictionary	de_DE_frami
unglücklich	dictionary	de_DE_frami
Unterkunft	dictionary	de_DE_frami
Venedig	dictionary	de_DE_frami
Verbrecher	dictionary	de_DE_frami
verhält	dictionary	de_DE_frami
verkaufe	dictionary	de_DE_frami
verlegen	dictionary	de_DE_frami
Vermutung	dictionary	de_DE_frami
vernichtet	dictionary	de_DE_frami
verschieben	dictionary	de_DE_frami
Väter	dictionary	de_DE_frami
Zaun	dictionary	de_DE_frami
Zeitalter	dictionary	de_DE_frami
zukommen	dictionary	de_DE_frami
zulässig	dictionary	de_DE_frami
zwingend	dictionary	de_DE_frami
zwischendurch	dictionary	de_DE_frami
Abbau	dictionary	de_DE_frami
Abhängigkeit	dictionary	de_DE_frami
Abschaffung	dictionary	de_DE_frami
Anbau	dictionary	de_DE_frami
angestellte	dictionary	de_DE_frami
Antifa	dictionary	de_DE_frami
Ausbruch	dictionary	de_DE_frami
ausgeht	dictionary	de_DE_frami
Baustelle	dictionary	de_DE_frami
begriffen	dictionary	de_DE_frami
Beleuchtung	dictionary	de_DE_frami
Benutzung	dictionary	de_DE_frami
berühmt	dictionary	de_DE_frami
berühren	dictionary	de_DE_frami
besprochen	dictionary	de_DE_frami
beteiligen	dictionary	de_DE_frami
Bewerber	dictionary	de_DE_frami
blase	dictionary	de_DE_frami
blicke	dictionary	de_DE_frami
bremsen	dictionary	de_DE_frami
Bull	dictionary	de_DE_frami
Couch	dictionary	de_DE_frami
Dankeschön	dictionary	de_DE_frami
demonstrieren	dictionary	de_DE_frami
deutlicher	dictionary	de_DE_frami
duschen	dictionary	de_DE_frami
Einbruch	dictionary	de_DE_frami
einzusetzen	dictionary	de_DE_frami
Erdbeben	dictionary	de_DE_frami
faden	dictionary	de_DE_frami
Fahne	dictionary	de_DE_frami
fließen	dictionary	de_DE_frami
Flur	dictionary	de_DE_frami
Garantie	dictionary	de_DE_frami
geheime	dictionary	de_DE_frami
geister	dictionary	de_DE_frami
gewählten	dictionary	de_DE_frami
gärten	dictionary	de_DE_frami
hessischen	dictionary	de_DE_frami
Ideologie	dictionary	de_DE_frami
iss	dictionary	de_DE_frami
Johnson	dictionary	de_DE_frami
keinesfalls	dictionary	de_DE_frami
kleinste	dictionary	de_DE_frami
Kuh	dictionary	de_DE_frami
Kärnten	dictionary	de_DE_frami
Liebhaber	dictionary	de_DE_frami
manches	dictionary	de_DE_frami
Maximilian	dictionary	de_DE_frami
Mediziner	dictionary	de_DE_frami
merke	dictionary	de_DE_frami
mitbringen	dictionary	de_DE_frami
Märkte	dictionary	de_DE_frami
nachgedacht	dictionary	de_DE_frami
nachkommen	dictionary	de_DE_frami
nummern	dictionary	de_DE_frami
objektiv	dictionary	de_DE_frami
Offizier	dictionary	de_DE_frami
Optionen	dictionary	de_DE_frami
Passwort	dictionary	de_DE_frami
persönliches	dictionary	de_DE_frami
positives	dictionary	de_DE_frami
Pressekonferenz	dictionary	de_DE_frami
Rebellen	dictionary	de_DE_frami
rechter	dictionary	de_DE_frami
rechtfertigen	dictionary	de_DE_frami
riesig	dictionary	de_DE_frami
scharfe	dictionary	de_DE_frami
schwierigen	dictionary	de_DE_frami
schwule	dictionary	de_DE_frami
sexuellen	dictionary	de_DE_frami
sinnlos	dictionary	de_DE_frami
sorgfältig	dictionary	de_DE_frami
spitzen	dictionary	de_DE_frami
Stabilität	dictionary	de_DE_frami
stattgefunden	dictionary	de_DE_frami
strafen	dictionary	de_DE_frami
tatsächlichen	dictionary	de_DE_frami
Taylor	dictionary	de_DE_frami
vergehen	dictionary	de_DE_frami
Verhandlung	dictionary	de_DE_frami
vorgelegt	dictionary	de_DE_frami
werben	dictionary	de_DE_frami
Willi	dictionary	de_DE_frami
wirtschafts	pending	de_DE_frami
wolltest	dictionary	de_DE_frami
Wäsche	dictionary	de_DE_frami
zelt	dictionary	de_DE_frami
Zulassung	dictionary	de_DE_frami
Zusammensetzung	dictionary	de_DE_frami
Öffnung	dictionary	de_DE_frami
abgesagt	dictionary	de_DE_frami
Aktivität	dictionary	de_DE_frami
aktualisiert	dictionary	de_DE_frami
Amateur	dictionary	de_DE_frami
Anfänger	dictionary	de_DE_frami
Ansätze	dictionary	de_DE_frami
Anwendungen	dictionary	de_DE_frami
Apfel	dictionary	de_DE_frami
Architekt	dictionary	de_DE_frami
atmen	dictionary	de_DE_frami
Aufführung	dictionary	de_DE_frami
aufkommen	dictionary	de_DE_frami
Auftritte	dictionary	de_DE_frami
begeben	dictionary	de_DE_frami
beherrschen	dictionary	de_DE_frami
beigetragen	dictionary	de_DE_frami
Bereitschaft	dictionary	de_DE_frami
Betracht	dictionary	de_DE_frami
brüste	dictionary	de_DE_frami
Bundesrat	dictionary	de_DE_frami
Debüt	dictionary	de_DE_frami
dieselben	dictionary	de_DE_frami
durcheinander	dictionary	de_DE_frami
durchgesetzt	dictionary	de_DE_frami
eingriff	dictionary	de_DE_frami
Einwohnern	dictionary	de_DE_frami
Eisenbahn	dictionary	de_DE_frami
emotional	dictionary	de_DE_frami
Europäer	dictionary	de_DE_frami
fürchte	dictionary	de_DE_frami
gerissen	dictionary	de_DE_frami
gestrichen	dictionary	de_DE_frami
gibst	dictionary	de_DE_frami
grüß	dictionary	de_DE_frami
guckt	dictionary	de_DE_frami
Herausgeber	dictionary	de_DE_frami
hofft	dictionary	de_DE_frami
Holocaust	dictionary	de_DE_frami
Idiot	dictionary	de_DE_frami
indirekt	dictionary	de_DE_frami
Ingolstadt	dictionary	de_DE_frami
Institution	dictionary	de_DE_frami
interessanten	dictionary	de_DE_frami
italienisch	dictionary	de_DE_frami
Jahrhunderte	dictionary	de_DE_frami
jänner	pending	de_DE_frami
Kanton	dictionary	de_DE_frami
Klimawandel	dictionary	de_DE_frami
knoten	dictionary	de_DE_frami
komische	dictionary	de_DE_frami
komplexe	dictionary	de_DE_frami
kreativ	dictionary	de_DE_frami
kritisieren	dictionary	de_DE_frami
körperlich	dictionary	de_DE_frami
Körpers	dictionary	de_DE_frami
lebende	dictionary	de_DE_frami
Lebensjahr	dictionary	de_DE_frami
locken	dictionary	de_DE_frami
Messung	dictionary	de_DE_frami
Mythos	dictionary	de_DE_frami
Nikolaus	dictionary	de_DE_frami
oberst	dictionary	de_DE_frami
Orden	dictionary	de_DE_frami
Passagiere	dictionary	de_DE_frami
Planet	dictionary	de_DE_frami
Plätzen	dictionary	de_DE_frami
polnische	dictionary	de_DE_frami
Praktikum	dictionary	de_DE_frami
prinzipiell	dictionary	de_DE_frami
Prinzipien	dictionary	de_DE_frami
professionell	dictionary	de_DE_frami
Prognose	dictionary	de_DE_frami
psychische	dictionary	de_DE_frami
qualifiziert	dictionary	de_DE_frami
regelmäßigen	dictionary	de_DE_frami
Richtlinien	dictionary	de_DE_frami
Rucksack	dictionary	de_DE_frami
Satire	dictionary	de_DE_frami
schicke	dictionary	de_DE_frami
schrecken	dictionary	de_DE_frami
schreibst	dictionary	de_DE_frami
Schwaben	dictionary	de_DE_frami
Schwachsinn	dictionary	de_DE_frami
Semester	dictionary	de_DE_frami
stich	dictionary	de_DE_frami
Sven	dictionary	de_DE_frami
süßen	dictionary	de_DE_frami
Tiger	dictionary	de_DE_frami
traurige	dictionary	de_DE_frami
trinke	dictionary	de_DE_frami
Tschechien	dictionary	de_DE_frami
umgehend	dictionary	de_DE_frami
unabhängigen	dictionary	de_DE_frami
Ursula	dictionary	de_DE_frami
verletzen	dictionary	de_DE_frami
vermute	dictionary	de_DE_frami
verschieden	dictionary	de_DE_frami
Vertretern	dictionary	de_DE_frami
vorfahren	dictionary	de_DE_frami
Vorgang	dictionary	de_DE_frami
Vormittag	dictionary	de_DE_frami
weitergehen	dictionary	de_DE_frami
zieh	dictionary	de_DE_frami
Zielgruppe	dictionary	de_DE_frami
abgestimmt	dictionary	de_DE_frami
abstieg	dictionary	de_DE_frami
Abzug	dictionary	de_DE_frami
achte	dictionary	de_DE_frami
angehen	dictionary	de_DE_frami
Anleger	dictionary	de_DE_frami
Arabien	dictionary	de_DE_frami
auftauchen	dictionary	de_DE_frami
ausführliche	dictionary	de_DE_frami
Ausstellungen	dictionary	de_DE_frami
Auszug	dictionary	de_DE_frami
Babys	dictionary	de_DE_frami
Bekämpfung	dictionary	de_DE_frami
belege	dictionary	de_DE_frami
beschweren	dictionary	de_DE_frami
besprechen	dictionary	de_DE_frami
binden	dictionary	de_DE_frami
Blüten	dictionary	de_DE_frami
Boris	dictionary	de_DE_frami
Browser	dictionary	de_DE_frami
Bundestagswahl	dictionary	de_DE_frami
bunten	dictionary	de_DE_frami
Dresdner	dictionary	de_DE_frami
elektronische	dictionary	de_DE_frami
erforderlichen	dictionary	de_DE_frami
erheblichen	dictionary	de_DE_frami
Fakultät	dictionary	de_DE_frami
fang	dictionary	de_DE_frami
fingern	dictionary	de_DE_frami
Flüchtling	dictionary	de_DE_frami
Formulierung	dictionary	de_DE_frami
Gebäuden	dictionary	de_DE_frami
gekämpft	dictionary	de_DE_frami
Gift	dictionary	de_DE_frami
gleichermaßen	dictionary	de_DE_frami
Griechen	dictionary	de_DE_frami
Grundgesetz	dictionary	de_DE_frami
haken	dictionary	de_DE_frami
herzustellen	dictionary	de_DE_frami
hierzulande	dictionary	de_DE_frami
hässlich	dictionary	de_DE_frami
Ichs	dictionary	de_DE_frami
Institute	dictionary	de_DE_frami
integrieren	dictionary	de_DE_frami
irgendeiner	dictionary	de_DE_frami
Jim	dictionary	de_DE_frami
Jochen	dictionary	de_DE_frami
Journalismus	dictionary	de_DE_frami
Jura	dictionary	de_DE_frami
kacke	dictionary	de_DE_frami
Kilometern	dictionary	de_DE_frami
Kopfschmerzen	dictionary	de_DE_frami
Korruption	dictionary	de_DE_frami
kotzen	dictionary	de_DE_frami
Kreativität	dictionary	de_DE_frami
Kroatien	dictionary	de_DE_frami
Könige	dictionary	de_DE_frami
künstliche	dictionary	de_DE_frami
Ladung	dictionary	de_DE_frami
Landrat	dictionary	de_DE_frami
lauten	dictionary	de_DE_frami
Leichen	dictionary	de_DE_frami
leistet	dictionary	de_DE_frami
linker	dictionary	de_DE_frami
Medaille	dictionary	de_DE_frami
mitgebracht	dictionary	de_DE_frami
Mönchengladbach	dictionary	de_DE_frami
nachvollziehen	dictionary	de_DE_frami
Neuigkeiten	dictionary	de_DE_frami
Palast	dictionary	de_DE_frami
Persönlichkeiten	dictionary	de_DE_frami
Reformen	dictionary	de_DE_frami
Religionen	dictionary	de_DE_frami
Report	dictionary	de_DE_frami
Reste	dictionary	de_DE_frami
Review	dictionary	de_DE_frami
Safe	dictionary	de_DE_frami
Saft	dictionary	de_DE_frami
saßen	dictionary	de_DE_frami
schalten	dictionary	de_DE_frami
Scheidung	dictionary	de_DE_frami
schienen	dictionary	de_DE_frami
Schweine	dictionary	de_DE_frami
Sony	dictionary	de_DE_frami
Sorten	dictionary	de_DE_frami
sportlich	dictionary	de_DE_frami
Statistiken	dictionary	de_DE_frami
Sätzen	dictionary	de_DE_frami
Tatsachen	dictionary	de_DE_frami
Techniker	dictionary	de_DE_frami
Theodor	dictionary	de_DE_frami
Toren	dictionary	de_DE_frami
töne	dictionary	de_DE_frami
unheimlich	dictionary	de_DE_frami
unterschrieben	dictionary	de_DE_frami
vereinten	dictionary	de_DE_frami
Vergewaltigung	dictionary	de_DE_frami
vergleiche	dictionary	de_DE_frami
verkehrt	dictionary	de_DE_frami
verweigert	dictionary	de_DE_frami
vollem	dictionary	de_DE_frami
vorab	dictionary	de_DE_frami
Vorbereitungen	dictionary	de_DE_frami
vorkommt	dictionary	de_DE_frami
Vorpommern	dictionary	de_DE_frami
worum	dictionary	de_DE_frami
Zeitschriften	dictionary	de_DE_frami
zuhören	dictionary	de_DE_frami
zusammengestellt	dictionary	de_DE_frami
Übersetzer	dictionary	de_DE_frami
abgeholt	dictionary	de_DE_frami
absichtlich	dictionary	de_DE_frami
Abt	dictionary	de_DE_frami
Abwechslung	dictionary	de_DE_frami
alpha	dictionary	de_DE_frami
Amtsgericht	dictionary	de_DE_frami
ansprechen	dictionary	de_DE_frami
aufgerufen	dictionary	de_DE_frami
aufl	pending	de_DE_frami
Ausblick	dictionary	de_DE_frami
Bakterien	dictionary	de_DE_frami
Bedingung	dictionary	de_DE_frami
benutze	dictionary	de_DE_frami
berufliche	dictionary	de_DE_frami
Beschwerde	dictionary	de_DE_frami
Bosch	dictionary	de_DE_frami
Brötchen	dictionary	de_DE_frami
Busch	dictionary	de_DE_frami
Campus	dictionary	de_DE_frami
Depression	dictionary	de_DE_frami
Dinger	dictionary	de_DE_frami
Diskriminierung	dictionary	de_DE_frami
dreh	dictionary	de_DE_frami
Durchbruch	dictionary	de_DE_frami
durchzuführen	dictionary	de_DE_frami
Eigenschaft	dictionary	de_DE_frami
einnehmen	dictionary	de_DE_frami
elektrischen	dictionary	de_DE_frami
entschuldigt	dictionary	de_DE_frami
erinnerte	dictionary	de_DE_frami
fremd	dictionary	de_DE_frami
gemeinsames	dictionary	de_DE_frami
gestattet	dictionary	de_DE_frami
globalen	dictionary	de_DE_frami
gründlich	dictionary	de_DE_frami
Heide	dictionary	de_DE_frami
Heizung	dictionary	de_DE_frami
Hertha	dictionary	de_DE_frami
Highlight	dictionary	de_DE_frami
Hoffnungen	dictionary	de_DE_frami
Hubert	dictionary	de_DE_frami
Jungfrau	dictionary	de_DE_frami
Kameraden	dictionary	de_DE_frami
konfrontiert	dictionary	de_DE_frami
Konsum	dictionary	de_DE_frami
Krieger	dictionary	de_DE_frami
Kurden	dictionary	de_DE_frami
laute	dictionary	de_DE_frami
Mailand	dictionary	de_DE_frami
mangels	dictionary	de_DE_frami
Marburg	dictionary	de_DE_frami
Marsch	dictionary	de_DE_frami
Meilen	dictionary	de_DE_frami
missbraucht	dictionary	de_DE_frami
Moschee	dictionary	de_DE_frami
Musical	dictionary	de_DE_frami
männlich	dictionary	de_DE_frami
Nichtmal	dictionary	de_DE_frami
Offenbach	dictionary	de_DE_frami
Oskar	dictionary	de_DE_frami
Petra	dictionary	de_DE_frami
richtiges	dictionary	de_DE_frami
rufe	dictionary	de_DE_frami
sanft	dictionary	de_DE_frami
Schädel	dictionary	de_DE_frami
Schäfer	dictionary	de_DE_frami
Selbstmord	dictionary	de_DE_frami
Spanier	dictionary	de_DE_frami
Standpunkt	dictionary	de_DE_frami
Stellvertreter	dictionary	de_DE_frami
Sturz	dictionary	de_DE_frami
Ulrike	dictionary	de_DE_frami
unentschieden	dictionary	de_DE_frami
verbrannt	dictionary	de_DE_frami
verbände	dictionary	de_DE_frami
verhandeln	dictionary	de_DE_frami
verrät	dictionary	de_DE_frami
verschiedensten	dictionary	de_DE_frami
Verteidiger	dictionary	de_DE_frami
vollendet	dictionary	de_DE_frami
vorbehalten	dictionary	de_DE_frami
warme	dictionary	de_DE_frami
Weisheit	dictionary	de_DE_frami
widersprechen	dictionary	de_DE_frami
äußert	dictionary	de_DE_frami
Überprüfung	dictionary	de_DE_frami
absoluter	dictionary	de_DE_frami
aggressiv	dictionary	de_DE_frami
Ankündigung	dictionary	de_DE_frami
Antisemitismus	dictionary	de_DE_frami
anwenden	dictionary	de_DE_frami
Anzug	dictionary	de_DE_frami
Asche	dictionary	de_DE_frami
aufgefordert	dictionary	de_DE_frami
Auftakt	dictionary	de_DE_frami
ausfallen	dictionary	de_DE_frami
Ausgangspunkt	dictionary	de_DE_frami
befürchten	dictionary	de_DE_frami
bemerkenswert	dictionary	de_DE_frami
bemerkte	dictionary	de_DE_frami
berufe	dictionary	de_DE_frami
beten	dictionary	de_DE_frami
Betrachtung	dictionary	de_DE_frami
Bienen	dictionary	de_DE_frami
brutal	dictionary	de_DE_frami
chemische	dictionary	de_DE_frami
Christ	dictionary	de_DE_frami
Clinton	dictionary	de_DE_frami
Demokraten	dictionary	de_DE_frami
Dimension	dictionary	de_DE_frami
Doku	dictionary	de_DE_frami
dummen	dictionary	de_DE_frami
Dörfer	dictionary	de_DE_frami
eignen	dictionary	de_DE_frami
eingeleitet	dictionary	de_DE_frami
Einkauf	dictionary	de_DE_frami
einsteigen	dictionary	de_DE_frami
erfolgreicher	dictionary	de_DE_frami
Erhaltung	dictionary	de_DE_frami
Favoriten	dictionary	de_DE_frami
Ferrari	dictionary	de_DE_frami
frühzeitig	dictionary	de_DE_frami
gefickt	dictionary	de_DE_frami
geistigen	dictionary	de_DE_frami
geliebten	dictionary	de_DE_frami
Gewerkschaft	dictionary	de_DE_frami
Glanz	dictionary	de_DE_frami
Gottesdienst	dictionary	de_DE_frami
Hardware	dictionary	de_DE_frami
Hartmann	dictionary	de_DE_frami
hau	dictionary	de_DE_frami
Helene	dictionary	de_DE_frami
Hintergründe	dictionary	de_DE_frami
Insekten	dictionary	de_DE_frami
interpretiert	dictionary	de_DE_frami
irgendwer	dictionary	de_DE_frami
klappen	dictionary	de_DE_frami
klauen	dictionary	de_DE_frami
Knopf	dictionary	de_DE_frami
konservative	dictionary	de_DE_frami
Kreuzung	dictionary	de_DE_frami
Kriminalität	dictionary	de_DE_frami
lande	dictionary	de_DE_frami
Lebenslauf	dictionary	de_DE_frami
meins	dictionary	de_DE_frami
Meinungsfreiheit	dictionary	de_DE_frami
Neckar	dictionary	de_DE_frami
Nils	dictionary	de_DE_frami
Phasen	dictionary	de_DE_frami
Po	dictionary	de_DE_frami
Politikern	dictionary	de_DE_frami
Potenzial	dictionary	de_DE_frami
problematisch	dictionary	de_DE_frami
professionelle	dictionary	de_DE_frami
Recherche	dictionary	de_DE_frami
Rechnungen	dictionary	de_DE_frami
regiert	dictionary	de_DE_frami
reißt	dictionary	de_DE_frami
ringen	dictionary	de_DE_frami
Roma	dictionary	de_DE_frami
rückt	dictionary	de_DE_frami
Santa	dictionary	de_DE_frami
Seelen	dictionary	de_DE_frami
selbstständig	dictionary	de_DE_frami
Sendungen	dictionary	de_DE_frami
Sonnenschein	dictionary	de_DE_frami
Sprüche	dictionary	de_DE_frami
Statement	dictionary	de_DE_frami
Sternen	dictionary	de_DE_frami
ständigen	dictionary	de_DE_frami
teure	dictionary	de_DE_frami
Theorien	dictionary	de_DE_frami
Trio	dictionary	de_DE_frami
Unterschrift	dictionary	de_DE_frami
verdächtigen	dictionary	de_DE_frami
vergewaltigt	dictionary	de_DE_frami
Versand	dictionary	de_DE_frami
voraussichtlich	dictionary	de_DE_frami
vornehmen	dictionary	de_DE_frami
wunden	dictionary	de_DE_frami
Zimmermann	dictionary	de_DE_frami
zukünftig	dictionary	de_DE_frami
zukünftige	dictionary	de_DE_frami
zukünftigen	dictionary	de_DE_frami
Ära	dictionary	de_DE_frami
analysiert	dictionary	de_DE_frami
anonym	dictionary	de_DE_frami
antrieb	dictionary	de_DE_frami
Applaus	dictionary	de_DE_frami
Aufträge	dictionary	de_DE_frami
ausführen	dictionary	de_DE_frami
Bedürfnis	dictionary	de_DE_frami
Benz	dictionary	de_DE_frami
Beobachter	dictionary	de_DE_frami
beseitigen	dictionary	de_DE_frami
darzustellen	dictionary	de_DE_frami
Dummheit	dictionary	de_DE_frami
eingreifen	dictionary	de_DE_frami
einladen	dictionary	de_DE_frami
Einzel	dictionary	de_DE_frami
entgehen	dictionary	de_DE_frami
exklusiv	dictionary	de_DE_frami
Fassade	dictionary	de_DE_frami
Forschungen	dictionary	de_DE_frami
fortgesetzt	dictionary	de_DE_frami
Fusion	dictionary	de_DE_frami
futter	dictionary	de_DE_frami
ganzer	dictionary	de_DE_frami
gefehlt	dictionary	de_DE_frami
geltend	dictionary	de_DE_frami
gereicht	dictionary	de_DE_frami
Grammatik	dictionary	de_DE_frami
Haltestelle	dictionary	de_DE_frami
Hardcore	dictionary	de_DE_frami
hauen	dictionary	de_DE_frami
Haustür	dictionary	de_DE_frami
hinauf	dictionary	de_DE_frami
Hubschrauber	dictionary	de_DE_frami
Höhen	dictionary	de_DE_frami
Innovation	dictionary	de_DE_frami
juristische	dictionary	de_DE_frami
keines	dictionary	de_DE_frami
kleinsten	dictionary	de_DE_frami
Kohl	dictionary	de_DE_frami
Lothar	dictionary	de_DE_frami
Manchester	dictionary	de_DE_frami
massstab	pending	de_DE_frami
Melodie	dictionary	de_DE_frami
mutig	dictionary	de_DE_frami
Mängel	dictionary	de_DE_frami
nebenan	dictionary	de_DE_frami
Nicole	dictionary	de_DE_frami
Nürnberger	dictionary	de_DE_frami
Oberliga	dictionary	de_DE_frami
Orgel	dictionary	de_DE_frami
permanent	dictionary	de_DE_frami
Player	dictionary	de_DE_frami
Potential	dictionary	de_DE_frami
putzen	dictionary	de_DE_frami
Rohr	dictionary	de_DE_frami
Salzburger	dictionary	de_DE_frami
Sandra	dictionary	de_DE_frami
Schlagzeilen	dictionary	de_DE_frami
schlimme	dictionary	de_DE_frami
sonntags	dictionary	de_DE_frami
spazieren	dictionary	de_DE_frami
sprichst	dictionary	de_DE_frami
Standorte	dictionary	de_DE_frami
Steiermark	dictionary	de_DE_frami
stillen	dictionary	de_DE_frami
Substanz	dictionary	de_DE_frami
Suppe	dictionary	de_DE_frami
süßer	dictionary	de_DE_frami
tagsüber	dictionary	de_DE_frami
tägliche	dictionary	de_DE_frami
Umfragen	dictionary	de_DE_frami
Umstand	dictionary	de_DE_frami
Verbesserungen	dictionary	de_DE_frami
Vertretung	dictionary	de_DE_frami
verwiesen	dictionary	de_DE_frami
verzicht	dictionary	de_DE_frami
Wiederholung	dictionary	de_DE_frami
wieviele	pending	de_DE_frami
wohn	dictionary	de_DE_frami
Wortes	dictionary	de_DE_frami
worüber	dictionary	de_DE_frami
wunderschönen	dictionary	de_DE_frami
Währung	dictionary	de_DE_frami
Zeichnung	dictionary	de_DE_frami
Zügen	dictionary	de_DE_frami
Abgabe	dictionary	de_DE_frami
Akteure	dictionary	de_DE_frami
aktueller	dictionary	de_DE_frami
Aldi	dictionary	de_DE_frami
anal	dictionary	de_DE_frami
Analysen	dictionary	de_DE_frami
angehört	dictionary	de_DE_frami
angesagt	dictionary	de_DE_frami
angezogen	dictionary	de_DE_frami
Antonio	dictionary	de_DE_frami
Anträge	dictionary	de_DE_frami
Anwälte	dictionary	de_DE_frami
Aufhebung	dictionary	de_DE_frami
aufstand	dictionary	de_DE_frami
Aufzeichnungen	dictionary	de_DE_frami
aussprechen	dictionary	de_DE_frami
ausüben	dictionary	de_DE_frami
Baron	dictionary	de_DE_frami
Bayreuth	dictionary	de_DE_frami
beachtet	dictionary	de_DE_frami
beantragen	dictionary	de_DE_frami
bedacht	dictionary	de_DE_frami
befragten	dictionary	de_DE_frami
benehmen	dictionary	de_DE_frami
Berger	dictionary	de_DE_frami
Besuchern	dictionary	de_DE_frami
betonen	dictionary	de_DE_frami
betonte	dictionary	de_DE_frami
betreffen	dictionary	de_DE_frami
betten	dictionary	de_DE_frami
Blitz	dictionary	de_DE_frami
Boys	dictionary	de_DE_frami
Bundesamt	dictionary	de_DE_frami
Bundesländer	dictionary	de_DE_frami
bände	dictionary	de_DE_frami
Call	dictionary	de_DE_frami
Charlie	dictionary	de_DE_frami
Disney	dictionary	de_DE_frami
Düsseldorfer	dictionary	de_DE_frami
entnehmen	dictionary	de_DE_frami
erfassen	dictionary	de_DE_frami
ergänzen	dictionary	de_DE_frami
ernte	dictionary	de_DE_frami
Erzählungen	dictionary	de_DE_frami
etabliert	dictionary	de_DE_frami
Evolution	dictionary	de_DE_frami
Faschismus	dictionary	de_DE_frami
Fürsten	dictionary	de_DE_frami
geistige	dictionary	de_DE_frami
gelacht	dictionary	de_DE_frami
Geräten	dictionary	de_DE_frami
geschlossene	dictionary	de_DE_frami
Gesetzen	dictionary	de_DE_frami
gespeichert	dictionary	de_DE_frami
gewähren	dictionary	de_DE_frami
gewährleistet	dictionary	de_DE_frami
gezeichnet	dictionary	de_DE_frami
glücklicherweise	dictionary	de_DE_frami
grossmutter	pending	de_DE_frami
grüner	dictionary	de_DE_frami
Hamm	dictionary	de_DE_frami
Hits	dictionary	de_DE_frami
indischen	dictionary	de_DE_frami
internen	dictionary	de_DE_frami
Internetseite	dictionary	de_DE_frami
jedesmal	pending	de_DE_frami
Juristen	dictionary	de_DE_frami
Kater	dictionary	de_DE_frami
Kirchengemeinde	dictionary	de_DE_frami
Kollegin	dictionary	de_DE_frami
Kommissar	dictionary	de_DE_frami
Komödie	dictionary	de_DE_frami
kriminelle	dictionary	de_DE_frami
kündigt	dictionary	de_DE_frami
Künstlern	dictionary	de_DE_frami
lagern	dictionary	de_DE_frami
leg	dictionary	de_DE_frami
Made	dictionary	de_DE_frami
Magie	dictionary	de_DE_frami
Materie	dictionary	de_DE_frami
Miami	dictionary	de_DE_frami
Mobilität	dictionary	de_DE_frami
nackte	dictionary	de_DE_frami
offensive	dictionary	de_DE_frami
optimal	dictionary	de_DE_frami
ordentlichen	dictionary	de_DE_frami
Panorama	dictionary	de_DE_frami
perfekten	dictionary	de_DE_frami
Plänen	dictionary	de_DE_frami
Premier	dictionary	de_DE_frami
Problematik	dictionary	de_DE_frami
Präsenz	dictionary	de_DE_frami
prüft	dictionary	de_DE_frami
Raketen	dictionary	de_DE_frami
Reichtum	dictionary	de_DE_frami
Rezension	dictionary	de_DE_frami
Anführungszeichen	dictionary	de_DE_frami
Aufmerksamkeit	dictionary	de_DE_frami
Bewusstsein	dictionary	de_DE_frami
Bürgersteig	dictionary	de_DE_frami
Eichhörnchen	dictionary	de_DE_frami
Entschuldigung	dictionary	de_DE_frami
Enttäuschung	dictionary	de_DE_frami
Freundschaft	dictionary	de_DE_frami
Frühstück	dictionary	de_DE_frami
Fußgängerzone	dictionary	de_DE_frami
Gemütlichkeit	dictionary	de_DE_frami
Genehmigung	dictionary	de_DE_frami
Geschwindigkeit	dictionary	de_DE_frami
Geschwister	dictionary	de_DE_frami
Gesellschaft	dictionary	de_DE_frami
Gleichgewicht	dictionary	de_DE_frami
Höflichkeit	dictionary	de_DE_frami
Krankenversicherung	dictionary	de_DE_frami
Kühlschrank	dictionary	de_DE_frami
Möglichkeit	dictionary	de_DE_frami
Nachbarschaft	dictionary	de_DE_frami
Nußknacker	pending	de_DE_frami
Persönlichkeit	dictionary	de_DE_frami
Pünktlichkeit	dictionary	de_DE_frami
Regenschirm	dictionary	de_DE_frami
Rhythmus	dictionary	de_DE_frami
Rücksicht	dictionary	de_DE_frami
Schildkröte	dictionary	de_DE_frami
Schmetterling	dictionary	de_DE_frami
Sehenswürdigkeit	dictionary	de_DE_frami
Selbstständigkeit	dictionary	de_DE_frami
Sonnenblume	dictionary	de_DE_frami
Tätigkeit	dictionary	de_DE_frami
Unabhängigkeit	dictionary	de_DE_frami
Universität	dictionary	de_DE_frami
Verantwortung	dictionary	de_DE_frami
Verständnis	dictionary	de_DE_frami
Verzeichnis	dictionary	de_DE_frami
Wahrscheinlichkeit	dictionary	de_DE_frami
Weihnachten	dictionary	de_DE_frami
Wissenschaft	dictionary	de_DE_frami
Wörterbuch	dictionary	de_DE_frami
Xylophon	dictionary	de_DE_frami
Zusammenarbeit	dictionary	de_DE_frami
Zärtlichkeit	dictionary	de_DE_frami
Überraschung	dictionary	de_DE_frami
ebenfalls	dictionary	de_DE_frami
allerdings	dictionary	de_DE_frami
deutschen	dictionary	de_DE_frami
schließlich	dictionary	de_DE_frami
verschiedenen	dictionary	de_DE_frami
insgesamt	dictionary	de_DE_frami
bezeichnet	dictionary	de_DE_frami
gegründet	dictionary	de_DE_frami
arbeitete	dictionary	de_DE_frami
errichtet	dictionary	de_DE_frami
folgenden	dictionary	de_DE_frami
verwendet	dictionary	de_DE_frami
zahlreiche	dictionary	de_DE_frami
innerhalb	dictionary	de_DE_frami
teilweise	dictionary	de_DE_frami
gegenüber	dictionary	de_DE_frami
insbesondere	dictionary	de_DE_frami
verschiedene	dictionary	de_DE_frami
eingesetzt	dictionary	de_DE_frami
erreichte	dictionary	de_DE_frami
veröffentlicht	dictionary	de_DE_frami
besonders	dictionary	de_DE_frami
ehemaligen	dictionary	de_DE_frami
verheiratet	dictionary	de_DE_frami
entstanden	dictionary	de_DE_frami
aufgenommen	dictionary	de_DE_frami
weiterhin	dictionary	de_DE_frami
veröffentlichte	dictionary	de_DE_frami
einzelnen	dictionary	de_DE_frami
ursprünglich	dictionary	de_DE_frami
erreichen	dictionary	de_DE_frami
entwickelte	dictionary	de_DE_frami
lediglich	dictionary	de_DE_frami
beispielsweise	dictionary	de_DE_frami
gemeinsam	dictionary	de_DE_frami
verbunden	dictionary	de_DE_frami
politischen	dictionary	de_DE_frami
daraufhin	dictionary	de_DE_frami
vollständig	dictionary	de_DE_frami
entwickelt	dictionary	de_DE_frami
zahlreichen	dictionary	de_DE_frami
erfolgreich	dictionary	de_DE_frami
anschließend	dictionary	de_DE_frami
mindestens	dictionary	de_DE_frami
politische	dictionary	de_DE_frami
regelmäßig	dictionary	de_DE_frami
französischen	dictionary	de_DE_frami
inzwischen	dictionary	de_DE_frami
ausschließlich	dictionary	de_DE_frami
internationalen	dictionary	de_DE_frami
heiratete	dictionary	de_DE_frami
weitgehend	dictionary	de_DE_frami
öffentlichen	dictionary	de_DE_frami
wechselte	dictionary	de_DE_frami
eingestellt	dictionary	de_DE_frami
hauptsächlich	dictionary	de_DE_frami
vorhanden	dictionary	de_DE_frami
erschienen	dictionary	de_DE_frami
außerhalb	dictionary	de_DE_frami
überwiegend	dictionary	de_DE_frami
durchgeführt	dictionary	de_DE_frami
absolvierte	dictionary	de_DE_frami
gleichzeitig	dictionary	de_DE_frami
verlassen	dictionary	de_DE_frami
zusätzlich	dictionary	de_DE_frami
übernommen	dictionary	de_DE_frami
vermutlich	dictionary	de_DE_frami
ehemalige	dictionary	de_DE_frami
erscheint	dictionary	de_DE_frami
britischen	dictionary	de_DE_frami
jeweiligen	dictionary	de_DE_frami
unterstützt	dictionary	de_DE_frami
wahrscheinlich	dictionary	de_DE_frami
abgeschlossen	dictionary	de_DE_frami
entspricht	dictionary	de_DE_frami
erweitert	dictionary	de_DE_frami
dargestellt	dictionary	de_DE_frami
geschlossen	dictionary	de_DE_frami
beteiligt	dictionary	de_DE_frami
europäischen	dictionary	de_DE_frami
ursprünglichen	dictionary	de_DE_frami
vertreten	dictionary	de_DE_frami
aufgelöst	dictionary	de_DE_frami
betrieben	dictionary	de_DE_frami
entsprechend	dictionary	de_DE_frami
deutscher	dictionary	de_DE_frami
erhielten	dictionary	de_DE_frami
offiziell	dictionary	de_DE_frami
sogenannte	dictionary	de_DE_frami
angeboten	dictionary	de_DE_frami
eingeführt	dictionary	de_DE_frami
internationale	dictionary	de_DE_frami
westlichen	dictionary	de_DE_frami
zunehmend	dictionary	de_DE_frami
beschrieben	dictionary	de_DE_frami
damaligen	dictionary	de_DE_frami
enthalten	dictionary	de_DE_frami
studierte	dictionary	de_DE_frami
versuchte	dictionary	de_DE_frami
mittlerweile	dictionary	de_DE_frami
sogenannten	dictionary	de_DE_frami
hergestellt	dictionary	de_DE_frami
historischen	dictionary	de_DE_frami
beschäftigt	dictionary	de_DE_frami
existiert	dictionary	de_DE_frami
unterscheiden	dictionary	de_DE_frami
wesentlich	dictionary	de_DE_frami
bestimmten	dictionary	de_DE_frami
umbenannt	dictionary	de_DE_frami
urkundlich	dictionary	de_DE_frami
verantwortlich	dictionary	de_DE_frami
eingerichtet	dictionary	de_DE_frami
südlichen	dictionary	de_DE_frami
öffentliche	dictionary	de_DE_frami
erreichten	dictionary	de_DE_frami
angegeben	dictionary	de_DE_frami
ausgetragen	dictionary	de_DE_frami
gemeinsamen	dictionary	de_DE_frami
aufgebaut	dictionary	de_DE_frami
entschied	dictionary	de_DE_frami
berichtet	dictionary	de_DE_frami
erscheinen	dictionary	de_DE_frami
tatsächlich	dictionary	de_DE_frami
genannten	dictionary	de_DE_frami
wichtigsten	dictionary	de_DE_frami
produziert	dictionary	de_DE_frami
zuständig	dictionary	de_DE_frami
ausgestattet	dictionary	de_DE_frami
ausgezeichnet	dictionary	de_DE_frami
nördlichen	dictionary	de_DE_frami
amerikanischen	dictionary	de_DE_frami
bekannten	dictionary	de_DE_frami
besondere	dictionary	de_DE_frami
gelegentlich	dictionary	de_DE_frami
unterschiedlich	dictionary	de_DE_frami
aufgestellt	dictionary	de_DE_frami
gemeinsame	dictionary	de_DE_frami
geschrieben	dictionary	de_DE_frami
bezeichnete	dictionary	de_DE_frami
gelegenen	dictionary	de_DE_frami
untergebracht	dictionary	de_DE_frami
fertiggestellt	dictionary	de_DE_frami
geblieben	dictionary	de_DE_frami
miteinander	dictionary	de_DE_frami
unmittelbar	dictionary	de_DE_frami
zumindest	dictionary	de_DE_frami
entlassen	dictionary	de_DE_frami
existieren	dictionary	de_DE_frami
historische	dictionary	de_DE_frami
überhaupt	dictionary	de_DE_frami
angebracht	dictionary	de_DE_frami
ermöglicht	dictionary	de_DE_frami
jüdischen	dictionary	de_DE_frami
verbreitet	dictionary	de_DE_frami
bestimmte	dictionary	de_DE_frami
ermöglichen	dictionary	de_DE_frami
nationalen	dictionary	de_DE_frami
verfasste	dictionary	de_DE_frami
zugänglich	dictionary	de_DE_frami
zusätzliche	dictionary	de_DE_frami
vorgesehen	dictionary	de_DE_frami
übertragen	dictionary	de_DE_frami
notwendig	dictionary	de_DE_frami
endgültig	dictionary	de_DE_frami
nationale	dictionary	de_DE_frami
wiederholt	dictionary	de_DE_frami
öffentlich	dictionary	de_DE_frami
entstehen	dictionary	de_DE_frami
verändert	dictionary	de_DE_frami
bestanden	dictionary	de_DE_frami
gestaltet	dictionary	de_DE_frami
verliehen	dictionary	de_DE_frami
vorwiegend	dictionary	de_DE_frami
eigentlich	dictionary	de_DE_frami
entwickeln	dictionary	de_DE_frami
geschaffen	dictionary	de_DE_frami
unabhängig	dictionary	de_DE_frami
erstreckt	dictionary	de_DE_frami
ursprüngliche	dictionary	de_DE_frami
verkaufte	dictionary	de_DE_frami
abgerissen	dictionary	de_DE_frami
aufgegeben	dictionary	de_DE_frami
englischen	dictionary	de_DE_frami
international	dictionary	de_DE_frami
italienischen	dictionary	de_DE_frami
möglicherweise	dictionary	de_DE_frami
verstärkt	dictionary	de_DE_frami
östlichen	dictionary	de_DE_frami
angesehen	dictionary	de_DE_frami
besonderen	dictionary	de_DE_frami
entsprechende	dictionary	de_DE_frami
erheblich	dictionary	de_DE_frami
voneinander	dictionary	de_DE_frami
zeitweise	dictionary	de_DE_frami
zugeordnet	dictionary	de_DE_frami
bestätigt	dictionary	de_DE_frami
französische	dictionary	de_DE_frami
offizielle	dictionary	de_DE_frami
russischen	dictionary	de_DE_frami
scheiterte	dictionary	de_DE_frami
unterhalb	dictionary	de_DE_frami
verschiedener	dictionary	de_DE_frami
entsprechenden	dictionary	de_DE_frami
errichtete	dictionary	de_DE_frami
katholischen	dictionary	de_DE_frami
verlängert	dictionary	de_DE_frami
bestehenden	dictionary	de_DE_frami
betrachtet	dictionary	de_DE_frami
kleineren	dictionary	de_DE_frami
verhindern	dictionary	de_DE_frami
verurteilt	dictionary	de_DE_frami
ausgeführt	dictionary	de_DE_frami
beobachtet	dictionary	de_DE_frami
beschloss	dictionary	de_DE_frami
einfachen	dictionary	de_DE_frami
finanziellen	dictionary	de_DE_frami
angenommen	dictionary	de_DE_frami
bisherigen	dictionary	de_DE_frami
organisiert	dictionary	de_DE_frami
begleitet	dictionary	de_DE_frami
entscheiden	dictionary	de_DE_frami
vorgestellt	dictionary	de_DE_frami
ausgebaut	dictionary	de_DE_frami
klassischen	dictionary	de_DE_frami
übernehmen	dictionary	de_DE_frami
aufgeführt	dictionary	de_DE_frami
einschließlich	dictionary	de_DE_frami
möglichst	dictionary	de_DE_frami
reduziert	dictionary	de_DE_frami
abgerufen	dictionary	de_DE_frami
integriert	dictionary	de_DE_frami
entschieden	dictionary	de_DE_frami
verhindert	dictionary	de_DE_frami
nachgewiesen	dictionary	de_DE_frami
anerkannt	dictionary	de_DE_frami
angeordnet	dictionary	de_DE_frami
behandelt	dictionary	de_DE_frami
eigentliche	dictionary	de_DE_frami
schreiben	dictionary	de_DE_frami
verhaftet	dictionary	de_DE_frami
beschreibt	dictionary	de_DE_frami
gegründete	dictionary	de_DE_frami
geschätzt	dictionary	de_DE_frami
schwarzen	dictionary	de_DE_frami
technische	dictionary	de_DE_frami
verpflichtet	dictionary	de_DE_frami
überliefert	dictionary	de_DE_frami
erkennbar	dictionary	de_DE_frami
festgelegt	dictionary	de_DE_frami
militärischen	dictionary	de_DE_frami
britische	dictionary	de_DE_frami
eigentlichen	dictionary	de_DE_frami
finanzielle	dictionary	de_DE_frami
umfangreiche	dictionary	de_DE_frami
aktuellen	dictionary	de_DE_frami
beschlossen	dictionary	de_DE_frami
eingeweiht	dictionary	de_DE_frami
erforderlich	dictionary	de_DE_frami
gesichert	dictionary	de_DE_frami
mittleren	dictionary	de_DE_frami
unbekannt	dictionary	de_DE_frami
zentralen	dictionary	de_DE_frami
gefördert	dictionary	de_DE_frami
technischen	dictionary	de_DE_frami
unterstützen	dictionary	de_DE_frami
angepasst	dictionary	de_DE_frami
beinhaltet	dictionary	de_DE_frami
erfolgreichen	dictionary	de_DE_frami
errichten	dictionary	de_DE_frami
letztlich	dictionary	de_DE_frami
militärische	dictionary	de_DE_frami
offiziellen	dictionary	de_DE_frami
politisch	dictionary	de_DE_frami
römischen	dictionary	de_DE_frami
verbrachte	dictionary	de_DE_frami
vorhandenen	dictionary	de_DE_frami
beschäftigte	dictionary	de_DE_frami
derselben	dictionary	de_DE_frami
englische	dictionary	de_DE_frami
geplanten	dictionary	de_DE_frami
gezwungen	dictionary	de_DE_frami
herausgegeben	dictionary	de_DE_frami
liegenden	dictionary	de_DE_frami
schließen	dictionary	de_DE_frami
unterscheidet	dictionary	de_DE_frami
übersetzt	dictionary	de_DE_frami
allgemein	dictionary	de_DE_frami
allgemeinen	dictionary	de_DE_frami
desselben	dictionary	de_DE_frami
gekennzeichnet	dictionary	de_DE_frami
sämtliche	dictionary	de_DE_frami
wirtschaftliche	dictionary	de_DE_frami
eigenständige	dictionary	de_DE_frami
erfolgten	dictionary	de_DE_frami
erhältlich	dictionary	de_DE_frami
praktisch	dictionary	de_DE_frami
traditionellen	dictionary	de_DE_frami
versuchen	dictionary	de_DE_frami
verwenden	dictionary	de_DE_frami
zahlreicher	dictionary	de_DE_frami
übergeben	dictionary	de_DE_frami
aufgeteilt	dictionary	de_DE_frami
eröffnete	dictionary	de_DE_frami
gearbeitet	dictionary	de_DE_frami
verstehen	dictionary	de_DE_frami
ausgerichtet	dictionary	de_DE_frami
beeinflusst	dictionary	de_DE_frami
beigesetzt	dictionary	de_DE_frami
benachbarten	dictionary	de_DE_frami
definiert	dictionary	de_DE_frami
künstlerische	dictionary	de_DE_frami
organisierte	dictionary	de_DE_frami
persönlichen	dictionary	de_DE_frami
präsentiert	dictionary	de_DE_frami
angeblich	dictionary	de_DE_frami
anschließenden	dictionary	de_DE_frami
bedeutende	dictionary	de_DE_frami
beschränkt	dictionary	de_DE_frami
beziehungsweise	dictionary	de_DE_frami
eingebaut	dictionary	de_DE_frami
geschützt	dictionary	de_DE_frami
restlichen	dictionary	de_DE_frami
städtischen	dictionary	de_DE_frami
wichtigen	dictionary	de_DE_frami
ausgebildet	dictionary	de_DE_frami
christlichen	dictionary	de_DE_frami
darstellt	dictionary	de_DE_frami
engagierte	dictionary	de_DE_frami
kritisiert	dictionary	de_DE_frami
spanischen	dictionary	de_DE_frami
vielleicht	dictionary	de_DE_frami
zusammengefasst	dictionary	de_DE_frami
örtlichen	dictionary	de_DE_frami
abgebrochen	dictionary	de_DE_frami
beschädigt	dictionary	de_DE_frami
eindeutig	dictionary	de_DE_frami
gegründeten	dictionary	de_DE_frami
gesprochen	dictionary	de_DE_frami
größtenteils	dictionary	de_DE_frami
regionalen	dictionary	de_DE_frami
stehenden	dictionary	de_DE_frami
unterschieden	dictionary	de_DE_frami
unterteilt	dictionary	de_DE_frami
vermeiden	dictionary	de_DE_frami
erhaltenen	dictionary	de_DE_frami
ermittelt	dictionary	de_DE_frami
gefertigt	dictionary	de_DE_frami
spezielle	dictionary	de_DE_frami
staatliche	dictionary	de_DE_frami
staatlichen	dictionary	de_DE_frami
umgesetzt	dictionary	de_DE_frami
umstritten	dictionary	de_DE_frami
ausgewiesen	dictionary	de_DE_frami
ausreichend	dictionary	de_DE_frami
befestigt	dictionary	de_DE_frami
eingemeindet	dictionary	de_DE_frami
grundsätzlich	dictionary	de_DE_frami
japanischen	dictionary	de_DE_frami
verwendeten	dictionary	de_DE_frami
abgelehnt	dictionary	de_DE_frami
auftreten	dictionary	de_DE_frami
beteiligten	dictionary	de_DE_frami
erhaltene	dictionary	de_DE_frami
festgestellt	dictionary	de_DE_frami
geschlossenen	dictionary	de_DE_frami
katholische	dictionary	de_DE_frami
möglichen	dictionary	de_DE_frami
realisiert	dictionary	de_DE_frami
regionale	dictionary	de_DE_frami
regulären	dictionary	de_DE_frami
sowjetischen	dictionary	de_DE_frami
stattdessen	dictionary	de_DE_frami
verbindet	dictionary	de_DE_frami
zugelassen	dictionary	de_DE_frami
beschließt	dictionary	de_DE_frami
entsprechen	dictionary	de_DE_frami
griechischen	dictionary	de_DE_frami
künstlerischen	dictionary	de_DE_frami
politischer	dictionary	de_DE_frami
schwierig	dictionary	de_DE_frami
untersucht	dictionary	de_DE_frami
verbliebenen	dictionary	de_DE_frami
vergleichsweise	dictionary	de_DE_frami
weiblichen	dictionary	de_DE_frami
zugunsten	dictionary	de_DE_frami
befördert	dictionary	de_DE_frami
konzentrierte	dictionary	de_DE_frami
männlichen	dictionary	de_DE_frami
restauriert	dictionary	de_DE_frami
wichtigste	dictionary	de_DE_frami
ausgeschlossen	dictionary	de_DE_frami
berücksichtigt	dictionary	de_DE_frami
erweiterte	dictionary	de_DE_frami
gegliedert	dictionary	de_DE_frami
kulturelle	dictionary	de_DE_frami
persönliche	dictionary	de_DE_frami
verfügbar	dictionary	de_DE_frami
verstanden	dictionary	de_DE_frami
ausgestrahlt	dictionary	de_DE_frami
beauftragt	dictionary	de_DE_frami
bestehende	dictionary	de_DE_frami
entkommen	dictionary	de_DE_frami
erfolglos	dictionary	de_DE_frami
errichteten	dictionary	de_DE_frami
gefährdet	dictionary	de_DE_frami
getroffen	dictionary	de_DE_frami
menschlichen	dictionary	de_DE_frami
teilnehmen	dictionary	de_DE_frami
typischen	dictionary	de_DE_frami
umfassende	dictionary	de_DE_frami
unternahm	dictionary	de_DE_frami
verwendete	dictionary	de_DE_frami
vorgenommen	dictionary	de_DE_frami
weibliche	dictionary	de_DE_frami
wichtiger	dictionary	de_DE_frami
zusätzlichen	dictionary	de_DE_frami
ausgerüstet	dictionary	de_DE_frami
ausgestellt	dictionary	de_DE_frami
besiedelt	dictionary	de_DE_frami
bezüglich	dictionary	de_DE_frami
dokumentiert	dictionary	de_DE_frami
eingegliedert	dictionary	de_DE_frami
entwickelten	dictionary	de_DE_frami
erfolgreichsten	dictionary	de_DE_frami
europäische	dictionary	de_DE_frami
führenden	dictionary	de_DE_frami
geschickt	dictionary	de_DE_frami
natürliche	dictionary	de_DE_frami
niedrigen	dictionary	de_DE_frami
stillgelegt	dictionary	de_DE_frami
umliegenden	dictionary	de_DE_frami
unterstützte	dictionary	de_DE_frami
unterwegs	dictionary	de_DE_frami
andererseits	dictionary	de_DE_frami
aufgehoben	dictionary	de_DE_frami
besonderer	dictionary	de_DE_frami
diskutiert	dictionary	de_DE_frami
entsprach	dictionary	de_DE_frami
identisch	dictionary	de_DE_frami
keinerlei	dictionary	de_DE_frami
umgewandelt	dictionary	de_DE_frami
vollständige	dictionary	de_DE_frami
westliche	dictionary	de_DE_frami
amerikanische	dictionary	de_DE_frami
angekündigt	dictionary	de_DE_frami
angeschlossen	dictionary	de_DE_frami
anzutreffen	dictionary	de_DE_frami
darstellen	dictionary	de_DE_frami
einerseits	dictionary	de_DE_frami
elektrische	dictionary	de_DE_frami
fungierte	dictionary	de_DE_frami
gestorben	dictionary	de_DE_frami
gleichnamigen	dictionary	de_DE_frami
jährliche	dictionary	de_DE_frami
medizinischen	dictionary	de_DE_frami
polnischen	dictionary	de_DE_frami
preußischen	dictionary	de_DE_frami
produzierte	dictionary	de_DE_frami
schneller	dictionary	de_DE_frami
unterbrochen	dictionary	de_DE_frami
unterrichtet	dictionary	de_DE_frami
vergrößert	dictionary	de_DE_frami
verzeichnet	dictionary	de_DE_frami
österreichische	dictionary	de_DE_frami
berichtete	dictionary	de_DE_frami
darauffolgenden	dictionary	de_DE_frami
erschossen	dictionary	de_DE_frami
persönlich	dictionary	de_DE_frami
religiösen	dictionary	de_DE_frami
schlechten	dictionary	de_DE_frami
versteckt	dictionary	de_DE_frami
üblicherweise	dictionary	de_DE_frami
abgeleitet	dictionary	de_DE_frami
anlässlich	dictionary	de_DE_frami
beherbergt	dictionary	de_DE_frami
bekanntesten	dictionary	de_DE_frami
beteiligte	dictionary	de_DE_frami
chinesischen	dictionary	de_DE_frami
engagiert	dictionary	de_DE_frami
kulturellen	dictionary	de_DE_frami
musikalische	dictionary	de_DE_frami
plötzlich	dictionary	de_DE_frami
schlossen	dictionary	de_DE_frami
spätestens	dictionary	de_DE_frami
verbessern	dictionary	de_DE_frami
wirtschaftlich	dictionary	de_DE_frami
zurückzuführen	dictionary	de_DE_frami
aufnehmen	dictionary	de_DE_frami
ausgesetzt	dictionary	de_DE_frami
bekleidete	dictionary	de_DE_frami
beobachten	dictionary	de_DE_frami
beschrieb	dictionary	de_DE_frami
betroffen	dictionary	de_DE_frami
bevorzugt	dictionary	de_DE_frami
eingeschränkt	dictionary	de_DE_frami
evangelischen	dictionary	de_DE_frami
maßgeblich	dictionary	de_DE_frami
religiöse	dictionary	de_DE_frami
unabhängige	dictionary	de_DE_frami
verschwand	dictionary	de_DE_frami
behauptet	dictionary	de_DE_frami
japanische	dictionary	de_DE_frami
veranstaltet	dictionary	de_DE_frami
woraufhin	dictionary	de_DE_frami
angesiedelt	dictionary	de_DE_frami
ansonsten	dictionary	de_DE_frami
bedeutenden	dictionary	de_DE_frami
durchsetzen	dictionary	de_DE_frami
evangelische	dictionary	de_DE_frami
informiert	dictionary	de_DE_frami
installiert	dictionary	de_DE_frami
natürlichen	dictionary	de_DE_frami
nördliche	dictionary	de_DE_frami
offensichtlich	dictionary	de_DE_frami
unterrichtete	dictionary	de_DE_frami
verbesserte	dictionary	de_DE_frami
verließen	dictionary	de_DE_frami
verpasste	dictionary	de_DE_frami
vorübergehend	dictionary	de_DE_frami
übernahmen	dictionary	de_DE_frami
angegriffen	dictionary	de_DE_frami
aufeinander	dictionary	de_DE_frami
aufmerksam	dictionary	de_DE_frami
aufzunehmen	dictionary	de_DE_frami
bedeutete	dictionary	de_DE_frami
betätigte	dictionary	de_DE_frami
eingeladen	dictionary	de_DE_frami
gestaltete	dictionary	de_DE_frami
interessiert	dictionary	de_DE_frami
normalerweise	dictionary	de_DE_frami
qualifizierten	dictionary	de_DE_frami
renoviert	dictionary	de_DE_frami
russische	dictionary	de_DE_frami
umfangreichen	dictionary	de_DE_frami
unmöglich	dictionary	de_DE_frami
unverändert	dictionary	de_DE_frami
verkaufen	dictionary	de_DE_frami
verwaltet	dictionary	de_DE_frami
überarbeitet	dictionary	de_DE_frami
übernimmt	dictionary	de_DE_frami
allgemeine	dictionary	de_DE_frami
aufweisen	dictionary	de_DE_frami
automatisch	dictionary	de_DE_frami
begründete	dictionary	de_DE_frami
bisherige	dictionary	de_DE_frami
erfolgreiche	dictionary	de_DE_frami
erfolgreichste	dictionary	de_DE_frami
erhebliche	dictionary	de_DE_frami
festgenommen	dictionary	de_DE_frami
hinterließ	dictionary	de_DE_frami
identifiziert	dictionary	de_DE_frami
italienische	dictionary	de_DE_frami
verbessert	dictionary	de_DE_frami
verschoben	dictionary	de_DE_frami
zerstörten	dictionary	de_DE_frami
zueinander	dictionary	de_DE_frami
ähnlichen	dictionary	de_DE_frami
überraschend	dictionary	de_DE_frami
überzeugen	dictionary	de_DE_frami
abgegeben	dictionary	de_DE_frami
ausgelegt	dictionary	de_DE_frami
begründet	dictionary	de_DE_frami
bekannter	dictionary	de_DE_frami
benötigten	dictionary	de_DE_frami
bestimmen	dictionary	de_DE_frami
bestätigte	dictionary	de_DE_frami
eingezogen	dictionary	de_DE_frami
erreichbar	dictionary	de_DE_frami
feststellen	dictionary	de_DE_frami
finanziert	dictionary	de_DE_frami
internationaler	dictionary	de_DE_frami
jeweilige	dictionary	de_DE_frami
musikalischen	dictionary	de_DE_frami
natürlich	dictionary	de_DE_frami
schwedische	dictionary	de_DE_frami
schwedischen	dictionary	de_DE_frami
transportiert	dictionary	de_DE_frami
wesentliche	dictionary	de_DE_frami
allmählich	dictionary	de_DE_frami
angrenzenden	dictionary	de_DE_frami
annähernd	dictionary	de_DE_frami
auseinander	dictionary	de_DE_frami
ausgesprochen	dictionary	de_DE_frami
ausgewählt	dictionary	de_DE_frami
bedeutendsten	dictionary	de_DE_frami
dänischen	dictionary	de_DE_frami
eingestuft	dictionary	de_DE_frami
einzelner	dictionary	de_DE_frami
entscheidet	dictionary	de_DE_frami
geschlagen	dictionary	de_DE_frami
letztendlich	dictionary	de_DE_frami
männliche	dictionary	de_DE_frami
nachfolgenden	dictionary	de_DE_frami
niedriger	dictionary	de_DE_frami
publizierte	dictionary	de_DE_frami
speziellen	dictionary	de_DE_frami
technisch	dictionary	de_DE_frami
umfassenden	dictionary	de_DE_frami
unbedingt	dictionary	de_DE_frami
urkundliche	dictionary	de_DE_frami
verhältnismäßig	dictionary	de_DE_frami
verstorben	dictionary	de_DE_frami
verteidigen	dictionary	de_DE_frami
verzichtete	dictionary	de_DE_frami
vorzeitig	dictionary	de_DE_frami
abgehalten	dictionary	de_DE_frami
bestehend	dictionary	de_DE_frami
betroffenen	dictionary	de_DE_frami
christliche	dictionary	de_DE_frami
eingetragen	dictionary	de_DE_frami
einheitlich	dictionary	de_DE_frami
einstigen	dictionary	de_DE_frami
erschlossen	dictionary	de_DE_frami
gesammelt	dictionary	de_DE_frami
inklusive	dictionary	de_DE_frami
kontinuierlich	dictionary	de_DE_frami
nominiert	dictionary	de_DE_frami
nordwestlich	dictionary	de_DE_frami
notwendige	dictionary	de_DE_frami
organisieren	dictionary	de_DE_frami
schnellen	dictionary	de_DE_frami
seinerzeit	dictionary	de_DE_frami
verschwunden	dictionary	de_DE_frami
vertrieben	dictionary	de_DE_frami
verändern	dictionary	de_DE_frami
akzeptiert	dictionary	de_DE_frami
beeinflussen	dictionary	de_DE_frami
befindliche	dictionary	de_DE_frami
berichten	dictionary	de_DE_frami
bürgerlichen	dictionary	de_DE_frami
dauerhaft	dictionary	de_DE_frami
eingeteilt	dictionary	de_DE_frami
entworfen	dictionary	de_DE_frami
genehmigt	dictionary	de_DE_frami
geschieden	dictionary	de_DE_frami
hinsichtlich	dictionary	de_DE_frami
kombiniert	dictionary	de_DE_frami
kostenlos	dictionary	de_DE_frami
qualifizieren	dictionary	de_DE_frami
registriert	dictionary	de_DE_frami
städtische	dictionary	de_DE_frami
traditionelle	dictionary	de_DE_frami
unterstellt	dictionary	de_DE_frami
verlaufen	dictionary	de_DE_frami
vermittelt	dictionary	de_DE_frami
vollkommen	dictionary	de_DE_frami
zerstörte	dictionary	de_DE_frami
zurückkehren	dictionary	de_DE_frami
abgebildet	dictionary	de_DE_frami
absolviert	dictionary	de_DE_frami
angefertigt	dictionary	de_DE_frami
empfangen	dictionary	de_DE_frami
entscheidend	dictionary	de_DE_frami
entschloss	dictionary	de_DE_frami
ermöglichte	dictionary	de_DE_frami
erschienenen	dictionary	de_DE_frami
geschehen	dictionary	de_DE_frami
gewonnenen	dictionary	de_DE_frami
gewöhnlich	dictionary	de_DE_frami
kirchlichen	dictionary	de_DE_frami
komponierte	dictionary	de_DE_frami
kurzzeitig	dictionary	de_DE_frami
produzieren	dictionary	de_DE_frami
stattfand	dictionary	de_DE_frami
unmittelbarer	dictionary	de_DE_frami
verbundenen	dictionary	de_DE_frami
verfolgte	dictionary	de_DE_frami
verstorbenen	dictionary	de_DE_frami
verwundet	dictionary	de_DE_frami
vorhandene	dictionary	de_DE_frami
vornehmlich	dictionary	de_DE_frami
zeichnete	dictionary	de_DE_frami
abgesetzt	dictionary	de_DE_frami
absolvieren	dictionary	de_DE_frami
bezeichnen	dictionary	de_DE_frami
dominiert	dictionary	de_DE_frami
englischer	dictionary	de_DE_frami
ermitteln	dictionary	de_DE_frami
freiwillig	dictionary	de_DE_frami
gründeten	dictionary	de_DE_frami
historisch	dictionary	de_DE_frami
jährlichen	dictionary	de_DE_frami
literarischen	dictionary	de_DE_frami
nachweisen	dictionary	de_DE_frami
publiziert	dictionary	de_DE_frami
rechtzeitig	dictionary	de_DE_frami
verbreitete	dictionary	de_DE_frami
verzichtet	dictionary	de_DE_frami
wesentlichen	dictionary	de_DE_frami
zurückzukehren	dictionary	de_DE_frami
abgesehen	dictionary	de_DE_frami
angewendet	dictionary	de_DE_frami
demselben	dictionary	de_DE_frami
denselben	dictionary	de_DE_frami
digitalen	dictionary	de_DE_frami
erzielten	dictionary	de_DE_frami
existierte	dictionary	de_DE_frami
fehlenden	dictionary	de_DE_frami
geeignete	dictionary	de_DE_frami
gestanden	dictionary	de_DE_frami
grundlegende	dictionary	de_DE_frami
historischer	dictionary	de_DE_frami
klassische	dictionary	de_DE_frami
königlichen	dictionary	de_DE_frami
menschliche	dictionary	de_DE_frami
nationaler	dictionary	de_DE_frami
nordöstlich	dictionary	de_DE_frami
reduzieren	dictionary	de_DE_frami
schottischen	dictionary	de_DE_frami
stattfinden	dictionary	de_DE_frami
südöstlich	dictionary	de_DE_frami
unbekannten	dictionary	de_DE_frami
verfolgen	dictionary	de_DE_frami
verlieren	dictionary	de_DE_frami
veränderte	dictionary	de_DE_frami
vorbereitet	dictionary	de_DE_frami
zuständigen	dictionary	de_DE_frami
angestellt	dictionary	de_DE_frami
ausländischen	dictionary	de_DE_frami
besetzten	dictionary	de_DE_frami
einfacher	dictionary	de_DE_frami
eingenommen	dictionary	de_DE_frami
entstandene	dictionary	de_DE_frami
finanziell	dictionary	de_DE_frami
gegeneinander	dictionary	de_DE_frami
gehandelt	dictionary	de_DE_frami
gerichtet	dictionary	de_DE_frami
gewährleisten	dictionary	de_DE_frami
glücklich	dictionary	de_DE_frami
konzentriert	dictionary	de_DE_frami
medizinische	dictionary	de_DE_frami
mächtigen	dictionary	de_DE_frami
scheinbar	dictionary	de_DE_frami
schriftlich	dictionary	de_DE_frami
südwestlich	dictionary	de_DE_frami
teilnehmenden	dictionary	de_DE_frami
umgestaltet	dictionary	de_DE_frami
ungarischen	dictionary	de_DE_frami
unterschrieb	dictionary	de_DE_frami
verlangte	dictionary	de_DE_frami
vermitteln	dictionary	de_DE_frami
verstärkte	dictionary	de_DE_frami
wechselnden	dictionary	de_DE_frami
zerstören	dictionary	de_DE_frami
arbeiteten	dictionary	de_DE_frami
bayerischen	dictionary	de_DE_frami
beschäftigen	dictionary	de_DE_frami
betreiben	dictionary	de_DE_frami
bezeichneten	dictionary	de_DE_frami
deutliche	dictionary	de_DE_frami
durchgehend	dictionary	de_DE_frami
funktioniert	dictionary	de_DE_frami
geeigneten	dictionary	de_DE_frami
gegenseitig	dictionary	de_DE_frami
Taliban	dictionary	de_DE_frami
Tango	dictionary	de_DE_frami
tapfer	dictionary	de_DE_frami
tasten	dictionary	de_DE_frami
technisches	dictionary	de_DE_frami
Thun	dictionary	de_DE_frami
traurigen	dictionary	de_DE_frami
Turin	dictionary	de_DE_frami
unendliche	dictionary	de_DE_frami
untergehen	dictionary	de_DE_frami
Ursprungs	dictionary	de_DE_frami
verdeutlicht	dictionary	de_DE_frami
vermietet	dictionary	de_DE_frami
Vermittler	dictionary	de_DE_frami
vernehmen	dictionary	de_DE_frami
versammelten	dictionary	de_DE_frami
Vertrauens	dictionary	de_DE_frami
vorbildlich	dictionary	de_DE_frami
Vorderseite	dictionary	de_DE_frami
Wales	dictionary	de_DE_frami
warnte	dictionary	de_DE_frami
weitesten	dictionary	de_DE_frami
wertvoller	dictionary	de_DE_frami
wusstest	dictionary	de_DE_frami
ziehst	dictionary	de_DE_frami
Zuneigung	dictionary	de_DE_frami
zurückkommen	dictionary	de_DE_frami
zusage	dictionary	de_DE_frami
Zwerg	dictionary	de_DE_frami
öfteren	dictionary	de_DE_frami
Abneigung	dictionary	de_DE_frami
aggressiven	dictionary	de_DE_frami
Amerikanern	dictionary	de_DE_frami
amüsant	dictionary	de_DE_frami
anfing	dictionary	de_DE_frami
anstehenden	dictionary	de_DE_frami
Arbeitern	dictionary	de_DE_frami
Asphalt	dictionary	de_DE_frami
Auferstehung	dictionary	de_DE_frami
aufsetzen	dictionary	de_DE_frami
Aufwendungen	dictionary	de_DE_frami
ausgefüllt	dictionary	de_DE_frami
Ausländern	dictionary	de_DE_frami
auszugleichen	dictionary	de_DE_frami
Autounfall	dictionary	de_DE_frami
bayerischer	dictionary	de_DE_frami
beachte	dictionary	de_DE_frami
behindern	dictionary	de_DE_frami
bekanntgegeben	dictionary	de_DE_frami
Benennung	dictionary	de_DE_frami
Berechtigung	dictionary	de_DE_frami
bereichern	dictionary	de_DE_frami
bereichert	dictionary	de_DE_frami
Bestrebungen	dictionary	de_DE_frami
bieber	pending	de_DE_frami
Bildhauer	dictionary	de_DE_frami
bildungs	pending	de_DE_frami
blutigen	dictionary	de_DE_frami
bläst	dictionary	de_DE_frami
Bäder	dictionary	de_DE_frami
charmant	dictionary	de_DE_frami
Chemiker	dictionary	de_DE_frami
dahingehend	dictionary	de_DE_frami
deaktiviert	dictionary	de_DE_frami
Denker	dictionary	de_DE_frami
Deppen	dictionary	de_DE_frami
Drink	dictionary	de_DE_frami
drohenden	dictionary	de_DE_frami
Durchfall	dictionary	de_DE_frami
durchgängig	dictionary	de_DE_frami
Eingabe	dictionary	de_DE_frami
eingeben	dictionary	de_DE_frami
einzuhalten	dictionary	de_DE_frami
Eliten	dictionary	de_DE_frami
Emden	dictionary	de_DE_frami
Englands	dictionary	de_DE_frami
entlastet	dictionary	de_DE_frami
erkrankte	dictionary	de_DE_frami
Erlösung	dictionary	de_DE_frami
erneuern	dictionary	de_DE_frami
ernährt	dictionary	de_DE_frami
Essener	dictionary	de_DE_frami
exakte	dictionary	de_DE_frami
Excel	dictionary	de_DE_frami
exklusive	dictionary	de_DE_frami
fertige	dictionary	de_DE_frami
Finanzkrise	dictionary	de_DE_frami
flaggen	dictionary	de_DE_frami
Flohmarkt	dictionary	de_DE_frami
Fragestellungen	dictionary	de_DE_frami
Färbung	dictionary	de_DE_frami
Gauck	dictionary	de_DE_frami
Gedenkstätte	dictionary	de_DE_frami
gedruckten	dictionary	de_DE_frami
geeinigt	dictionary	de_DE_frami
gefallenen	dictionary	de_DE_frami
gereist	dictionary	de_DE_frami
Geschrei	dictionary	de_DE_frami
gesondert	dictionary	de_DE_frami
Ghana	dictionary	de_DE_frami
glatten	dictionary	de_DE_frami
glaubwürdig	dictionary	de_DE_frami
Glückwünsche	dictionary	de_DE_frami
Grafschaft	dictionary	de_DE_frami
gratuliere	dictionary	de_DE_frami
Grundeinkommen	dictionary	de_DE_frami
Gunst	dictionary	de_DE_frami
heimische	dictionary	de_DE_frami
hervorgehoben	dictionary	de_DE_frami
Hoheit	dictionary	de_DE_frami
Hypothese	dictionary	de_DE_frami
Internat	dictionary	de_DE_frami
Jemen	dictionary	de_DE_frami
joggen	dictionary	de_DE_frami
Kaliber	dictionary	de_DE_frami
Kathedrale	dictionary	de_DE_frami
Kenner	dictionary	de_DE_frami
knüpfen	dictionary	de_DE_frami
konkreter	dictionary	de_DE_frami
Kontinuität	dictionary	de_DE_frami
konventionellen	dictionary	de_DE_frami
Kraftwerke	dictionary	de_DE_frami
Kratzer	dictionary	de_DE_frami
Kreuzer	dictionary	de_DE_frami
kurzfristige	dictionary	de_DE_frami
Körner	dictionary	de_DE_frami
kürzere	dictionary	de_DE_frami
Lamm	dictionary	de_DE_frami
Landesverband	dictionary	de_DE_frami
letzteren	dictionary	de_DE_frami
Längen	dictionary	de_DE_frami
Marius	dictionary	de_DE_frami
mechanischen	dictionary	de_DE_frami
mediale	dictionary	de_DE_frami
Metz	dictionary	de_DE_frami
Mister	dictionary	de_DE_frami
monatliche	dictionary	de_DE_frami
mutmaßlichen	dictionary	de_DE_frami
Mündung	dictionary	de_DE_frami
nachhaltigen	dictionary	de_DE_frami
nationales	dictionary	de_DE_frami
Neustart	dictionary	de_DE_frami
Niedergang	dictionary	de_DE_frami
Normalität	dictionary	de_DE_frami
Offenbarung	dictionary	de_DE_frami
operativen	dictionary	de_DE_frami
Optimismus	dictionary	de_DE_frami
orientierte	dictionary	de_DE_frami
paaren	dictionary	de_DE_frami
Passion	dictionary	de_DE_frami
Pillen	dictionary	de_DE_frami
Platin	dictionary	de_DE_frami
Pressefreiheit	dictionary	de_DE_frami
Projektleiter	dictionary	de_DE_frami
Provider	dictionary	de_DE_frami
rasche	dictionary	de_DE_frami
realistische	dictionary	de_DE_frami
Referenten	dictionary	de_DE_frami
reitet	dictionary	de_DE_frami
Rekonstruktion	dictionary	de_DE_frami
rezeptfrei	dictionary	de_DE_frami
Rinder	dictionary	de_DE_frami
Rippen	dictionary	de_DE_frami
Russe	dictionary	de_DE_frami
Sarg	dictionary	de_DE_frami
Sauerland	dictionary	de_DE_frami
schlechthin	dictionary	de_DE_frami
Schnittstelle	dictionary	de_DE_frami
schäme	dictionary	de_DE_frami
selbstbewusst	dictionary	de_DE_frami
Seltenheit	dictionary	de_DE_frami
Senats	dictionary	de_DE_frami
Sonde	dictionary	de_DE_frami
spezielles	dictionary	de_DE_frami
spielerisch	dictionary	de_DE_frami
Stile	dictionary	de_DE_frami
Stockwerk	dictionary	de_DE_frami
subjektive	dictionary	de_DE_frami
Süddeutschland	dictionary	de_DE_frami
Südosten	dictionary	de_DE_frami
tendenziell	dictionary	de_DE_frami
treuen	dictionary	de_DE_frami
turn	dictionary	de_DE_frami
umdrehen	dictionary	de_DE_frami
umher	dictionary	de_DE_frami
unsichtbare	dictionary	de_DE_frami
unterworfen	dictionary	de_DE_frami
Vegetarier	dictionary	de_DE_frami
verbrennt	dictionary	de_DE_frami
verdienten	dictionary	de_DE_frami
vergibt	dictionary	de_DE_frami
vermehren	dictionary	de_DE_frami
versammeln	dictionary	de_DE_frami
verschenkt	dictionary	de_DE_frami
verschließen	dictionary	de_DE_frami
Verschwendung	dictionary	de_DE_frami
vertraue	dictionary	de_DE_frami
verweise	dictionary	de_DE_frami
vorwerfen	dictionary	de_DE_frami
Waffenstillstand	dictionary	de_DE_frami
weiterführende	dictionary	de_DE_frami
wiege	dictionary	de_DE_frami
witzige	dictionary	de_DE_frami
wordpress	pending	de_DE_frami
Würzburger	dictionary	de_DE_frami
Zombies	dictionary	de_DE_frami
Zugabe	dictionary	de_DE_frami
zusagen	dictionary	de_DE_frami
Zwischenfall	dictionary	de_DE_frami
ökologisch	dictionary	de_DE_frami
überlebende	dictionary	de_DE_frami
abbiegen	dictionary	de_DE_frami
Abhilfe	dictionary	de_DE_frami
ablesen	dictionary	de_DE_frami
abläuft	dictionary	de_DE_frami
abzuwarten	dictionary	de_DE_frami
aggressive	dictionary	de_DE_frami
Akkus	dictionary	de_DE_frami
alleinige	dictionary	de_DE_frami
Ambiente	dictionary	de_DE_frami
Amis	dictionary	de_DE_frami
Atlantik	dictionary	de_DE_frami
aufgedeckt	dictionary	de_DE_frami
aufgestanden	dictionary	de_DE_frami
Augustin	dictionary	de_DE_frami
ausführlicher	dictionary	de_DE_frami
ausgeliehen	dictionary	de_DE_frami
Ausgestaltung	dictionary	de_DE_frami
ausreicht	dictionary	de_DE_frami
Baumeister	dictionary	de_DE_frami
Bauweise	dictionary	de_DE_frami
bedrohen	dictionary	de_DE_frami
bekennt	dictionary	de_DE_frami
bellen	dictionary	de_DE_frami
Bereitstellung	dictionary	de_DE_frami
bergisch	dictionary	de_DE_frami
Berufsleben	dictionary	de_DE_frami
beschert	dictionary	de_DE_frami
Beschleunigung	dictionary	de_DE_frami
beschriebene	dictionary	de_DE_frami
Blech	dictionary	de_DE_frami
bräuchten	dictionary	de_DE_frami
Bub	dictionary	de_DE_frami
Bulle	dictionary	de_DE_frami
Busen	dictionary	de_DE_frami
Bussen	dictionary	de_DE_frami
Canon	dictionary	de_DE_frami
Commerzbank	dictionary	de_DE_frami
diverser	dictionary	de_DE_frami
Drache	dictionary	de_DE_frami
dringt	dictionary	de_DE_frami
dulden	dictionary	de_DE_frami
Edmund	dictionary	de_DE_frami
Ehrungen	dictionary	de_DE_frami
eingebettet	dictionary	de_DE_frami
Einsatzes	dictionary	de_DE_frami
einseitige	dictionary	de_DE_frami
einzigartigen	dictionary	de_DE_frami
Erdbeeren	dictionary	de_DE_frami
erfüllte	dictionary	de_DE_frami
Erwärmung	dictionary	de_DE_frami
Expertise	dictionary	de_DE_frami
Fahrplan	dictionary	de_DE_frami
Fernando	dictionary	de_DE_frami
fernseh	pending	de_DE_frami
Flugplatz	dictionary	de_DE_frami
formulierte	dictionary	de_DE_frami
Fragebogen	dictionary	de_DE_frami
Franco	dictionary	de_DE_frami
Franke	dictionary	de_DE_frami
freigelassen	dictionary	de_DE_frami
Fremdsprache	dictionary	de_DE_frami
Friedrichs	dictionary	de_DE_frami
Früchten	dictionary	de_DE_frami
Förderverein	dictionary	de_DE_frami
gehasst	dictionary	de_DE_frami
gehörst	dictionary	de_DE_frami
gelaunt	dictionary	de_DE_frami
Georgien	dictionary	de_DE_frami
gesprungen	dictionary	de_DE_frami
Getränken	dictionary	de_DE_frami
gewohnten	dictionary	de_DE_frami
gewundert	dictionary	de_DE_frami
Gina	dictionary	de_DE_frami
gnadenlos	dictionary	de_DE_frami
Granit	dictionary	de_DE_frami
großartiges	dictionary	de_DE_frami
grossraum	pending	de_DE_frami
Göring	dictionary	de_DE_frami
Görlitz	dictionary	de_DE_frami
göttliche	dictionary	de_DE_frami
haftet	dictionary	de_DE_frami
haltbar	dictionary	de_DE_frami
Handhabung	dictionary	de_DE_frami
Hautfarbe	dictionary	de_DE_frami
Heidelberger	dictionary	de_DE_frami
Herford	dictionary	de_DE_frami
Herzogs	dictionary	de_DE_frami
hinab	dictionary	de_DE_frami
Hingabe	dictionary	de_DE_frami
hinterm	dictionary	de_DE_frami
Images	dictionary	de_DE_frami
islamistischen	dictionary	de_DE_frami
ists	pending	de_DE_frami
italienischer	dictionary	de_DE_frami
Jupiter	dictionary	de_DE_frami
kanadischen	dictionary	de_DE_frami
Karate	dictionary	de_DE_frami
Karls	dictionary	de_DE_frami
Kempten	dictionary	de_DE_frami
klebt	dictionary	de_DE_frami
Klischees	dictionary	de_DE_frami
kombinieren	dictionary	de_DE_frami
Kompromisse	dictionary	de_DE_frami
Kundschaft	dictionary	de_DE_frami
Käfig	dictionary	de_DE_frami
Kätzchen	dictionary	de_DE_frami
kühne	dictionary	de_DE_frami
Landau	dictionary	de_DE_frami
Lehrkräfte	dictionary	de_DE_frami
Lettland	dictionary	de_DE_frami
lieferten	dictionary	de_DE_frami
Logos	dictionary	de_DE_frami
ländliche	dictionary	de_DE_frami
Manöver	dictionary	de_DE_frami
Marihuana	dictionary	de_DE_frami
maximalen	dictionary	de_DE_frami
mitsamt	dictionary	de_DE_frami
Mitteleuropa	dictionary	de_DE_frami
mittelfristig	dictionary	de_DE_frami
mächtiger	dictionary	de_DE_frami
mündliche	dictionary	de_DE_frami
nachdenklich	dictionary	de_DE_frami
nachsehen	dictionary	de_DE_frami
Neuanfang	dictionary	de_DE_frami
Nische	dictionary	de_DE_frami
Nissan	dictionary	de_DE_frami
obdachlose	dictionary	de_DE_frami
Ordens	dictionary	de_DE_frami
Palette	dictionary	de_DE_frami
Palästinenser	dictionary	de_DE_frami
Paprika	dictionary	de_DE_frami
Pfarrei	dictionary	de_DE_frami
Platzes	dictionary	de_DE_frami
platzt	dictionary	de_DE_frami
Plätzchen	dictionary	de_DE_frami
polnisch	dictionary	de_DE_frami
Popularität	dictionary	de_DE_frami
Populismus	dictionary	de_DE_frami
Prager	dictionary	de_DE_frami
Raphael	dictionary	de_DE_frami
raucht	dictionary	de_DE_frami
recherchieren	dictionary	de_DE_frami
Recklinghausen	dictionary	de_DE_frami
Regenbogen	dictionary	de_DE_frami
repräsentative	dictionary	de_DE_frami
respektiert	dictionary	de_DE_frami
Rohre	dictionary	de_DE_frami
Rumpf	dictionary	de_DE_frami
Schauer	dictionary	de_DE_frami
schweben	dictionary	de_DE_frami
schwersten	dictionary	de_DE_frami
schwindel	dictionary	de_DE_frami
schwänze	dictionary	de_DE_frami
Seattle	dictionary	de_DE_frami
Seide	dictionary	de_DE_frami
Sekretärin	dictionary	de_DE_frami
Sekte	dictionary	de_DE_frami
Sonnenbrille	dictionary	de_DE_frami
Speyer	dictionary	de_DE_frami
Sportwagen	dictionary	de_DE_frami
Stadtzentrum	dictionary	de_DE_frami
stammenden	dictionary	de_DE_frami
Startseite	dictionary	de_DE_frami
stattfindenden	dictionary	de_DE_frami
Stecker	dictionary	de_DE_frami
steile	dictionary	de_DE_frami
Stipendium	dictionary	de_DE_frami
Superstar	dictionary	de_DE_frami
Synthese	dictionary	de_DE_frami
söhnen	dictionary	de_DE_frami
Taiwan	dictionary	de_DE_frami
thematisch	dictionary	de_DE_frami
Titanic	dictionary	de_DE_frami
Trainings	dictionary	de_DE_frami
Trinkgeld	dictionary	de_DE_frami
Täuschung	dictionary	de_DE_frami
umgerechnet	dictionary	de_DE_frami
umstrittene	dictionary	de_DE_frami
Umsätze	dictionary	de_DE_frami
unbewusst	dictionary	de_DE_frami
Unfällen	dictionary	de_DE_frami
variieren	dictionary	de_DE_frami
Vergessenheit	dictionary	de_DE_frami
verweilen	dictionary	de_DE_frami
Videospiele	dictionary	de_DE_frami
Volksschule	dictionary	de_DE_frami
vorgeführt	dictionary	de_DE_frami
vorgesehene	dictionary	de_DE_frami
vorletzten	dictionary	de_DE_frami
Vorträgen	dictionary	de_DE_frami
vorzugehen	dictionary	de_DE_frami
Wahlergebnis	dictionary	de_DE_frami
warteten	dictionary	de_DE_frami
weide	dictionary	de_DE_frami
weissrussland	pending	de_DE_frami
werdende	dictionary	de_DE_frami
Wetzlar	dictionary	de_DE_frami
Widersprüche	dictionary	de_DE_frami
Wildnis	dictionary	de_DE_frami
wohnten	dictionary	de_DE_frami
wählten	dictionary	de_DE_frami
zarte	dictionary	de_DE_frami
zuordnen	dictionary	de_DE_frami
zusammengesetzt	dictionary	de_DE_frami
Zuschlag	dictionary	de_DE_frami
Zuverlässigkeit	dictionary	de_DE_frami
ökonomisch	dictionary	de_DE_frami
überführt	dictionary	de_DE_frami
übermorgen	dictionary	de_DE_frami
überreden	dictionary	de_DE_frami
überwältigt	dictionary	de_DE_frami
abgefahren	dictionary	de_DE_frami
abgelenkt	dictionary	de_DE_frami
Abwicklung	dictionary	de_DE_frami
abzuhalten	dictionary	de_DE_frami
Aggression	dictionary	de_DE_frami
Aktionäre	dictionary	de_DE_frami
Aktualisierung	dictionary	de_DE_frami
akute	dictionary	de_DE_frami
Altona	dictionary	de_DE_frami
amüsiert	dictionary	de_DE_frami
angestrebt	dictionary	de_DE_frami
angetrieben	dictionary	de_DE_frami
Ankauf	dictionary	de_DE_frami
Anrufer	dictionary	de_DE_frami
Anschlägen	dictionary	de_DE_frami
Anschuldigungen	dictionary	de_DE_frami
Antenne	dictionary	de_DE_frami
anzuschließen	dictionary	de_DE_frami
Augenmerk	dictionary	de_DE_frami
ausgearbeitet	dictionary	de_DE_frami
ausgebildeten	dictionary	de_DE_frami
ausgesehen	dictionary	de_DE_frami
Auslastung	dictionary	de_DE_frami
Aussteller	dictionary	de_DE_frami
auszuführen	dictionary	de_DE_frami
Aviv	dictionary	de_DE_frami
Baseball	dictionary	de_DE_frami
Baujahr	dictionary	de_DE_frami
beansprucht	dictionary	de_DE_frami
beeindruckende	dictionary	de_DE_frami
Befestigung	dictionary	de_DE_frami
begrüßte	dictionary	de_DE_frami
Belagerung	dictionary	de_DE_frami
benötige	dictionary	de_DE_frami
Berlinale	dictionary	de_DE_frami
Berufs	dictionary	de_DE_frami
beruft	dictionary	de_DE_frami
Beschränkung	dictionary	de_DE_frami
beugen	dictionary	de_DE_frami
Birne	dictionary	de_DE_frami
Bistum	dictionary	de_DE_frami
bittere	dictionary	de_DE_frami
Bluetooth	dictionary	de_DE_frami
brasilianische	dictionary	de_DE_frami
Buben	dictionary	de_DE_frami
Buddha	dictionary	de_DE_frami
Bushaltestelle	dictionary	de_DE_frami
chronisch	dictionary	de_DE_frami
dauerhaften	dictionary	de_DE_frami
Definitionen	dictionary	de_DE_frami
demzufolge	dictionary	de_DE_frami
Diplomaten	dictionary	de_DE_frami
Dozent	dictionary	de_DE_frami
dynamischen	dictionary	de_DE_frami
eingeholt	dictionary	de_DE_frami
einschlagen	dictionary	de_DE_frami
einschränken	dictionary	de_DE_frami
Eisenach	dictionary	de_DE_frami
Empathie	dictionary	de_DE_frami
empfand	dictionary	de_DE_frami
Entzug	dictionary	de_DE_frami
erlebten	dictionary	de_DE_frami
Erweiterungen	dictionary	de_DE_frami
eröffneten	dictionary	de_DE_frami
Estland	dictionary	de_DE_frami
Europameister	dictionary	de_DE_frami
evakuiert	dictionary	de_DE_frami
Fahrzeugs	dictionary	de_DE_frami
Festland	dictionary	de_DE_frami
Fitnessstudio	dictionary	de_DE_frami
flogen	dictionary	de_DE_frami
Führungen	dictionary	de_DE_frami
Gebete	dictionary	de_DE_frami
gebrauchten	dictionary	de_DE_frami
gefeuert	dictionary	de_DE_frami
generiert	dictionary	de_DE_frami
Gerede	dictionary	de_DE_frami
Geschehnisse	dictionary	de_DE_frami
geschwächt	dictionary	de_DE_frami
gesundheitliche	dictionary	de_DE_frami
Ghetto	dictionary	de_DE_frami
guckst	dictionary	de_DE_frami
Gütern	dictionary	de_DE_frami
Handgelenk	dictionary	de_DE_frami
Haustier	dictionary	de_DE_frami
Havel	dictionary	de_DE_frami
Heiner	dictionary	de_DE_frami
heiratet	dictionary	de_DE_frami
Helligkeit	dictionary	de_DE_frami
Hildegard	dictionary	de_DE_frami
hinzuzufügen	dictionary	de_DE_frami
humanitäre	dictionary	de_DE_frami
ideologischen	dictionary	de_DE_frami
Inbetriebnahme	dictionary	de_DE_frami
Intention	dictionary	de_DE_frami
iranischen	dictionary	de_DE_frami
Japans	dictionary	de_DE_frami
Kabarett	dictionary	de_DE_frami
Kahn	dictionary	de_DE_frami
Kammern	dictionary	de_DE_frami
Karsten	dictionary	de_DE_frami
Kaufpreis	dictionary	de_DE_frami
Kinn	dictionary	de_DE_frami
kleinerer	dictionary	de_DE_frami
Komma	dictionary	de_DE_frami
Konsolen	dictionary	de_DE_frami
Kooperationen	dictionary	de_DE_frami
kotzt	dictionary	de_DE_frami
kuppel	dictionary	de_DE_frami
Kärntner	dictionary	de_DE_frami
kümmerte	dictionary	de_DE_frami
lebend	dictionary	de_DE_frami
Lebzeiten	dictionary	de_DE_frami
legendäre	dictionary	de_DE_frami
lehne	dictionary	de_DE_frami
Leichnam	dictionary	de_DE_frami
leinen	dictionary	de_DE_frami
liegst	dictionary	de_DE_frami
Lindau	dictionary	de_DE_frami
Lot	dictionary	de_DE_frami
mangelnder	dictionary	de_DE_frami
Mediathek	dictionary	de_DE_frami
Missstände	dictionary	de_DE_frami
Modul	dictionary	de_DE_frami
Mächte	dictionary	de_DE_frami
Nickel	dictionary	de_DE_frami
Niederrhein	dictionary	de_DE_frami
niedrigere	dictionary	de_DE_frami
Nordafrika	dictionary	de_DE_frami
Olga	dictionary	de_DE_frami
optimieren	dictionary	de_DE_frami
ordentliches	dictionary	de_DE_frami
organische	dictionary	de_DE_frami
ostdeutschen	dictionary	de_DE_frami
Panther	dictionary	de_DE_frami
Parodie	dictionary	de_DE_frami
pfeife	dictionary	de_DE_frami
physikalischen	dictionary	de_DE_frami
potenzielle	dictionary	de_DE_frami
Prämie	dictionary	de_DE_frami
Präzision	dictionary	de_DE_frami
putz	dictionary	de_DE_frami
rauskommen	dictionary	de_DE_frami
Rechenschaft	dictionary	de_DE_frami
Reflexion	dictionary	de_DE_frami
Rettungsdienst	dictionary	de_DE_frami
Robinson	dictionary	de_DE_frami
schaff	dictionary	de_DE_frami
Schlepper	dictionary	de_DE_frami
Sees	dictionary	de_DE_frami
Siedlungen	dictionary	de_DE_frami
Sitten	dictionary	de_DE_frami
Slalom	dictionary	de_DE_frami
sortieren	dictionary	de_DE_frami
Sounds	dictionary	de_DE_frami
starteten	dictionary	de_DE_frami
ständen	dictionary	de_DE_frami
Stützpunkt	dictionary	de_DE_frami
subjektiv	dictionary	de_DE_frami
Subventionen	dictionary	de_DE_frami
Swing	dictionary	de_DE_frami
Trauben	dictionary	de_DE_frami
Turniere	dictionary	de_DE_frami
umsteigen	dictionary	de_DE_frami
ungeeignet	dictionary	de_DE_frami
Ungerechtigkeit	dictionary	de_DE_frami
Unmut	dictionary	de_DE_frami
unternimmt	dictionary	de_DE_frami
Unzufriedenheit	dictionary	de_DE_frami
unzulässig	dictionary	de_DE_frami
verabschiedete	dictionary	de_DE_frami
Verbote	dictionary	de_DE_frami
verdeutlichen	dictionary	de_DE_frami
verklagen	dictionary	de_DE_frami
verschiebt	dictionary	de_DE_frami
versenkt	dictionary	de_DE_frami
verspielt	dictionary	de_DE_frami
verspätet	dictionary	de_DE_frami
versteck	dictionary	de_DE_frami
Versöhnung	dictionary	de_DE_frami
verwöhnt	dictionary	de_DE_frami
Volks	dictionary	de_DE_frami
Vollendung	dictionary	de_DE_frami
vorgegebenen	dictionary	de_DE_frami
völliger	dictionary	de_DE_frami
wahlweise	dictionary	de_DE_frami
weggenommen	dictionary	de_DE_frami
weiblicher	dictionary	de_DE_frami
Weltanschauung	dictionary	de_DE_frami
Wiedergabe	dictionary	de_DE_frami
winzigen	dictionary	de_DE_frami
Wirbelsäule	dictionary	de_DE_frami
Witterung	dictionary	de_DE_frami
Wortschatz	dictionary	de_DE_frami
wunderschönes	dictionary	de_DE_frami
Zentralbank	dictionary	de_DE_frami
zurückgegangen	dictionary	de_DE_frami
zweieinhalb	dictionary	de_DE_frami
übersteigt	dictionary	de_DE_frami
übertroffen	dictionary	de_DE_frami
Abtreibung	dictionary	de_DE_frami
alleinerziehende	dictionary	de_DE_frami
Anekdoten	dictionary	de_DE_frami
anhört	dictionary	de_DE_frami
Anreiz	dictionary	de_DE_frami
ansatzweise	dictionary	de_DE_frami
anschaut	dictionary	de_DE_frami
arbeitenden	dictionary	de_DE_frami
Arndt	dictionary	de_DE_frami
Attraktivität	dictionary	de_DE_frami
auffällt	dictionary	de_DE_frami
aufrechterhalten	dictionary	de_DE_frami
Ausschlag	dictionary	de_DE_frami
aussenseiter	pending	de_DE_frami
auszusetzen	dictionary	de_DE_frami
Beantwortung	dictionary	de_DE_frami
beauftragten	dictionary	de_DE_frami
befolgen	dictionary	de_DE_frami
Beilage	dictionary	de_DE_frami
Belegschaft	dictionary	de_DE_frami
belle	dictionary	de_DE_frami
bereut	dictionary	de_DE_frami
bewegten	dictionary	de_DE_frami
Bischofs	dictionary	de_DE_frami
Blickwinkel	dictionary	de_DE_frami
Blöcke	dictionary	de_DE_frami
blühen	dictionary	de_DE_frami
bohren	dictionary	de_DE_frami
britischer	dictionary	de_DE_frami
Buenos	dictionary	de_DE_frami
Buffet	dictionary	de_DE_frami
chronischen	dictionary	de_DE_frami
dankt	dictionary	de_DE_frami
Danzig	dictionary	de_DE_frami
dazugehörigen	dictionary	de_DE_frami
demokratischer	dictionary	de_DE_frami
Denkmalschutz	dictionary	de_DE_frami
drittens	dictionary	de_DE_frami
durchsetzt	dictionary	de_DE_frami
Dynastie	dictionary	de_DE_frami
düster	dictionary	de_DE_frami
Eder	dictionary	de_DE_frami
eifersüchtig	dictionary	de_DE_frami
eingangs	dictionary	de_DE_frami
einsamen	dictionary	de_DE_frami
Eisbären	dictionary	de_DE_frami
entscheidender	dictionary	de_DE_frami
erfahre	dictionary	de_DE_frami
erheblicher	dictionary	de_DE_frami
Erreger	dictionary	de_DE_frami
erschweren	dictionary	de_DE_frami
erstmalig	dictionary	de_DE_frami
Erwägung	dictionary	de_DE_frami
Etagen	dictionary	de_DE_frami
Fee	dictionary	de_DE_frami
flott	dictionary	de_DE_frami
Freundlichkeit	dictionary	de_DE_frami
frühestens	dictionary	de_DE_frami
Gag	dictionary	de_DE_frami
gefüttert	dictionary	de_DE_frami
Gegenseite	dictionary	de_DE_frami
gehörig	dictionary	de_DE_frami
gelte	dictionary	de_DE_frami
gelungenen	dictionary	de_DE_frami
Genesung	dictionary	de_DE_frami
Gesprächspartner	dictionary	de_DE_frami
getäuscht	dictionary	de_DE_frami
Gitarren	dictionary	de_DE_frami
Gysi	dictionary	de_DE_frami
Halter	dictionary	de_DE_frami
handele	dictionary	de_DE_frami
hartnäckig	dictionary	de_DE_frami
hefte	dictionary	de_DE_frami
heise	pending	de_DE_frami
Herstellern	dictionary	de_DE_frami
hervorgegangen	dictionary	de_DE_frami
Hoden	dictionary	de_DE_frami
holten	dictionary	de_DE_frami
Identifizierung	dictionary	de_DE_frami
individueller	dictionary	de_DE_frami
inhaltlichen	dictionary	de_DE_frami
inneres	dictionary	de_DE_frami
kaiserliche	dictionary	de_DE_frami
kaufst	dictionary	de_DE_frami
kill	dictionary	de_DE_frami
kontrollierte	dictionary	de_DE_frami
Kreditkarten	dictionary	de_DE_frami
kreuzen	dictionary	de_DE_frami
Kriegsende	dictionary	de_DE_frami
Kritikern	dictionary	de_DE_frami
kultureller	dictionary	de_DE_frami
Kurfürsten	dictionary	de_DE_frami
küsst	dictionary	de_DE_frami
Küsten	dictionary	de_DE_frami
Labyrinth	dictionary	de_DE_frami
Landkreise	dictionary	de_DE_frami
Landtags	dictionary	de_DE_frami
Larven	dictionary	de_DE_frami
Latex	dictionary	de_DE_frami
lebendigen	dictionary	de_DE_frami
Lehrerinnen	dictionary	de_DE_frami
Luftfeuchtigkeit	dictionary	de_DE_frami
lustiges	dictionary	de_DE_frami
Magdeburger	dictionary	de_DE_frami
Magier	dictionary	de_DE_frami
Mahlzeiten	dictionary	de_DE_frami
Manier	dictionary	de_DE_frami
mathematischen	dictionary	de_DE_frami
Meeres	dictionary	de_DE_frami
Meilenstein	dictionary	de_DE_frami
Mitspieler	dictionary	de_DE_frami
Moscheen	dictionary	de_DE_frami
männlicher	dictionary	de_DE_frami
Nadine	dictionary	de_DE_frami
neutralen	dictionary	de_DE_frami
Nietzsche	dictionary	de_DE_frami
obgleich	dictionary	de_DE_frami
öd	dictionary	de_DE_frami
Ostdeutschland	dictionary	de_DE_frami
Parasiten	dictionary	de_DE_frami
passe	dictionary	de_DE_frami
passender	dictionary	de_DE_frami
perle	dictionary	de_DE_frami
Pfannkuchen	dictionary	de_DE_frami
Phantom	dictionary	de_DE_frami
plural	dictionary	de_DE_frami
positioniert	dictionary	de_DE_frami
potentiellen	dictionary	de_DE_frami
Protokolle	dictionary	de_DE_frami
Pubertät	dictionary	de_DE_frami
Querschnitt	dictionary	de_DE_frami
Radler	dictionary	de_DE_frami
Raumschiff	dictionary	de_DE_frami
Referenz	dictionary	de_DE_frami
regnen	dictionary	de_DE_frami
reichsten	dictionary	de_DE_frami
remis	dictionary	de_DE_frami
reue	dictionary	de_DE_frami
revolutionären	dictionary	de_DE_frami
Roberts	dictionary	de_DE_frami
Rost	dictionary	de_DE_frami
Rupert	dictionary	de_DE_frami
schalte	dictionary	de_DE_frami
schauspielern	dictionary	de_DE_frami
Scheinwerfer	dictionary	de_DE_frami
scheißen	dictionary	de_DE_frami
schlampen	dictionary	de_DE_frami
schleppen	dictionary	de_DE_frami
schmelzen	dictionary	de_DE_frami
Schmetterlinge	dictionary	de_DE_frami
schnitte	dictionary	de_DE_frami
schwamm	dictionary	de_DE_frami
senkrecht	dictionary	de_DE_frami
sinnvoller	dictionary	de_DE_frami
sommers	dictionary	de_DE_frami
Spekulation	dictionary	de_DE_frami
spiess	pending	de_DE_frami
Sportverein	dictionary	de_DE_frami
stationiert	dictionary	de_DE_frami
stationären	dictionary	de_DE_frami
stiller	dictionary	de_DE_frami
streicht	dictionary	de_DE_frami
Sushi	dictionary	de_DE_frami
symbolisch	dictionary	de_DE_frami
Symptom	dictionary	de_DE_frami
tauber	dictionary	de_DE_frami
Techno	dictionary	de_DE_frami
Theaterstück	dictionary	de_DE_frami
tippe	dictionary	de_DE_frami
totalen	dictionary	de_DE_frami
Tourist	dictionary	de_DE_frami
trägst	dictionary	de_DE_frami
ultimative	dictionary	de_DE_frami
umarmen	dictionary	de_DE_frami
umfangreich	dictionary	de_DE_frami
umstrittenen	dictionary	de_DE_frami
unberührt	dictionary	de_DE_frami
ungestört	dictionary	de_DE_frami
uniformen	dictionary	de_DE_frami
unregelmäßig	dictionary	de_DE_frami
unterbinden	dictionary	de_DE_frami
Vegetation	dictionary	de_DE_frami
vehement	dictionary	de_DE_frami
veranlasste	dictionary	de_DE_frami
verbotene	dictionary	de_DE_frami
Verbundenheit	dictionary	de_DE_frami
verbündete	dictionary	de_DE_frami
verfolge	dictionary	de_DE_frami
verhinderte	dictionary	de_DE_frami
vermisste	dictionary	de_DE_frami
Versammlungen	dictionary	de_DE_frami
Verspätungen	dictionary	de_DE_frami
vertreibt	dictionary	de_DE_frami
Vertreibung	dictionary	de_DE_frami
verursachten	dictionary	de_DE_frami
Verwalter	dictionary	de_DE_frami
verwandelte	dictionary	de_DE_frami
vielerlei	dictionary	de_DE_frami
vorgeht	dictionary	de_DE_frami
Vormarsch	dictionary	de_DE_frami
Vorschlägen	dictionary	de_DE_frami
vorstoss	pending	de_DE_frami
vorzugsweise	dictionary	de_DE_frami
Warnungen	dictionary	de_DE_frami
Websites	dictionary	de_DE_frami
Wedding	dictionary	de_DE_frami
Wegfall	dictionary	de_DE_frami
weicht	dictionary	de_DE_frami
weithin	dictionary	de_DE_frami
Welpen	dictionary	de_DE_frami
wichsen	dictionary	de_DE_frami
Willkür	dictionary	de_DE_frami
wohle	dictionary	de_DE_frami
wunderbares	dictionary	de_DE_frami
Würdigung	dictionary	de_DE_frami
Yen	dictionary	de_DE_frami
Yvonne	dictionary	de_DE_frami
Zertifikat	dictionary	de_DE_frami
Zielsetzung	dictionary	de_DE_frami
Ziffer	dictionary	de_DE_frami
zivile	dictionary	de_DE_frami
zugesprochen	dictionary	de_DE_frami
Zutun	dictionary	de_DE_frami
Zuwanderer	dictionary	de_DE_frami
ängstlich	dictionary	de_DE_frami
überwiegende	dictionary	de_DE_frami
Überwindung	dictionary	de_DE_frami
Abläufe	dictionary	de_DE_frami
abweichende	dictionary	de_DE_frami
akzeptabel	dictionary	de_DE_frami
Anfall	dictionary	de_DE_frami
angehoben	dictionary	de_DE_frami
Anmeldungen	dictionary	de_DE_frami
Armeen	dictionary	de_DE_frami
attraktiven	dictionary	de_DE_frami
Aufgebot	dictionary	de_DE_frami
aufrufe	dictionary	de_DE_frami
aufzuklären	dictionary	de_DE_frami
auszusprechen	dictionary	de_DE_frami
auszutauschen	dictionary	de_DE_frami
Backup	dictionary	de_DE_frami
Bde	dictionary	de_DE_frami
beeinträchtigen	dictionary	de_DE_frami
beginnenden	dictionary	de_DE_frami
Beihilfe	dictionary	de_DE_frami
Bekleidung	dictionary	de_DE_frami
bekomm	pending	de_DE_frami
belieben	dictionary	de_DE_frami
bergab	dictionary	de_DE_frami
beruhigend	dictionary	de_DE_frami
beständig	dictionary	de_DE_frami
Bezirken	dictionary	de_DE_frami
biegen	dictionary	de_DE_frami
Braunkohle	dictionary	de_DE_frami
brennende	dictionary	de_DE_frami
brüllen	dictionary	de_DE_frami
Buchhaltung	dictionary	de_DE_frami
Bundesebene	dictionary	de_DE_frami
Curry	dictionary	de_DE_frami
Damaskus	dictionary	de_DE_frami
Deutung	dictionary	de_DE_frami
dezent	dictionary	de_DE_frami
digitaler	dictionary	de_DE_frami
doppelter	dictionary	de_DE_frami
dreist	dictionary	de_DE_frami
Duden	dictionary	de_DE_frami
durchhalten	dictionary	de_DE_frami
Düren	dictionary	de_DE_frami
eifrig	dictionary	de_DE_frami
Eignung	dictionary	de_DE_frami
Enten	dictionary	de_DE_frami
Entsorgung	dictionary	de_DE_frami
entspringt	dictionary	de_DE_frami
Epidemie	dictionary	de_DE_frami
erklär	dictionary	de_DE_frami
erschießt	dictionary	de_DE_frami
erschließt	dictionary	de_DE_frami
erzwingen	dictionary	de_DE_frami
Facharzt	dictionary	de_DE_frami
farbige	dictionary	de_DE_frami
Filmemacher	dictionary	de_DE_frami
fokussiert	dictionary	de_DE_frami
Fragestellung	dictionary	de_DE_frami
fragten	dictionary	de_DE_frami
Frequenzen	dictionary	de_DE_frami
frustriert	dictionary	de_DE_frami
fröhlichen	dictionary	de_DE_frami
fussboden	pending	de_DE_frami
färben	dictionary	de_DE_frami
Gasthof	dictionary	de_DE_frami
geeigneter	dictionary	de_DE_frami
geheimer	dictionary	de_DE_frami
Geldern	dictionary	de_DE_frami
Gelächter	dictionary	de_DE_frami
Georges	dictionary	de_DE_frami
gepaart	dictionary	de_DE_frami
germanischen	dictionary	de_DE_frami
geschildert	dictionary	de_DE_frami
Geschwistern	dictionary	de_DE_frami
Geschäftsjahr	dictionary	de_DE_frami
gestochen	dictionary	de_DE_frami
Gletscher	dictionary	de_DE_frami
gläubige	dictionary	de_DE_frami
Glücksspiel	dictionary	de_DE_frami
Gremium	dictionary	de_DE_frami
hach	pending	de_DE_frami
Heimsieg	dictionary	de_DE_frami
herbei	dictionary	de_DE_frami
irrelevant	dictionary	de_DE_frami
islamischer	dictionary	de_DE_frami
Jugoslawien	dictionary	de_DE_frami
Kanadier	dictionary	de_DE_frami
Kandidatin	dictionary	de_DE_frami
Kaution	dictionary	de_DE_frami
kennzeichnen	dictionary	de_DE_frami
Klischee	dictionary	de_DE_frami
knallt	dictionary	de_DE_frami
kommerzielle	dictionary	de_DE_frami
kompensieren	dictionary	de_DE_frami
komplettes	dictionary	de_DE_frami
kratzen	dictionary	de_DE_frami
Kursen	dictionary	de_DE_frami
kurzerhand	dictionary	de_DE_frami
Landesamt	dictionary	de_DE_frami
leckeren	dictionary	de_DE_frami
leitende	dictionary	de_DE_frami
Lenin	dictionary	de_DE_frami
Letzt	dictionary	de_DE_frami
Liberalismus	dictionary	de_DE_frami
loszuwerden	dictionary	de_DE_frami
Länderspiel	dictionary	de_DE_frami
Marseille	dictionary	de_DE_frami
matte	dictionary	de_DE_frami
Meditation	dictionary	de_DE_frami
Mensa	dictionary	de_DE_frami
Methodik	dictionary	de_DE_frami
Mobilfunk	dictionary	de_DE_frami
Mohr	dictionary	de_DE_frami
Moos	dictionary	de_DE_frami
Mythologie	dictionary	de_DE_frami
Mühlen	dictionary	de_DE_frami
Müttern	dictionary	de_DE_frami
nachholen	dictionary	de_DE_frami
Nasen	dictionary	de_DE_frami
Neuhaus	dictionary	de_DE_frami
Nizza	dictionary	de_DE_frami
nächtlichen	dictionary	de_DE_frami
Oberkörper	dictionary	de_DE_frami
oecd	pending	de_DE_frami
offenkundig	dictionary	de_DE_frami
organischen	dictionary	de_DE_frami
orientierten	dictionary	de_DE_frami
originalen	dictionary	de_DE_frami
Oslo	dictionary	de_DE_frami
Partners	dictionary	de_DE_frami
Polemik	dictionary	de_DE_frami
Postfach	dictionary	de_DE_frami
Privatisierung	dictionary	de_DE_frami
Provision	dictionary	de_DE_frami
prächtig	dictionary	de_DE_frami
quälen	dictionary	de_DE_frami
Raumfahrt	dictionary	de_DE_frami
reflektieren	dictionary	de_DE_frami
regionaler	dictionary	de_DE_frami
Reha	dictionary	de_DE_frami
Reuter	dictionary	de_DE_frami
rheinische	dictionary	de_DE_frami
Routen	dictionary	de_DE_frami
scheu	dictionary	de_DE_frami
schier	dictionary	de_DE_frami
Schlägerei	dictionary	de_DE_frami
schmutzige	dictionary	de_DE_frami
Schranken	dictionary	de_DE_frami
Schriftstellerin	dictionary	de_DE_frami
schulte	dictionary	de_DE_frami
schwimmt	dictionary	de_DE_frami
schwingt	dictionary	de_DE_frami
schwäbische	dictionary	de_DE_frami
sehnen	dictionary	de_DE_frami
Senders	dictionary	de_DE_frami
Sensation	dictionary	de_DE_frami
servieren	dictionary	de_DE_frami
Sonnabend	dictionary	de_DE_frami
Spaghetti	dictionary	de_DE_frami
Speer	dictionary	de_DE_frami
spendet	dictionary	de_DE_frami
Spott	dictionary	de_DE_frami
Sprengstoff	dictionary	de_DE_frami
spritze	dictionary	de_DE_frami
starr	dictionary	de_DE_frami
stießen	dictionary	de_DE_frami
strömen	dictionary	de_DE_frami
teilhaben	dictionary	de_DE_frami
teilten	dictionary	de_DE_frami
Terrain	dictionary	de_DE_frami
Testspiel	dictionary	de_DE_frami
Theresa	dictionary	de_DE_frami
totaler	dictionary	de_DE_frami
Tracht	dictionary	de_DE_frami
Treibstoff	dictionary	de_DE_frami
undenkbar	dictionary	de_DE_frami
Unfug	dictionary	de_DE_frami
ununterbrochen	dictionary	de_DE_frami
Utopie	dictionary	de_DE_frami
veraltet	dictionary	de_DE_frami
Verdi	dictionary	de_DE_frami
vergaß	dictionary	de_DE_frami
Vermögens	dictionary	de_DE_frami
Verse	dictionary	de_DE_frami
versteckten	dictionary	de_DE_frami
Versuchs	dictionary	de_DE_frami
versäumt	dictionary	de_DE_frami
Verwertung	dictionary	de_DE_frami
verwies	dictionary	de_DE_frami
verworfen	dictionary	de_DE_frami
verwöhnen	dictionary	de_DE_frami
Viagra	dictionary	de_DE_frami
vollständiger	dictionary	de_DE_frami
Volvo	dictionary	de_DE_frami
vormittags	dictionary	de_DE_frami
vorstellbar	dictionary	de_DE_frami
Völkern	dictionary	de_DE_frami
Wahrung	dictionary	de_DE_frami
weitergeleitet	dictionary	de_DE_frami
werbe	dictionary	de_DE_frami
Werks	dictionary	de_DE_frami
Westeuropa	dictionary	de_DE_frami
Wiederaufnahme	dictionary	de_DE_frami
willens	dictionary	de_DE_frami
winters	dictionary	de_DE_frami
Wodka	dictionary	de_DE_frami
Zeitgeist	dictionary	de_DE_frami
Zink	dictionary	de_DE_frami
zubereitet	dictionary	de_DE_frami
zurückgegeben	dictionary	de_DE_frami
zutreffend	dictionary	de_DE_frami
übermittelt	dictionary	de_DE_frami
Überweisung	dictionary	de_DE_frami
abbauen	dictionary	de_DE_frami
Abel	dictionary	de_DE_frami
abgesichert	dictionary	de_DE_frami
abgesprochen	dictionary	de_DE_frami
Abkommens	dictionary	de_DE_frami
Abteilungsleiter	dictionary	de_DE_frami
Akademiker	dictionary	de_DE_frami
akuten	dictionary	de_DE_frami
Ameisen	dictionary	de_DE_frami
Amts	dictionary	de_DE_frami
angespannt	dictionary	de_DE_frami
ansässigen	dictionary	de_DE_frami
antritt	dictionary	de_DE_frami
anzugeben	dictionary	de_DE_frami
Apokalypse	dictionary	de_DE_frami
Arizona	dictionary	de_DE_frami
aufgegangen	dictionary	de_DE_frami
Aufruhr	dictionary	de_DE_frami
Augenbrauen	dictionary	de_DE_frami
Aura	dictionary	de_DE_frami
ausfälle	dictionary	de_DE_frami
automobil	dictionary	de_DE_frami
Bagdad	dictionary	de_DE_frami
begründeten	dictionary	de_DE_frami
Belästigung	dictionary	de_DE_frami
beobachte	dictionary	de_DE_frami
beraubt	dictionary	de_DE_frami
Bertelsmann	dictionary	de_DE_frami
Berufserfahrung	dictionary	de_DE_frami
beschränkte	dictionary	de_DE_frami
betrat	dictionary	de_DE_frami
bewährte	dictionary	de_DE_frami
bezahle	dictionary	de_DE_frami
bezweifeln	dictionary	de_DE_frami
Bikini	dictionary	de_DE_frami
Blondine	dictionary	de_DE_frami
Brei	dictionary	de_DE_frami
brocken	dictionary	de_DE_frami
Bruchteil	dictionary	de_DE_frami
brutale	dictionary	de_DE_frami
charakteristisch	dictionary	de_DE_frami
chronische	dictionary	de_DE_frami
Differenzierung	dictionary	de_DE_frami
diplomatische	dictionary	de_DE_frami
Donner	dictionary	de_DE_frami
drehe	dictionary	de_DE_frami
Einbindung	dictionary	de_DE_frami
Einfamilienhaus	dictionary	de_DE_frami
einfließen	dictionary	de_DE_frami
eingeschätzt	dictionary	de_DE_frami
Einwand	dictionary	de_DE_frami
elektrischer	dictionary	de_DE_frami
Erasmus	dictionary	de_DE_frami
erfuhren	dictionary	de_DE_frami
Erhebungen	dictionary	de_DE_frami
erleiden	dictionary	de_DE_frami
Erpressung	dictionary	de_DE_frami
erschrecken	dictionary	de_DE_frami
ersticken	dictionary	de_DE_frami
erstickt	dictionary	de_DE_frami
evangelisch	dictionary	de_DE_frami
exekutive	dictionary	de_DE_frami
fache	dictionary	de_DE_frami
fachlich	dictionary	de_DE_frami
Fahndung	dictionary	de_DE_frami
fantastischen	dictionary	de_DE_frami
fasten	dictionary	de_DE_frami
feinden	dictionary	de_DE_frami
frohes	dictionary	de_DE_frami
frühstücken	dictionary	de_DE_frami
funke	dictionary	de_DE_frami
fünfmal	dictionary	de_DE_frami
ganzem	dictionary	de_DE_frami
gebrannt	dictionary	de_DE_frami
Gedichten	dictionary	de_DE_frami
geehrte	dictionary	de_DE_frami
gemachte	dictionary	de_DE_frami
genauere	dictionary	de_DE_frami
geographische	dictionary	de_DE_frami
geradeaus	dictionary	de_DE_frami
gerichtlich	dictionary	de_DE_frami
geschmeckt	dictionary	de_DE_frami
Gestapo	dictionary	de_DE_frami
gewandt	dictionary	de_DE_frami
Gewässern	dictionary	de_DE_frami
Globus	dictionary	de_DE_frami
glänzt	dictionary	de_DE_frami
grandios	dictionary	de_DE_frami
grundlos	dictionary	de_DE_frami
gurken	dictionary	de_DE_frami
Haftstrafe	dictionary	de_DE_frami
Haider	dictionary	de_DE_frami
Haltestellen	dictionary	de_DE_frami
Hamas	dictionary	de_DE_frami
Handelns	dictionary	de_DE_frami
Hemden	dictionary	de_DE_frami
hervorgeht	dictionary	de_DE_frami
hervorzuheben	dictionary	de_DE_frami
hinweist	dictionary	de_DE_frami
hinüber	dictionary	de_DE_frami
Hub	dictionary	de_DE_frami
hübsches	dictionary	de_DE_frami
indirekte	dictionary	de_DE_frami
Indiz	dictionary	de_DE_frami
informierte	dictionary	de_DE_frami
initiiert	dictionary	de_DE_frami
irischen	dictionary	de_DE_frami
kapsel	dictionary	de_DE_frami
Kickers	dictionary	de_DE_frami
Komfort	dictionary	de_DE_frami
Komiker	dictionary	de_DE_frami
kommentierte	dictionary	de_DE_frami
kompletter	dictionary	de_DE_frami
komplexes	dictionary	de_DE_frami
Kongo	dictionary	de_DE_frami
krachen	dictionary	de_DE_frami
Kraut	dictionary	de_DE_frami
körperlicher	dictionary	de_DE_frami
Landhaus	dictionary	de_DE_frami
Lauterbach	dictionary	de_DE_frami
Lebensgefahr	dictionary	de_DE_frami
legitim	dictionary	de_DE_frami
Lenkrad	dictionary	de_DE_frami
Linsen	dictionary	de_DE_frami
Lungen	dictionary	de_DE_frami
lässig	dictionary	de_DE_frami
Mali	dictionary	de_DE_frami
manifest	dictionary	de_DE_frami
Mathematiker	dictionary	de_DE_frami
medizinischer	dictionary	de_DE_frami
Meisters	dictionary	de_DE_frami
Metapher	dictionary	de_DE_frami
Minen	dictionary	de_DE_frami
Moor	dictionary	de_DE_frami
Motorräder	dictionary	de_DE_frami
Mundart	dictionary	de_DE_frami
nachzuweisen	dictionary	de_DE_frami
niedrigsten	dictionary	de_DE_frami
nordischen	dictionary	de_DE_frami
Nordwesten	dictionary	de_DE_frami
obdachlosen	dictionary	de_DE_frami
optional	dictionary	de_DE_frami
Palais	dictionary	de_DE_frami
passendes	dictionary	de_DE_frami
passive	dictionary	de_DE_frami
Photoshop	dictionary	de_DE_frami
physisch	dictionary	de_DE_frami
pinkeln	dictionary	de_DE_frami
Podium	dictionary	de_DE_frami
Polens	dictionary	de_DE_frami
Posen	dictionary	de_DE_frami
Programmierung	dictionary	de_DE_frami
Protestanten	dictionary	de_DE_frami
Prämien	dictionary	de_DE_frami
Quark	dictionary	de_DE_frami
Riese	dictionary	de_DE_frami
rings	dictionary	de_DE_frami
riskiert	dictionary	de_DE_frami
Roms	dictionary	de_DE_frami
Rundgang	dictionary	de_DE_frami
Schlucht	dictionary	de_DE_frami
Schriftzug	dictionary	de_DE_frami
Schulabschluss	dictionary	de_DE_frami
schwacher	dictionary	de_DE_frami
Seins	dictionary	de_DE_frami
seriöse	dictionary	de_DE_frami
Sigmaringen	dictionary	de_DE_frami
Skandinavien	dictionary	de_DE_frami
Skizzen	dictionary	de_DE_frami
sonnigen	dictionary	de_DE_frami
Sprünge	dictionary	de_DE_frami
Stadtteile	dictionary	de_DE_frami
Stande	dictionary	de_DE_frami
Starter	dictionary	de_DE_frami
Staubsauger	dictionary	de_DE_frami
strukturelle	dictionary	de_DE_frami
Teheran	dictionary	de_DE_frami
Toast	dictionary	de_DE_frami
Toronto	dictionary	de_DE_frami
treffend	dictionary	de_DE_frami
trete	dictionary	de_DE_frami
Universums	dictionary	de_DE_frami
unterstreicht	dictionary	de_DE_frami
unterziehen	dictionary	de_DE_frami
unverschämt	dictionary	de_DE_frami
Uruguay	dictionary	de_DE_frami
Verabschiedung	dictionary	de_DE_frami
verbesserten	dictionary	de_DE_frami
verbindlich	dictionary	de_DE_frami
vergiftet	dictionary	de_DE_frami
verhelfen	dictionary	de_DE_frami
verlagert	dictionary	de_DE_frami
vermutete	dictionary	de_DE_frami
Vermutungen	dictionary	de_DE_frami
vernetzt	dictionary	de_DE_frami
verstärkten	dictionary	de_DE_frami
vorenthalten	dictionary	de_DE_frami
vorgegangen	dictionary	de_DE_frami
Vorschau	dictionary	de_DE_frami
Völkerrecht	dictionary	de_DE_frami
wacker	dictionary	de_DE_frami
Wahn	dictionary	de_DE_frami
Wasserfall	dictionary	de_DE_frami
wertlos	dictionary	de_DE_frami
Westdeutschland	dictionary	de_DE_frami
wiederhole	dictionary	de_DE_frami
winzige	dictionary	de_DE_frami
Wirtschaftskrise	dictionary	de_DE_frami
Wucht	dictionary	de_DE_frami
wunderbarer	dictionary	de_DE_frami
Yang	dictionary	de_DE_frami
Zeichner	dictionary	de_DE_frami
zugeteilt	dictionary	de_DE_frami
zurückhalten	dictionary	de_DE_frami
äste	dictionary	de_DE_frami
Ökologie	dictionary	de_DE_frami
Ökonomen	dictionary	de_DE_frami
Abgeordnetenhaus	dictionary	de_DE_frami
abgeschossen	dictionary	de_DE_frami
abgestürzt	dictionary	de_DE_frami
abschieben	dictionary	de_DE_frami
abwärts	dictionary	de_DE_frami
Algorithmen	dictionary	de_DE_frami
Alm	dictionary	de_DE_frami
Alphabet	dictionary	de_DE_frami
Alzheimer	dictionary	de_DE_frami
Ami	dictionary	de_DE_frami
anhaltende	dictionary	de_DE_frami
Arbeitszeiten	dictionary	de_DE_frami
Archäologie	dictionary	de_DE_frami
Arroganz	dictionary	de_DE_frami
Auflistung	dictionary	de_DE_frami
aufrichtig	dictionary	de_DE_frami
Ausbilder	dictionary	de_DE_frami
Ausflüge	dictionary	de_DE_frami
ausleihen	dictionary	de_DE_frami
australische	dictionary	de_DE_frami
Auswärtssieg	dictionary	de_DE_frami
barock	dictionary	de_DE_frami
Bauteile	dictionary	de_DE_frami
Bauzeit	dictionary	de_DE_frami
bayrischen	dictionary	de_DE_frami
beanspruchen	dictionary	de_DE_frami
bedürfen	dictionary	de_DE_frami
befinde	dictionary	de_DE_frami
Beirat	dictionary	de_DE_frami
bekanntes	dictionary	de_DE_frami
belgische	dictionary	de_DE_frami
bereite	dictionary	de_DE_frami
bereue	dictionary	de_DE_frami
berühmter	dictionary	de_DE_frami
bevorzugte	dictionary	de_DE_frami
bewilligt	dictionary	de_DE_frami
bitteschön	dictionary	de_DE_frami
blaues	dictionary	de_DE_frami
Bomber	dictionary	de_DE_frami
booten	dictionary	de_DE_frami
Brandstiftung	dictionary	de_DE_frami
Brasilianer	dictionary	de_DE_frami
brauner	dictionary	de_DE_frami
Brigade	dictionary	de_DE_frami
bunter	dictionary	de_DE_frami
Computern	dictionary	de_DE_frami
dargestellten	dictionary	de_DE_frami
Datierung	dictionary	de_DE_frami
definierten	dictionary	de_DE_frami
diesjährige	dictionary	de_DE_frami
Dildo	dictionary	de_DE_frami
Diplomatie	dictionary	de_DE_frami
distanzieren	dictionary	de_DE_frami
Dividende	dictionary	de_DE_frami
dreizehn	dictionary	de_DE_frami
Einlagen	dictionary	de_DE_frami
einnimmt	dictionary	de_DE_frami
einzunehmen	dictionary	de_DE_frami
eiserne	dictionary	de_DE_frami
Elster	dictionary	de_DE_frami
Engagements	dictionary	de_DE_frami
Ensembles	dictionary	de_DE_frami
erfrischend	dictionary	de_DE_frami
erschreckt	dictionary	de_DE_frami
Essig	dictionary	de_DE_frami
Evangelium	dictionary	de_DE_frami
feindlichen	dictionary	de_DE_frami
forschen	dictionary	de_DE_frami
Fragezeichen	dictionary	de_DE_frami
Friedrichshafen	dictionary	de_DE_frami
Funktionäre	dictionary	de_DE_frami
fündig	dictionary	de_DE_frami
fünfter	dictionary	de_DE_frami
Gassen	dictionary	de_DE_frami
geflüchtet	dictionary	de_DE_frami
gefühlte	dictionary	de_DE_frami
gegnerischen	dictionary	de_DE_frami
gegossen	dictionary	de_DE_frami
geheimnisvolle	dictionary	de_DE_frami
gehorsam	dictionary	de_DE_frami
geige	dictionary	de_DE_frami
geistiger	dictionary	de_DE_frami
Gel	dictionary	de_DE_frami
geopfert	dictionary	de_DE_frami
gerieten	dictionary	de_DE_frami
gesamtes	dictionary	de_DE_frami
gesünder	dictionary	de_DE_frami
getrennten	dictionary	de_DE_frami
Gewohnheiten	dictionary	de_DE_frami
Grundwasser	dictionary	de_DE_frami
Göttern	dictionary	de_DE_frami
hausen	dictionary	de_DE_frami
Helikopter	dictionary	de_DE_frami
hoffnungslos	dictionary	de_DE_frami
hold	dictionary	de_DE_frami
hopp	dictionary	de_DE_frami
Händlern	dictionary	de_DE_frami
igel	dictionary	de_DE_frami
Ignoranz	dictionary	de_DE_frami
Impfungen	dictionary	de_DE_frami
inspirieren	dictionary	de_DE_frami
Inventar	dictionary	de_DE_frami
Ionen	dictionary	de_DE_frami
jahrzehntelang	dictionary	de_DE_frami
kaltes	dictionary	de_DE_frami
Kantons	dictionary	de_DE_frami
Kleinkind	dictionary	de_DE_frami
knöpfe	dictionary	de_DE_frami
koche	dictionary	de_DE_frami
kommuniziert	dictionary	de_DE_frami
Konferenzen	dictionary	de_DE_frami
koordiniert	dictionary	de_DE_frami
Kosmetik	dictionary	de_DE_frami
krasser	dictionary	de_DE_frami
Krawatte	dictionary	de_DE_frami
Kreisstadt	dictionary	de_DE_frami
kürzen	dictionary	de_DE_frami
Laterne	dictionary	de_DE_frami
Lebenserwartung	dictionary	de_DE_frami
Lebensfreude	dictionary	de_DE_frami
Legion	dictionary	de_DE_frami
Lehrgang	dictionary	de_DE_frami
Lehrstuhl	dictionary	de_DE_frami
Leuchtturm	dictionary	de_DE_frami
Lizenzen	dictionary	de_DE_frami
Magistrat	dictionary	de_DE_frami
mangelnden	dictionary	de_DE_frami
Manuela	dictionary	de_DE_frami
mathematisch	dictionary	de_DE_frami
Meile	dictionary	de_DE_frami
Mietvertrag	dictionary	de_DE_frami
Mosel	dictionary	de_DE_frami
Nachkriegszeit	dictionary	de_DE_frami
Nachname	dictionary	de_DE_frami
Nadeln	dictionary	de_DE_frami
niedergeschlagen	dictionary	de_DE_frami
objektiven	dictionary	de_DE_frami
offenem	dictionary	de_DE_frami
Ohnmacht	dictionary	de_DE_frami
Omas	dictionary	de_DE_frami
Opern	dictionary	de_DE_frami
Pandemie	dictionary	de_DE_frami
Panne	dictionary	de_DE_frami
Pendant	dictionary	de_DE_frami
permanente	dictionary	de_DE_frami
pharma	pending	de_DE_frami
Porträts	dictionary	de_DE_frami
potenziellen	dictionary	de_DE_frami
Pracht	dictionary	de_DE_frami
Prosa	dictionary	de_DE_frami
Prototyp	dictionary	de_DE_frami
Prozentsatz	dictionary	de_DE_frami
rasieren	dictionary	de_DE_frami
Rebellion	dictionary	de_DE_frami
rechtswidrig	dictionary	de_DE_frami
Renner	dictionary	de_DE_frami
Reserven	dictionary	de_DE_frami
Räumung	dictionary	de_DE_frami
Rückgabe	dictionary	de_DE_frami
Rückrunde	dictionary	de_DE_frami
Sabrina	dictionary	de_DE_frami
Scanner	dictionary	de_DE_frami
scheuer	dictionary	de_DE_frami
Schlussfolgerung	dictionary	de_DE_frami
schmeiß	dictionary	de_DE_frami
separat	dictionary	de_DE_frami
Siedler	dictionary	de_DE_frami
sinnen	dictionary	de_DE_frami
Sockel	dictionary	de_DE_frami
Spargel	dictionary	de_DE_frami
spezieller	dictionary	de_DE_frami
streicheln	dictionary	de_DE_frami
strenger	dictionary	de_DE_frami
Theologen	dictionary	de_DE_frami
tragischen	dictionary	de_DE_frami
Traktor	dictionary	de_DE_frami
Trasse	dictionary	de_DE_frami
trommeln	dictionary	de_DE_frami
Tube	dictionary	de_DE_frami
Tugend	dictionary	de_DE_frami
umdenken	dictionary	de_DE_frami
umfangreiches	dictionary	de_DE_frami
unterstellen	dictionary	de_DE_frami
variable	dictionary	de_DE_frami
verdoppeln	dictionary	de_DE_frami
vergewaltigen	dictionary	de_DE_frami
Verhinderung	dictionary	de_DE_frami
Verlusten	dictionary	de_DE_frami
verschwanden	dictionary	de_DE_frami
vertraglich	dictionary	de_DE_frami
verurteilten	dictionary	de_DE_frami
verwirrend	dictionary	de_DE_frami
verziert	dictionary	de_DE_frami
Violine	dictionary	de_DE_frami
Vorlieben	dictionary	de_DE_frami
Vorstandes	dictionary	de_DE_frami
vorweisen	dictionary	de_DE_frami
wachs	dictionary	de_DE_frami
Wagens	dictionary	de_DE_frami
Wahrheiten	dictionary	de_DE_frami
Wahrzeichen	dictionary	de_DE_frami
wegwerfen	dictionary	de_DE_frami
wiesn	pending	de_DE_frami
Wrack	dictionary	de_DE_frami
Xaver	dictionary	de_DE_frami
Zins	dictionary	de_DE_frami
Zitrone	dictionary	de_DE_frami
zutrifft	dictionary	de_DE_frami
zuzuordnen	dictionary	de_DE_frami
überraschende	dictionary	de_DE_frami
Überzeugungen	dictionary	de_DE_frami
Abkühlung	dictionary	de_DE_frami
Absender	dictionary	de_DE_frami
Abweichung	dictionary	de_DE_frami
abzulehnen	dictionary	de_DE_frami
Advent	dictionary	de_DE_frami
aktives	dictionary	de_DE_frami
Albanien	dictionary	de_DE_frami
angebotenen	dictionary	de_DE_frami
angegangen	dictionary	de_DE_frami
angegebene	dictionary	de_DE_frami
Arbeitsweise	dictionary	de_DE_frami
Arche	dictionary	de_DE_frami
Aristoteles	dictionary	de_DE_frami
Asiaten	dictionary	de_DE_frami
Atlanta	dictionary	de_DE_frami
aufbrechen	dictionary	de_DE_frami
Ausprägung	dictionary	de_DE_frami
Ausschau	dictionary	de_DE_frami
Auszahlung	dictionary	de_DE_frami
auszugeben	dictionary	de_DE_frami
automatischen	dictionary	de_DE_frami
Bahnhöfen	dictionary	de_DE_frami
Bauhaus	dictionary	de_DE_frami
Beatles	dictionary	de_DE_frami
Beeren	dictionary	de_DE_frami
beginnend	dictionary	de_DE_frami
Begriffs	dictionary	de_DE_frami
behalte	dictionary	de_DE_frami
bequemer	dictionary	de_DE_frami
beschissene	dictionary	de_DE_frami
Beschränkungen	dictionary	de_DE_frami
Bestehens	dictionary	de_DE_frami
betrieblichen	dictionary	de_DE_frami
Betty	dictionary	de_DE_frami
bewundert	dictionary	de_DE_frami
bezeugt	dictionary	de_DE_frami
blonden	dictionary	de_DE_frami
blutige	dictionary	de_DE_frami
Bologna	dictionary	de_DE_frami
Buchholz	dictionary	de_DE_frami
bänden	dictionary	de_DE_frami
Circus	dictionary	de_DE_frami
deaktivieren	dictionary	de_DE_frami
Dekoration	dictionary	de_DE_frami
delegierten	dictionary	de_DE_frami
Direktorin	dictionary	de_DE_frami
Disposition	dictionary	de_DE_frami
dreifach	dictionary	de_DE_frami
Druckerei	dictionary	de_DE_frami
Dänen	dictionary	de_DE_frami
einberufen	dictionary	de_DE_frami
eindeutigen	dictionary	de_DE_frami
eingedrungen	dictionary	de_DE_frami
einleiten	dictionary	de_DE_frami
einstecken	dictionary	de_DE_frami
Enkelin	dictionary	de_DE_frami
entfaltet	dictionary	de_DE_frami
erhöhter	dictionary	de_DE_frami
erraten	dictionary	de_DE_frami
Erzgebirge	dictionary	de_DE_frami
ethische	dictionary	de_DE_frami
familiären	dictionary	de_DE_frami
fasern	dictionary	de_DE_frami
feierten	dictionary	de_DE_frami
Fernbedienung	dictionary	de_DE_frami
fortgeführt	dictionary	de_DE_frami
fortzusetzen	dictionary	de_DE_frami
funktionierende	dictionary	de_DE_frami
Fälschung	dictionary	de_DE_frami
geforderte	dictionary	de_DE_frami
gefüllte	dictionary	de_DE_frami
Gehirns	dictionary	de_DE_frami
Geier	dictionary	de_DE_frami
Geiseln	dictionary	de_DE_frami
geknackt	dictionary	de_DE_frami
Gelassenheit	dictionary	de_DE_frami
genetisch	dictionary	de_DE_frami
genüge	dictionary	de_DE_frami
gerechten	dictionary	de_DE_frami
Germanistik	dictionary	de_DE_frami
geschaffenen	dictionary	de_DE_frami
gespürt	dictionary	de_DE_frami
Gesten	dictionary	de_DE_frami
getätigt	dictionary	de_DE_frami
Grades	dictionary	de_DE_frami
Griechenlands	dictionary	de_DE_frami
Gänsehaut	dictionary	de_DE_frami
Hauptsitz	dictionary	de_DE_frami
Hausarzt	dictionary	de_DE_frami
Heilmittel	dictionary	de_DE_frami
heizen	dictionary	de_DE_frami
herunterladen	dictionary	de_DE_frami
heult	dictionary	de_DE_frami
hässlichen	dictionary	de_DE_frami
Illustrationen	dictionary	de_DE_frami
Immunsystem	dictionary	de_DE_frami
innerer	dictionary	de_DE_frami
Kampfes	dictionary	de_DE_frami
Karikatur	dictionary	de_DE_frami
Kindergeld	dictionary	de_DE_frami
komisches	dictionary	de_DE_frami
konstruktiv	dictionary	de_DE_frami
kontrollierten	dictionary	de_DE_frami
Korrekturen	dictionary	de_DE_frami
kranker	dictionary	de_DE_frami
Kunstgeschichte	dictionary	de_DE_frami
Küken	dictionary	de_DE_frami
leckeres	dictionary	de_DE_frami
Ligen	dictionary	de_DE_frami
löscht	dictionary	de_DE_frami
Markenzeichen	dictionary	de_DE_frami
meinerseits	dictionary	de_DE_frami
Mexikaner	dictionary	de_DE_frami
Milan	dictionary	de_DE_frami
mitteilte	dictionary	de_DE_frami
münden	dictionary	de_DE_frami
nachfolgend	dictionary	de_DE_frami
negatives	dictionary	de_DE_frami
Oberfranken	dictionary	de_DE_frami
Odenwald	dictionary	de_DE_frami
oesterreich	pending	de_DE_frami
optimalen	dictionary	de_DE_frami
ordnet	dictionary	de_DE_frami
orthodoxen	dictionary	de_DE_frami
Parolen	dictionary	de_DE_frami
Penner	dictionary	de_DE_frami
Planck	dictionary	de_DE_frami
produktiv	dictionary	de_DE_frami
Promille	dictionary	de_DE_frami
prosieben	pending	de_DE_frami
prägt	dictionary	de_DE_frami
Prägung	dictionary	de_DE_frami
prügeln	dictionary	de_DE_frami
Psychologe	dictionary	de_DE_frami
redete	dictionary	de_DE_frami
repräsentativen	dictionary	de_DE_frami
Rosenberg	dictionary	de_DE_frami
Ruck	dictionary	de_DE_frami
rumlaufen	dictionary	de_DE_frami
räumliche	dictionary	de_DE_frami
Rückgrat	dictionary	de_DE_frami
schafften	dictionary	de_DE_frami
Schaum	dictionary	de_DE_frami
Schnelligkeit	dictionary	de_DE_frami
schraube	dictionary	de_DE_frami
Schweiger	dictionary	de_DE_frami
schwerste	dictionary	de_DE_frami
sende	dictionary	de_DE_frami
sodann	dictionary	de_DE_frami
Sommerpause	dictionary	de_DE_frami
Sonnenlicht	dictionary	de_DE_frami
soooo	pending	de_DE_frami
sperrt	dictionary	de_DE_frami
sprachlich	dictionary	de_DE_frami
stecke	dictionary	de_DE_frami
Stellungnahmen	dictionary	de_DE_frami
Sticker	dictionary	de_DE_frami
Straubing	dictionary	de_DE_frami
streitet	dictionary	de_DE_frami
Stromversorgung	dictionary	de_DE_frami
Strophe	dictionary	de_DE_frami
Subjekt	dictionary	de_DE_frami
Symbolik	dictionary	de_DE_frami
Timing	dictionary	de_DE_frami
Tinte	dictionary	de_DE_frami
Todesopfer	dictionary	de_DE_frami
trolle	dictionary	de_DE_frami
trommel	dictionary	de_DE_frami
Tänzerin	dictionary	de_DE_frami
tötete	dictionary	de_DE_frami
umstellen	dictionary	de_DE_frami
unerwartete	dictionary	de_DE_frami
unglaublichen	dictionary	de_DE_frami
unterbringen	dictionary	de_DE_frami
unters	dictionary	de_DE_frami
Vakuum	dictionary	de_DE_frami
Verachtung	dictionary	de_DE_frami
verdankt	dictionary	de_DE_frami
Vergewaltiger	dictionary	de_DE_frami
vergrösserung	pending	de_DE_frami
verlinkten	dictionary	de_DE_frami
Verordnungen	dictionary	de_DE_frami
verschlechtert	dictionary	de_DE_frami
verträgt	dictionary	de_DE_frami
vielem	dictionary	de_DE_frami
Visum	dictionary	de_DE_frami
Volksrepublik	dictionary	de_DE_frami
vorliegende	dictionary	de_DE_frami
Vorort	dictionary	de_DE_frami
Vortag	dictionary	de_DE_frami
wahrzunehmen	dictionary	de_DE_frami
Weihnachtszeit	dictionary	de_DE_frami
Weiler	dictionary	de_DE_frami
weils	pending	de_DE_frami
westfälische	dictionary	de_DE_frami
Wiederholungen	dictionary	de_DE_frami
Wiederwahl	dictionary	de_DE_frami
wildes	dictionary	de_DE_frami
Wohlbefinden	dictionary	de_DE_frami
Wohnmobil	dictionary	de_DE_frami
zarten	dictionary	de_DE_frami
zerfall	dictionary	de_DE_frami
zerrissen	dictionary	de_DE_frami
Ziffern	dictionary	de_DE_frami
zoom	dictionary	de_DE_frami
zukommt	dictionary	de_DE_frami
zusammenfassen	dictionary	de_DE_frami
Zuspruch	dictionary	de_DE_frami
ähnlichem	dictionary	de_DE_frami
österreichisch	dictionary	de_DE_frami
überleg	pending	de_DE_frami
überwiegen	dictionary	de_DE_frami
Ableger	dictionary	de_DE_frami
abschließenden	dictionary	de_DE_frami
Abzeichen	dictionary	de_DE_frami
abzusehen	dictionary	de_DE_frami
akzeptiere	dictionary	de_DE_frami
Alaska	dictionary	de_DE_frami
Aleppo	dictionary	de_DE_frami
altem	dictionary	de_DE_frami
anhaltenden	dictionary	de_DE_frami
anknüpfen	dictionary	de_DE_frami
anreize	dictionary	de_DE_frami
anwendbar	dictionary	de_DE_frami
Arbeitsrecht	dictionary	de_DE_frami
aufgebrochen	dictionary	de_DE_frami
aufgeräumt	dictionary	de_DE_frami
aufgezogen	dictionary	de_DE_frami
Ausgrenzung	dictionary	de_DE_frami
ausstoss	pending	de_DE_frami
auszubildende	dictionary	de_DE_frami
Autofahren	dictionary	de_DE_frami
bedrohte	dictionary	de_DE_frami
beispielhaft	dictionary	de_DE_frami
bemerkenswerte	dictionary	de_DE_frami
besiegte	dictionary	de_DE_frami
bestehender	dictionary	de_DE_frami
betrachtete	dictionary	de_DE_frami
betriebliche	dictionary	de_DE_frami
bewies	dictionary	de_DE_frami
Bewältigung	dictionary	de_DE_frami
bliebe	dictionary	de_DE_frami
Bordeaux	dictionary	de_DE_frami
Broker	dictionary	de_DE_frami
Brühl	dictionary	de_DE_frami
Bundesbank	dictionary	de_DE_frami
Burgen	dictionary	de_DE_frami
Christentums	dictionary	de_DE_frami
Coca	dictionary	de_DE_frami
Defizite	dictionary	de_DE_frami
Detmold	dictionary	de_DE_frami
diagnostiziert	dictionary	de_DE_frami
Diamant	dictionary	de_DE_frami
Dämmerung	dictionary	de_DE_frami
Eden	dictionary	de_DE_frami
Editor	dictionary	de_DE_frami
ehrlichen	dictionary	de_DE_frami
eichen	dictionary	de_DE_frami
empirische	dictionary	de_DE_frami
Endstand	dictionary	de_DE_frami
Entzündung	dictionary	de_DE_frami
Erdöl	dictionary	de_DE_frami
ereignete	dictionary	de_DE_frami
Errungenschaften	dictionary	de_DE_frami
erwartest	dictionary	de_DE_frami
Esc	dictionary	de_DE_frami
eures	dictionary	de_DE_frami
Expertin	dictionary	de_DE_frami
Facetten	dictionary	de_DE_frami
Fachgebiet	dictionary	de_DE_frami
feindliche	dictionary	de_DE_frami
Fiktion	dictionary	de_DE_frami
fliegende	dictionary	de_DE_frami
fliegenden	dictionary	de_DE_frami
flöte	dictionary	de_DE_frami
Flüchtlingskrise	dictionary	de_DE_frami
Flüssigkeiten	dictionary	de_DE_frami
fragwürdig	dictionary	de_DE_frami
Fraunhofer	dictionary	de_DE_frami
freigesprochen	dictionary	de_DE_frami
führender	dictionary	de_DE_frami
Füllung	dictionary	de_DE_frami
gehaltenen	dictionary	de_DE_frami
gekrönt	dictionary	de_DE_frami
Gemahlin	dictionary	de_DE_frami
geschützte	dictionary	de_DE_frami
gesellen	dictionary	de_DE_frami
gesetzte	dictionary	de_DE_frami
Gesichtsausdruck	dictionary	de_DE_frami
Glied	dictionary	de_DE_frami
glänzen	dictionary	de_DE_frami
Grundgesetzes	dictionary	de_DE_frami
grüß	dictionary	de_DE_frami
gängige	dictionary	de_DE_frami
halfen	dictionary	de_DE_frami
Hauptdarsteller	dictionary	de_DE_frami
herausragenden	dictionary	de_DE_frami
Höschen	dictionary	de_DE_frami
hübscher	dictionary	de_DE_frami
hüten	dictionary	de_DE_frami
Indikator	dictionary	de_DE_frami
Informatiker	dictionary	de_DE_frami
Inkrafttreten	dictionary	de_DE_frami
Inschriften	dictionary	de_DE_frami
Inspektion	dictionary	de_DE_frami
Jordanien	dictionary	de_DE_frami
Jubiläums	dictionary	de_DE_frami
kapitalistischen	dictionary	de_DE_frami
Kathrin	dictionary	de_DE_frami
Katz	dictionary	de_DE_frami
Keil	dictionary	de_DE_frami
kippe	dictionary	de_DE_frami
Klassenzimmer	dictionary	de_DE_frami
Klausel	dictionary	de_DE_frami
klaut	dictionary	de_DE_frami
komischer	dictionary	de_DE_frami
kontrovers	dictionary	de_DE_frami
Krankenhauses	dictionary	de_DE_frami
Kristall	dictionary	de_DE_frami
Kundenservice	dictionary	de_DE_frami
langsame	dictionary	de_DE_frami
lau	dictionary	de_DE_frami
lautstark	dictionary	de_DE_frami
Lebenswerk	dictionary	de_DE_frami
Legitimation	dictionary	de_DE_frami
Lehramt	dictionary	de_DE_frami
liveticker	pending	de_DE_frami
materiellen	dictionary	de_DE_frami
merklich	dictionary	de_DE_frami
militärischer	dictionary	de_DE_frami
missbrauchen	dictionary	de_DE_frami
Missionen	dictionary	de_DE_frami
misstrauisch	dictionary	de_DE_frami
musikalischer	dictionary	de_DE_frami
mutige	dictionary	de_DE_frami
mutmaßliche	dictionary	de_DE_frami
Märtyrer	dictionary	de_DE_frami
Mülleimer	dictionary	de_DE_frami
mündlichen	dictionary	de_DE_frami
nasse	dictionary	de_DE_frami
nennenswerte	dictionary	de_DE_frami
Notaufnahme	dictionary	de_DE_frami
Obhut	dictionary	de_DE_frami
operieren	dictionary	de_DE_frami
optimiert	dictionary	de_DE_frami
organisatorische	dictionary	de_DE_frami
Papstes	dictionary	de_DE_frami
paradox	dictionary	de_DE_frami
Pendler	dictionary	de_DE_frami
pfeift	dictionary	de_DE_frami
Phänomene	dictionary	de_DE_frami
Picasso	dictionary	de_DE_frami
pilger	dictionary	de_DE_frami
pinsel	dictionary	de_DE_frami
planmäßig	dictionary	de_DE_frami
pressen	dictionary	de_DE_frami
Prozessor	dictionary	de_DE_frami
Prüfer	dictionary	de_DE_frami
Radiosender	dictionary	de_DE_frami
rasiert	dictionary	de_DE_frami
regelmäßiger	dictionary	de_DE_frami
Reinhardt	dictionary	de_DE_frami
resultiert	dictionary	de_DE_frami
