# CC-BANK-PURITY F2 ledger: word<TAB>verdict<TAB>source. One line per bank row, bank order.
# verdicts: dictionary | exception (signed) | pending (auditor sheet). No new row may ever enter as pending.
#tier	easy	0xA68FEC14C4C54483
#tier	medium	0x567BC106002A8144
#tier	hard	0x8F4599C7B9FFD5C7
#tier	expert	0x2DB61F53DDA17757
abrigo	dictionary	es_ES
abrir	dictionary	es_ES
agua	dictionary	es_ES
ahora	dictionary	es_ES
aldea	dictionary	es_ES
allí	dictionary	es_ES
alma	dictionary	es_ES
amigo	dictionary	es_ES
amor	dictionary	es_ES
anillo	dictionary	es_ES
animal	dictionary	es_ES
aquí	dictionary	es_ES
arena	dictionary	es_ES
arroz	dictionary	es_ES
arte	dictionary	es_ES
autobús	dictionary	es_ES
avión	dictionary	es_ES
ayudar	dictionary	es_ES
azul	dictionary	es_ES
azúcar	dictionary	es_ES
año	dictionary	es_ES
bailar	dictionary	es_ES
barco	dictionary	es_ES
bebé	dictionary	es_ES
bien	dictionary	es_ES
blanco	dictionary	es_ES
boca	dictionary	es_ES
brazo	dictionary	es_ES
bueno	dictionary	es_ES
buque	dictionary	es_ES
caballo	dictionary	es_ES
cabeza	dictionary	es_ES
cadena	dictionary	es_ES
caja	dictionary	es_ES
calle	dictionary	es_ES
cama	dictionary	es_ES
caminar	dictionary	es_ES
campo	dictionary	es_ES
canción	dictionary	es_ES
carne	dictionary	es_ES
carta	dictionary	es_ES
casa	dictionary	es_ES
cerdo	dictionary	es_ES
cerrar	dictionary	es_ES
chica	dictionary	es_ES
cielo	dictionary	es_ES
cien	dictionary	es_ES
cima	dictionary	es_ES
cinco	dictionary	es_ES
ciudad	dictionary	es_ES
clase	dictionary	es_ES
coche	dictionary	es_ES
cocina	dictionary	es_ES
colina	dictionary	es_ES
color	dictionary	es_ES
comer	dictionary	es_ES
comida	dictionary	es_ES
comprar	dictionary	es_ES
corazón	dictionary	es_ES
correr	dictionary	es_ES
corto	dictionary	es_ES
cuatro	dictionary	es_ES
cuenco	dictionary	es_ES
cuerpo	dictionary	es_ES
cálido	dictionary	es_ES
cámara	dictionary	es_ES
círculo	dictionary	es_ES
dar	dictionary	es_ES
derecho	dictionary	es_ES
diez	dictionary	es_ES
difícil	dictionary	es_ES
dinero	dictionary	es_ES
dios	dictionary	es_ES
dolor	dictionary	es_ES
dos	dictionary	es_ES
débil	dictionary	es_ES
día	dictionary	es_ES
empezar	dictionary	es_ES
empujar	dictionary	es_ES
enviar	dictionary	es_ES
escuela	dictionary	es_ES
espalda	dictionary	es_ES
este	dictionary	es_ES
familia	dictionary	es_ES
flor	dictionary	es_ES
fondo	dictionary	es_ES
forma	dictionary	es_ES
frente	dictionary	es_ES
fresco	dictionary	es_ES
frío	dictionary	es_ES
fuego	dictionary	es_ES
fuerte	dictionary	es_ES
fácil	dictionary	es_ES
gato	dictionary	es_ES
gente	dictionary	es_ES
grande	dictionary	es_ES
granja	dictionary	es_ES
gris	dictionary	es_ES
guerra	dictionary	es_ES
gustar	dictionary	es_ES
hablar	dictionary	es_ES
hacer	dictionary	es_ES
hermana	dictionary	es_ES
hermano	dictionary	es_ES
hielo	dictionary	es_ES
hierba	dictionary	es_ES
hierro	dictionary	es_ES
hijo	dictionary	es_ES
hoja	dictionary	es_ES
hombre	dictionary	es_ES
hora	dictionary	es_ES
hoy	dictionary	es_ES
hueso	dictionary	es_ES
huevo	dictionary	es_ES
humo	dictionary	es_ES
iglesia	dictionary	es_ES
imagen	dictionary	es_ES
isla	dictionary	es_ES
juego	dictionary	es_ES
jugar	dictionary	es_ES
lago	dictionary	es_ES
largo	dictionary	es_ES
leche	dictionary	es_ES
leer	dictionary	es_ES
lento	dictionary	es_ES
ley	dictionary	es_ES
libro	dictionary	es_ES
llave	dictionary	es_ES
llevar	dictionary	es_ES
lluvia	dictionary	es_ES
lobo	dictionary	es_ES
luna	dictionary	es_ES
luz	dictionary	es_ES
lámpara	dictionary	es_ES
línea	dictionary	es_ES
madera	dictionary	es_ES
madre	dictionary	es_ES
maestro	dictionary	es_ES
malo	dictionary	es_ES
mano	dictionary	es_ES
mar	dictionary	es_ES
mañana	dictionary	es_ES
medio	dictionary	es_ES
mercado	dictionary	es_ES
mes	dictionary	es_ES
mesa	dictionary	es_ES
metal	dictionary	es_ES
miedo	dictionary	es_ES
mil	dictionary	es_ES
mirar	dictionary	es_ES
mojado	dictionary	es_ES
moneda	dictionary	es_ES
montaña	dictionary	es_ES
muerte	dictionary	es_ES
mujer	dictionary	es_ES
mundo	dictionary	es_ES
máquina	dictionary	es_ES
música	dictionary	es_ES
nación	dictionary	es_ES
nadar	dictionary	es_ES
nariz	dictionary	es_ES
negro	dictionary	es_ES
nieve	dictionary	es_ES
niño	dictionary	es_ES
no	dictionary	es_ES
noche	dictionary	es_ES
nombre	dictionary	es_ES
norte	dictionary	es_ES
nube	dictionary	es_ES
nueve	dictionary	es_ES
nuevo	dictionary	es_ES
nunca	dictionary	es_ES
número	dictionary	es_ES
ocho	dictionary	es_ES
oeste	dictionary	es_ES
ojo	dictionary	es_ES
ola	dictionary	es_ES
oreja	dictionary	es_ES
oro	dictionary	es_ES
oscuro	dictionary	es_ES
oso	dictionary	es_ES
padre	dictionary	es_ES
pagar	dictionary	es_ES
palabra	dictionary	es_ES
papel	dictionary	es_ES
parar	dictionary	es_ES
pared	dictionary	es_ES
pato	dictionary	es_ES
paz	dictionary	es_ES
país	dictionary	es_ES
pelo	dictionary	es_ES
pelota	dictionary	es_ES
pensar	dictionary	es_ES
pequeño	dictionary	es_ES
perder	dictionary	es_ES
perro	dictionary	es_ES
pez	dictionary	es_ES
pie	dictionary	es_ES
piedra	dictionary	es_ES
piel	dictionary	es_ES
pierna	dictionary	es_ES
planta	dictionary	es_ES
plata	dictionary	es_ES
plato	dictionary	es_ES
poder	dictionary	es_ES
poema	dictionary	es_ES
precio	dictionary	es_ES
pueblo	dictionary	es_ES
puente	dictionary	es_ES
puerta	dictionary	es_ES
punto	dictionary	es_ES
página	dictionary	es_ES
pájaro	dictionary	es_ES
querer	dictionary	es_ES
ratón	dictionary	es_ES
raíz	dictionary	es_ES
regalo	dictionary	es_ES
reina	dictionary	es_ES
rey	dictionary	es_ES
roca	dictionary	es_ES
rojo	dictionary	es_ES
romper	dictionary	es_ES
ruido	dictionary	es_ES
rápido	dictionary	es_ES
río	dictionary	es_ES
saber	dictionary	es_ES
sal	dictionary	es_ES
saltar	dictionary	es_ES
salud	dictionary	es_ES
sangre	dictionary	es_ES
seco	dictionary	es_ES
seis	dictionary	es_ES
semana	dictionary	es_ES
semilla	dictionary	es_ES
siempre	dictionary	es_ES
siete	dictionary	es_ES
sol	dictionary	es_ES
sonido	dictionary	es_ES
suave	dictionary	es_ES
suelo	dictionary	es_ES
sur	dictionary	es_ES
tamaño	dictionary	es_ES
taza	dictionary	es_ES
techo	dictionary	es_ES
tiempo	dictionary	es_ES
tienda	dictionary	es_ES
tierra	dictionary	es_ES
tirar	dictionary	es_ES
tomar	dictionary	es_ES
trabajo	dictionary	es_ES
traer	dictionary	es_ES
tren	dictionary	es_ES
tres	dictionary	es_ES
té	dictionary	es_ES
uno	dictionary	es_ES
vaso	dictionary	es_ES
vender	dictionary	es_ES
ventana	dictionary	es_ES
verano	dictionary	es_ES
verde	dictionary	es_ES
viajar	dictionary	es_ES
vida	dictionary	es_ES
viejo	dictionary	es_ES
viento	dictionary	es_ES
vino	dictionary	es_ES
voz	dictionary	es_ES
zorro	dictionary	es_ES
árbol	dictionary	es_ES
jardín	dictionary	es_ES
camino	dictionary	es_ES
pintura	dictionary	es_ES
botella	dictionary	es_ES
naranja	dictionary	es_ES
plátano	dictionary	es_ES
tomate	dictionary	es_ES
cebolla	dictionary	es_ES
conejo	dictionary	es_ES
jirafa	dictionary	es_ES
ballena	dictionary	es_ES
hormiga	dictionary	es_ES
tortuga	dictionary	es_ES
sombrero	dictionary	es_ES
zapato	dictionary	es_ES
camisa	dictionary	es_ES
vestido	dictionary	es_ES
guitarra	dictionary	es_ES
juguete	dictionary	es_ES
castillo	dictionary	es_ES
princesa	dictionary	es_ES
bosque	dictionary	es_ES
cuchara	dictionary	es_ES
tenedor	dictionary	es_ES
cuchillo	dictionary	es_ES
manzana	dictionary	es_ES
fresa	dictionary	es_ES
limón	dictionary	es_ES
sandía	dictionary	es_ES
abeja	dictionary	es_ES
araña	dictionary	es_ES
paloma	dictionary	es_ES
español	dictionary	es_ES
entre	dictionary	es_ES
sobre	dictionary	es_ES
hasta	dictionary	es_ES
parte	dictionary	es_ES
donde	dictionary	es_ES
desde	dictionary	es_ES
puede	dictionary	es_ES
cuando	dictionary	es_ES
había	dictionary	es_ES
fueron	dictionary	es_ES
tiene	dictionary	es_ES
mismo	dictionary	es_ES
otros	dictionary	es_ES
primer	dictionary	es_ES
lugar	dictionary	es_ES
todos	dictionary	es_ES
mayor	dictionary	es_ES
tanto	dictionary	es_ES
pueden	dictionary	es_ES
grupo	dictionary	es_ES
aunque	dictionary	es_ES
estaba	dictionary	es_ES
contra	dictionary	es_ES
equipo	dictionary	es_ES
otras	dictionary	es_ES
hacia	dictionary	es_ES
antes	dictionary	es_ES
quien	dictionary	es_ES
siglo	dictionary	es_ES
cuenta	dictionary	es_ES
varios	dictionary	es_ES
final	dictionary	es_ES
serie	dictionary	es_ES
estos	dictionary	es_ES
están	dictionary	es_ES
ellos	dictionary	es_ES
además	dictionary	es_ES
siendo	dictionary	es_ES
junto	dictionary	es_ES
debido	dictionary	es_ES
través	dictionary	es_ES
muchos	dictionary	es_ES
tarde	dictionary	es_ES
tenía	dictionary	es_ES
álbum	dictionary	es_ES
luego	dictionary	es_ES
estado	dictionary	es_ES
hecho	dictionary	es_ES
varias	dictionary	es_ES
manera	dictionary	es_ES
mejor	dictionary	es_ES
junio	dictionary	es_ES
menos	dictionary	es_ES
tienen	dictionary	es_ES
nivel	dictionary	es_ES
estas	dictionary	es_ES
todas	dictionary	es_ES
misma	dictionary	es_ES
nueva	dictionary	es_ES
marzo	dictionary	es_ES
banda	dictionary	es_ES
obras	dictionary	es_ES
tener	dictionary	es_ES
partir	dictionary	es_ES
total	dictionary	es_ES
enero	dictionary	es_ES
pesar	dictionary	es_ES
dentro	dictionary	es_ES
habían	dictionary	es_ES
unidos	dictionary	es_ES
haber	dictionary	es_ES
julio	dictionary	es_ES
último	dictionary	es_ES
mucho	dictionary	es_ES
abril	dictionary	es_ES
según	dictionary	es_ES
veces	dictionary	es_ES
agosto	dictionary	es_ES
época	dictionary	es_ES
centro	dictionary	es_ES
porque	dictionary	es_ES
fuera	dictionary	es_ES
éxito	dictionary	es_ES
cuales	dictionary	es_ES
muchas	dictionary	es_ES
meses	dictionary	es_ES
título	dictionary	es_ES
cargo	dictionary	es_ES
región	dictionary	es_ES
puesto	dictionary	es_ES
cambio	dictionary	es_ES
llegó	dictionary	es_ES
tenían	dictionary	es_ES
cerca	dictionary	es_ES
última	dictionary	es_ES
ambos	dictionary	es_ES
hijos	dictionary	es_ES
estar	dictionary	es_ES
origen	dictionary	es_ES
propio	dictionary	es_ES
estilo	dictionary	es_ES
sería	dictionary	es_ES
disco	dictionary	es_ES
puntos	dictionary	es_ES
joven	dictionary	es_ES
países	dictionary	es_ES
único	dictionary	es_ES
grupos	dictionary	es_ES
década	dictionary	es_ES
resto	dictionary	es_ES
estuvo	dictionary	es_ES
niños	dictionary	es_ES
metros	dictionary	es_ES
datos	dictionary	es_ES
trata	dictionary	es_ES
diseño	dictionary	es_ES
ellas	dictionary	es_ES
medios	dictionary	es_ES
decir	dictionary	es_ES
propia	dictionary	es_ES
local	dictionary	es_ES
casos	dictionary	es_ES
modelo	dictionary	es_ES
nuevos	dictionary	es_ES
ayuda	dictionary	es_ES
igual	dictionary	es_ES
fecha	dictionary	es_ES
apoyo	dictionary	es_ES
medida	dictionary	es_ES
nuevas	dictionary	es_ES
santa	dictionary	es_ES
fuerza	dictionary	es_ES
lleva	dictionary	es_ES
actual	dictionary	es_ES
única	dictionary	es_ES
horas	dictionary	es_ES
orden	dictionary	es_ES
llegar	dictionary	es_ES
llevó	dictionary	es_ES
partes	dictionary	es_ES
menudo	dictionary	es_ES
sitio	dictionary	es_ES
podría	dictionary	es_ES
temas	dictionary	es_ES
libros	dictionary	es_ES
social	dictionary	es_ES
menor	dictionary	es_ES
esposa	dictionary	es_ES
volvió	dictionary	es_ES
media	dictionary	es_ES
valor	dictionary	es_ES
ningún	dictionary	es_ES
mitad	dictionary	es_ES
común	dictionary	es_ES
sigue	dictionary	es_ES
zonas	dictionary	es_ES
dicho	dictionary	es_ES
lucha	dictionary	es_ES
quedó	dictionary	es_ES
tercer	dictionary	es_ES
causa	dictionary	es_ES
padres	dictionary	es_ES
obtuvo	dictionary	es_ES
ataque	dictionary	es_ES
existe	dictionary	es_ES
acción	dictionary	es_ES
armas	dictionary	es_ES
lanzó	dictionary	es_ES
murió	dictionary	es_ES
acceso	dictionary	es_ES
podía	dictionary	es_ES
libre	dictionary	es_ES
amigos	dictionary	es_ES
autor	dictionary	es_ES
lista	dictionary	es_ES
logró	dictionary	es_ES
posee	dictionary	es_ES
falta	dictionary	es_ES
altura	dictionary	es_ES
inglés	dictionary	es_ES
parece	dictionary	es_ES
cuanto	dictionary	es_ES
evitar	dictionary	es_ES
género	dictionary	es_ES
vista	dictionary	es_ES
conoce	dictionary	es_ES
deben	dictionary	es_ES
plaza	dictionary	es_ES
etapa	dictionary	es_ES
manos	dictionary	es_ES
llega	dictionary	es_ES
pocos	dictionary	es_ES
pasado	dictionary	es_ES
torneo	dictionary	es_ES
buena	dictionary	es_ES
juegos	dictionary	es_ES
ambas	dictionary	es_ES
formas	dictionary	es_ES
demás	dictionary	es_ES
efecto	dictionary	es_ES
prueba	dictionary	es_ES
sector	dictionary	es_ES
tropas	dictionary	es_ES
pareja	dictionary	es_ES
alguna	dictionary	es_ES
empezó	dictionary	es_ES
fuente	dictionary	es_ES
fútbol	dictionary	es_ES
motor	dictionary	es_ES
crear	dictionary	es_ES
hacen	dictionary	es_ES
acerca	dictionary	es_ES
canal	dictionary	es_ES
líneas	dictionary	es_ES
premio	dictionary	es_ES
buenos	dictionary	es_ES
teatro	dictionary	es_ES
áreas	dictionary	es_ES
fines	dictionary	es_ES
aires	dictionary	es_ES
decide	dictionary	es_ES
pronto	dictionary	es_ES
objeto	dictionary	es_ES
barrio	dictionary	es_ES
venta	dictionary	es_ES
capaz	dictionary	es_ES
larga	dictionary	es_ES
misión	dictionary	es_ES
texto	dictionary	es_ES
pasar	dictionary	es_ES
honor	dictionary	es_ES
piezas	dictionary	es_ES
cuarto	dictionary	es_ES
favor	dictionary	es_ES
tipos	dictionary	es_ES
algún	dictionary	es_ES
dicha	dictionary	es_ES
nació	dictionary	es_ES
vuelta	dictionary	es_ES
casas	dictionary	es_ES
novela	dictionary	es_ES
mismos	dictionary	es_ES
salir	dictionary	es_ES
aguas	dictionary	es_ES
formar	dictionary	es_ES
escena	dictionary	es_ES
inició	dictionary	es_ES
parque	dictionary	es_ES
radio	dictionary	es_ES
volver	dictionary	es_ES
evento	dictionary	es_ES
futuro	dictionary	es_ES
museo	dictionary	es_ES
lengua	dictionary	es_ES
razón	dictionary	es_ES
salida	dictionary	es_ES
unidad	dictionary	es_ES
calles	dictionary	es_ES
grado	dictionary	es_ES
mando	dictionary	es_ES
figura	dictionary	es_ES
tales	dictionary	es_ES
viaje	dictionary	es_ES
doble	dictionary	es_ES
llama	dictionary	es_ES
ofrece	dictionary	es_ES
suele	dictionary	es_ES
dejar	dictionary	es_ES
ganar	dictionary	es_ES
reino	dictionary	es_ES
líder	dictionary	es_ES
marca	dictionary	es_ES
visto	dictionary	es_ES
carga	dictionary	es_ES
motivo	dictionary	es_ES
queda	dictionary	es_ES
inicio	dictionary	es_ES
recibe	dictionary	es_ES
tenido	dictionary	es_ES
clases	dictionary	es_ES
puerto	dictionary	es_ES
unión	dictionary	es_ES
cosas	dictionary	es_ES
curso	dictionary	es_ES
máximo	dictionary	es_ES
método	dictionary	es_ES
prensa	dictionary	es_ES
fiesta	dictionary	es_ES
perdió	dictionary	es_ES
goles	dictionary	es_ES
vuelve	dictionary	es_ES
video	dictionary	es_ES
china	dictionary	es_ES
quiere	dictionary	es_ES
torre	dictionary	es_ES
busca	dictionary	es_ES
hechos	dictionary	es_ES
votos	dictionary	es_ES
aquel	dictionary	es_ES
crisis	dictionary	es_ES
vuelo	dictionary	es_ES
claro	dictionary	es_ES
habría	dictionary	es_ES
restos	dictionary	es_ES
seguir	dictionary	es_ES
marcha	dictionary	es_ES
hojas	dictionary	es_ES
diario	dictionary	es_ES
amplia	dictionary	es_ES
creado	dictionary	es_ES
alemán	dictionary	es_ES
cierto	dictionary	es_ES
entrar	dictionary	es_ES
humano	dictionary	es_ES
virgen	dictionary	es_ES
detrás	dictionary	es_ES
templo	dictionary	es_ES
costa	dictionary	es_ES
debajo	dictionary	es_ES
ganado	dictionary	es_ES
habla	dictionary	es_ES
teoría	dictionary	es_ES
suelen	dictionary	es_ES
vivir	dictionary	es_ES
juntos	dictionary	es_ES
máxima	dictionary	es_ES
hacía	dictionary	es_ES
pista	dictionary	es_ES
clima	dictionary	es_ES
unido	dictionary	es_ES
debía	dictionary	es_ES
planes	dictionary	es_ES
vídeo	dictionary	es_ES
cambió	dictionary	es_ES
ancho	dictionary	es_ES
corte	dictionary	es_ES
rango	dictionary	es_ES
visión	dictionary	es_ES
podían	dictionary	es_ES
riesgo	dictionary	es_ES
usando	dictionary	es_ES
hogar	dictionary	es_ES
logra	dictionary	es_ES
corta	dictionary	es_ES
humana	dictionary	es_ES
apenas	dictionary	es_ES
debut	dictionary	es_ES
encima	dictionary	es_ES
muerto	dictionary	es_ES
torno	dictionary	es_ES
ventas	dictionary	es_ES
dando	dictionary	es_ES
siguió	dictionary	es_ES
letras	dictionary	es_ES
actor	dictionary	es_ES
ideas	dictionary	es_ES
mismas	dictionary	es_ES
nadie	dictionary	es_ES
salió	dictionary	es_ES
bajas	dictionary	es_ES
copias	dictionary	es_ES
actos	dictionary	es_ES
entró	dictionary	es_ES
lograr	dictionary	es_ES
anual	dictionary	es_ES
civil	dictionary	es_ES
cartas	dictionary	es_ES
física	dictionary	es_ES
médico	dictionary	es_ES
siglos	dictionary	es_ES
basado	dictionary	es_ES
simple	dictionary	es_ES
juicio	dictionary	es_ES
marido	dictionary	es_ES
pueda	dictionary	es_ES
quería	dictionary	es_ES
altas	dictionary	es_ES
junta	dictionary	es_ES
amplio	dictionary	es_ES
leyes	dictionary	es_ES
señal	dictionary	es_ES
india	dictionary	es_ES
atrás	dictionary	es_ES
flores	dictionary	es_ES
lejos	dictionary	es_ES
comité	dictionary	es_ES
abajo	dictionary	es_ES
buscar	dictionary	es_ES
normal	dictionary	es_ES
visita	dictionary	es_ES
espera	dictionary	es_ES
forman	dictionary	es_ES
núcleo	dictionary	es_ES
ronda	dictionary	es_ES
cristo	dictionary	es_ES
arriba	dictionary	es_ES
playa	dictionary	es_ES
cargos	dictionary	es_ES
pelea	dictionary	es_ES
dieron	dictionary	es_ES
mucha	dictionary	es_ES
campos	dictionary	es_ES
escala	dictionary	es_ES
formó	dictionary	es_ES
quién	dictionary	es_ES
tareas	dictionary	es_ES
actriz	dictionary	es_ES
llamó	dictionary	es_ES
mezcla	dictionary	es_ES
revela	dictionary	es_ES
censo	dictionary	es_ES
pocas	dictionary	es_ES
textos	dictionary	es_ES
activo	dictionary	es_ES
islas	dictionary	es_ES
llevan	dictionary	es_ES
matar	dictionary	es_ES
pidió	dictionary	es_ES
piloto	dictionary	es_ES
idioma	dictionary	es_ES
labor	dictionary	es_ES
plano	dictionary	es_ES
redes	dictionary	es_ES
abrió	dictionary	es_ES
afirma	dictionary	es_ES
caída	dictionary	es_ES
cuarta	dictionary	es_ES
deseo	dictionary	es_ES
ordenó	dictionary	es_ES
usado	dictionary	es_ES
indica	dictionary	es_ES
obispo	dictionary	es_ES
opción	dictionary	es_ES
valle	dictionary	es_ES
sirve	dictionary	es_ES
marco	dictionary	es_ES
código	dictionary	es_ES
seguro	dictionary	es_ES
listas	dictionary	es_ES
reales	dictionary	es_ES
siente	dictionary	es_ES
ámbito	dictionary	es_ES
villa	dictionary	es_ES
avance	dictionary	es_ES
daños	dictionary	es_ES
poner	dictionary	es_ES
artes	dictionary	es_ES
ciclo	dictionary	es_ES
cierta	dictionary	es_ES
tabla	dictionary	es_ES
santo	dictionary	es_ES
buenas	dictionary	es_ES
fundó	dictionary	es_ES
límite	dictionary	es_ES
pieza	dictionary	es_ES
retiró	dictionary	es_ES
discos	dictionary	es_ES
fondos	dictionary	es_ES
sexual	dictionary	es_ES
tarea	dictionary	es_ES
agente	dictionary	es_ES
esposo	dictionary	es_ES
judíos	dictionary	es_ES
justo	dictionary	es_ES
sufrió	dictionary	es_ES
verdad	dictionary	es_ES
viene	dictionary	es_ES
marcó	dictionary	es_ES
afirmó	dictionary	es_ES
contó	dictionary	es_ES
poesía	dictionary	es_ES
sello	dictionary	es_ES
urbano	dictionary	es_ES
veinte	dictionary	es_ES
euros	dictionary	es_ES
recién	dictionary	es_ES
doctor	dictionary	es_ES
dedicó	dictionary	es_ES
envió	dictionary	es_ES
plazo	dictionary	es_ES
serían	dictionary	es_ES
clave	dictionary	es_ES
llegan	dictionary	es_ES
quedan	dictionary	es_ES
récord	dictionary	es_ES
sitios	dictionary	es_ES
bienes	dictionary	es_ES
enorme	dictionary	es_ES
escudo	dictionary	es_ES
flota	dictionary	es_ES
golpe	dictionary	es_ES
letra	dictionary	es_ES
natal	dictionary	es_ES
basada	dictionary	es_ES
cuello	dictionary	es_ES
firma	dictionary	es_ES
lados	dictionary	es_ES
ciento	dictionary	es_ES
etapas	dictionary	es_ES
famoso	dictionary	es_ES
miles	dictionary	es_ES
reglas	dictionary	es_ES
bandas	dictionary	es_ES
quinto	dictionary	es_ES
activa	dictionary	es_ES
bases	dictionary	es_ES
debió	dictionary	es_ES
cambia	dictionary	es_ES
entra	dictionary	es_ES
físico	dictionary	es_ES
supone	dictionary	es_ES
mostró	dictionary	es_ES
nacido	dictionary	es_ES
tramo	dictionary	es_ES
creada	dictionary	es_ES
legal	dictionary	es_ES
margen	dictionary	es_ES
rápida	dictionary	es_ES
calor	dictionary	es_ES
empleo	dictionary	es_ES
global	dictionary	es_ES
marcas	dictionary	es_ES
ocupó	dictionary	es_ES
siguen	dictionary	es_ES
viajes	dictionary	es_ES
breve	dictionary	es_ES
contar	dictionary	es_ES
firmó	dictionary	es_ES
flujo	dictionary	es_ES
viven	dictionary	es_ES
señora	dictionary	es_ES
baile	dictionary	es_ES
cuadro	dictionary	es_ES
cuyos	dictionary	es_ES
oferta	dictionary	es_ES
salas	dictionary	es_ES
trenes	dictionary	es_ES
casado	dictionary	es_ES
costo	dictionary	es_ES
graves	dictionary	es_ES
ocurre	dictionary	es_ES
ritmo	dictionary	es_ES
banco	dictionary	es_ES
dirige	dictionary	es_ES
pisos	dictionary	es_ES
serán	dictionary	es_ES
sueño	dictionary	es_ES
vidas	dictionary	es_ES
barcos	dictionary	es_ES
cursos	dictionary	es_ES
grados	dictionary	es_ES
ocupa	dictionary	es_ES
reveló	dictionary	es_ES
rural	dictionary	es_ES
tratar	dictionary	es_ES
corea	dictionary	es_ES
fechas	dictionary	es_ES
llamar	dictionary	es_ES
pasos	dictionary	es_ES
series	dictionary	es_ES
señor	dictionary	es_ES
acepta	dictionary	es_ES
altos	dictionary	es_ES
casco	dictionary	es_ES
cierre	dictionary	es_ES
cárcel	dictionary	es_ES
aprobó	dictionary	es_ES
dejado	dictionary	es_ES
hotel	dictionary	es_ES
mínimo	dictionary	es_ES
negra	dictionary	es_ES
punta	dictionary	es_ES
seres	dictionary	es_ES
éxitos	dictionary	es_ES
consta	dictionary	es_ES
guion	dictionary	es_ES
luchar	dictionary	es_ES
ruedas	dictionary	es_ES
ángel	dictionary	es_ES
órgano	dictionary	es_ES
darle	dictionary	es_ES
dueño	dictionary	es_ES
mente	dictionary	es_ES
huevos	dictionary	es_ES
acabó	dictionary	es_ES
blanca	dictionary	es_ES
darse	dictionary	es_ES
grabar	dictionary	es_ES
lanzar	dictionary	es_ES
mejora	dictionary	es_ES
puedan	dictionary	es_ES
salvo	dictionary	es_ES
tomado	dictionary	es_ES
ubica	dictionary	es_ES
actuar	dictionary	es_ES
ayudó	dictionary	es_ES
cinta	dictionary	es_ES
cáncer	dictionary	es_ES
inicia	dictionary	es_ES
jamás	dictionary	es_ES
taller	dictionary	es_ES
aceptó	dictionary	es_ES
largas	dictionary	es_ES
urbana	dictionary	es_ES
acero	dictionary	es_ES
morir	dictionary	es_ES
podrá	dictionary	es_ES
vivió	dictionary	es_ES
ensayo	dictionary	es_ES
estima	dictionary	es_ES
vendió	dictionary	es_ES
clara	dictionary	es_ES
compra	dictionary	es_ES
muere	dictionary	es_ES
normas	dictionary	es_ES
sujeto	dictionary	es_ES
unirse	dictionary	es_ES
marina	dictionary	es_ES
amiga	dictionary	es_ES
apoyar	dictionary	es_ES
creía	dictionary	es_ES
hecha	dictionary	es_ES
jurado	dictionary	es_ES
pistas	dictionary	es_ES
puesta	dictionary	es_ES
quince	dictionary	es_ES
rocas	dictionary	es_ES
tesis	dictionary	es_ES
tocar	dictionary	es_ES
virus	dictionary	es_ES
dónde	dictionary	es_ES
emitió	dictionary	es_ES
frase	dictionary	es_ES
grave	dictionary	es_ES
ideal	dictionary	es_ES
novia	dictionary	es_ES
poseen	dictionary	es_ES
sesión	dictionary	es_ES
solar	dictionary	es_ES
usada	dictionary	es_ES
acabar	dictionary	es_ES
coches	dictionary	es_ES
debate	dictionary	es_ES
elegir	dictionary	es_ES
moral	dictionary	es_ES
patio	dictionary	es_ES
piano	dictionary	es_ES
placa	dictionary	es_ES
quinta	dictionary	es_ES
supuso	dictionary	es_ES
brazos	dictionary	es_ES
debían	dictionary	es_ES
dichos	dictionary	es_ES
error	dictionary	es_ES
gracia	dictionary	es_ES
libres	dictionary	es_ES
montón	dictionary	es_ES
pasada	dictionary	es_ES
probar	dictionary	es_ES
propuestas	dictionary	es_ES
sensación	dictionary	es_ES
terrible	dictionary	es_ES
vea	dictionary	es_ES
agencia	dictionary	es_ES
bajar	dictionary	es_ES
ejemplos	dictionary	es_ES
examen	dictionary	es_ES
impuesto	dictionary	es_ES
juega	dictionary	es_ES
malas	dictionary	es_ES
mentira	dictionary	es_ES
miércoles	dictionary	es_ES
novio	dictionary	es_ES
placer	dictionary	es_ES
podrán	dictionary	es_ES
resumen	dictionary	es_ES
seas	dictionary	es_ES
sueños	dictionary	es_ES
vayan	dictionary	es_ES
verlo	dictionary	es_ES
verte	dictionary	es_ES
archivo	dictionary	es_ES
beneficio	dictionary	es_ES
carajo	dictionary	es_ES
dictadura	dictionary	es_ES
martín	dictionary	es_ES
niñas	dictionary	es_ES
oye	dictionary	es_ES
porqué	dictionary	es_ES
quedado	dictionary	es_ES
reyes	dictionary	es_ES
abuela	dictionary	es_ES
ahí	dictionary	es_ES
hagas	dictionary	es_ES
malos	dictionary	es_ES
opiniones	dictionary	es_ES
periodistas	dictionary	es_ES
piensan	dictionary	es_ES
puedas	dictionary	es_ES
sentimiento	dictionary	es_ES
tenes	dictionary	es_ES
tranquilo	dictionary	es_ES
universal	dictionary	es_ES
viejos	dictionary	es_ES
viviendo	dictionary	es_ES
absolutamente	dictionary	es_ES
alegría	dictionary	es_ES
buscan	dictionary	es_ES
castro	dictionary	es_ES
córdoba	dictionary	es_ES
dale	dictionary	es_ES
diría	dictionary	es_ES
encontré	dictionary	es_ES
fuese	dictionary	es_ES
haría	dictionary	es_ES
mexicanos	dictionary	es_ES
negros	dictionary	es_ES
panamá	dictionary	es_ES
salga	dictionary	es_ES
adentro	dictionary	es_ES
caliente	dictionary	es_ES
caracas	dictionary	es_ES
cariño	dictionary	es_ES
chino	dictionary	es_ES
consejos	dictionary	es_ES
constitucional	dictionary	es_ES
coronel	dictionary	es_ES
disfrutar	dictionary	es_ES
enrique	dictionary	es_ES
entero	dictionary	es_ES
hiciste	dictionary	es_ES
james	dictionary	es_ES
millón	dictionary	es_ES
parlamento	dictionary	es_ES
pecho	dictionary	es_ES
pensaba	dictionary	es_ES
perfectamente	dictionary	es_ES
salen	dictionary	es_ES
toque	dictionary	es_ES
alianza	dictionary	es_ES
colectivo	dictionary	es_ES
decirle	dictionary	es_ES
divertido	dictionary	es_ES
escucha	dictionary	es_ES
fueran	dictionary	es_ES
leyendo	dictionary	es_ES
linda	dictionary	es_ES
paúl	dictionary	es_ES
perfecta	dictionary	es_ES
policías	dictionary	es_ES
prefiero	dictionary	es_ES
salón	dictionary	es_ES
señores	dictionary	es_ES
tendrán	dictionary	es_ES
vieron	dictionary	es_ES
áfrica	dictionary	es_ES
autos	dictionary	es_ES
bancos	dictionary	es_ES
causas	dictionary	es_ES
dejen	dictionary	es_ES
denuncia	dictionary	es_ES
europeo	dictionary	es_ES
ilegal	dictionary	es_ES
jornada	dictionary	es_ES
maneras	dictionary	es_ES
pido	dictionary	es_ES
reconocer	dictionary	es_ES
rostro	dictionary	es_ES
sepa	dictionary	es_ES
vosotros	dictionary	es_ES
alcohol	dictionary	es_ES
desastre	dictionary	es_ES
efectivo	dictionary	es_ES
enlace	dictionary	es_ES
felicidad	dictionary	es_ES
firme	dictionary	es_ES
maduro	dictionary	es_ES
minas	dictionary	es_ES
pierde	dictionary	es_ES
publica	dictionary	es_ES
quedarse	dictionary	es_ES
quiso	dictionary	es_ES
responde	dictionary	es_ES
salido	dictionary	es_ES
seguros	dictionary	es_ES
alternativa	dictionary	es_ES
bajos	dictionary	es_ES
consulta	dictionary	es_ES
decidido	dictionary	es_ES
demostrar	dictionary	es_ES
dignidad	dictionary	es_ES
generar	dictionary	es_ES
mental	dictionary	es_ES
orgullo	dictionary	es_ES
oriente	dictionary	es_ES
pasión	dictionary	es_ES
poniendo	dictionary	es_ES
positivo	dictionary	es_ES
quedo	dictionary	es_ES
cabello	dictionary	es_ES
dispuesto	dictionary	es_ES
diálogo	dictionary	es_ES
joder	dictionary	es_ES
locura	dictionary	es_ES
madres	dictionary	es_ES
maestros	dictionary	es_ES
molesta	dictionary	es_ES
obvio	dictionary	es_ES
ofrecer	dictionary	es_ES
pidiendo	dictionary	es_ES
pongo	dictionary	es_ES
poquito	dictionary	es_ES
quieran	dictionary	es_ES
servir	dictionary	es_ES
socialista	dictionary	es_ES
triunfo	dictionary	es_ES
vuelva	dictionary	es_ES
ánimo	dictionary	es_ES
absoluto	dictionary	es_ES
andar	dictionary	es_ES
anti	dictionary	es_ES
asegurar	dictionary	es_ES
caballero	dictionary	es_ES
plástico	dictionary	es_ES
aeropuerto	dictionary	es_ES
aguacate	dictionary	es_ES
alfombra	dictionary	es_ES
almuerzo	dictionary	es_ES
armario	dictionary	es_ES
ascensor	dictionary	es_ES
aventura	dictionary	es_ES
biblioteca	dictionary	es_ES
bicicleta	dictionary	es_ES
bolígrafo	dictionary	es_ES
bufanda	dictionary	es_ES
calabaza	dictionary	es_ES
calcetín	dictionary	es_ES
calendario	dictionary	es_ES
carretera	dictionary	es_ES
chaqueta	dictionary	es_ES
chimenea	dictionary	es_ES
cinturón	dictionary	es_ES
cocodrilo	dictionary	es_ES
computadora	dictionary	es_ES
cortina	dictionary	es_ES
cuaderno	dictionary	es_ES
desayuno	dictionary	es_ES
dinosaurio	dictionary	es_ES
dormitorio	dictionary	es_ES
elefante	dictionary	es_ES
escalera	dictionary	es_ES
espejo	dictionary	es_ES
espinaca	dictionary	es_ES
esqueleto	dictionary	es_ES
farmacia	dictionary	es_ES
hamburguesa	dictionary	es_ES
hospital	dictionary	es_ES
kilogramo	dictionary	es_ES
mariposa	dictionary	es_ES
mochila	dictionary	es_ES
murciélago	dictionary	es_ES
panadería	dictionary	es_ES
paraguas	dictionary	es_ES
pegamento	dictionary	es_ES
perpendicular	dictionary	es_ES
restaurante	dictionary	es_ES
serpiente	dictionary	es_ES
televisión	dictionary	es_ES
teléfono	dictionary	es_ES
tijeras	dictionary	es_ES
universidad	dictionary	es_ES
ventilador	dictionary	es_ES
también	dictionary	es_ES
durante	dictionary	es_ES
después	dictionary	es_ES
primera	dictionary	es_ES
embargo	dictionary	es_ES
mientras	dictionary	es_ES
personas	dictionary	es_ES
algunos	dictionary	es_ES
historia	dictionary	es_ES
entonces	dictionary	es_ES
gobierno	dictionary	es_ES
momento	dictionary	es_ES
general	dictionary	es_ES
mujeres	dictionary	es_ES
sistema	dictionary	es_ES
mayoría	dictionary	es_ES
película	dictionary	es_ES
hombres	dictionary	es_ES
segundo	dictionary	es_ES
millones	dictionary	es_ES
nacional	dictionary	es_ES
estados	dictionary	es_ES
carrera	dictionary	es_ES
grandes	dictionary	es_ES
segunda	dictionary	es_ES
comenzó	dictionary	es_ES
octubre	dictionary	es_ES
programa	dictionary	es_ES
algunas	dictionary	es_ES
miembros	dictionary	es_ES
partido	dictionary	es_ES
llamado	dictionary	es_ES
relación	dictionary	es_ES
ejemplo	dictionary	es_ES
proyecto	dictionary	es_ES
primeros	dictionary	es_ES
público	dictionary	es_ES
versión	dictionary	es_ES
proceso	dictionary	es_ES
conocido	dictionary	es_ES
febrero	dictionary	es_ES
acuerdo	dictionary	es_ES
estudio	dictionary	es_ES
edificio	dictionary	es_ES
estudios	dictionary	es_ES
incluso	dictionary	es_ES
mediante	dictionary	es_ES
finales	dictionary	es_ES
servicio	dictionary	es_ES
partidos	dictionary	es_ES
miembro	dictionary	es_ES
estaban	dictionary	es_ES
política	dictionary	es_ES
empresa	dictionary	es_ES
original	dictionary	es_ES
posible	dictionary	es_ES
muestra	dictionary	es_ES
oficial	dictionary	es_ES
persona	dictionary	es_ES
recibió	dictionary	es_ES
llamada	dictionary	es_ES
posición	dictionary	es_ES
control	dictionary	es_ES
anterior	dictionary	es_ES
ejército	dictionary	es_ES
conjunto	dictionary	es_ES
fuerzas	dictionary	es_ES
equipos	dictionary	es_ES
objetivo	dictionary	es_ES
compañía	dictionary	es_ES
jugador	dictionary	es_ES
espacio	dictionary	es_ES
interior	dictionary	es_ES
cantidad	dictionary	es_ES
sencillo	dictionary	es_ES
director	dictionary	es_ES
primero	dictionary	es_ES
especies	dictionary	es_ES
decidió	dictionary	es_ES
realizó	dictionary	es_ES
anunció	dictionary	es_ES
permite	dictionary	es_ES
período	dictionary	es_ES
realizar	dictionary	es_ES
edición	dictionary	es_ES
especie	dictionary	es_ES
incluye	dictionary	es_ES
superior	dictionary	es_ES
sociedad	dictionary	es_ES
personal	dictionary	es_ES
central	dictionary	es_ES
término	dictionary	es_ES
publicó	dictionary	es_ES
últimos	dictionary	es_ES
antiguo	dictionary	es_ES
presenta	dictionary	es_ES
primeras	dictionary	es_ES
especial	dictionary	es_ES
realidad	dictionary	es_ES
todavía	dictionary	es_ES
calidad	dictionary	es_ES
diversos	dictionary	es_ES
conocida	dictionary	es_ES
comienza	dictionary	es_ES
aparece	dictionary	es_ES
musical	dictionary	es_ES
material	dictionary	es_ES
militar	dictionary	es_ES
nombrado	dictionary	es_ES
energía	dictionary	es_ES
estación	dictionary	es_ES
popular	dictionary	es_ES
pequeña	dictionary	es_ES
batalla	dictionary	es_ES
sentido	dictionary	es_ES
derechos	dictionary	es_ES
entrada	dictionary	es_ES
trabajar	dictionary	es_ES
escribió	dictionary	es_ES
ciudades	dictionary	es_ES
función	dictionary	es_ES
jóvenes	dictionary	es_ES
creación	dictionary	es_ES
mejores	dictionary	es_ES
carácter	dictionary	es_ES
sistemas	dictionary	es_ES
similar	dictionary	es_ES
episodio	dictionary	es_ES
cultura	dictionary	es_ES
revista	dictionary	es_ES
periodo	dictionary	es_ES
terminó	dictionary	es_ES
tuvieron	dictionary	es_ES
diversas	dictionary	es_ES
obtener	dictionary	es_ES
utiliza	dictionary	es_ES
existen	dictionary	es_ES
minutos	dictionary	es_ES
sociales	dictionary	es_ES
trabajos	dictionary	es_ES
tercera	dictionary	es_ES
cambios	dictionary	es_ES
empresas	dictionary	es_ES
interés	dictionary	es_ES
locales	dictionary	es_ES
completo	dictionary	es_ES
capital	dictionary	es_ES
unidades	dictionary	es_ES
lugares	dictionary	es_ES
campaña	dictionary	es_ES
ninguna	dictionary	es_ES
quienes	dictionary	es_ES
pública	dictionary	es_ES
consejo	dictionary	es_ES
dólares	dictionary	es_ES
práctica	dictionary	es_ES
policía	dictionary	es_ES
animales	dictionary	es_ES
mayores	dictionary	es_ES
haciendo	dictionary	es_ES
respecto	dictionary	es_ES
imágenes	dictionary	es_ES
contiene	dictionary	es_ES
gracias	dictionary	es_ES
obstante	dictionary	es_ES
semanas	dictionary	es_ES
realiza	dictionary	es_ES
pequeños	dictionary	es_ES
soldados	dictionary	es_ES
político	dictionary	es_ES
mantener	dictionary	es_ES
antigua	dictionary	es_ES
palabras	dictionary	es_ES
victoria	dictionary	es_ES
tierras	dictionary	es_ES
plantas	dictionary	es_ES
natural	dictionary	es_ES
contrato	dictionary	es_ES
ingresos	dictionary	es_ES
efectos	dictionary	es_ES
hicieron	dictionary	es_ES
pequeñas	dictionary	es_ES
problema	dictionary	es_ES
libertad	dictionary	es_ES
mundial	dictionary	es_ES
pruebas	dictionary	es_ES
fuentes	dictionary	es_ES
bastante	dictionary	es_ES
hermanos	dictionary	es_ES
elegido	dictionary	es_ES
objetos	dictionary	es_ES
descrito	dictionary	es_ES
profesor	dictionary	es_ES
técnica	dictionary	es_ES
artistas	dictionary	es_ES
acciones	dictionary	es_ES
combate	dictionary	es_ES
atención	dictionary	es_ES
defensa	dictionary	es_ES
declaró	dictionary	es_ES
mediados	dictionary	es_ES
humanos	dictionary	es_ES
produce	dictionary	es_ES
variedad	dictionary	es_ES
lanzado	dictionary	es_ES
presentó	dictionary	es_ES
derecha	dictionary	es_ES
análisis	dictionary	es_ES
conocer	dictionary	es_ES
eventos	dictionary	es_ES
produjo	dictionary	es_ES
adelante	dictionary	es_ES
niveles	dictionary	es_ES
contacto	dictionary	es_ES
incluyen	dictionary	es_ES
nombres	dictionary	es_ES
artista	dictionary	es_ES
francés	dictionary	es_ES
terreno	dictionary	es_ES
decisión	dictionary	es_ES
congreso	dictionary	es_ES
crítica	dictionary	es_ES
distrito	dictionary	es_ES
recursos	dictionary	es_ES
aquellos	dictionary	es_ES
división	dictionary	es_ES
apareció	dictionary	es_ES
presente	dictionary	es_ES
trabajó	dictionary	es_ES
alcanzó	dictionary	es_ES
utilizar	dictionary	es_ES
exterior	dictionary	es_ES
colores	dictionary	es_ES
continuó	dictionary	es_ES
regresó	dictionary	es_ES
escrito	dictionary	es_ES
producto	dictionary	es_ES
técnicas	dictionary	es_ES
concepto	dictionary	es_ES
familias	dictionary	es_ES
propios	dictionary	es_ES
cantante	dictionary	es_ES
mantuvo	dictionary	es_ES
usuarios	dictionary	es_ES
asimismo	dictionary	es_ES
cultural	dictionary	es_ES
comisión	dictionary	es_ES
críticas	dictionary	es_ES
tiempos	dictionary	es_ES
promedio	dictionary	es_ES
dirigido	dictionary	es_ES
gestión	dictionary	es_ES
santiago	dictionary	es_ES
intenta	dictionary	es_ES
escribir	dictionary	es_ES
sección	dictionary	es_ES
aumento	dictionary	es_ES
autores	dictionary	es_ES
escuelas	dictionary	es_ES
puertas	dictionary	es_ES
artículo	dictionary	es_ES
permitió	dictionary	es_ES
pueblos	dictionary	es_ES
aspecto	dictionary	es_ES
longitud	dictionary	es_ES
regiones	dictionary	es_ES
economía	dictionary	es_ES
inicial	dictionary	es_ES
menores	dictionary	es_ES
española	dictionary	es_ES
modelos	dictionary	es_ES
alcanzar	dictionary	es_ES
regreso	dictionary	es_ES
figuras	dictionary	es_ES
inferior	dictionary	es_ES
llegaron	dictionary	es_ES
propias	dictionary	es_ES
recibido	dictionary	es_ES
antiguos	dictionary	es_ES
elección	dictionary	es_ES
ambiente	dictionary	es_ES
llegada	dictionary	es_ES
memoria	dictionary	es_ES
termina	dictionary	es_ES
comienzo	dictionary	es_ES
intento	dictionary	es_ES
muertos	dictionary	es_ES
búsqueda	dictionary	es_ES
duración	dictionary	es_ES
pérdida	dictionary	es_ES
descubre	dictionary	es_ES
completa	dictionary	es_ES
formato	dictionary	es_ES
poderes	dictionary	es_ES
aspectos	dictionary	es_ES
encontró	dictionary	es_ES
términos	dictionary	es_ES
títulos	dictionary	es_ES
prisión	dictionary	es_ES
abierto	dictionary	es_ES
cambiar	dictionary	es_ES
comercio	dictionary	es_ES
mantiene	dictionary	es_ES
academia	dictionary	es_ES
aparecen	dictionary	es_ES
campeón	dictionary	es_ES
fuertes	dictionary	es_ES
ocasión	dictionary	es_ES
reunión	dictionary	es_ES
invierno	dictionary	es_ES
momentos	dictionary	es_ES
procesos	dictionary	es_ES
festival	dictionary	es_ES
presión	dictionary	es_ES
medidas	dictionary	es_ES
teniendo	dictionary	es_ES
contaba	dictionary	es_ES
centros	dictionary	es_ES
dejando	dictionary	es_ES
premios	dictionary	es_ES
concurso	dictionary	es_ES
décadas	dictionary	es_ES
métodos	dictionary	es_ES
ubicado	dictionary	es_ES
ataques	dictionary	es_ES
críticos	dictionary	es_ES
destino	dictionary	es_ES
estadio	dictionary	es_ES
extremo	dictionary	es_ES
ministro	dictionary	es_ES
régimen	dictionary	es_ES
víctimas	dictionary	es_ES
complejo	dictionary	es_ES
requiere	dictionary	es_ES
utilizan	dictionary	es_ES
números	dictionary	es_ES
producir	dictionary	es_ES
valores	dictionary	es_ES
vecinos	dictionary	es_ES
enemigo	dictionary	es_ES
refiere	dictionary	es_ES
carreras	dictionary	es_ES
formado	dictionary	es_ES
consiste	dictionary	es_ES
mejorar	dictionary	es_ES
resulta	dictionary	es_ES
destaca	dictionary	es_ES
pantalla	dictionary	es_ES
recibir	dictionary	es_ES
resultó	dictionary	es_ES
comunes	dictionary	es_ES
elemento	dictionary	es_ES
alumnos	dictionary	es_ES
capilla	dictionary	es_ES
dirigida	dictionary	es_ES
dirigió	dictionary	es_ES
entrega	dictionary	es_ES
familiar	dictionary	es_ES
informe	dictionary	es_ES
llevado	dictionary	es_ES
opinión	dictionary	es_ES
titulado	dictionary	es_ES
volumen	dictionary	es_ES
celebra	dictionary	es_ES
descrita	dictionary	es_ES
potencia	dictionary	es_ES
titular	dictionary	es_ES
aviones	dictionary	es_ES
capitán	dictionary	es_ES
públicos	dictionary	es_ES
falleció	dictionary	es_ES
fiestas	dictionary	es_ES
perdido	dictionary	es_ES
realizan	dictionary	es_ES
situado	dictionary	es_ES
secreto	dictionary	es_ES
solución	dictionary	es_ES
ciencias	dictionary	es_ES
alguien	dictionary	es_ES
diseñado	dictionary	es_ES
espacios	dictionary	es_ES
demanda	dictionary	es_ES
derrota	dictionary	es_ES
fachada	dictionary	es_ES
muestran	dictionary	es_ES
puestos	dictionary	es_ES
razones	dictionary	es_ES
regional	dictionary	es_ES
terminar	dictionary	es_ES
regresar	dictionary	es_ES
describe	dictionary	es_ES
directo	dictionary	es_ES
negocio	dictionary	es_ES
últimas	dictionary	es_ES
entorno	dictionary	es_ES
podrían	dictionary	es_ES
escritor	dictionary	es_ES
espíritu	dictionary	es_ES
explica	dictionary	es_ES
materia	dictionary	es_ES
negocios	dictionary	es_ES
regular	dictionary	es_ES
trabaja	dictionary	es_ES
consumo	dictionary	es_ES
diciendo	dictionary	es_ES
lenguaje	dictionary	es_ES
técnico	dictionary	es_ES
órdenes	dictionary	es_ES
amarillo	dictionary	es_ES
continúa	dictionary	es_ES
detalles	dictionary	es_ES
pasando	dictionary	es_ES
treinta	dictionary	es_ES
enemigos	dictionary	es_ES
hacerlo	dictionary	es_ES
impacto	dictionary	es_ES
palacio	dictionary	es_ES
permiten	dictionary	es_ES
colegio	dictionary	es_ES
ciencia	dictionary	es_ES
consigue	dictionary	es_ES
cuerpos	dictionary	es_ES
destacar	dictionary	es_ES
entidad	dictionary	es_ES
motores	dictionary	es_ES
revistas	dictionary	es_ES
árboles	dictionary	es_ES
facultad	dictionary	es_ES
apertura	dictionary	es_ES
cercano	dictionary	es_ES
cumplir	dictionary	es_ES
directa	dictionary	es_ES
escrita	dictionary	es_ES
tratado	dictionary	es_ES
cubierta	dictionary	es_ES
empieza	dictionary	es_ES
francesa	dictionary	es_ES
ganador	dictionary	es_ES
pregunta	dictionary	es_ES
ubicada	dictionary	es_ES
adultos	dictionary	es_ES
incluido	dictionary	es_ES
páginas	dictionary	es_ES
alcance	dictionary	es_ES
estándar	dictionary	es_ES
permitir	dictionary	es_ES
asamblea	dictionary	es_ES
civiles	dictionary	es_ES
conoció	dictionary	es_ES
digital	dictionary	es_ES
habitual	dictionary	es_ES
llegado	dictionary	es_ES
reacción	dictionary	es_ES
tráfico	dictionary	es_ES
usuario	dictionary	es_ES
escenas	dictionary	es_ES
heridos	dictionary	es_ES
llegando	dictionary	es_ES
privada	dictionary	es_ES
quedaron	dictionary	es_ES
fundada	dictionary	es_ES
llevaron	dictionary	es_ES
moderna	dictionary	es_ES
ventaja	dictionary	es_ES
amenaza	dictionary	es_ES
ausencia	dictionary	es_ES
estrenó	dictionary	es_ES
factores	dictionary	es_ES
llamados	dictionary	es_ES
oficinas	dictionary	es_ES
peligro	dictionary	es_ES
podemos	dictionary	es_ES
álbumes	dictionary	es_ES
valencia	dictionary	es_ES
ciertos	dictionary	es_ES
ingreso	dictionary	es_ES
públicas	dictionary	es_ES
reducir	dictionary	es_ES
reforma	dictionary	es_ES
segundos	dictionary	es_ES
software	dictionary	es_ES
agentes	dictionary	es_ES
células	dictionary	es_ES
mandato	dictionary	es_ES
mostrar	dictionary	es_ES
médicos	dictionary	es_ES
pudieron	dictionary	es_ES
trasladó	dictionary	es_ES
internet	dictionary	es_ES
ciertas	dictionary	es_ES
dedicado	dictionary	es_ES
discurso	dictionary	es_ES
dominio	dictionary	es_ES
escapar	dictionary	es_ES
frontera	dictionary	es_ES
fábrica	dictionary	es_ES
hacerse	dictionary	es_ES
registro	dictionary	es_ES
aquella	dictionary	es_ES
nuestro	dictionary	es_ES
oficina	dictionary	es_ES
alcalde	dictionary	es_ES
clientes	dictionary	es_ES
cuidado	dictionary	es_ES
abandonó	dictionary	es_ES
dedicada	dictionary	es_ES
depende	dictionary	es_ES
informó	dictionary	es_ES
intentó	dictionary	es_ES
probable	dictionary	es_ES
antiguas	dictionary	es_ES
juventud	dictionary	es_ES
noticias	dictionary	es_ES
planeta	dictionary	es_ES
lenguas	dictionary	es_ES
nuestra	dictionary	es_ES
posibles	dictionary	es_ES
proteger	dictionary	es_ES
actuales	dictionary	es_ES
difusión	dictionary	es_ES
estreno	dictionary	es_ES
llamadas	dictionary	es_ES
límites	dictionary	es_ES
regresa	dictionary	es_ES
acceder	dictionary	es_ES
líderes	dictionary	es_ES
seguido	dictionary	es_ES
sugiere	dictionary	es_ES
abierta	dictionary	es_ES
debería	dictionary	es_ES
decreto	dictionary	es_ES
infantil	dictionary	es_ES
provocó	dictionary	es_ES
tampoco	dictionary	es_ES
tiendas	dictionary	es_ES
actores	dictionary	es_ES
asuntos	dictionary	es_ES
enviado	dictionary	es_ES
grabado	dictionary	es_ES
italiano	dictionary	es_ES
japonés	dictionary	es_ES
mensaje	dictionary	es_ES
vendido	dictionary	es_ES
capítulo	dictionary	es_ES
emisión	dictionary	es_ES
justicia	dictionary	es_ES
licencia	dictionary	es_ES
primaria	dictionary	es_ES
producen	dictionary	es_ES
reserva	dictionary	es_ES
federal	dictionary	es_ES
cuestión	dictionary	es_ES
densidad	dictionary	es_ES
estrella	dictionary	es_ES
infancia	dictionary	es_ES
situada	dictionary	es_ES
víctima	dictionary	es_ES
actitud	dictionary	es_ES
clásico	dictionary	es_ES
conserva	dictionary	es_ES
europeos	dictionary	es_ES
lanzada	dictionary	es_ES
portada	dictionary	es_ES
alemanes	dictionary	es_ES
belleza	dictionary	es_ES
comenzar	dictionary	es_ES
cultivo	dictionary	es_ES
dispone	dictionary	es_ES
murieron	dictionary	es_ES
necesita	dictionary	es_ES
abogado	dictionary	es_ES
contexto	dictionary	es_ES
enfoque	dictionary	es_ES
excepto	dictionary	es_ES
hubiera	dictionary	es_ES
notable	dictionary	es_ES
universo	dictionary	es_ES
ascenso	dictionary	es_ES
tendría	dictionary	es_ES
tercero	dictionary	es_ES
trataba	dictionary	es_ES
aceptar	dictionary	es_ES
cercana	dictionary	es_ES
conexión	dictionary	es_ES
deporte	dictionary	es_ES
esfuerzo	dictionary	es_ES
estudiar	dictionary	es_ES
hermanas	dictionary	es_ES
príncipe	dictionary	es_ES
utilizó	dictionary	es_ES
voluntad	dictionary	es_ES
ecuador	dictionary	es_ES
cientos	dictionary	es_ES
columna	dictionary	es_ES
incluyó	dictionary	es_ES
papeles	dictionary	es_ES
próximo	dictionary	es_ES
amistad	dictionary	es_ES
batería	dictionary	es_ES
celebró	dictionary	es_ES
confirmó	dictionary	es_ES
escritos	dictionary	es_ES
incluida	dictionary	es_ES
lograron	dictionary	es_ES
misiones	dictionary	es_ES
motivos	dictionary	es_ES
ocurrió	dictionary	es_ES
avenida	dictionary	es_ES
alemana	dictionary	es_ES
capaces	dictionary	es_ES
destacan	dictionary	es_ES
fundador	dictionary	es_ES
incluía	dictionary	es_ES
cuentan	dictionary	es_ES
moderno	dictionary	es_ES
ninguno	dictionary	es_ES
observar	dictionary	es_ES
turismo	dictionary	es_ES
bandera	dictionary	es_ES
conocen	dictionary	es_ES
estatal	dictionary	es_ES
finalizó	dictionary	es_ES
informes	dictionary	es_ES
interna	dictionary	es_ES
parecer	dictionary	es_ES
partida	dictionary	es_ES
poblado	dictionary	es_ES
reciente	dictionary	es_ES
sectores	dictionary	es_ES
vivienda	dictionary	es_ES
aquellas	dictionary	es_ES
archivos	dictionary	es_ES
circuito	dictionary	es_ES
formando	dictionary	es_ES
heridas	dictionary	es_ES
inicios	dictionary	es_ES
mercados	dictionary	es_ES
promover	dictionary	es_ES
proviene	dictionary	es_ES
pudiera	dictionary	es_ES
quedando	dictionary	es_ES
altitud	dictionary	es_ES
canales	dictionary	es_ES
femenino	dictionary	es_ES
homenaje	dictionary	es_ES
incendio	dictionary	es_ES
parejas	dictionary	es_ES
religión	dictionary	es_ES
símbolo	dictionary	es_ES
terrenos	dictionary	es_ES
imperio	dictionary	es_ES
disputó	dictionary	es_ES
lectura	dictionary	es_ES
limitada	dictionary	es_ES
logrado	dictionary	es_ES
menciona	dictionary	es_ES
pinturas	dictionary	es_ES
votación	dictionary	es_ES
adquirió	dictionary	es_ES
cambiado	dictionary	es_ES
eliminar	dictionary	es_ES
esperaba	dictionary	es_ES
estancia	dictionary	es_ES
monedas	dictionary	es_ES
novelas	dictionary	es_ES
observa	dictionary	es_ES
precios	dictionary	es_ES
terminal	dictionary	es_ES
asociado	dictionary	es_ES
aumentar	dictionary	es_ES
dejaron	dictionary	es_ES
domingo	dictionary	es_ES
ficción	dictionary	es_ES
fracaso	dictionary	es_ES
iglesias	dictionary	es_ES
intentos	dictionary	es_ES
llevaba	dictionary	es_ES
noticia	dictionary	es_ES
obtiene	dictionary	es_ES
paisaje	dictionary	es_ES
pérdidas	dictionary	es_ES
temprana	dictionary	es_ES
alcanza	dictionary	es_ES
barrios	dictionary	es_ES
cliente	dictionary	es_ES
diámetro	dictionary	es_ES
fenómeno	dictionary	es_ES
leyenda	dictionary	es_ES
multitud	dictionary	es_ES
soporte	dictionary	es_ES
rosario	dictionary	es_ES
adecuado	dictionary	es_ES
aumenta	dictionary	es_ES
diputado	dictionary	es_ES
expertos	dictionary	es_ES
haberse	dictionary	es_ES
implica	dictionary	es_ES
músicos	dictionary	es_ES
nuestros	dictionary	es_ES
ofreció	dictionary	es_ES
orígenes	dictionary	es_ES
paredes	dictionary	es_ES
permiso	dictionary	es_ES
semillas	dictionary	es_ES
compone	dictionary	es_ES
denomina	dictionary	es_ES
entradas	dictionary	es_ES
errores	dictionary	es_ES
espacial	dictionary	es_ES
femenina	dictionary	es_ES
géneros	dictionary	es_ES
medicina	dictionary	es_ES
obligado	dictionary	es_ES
posesión	dictionary	es_ES
activos	dictionary	es_ES
bosques	dictionary	es_ES
casarse	dictionary	es_ES
cañones	dictionary	es_ES
detener	dictionary	es_ES
diseños	dictionary	es_ES
empleado	dictionary	es_ES
fundado	dictionary	es_ES
incluir	dictionary	es_ES
opciones	dictionary	es_ES
paciente	dictionary	es_ES
piedras	dictionary	es_ES
pobreza	dictionary	es_ES
riqueza	dictionary	es_ES
apellido	dictionary	es_ES
conduce	dictionary	es_ES
continua	dictionary	es_ES
elegidos	dictionary	es_ES
ensayos	dictionary	es_ES
parecen	dictionary	es_ES
permitía	dictionary	es_ES
petróleo	dictionary	es_ES
maquillaje	dictionary	es_ES
marchas	dictionary	es_ES
matemática	dictionary	es_ES
mentalidad	dictionary	es_ES
micro	dictionary	es_ES
ministra	dictionary	es_ES
musica	dictionary	es_ES
mágico	dictionary	es_ES
nacionalismo	dictionary	es_ES
narrativa	dictionary	es_ES
neta	dictionary	es_ES
obrero	dictionary	es_ES
observaciones	dictionary	es_ES
olvide	dictionary	es_ES
pagando	dictionary	es_ES
perspectivas	dictionary	es_ES
presta	dictionary	es_ES
privilegios	dictionary	es_ES
realista	dictionary	es_ES
rebelde	dictionary	es_ES
reseña	dictionary	es_ES
sabio	dictionary	es_ES
saldrá	dictionary	es_ES
salía	dictionary	es_ES
sobrino	dictionary	es_ES
sorprendido	dictionary	es_ES
sucio	dictionary	es_ES
sumamente	dictionary	es_ES
supuesta	dictionary	es_ES
tabaco	dictionary	es_ES
tienden	dictionary	es_ES
tomamos	dictionary	es_ES
uh	dictionary	es_ES
use	dictionary	es_ES
variable	dictionary	es_ES
verificar	dictionary	es_ES
vivas	dictionary	es_ES
vínculo	dictionary	es_ES
aficionados	dictionary	es_ES
agrícolas	dictionary	es_ES
algodón	dictionary	es_ES
ancianos	dictionary	es_ES
apoyado	dictionary	es_ES
aprueba	dictionary	es_ES
arresto	dictionary	es_ES
asume	dictionary	es_ES
atlético	dictionary	es_ES
aumentando	dictionary	es_ES
boletín	dictionary	es_ES
caiga	dictionary	es_ES
carbono	dictionary	es_ES
climático	dictionary	es_ES
cobra	dictionary	es_ES
complejos	dictionary	es_ES
corredor	dictionary	es_ES
cortas	dictionary	es_ES
creí	dictionary	es_ES
decirles	dictionary	es_ES
demostró	dictionary	es_ES
desfile	dictionary	es_ES
ejecutar	dictionary	es_ES
eligió	dictionary	es_ES
encuentren	dictionary	es_ES
entregado	dictionary	es_ES
escuchas	dictionary	es_ES
esfera	dictionary	es_ES
estupidez	dictionary	es_ES
exclusivo	dictionary	es_ES
extinción	dictionary	es_ES
extraordinaria	dictionary	es_ES
facultades	dictionary	es_ES
ficha	dictionary	es_ES
formada	dictionary	es_ES
foros	dictionary	es_ES
fáciles	dictionary	es_ES
gratuito	dictionary	es_ES
hables	dictionary	es_ES
honesto	dictionary	es_ES
huele	dictionary	es_ES
huella	dictionary	es_ES
huracán	dictionary	es_ES
indias	dictionary	es_ES
infinito	dictionary	es_ES
jugada	dictionary	es_ES
lateral	dictionary	es_ES
ligero	dictionary	es_ES
limitaciones	dictionary	es_ES
llevaban	dictionary	es_ES
manifestó	dictionary	es_ES
migración	dictionary	es_ES
miran	dictionary	es_ES
montes	dictionary	es_ES
músico	dictionary	es_ES
nacionalista	dictionary	es_ES
necesitar	dictionary	es_ES
nobel	dictionary	es_ES
occidentales	dictionary	es_ES
opera	dictionary	es_ES
ordenado	dictionary	es_ES
palos	dictionary	es_ES
pasados	dictionary	es_ES
permitirá	dictionary	es_ES
pidieron	dictionary	es_ES
pos	dictionary	es_ES
precisa	dictionary	es_ES
prestigio	dictionary	es_ES
privilegio	dictionary	es_ES
productivo	dictionary	es_ES
prohibir	dictionary	es_ES
práctico	dictionary	es_ES
puentes	dictionary	es_ES
reconocida	dictionary	es_ES
recurrir	dictionary	es_ES
referirse	dictionary	es_ES
reflexiones	dictionary	es_ES
retirado	dictionary	es_ES
retos	dictionary	es_ES
retraso	dictionary	es_ES
reunido	dictionary	es_ES
reunió	dictionary	es_ES
rodea	dictionary	es_ES
seguida	dictionary	es_ES
sentada	dictionary	es_ES
separados	dictionary	es_ES
sirva	dictionary	es_ES
solicita	dictionary	es_ES
sospecha	dictionary	es_ES
supuestos	dictionary	es_ES
síndrome	dictionary	es_ES
telefónica	dictionary	es_ES
testamento	dictionary	es_ES
tolerancia	dictionary	es_ES
toros	dictionary	es_ES
traducido	dictionary	es_ES
transparente	dictionary	es_ES
vendiendo	dictionary	es_ES
violenta	dictionary	es_ES
ángulo	dictionary	es_ES
acercarse	dictionary	es_ES
actuando	dictionary	es_ES
armando	dictionary	es_ES
arroyo	dictionary	es_ES
aseguro	dictionary	es_ES
avanzada	dictionary	es_ES
añadido	dictionary	es_ES
batallas	dictionary	es_ES
bibliotecas	dictionary	es_ES
bonos	dictionary	es_ES
burgos	dictionary	es_ES
calificación	dictionary	es_ES
cayendo	dictionary	es_ES
cenar	dictionary	es_ES
centavos	dictionary	es_ES
cerrados	dictionary	es_ES
comen	dictionary	es_ES
comparado	dictionary	es_ES
concesión	dictionary	es_ES
concluyó	dictionary	es_ES
constancia	dictionary	es_ES
constantes	dictionary	es_ES
convierten	dictionary	es_ES
costó	dictionary	es_ES
crecido	dictionary	es_ES
deberes	dictionary	es_ES
decente	dictionary	es_ES
demonios	dictionary	es_ES
despedida	dictionary	es_ES
digna	dictionary	es_ES
distritos	dictionary	es_ES
dándole	dictionary	es_ES
débiles	dictionary	es_ES
empate	dictionary	es_ES
engaño	dictionary	es_ES
entendimiento	dictionary	es_ES
escaleras	dictionary	es_ES
escenarios	dictionary	es_ES
estáis	dictionary	es_ES
eterna	dictionary	es_ES
exilio	dictionary	es_ES
gustaría	dictionary	es_ES
hacernos	dictionary	es_ES
históricas	dictionary	es_ES
huellas	dictionary	es_ES
instrucción	dictionary	es_ES
introducir	dictionary	es_ES
lagos	dictionary	es_ES
liberar	dictionary	es_ES
literal	dictionary	es_ES
llegara	dictionary	es_ES
llevarse	dictionary	es_ES
lleven	dictionary	es_ES
localización	dictionary	es_ES
mencionó	dictionary	es_ES
opositores	dictionary	es_ES
orilla	dictionary	es_ES
oxígeno	dictionary	es_ES
paquetes	dictionary	es_ES
participando	dictionary	es_ES
pesada	dictionary	es_ES
pintor	dictionary	es_ES
pistola	dictionary	es_ES
ponía	dictionary	es_ES
presidenciales	dictionary	es_ES
queriendo	dictionary	es_ES
químicos	dictionary	es_ES
racismo	dictionary	es_ES
rebelión	dictionary	es_ES
reclamar	dictionary	es_ES
relativa	dictionary	es_ES
resultar	dictionary	es_ES
robaron	dictionary	es_ES
saberlo	dictionary	es_ES
sabéis	dictionary	es_ES
secundario	dictionary	es_ES
seriamente	dictionary	es_ES
significativa	dictionary	es_ES
sonar	dictionary	es_ES
tenerlo	dictionary	es_ES
tenías	dictionary	es_ES
tercio	dictionary	es_ES
testimonios	dictionary	es_ES
tiende	dictionary	es_ES
traen	dictionary	es_ES
urbanos	dictionary	es_ES
uñas	dictionary	es_ES
énfasis	dictionary	es_ES
acorde	dictionary	es_ES
acostumbrado	dictionary	es_ES
admite	dictionary	es_ES
advertencia	dictionary	es_ES
afortunadamente	dictionary	es_ES
agarra	dictionary	es_ES
alicante	dictionary	es_ES
aparatos	dictionary	es_ES
arzobispo	dictionary	es_ES
asesinados	dictionary	es_ES
atletas	dictionary	es_ES
basados	dictionary	es_ES
bestia	dictionary	es_ES
botas	dictionary	es_ES
buscado	dictionary	es_ES
cargas	dictionary	es_ES
casada	dictionary	es_ES
coloca	dictionary	es_ES
columnas	dictionary	es_ES
comando	dictionary	es_ES
conservadores	dictionary	es_ES
consultar	dictionary	es_ES
cumpla	dictionary	es_ES
cumplió	dictionary	es_ES
dejemos	dictionary	es_ES
desaparece	dictionary	es_ES
despierto	dictionary	es_ES
destinos	dictionary	es_ES
dile	dictionary	es_ES
discapacidad	dictionary	es_ES
disminuir	dictionary	es_ES
distinción	dictionary	es_ES
divorcio	dictionary	es_ES
editores	dictionary	es_ES
encantado	dictionary	es_ES
enfrentarse	dictionary	es_ES
envidia	dictionary	es_ES
esenciales	dictionary	es_ES
estatus	dictionary	es_ES
esteban	dictionary	es_ES
estilos	dictionary	es_ES
euro	dictionary	es_ES
exigen	dictionary	es_ES
expresado	dictionary	es_ES
faltaba	dictionary	es_ES
favorable	dictionary	es_ES
fibra	dictionary	es_ES
gases	dictionary	es_ES
grano	dictionary	es_ES
hermosas	dictionary	es_ES
hombros	dictionary	es_ES
hábitos	dictionary	es_ES
imagina	dictionary	es_ES
impulsar	dictionary	es_ES
indicar	dictionary	es_ES
injusto	dictionary	es_ES
jalisco	pending	es_ES
jo	dictionary	es_ES
jornadas	dictionary	es_ES
litros	dictionary	es_ES
llaves	dictionary	es_ES
mafia	dictionary	es_ES
mensuales	dictionary	es_ES
migrantes	dictionary	es_ES
monstruo	dictionary	es_ES
moverse	dictionary	es_ES
movilidad	dictionary	es_ES
nombramiento	dictionary	es_ES
ochenta	dictionary	es_ES
ofensiva	dictionary	es_ES
oídos	dictionary	es_ES
peleas	dictionary	es_ES
pintar	dictionary	es_ES
plana	dictionary	es_ES
pongas	dictionary	es_ES
preocupaciones	dictionary	es_ES
prestado	dictionary	es_ES
protege	dictionary	es_ES
proveedor	dictionary	es_ES
proyección	dictionary	es_ES
pudimos	dictionary	es_ES
quema	dictionary	es_ES
rata	dictionary	es_ES
recinto	dictionary	es_ES
recorrer	dictionary	es_ES
relevancia	dictionary	es_ES
rendir	dictionary	es_ES
rodillas	dictionary	es_ES
ruptura	dictionary	es_ES
sacando	dictionary	es_ES
saldo	dictionary	es_ES
sanción	dictionary	es_ES
tablas	dictionary	es_ES
tanque	dictionary	es_ES
tarifa	dictionary	es_ES
tremenda	dictionary	es_ES
viaja	dictionary	es_ES
vigencia	dictionary	es_ES
viuda	dictionary	es_ES
volvemos	dictionary	es_ES
vuestras	dictionary	es_ES
wifi	dictionary	es_ES
abarca	dictionary	es_ES
ahorita	dictionary	es_ES
aislamiento	dictionary	es_ES
alcaldía	dictionary	es_ES
amarilla	dictionary	es_ES
aprovechando	dictionary	es_ES
burla	dictionary	es_ES
carros	dictionary	es_ES
compartido	dictionary	es_ES
computadoras	dictionary	es_ES
conductores	dictionary	es_ES
conectado	dictionary	es_ES
conectar	dictionary	es_ES
contemporánea	dictionary	es_ES
cuida	dictionary	es_ES
cumpliendo	dictionary	es_ES
dejará	dictionary	es_ES
desarrollados	dictionary	es_ES
desarrollando	dictionary	es_ES
dominante	dictionary	es_ES
ejemplar	dictionary	es_ES
empiece	dictionary	es_ES
entendemos	dictionary	es_ES
escape	dictionary	es_ES
escritora	dictionary	es_ES
espectro	dictionary	es_ES
estarían	dictionary	es_ES
etiquetas	dictionary	es_ES
eventualmente	dictionary	es_ES
excelentes	dictionary	es_ES
externos	dictionary	es_ES
fatal	dictionary	es_ES
fundamentalmente	dictionary	es_ES
fusión	dictionary	es_ES
futuras	dictionary	es_ES
generan	dictionary	es_ES
green	dictionary	es_ES
halla	dictionary	es_ES
id	dictionary	es_ES
implementar	dictionary	es_ES
incorporación	dictionary	es_ES
informaciones	dictionary	es_ES
ing	dictionary	es_ES
insultos	dictionary	es_ES
intervenir	dictionary	es_ES
invito	dictionary	es_ES
latinoamericanos	dictionary	es_ES
lazos	dictionary	es_ES
manifiesta	dictionary	es_ES
modalidad	dictionary	es_ES
muchísimas	dictionary	es_ES
ofreciendo	dictionary	es_ES
opina	dictionary	es_ES
orquesta	dictionary	es_ES
palmas	dictionary	es_ES
pedidos	dictionary	es_ES
pegar	dictionary	es_ES
pelos	dictionary	es_ES
perdidos	dictionary	es_ES
políticamente	dictionary	es_ES
preferencia	dictionary	es_ES
prefieren	dictionary	es_ES
prometido	dictionary	es_ES
proponer	dictionary	es_ES
ratas	dictionary	es_ES
recompensa	dictionary	es_ES
rehabilitación	dictionary	es_ES
rollo	dictionary	es_ES
romance	dictionary	es_ES
ruinas	dictionary	es_ES
sacaron	dictionary	es_ES
sesenta	dictionary	es_ES
solicitudes	dictionary	es_ES
sorprendió	dictionary	es_ES
sospechoso	dictionary	es_ES
sucesión	dictionary	es_ES
susana	dictionary	es_ES
sustancias	dictionary	es_ES
terceros	dictionary	es_ES
titulo	dictionary	es_ES
trasero	dictionary	es_ES
trece	dictionary	es_ES
uribe	pending	es_ES
éramos	dictionary	es_ES
abren	dictionary	es_ES
acepto	dictionary	es_ES
agradecer	dictionary	es_ES
agujero	dictionary	es_ES
alcaldes	dictionary	es_ES
aparecido	dictionary	es_ES
aparecieron	dictionary	es_ES
aparente	dictionary	es_ES
aportes	dictionary	es_ES
aprovecha	dictionary	es_ES
avanza	dictionary	es_ES
barro	dictionary	es_ES
bici	dictionary	es_ES
camioneta	dictionary	es_ES
cerebral	dictionary	es_ES
coco	dictionary	es_ES
compleja	dictionary	es_ES
conjunta	dictionary	es_ES
conspiración	dictionary	es_ES
contentos	dictionary	es_ES
coordinador	dictionary	es_ES
corregir	dictionary	es_ES
crearon	dictionary	es_ES
culpables	dictionary	es_ES
curva	dictionary	es_ES
definido	dictionary	es_ES
delincuencia	dictionary	es_ES
deriva	dictionary	es_ES
desnudo	dictionary	es_ES
destruido	dictionary	es_ES
disparo	dictionary	es_ES
divide	dictionary	es_ES
divino	dictionary	es_ES
domingos	dictionary	es_ES
educativos	dictionary	es_ES
emitir	dictionary	es_ES
enhorabuena	dictionary	es_ES
establecidos	dictionary	es_ES
establecimientos	dictionary	es_ES
estrecho	dictionary	es_ES
exitosa	dictionary	es_ES
exploración	dictionary	es_ES
explorar	dictionary	es_ES
exportaciones	dictionary	es_ES
filtro	dictionary	es_ES
financiar	dictionary	es_ES
fomento	dictionary	es_ES
fotógrafo	dictionary	es_ES
funcione	dictionary	es_ES
funeral	dictionary	es_ES
fábricas	dictionary	es_ES
garantiza	dictionary	es_ES
gigantes	dictionary	es_ES
gobernación	dictionary	es_ES
gubernamentales	dictionary	es_ES
guinea	dictionary	es_ES
guzmán	dictionary	es_ES
horizonte	dictionary	es_ES
incertidumbre	dictionary	es_ES
infección	dictionary	es_ES
injusticia	dictionary	es_ES
inmensa	dictionary	es_ES
inspección	dictionary	es_ES
inspirado	dictionary	es_ES
invisible	dictionary	es_ES
iré	dictionary	es_ES
juguetes	dictionary	es_ES
junior	dictionary	es_ES
lavar	dictionary	es_ES
lentes	dictionary	es_ES
levantó	dictionary	es_ES
llamamos	dictionary	es_ES
logran	dictionary	es_ES
mandan	dictionary	es_ES
masacre	dictionary	es_ES
memorias	dictionary	es_ES
metropolitana	dictionary	es_ES
nativos	dictionary	es_ES
nobles	dictionary	es_ES
nombrar	dictionary	es_ES
obreros	dictionary	es_ES
organizó	dictionary	es_ES
orgullosa	dictionary	es_ES
pasara	dictionary	es_ES
personalidades	dictionary	es_ES
pertenecientes	dictionary	es_ES
pierda	dictionary	es_ES
placas	dictionary	es_ES
provenientes	dictionary	es_ES
queden	dictionary	es_ES
querés	pending	es_ES
reclamo	dictionary	es_ES
reparación	dictionary	es_ES
resuelto	dictionary	es_ES
robot	dictionary	es_ES
rubia	dictionary	es_ES
sacerdotes	dictionary	es_ES
salidas	dictionary	es_ES
salio	dictionary	es_ES
satélite	dictionary	es_ES
sostener	dictionary	es_ES
sostuvo	dictionary	es_ES
sucia	dictionary	es_ES
sustancia	dictionary	es_ES
terribles	dictionary	es_ES
tío	dictionary	es_ES
titulada	dictionary	es_ES
traído	dictionary	es_ES
trigo	dictionary	es_ES
tuits	dictionary	es_ES
tuviste	dictionary	es_ES
vanguardia	dictionary	es_ES
velas	dictionary	es_ES
vertical	dictionary	es_ES
afirmar	dictionary	es_ES
agrupación	dictionary	es_ES
ali	dictionary	es_ES
altar	dictionary	es_ES
aporta	dictionary	es_ES
ataca	dictionary	es_ES
atracción	dictionary	es_ES
autobuses	dictionary	es_ES
avanzado	dictionary	es_ES
ayudarte	dictionary	es_ES
baloncesto	dictionary	es_ES
billete	dictionary	es_ES
bla	dictionary	es_ES
bodas	dictionary	es_ES
borracho	dictionary	es_ES
brillantes	dictionary	es_ES
buques	dictionary	es_ES
cagar	dictionary	es_ES
capitalista	dictionary	es_ES
cercanas	dictionary	es_ES
coincidencia	dictionary	es_ES
comenzando	dictionary	es_ES
complicada	dictionary	es_ES
compre	dictionary	es_ES
compro	dictionary	es_ES
compromisos	dictionary	es_ES
concluye	dictionary	es_ES
confía	dictionary	es_ES
conscientes	dictionary	es_ES
construyendo	dictionary	es_ES
continúan	dictionary	es_ES
cotidiana	dictionary	es_ES
creyendo	dictionary	es_ES
cuán	dictionary	es_ES
deciden	dictionary	es_ES
definitivo	dictionary	es_ES
depósitos	dictionary	es_ES
derivados	dictionary	es_ES
desnuda	dictionary	es_ES
destinados	dictionary	es_ES
diarias	dictionary	es_ES
diosa	dictionary	es_ES
diste	dictionary	es_ES
doctorado	dictionary	es_ES
ej	dictionary	es_ES
emisiones	dictionary	es_ES
enseñó	dictionary	es_ES
escriben	dictionary	es_ES
especialidad	dictionary	es_ES
establecida	dictionary	es_ES
estrecha	dictionary	es_ES
estudiado	dictionary	es_ES
estuvimos	dictionary	es_ES
exacta	dictionary	es_ES
explican	dictionary	es_ES
exponer	dictionary	es_ES
expuesto	dictionary	es_ES
extensa	dictionary	es_ES
externo	dictionary	es_ES
extracción	dictionary	es_ES
extrañas	dictionary	es_ES
fallecimiento	dictionary	es_ES
faltas	dictionary	es_ES
fantástico	dictionary	es_ES
flaco	dictionary	es_ES
franquicia	dictionary	es_ES
físicos	dictionary	es_ES
ganadora	dictionary	es_ES
gobernadores	dictionary	es_ES
gráficos	dictionary	es_ES
historiador	dictionary	es_ES
increíble	dictionary	es_ES
inocencia	dictionary	es_ES
ironía	dictionary	es_ES
irte	dictionary	es_ES
lastima	dictionary	es_ES
latinos	dictionary	es_ES
licencias	dictionary	es_ES
mascota	dictionary	es_ES
mentales	dictionary	es_ES
mineral	dictionary	es_ES
miraba	dictionary	es_ES
movilización	dictionary	es_ES
nazis	dictionary	es_ES
norteamericana	dictionary	es_ES
ocupan	dictionary	es_ES
ofrecido	dictionary	es_ES
oraciones	dictionary	es_ES
pe	dictionary	es_ES
pepe	dictionary	es_ES
portero	dictionary	es_ES
positivas	dictionary	es_ES
preocuparse	dictionary	es_ES
pretenden	dictionary	es_ES
prisionero	dictionary	es_ES
párrafo	dictionary	es_ES
recomendación	dictionary	es_ES
reflexionar	dictionary	es_ES
relativo	dictionary	es_ES
religiones	dictionary	es_ES
residuos	dictionary	es_ES
responden	dictionary	es_ES
sostenible	dictionary	es_ES
sucediendo	dictionary	es_ES
sugerencias	dictionary	es_ES
sustitución	dictionary	es_ES
tributo	dictionary	es_ES
turístico	dictionary	es_ES
uruguayo	dictionary	es_ES
vegas	dictionary	es_ES
vencido	dictionary	es_ES
verán	dictionary	es_ES
visa	dictionary	es_ES
acordar	dictionary	es_ES
acudir	dictionary	es_ES
agricultores	dictionary	es_ES
almirante	dictionary	es_ES
analiza	dictionary	es_ES
bailando	dictionary	es_ES
bando	dictionary	es_ES
boludo	pending	es_ES
bonitas	dictionary	es_ES
botellas	dictionary	es_ES
catalana	dictionary	es_ES
cielos	dictionary	es_ES
comparto	dictionary	es_ES
complejidad	dictionary	es_ES
comunismo	dictionary	es_ES
continuamente	dictionary	es_ES
cosecha	dictionary	es_ES
credibilidad	dictionary	es_ES
cualidades	dictionary	es_ES
delantero	dictionary	es_ES
diariamente	dictionary	es_ES
directos	dictionary	es_ES
donación	dictionary	es_ES
edades	dictionary	es_ES
ejecutiva	dictionary	es_ES
empiezo	dictionary	es_ES
enamorada	dictionary	es_ES
entienda	dictionary	es_ES
estúpida	dictionary	es_ES
exigencias	dictionary	es_ES
funcional	dictionary	es_ES
gafas	dictionary	es_ES
generado	dictionary	es_ES
geográfica	dictionary	es_ES
gota	dictionary	es_ES
guerreros	dictionary	es_ES
hinchas	dictionary	es_ES
incluidas	dictionary	es_ES
indicó	dictionary	es_ES
infantiles	dictionary	es_ES
involucrado	dictionary	es_ES
marte	dictionary	es_ES
masivo	dictionary	es_ES
mediterráneo	dictionary	es_ES
mentes	dictionary	es_ES
nacidos	dictionary	es_ES
normativa	dictionary	es_ES
nucleares	dictionary	es_ES
olímpico	dictionary	es_ES
organiza	dictionary	es_ES
partidarios	dictionary	es_ES
pastel	dictionary	es_ES
pastillas	dictionary	es_ES
peligrosos	dictionary	es_ES
piensen	dictionary	es_ES
preguntaba	dictionary	es_ES
presento	dictionary	es_ES
presiones	dictionary	es_ES
primarias	dictionary	es_ES
procede	dictionary	es_ES
provisional	dictionary	es_ES
radiación	dictionary	es_ES
reconocidos	dictionary	es_ES
republicano	dictionary	es_ES
ricas	dictionary	es_ES
risas	dictionary	es_ES
ritual	dictionary	es_ES
secuencia	dictionary	es_ES
seguí	dictionary	es_ES
semanal	dictionary	es_ES
sentarse	dictionary	es_ES
sientas	dictionary	es_ES
solicitó	dictionary	es_ES
sorteo	dictionary	es_ES
sumar	dictionary	es_ES
tecnológica	dictionary	es_ES
temática	dictionary	es_ES
tomarse	dictionary	es_ES
trámite	dictionary	es_ES
usaba	dictionary	es_ES
usamos	dictionary	es_ES
valientes	dictionary	es_ES
valorar	dictionary	es_ES
verdades	dictionary	es_ES
verme	dictionary	es_ES
viajeros	dictionary	es_ES
violentos	dictionary	es_ES
volvería	dictionary	es_ES
vínculos	dictionary	es_ES
abiertamente	dictionary	es_ES
abordar	dictionary	es_ES
accesible	dictionary	es_ES
acompañada	dictionary	es_ES
acontecimiento	dictionary	es_ES
acusa	dictionary	es_ES
adoptado	dictionary	es_ES
ajena	dictionary	es_ES
ajeno	dictionary	es_ES
allende	dictionary	es_ES
amparo	dictionary	es_ES
animación	dictionary	es_ES
animo	dictionary	es_ES
asegurarse	dictionary	es_ES
aumentado	dictionary	es_ES
automóvil	dictionary	es_ES
auténtica	dictionary	es_ES
ayudante	dictionary	es_ES
barata	dictionary	es_ES
bastantes	dictionary	es_ES
benito	dictionary	es_ES
bernardo	dictionary	es_ES
bibliografía	dictionary	es_ES
bloquear	dictionary	es_ES
bolsillos	dictionary	es_ES
brindar	dictionary	es_ES
bromas	dictionary	es_ES
bronca	dictionary	es_ES
busque	dictionary	es_ES
cambiaron	dictionary	es_ES
centímetros	dictionary	es_ES
coincide	dictionary	es_ES
cole	dictionary	es_ES
comisario	dictionary	es_ES
consultas	dictionary	es_ES
convivencia	dictionary	es_ES
defendiendo	dictionary	es_ES
dependen	dictionary	es_ES
deportivos	dictionary	es_ES
detiene	dictionary	es_ES
dijera	dictionary	es_ES
disparar	dictionary	es_ES
divertida	dictionary	es_ES
economista	dictionary	es_ES
económicamente	dictionary	es_ES
ego	dictionary	es_ES
exitoso	dictionary	es_ES
expone	dictionary	es_ES
fanáticos	dictionary	es_ES
fragmentos	dictionary	es_ES
gubernamental	dictionary	es_ES
hueco	dictionary	es_ES
imbécil	dictionary	es_ES
imperial	dictionary	es_ES
incapacidad	dictionary	es_ES
incrementar	dictionary	es_ES
intendente	dictionary	es_ES
irlanda	dictionary	es_ES
italianos	dictionary	es_ES
joyas	dictionary	es_ES
licenciado	dictionary	es_ES
mascotas	dictionary	es_ES
minera	dictionary	es_ES
monumentos	dictionary	es_ES
mundos	dictionary	es_ES
museos	dictionary	es_ES
narcotráfico	dictionary	es_ES
nene	dictionary	es_ES
nocturno	dictionary	es_ES
ocurren	dictionary	es_ES
ordenar	dictionary	es_ES
orejas	dictionary	es_ES
panel	dictionary	es_ES
perfiles	dictionary	es_ES
permitan	dictionary	es_ES
pilotos	dictionary	es_ES
plenamente	dictionary	es_ES
pon	dictionary	es_ES
ponerte	dictionary	es_ES
precedentes	dictionary	es_ES
presentando	dictionary	es_ES
protegido	dictionary	es_ES
provecho	dictionary	es_ES
reconocen	dictionary	es_ES
recortes	dictionary	es_ES
rector	dictionary	es_ES
recuerden	dictionary	es_ES
respiración	dictionary	es_ES
revolucionarios	dictionary	es_ES
romántico	dictionary	es_ES
salvajes	dictionary	es_ES
separa	dictionary	es_ES
suelta	dictionary	es_ES
superado	dictionary	es_ES
supervisión	dictionary	es_ES
suponer	dictionary	es_ES
tirado	dictionary	es_ES
vegetales	dictionary	es_ES
vienes	dictionary	es_ES
violaciones	dictionary	es_ES
visitó	dictionary	es_ES
voluntario	dictionary	es_ES
abc	dictionary	es_ES
adquirido	dictionary	es_ES
afectadas	dictionary	es_ES
agregado	dictionary	es_ES
allá	dictionary	es_ES
anciano	dictionary	es_ES
asilo	dictionary	es_ES
aumentan	dictionary	es_ES
belgrano	pending	es_ES
biología	dictionary	es_ES
bolso	dictionary	es_ES
cadáveres	dictionary	es_ES
candidata	dictionary	es_ES
capitulo	dictionary	es_ES
centra	dictionary	es_ES
compensación	dictionary	es_ES
concejo	dictionary	es_ES
consiguiente	dictionary	es_ES
construye	dictionary	es_ES
contactar	dictionary	es_ES
contamos	dictionary	es_ES
contemporáneo	dictionary	es_ES
contenta	dictionary	es_ES
contratación	dictionary	es_ES
controlado	dictionary	es_ES
demostración	dictionary	es_ES
demócrata	dictionary	es_ES
descendientes	dictionary	es_ES
desconocida	dictionary	es_ES
diplomático	dictionary	es_ES
directorio	dictionary	es_ES
dirigidos	dictionary	es_ES
disfrutando	dictionary	es_ES
efectivos	dictionary	es_ES
elaborado	dictionary	es_ES
energías	dictionary	es_ES
escasa	dictionary	es_ES
establecidas	dictionary	es_ES
estuvieran	dictionary	es_ES
excepcional	dictionary	es_ES
excepciones	dictionary	es_ES
experimentado	dictionary	es_ES
faltar	dictionary	es_ES
fauna	dictionary	es_ES
flash	dictionary	es_ES
funda	dictionary	es_ES
helicóptero	dictionary	es_ES
heredero	dictionary	es_ES
intervenciones	dictionary	es_ES
lidiar	dictionary	es_ES
llevada	dictionary	es_ES
maneja	dictionary	es_ES
milagros	dictionary	es_ES
miserable	dictionary	es_ES
modernas	dictionary	es_ES
montaje	dictionary	es_ES
muero	dictionary	es_ES
nerviosa	dictionary	es_ES
normalidad	dictionary	es_ES
ocupados	dictionary	es_ES
orgullosos	dictionary	es_ES
parámetros	dictionary	es_ES
pasadas	dictionary	es_ES
piratas	dictionary	es_ES
planeado	dictionary	es_ES
practica	dictionary	es_ES
prioridades	dictionary	es_ES
procedente	dictionary	es_ES
prometió	dictionary	es_ES
pájaros	dictionary	es_ES
queréis	dictionary	es_ES
racista	dictionary	es_ES
rancho	dictionary	es_ES
rechazó	dictionary	es_ES
reforzar	dictionary	es_ES
requisito	dictionary	es_ES
resistir	dictionary	es_ES
respectivos	dictionary	es_ES
reunirse	dictionary	es_ES
revolucionaria	dictionary	es_ES
rivales	dictionary	es_ES
rodilla	dictionary	es_ES
sagrada	dictionary	es_ES
salinas	dictionary	es_ES
salva	dictionary	es_ES
satisfecho	dictionary	es_ES
separar	dictionary	es_ES
seremos	dictionary	es_ES
sexualidad	dictionary	es_ES
socorro	dictionary	es_ES
tanques	dictionary	es_ES
trabajadora	dictionary	es_ES
tranquilos	dictionary	es_ES
tropical	dictionary	es_ES
ultra	dictionary	es_ES
utilizadas	dictionary	es_ES
vacas	dictionary	es_ES
vacía	dictionary	es_ES
variedades	dictionary	es_ES
varones	dictionary	es_ES
vendrá	dictionary	es_ES
vestir	dictionary	es_ES
vocación	dictionary	es_ES
volando	dictionary	es_ES
acompañar	dictionary	es_ES
aliado	dictionary	es_ES
alivio	dictionary	es_ES
almacenamiento	dictionary	es_ES
apuestas	dictionary	es_ES
artificiales	dictionary	es_ES
atento	dictionary	es_ES
atlántico	dictionary	es_ES
bajando	dictionary	es_ES
baratos	dictionary	es_ES
bares	dictionary	es_ES
bendición	dictionary	es_ES
bruto	dictionary	es_ES
cago	dictionary	es_ES
calientes	dictionary	es_ES
cancelar	dictionary	es_ES
canciller	dictionary	es_ES
cap	dictionary	es_ES
carece	dictionary	es_ES
catalanes	dictionary	es_ES
cayeron	dictionary	es_ES
cañón	dictionary	es_ES
chihuahua	dictionary	es_ES
comedor	dictionary	es_ES
compara	dictionary	es_ES
concretamente	dictionary	es_ES
configuración	dictionary	es_ES
conquistar	dictionary	es_ES
contraseña	dictionary	es_ES
contribuciones	dictionary	es_ES
controversia	dictionary	es_ES
corporaciones	dictionary	es_ES
corrección	dictionary	es_ES
creadores	dictionary	es_ES
criaturas	dictionary	es_ES
crudo	dictionary	es_ES
cuadrado	dictionary	es_ES
cubiertas	dictionary	es_ES
defienden	dictionary	es_ES
demasiados	dictionary	es_ES
desear	dictionary	es_ES
desesperación	dictionary	es_ES
designación	dictionary	es_ES
deterioro	dictionary	es_ES
determinadas	dictionary	es_ES
dimos	dictionary	es_ES
diseñador	dictionary	es_ES
disponer	dictionary	es_ES
distinguir	dictionary	es_ES
dividido	dictionary	es_ES
elevada	dictionary	es_ES
entiendes	dictionary	es_ES
entrenar	dictionary	es_ES
escapa	dictionary	es_ES
escaños	dictionary	es_ES
especializado	dictionary	es_ES
estacionamiento	dictionary	es_ES
estatuto	dictionary	es_ES
evidencias	dictionary	es_ES
expulsión	dictionary	es_ES
finca	dictionary	es_ES
forestal	dictionary	es_ES
fundadores	dictionary	es_ES
ganamos	dictionary	es_ES
gobernante	dictionary	es_ES
hermosos	dictionary	es_ES
homosexual	dictionary	es_ES
homosexuales	dictionary	es_ES
increíbles	dictionary	es_ES
inspector	dictionary	es_ES
intentarlo	dictionary	es_ES
justificación	dictionary	es_ES
latinoamericano	dictionary	es_ES
latín	dictionary	es_ES
legislativa	dictionary	es_ES
leones	dictionary	es_ES
listado	dictionary	es_ES
lucro	dictionary	es_ES
madurez	dictionary	es_ES
matado	dictionary	es_ES
medallas	dictionary	es_ES
mencionados	dictionary	es_ES
monopolio	dictionary	es_ES
multas	dictionary	es_ES
necesite	dictionary	es_ES
noroeste	dictionary	es_ES
noruega	dictionary	es_ES
operadores	dictionary	es_ES
palestina	dictionary	es_ES
parecían	dictionary	es_ES
pasear	dictionary	es_ES
pases	dictionary	es_ES
peligros	dictionary	es_ES
permitiendo	dictionary	es_ES
pilas	dictionary	es_ES
plantilla	dictionary	es_ES
pondrá	dictionary	es_ES
pregunte	dictionary	es_ES
promete	dictionary	es_ES
provocado	dictionary	es_ES
razas	dictionary	es_ES
recaudación	dictionary	es_ES
rechaza	dictionary	es_ES
recordando	dictionary	es_ES
refería	dictionary	es_ES
regularmente	dictionary	es_ES
reportaje	dictionary	es_ES
residente	dictionary	es_ES
respecta	dictionary	es_ES
respeta	dictionary	es_ES
rumor	dictionary	es_ES
rápidos	dictionary	es_ES
seguirán	dictionary	es_ES
setenta	dictionary	es_ES
señoras	dictionary	es_ES
sientan	dictionary	es_ES
terminamos	dictionary	es_ES
tonterías	dictionary	es_ES
transportes	dictionary	es_ES
tristes	dictionary	es_ES
trucos	dictionary	es_ES
tuvieran	dictionary	es_ES
túnel	dictionary	es_ES
urbanas	dictionary	es_ES
valioso	dictionary	es_ES
valoración	dictionary	es_ES
vinos	dictionary	es_ES
ámbitos	dictionary	es_ES
élite	dictionary	es_ES
activamente	dictionary	es_ES
acuerda	dictionary	es_ES
agradecido	dictionary	es_ES
agradecimiento	dictionary	es_ES
aguante	dictionary	es_ES
aman	dictionary	es_ES
asunción	dictionary	es_ES
autorizado	dictionary	es_ES
barras	dictionary	es_ES
bloques	dictionary	es_ES
brasileña	dictionary	es_ES
brillo	dictionary	es_ES
bruno	dictionary	es_ES
camina	dictionary	es_ES
canadiense	dictionary	es_ES
cargado	dictionary	es_ES
catalina	dictionary	es_ES
catalunya	pending	es_ES
centenario	dictionary	es_ES
científicas	dictionary	es_ES
claudia	dictionary	es_ES
cobarde	dictionary	es_ES
cobro	dictionary	es_ES
conformidad	dictionary	es_ES
consiguen	dictionary	es_ES
conversión	dictionary	es_ES
corren	dictionary	es_ES
criatura	dictionary	es_ES
cristianismo	dictionary	es_ES
cuadra	dictionary	es_ES
cuanta	dictionary	es_ES
adyacente	dictionary	es_ES
ahínco	dictionary	es_ES
almohada	dictionary	es_ES
ambigüedad	dictionary	es_ES
arquitectónico	dictionary	es_ES
ataúd	dictionary	es_ES
bilingüe	dictionary	es_ES
cigüeña	dictionary	es_ES
circunferencia	dictionary	es_ES
desafortunadamente	dictionary	es_ES
desarrollar	dictionary	es_ES
deshidratación	dictionary	es_ES
electricidad	dictionary	es_ES
electrodoméstico	dictionary	es_ES
exageración	dictionary	es_ES
excepción	dictionary	es_ES
excéntrico	dictionary	es_ES
exhausto	dictionary	es_ES
exhibición	dictionary	es_ES
extraordinario	dictionary	es_ES
exuberante	dictionary	es_ES
hemorragia	dictionary	es_ES
hierbabuena	dictionary	es_ES
hipopótamo	dictionary	es_ES
idiosincrasia	dictionary	es_ES
imprescindible	dictionary	es_ES
inconstitucional	dictionary	es_ES
increíblemente	dictionary	es_ES
jeroglífico	dictionary	es_ES
kilómetro	dictionary	es_ES
lingüística	dictionary	es_ES
mayúscula	dictionary	es_ES
minúscula	dictionary	es_ES
obstáculo	dictionary	es_ES
ortográfico	dictionary	es_ES
paralelepípedo	dictionary	es_ES
psicólogo	dictionary	es_ES
quirófano	dictionary	es_ES
reivindicar	dictionary	es_ES
satisfacción	dictionary	es_ES
subrayar	dictionary	es_ES
tergiversar	dictionary	es_ES
transatlántico	dictionary	es_ES
vehículo	dictionary	es_ES
vergüenza	dictionary	es_ES
vicisitud	dictionary	es_ES
xilófono	dictionary	es_ES
yacimiento	dictionary	es_ES
yuxtaposición	dictionary	es_ES
zaguán	dictionary	es_ES
zanahoria	dictionary	es_ES
encuentra	dictionary	es_ES
población	dictionary	es_ES
principal	dictionary	es_ES
temporada	dictionary	es_ES
diferentes	dictionary	es_ES
siguiente	dictionary	es_ES
importante	dictionary	es_ES
septiembre	dictionary	es_ES
producción	dictionary	es_ES
diciembre	dictionary	es_ES
noviembre	dictionary	es_ES
desarrollo	dictionary	es_ES
convirtió	dictionary	es_ES
alrededor	dictionary	es_ES
construcción	dictionary	es_ES
cualquier	dictionary	es_ES
canciones	dictionary	es_ES
resultado	dictionary	es_ES
habitantes	dictionary	es_ES
principales	dictionary	es_ES
capacidad	dictionary	es_ES
problemas	dictionary	es_ES
encuentran	dictionary	es_ES
información	dictionary	es_ES
presidente	dictionary	es_ES
finalmente	dictionary	es_ES
movimiento	dictionary	es_ES
actividad	dictionary	es_ES
personajes	dictionary	es_ES
investigación	dictionary	es_ES
situación	dictionary	es_ES
servicios	dictionary	es_ES
importantes	dictionary	es_ES
principio	dictionary	es_ES
municipio	dictionary	es_ES
principios	dictionary	es_ES
comunidad	dictionary	es_ES
actividades	dictionary	es_ES
personaje	dictionary	es_ES
principalmente	dictionary	es_ES
organización	dictionary	es_ES
dirección	dictionary	es_ES
especialmente	dictionary	es_ES
educación	dictionary	es_ES
diferencia	dictionary	es_ES
estructura	dictionary	es_ES
actualmente	dictionary	es_ES
incluyendo	dictionary	es_ES
aproximadamente	dictionary	es_ES
formación	dictionary	es_ES
argentina	dictionary	es_ES
actualidad	dictionary	es_ES
matrimonio	dictionary	es_ES
condiciones	dictionary	es_ES
jugadores	dictionary	es_ES
características	dictionary	es_ES
posteriormente	dictionary	es_ES
elementos	dictionary	es_ES
internacional	dictionary	es_ES
relaciones	dictionary	es_ES
siguientes	dictionary	es_ES
instituto	dictionary	es_ES
ocasiones	dictionary	es_ES
encontrar	dictionary	es_ES
elecciones	dictionary	es_ES
generalmente	dictionary	es_ES
presencia	dictionary	es_ES
seguridad	dictionary	es_ES
territorio	dictionary	es_ES
publicado	dictionary	es_ES
superficie	dictionary	es_ES
localidad	dictionary	es_ES
estudiantes	dictionary	es_ES
productos	dictionary	es_ES
programas	dictionary	es_ES
comunicación	dictionary	es_ES
películas	dictionary	es_ES
propiedad	dictionary	es_ES
oficiales	dictionary	es_ES
importancia	dictionary	es_ES
categoría	dictionary	es_ES
velocidad	dictionary	es_ES
comercial	dictionary	es_ES
industria	dictionary	es_ES
resultados	dictionary	es_ES
naturaleza	dictionary	es_ES
participación	dictionary	es_ES
nuevamente	dictionary	es_ES
experiencia	dictionary	es_ES
lanzamiento	dictionary	es_ES
edificios	dictionary	es_ES
anteriores	dictionary	es_ES
referencia	dictionary	es_ES
profesional	dictionary	es_ES
realizado	dictionary	es_ES
particular	dictionary	es_ES
proyectos	dictionary	es_ES
significa	dictionary	es_ES
república	dictionary	es_ES
crecimiento	dictionary	es_ES
numerosos	dictionary	es_ES
rápidamente	dictionary	es_ES
distintos	dictionary	es_ES
internacionales	dictionary	es_ES
considerado	dictionary	es_ES
militares	dictionary	es_ES
transporte	dictionary	es_ES
izquierda	dictionary	es_ES
provincia	dictionary	es_ES
completamente	dictionary	es_ES
participó	dictionary	es_ES
considera	dictionary	es_ES
numerosas	dictionary	es_ES
existencia	dictionary	es_ES
influencia	dictionary	es_ES
versiones	dictionary	es_ES
económica	dictionary	es_ES
enfermedad	dictionary	es_ES
independiente	dictionary	es_ES
utilizado	dictionary	es_ES
necesario	dictionary	es_ES
políticas	dictionary	es_ES
administración	dictionary	es_ES
selección	dictionary	es_ES
solamente	dictionary	es_ES
estadounidense	dictionary	es_ES
respuesta	dictionary	es_ES
diferente	dictionary	es_ES
kilómetros	dictionary	es_ES
posibilidad	dictionary	es_ES
funciones	dictionary	es_ES
científicamente	dictionary	es_ES
generación	dictionary	es_ES
encontraba	dictionary	es_ES
tradición	dictionary	es_ES
consecuencia	dictionary	es_ES
directamente	dictionary	es_ES
frecuencia	dictionary	es_ES
colección	dictionary	es_ES
contenido	dictionary	es_ES
conocimiento	dictionary	es_ES
construido	dictionary	es_ES
operaciones	dictionary	es_ES
totalmente	dictionary	es_ES
materiales	dictionary	es_ES
convierte	dictionary	es_ES
nacionales	dictionary	es_ES
posterior	dictionary	es_ES
distintas	dictionary	es_ES
conseguir	dictionary	es_ES
tradicional	dictionary	es_ES
ministerio	dictionary	es_ES
artículos	dictionary	es_ES
autoridades	dictionary	es_ES
consiguió	dictionary	es_ES
distancia	dictionary	es_ES
municipal	dictionary	es_ES
campeonato	dictionary	es_ES
representa	dictionary	es_ES
identidad	dictionary	es_ES
demasiado	dictionary	es_ES
actuación	dictionary	es_ES
encuentro	dictionary	es_ES
probablemente	dictionary	es_ES
resistencia	dictionary	es_ES
convertirse	dictionary	es_ES
oportunidad	dictionary	es_ES
temperatura	dictionary	es_ES
inicialmente	dictionary	es_ES
publicación	dictionary	es_ES
similares	dictionary	es_ES
tecnología	dictionary	es_ES
instituciones	dictionary	es_ES
necesidad	dictionary	es_ES
departamento	dictionary	es_ES
suficiente	dictionary	es_ES
exposición	dictionary	es_ES
tratamiento	dictionary	es_ES
conocidos	dictionary	es_ES
convertido	dictionary	es_ES
especiales	dictionary	es_ES
posteriores	dictionary	es_ES
contrario	dictionary	es_ES
múltiples	dictionary	es_ES
trabajadores	dictionary	es_ES
compuesto	dictionary	es_ES
comenzaron	dictionary	es_ES
instalaciones	dictionary	es_ES
participar	dictionary	es_ES
construyó	dictionary	es_ES
estableció	dictionary	es_ES
histórico	dictionary	es_ES
institución	dictionary	es_ES
intención	dictionary	es_ES
protección	dictionary	es_ES
reconocimiento	dictionary	es_ES
composición	dictionary	es_ES
conflicto	dictionary	es_ES
construir	dictionary	es_ES
asesinato	dictionary	es_ES
escenario	dictionary	es_ES
españoles	dictionary	es_ES
musicales	dictionary	es_ES
continuación	dictionary	es_ES
literatura	dictionary	es_ES
asociación	dictionary	es_ES
distribución	dictionary	es_ES
fundación	dictionary	es_ES
políticos	dictionary	es_ES
clasificación	dictionary	es_ES
operación	dictionary	es_ES
accidente	dictionary	es_ES
trabajando	dictionary	es_ES
disponible	dictionary	es_ES
documentos	dictionary	es_ES
encontrado	dictionary	es_ES
nacimiento	dictionary	es_ES
naturales	dictionary	es_ES
aparición	dictionary	es_ES
concierto	dictionary	es_ES
económico	dictionary	es_ES
aplicación	dictionary	es_ES
desarrollado	dictionary	es_ES
originales	dictionary	es_ES
responsable	dictionary	es_ES
propuesta	dictionary	es_ES
comerciales	dictionary	es_ES
grabación	dictionary	es_ES
movimientos	dictionary	es_ES
oposición	dictionary	es_ES
únicamente	dictionary	es_ES
condición	dictionary	es_ES
extensión	dictionary	es_ES
recorrido	dictionary	es_ES
estadounidenses	dictionary	es_ES
realmente	dictionary	es_ES
relacionados	dictionary	es_ES
simplemente	dictionary	es_ES
diferencias	dictionary	es_ES
profesionales	dictionary	es_ES
propiedades	dictionary	es_ES
temporadas	dictionary	es_ES
arquitectura	dictionary	es_ES
constante	dictionary	es_ES
indígenas	dictionary	es_ES
oficialmente	dictionary	es_ES
organizaciones	dictionary	es_ES
pasajeros	dictionary	es_ES
populares	dictionary	es_ES
california	dictionary	es_ES
colaboración	dictionary	es_ES
publicaciones	dictionary	es_ES
competencia	dictionary	es_ES
historias	dictionary	es_ES
inmediatamente	dictionary	es_ES
objetivos	dictionary	es_ES
pacientes	dictionary	es_ES
habilidades	dictionary	es_ES
normalmente	dictionary	es_ES
comportamiento	dictionary	es_ES
episodios	dictionary	es_ES
audiencia	dictionary	es_ES
empleados	dictionary	es_ES
utilizando	dictionary	es_ES
vehículos	dictionary	es_ES
conciertos	dictionary	es_ES
presentan	dictionary	es_ES
realizada	dictionary	es_ES
tradicionales	dictionary	es_ES
viviendas	dictionary	es_ES
característica	dictionary	es_ES
prácticamente	dictionary	es_ES
transmisión	dictionary	es_ES
autoridad	dictionary	es_ES
funcionamiento	dictionary	es_ES
compañeros	dictionary	es_ES
desarrolló	dictionary	es_ES
familiares	dictionary	es_ES
gobernador	dictionary	es_ES
abandonar	dictionary	es_ES
corriente	dictionary	es_ES
generales	dictionary	es_ES
poblaciones	dictionary	es_ES
realizaron	dictionary	es_ES
anteriormente	dictionary	es_ES
ciudadanos	dictionary	es_ES
independencia	dictionary	es_ES
representación	dictionary	es_ES
ubicación	dictionary	es_ES
culturales	dictionary	es_ES
registros	dictionary	es_ES
secundaria	dictionary	es_ES
esfuerzos	dictionary	es_ES
habitación	dictionary	es_ES
espectadores	dictionary	es_ES
expresión	dictionary	es_ES
participantes	dictionary	es_ES
reconocido	dictionary	es_ES
originalmente	dictionary	es_ES
alimentos	dictionary	es_ES
estructuras	dictionary	es_ES
publicada	dictionary	es_ES
asesinado	dictionary	es_ES
enseñanza	dictionary	es_ES
periódico	dictionary	es_ES
componentes	dictionary	es_ES
disponibles	dictionary	es_ES
entrevista	dictionary	es_ES
protagonista	dictionary	es_ES
violencia	dictionary	es_ES
estudiante	dictionary	es_ES
permaneció	dictionary	es_ES
plataforma	dictionary	es_ES
presentación	dictionary	es_ES
trayectoria	dictionary	es_ES
verdadero	dictionary	es_ES
comparación	dictionary	es_ES
estrellas	dictionary	es_ES
investigaciones	dictionary	es_ES
posiciones	dictionary	es_ES
profundidad	dictionary	es_ES
compañías	dictionary	es_ES
estaciones	dictionary	es_ES
evolución	dictionary	es_ES
industrial	dictionary	es_ES
interpretación	dictionary	es_ES
recuperar	dictionary	es_ES
recientemente	dictionary	es_ES
entrenamiento	dictionary	es_ES
individuos	dictionary	es_ES
productor	dictionary	es_ES
científicos	dictionary	es_ES
comunidades	dictionary	es_ES
continuar	dictionary	es_ES
evidencia	dictionary	es_ES
significado	dictionary	es_ES
adicional	dictionary	es_ES
comandante	dictionary	es_ES
controlar	dictionary	es_ES
establecer	dictionary	es_ES
intereses	dictionary	es_ES
personalidad	dictionary	es_ES
presentar	dictionary	es_ES
propósito	dictionary	es_ES
ejecución	dictionary	es_ES
entrenador	dictionary	es_ES
escritura	dictionary	es_ES
presentado	dictionary	es_ES
aplicaciones	dictionary	es_ES
consideran	dictionary	es_ES
habilidad	dictionary	es_ES
ayuntamiento	dictionary	es_ES
considerada	dictionary	es_ES
mecanismo	dictionary	es_ES
presentes	dictionary	es_ES
producido	dictionary	es_ES
agricultura	dictionary	es_ES
determinar	dictionary	es_ES
extranjero	dictionary	es_ES
impuestos	dictionary	es_ES
instrumentos	dictionary	es_ES
mantenimiento	dictionary	es_ES
municipios	dictionary	es_ES
respectivamente	dictionary	es_ES
categorías	dictionary	es_ES
construida	dictionary	es_ES
encontraron	dictionary	es_ES
totalidad	dictionary	es_ES
dificultades	dictionary	es_ES
ampliamente	dictionary	es_ES
conocidas	dictionary	es_ES
denominado	dictionary	es_ES
fácilmente	dictionary	es_ES
individuales	dictionary	es_ES
promoción	dictionary	es_ES
residencia	dictionary	es_ES
expedición	dictionary	es_ES
permanente	dictionary	es_ES
relativamente	dictionary	es_ES
rendimiento	dictionary	es_ES
comienzos	dictionary	es_ES
conservación	dictionary	es_ES
consideró	dictionary	es_ES
documento	dictionary	es_ES
encuentros	dictionary	es_ES
finalizar	dictionary	es_ES
investigadores	dictionary	es_ES
laboratorio	dictionary	es_ES
representan	dictionary	es_ES
sentimientos	dictionary	es_ES
temperaturas	dictionary	es_ES
federación	dictionary	es_ES
constituye	dictionary	es_ES
fotografía	dictionary	es_ES
individuo	dictionary	es_ES
responsabilidad	dictionary	es_ES
editorial	dictionary	es_ES
candidatos	dictionary	es_ES
encontraban	dictionary	es_ES
espectáculo	dictionary	es_ES
establecido	dictionary	es_ES
extranjeros	dictionary	es_ES
franceses	dictionary	es_ES
fundamental	dictionary	es_ES
fotografías	dictionary	es_ES
imposible	dictionary	es_ES
potencial	dictionary	es_ES
superiores	dictionary	es_ES
británico	dictionary	es_ES
confianza	dictionary	es_ES
definición	dictionary	es_ES
desarrolla	dictionary	es_ES
histórica	dictionary	es_ES
prisioneros	dictionary	es_ES
tripulación	dictionary	es_ES
constitución	dictionary	es_ES
artística	dictionary	es_ES
candidato	dictionary	es_ES
dimensiones	dictionary	es_ES
exposiciones	dictionary	es_ES
filosofía	dictionary	es_ES
realización	dictionary	es_ES
recuperación	dictionary	es_ES
combustible	dictionary	es_ES
desempeñó	dictionary	es_ES
ediciones	dictionary	es_ES
ejemplares	dictionary	es_ES
emperador	dictionary	es_ES
convirtiéndose	dictionary	es_ES
destrucción	dictionary	es_ES
económicas	dictionary	es_ES
verdadera	dictionary	es_ES
caracteriza	dictionary	es_ES
científico	dictionary	es_ES
competición	dictionary	es_ES
descubrió	dictionary	es_ES
fabricación	dictionary	es_ES
inversión	dictionary	es_ES
ligeramente	dictionary	es_ES
pertenece	dictionary	es_ES
previamente	dictionary	es_ES
representante	dictionary	es_ES
adicionales	dictionary	es_ES
concentración	dictionary	es_ES
corresponde	dictionary	es_ES
decisiones	dictionary	es_ES
económicos	dictionary	es_ES
instalación	dictionary	es_ES
particulares	dictionary	es_ES
primavera	dictionary	es_ES
utilizados	dictionary	es_ES
completar	dictionary	es_ES
documental	dictionary	es_ES
ejercicio	dictionary	es_ES
expansión	dictionary	es_ES
intervención	dictionary	es_ES
periodista	dictionary	es_ES
popularidad	dictionary	es_ES
situaciones	dictionary	es_ES
visitantes	dictionary	es_ES
comienzan	dictionary	es_ES
compuesta	dictionary	es_ES
occidental	dictionary	es_ES
restauración	dictionary	es_ES
dispositivos	dictionary	es_ES
individual	dictionary	es_ES
necesidades	dictionary	es_ES
personales	dictionary	es_ES
provincias	dictionary	es_ES
recientes	dictionary	es_ES
ceremonia	dictionary	es_ES
compañero	dictionary	es_ES
conflictos	dictionary	es_ES
enfermedades	dictionary	es_ES
incidente	dictionary	es_ES
incluidos	dictionary	es_ES
iniciativa	dictionary	es_ES
liberación	dictionary	es_ES
localidades	dictionary	es_ES
prácticas	dictionary	es_ES
religiosa	dictionary	es_ES
cuadrados	dictionary	es_ES
experiencias	dictionary	es_ES
independientes	dictionary	es_ES
pensamiento	dictionary	es_ES
presupuesto	dictionary	es_ES
residentes	dictionary	es_ES
creciente	dictionary	es_ES
equilibrio	dictionary	es_ES
esperanza	dictionary	es_ES
hipótesis	dictionary	es_ES
necesaria	dictionary	es_ES
recibieron	dictionary	es_ES
reducción	dictionary	es_ES
sencillos	dictionary	es_ES
apariencia	dictionary	es_ES
artístico	dictionary	es_ES
cementerio	dictionary	es_ES
determinado	dictionary	es_ES
electoral	dictionary	es_ES
establece	dictionary	es_ES
estuvieron	dictionary	es_ES
posibilidades	dictionary	es_ES
secretario	dictionary	es_ES
territorios	dictionary	es_ES
victorias	dictionary	es_ES
británicos	dictionary	es_ES
compromiso	dictionary	es_ES
convirtieron	dictionary	es_ES
descubrir	dictionary	es_ES
empezaron	dictionary	es_ES
existentes	dictionary	es_ES
realizando	dictionary	es_ES
separación	dictionary	es_ES
volúmenes	dictionary	es_ES
arquitecto	dictionary	es_ES
asistencia	dictionary	es_ES
funcionarios	dictionary	es_ES
inmediato	dictionary	es_ES
patrimonio	dictionary	es_ES
perspectiva	dictionary	es_ES
profesora	dictionary	es_ES
seguidores	dictionary	es_ES
actuaciones	dictionary	es_ES
conferencia	dictionary	es_ES
definitiva	dictionary	es_ES
describió	dictionary	es_ES
eléctrica	dictionary	es_ES
establecimiento	dictionary	es_ES
ingeniero	dictionary	es_ES
transición	dictionary	es_ES
universidades	dictionary	es_ES
circulación	dictionary	es_ES
claramente	dictionary	es_ES
consecuencias	dictionary	es_ES
contenidos	dictionary	es_ES
destacado	dictionary	es_ES
disposición	dictionary	es_ES
diversidad	dictionary	es_ES
estrategia	dictionary	es_ES
exclusivamente	dictionary	es_ES
humanidad	dictionary	es_ES
infraestructura	dictionary	es_ES
monasterio	dictionary	es_ES
participado	dictionary	es_ES
proporciona	dictionary	es_ES
solitario	dictionary	es_ES
utilizada	dictionary	es_ES
aparentemente	dictionary	es_ES
aprobación	dictionary	es_ES
argentino	dictionary	es_ES
contienen	dictionary	es_ES
dificultad	dictionary	es_ES
dispositivo	dictionary	es_ES
particularmente	dictionary	es_ES
sentencia	dictionary	es_ES
considerar	dictionary	es_ES
declaración	dictionary	es_ES
dependiendo	dictionary	es_ES
ferrocarril	dictionary	es_ES
hectáreas	dictionary	es_ES
herramientas	dictionary	es_ES
introducción	dictionary	es_ES
acompañado	dictionary	es_ES
conocimientos	dictionary	es_ES
consideraba	dictionary	es_ES
correspondiente	dictionary	es_ES
inscripción	dictionary	es_ES
inteligencia	dictionary	es_ES
presentaciones	dictionary	es_ES
circunstancias	dictionary	es_ES
descubierto	dictionary	es_ES
discusión	dictionary	es_ES
eliminación	dictionary	es_ES
frecuentemente	dictionary	es_ES
gobiernos	dictionary	es_ES
introdujo	dictionary	es_ES
posiblemente	dictionary	es_ES
proporcionar	dictionary	es_ES
siguiendo	dictionary	es_ES
transformación	dictionary	es_ES
abandonado	dictionary	es_ES
científica	dictionary	es_ES
conferencias	dictionary	es_ES
continente	dictionary	es_ES
costumbres	dictionary	es_ES
denominada	dictionary	es_ES
específicamente	dictionary	es_ES
interpretó	dictionary	es_ES
periódicos	dictionary	es_ES
preparación	dictionary	es_ES
regionales	dictionary	es_ES
representar	dictionary	es_ES
resolución	dictionary	es_ES
campamento	dictionary	es_ES
definitivamente	dictionary	es_ES
denominación	dictionary	es_ES
descripción	dictionary	es_ES
históricos	dictionary	es_ES
instancia	dictionary	es_ES
laterales	dictionary	es_ES
parroquia	dictionary	es_ES
porcentaje	dictionary	es_ES
productores	dictionary	es_ES
revolución	dictionary	es_ES
suficientemente	dictionary	es_ES
suspensión	dictionary	es_ES
variables	dictionary	es_ES
alrededores	dictionary	es_ES
artillería	dictionary	es_ES
cantidades	dictionary	es_ES
celebración	dictionary	es_ES
cincuenta	dictionary	es_ES
integrantes	dictionary	es_ES
ocupación	dictionary	es_ES
organismos	dictionary	es_ES
propietario	dictionary	es_ES
realizadas	dictionary	es_ES
realizados	dictionary	es_ES
toneladas	dictionary	es_ES
combinación	dictionary	es_ES
condenado	dictionary	es_ES
descubrimiento	dictionary	es_ES
diputados	dictionary	es_ES
emergencia	dictionary	es_ES
encargado	dictionary	es_ES
entidades	dictionary	es_ES
excelente	dictionary	es_ES
frecuente	dictionary	es_ES
intercambio	dictionary	es_ES
izquierdo	dictionary	es_ES
monumento	dictionary	es_ES
relacionadas	dictionary	es_ES
restantes	dictionary	es_ES
tecnologías	dictionary	es_ES
tendencia	dictionary	es_ES
acontecimientos	dictionary	es_ES
cualquiera	dictionary	es_ES
declarado	dictionary	es_ES
evaluación	dictionary	es_ES
instrumento	dictionary	es_ES
negociaciones	dictionary	es_ES
presidencia	dictionary	es_ES
procedimiento	dictionary	es_ES
procesión	dictionary	es_ES
publicados	dictionary	es_ES
religiosos	dictionary	es_ES
retirarse	dictionary	es_ES
reuniones	dictionary	es_ES
alcanzado	dictionary	es_ES
apariciones	dictionary	es_ES
argumento	dictionary	es_ES
británica	dictionary	es_ES
conservan	dictionary	es_ES
cooperación	dictionary	es_ES
decidieron	dictionary	es_ES
facilitar	dictionary	es_ES
fuertemente	dictionary	es_ES
identificar	dictionary	es_ES
invitados	dictionary	es_ES
japoneses	dictionary	es_ES
mantienen	dictionary	es_ES
orientación	dictionary	es_ES
participaron	dictionary	es_ES
programación	dictionary	es_ES
reemplazado	dictionary	es_ES
sacerdote	dictionary	es_ES
aprendizaje	dictionary	es_ES
compositor	dictionary	es_ES
construcciones	dictionary	es_ES
cuestiones	dictionary	es_ES
desaparición	dictionary	es_ES
inaugurado	dictionary	es_ES
permitido	dictionary	es_ES
relacionado	dictionary	es_ES
renovación	dictionary	es_ES
testimonio	dictionary	es_ES
vegetación	dictionary	es_ES
divisiones	dictionary	es_ES
ejecutivo	dictionary	es_ES
encontramos	dictionary	es_ES
herramienta	dictionary	es_ES
mostrando	dictionary	es_ES
necesitan	dictionary	es_ES
religiosas	dictionary	es_ES
reputación	dictionary	es_ES
vicepresidente	dictionary	es_ES
beneficios	dictionary	es_ES
campesinos	dictionary	es_ES
capítulos	dictionary	es_ES
componente	dictionary	es_ES
conductor	dictionary	es_ES
elaboración	dictionary	es_ES
iluminación	dictionary	es_ES
liderazgo	dictionary	es_ES
mecanismos	dictionary	es_ES
organismo	dictionary	es_ES
organizado	dictionary	es_ES
altamente	dictionary	es_ES
conciencia	dictionary	es_ES
demostrado	dictionary	es_ES
desconoce	dictionary	es_ES
designado	dictionary	es_ES
destinado	dictionary	es_ES
fortaleza	dictionary	es_ES
grabaciones	dictionary	es_ES
intensidad	dictionary	es_ES
manifestaciones	dictionary	es_ES
permanecer	dictionary	es_ES
precisión	dictionary	es_ES
preguntas	dictionary	es_ES
representantes	dictionary	es_ES
respondió	dictionary	es_ES
atractivo	dictionary	es_ES
brillante	dictionary	es_ES
cristianos	dictionary	es_ES
deportivo	dictionary	es_ES
derrotado	dictionary	es_ES
difíciles	dictionary	es_ES
escritores	dictionary	es_ES
específico	dictionary	es_ES
facilidad	dictionary	es_ES
frecuentes	dictionary	es_ES
igualmente	dictionary	es_ES
industriales	dictionary	es_ES
inferiores	dictionary	es_ES
mencionado	dictionary	es_ES
participa	dictionary	es_ES
profesores	dictionary	es_ES
protestas	dictionary	es_ES
trabajado	dictionary	es_ES
traducción	dictionary	es_ES
volvieron	dictionary	es_ES
considerable	dictionary	es_ES
generaciones	dictionary	es_ES
iniciales	dictionary	es_ES
modificaciones	dictionary	es_ES
organizar	dictionary	es_ES
protagonistas	dictionary	es_ES
publicidad	dictionary	es_ES
castellano	dictionary	es_ES
colecciones	dictionary	es_ES
construyeron	dictionary	es_ES
decoración	dictionary	es_ES
desconocido	dictionary	es_ES
identificación	dictionary	es_ES
lentamente	dictionary	es_ES
parcialmente	dictionary	es_ES
sucias	dictionary	es_ES
tac	dictionary	es_ES
tardan	dictionary	es_ES
temblar	dictionary	es_ES
tendido	dictionary	es_ES
traslada	dictionary	es_ES
unilateral	dictionary	es_ES
vagones	dictionary	es_ES
vestíbulo	dictionary	es_ES
violan	dictionary	es_ES
violando	dictionary	es_ES
étnicos	dictionary	es_ES
éxodo	dictionary	es_ES
abortos	dictionary	es_ES
abrimos	dictionary	es_ES
absorber	dictionary	es_ES
abstracto	dictionary	es_ES
accesibilidad	dictionary	es_ES
acelerado	dictionary	es_ES
acera	dictionary	es_ES
acercando	dictionary	es_ES
acercar	dictionary	es_ES
aguanto	dictionary	es_ES
algas	dictionary	es_ES
alude	dictionary	es_ES
anchura	dictionary	es_ES
antecedente	dictionary	es_ES
anónimas	dictionary	es_ES
apuro	dictionary	es_ES
arbustos	dictionary	es_ES
articular	dictionary	es_ES
asaltos	dictionary	es_ES
asesinadas	dictionary	es_ES
asique	pending	es_ES
asma	dictionary	es_ES
atienden	dictionary	es_ES
ayudarlos	dictionary	es_ES
ayuno	dictionary	es_ES
añaden	dictionary	es_ES
barroco	dictionary	es_ES
beltrán	pending	es_ES
biológicos	dictionary	es_ES
bis	dictionary	es_ES
borda	dictionary	es_ES
bota	dictionary	es_ES
brotes	dictionary	es_ES
caderas	dictionary	es_ES
calificados	dictionary	es_ES
canchas	dictionary	es_ES
cancillería	dictionary	es_ES
cantado	dictionary	es_ES
cardíaco	dictionary	es_ES
cargados	dictionary	es_ES
cascada	dictionary	es_ES
casting	dictionary	es_ES
cauce	dictionary	es_ES
causaron	dictionary	es_ES
centavo	dictionary	es_ES
centre	dictionary	es_ES
cepillo	dictionary	es_ES
chingo	dictionary	es_ES
cigarros	dictionary	es_ES
colaborado	dictionary	es_ES
colaborando	dictionary	es_ES
comestibles	dictionary	es_ES
competitiva	dictionary	es_ES
complot	dictionary	es_ES
concentrarse	dictionary	es_ES
condes	dictionary	es_ES
confió	dictionary	es_ES
conformar	dictionary	es_ES
conmoción	dictionary	es_ES
consulte	dictionary	es_ES
contestado	dictionary	es_ES
contribuyeron	dictionary	es_ES
costarricense	dictionary	es_ES
cruceros	dictionary	es_ES
danés	dictionary	es_ES
deberían	dictionary	es_ES
decías	dictionary	es_ES
definidas	dictionary	es_ES
desciende	dictionary	es_ES
desinformación	dictionary	es_ES
difunde	dictionary	es_ES
diseñadas	dictionary	es_ES
donante	dictionary	es_ES
dudosa	dictionary	es_ES
egoísmo	dictionary	es_ES
ejercido	dictionary	es_ES
elevó	dictionary	es_ES
eligiendo	dictionary	es_ES
empuja	dictionary	es_ES
enriquecimiento	dictionary	es_ES
entrevistado	dictionary	es_ES
episcopal	dictionary	es_ES
erosión	dictionary	es_ES
especias	dictionary	es_ES
estragos	dictionary	es_ES
estético	dictionary	es_ES
eurovisión	pending	es_ES
faltado	dictionary	es_ES
fijamente	dictionary	es_ES
fíjate	dictionary	es_ES
fracasó	dictionary	es_ES
fuere	dictionary	es_ES
fundadora	dictionary	es_ES
furiosos	dictionary	es_ES
fértil	dictionary	es_ES
gancho	dictionary	es_ES
generadores	dictionary	es_ES
genitales	dictionary	es_ES
granadas	dictionary	es_ES
grupal	dictionary	es_ES
gusano	dictionary	es_ES
gusanos	dictionary	es_ES
hab	dictionary	es_ES
hallaron	dictionary	es_ES
halló	dictionary	es_ES
hartos	dictionary	es_ES
historietas	dictionary	es_ES
hocico	dictionary	es_ES
hoguera	dictionary	es_ES
hunde	dictionary	es_ES
impulsada	dictionary	es_ES
imán	dictionary	es_ES
incompetencia	dictionary	es_ES
injustamente	dictionary	es_ES
innovadores	dictionary	es_ES
inscribirse	dictionary	es_ES
insecto	dictionary	es_ES
insistiendo	dictionary	es_ES
interesar	dictionary	es_ES
intersección	dictionary	es_ES
ju	dictionary	es_ES
juzga	dictionary	es_ES
legítimos	dictionary	es_ES
ligados	dictionary	es_ES
llegaran	dictionary	es_ES
llevarlos	dictionary	es_ES
localizada	dictionary	es_ES
lora	dictionary	es_ES
lucir	dictionary	es_ES
láminas	dictionary	es_ES
mandaba	dictionary	es_ES
manejado	dictionary	es_ES
manifestaron	dictionary	es_ES
marciales	dictionary	es_ES
maridos	dictionary	es_ES
masivas	dictionary	es_ES
materno	dictionary	es_ES
mazo	dictionary	es_ES
mejoró	dictionary	es_ES
memorable	dictionary	es_ES
menta	dictionary	es_ES
miden	dictionary	es_ES
migratoria	dictionary	es_ES
modales	dictionary	es_ES
modesta	dictionary	es_ES
moralmente	dictionary	es_ES
motivó	dictionary	es_ES
nacimientos	dictionary	es_ES
narcos	dictionary	es_ES
necesitaría	dictionary	es_ES
negando	dictionary	es_ES
neoliberal	dictionary	es_ES
nerviosos	dictionary	es_ES
nublado	dictionary	es_ES
nutrientes	dictionary	es_ES
oasis	dictionary	es_ES
obligando	dictionary	es_ES
octavos	dictionary	es_ES
ocurrirá	dictionary	es_ES
ofende	dictionary	es_ES
ofrezca	dictionary	es_ES
olivos	dictionary	es_ES
opuso	dictionary	es_ES
otorgan	dictionary	es_ES
oyentes	dictionary	es_ES
padecen	dictionary	es_ES
participativa	dictionary	es_ES
paseando	dictionary	es_ES
paternidad	dictionary	es_ES
peaje	dictionary	es_ES
pensaría	dictionary	es_ES
pescador	dictionary	es_ES
petroleros	dictionary	es_ES
pintó	dictionary	es_ES
piñas	dictionary	es_ES
planificar	dictionary	es_ES
plantación	dictionary	es_ES
precisas	dictionary	es_ES
preferida	dictionary	es_ES
pretensiones	dictionary	es_ES
procedió	dictionary	es_ES
protegerse	dictionary	es_ES
protegiendo	dictionary	es_ES
psicólogos	dictionary	es_ES
párroco	dictionary	es_ES
rafa	dictionary	es_ES
reinas	dictionary	es_ES
reivindicaciones	dictionary	es_ES
repaso	dictionary	es_ES
repentina	dictionary	es_ES
repudio	dictionary	es_ES
residenciales	dictionary	es_ES
resistentes	dictionary	es_ES
revise	dictionary	es_ES
rifle	dictionary	es_ES
ritos	dictionary	es_ES
salada	dictionary	es_ES
sangrienta	dictionary	es_ES
saudí	dictionary	es_ES
seguís	dictionary	es_ES
semáforo	dictionary	es_ES
sudamericano	dictionary	es_ES
suicidarse	dictionary	es_ES
sumaron	dictionary	es_ES
supuestas	dictionary	es_ES
televisivo	dictionary	es_ES
trabas	dictionary	es_ES
tías	dictionary	es_ES
típicamente	dictionary	es_ES
veía	dictionary	es_ES
ventura	dictionary	es_ES
vicepresidenta	dictionary	es_ES
vitalidad	dictionary	es_ES
étnica	dictionary	es_ES
abanico	dictionary	es_ES
acoger	dictionary	es_ES
aconsejo	dictionary	es_ES
acreditado	dictionary	es_ES
acumular	dictionary	es_ES
administrado	dictionary	es_ES
adobe	dictionary	es_ES
advertencias	dictionary	es_ES
albergue	dictionary	es_ES
alergia	dictionary	es_ES
alineación	dictionary	es_ES
analizan	dictionary	es_ES
ancestral	dictionary	es_ES
anteojos	dictionary	es_ES
antibióticos	dictionary	es_ES
antigüedades	dictionary	es_ES
anulación	dictionary	es_ES
anónimos	dictionary	es_ES
apagón	dictionary	es_ES
apartados	dictionary	es_ES
apoyaba	dictionary	es_ES
apuntado	dictionary	es_ES
arriesgado	dictionary	es_ES
asquerosa	dictionary	es_ES
atendido	dictionary	es_ES
atrapada	dictionary	es_ES
aura	dictionary	es_ES
avanzó	dictionary	es_ES
banquillo	dictionary	es_ES
bautismo	dictionary	es_ES
boxeador	dictionary	es_ES
brava	dictionary	es_ES
cacho	dictionary	es_ES
cachorro	dictionary	es_ES
cagado	dictionary	es_ES
calificada	dictionary	es_ES
cañas	dictionary	es_ES
cedió	dictionary	es_ES
cereal	dictionary	es_ES
chiquita	dictionary	es_ES
chistoso	dictionary	es_ES
chubut	pending	es_ES
ciclón	dictionary	es_ES
circulan	dictionary	es_ES
citan	dictionary	es_ES
clon	dictionary	es_ES
clérigos	dictionary	es_ES
cocinas	dictionary	es_ES
codicia	dictionary	es_ES
colocando	dictionary	es_ES
comandantes	dictionary	es_ES
comedias	dictionary	es_ES
compitiendo	dictionary	es_ES
comportarse	dictionary	es_ES
comprometió	dictionary	es_ES
comunales	dictionary	es_ES
comunas	dictionary	es_ES
concretar	dictionary	es_ES
condolencias	dictionary	es_ES
confort	dictionary	es_ES
confunden	dictionary	es_ES
congresistas	dictionary	es_ES
consultorio	dictionary	es_ES
contraer	dictionary	es_ES
contribuyente	dictionary	es_ES
copiado	dictionary	es_ES
correspondía	dictionary	es_ES
costará	dictionary	es_ES
cuentes	dictionary	es_ES
cuidan	dictionary	es_ES
cuñada	dictionary	es_ES
delfines	dictionary	es_ES
delicias	dictionary	es_ES
denle	dictionary	es_ES
denunciando	dictionary	es_ES
deprimente	dictionary	es_ES
desesperadamente	dictionary	es_ES
desnudas	dictionary	es_ES
despegue	dictionary	es_ES
diagrama	dictionary	es_ES
dibujante	dictionary	es_ES
dir	dictionary	es_ES
dirigieron	dictionary	es_ES
dirás	dictionary	es_ES
disimular	dictionary	es_ES
distinguen	dictionary	es_ES
divertidas	dictionary	es_ES
donantes	dictionary	es_ES
dotación	dictionary	es_ES
ejecuciones	dictionary	es_ES
elabora	dictionary	es_ES
emiten	dictionary	es_ES
enfrentamos	dictionary	es_ES
envíen	dictionary	es_ES
escapado	dictionary	es_ES
escapan	dictionary	es_ES
espectaculares	dictionary	es_ES
estratos	dictionary	es_ES
estudiosos	dictionary	es_ES
evadir	dictionary	es_ES
evaluaciones	dictionary	es_ES
evitado	dictionary	es_ES
exactos	dictionary	es_ES
exigimos	dictionary	es_ES
extremidades	dictionary	es_ES
facción	dictionary	es_ES
felizmente	dictionary	es_ES
finos	dictionary	es_ES
frijoles	dictionary	es_ES
galardón	dictionary	es_ES
ganara	dictionary	es_ES
genuino	dictionary	es_ES
gozan	dictionary	es_ES
hércules	dictionary	es_ES
húmeda	dictionary	es_ES
iluminado	dictionary	es_ES
imponente	dictionary	es_ES
independentistas	dictionary	es_ES
indiana	dictionary	es_ES
indicio	dictionary	es_ES
indudablemente	dictionary	es_ES
informante	dictionary	es_ES
interesaba	dictionary	es_ES
invitaciones	dictionary	es_ES
isbn	pending	es_ES
jugará	dictionary	es_ES
juñe	dictionary	es_ES
lama	dictionary	es_ES
lejanos	dictionary	es_ES
levantada	dictionary	es_ES
ligar	dictionary	es_ES
logotipo	dictionary	es_ES
malta	dictionary	es_ES
manufactura	dictionary	es_ES
marcaron	dictionary	es_ES
marchan	dictionary	es_ES
mentirosos	dictionary	es_ES
mientas	dictionary	es_ES
misionero	dictionary	es_ES
mobiliario	dictionary	es_ES
moderados	dictionary	es_ES
mítico	dictionary	es_ES
nitrógeno	dictionary	es_ES
notario	dictionary	es_ES
notorio	dictionary	es_ES
obligadas	dictionary	es_ES
ocde	pending	es_ES
olvidados	dictionary	es_ES
origina	dictionary	es_ES
originaria	dictionary	es_ES
pagaba	dictionary	es_ES
parió	dictionary	es_ES
pasarla	dictionary	es_ES
pasteles	dictionary	es_ES
patriarca	dictionary	es_ES
pedirte	dictionary	es_ES
pegan	dictionary	es_ES
peluquería	dictionary	es_ES
penitenciario	dictionary	es_ES
pensemos	dictionary	es_ES
pereza	dictionary	es_ES
pestañas	dictionary	es_ES
pileta	dictionary	es_ES
pioneros	dictionary	es_ES
playstation	pending	es_ES
populismo	dictionary	es_ES
predicción	dictionary	es_ES
prefirió	dictionary	es_ES
probó	dictionary	es_ES
psicológicos	dictionary	es_ES
publicas	dictionary	es_ES
publicitario	dictionary	es_ES
párrafos	dictionary	es_ES
púrpura	dictionary	es_ES
quincena	dictionary	es_ES
ramón	dictionary	es_ES
reconocimientos	dictionary	es_ES
recurre	dictionary	es_ES
reducidos	dictionary	es_ES
referidos	dictionary	es_ES
reivindicación	dictionary	es_ES
reporteros	dictionary	es_ES
rivalidad	dictionary	es_ES
riñón	dictionary	es_ES
rodeo	dictionary	es_ES
rompecabezas	dictionary	es_ES
rubros	dictionary	es_ES
ríen	dictionary	es_ES
saliente	dictionary	es_ES
salirse	dictionary	es_ES
saliva	dictionary	es_ES
sancionar	dictionary	es_ES
sentarme	dictionary	es_ES
simboliza	dictionary	es_ES
simpática	dictionary	es_ES
sobornos	dictionary	es_ES
sobrenatural	dictionary	es_ES
solano	dictionary	es_ES
sordos	dictionary	es_ES
subdirector	dictionary	es_ES
subimos	dictionary	es_ES
sublime	dictionary	es_ES
subsistencia	dictionary	es_ES
sucedieron	dictionary	es_ES
sucesivas	dictionary	es_ES
sufría	dictionary	es_ES
suicidas	dictionary	es_ES
suicidó	dictionary	es_ES
superficiales	dictionary	es_ES
sustituido	dictionary	es_ES
tajo	dictionary	es_ES
temblando	dictionary	es_ES
tomarte	dictionary	es_ES
transcurrido	dictionary	es_ES
trasladarse	dictionary	es_ES
trasplante	dictionary	es_ES
trates	dictionary	es_ES
uranio	dictionary	es_ES
vasta	dictionary	es_ES
viabilidad	dictionary	es_ES
vocero	dictionary	es_ES
zoo	dictionary	es_ES
ébola	pending	es_ES
épico	dictionary	es_ES
abstención	dictionary	es_ES
aburrimiento	dictionary	es_ES
acerque	dictionary	es_ES
acostarse	dictionary	es_ES
actúe	dictionary	es_ES
acumulada	dictionary	es_ES
adquisitivo	dictionary	es_ES
alboroto	dictionary	es_ES
ale	dictionary	es_ES
alejar	dictionary	es_ES
alertas	dictionary	es_ES
alfabeto	dictionary	es_ES
alfombras	dictionary	es_ES
alterado	dictionary	es_ES
ame	dictionary	es_ES
ami	dictionary	es_ES
anaya	pending	es_ES
angélica	dictionary	es_ES
antenas	dictionary	es_ES
aprovecho	dictionary	es_ES
apruebe	dictionary	es_ES
arica	dictionary	es_ES
asegúrate	dictionary	es_ES
autorizadas	dictionary	es_ES
ayudamos	dictionary	es_ES
bailarines	dictionary	es_ES
besa	dictionary	es_ES
boicot	dictionary	es_ES
bonaerense	dictionary	es_ES
buscará	dictionary	es_ES
carisma	dictionary	es_ES
cause	dictionary	es_ES
cavidad	dictionary	es_ES
chapo	dictionary	es_ES
chorros	dictionary	es_ES
cloro	dictionary	es_ES
cocido	dictionary	es_ES
colín	dictionary	es_ES
colocados	dictionary	es_ES
comentarista	dictionary	es_ES
complicados	dictionary	es_ES
computador	dictionary	es_ES
confección	dictionary	es_ES
confiables	dictionary	es_ES
contrarias	dictionary	es_ES
contratista	dictionary	es_ES
convenga	dictionary	es_ES
convoy	dictionary	es_ES
coronado	dictionary	es_ES
corporales	dictionary	es_ES
corridas	dictionary	es_ES
creativas	dictionary	es_ES
criticas	dictionary	es_ES
cupos	dictionary	es_ES
dance	dictionary	es_ES
derrocar	dictionary	es_ES
desenlace	dictionary	es_ES
desnutrición	dictionary	es_ES
destrozado	dictionary	es_ES
detenga	dictionary	es_ES
dificulta	dictionary	es_ES
difiere	dictionary	es_ES
dignas	dictionary	es_ES
disculpen	dictionary	es_ES
discuten	dictionary	es_ES
disparan	dictionary	es_ES
disponía	dictionary	es_ES
doblaje	dictionary	es_ES
dominó	dictionary	es_ES
echaba	dictionary	es_ES
echas	dictionary	es_ES
embarcación	dictionary	es_ES
empeorar	dictionary	es_ES
encajar	dictionary	es_ES
encantaba	dictionary	es_ES
enmiendas	dictionary	es_ES
enterrar	dictionary	es_ES
escopeta	dictionary	es_ES
esperabas	dictionary	es_ES
espiritualidad	dictionary	es_ES
establezca	dictionary	es_ES
experimentando	dictionary	es_ES
explora	dictionary	es_ES
extradición	dictionary	es_ES
extraterrestres	dictionary	es_ES
extremistas	dictionary	es_ES
fausto	dictionary	es_ES
ferro	dictionary	es_ES
fichaje	dictionary	es_ES
fijó	dictionary	es_ES
flojo	dictionary	es_ES
florentino	dictionary	es_ES
formular	dictionary	es_ES
fronterizo	dictionary	es_ES
gestación	dictionary	es_ES
gobernadora	dictionary	es_ES
gobiernan	dictionary	es_ES
guardando	dictionary	es_ES
guardería	dictionary	es_ES
guitarrista	dictionary	es_ES
iguala	dictionary	es_ES
implantar	dictionary	es_ES
implementado	dictionary	es_ES
impulsó	dictionary	es_ES
inaugura	dictionary	es_ES
indice	dictionary	es_ES
innegable	dictionary	es_ES
integrarse	dictionary	es_ES
intenten	dictionary	es_ES
intermedia	dictionary	es_ES
intermediario	dictionary	es_ES
internamente	dictionary	es_ES
interrumpido	dictionary	es_ES
involucradas	dictionary	es_ES
lego	dictionary	es_ES
liberada	dictionary	es_ES
linterna	dictionary	es_ES
loro	dictionary	es_ES
macro	dictionary	es_ES
magnético	dictionary	es_ES
marinero	dictionary	es_ES
marines	dictionary	es_ES
marroquí	dictionary	es_ES
metálicos	dictionary	es_ES
montt	pending	es_ES
moros	dictionary	es_ES
módulos	dictionary	es_ES
navaja	dictionary	es_ES
norteamericanas	dictionary	es_ES
obtenga	dictionary	es_ES
oler	dictionary	es_ES
opuestas	dictionary	es_ES
organizarse	dictionary	es_ES
padecer	dictionary	es_ES
paralelas	dictionary	es_ES
parten	dictionary	es_ES
participen	dictionary	es_ES
pasarse	dictionary	es_ES
patronal	dictionary	es_ES
periodístico	dictionary	es_ES
permanecerá	dictionary	es_ES
pesas	dictionary	es_ES
ponerlos	dictionary	es_ES
porcelana	dictionary	es_ES
potasio	dictionary	es_ES
poético	dictionary	es_ES
profecía	dictionary	es_ES
prohibidas	dictionary	es_ES
prometer	dictionary	es_ES
pronta	dictionary	es_ES
provocada	dictionary	es_ES
quemaduras	dictionary	es_ES
ratito	dictionary	es_ES
rebeldía	dictionary	es_ES
recibes	dictionary	es_ES
recibos	dictionary	es_ES
registrarse	dictionary	es_ES
relax	dictionary	es_ES
reliquias	dictionary	es_ES
rendimientos	dictionary	es_ES
represalias	dictionary	es_ES
requiera	dictionary	es_ES
respetuoso	dictionary	es_ES
respondan	dictionary	es_ES
retiraron	dictionary	es_ES
rima	dictionary	es_ES
rocha	dictionary	es_ES
rollos	dictionary	es_ES
sancionado	dictionary	es_ES
secuestrados	dictionary	es_ES
seguidamente	dictionary	es_ES
serian	dictionary	es_ES
solís	pending	es_ES
sospechosa	dictionary	es_ES
sucederá	dictionary	es_ES
sucedía	dictionary	es_ES
sufrimos	dictionary	es_ES
sumarse	dictionary	es_ES
sumisión	dictionary	es_ES
supervisar	dictionary	es_ES
suscrito	dictionary	es_ES
suspendida	dictionary	es_ES
sátira	dictionary	es_ES
tardía	dictionary	es_ES
tensa	dictionary	es_ES
terminara	dictionary	es_ES
tiraron	dictionary	es_ES
tocas	dictionary	es_ES
tours	dictionary	es_ES
traemos	dictionary	es_ES
tranquilas	dictionary	es_ES
trasfondo	dictionary	es_ES
tributario	dictionary	es_ES
táchira	pending	es_ES
tímido	dictionary	es_ES
tópicos	dictionary	es_ES
utilicen	dictionary	es_ES
vainilla	dictionary	es_ES
valentina	dictionary	es_ES
vasca	dictionary	es_ES
vencida	dictionary	es_ES
violó	dictionary	es_ES
vosotras	dictionary	es_ES
yerno	dictionary	es_ES
átomos	dictionary	es_ES
abuelas	dictionary	es_ES
acaben	dictionary	es_ES
acusando	dictionary	es_ES
adjetivo	dictionary	es_ES
agregan	dictionary	es_ES
agresividad	dictionary	es_ES
amablemente	dictionary	es_ES
amplía	dictionary	es_ES
anotaciones	dictionary	es_ES
aportó	dictionary	es_ES
aproxima	dictionary	es_ES
aras	dictionary	es_ES
arrestar	dictionary	es_ES
asesora	dictionary	es_ES
asigna	dictionary	es_ES
aspiración	dictionary	es_ES
aspirante	dictionary	es_ES
astronomía	dictionary	es_ES
asustada	dictionary	es_ES
atribuyen	dictionary	es_ES
ayacucho	pending	es_ES
ayudaba	dictionary	es_ES
batido	dictionary	es_ES
blusa	dictionary	es_ES
bulto	dictionary	es_ES
burbujas	dictionary	es_ES
cala	dictionary	es_ES
capitanes	dictionary	es_ES
castañeda	pending	es_ES
castiga	dictionary	es_ES
casualmente	dictionary	es_ES
causadas	dictionary	es_ES
celo	dictionary	es_ES
celta	dictionary	es_ES
cerco	dictionary	es_ES
cerda	dictionary	es_ES
chismes	dictionary	es_ES
chocar	dictionary	es_ES
circunscripción	dictionary	es_ES
colocada	dictionary	es_ES
comentaristas	dictionary	es_ES
cometieron	dictionary	es_ES
comunitarias	dictionary	es_ES
concurrencia	dictionary	es_ES
conocerla	dictionary	es_ES
contarte	dictionary	es_ES
contingente	dictionary	es_ES
controlando	dictionary	es_ES
crecientes	dictionary	es_ES
cumplía	dictionary	es_ES
darían	dictionary	es_ES
deberías	dictionary	es_ES
dedicaron	dictionary	es_ES
demolición	dictionary	es_ES
deprimido	dictionary	es_ES
desalojo	dictionary	es_ES
desembarco	dictionary	es_ES
despejado	dictionary	es_ES
detrimento	dictionary	es_ES
dictado	dictionary	es_ES
dirigiéndose	dictionary	es_ES
disidentes	dictionary	es_ES
dominan	dictionary	es_ES
dona	dictionary	es_ES
elijo	dictionary	es_ES
eliminatorias	dictionary	es_ES
emotivo	dictionary	es_ES
enemiga	dictionary	es_ES
ensenada	dictionary	es_ES
enseñarle	dictionary	es_ES
enterrados	dictionary	es_ES
enviadas	dictionary	es_ES
esconderse	dictionary	es_ES
escondidos	dictionary	es_ES
esperarse	dictionary	es_ES
estadísticos	dictionary	es_ES
evitan	dictionary	es_ES
expresando	dictionary	es_ES
extraordinarios	dictionary	es_ES
faltando	dictionary	es_ES
favorecen	dictionary	es_ES
festejo	dictionary	es_ES
filosófico	dictionary	es_ES
fiscalización	dictionary	es_ES
formidable	dictionary	es_ES
fuñes	dictionary	es_ES
fósforo	dictionary	es_ES
ganada	dictionary	es_ES
gordas	dictionary	es_ES
graciosos	dictionary	es_ES
guerrillero	dictionary	es_ES
hispanos	dictionary	es_ES
holandesa	dictionary	es_ES
ilimitado	dictionary	es_ES
imprescindibles	dictionary	es_ES
imputados	dictionary	es_ES
incorporó	dictionary	es_ES
inglesas	dictionary	es_ES
intervalos	dictionary	es_ES
intervienen	dictionary	es_ES
irán	dictionary	es_ES
jugadas	dictionary	es_ES
lanzas	dictionary	es_ES
lidia	dictionary	es_ES
limbo	dictionary	es_ES
liquidez	dictionary	es_ES
lloviendo	dictionary	es_ES
lucharon	dictionary	es_ES
mayoritario	dictionary	es_ES
metálica	dictionary	es_ES
mezclan	dictionary	es_ES
mirador	dictionary	es_ES
mismísimo	dictionary	es_ES
mostrarle	dictionary	es_ES
mudanza	dictionary	es_ES
mula	dictionary	es_ES
mundialmente	dictionary	es_ES
nicaragüense	dictionary	es_ES
nociones	dictionary	es_ES
ocular	dictionary	es_ES
ocupe	dictionary	es_ES
océanos	dictionary	es_ES
ofrenda	dictionary	es_ES
olvidaba	dictionary	es_ES
orientar	dictionary	es_ES
participe	dictionary	es_ES
pasarme	dictionary	es_ES
patrimonial	dictionary	es_ES
patrocinadores	dictionary	es_ES
patrona	dictionary	es_ES
perderte	dictionary	es_ES
perdería	dictionary	es_ES
piratería	dictionary	es_ES
piénsalo	dictionary	es_ES
planas	dictionary	es_ES
platino	dictionary	es_ES
poblada	dictionary	es_ES
posadas	dictionary	es_ES
preocuparte	dictionary	es_ES
prometen	dictionary	es_ES
pronunciamiento	dictionary	es_ES
proponiendo	dictionary	es_ES
prudencia	dictionary	es_ES
puertorriqueño	dictionary	es_ES
quemó	dictionary	es_ES
rastros	dictionary	es_ES
rebaja	dictionary	es_ES
recompensas	dictionary	es_ES
regente	dictionary	es_ES
regulan	dictionary	es_ES
renunciado	dictionary	es_ES
repetidamente	dictionary	es_ES
repuesto	dictionary	es_ES
resaca	dictionary	es_ES
restrepo	pending	es_ES
revocar	dictionary	es_ES
robarle	dictionary	es_ES
secuela	dictionary	es_ES
sentís	dictionary	es_ES
silvestres	dictionary	es_ES
sobresaliente	dictionary	es_ES
sobreviviente	dictionary	es_ES
solicitan	dictionary	es_ES
solista	dictionary	es_ES
sonando	dictionary	es_ES
sugiriendo	dictionary	es_ES
supieras	dictionary	es_ES
sustituye	dictionary	es_ES
ter	dictionary	es_ES
terrazas	dictionary	es_ES
tesla	dictionary	es_ES
torrente	dictionary	es_ES
trasladados	dictionary	es_ES
trazar	dictionary	es_ES
tsunami	dictionary	es_ES
tóxica	dictionary	es_ES
urge	dictionary	es_ES
vehicular	dictionary	es_ES
vencidos	dictionary	es_ES
vendida	dictionary	es_ES
ventanilla	dictionary	es_ES
vitaminas	dictionary	es_ES
vísperas	dictionary	es_ES
zavala	pending	es_ES
acabaría	dictionary	es_ES
aceptadas	dictionary	es_ES
adquiriendo	dictionary	es_ES
afluencia	dictionary	es_ES
agresivos	dictionary	es_ES
agro	dictionary	es_ES
alameda	dictionary	es_ES
aparcamiento	dictionary	es_ES
arrastra	dictionary	es_ES
arrepentimiento	dictionary	es_ES
aseo	dictionary	es_ES
asignaturas	dictionary	es_ES
ateos	dictionary	es_ES
atraen	dictionary	es_ES
atribuciones	dictionary	es_ES
atroz	dictionary	es_ES
ausentes	dictionary	es_ES
autismo	dictionary	es_ES
bajón	dictionary	es_ES
barros	dictionary	es_ES
beneficiados	dictionary	es_ES
beneficiarse	dictionary	es_ES
brillar	dictionary	es_ES
budista	dictionary	es_ES
burlarse	dictionary	es_ES
cague	dictionary	es_ES
calculado	dictionary	es_ES
calvario	dictionary	es_ES
casadas	dictionary	es_ES
cautiverio	dictionary	es_ES
chivas	dictionary	es_ES
chota	dictionary	es_ES
cito	dictionary	es_ES
claustro	dictionary	es_ES
clubs	dictionary	es_ES
coincidiendo	dictionary	es_ES
colombianas	dictionary	es_ES
combustión	dictionary	es_ES
complace	dictionary	es_ES
comprarlo	dictionary	es_ES
compás	dictionary	es_ES
concedida	dictionary	es_ES
conquistadores	dictionary	es_ES
consignas	dictionary	es_ES
consolas	dictionary	es_ES
constructores	dictionary	es_ES
consultora	dictionary	es_ES
contagio	dictionary	es_ES
contaminantes	dictionary	es_ES
convertida	dictionary	es_ES
cordura	dictionary	es_ES
coreana	dictionary	es_ES
cotidianas	dictionary	es_ES
creadora	dictionary	es_ES
cuadrada	dictionary	es_ES
cumplirá	dictionary	es_ES
decidan	dictionary	es_ES
deficiencia	dictionary	es_ES
dejaremos	dictionary	es_ES
descuido	dictionary	es_ES
desempeñado	dictionary	es_ES
designa	dictionary	es_ES
desplazados	dictionary	es_ES
detenciones	dictionary	es_ES
discreta	dictionary	es_ES
divisa	dictionary	es_ES
dolió	dictionary	es_ES
educados	dictionary	es_ES
egipcia	dictionary	es_ES
emplazamiento	dictionary	es_ES
endeudamiento	dictionary	es_ES
enfoca	dictionary	es_ES
entenderse	dictionary	es_ES
equivocadas	dictionary	es_ES
equivocas	dictionary	es_ES
ermita	dictionary	es_ES
erudito	dictionary	es_ES
espantoso	dictionary	es_ES
esposos	dictionary	es_ES
estanque	dictionary	es_ES
estudié	dictionary	es_ES
estímulos	dictionary	es_ES
excluye	dictionary	es_ES
exigía	dictionary	es_ES
explicaron	dictionary	es_ES
explorador	dictionary	es_ES
explícita	dictionary	es_ES
expropiación	dictionary	es_ES
fabricados	dictionary	es_ES
falcón	dictionary	es_ES
ferry	dictionary	es_ES
fijan	dictionary	es_ES
filosófica	dictionary	es_ES
flotante	dictionary	es_ES
fluidos	dictionary	es_ES
formarse	dictionary	es_ES
funcionalidad	dictionary	es_ES
ganaría	dictionary	es_ES
gastando	dictionary	es_ES
ge	dictionary	es_ES
gerentes	dictionary	es_ES
gilbert	dictionary	es_ES
gozo	dictionary	es_ES
grosero	dictionary	es_ES
guerrillas	dictionary	es_ES
haciéndole	dictionary	es_ES
hechizo	dictionary	es_ES
helada	dictionary	es_ES
heladera	dictionary	es_ES
hermanito	dictionary	es_ES
huido	dictionary	es_ES
ideológicas	dictionary	es_ES
imaginan	dictionary	es_ES
impida	dictionary	es_ES
imss	pending	es_ES
inexplicable	dictionary	es_ES
informales	dictionary	es_ES
ingrediente	dictionary	es_ES
innovadoras	dictionary	es_ES
inseguro	dictionary	es_ES
instalados	dictionary	es_ES
intentes	dictionary	es_ES
interferir	dictionary	es_ES
laburo	pending	es_ES
lotes	dictionary	es_ES
madrileña	dictionary	es_ES
mantenemos	dictionary	es_ES
mantengo	dictionary	es_ES
manía	dictionary	es_ES
maquinas	dictionary	es_ES
matarme	dictionary	es_ES
mayúsculas	dictionary	es_ES
mermelada	dictionary	es_ES
motín	dictionary	es_ES
mudar	dictionary	es_ES
obedece	dictionary	es_ES
oficialismo	dictionary	es_ES
olvidaron	dictionary	es_ES
olvidaré	dictionary	es_ES
olvídate	dictionary	es_ES
opcional	dictionary	es_ES
paleta	dictionary	es_ES
palomitas	dictionary	es_ES
patriarcal	dictionary	es_ES
patriótico	dictionary	es_ES
peluche	dictionary	es_ES
penetrar	dictionary	es_ES
pensadores	dictionary	es_ES
permitiera	dictionary	es_ES
persiste	dictionary	es_ES
polarización	dictionary	es_ES
polos	dictionary	es_ES
porvenir	dictionary	es_ES
presidido	dictionary	es_ES
prestados	dictionary	es_ES
primarios	dictionary	es_ES
principado	dictionary	es_ES
proporcionó	dictionary	es_ES
pum	dictionary	es_ES
quemados	dictionary	es_ES
quinientos	dictionary	es_ES
recibían	dictionary	es_ES
recogidas	dictionary	es_ES
recomendamos	dictionary	es_ES
recortar	dictionary	es_ES
recupere	dictionary	es_ES
regulado	dictionary	es_ES
renovada	dictionary	es_ES
requería	dictionary	es_ES
reservar	dictionary	es_ES
restringida	dictionary	es_ES
resultará	dictionary	es_ES
retirados	dictionary	es_ES
rigen	dictionary	es_ES
rindo	dictionary	es_ES
salí	dictionary	es_ES
saliste	dictionary	es_ES
seleccionadas	dictionary	es_ES
sellado	dictionary	es_ES
semifinal	dictionary	es_ES
sensato	dictionary	es_ES
sentían	dictionary	es_ES
sermón	dictionary	es_ES
severas	dictionary	es_ES
señalaron	dictionary	es_ES
simultánea	dictionary	es_ES
soberanos	dictionary	es_ES
sobrinos	dictionary	es_ES
subjetivo	dictionary	es_ES
supieran	dictionary	es_ES
suposición	dictionary	es_ES
terminaría	dictionary	es_ES
tomemos	dictionary	es_ES
traba	dictionary	es_ES
tragos	dictionary	es_ES
traza	dictionary	es_ES
tubería	dictionary	es_ES
turbo	dictionary	es_ES
turísticas	dictionary	es_ES
tuviéramos	dictionary	es_ES
uf	dictionary	es_ES
vieran	dictionary	es_ES
zócalo	dictionary	es_ES
abandonando	dictionary	es_ES
abdominal	dictionary	es_ES
aceptados	dictionary	es_ES
acepten	dictionary	es_ES
acordé	dictionary	es_ES
adelantó	dictionary	es_ES
advierten	dictionary	es_ES
afectará	dictionary	es_ES
afortunada	dictionary	es_ES
agarran	dictionary	es_ES
alegrías	dictionary	es_ES
algoritmos	dictionary	es_ES
amargura	dictionary	es_ES
aportado	dictionary	es_ES
apreciado	dictionary	es_ES
apropiados	dictionary	es_ES
arqueológicos	dictionary	es_ES
arrastrado	dictionary	es_ES
arroyos	dictionary	es_ES
arterias	dictionary	es_ES
artesanía	dictionary	es_ES
asignar	dictionary	es_ES
asustar	dictionary	es_ES
audios	dictionary	es_ES
aval	dictionary	es_ES
bailarín	dictionary	es_ES
bata	dictionary	es_ES
beba	dictionary	es_ES
beneficiario	dictionary	es_ES
beneficioso	dictionary	es_ES
buscarla	dictionary	es_ES
cabañas	dictionary	es_ES
calcetines	dictionary	es_ES
canceló	dictionary	es_ES
cataratas	dictionary	es_ES
civilizado	dictionary	es_ES
clasifica	dictionary	es_ES
clavos	dictionary	es_ES
cocinando	dictionary	es_ES
colisión	dictionary	es_ES
comodoro	dictionary	es_ES
compartan	dictionary	es_ES
compatriota	dictionary	es_ES
compren	dictionary	es_ES
condenas	dictionary	es_ES
condones	dictionary	es_ES
conectan	dictionary	es_ES
confusa	dictionary	es_ES
conocernos	dictionary	es_ES
consisten	dictionary	es_ES
corro	dictionary	es_ES
creces	dictionary	es_ES
culminó	dictionary	es_ES
cuídate	dictionary	es_ES
célebres	dictionary	es_ES
dejad	dictionary	es_ES
demandante	dictionary	es_ES
demencia	dictionary	es_ES
demostraciones	dictionary	es_ES
depositar	dictionary	es_ES
descubiertos	dictionary	es_ES
deseada	dictionary	es_ES
desempleados	dictionary	es_ES
diligencia	dictionary	es_ES
discrepancias	dictionary	es_ES
dual	dictionary	es_ES
enanos	dictionary	es_ES
encendida	dictionary	es_ES
enigma	dictionary	es_ES
entendieron	dictionary	es_ES
entrañas	dictionary	es_ES
entrego	dictionary	es_ES
escalones	dictionary	es_ES
escalón	dictionary	es_ES
escribiste	dictionary	es_ES
especulaciones	dictionary	es_ES
esperábamos	dictionary	es_ES
evacuar	dictionary	es_ES
experimentó	dictionary	es_ES
fallece	dictionary	es_ES
faltaban	dictionary	es_ES
filtrado	dictionary	es_ES
filtrar	dictionary	es_ES
finalización	dictionary	es_ES
flotando	dictionary	es_ES
formularios	dictionary	es_ES
gentil	dictionary	es_ES
gigantesco	dictionary	es_ES
guionista	dictionary	es_ES
hindú	dictionary	es_ES
huyen	dictionary	es_ES
híbrido	dictionary	es_ES
ignorado	dictionary	es_ES
ignoro	dictionary	es_ES
igualar	dictionary	es_ES
ilumina	dictionary	es_ES
incluyeron	dictionary	es_ES
indefinido	dictionary	es_ES
influido	dictionary	es_ES
innecesaria	dictionary	es_ES
insomnio	dictionary	es_ES
instintos	dictionary	es_ES
insular	dictionary	es_ES
inédito	dictionary	es_ES
juniors	dictionary	es_ES
llames	dictionary	es_ES
lloro	dictionary	es_ES
localmente	dictionary	es_ES
magisterio	dictionary	es_ES
magistral	dictionary	es_ES
mamás	dictionary	es_ES
marchando	dictionary	es_ES
mayoritaria	dictionary	es_ES
mecánicas	dictionary	es_ES
medianas	dictionary	es_ES
mentirosa	dictionary	es_ES
mitin	dictionary	es_ES
modas	dictionary	es_ES
molecular	dictionary	es_ES
molestos	dictionary	es_ES
molestó	dictionary	es_ES
mostaza	dictionary	es_ES
movía	dictionary	es_ES
muelles	dictionary	es_ES
mágicas	dictionary	es_ES
nenes	dictionary	es_ES
obvias	dictionary	es_ES
ocampo	pending	es_ES
oleada	dictionary	es_ES
ombligo	dictionary	es_ES
otero	dictionary	es_ES
pagada	dictionary	es_ES
pagaría	dictionary	es_ES
panes	dictionary	es_ES
peatonal	dictionary	es_ES
pedirles	dictionary	es_ES
pedirá	dictionary	es_ES
perdono	dictionary	es_ES
pesimista	dictionary	es_ES
pianista	dictionary	es_ES
planean	dictionary	es_ES
planteamientos	dictionary	es_ES
poblacional	dictionary	es_ES
potentes	dictionary	es_ES
premiado	dictionary	es_ES
prendió	dictionary	es_ES
preocupen	dictionary	es_ES
prescripción	dictionary	es_ES
presionando	dictionary	es_ES
priori	dictionary	es_ES
privilegiados	dictionary	es_ES
probé	dictionary	es_ES
productoras	dictionary	es_ES
producía	dictionary	es_ES
profesionalismo	dictionary	es_ES
prometieron	dictionary	es_ES
prometí	dictionary	es_ES
protagonizada	dictionary	es_ES
provocación	dictionary	es_ES
quejo	dictionary	es_ES
radiante	dictionary	es_ES
recae	dictionary	es_ES
recurrentes	dictionary	es_ES
repleto	dictionary	es_ES
represente	dictionary	es_ES
residen	dictionary	es_ES
respectiva	dictionary	es_ES
reventar	dictionary	es_ES
rezando	dictionary	es_ES
riñones	dictionary	es_ES
ría	dictionary	es_ES
semejanza	dictionary	es_ES
señoritas	dictionary	es_ES
sistemático	dictionary	es_ES
soltó	dictionary	es_ES
sor	dictionary	es_ES
sostenía	dictionary	es_ES
sueca	dictionary	es_ES
sueltas	dictionary	es_ES
sufra	dictionary	es_ES
susceptibles	dictionary	es_ES
tardado	dictionary	es_ES
titula	dictionary	es_ES
tomarán	dictionary	es_ES
topo	dictionary	es_ES
tratará	dictionary	es_ES
tutorial	dictionary	es_ES
utilizaba	dictionary	es_ES
uña	dictionary	es_ES
valorado	dictionary	es_ES
vaqueros	dictionary	es_ES
vertiente	dictionary	es_ES
vicario	dictionary	es_ES
vid	dictionary	es_ES
vinilo	dictionary	es_ES
virtualmente	dictionary	es_ES
visitaron	dictionary	es_ES
visualizar	dictionary	es_ES
xenofobia	dictionary	es_ES
yace	dictionary	es_ES
zumo	dictionary	es_ES
acompañadas	dictionary	es_ES
acreditación	dictionary	es_ES
agradeció	dictionary	es_ES
alumbrado	dictionary	es_ES
anchas	dictionary	es_ES
andamos	dictionary	es_ES
angular	dictionary	es_ES
aparta	dictionary	es_ES
aprendemos	dictionary	es_ES
aprendieron	dictionary	es_ES
arrastrar	dictionary	es_ES
atraviesan	dictionary	es_ES
azufre	dictionary	es_ES
balcones	dictionary	es_ES
biológicas	dictionary	es_ES
birra	dictionary	es_ES
británicas	dictionary	es_ES
caído	dictionary	es_ES
cállate	dictionary	es_ES
campeonatos	dictionary	es_ES
captación	dictionary	es_ES
carencias	dictionary	es_ES
carpintero	dictionary	es_ES
cede	dictionary	es_ES
celebridad	dictionary	es_ES
centró	dictionary	es_ES
certificaciones	dictionary	es_ES
cesta	dictionary	es_ES
chivo	dictionary	es_ES
chocolates	dictionary	es_ES
cicatriz	dictionary	es_ES
cilindro	dictionary	es_ES
clínicos	dictionary	es_ES
cobardía	dictionary	es_ES
cofradía	dictionary	es_ES
compilación	dictionary	es_ES
complacer	dictionary	es_ES
comprometer	dictionary	es_ES
confiamos	dictionary	es_ES
constructiva	dictionary	es_ES
contraloría	pending	es_ES
controladas	dictionary	es_ES
convertirlo	dictionary	es_ES
cortometraje	dictionary	es_ES
cositas	pending	es_ES
cultos	dictionary	es_ES
cínico	dictionary	es_ES
defendía	dictionary	es_ES
delfín	dictionary	es_ES
democracias	dictionary	es_ES
desactivar	dictionary	es_ES
descifrar	dictionary	es_ES
descritos	dictionary	es_ES
deshacer	dictionary	es_ES
desobediencia	dictionary	es_ES
despegar	dictionary	es_ES
diagonal	dictionary	es_ES
dirían	dictionary	es_ES
diseñó	dictionary	es_ES
distribuidor	dictionary	es_ES
doctoral	dictionary	es_ES
duermes	dictionary	es_ES
eclesiástica	dictionary	es_ES
efectuado	dictionary	es_ES
emblema	dictionary	es_ES
encarar	dictionary	es_ES
entrenados	dictionary	es_ES
envuelta	dictionary	es_ES
escaño	dictionary	es_ES
escepticismo	dictionary	es_ES
estratégicas	dictionary	es_ES
estudie	dictionary	es_ES
evitó	dictionary	es_ES
exhibe	dictionary	es_ES
expediciones	dictionary	es_ES
experimentales	dictionary	es_ES
explícito	dictionary	es_ES
extractos	dictionary	es_ES
filtración	dictionary	es_ES
fluidez	dictionary	es_ES
formen	dictionary	es_ES
fundido	dictionary	es_ES
garra	dictionary	es_ES
gastó	dictionary	es_ES
generalidad	dictionary	es_ES
genere	dictionary	es_ES
genérica	dictionary	es_ES
gestor	dictionary	es_ES
girando	dictionary	es_ES
gloriosa	dictionary	es_ES
gobernó	dictionary	es_ES
gorila	dictionary	es_ES
grieta	dictionary	es_ES
grietas	dictionary	es_ES
guante	dictionary	es_ES
hipotecas	dictionary	es_ES
hostiles	dictionary	es_ES
imparcialidad	dictionary	es_ES
impedimento	dictionary	es_ES
imperativo	dictionary	es_ES
indicaba	dictionary	es_ES
indignado	dictionary	es_ES
inercia	dictionary	es_ES
informarse	dictionary	es_ES
inspectores	dictionary	es_ES
investigue	dictionary	es_ES
jinetes	dictionary	es_ES
juliana	dictionary	es_ES
justificada	dictionary	es_ES
justifican	dictionary	es_ES
lechuga	dictionary	es_ES
lineamientos	dictionary	es_ES
lingüístico	dictionary	es_ES
luchamos	dictionary	es_ES
marginales	dictionary	es_ES
mediciones	dictionary	es_ES
meditar	dictionary	es_ES
melodías	dictionary	es_ES
mencioné	dictionary	es_ES
mercadería	dictionary	es_ES
migratorio	dictionary	es_ES
mirarlo	dictionary	es_ES
morirse	dictionary	es_ES
mostramos	dictionary	es_ES
muestren	dictionary	es_ES
nacionalización	dictionary	es_ES
naciste	dictionary	es_ES
nativas	dictionary	es_ES
nominados	dictionary	es_ES
obtenidas	dictionary	es_ES
ocasional	dictionary	es_ES
ocupaciones	dictionary	es_ES
opus	dictionary	es_ES
ora	dictionary	es_ES
orador	dictionary	es_ES
ostenta	dictionary	es_ES
pagué	dictionary	es_ES
patata	dictionary	es_ES
patios	dictionary	es_ES
patos	dictionary	es_ES
pegando	dictionary	es_ES
perfumes	dictionary	es_ES
perseverancia	dictionary	es_ES
perverso	dictionary	es_ES
pillado	dictionary	es_ES
pintan	dictionary	es_ES
pirámides	dictionary	es_ES
plenitud	dictionary	es_ES
pontificia	dictionary	es_ES
precipitación	dictionary	es_ES
predicador	dictionary	es_ES
prefecto	dictionary	es_ES
preferentemente	dictionary	es_ES
preguntarte	dictionary	es_ES
preocupaba	dictionary	es_ES
presten	dictionary	es_ES
problemáticas	dictionary	es_ES
progresar	dictionary	es_ES
prohíbe	dictionary	es_ES
proporcionando	dictionary	es_ES
puma	dictionary	es_ES
quitas	dictionary	es_ES
reconocerlo	dictionary	es_ES
regidores	dictionary	es_ES
repentino	dictionary	es_ES
reproducciones	dictionary	es_ES
rezo	dictionary	es_ES
rinden	dictionary	es_ES
románticos	dictionary	es_ES
rotura	dictionary	es_ES
sacarla	dictionary	es_ES
sacos	dictionary	es_ES
salmón	dictionary	es_ES
saltillo	pending	es_ES
satisfecha	dictionary	es_ES
senderos	dictionary	es_ES
sintonía	dictionary	es_ES
sonriente	dictionary	es_ES
subraya	dictionary	es_ES
suciedad	dictionary	es_ES
suicidios	dictionary	es_ES
sultán	dictionary	es_ES
superintendencia	dictionary	es_ES
tarado	dictionary	es_ES
típico	dictionary	es_ES
toallas	dictionary	es_ES
torreón	dictionary	es_ES
traficantes	dictionary	es_ES
tuberías	dictionary	es_ES
tímida	dictionary	es_ES
utilizamos	dictionary	es_ES
vagón	dictionary	es_ES
varas	dictionary	es_ES
veto	dictionary	es_ES
vigilantes	dictionary	es_ES
visten	dictionary	es_ES
vita	dictionary	es_ES
voluntariado	dictionary	es_ES
vzla	pending	es_ES
válidas	dictionary	es_ES
abasto	dictionary	es_ES
abstenerse	dictionary	es_ES
acreditar	dictionary	es_ES
acumula	dictionary	es_ES
adelgazar	dictionary	es_ES
adónde	dictionary	es_ES
agrario	dictionary	es_ES
ahogado	dictionary	es_ES
alcanzaba	dictionary	es_ES
alcázar	dictionary	es_ES
allanamiento	dictionary	es_ES
altera	dictionary	es_ES
alumna	dictionary	es_ES
analítica	dictionary	es_ES
animó	dictionary	es_ES
apropiadas	dictionary	es_ES
aprovecharse	dictionary	es_ES
arcas	dictionary	es_ES
atravesado	dictionary	es_ES
autonómico	dictionary	es_ES
autorizar	dictionary	es_ES
avanzan	dictionary	es_ES
bancas	dictionary	es_ES
banquero	dictionary	es_ES
barbacoa	dictionary	es_ES
basílica	dictionary	es_ES
bloqueos	dictionary	es_ES
boludos	pending	es_ES
brujería	dictionary	es_ES
brutos	dictionary	es_ES
bu	dictionary	es_ES
buenísima	dictionary	es_ES
cana	dictionary	es_ES
cancela	dictionary	es_ES
capacitado	dictionary	es_ES
caprichos	dictionary	es_ES
característicos	dictionary	es_ES
castigados	dictionary	es_ES
causante	dictionary	es_ES
cilindros	dictionary	es_ES
cisneros	pending	es_ES
colesterol	dictionary	es_ES
comprarle	dictionary	es_ES
comprobación	dictionary	es_ES
compu	pending	es_ES
comunican	dictionary	es_ES
concentran	dictionary	es_ES
conquistador	dictionary	es_ES
consecuentemente	dictionary	es_ES
constituyentes	dictionary	es_ES
consumido	dictionary	es_ES
contradice	dictionary	es_ES
contraseñas	dictionary	es_ES
convocados	dictionary	es_ES
corrieron	dictionary	es_ES
cruzadas	dictionary	es_ES
cuauhtémoc	pending	es_ES
cuidadoso	dictionary	es_ES
curado	dictionary	es_ES
daña	dictionary	es_ES
decepcionante	dictionary	es_ES
demográfico	dictionary	es_ES
derrumbe	dictionary	es_ES
descarta	dictionary	es_ES
desilusión	dictionary	es_ES
despejar	dictionary	es_ES
detecta	dictionary	es_ES
devuelva	dictionary	es_ES
devuelvan	dictionary	es_ES
dictadores	dictionary	es_ES
directivas	dictionary	es_ES
disminuyó	dictionary	es_ES
disputado	dictionary	es_ES
distinciones	dictionary	es_ES
dominicanos	dictionary	es_ES
dormitorios	dictionary	es_ES
dotar	dictionary	es_ES
dudoso	dictionary	es_ES
duradera	dictionary	es_ES
eliminada	dictionary	es_ES
eludir	dictionary	es_ES
enteramos	dictionary	es_ES
envases	dictionary	es_ES
envejecimiento	dictionary	es_ES
equivoque	dictionary	es_ES
escocés	dictionary	es_ES
escribimos	dictionary	es_ES
esparta	dictionary	es_ES
especificar	dictionary	es_ES
estimó	dictionary	es_ES
estrechos	dictionary	es_ES
estufa	dictionary	es_ES
excluir	dictionary	es_ES
exclusivas	dictionary	es_ES
extraterrestre	dictionary	es_ES
fabuloso	dictionary	es_ES
felicitar	dictionary	es_ES
fenomenal	dictionary	es_ES
formadas	dictionary	es_ES
forme	dictionary	es_ES
fosas	dictionary	es_ES
fracasar	dictionary	es_ES
funcionará	dictionary	es_ES
gallega	dictionary	es_ES
gallos	dictionary	es_ES
garrido	dictionary	es_ES
generados	dictionary	es_ES
generalitat	pending	es_ES
guardaespaldas	dictionary	es_ES
habremos	dictionary	es_ES
hacían	dictionary	es_ES
hundió	dictionary	es_ES
identificarse	dictionary	es_ES
imponerse	dictionary	es_ES
incompleta	dictionary	es_ES
incorporarse	dictionary	es_ES
incrementó	dictionary	es_ES
inflamación	dictionary	es_ES
inherente	dictionary	es_ES
inmaculada	dictionary	es_ES
insisten	dictionary	es_ES
inspirados	dictionary	es_ES
intacto	dictionary	es_ES
inventor	dictionary	es_ES
jaque	dictionary	es_ES
jinete	dictionary	es_ES
jubilaciones	dictionary	es_ES
judías	dictionary	es_ES
lamentar	dictionary	es_ES
llene	dictionary	es_ES
locuras	dictionary	es_ES
machete	dictionary	es_ES
mahoma	pending	es_ES
malla	dictionary	es_ES
mamadas	dictionary	es_ES
mayorías	dictionary	es_ES
medievales	dictionary	es_ES
mentor	dictionary	es_ES
morder	dictionary	es_ES
movilizar	dictionary	es_ES
muerde	dictionary	es_ES
mística	dictionary	es_ES
natalidad	dictionary	es_ES
neutro	dictionary	es_ES
nocturnas	dictionary	es_ES
nominaciones	dictionary	es_ES
normalización	dictionary	es_ES
numerosa	dictionary	es_ES
obregón	pending	es_ES
olvidada	dictionary	es_ES
olvidaste	dictionary	es_ES
oporto	pending	es_ES
orar	dictionary	es_ES
pachuca	pending	es_ES
pamela	dictionary	es_ES
parroquias	dictionary	es_ES
parásito	dictionary	es_ES
patriarcado	dictionary	es_ES
pavimento	dictionary	es_ES
pelis	dictionary	es_ES
pelotón	dictionary	es_ES
penoso	dictionary	es_ES
pensaste	dictionary	es_ES
percepciones	dictionary	es_ES
permitirse	dictionary	es_ES
pezones	dictionary	es_ES
pineda	dictionary	es_ES
pintados	dictionary	es_ES
pinzas	dictionary	es_ES
pizca	dictionary	es_ES
podrida	dictionary	es_ES
ponencia	dictionary	es_ES
practicas	dictionary	es_ES
preferente	dictionary	es_ES
prefería	dictionary	es_ES
preocupar	dictionary	es_ES
presencial	dictionary	es_ES
presentaban	dictionary	es_ES
presidida	dictionary	es_ES
pretensión	dictionary	es_ES
primeramente	dictionary	es_ES
princesas	dictionary	es_ES
produzcan	dictionary	es_ES
programadores	dictionary	es_ES
proponemos	dictionary	es_ES
proporcionada	dictionary	es_ES
protestante	dictionary	es_ES
psicoanálisis	dictionary	es_ES
pulsera	dictionary	es_ES
querrá	dictionary	es_ES
quisiéramos	dictionary	es_ES
redención	dictionary	es_ES
reja	dictionary	es_ES
relacionarse	dictionary	es_ES
representaban	dictionary	es_ES
respondía	dictionary	es_ES
resuelven	dictionary	es_ES
rosada	dictionary	es_ES
récords	dictionary	es_ES
sagradas	dictionary	es_ES
sanguíneo	dictionary	es_ES
selectiva	dictionary	es_ES
sentenciado	dictionary	es_ES
sesgo	dictionary	es_ES
severamente	dictionary	es_ES
señorío	dictionary	es_ES
signifique	dictionary	es_ES
similitud	dictionary	es_ES
sintieron	dictionary	es_ES
sobredosis	dictionary	es_ES
sobreviven	dictionary	es_ES
soler	dictionary	es_ES
solidarios	dictionary	es_ES
sostenida	dictionary	es_ES
sólidas	dictionary	es_ES
temuco	pending	es_ES
teta	dictionary	es_ES
tornado	dictionary	es_ES
traicionado	dictionary	es_ES
tramitación	dictionary	es_ES
trance	dictionary	es_ES
transformarse	dictionary	es_ES
tranvía	dictionary	es_ES
trasladaron	dictionary	es_ES
trescientos	dictionary	es_ES
trueno	dictionary	es_ES
ultramar	dictionary	es_ES
usarlos	dictionary	es_ES
varsovia	pending	es_ES
veinticuatro	dictionary	es_ES
vendidas	dictionary	es_ES
viajo	dictionary	es_ES
vicioso	dictionary	es_ES
volantes	dictionary	es_ES
abortar	dictionary	es_ES
abraza	dictionary	es_ES
absurdas	dictionary	es_ES
adapta	dictionary	es_ES
adaptada	dictionary	es_ES
adjunta	dictionary	es_ES
adoptando	dictionary	es_ES
agotamiento	dictionary	es_ES
agregados	dictionary	es_ES
agricultor	dictionary	es_ES
alarmante	dictionary	es_ES
alfabetización	dictionary	es_ES
apasionada	dictionary	es_ES
apego	dictionary	es_ES
aplaudir	dictionary	es_ES
aprecian	dictionary	es_ES
apretado	dictionary	es_ES
aptitud	dictionary	es_ES
argumentar	dictionary	es_ES
artesanales	dictionary	es_ES
ascendente	dictionary	es_ES
asistencias	dictionary	es_ES
atrocidades	dictionary	es_ES
autonómicas	dictionary	es_ES
autoritarismo	dictionary	es_ES
auxilios	dictionary	es_ES
ayudantes	dictionary	es_ES
bautizado	dictionary	es_ES
bikini	dictionary	es_ES
bonilla	pending	es_ES
borracha	dictionary	es_ES
caerá	dictionary	es_ES
cajones	dictionary	es_ES
callados	dictionary	es_ES
cambies	dictionary	es_ES
caminan	dictionary	es_ES
castas	dictionary	es_ES
cerebrales	dictionary	es_ES
cierro	dictionary	es_ES
cinematográfico	dictionary	es_ES
clasificada	dictionary	es_ES
climas	dictionary	es_ES
coincidió	dictionary	es_ES
coja	dictionary	es_ES
colocaron	dictionary	es_ES
combinada	dictionary	es_ES
compite	dictionary	es_ES
complutense	dictionary	es_ES
comunicados	dictionary	es_ES
condón	dictionary	es_ES
conectarse	dictionary	es_ES
conquistas	dictionary	es_ES
consagrado	dictionary	es_ES
consecutiva	dictionary	es_ES
considerarlo	dictionary	es_ES
contorno	dictionary	es_ES
contracción	dictionary	es_ES
cosita	pending	es_ES
cota	dictionary	es_ES
coña	pending	es_ES
criminalidad	dictionary	es_ES
cuantía	dictionary	es_ES
culturalmente	dictionary	es_ES
curro	dictionary	es_ES
deberás	dictionary	es_ES
debiendo	dictionary	es_ES
decidirá	dictionary	es_ES
dedicaba	dictionary	es_ES
demarcación	dictionary	es_ES
democráticamente	dictionary	es_ES
denota	dictionary	es_ES
depto	dictionary	es_ES
derivan	dictionary	es_ES
descubra	dictionary	es_ES
despachos	dictionary	es_ES
despide	dictionary	es_ES
detengan	dictionary	es_ES
diciéndome	dictionary	es_ES
difieren	dictionary	es_ES
dique	dictionary	es_ES
diseñadora	dictionary	es_ES
disputar	dictionary	es_ES
distribuyen	dictionary	es_ES
divididas	dictionary	es_ES
divierte	dictionary	es_ES
elche	dictionary	es_ES
enamoró	dictionary	es_ES
encantados	dictionary	es_ES
enfocada	dictionary	es_ES
engaños	dictionary	es_ES
enseñarles	dictionary	es_ES
enterarme	dictionary	es_ES
entregará	dictionary	es_ES
escultor	dictionary	es_ES
estancamiento	dictionary	es_ES
estará	dictionary	es_ES
etnias	dictionary	es_ES
evalúa	dictionary	es_ES
examina	dictionary	es_ES
exijo	dictionary	es_ES
exiliado	dictionary	es_ES
exterminio	dictionary	es_ES
faceta	dictionary	es_ES
fachadas	dictionary	es_ES
falsificación	dictionary	es_ES
faz	dictionary	es_ES
ferroviario	dictionary	es_ES
finalista	dictionary	es_ES
firman	dictionary	es_ES
fría	dictionary	es_ES
furiosa	dictionary	es_ES
gaga	dictionary	es_ES
ganaderos	dictionary	es_ES
gastón	pending	es_ES
geología	dictionary	es_ES
grandiosa	dictionary	es_ES
grata	dictionary	es_ES
gringos	dictionary	es_ES
guerrera	dictionary	es_ES
guitarras	dictionary	es_ES
gustaron	dictionary	es_ES
haberlos	dictionary	es_ES
hacías	dictionary	es_ES
holandeses	dictionary	es_ES
homofobia	dictionary	es_ES
huracanes	dictionary	es_ES
ibérico	dictionary	es_ES
indulto	dictionary	es_ES
infernal	dictionary	es_ES
ingenioso	dictionary	es_ES
inmediatas	dictionary	es_ES
inquietante	dictionary	es_ES
intacta	dictionary	es_ES
intentaré	dictionary	es_ES
interesó	dictionary	es_ES
interpretada	dictionary	es_ES
interrupciones	dictionary	es_ES
jurados	dictionary	es_ES
latinoamericanas	dictionary	es_ES
legalizar	dictionary	es_ES
lesionado	dictionary	es_ES
lideres	dictionary	es_ES
llenaron	dictionary	es_ES
lucho	dictionary	es_ES
lácteos	dictionary	es_ES
lámina	dictionary	es_ES
mamíferos	dictionary	es_ES
mantas	dictionary	es_ES
matones	dictionary	es_ES
medioambiente	dictionary	es_ES
mediterránea	dictionary	es_ES
mejoran	dictionary	es_ES
merezca	dictionary	es_ES
