# CC-BANK-PURITY F2 ledger: word<TAB>verdict<TAB>source. One line per bank row, bank order.
# verdicts: dictionary | exception (signed) | pending (auditor sheet). No new row may ever enter as pending.
#tier	easy	0xBC8AE493088A110D
#tier	medium	0x1EB69B6666DB211A
#tier	hard	0x4D34C162797ABEE2
#tier	expert	0xEA7B7C94398DA657
abo	dictionary	kaikki-tagalog
alak	dictionary	kaikki-tagalog
alam	dictionary	kaikki-tagalog
alon	dictionary	kaikki-tagalog
ama	dictionary	kaikki-tagalog
anak	dictionary	kaikki-tagalog
anim	dictionary	kaikki-tagalog
apat	dictionary	kaikki-tagalog
apoy	dictionary	kaikki-tagalog
araw	dictionary	kaikki-tagalog
asin	dictionary	kaikki-tagalog
aso	dictionary	kaikki-tagalog
asukal	dictionary	kaikki-tagalog
asul	dictionary	kaikki-tagalog
awit	dictionary	kaikki-tagalog
babae	dictionary	kaikki-tagalog
baboy	dictionary	kaikki-tagalog
bago	dictionary	kaikki-tagalog
bahay	dictionary	kaikki-tagalog
bakal	dictionary	kaikki-tagalog
balat	dictionary	kaikki-tagalog
balon	dictionary	kaikki-tagalog
bangka	dictionary	kaikki-tagalog
bansa	dictionary	kaikki-tagalog
barko	dictionary	kaikki-tagalog
barya	dictionary	kaikki-tagalog
basa	dictionary	kaikki-tagalog
basagin	dictionary	kaikki-tagalog
basahin	dictionary	kaikki-tagalog
baso	dictionary	kaikki-tagalog
bata	dictionary	kaikki-tagalog
batas	dictionary	kaikki-tagalog
bato	dictionary	kaikki-tagalog
bayad	dictionary	kaikki-tagalog
bayan	dictionary	kaikki-tagalog
berde	dictionary	kaikki-tagalog
bibe	dictionary	kaikki-tagalog
bibig	dictionary	kaikki-tagalog
bilog	dictionary	kaikki-tagalog
binhi	dictionary	kaikki-tagalog
bintana	dictionary	kaikki-tagalog
binti	dictionary	kaikki-tagalog
bituin	dictionary	kaikki-tagalog
bola	dictionary	kaikki-tagalog
boses	dictionary	kaikki-tagalog
braso	dictionary	kaikki-tagalog
bubong	dictionary	kaikki-tagalog
buhay	dictionary	kaikki-tagalog
buhok	dictionary	kaikki-tagalog
bukid	dictionary	kaikki-tagalog
buksan	dictionary	kaikki-tagalog
bumili	dictionary	kaikki-tagalog
bundok	dictionary	kaikki-tagalog
burol	dictionary	kaikki-tagalog
bus	dictionary	kaikki-tagalog
buto	dictionary	kaikki-tagalog
buwan	dictionary	kaikki-tagalog
daan	dictionary	kaikki-tagalog
daga	dictionary	kaikki-tagalog
dagat	dictionary	kaikki-tagalog
dahon	dictionary	kaikki-tagalog
dalawa	dictionary	kaikki-tagalog
dalhin	dictionary	kaikki-tagalog
damo	dictionary	kaikki-tagalog
digmaan	dictionary	kaikki-tagalog
dilaw	dictionary	kaikki-tagalog
dito	dictionary	kaikki-tagalog
diyos	dictionary	kaikki-tagalog
doon	dictionary	kaikki-tagalog
dugo	dictionary	kaikki-tagalog
gabi	dictionary	kaikki-tagalog
gamot	dictionary	kaikki-tagalog
gatas	dictionary	kaikki-tagalog
gawin	dictionary	kaikki-tagalog
ginto	dictionary	kaikki-tagalog
gitna	dictionary	kaikki-tagalog
guro	dictionary	kaikki-tagalog
gusto	dictionary	kaikki-tagalog
halaman	dictionary	kaikki-tagalog
hanapin	dictionary	kaikki-tagalog
hangin	dictionary	kaikki-tagalog
harap	dictionary	kaikki-tagalog
hari	dictionary	kaikki-tagalog
hawakan	dictionary	kaikki-tagalog
hayop	dictionary	kaikki-tagalog
hilaga	dictionary	kaikki-tagalog
hilahin	pending	kaikki-tagalog
hindi	dictionary	kaikki-tagalog
hugis	dictionary	kaikki-tagalog
ibaba	dictionary	kaikki-tagalog
ibenta	dictionary	kaikki-tagalog
ibon	dictionary	kaikki-tagalog
ilaw	dictionary	kaikki-tagalog
ilog	dictionary	kaikki-tagalog
ilong	dictionary	kaikki-tagalog
ina	dictionary	kaikki-tagalog
ingay	dictionary	kaikki-tagalog
ipadala	dictionary	kaikki-tagalog
isa	dictionary	kaikki-tagalog
isara	dictionary	kaikki-tagalog
isda	dictionary	kaikki-tagalog
isip	dictionary	kaikki-tagalog
isla	dictionary	kaikki-tagalog
itaas	dictionary	kaikki-tagalog
itayo	pending	kaikki-tagalog
itim	dictionary	kaikki-tagalog
itlog	dictionary	kaikki-tagalog
itulak	dictionary	kaikki-tagalog
kabayo	dictionary	kaikki-tagalog
kadena	dictionary	kaikki-tagalog
kahon	dictionary	kaikki-tagalog
kahoy	dictionary	kaikki-tagalog
kaliwa	dictionary	kaikki-tagalog
kalye	dictionary	kaikki-tagalog
kama	dictionary	kaikki-tagalog
kamay	dictionary	kaikki-tagalog
kamera	dictionary	kaikki-tagalog
kanan	dictionary	kaikki-tagalog
kanin	dictionary	kaikki-tagalog
kapatid	dictionary	kaikki-tagalog
karne	dictionary	kaikki-tagalog
katawan	dictionary	kaikki-tagalog
klase	dictionary	kaikki-tagalog
kotse	dictionary	kaikki-tagalog
kulay	dictionary	kaikki-tagalog
kumain	dictionary	kaikki-tagalog
kunin	dictionary	kaikki-tagalog
kusina	dictionary	kaikki-tagalog
kuwarto	dictionary	kaikki-tagalog
kuwento	dictionary	kaikki-tagalog
lagi	dictionary	kaikki-tagalog
lalaki	dictionary	kaikki-tagalog
langit	dictionary	kaikki-tagalog
larawan	dictionary	kaikki-tagalog
laro	dictionary	kaikki-tagalog
lawa	dictionary	kaikki-tagalog
libo	dictionary	kaikki-tagalog
libro	dictionary	kaikki-tagalog
likod	dictionary	kaikki-tagalog
lima	dictionary	kaikki-tagalog
linggo	dictionary	kaikki-tagalog
linya	dictionary	kaikki-tagalog
liwanag	dictionary	kaikki-tagalog
lobo	dictionary	kaikki-tagalog
luma	dictionary	kaikki-tagalog
lungsod	dictionary	kaikki-tagalog
lupa	dictionary	kaikki-tagalog
mabagal	dictionary	kaikki-tagalog
mabilis	dictionary	kaikki-tagalog
mabuti	dictionary	kaikki-tagalog
madalas	dictionary	kaikki-tagalog
madali	dictionary	kaikki-tagalog
madilim	dictionary	kaikki-tagalog
mahaba	dictionary	kaikki-tagalog
mahina	dictionary	kaikki-tagalog
mahirap	dictionary	kaikki-tagalog
maikli	dictionary	kaikki-tagalog
mainit	dictionary	kaikki-tagalog
makina	dictionary	kaikki-tagalog
malakas	dictionary	kaikki-tagalog
malaki	dictionary	kaikki-tagalog
malamig	dictionary	kaikki-tagalog
maliit	dictionary	kaikki-tagalog
mangkok	dictionary	kaikki-tagalog
masama	dictionary	kaikki-tagalog
mata	dictionary	kaikki-tagalog
matalo	dictionary	kaikki-tagalog
medyas	dictionary	kaikki-tagalog
mesa	dictionary	kaikki-tagalog
metal	dictionary	kaikki-tagalog
minsan	dictionary	kaikki-tagalog
mundo	dictionary	kaikki-tagalog
musika	dictionary	kaikki-tagalog
nais	dictionary	kaikki-tagalog
nayon	dictionary	kaikki-tagalog
ngayon	dictionary	kaikki-tagalog
niyebe	dictionary	kaikki-tagalog
noon	dictionary	kaikki-tagalog
numero	dictionary	kaikki-tagalog
oras	dictionary	kaikki-tagalog
oso	dictionary	kaikki-tagalog
ospital	dictionary	kaikki-tagalog
paa	dictionary	kaikki-tagalog
pader	dictionary	kaikki-tagalog
pag-asa	dictionary	kaikki-tagalog
pagkain	dictionary	kaikki-tagalog
pahina	dictionary	kaikki-tagalog
pamilya	dictionary	kaikki-tagalog
papel	dictionary	kaikki-tagalog
pera	dictionary	kaikki-tagalog
pilak	dictionary	kaikki-tagalog
pinto	dictionary	kaikki-tagalog
pito	dictionary	kaikki-tagalog
plastik	dictionary	kaikki-tagalog
plato	dictionary	kaikki-tagalog
presyo	dictionary	kaikki-tagalog
pula	dictionary	kaikki-tagalog
puno	dictionary	kaikki-tagalog
punto	dictionary	kaikki-tagalog
pusa	dictionary	kaikki-tagalog
puso	dictionary	kaikki-tagalog
puti	dictionary	kaikki-tagalog
regalo	dictionary	kaikki-tagalog
reyna	dictionary	kaikki-tagalog
sahig	dictionary	kaikki-tagalog
sakahan	dictionary	kaikki-tagalog
sakit	dictionary	kaikki-tagalog
salita	dictionary	kaikki-tagalog
sampu	dictionary	kaikki-tagalog
sanggol	dictionary	kaikki-tagalog
sayaw	dictionary	kaikki-tagalog
simula	dictionary	kaikki-tagalog
sining	dictionary	kaikki-tagalog
siyam	dictionary	kaikki-tagalog
soro	dictionary	kaikki-tagalog
sukat	dictionary	kaikki-tagalog
sulat	dictionary	kaikki-tagalog
sumulat	dictionary	kaikki-tagalog
susi	dictionary	kaikki-tagalog
tainga	dictionary	kaikki-tagalog
takot	dictionary	kaikki-tagalog
talon	dictionary	kaikki-tagalog
tao	dictionary	kaikki-tagalog
taon	dictionary	kaikki-tagalog
tasa	dictionary	kaikki-tagalog
tatlo	dictionary	kaikki-tagalog
tigil	dictionary	kaikki-tagalog
timog	dictionary	kaikki-tagalog
tingin	dictionary	kaikki-tagalog
trabaho	dictionary	kaikki-tagalog
tren	dictionary	kaikki-tagalog
tsaa	dictionary	kaikki-tagalog
tubig	dictionary	kaikki-tagalog
tula	dictionary	kaikki-tagalog
tulay	dictionary	kaikki-tagalog
tulong	dictionary	kaikki-tagalog
tumakbo	dictionary	kaikki-tagalog
tunog	dictionary	kaikki-tagalog
tuyo	dictionary	kaikki-tagalog
ugat	dictionary	kaikki-tagalog
ulan	dictionary	kaikki-tagalog
ulap	dictionary	kaikki-tagalog
ulo	dictionary	kaikki-tagalog
umaga	dictionary	kaikki-tagalog
usok	dictionary	kaikki-tagalog
walo	dictionary	kaikki-tagalog
yelo	dictionary	kaikki-tagalog
damit	dictionary	kaikki-tagalog
gulay	dictionary	kaikki-tagalog
hipon	dictionary	kaikki-tagalog
iskul	dictionary	kaikki-tagalog
kahel	dictionary	kaikki-tagalog
kanta	dictionary	kaikki-tagalog
lakad	dictionary	kaikki-tagalog
lapis	dictionary	kaikki-tagalog
manok	dictionary	kaikki-tagalog
pusit	dictionary	kaikki-tagalog
radyo	dictionary	kaikki-tagalog
silya	dictionary	kaikki-tagalog
takbo	dictionary	kaikki-tagalog
tulog	dictionary	kaikki-tagalog
upuan	dictionary	kaikki-tagalog
piña	dictionary	kaikki-tagalog
alaala	dictionary	kaikki-tagalog
bawang	dictionary	kaikki-tagalog
biyaya	dictionary	kaikki-tagalog
hagdan	dictionary	kaikki-tagalog
noong	pending	kaikki-tagalog
bilang	dictionary	kaikki-tagalog
upang	dictionary	kaikki-tagalog
unang	pending	kaikki-tagalog
dahil	dictionary	kaikki-tagalog
naging	dictionary	kaikki-tagalog
ibang	pending	kaikki-tagalog
lamang	dictionary	kaikki-tagalog
bahagi	dictionary	kaikki-tagalog
ilang	dictionary	kaikki-tagalog
ngunit	dictionary	kaikki-tagalog
lahat	dictionary	kaikki-tagalog
taong	dictionary	kaikki-tagalog
kasama	dictionary	kaikki-tagalog
walang	pending	kaikki-tagalog
itong	pending	kaikki-tagalog
naman	dictionary	kaikki-tagalog
buong	pending	kaikki-tagalog
siyang	pending	kaikki-tagalog
tulad	dictionary	kaikki-tagalog
lugar	dictionary	kaikki-tagalog
habang	dictionary	kaikki-tagalog
bagong	pending	kaikki-tagalog
maging	dictionary	kaikki-tagalog
bawat	dictionary	kaikki-tagalog
album	dictionary	kaikki-tagalog
niyang	pending	kaikki-tagalog
kilala	dictionary	kaikki-tagalog
higit	dictionary	kaikki-tagalog
ilalim	dictionary	kaikki-tagalog
ingles	dictionary	kaikki-tagalog
kanya	dictionary	kaikki-tagalog
dating	dictionary	kaikki-tagalog
kapag	dictionary	kaikki-tagalog
huling	pending	kaikki-tagalog
bagay	dictionary	kaikki-tagalog
siglo	dictionary	kaikki-tagalog
muling	pending	kaikki-tagalog
laban	dictionary	kaikki-tagalog
halos	dictionary	kaikki-tagalog
paraan	dictionary	kaikki-tagalog
banda	dictionary	kaikki-tagalog
wikang	pending	kaikki-tagalog
ginawa	dictionary	kaikki-tagalog
grupo	dictionary	kaikki-tagalog
kahit	dictionary	kaikki-tagalog
serye	dictionary	kaikki-tagalog
estado	dictionary	kaikki-tagalog
dapat	dictionary	kaikki-tagalog
sarili	dictionary	kaikki-tagalog
gamit	dictionary	kaikki-tagalog
hapon	dictionary	kaikki-tagalog
nitong	pending	kaikki-tagalog
silang	dictionary	kaikki-tagalog
antas	dictionary	kaikki-tagalog
kanila	dictionary	kaikki-tagalog
kasapi	dictionary	kaikki-tagalog
kaysa	dictionary	kaikki-tagalog
pinuno	dictionary	kaikki-tagalog
dekada	dictionary	kaikki-tagalog
limang	pending	kaikki-tagalog
lokal	dictionary	kaikki-tagalog
gumawa	dictionary	kaikki-tagalog
gusali	dictionary	kaikki-tagalog
maaari	dictionary	kaikki-tagalog
sanhi	dictionary	kaikki-tagalog
aklat	dictionary	kaikki-tagalog
gawain	dictionary	kaikki-tagalog
asawa	dictionary	kaikki-tagalog
katao	dictionary	kaikki-tagalog
tunay	dictionary	kaikki-tagalog
nilang	pending	kaikki-tagalog
labas	dictionary	kaikki-tagalog
gulang	dictionary	kaikki-tagalog
batay	dictionary	kaikki-tagalog
marami	dictionary	kaikki-tagalog
batang	dictionary	kaikki-tagalog
halip	dictionary	kaikki-tagalog
halaga	dictionary	kaikki-tagalog
tsina	dictionary	kaikki-tagalog
sinabi	dictionary	kaikki-tagalog
video	dictionary	kaikki-tagalog
beses	dictionary	kaikki-tagalog
sentro	dictionary	kaikki-tagalog
nanalo	dictionary	kaikki-tagalog
romano	dictionary	kaikki-tagalog
kabila	dictionary	kaikki-tagalog
karera	dictionary	kaikki-tagalog
lupain	dictionary	kaikki-tagalog
milyon	dictionary	kaikki-tagalog
tuwing	dictionary	kaikki-tagalog
ibabaw	dictionary	kaikki-tagalog
tauhan	dictionary	kaikki-tagalog
agham	dictionary	kaikki-tagalog
tawag	dictionary	kaikki-tagalog
bagyo	dictionary	kaikki-tagalog
lakas	dictionary	kaikki-tagalog
epekto	dictionary	kaikki-tagalog
labis	dictionary	kaikki-tagalog
tiyak	dictionary	kaikki-tagalog
punong	pending	kaikki-tagalog
nakuha	dictionary	kaikki-tagalog
paksa	dictionary	kaikki-tagalog
yugto	dictionary	kaikki-tagalog
sumali	pending	kaikki-tagalog
kapwa	dictionary	kaikki-tagalog
binuo	dictionary	kaikki-tagalog
anime	dictionary	kaikki-tagalog
titik	dictionary	kaikki-tagalog
sikat	dictionary	kaikki-tagalog
tsino	dictionary	kaikki-tagalog
bukod	dictionary	kaikki-tagalog
ganap	dictionary	kaikki-tagalog
paano	dictionary	kaikki-tagalog
galing	dictionary	kaikki-tagalog
pitong	pending	kaikki-tagalog
aleman	dictionary	kaikki-tagalog
metro	dictionary	kaikki-tagalog
likas	dictionary	kaikki-tagalog
nabuo	dictionary	kaikki-tagalog
muslim	dictionary	kaikki-tagalog
tanyag	dictionary	kaikki-tagalog
hanay	dictionary	kaikki-tagalog
gayon	dictionary	kaikki-tagalog
umalis	dictionary	kaikki-tagalog
mismo	dictionary	kaikki-tagalog
modelo	dictionary	kaikki-tagalog
umabot	pending	kaikki-tagalog
manila	dictionary	kaikki-tagalog
sapat	dictionary	kaikki-tagalog
nakita	dictionary	kaikki-tagalog
daanan	dictionary	kaikki-tagalog
walong	pending	kaikki-tagalog
namang	pending	kaikki-tagalog
talaan	dictionary	kaikki-tagalog
santa	dictionary	kaikki-tagalog
kaniya	dictionary	kaikki-tagalog
plano	dictionary	kaikki-tagalog
latin	dictionary	kaikki-tagalog
daang	pending	kaikki-tagalog
mababa	dictionary	kaikki-tagalog
sangay	dictionary	kaikki-tagalog
kopya	dictionary	kaikki-tagalog
awitin	dictionary	kaikki-tagalog
selula	dictionary	kaikki-tagalog
solong	dictionary	kaikki-tagalog
larong	pending	kaikki-tagalog
pormal	pending	kaikki-tagalog
iyong	dictionary	kaikki-tagalog
gilid	dictionary	kaikki-tagalog
padre	dictionary	kaikki-tagalog
sakop	dictionary	kaikki-tagalog
lumang	pending	kaikki-tagalog
makita	dictionary	kaikki-tagalog
nagawa	dictionary	kaikki-tagalog
drama	dictionary	kaikki-tagalog
kinuha	dictionary	kaikki-tagalog
lalake	dictionary	kaikki-tagalog
bumuo	dictionary	kaikki-tagalog
klima	dictionary	kaikki-tagalog
nobela	dictionary	kaikki-tagalog
ideya	dictionary	kaikki-tagalog
lindol	dictionary	kaikki-tagalog
aktor	dictionary	kaikki-tagalog
normal	dictionary	kaikki-tagalog
binago	dictionary	kaikki-tagalog
kasal	dictionary	kaikki-tagalog
panig	dictionary	kaikki-tagalog
kundi	dictionary	kaikki-tagalog
bababa	dictionary	kaikki-tagalog
mukha	dictionary	kaikki-tagalog
ating	dictionary	kaikki-tagalog
hukbo	dictionary	kaikki-tagalog
pinaka	pending	kaikki-tagalog
datos	dictionary	kaikki-tagalog
kanser	dictionary	kaikki-tagalog
pansin	dictionary	kaikki-tagalog
yunit	dictionary	kaikki-tagalog
manga	dictionary	kaikki-tagalog
puntos	dictionary	kaikki-tagalog
bukas	dictionary	kaikki-tagalog
sibil	dictionary	kaikki-tagalog
gastos	dictionary	kaikki-tagalog
teksto	dictionary	kaikki-tagalog
parang	dictionary	kaikki-tagalog
anyong	pending	kaikki-tagalog
petsa	dictionary	kaikki-tagalog
dinala	dictionary	kaikki-tagalog
lawak	dictionary	kaikki-tagalog
tumaas	pending	kaikki-tagalog
tatak	dictionary	kaikki-tagalog
anong	dictionary	kaikki-tagalog
tamang	pending	kaikki-tagalog
bakit	dictionary	kaikki-tagalog
makuha	dictionary	kaikki-tagalog
nawala	dictionary	kaikki-tagalog
puting	pending	kaikki-tagalog
imahe	dictionary	kaikki-tagalog
pagbuo	pending	kaikki-tagalog
lumaki	dictionary	kaikki-tagalog
obispo	dictionary	kaikki-tagalog
patay	dictionary	kaikki-tagalog
tampok	dictionary	kaikki-tagalog
gayong	pending	kaikki-tagalog
tungo	dictionary	kaikki-tagalog
dulot	dictionary	kaikki-tagalog
banal	dictionary	kaikki-tagalog
santo	dictionary	kaikki-tagalog
angkop	dictionary	kaikki-tagalog
bunga	dictionary	kaikki-tagalog
piraso	dictionary	kaikki-tagalog
natin	dictionary	kaikki-tagalog
trono	dictionary	kaikki-tagalog
lebel	dictionary	kaikki-tagalog
lubos	dictionary	kaikki-tagalog
estilo	dictionary	kaikki-tagalog
ninuno	dictionary	kaikki-tagalog
pareho	dictionary	kaikki-tagalog
aking	pending	kaikki-tagalog
natalo	dictionary	kaikki-tagalog
haring	pending	kaikki-tagalog
langis	dictionary	kaikki-tagalog
liham	dictionary	kaikki-tagalog
minuto	dictionary	kaikki-tagalog
laman	dictionary	kaikki-tagalog
aspeto	dictionary	kaikki-tagalog
maayos	dictionary	kaikki-tagalog
titulo	dictionary	kaikki-tagalog
wakas	dictionary	kaikki-tagalog
parte	dictionary	kaikki-tagalog
salapi	dictionary	kaikki-tagalog
pulis	dictionary	kaikki-tagalog
aktres	dictionary	kaikki-tagalog
daloy	dictionary	kaikki-tagalog
kilos	dictionary	kaikki-tagalog
kumuha	dictionary	kaikki-tagalog
milya	dictionary	kaikki-tagalog
saklaw	dictionary	kaikki-tagalog
paris	dictionary	kaikki-tagalog
kailan	dictionary	kaikki-tagalog
medyo	dictionary	kaikki-tagalog
pares	dictionary	kaikki-tagalog
bangko	dictionary	kaikki-tagalog
galaw	dictionary	kaikki-tagalog
gitara	dictionary	kaikki-tagalog
iisang	pending	kaikki-tagalog
lalong	pending	kaikki-tagalog
legal	dictionary	kaikki-tagalog
maling	pending	kaikki-tagalog
rekord	dictionary	kaikki-tagalog
bilis	dictionary	kaikki-tagalog
alamat	dictionary	kaikki-tagalog
iilang	pending	kaikki-tagalog
silid	dictionary	kaikki-tagalog
tugon	dictionary	kaikki-tagalog
totoo	dictionary	kaikki-tagalog
balita	dictionary	kaikki-tagalog
landas	dictionary	kaikki-tagalog
lihim	dictionary	kaikki-tagalog
bilyon	dictionary	kaikki-tagalog
gawing	pending	kaikki-tagalog
guhit	dictionary	kaikki-tagalog
payak	dictionary	kaikki-tagalog
bumaba	dictionary	kaikki-tagalog
galit	dictionary	kaikki-tagalog
napili	dictionary	kaikki-tagalog
bolyum	dictionary	kaikki-tagalog
hawak	dictionary	kaikki-tagalog
huwag	dictionary	kaikki-tagalog
kurso	dictionary	kaikki-tagalog
pondo	dictionary	kaikki-tagalog
tapat	dictionary	kaikki-tagalog
aktibo	dictionary	kaikki-tagalog
riles	dictionary	kaikki-tagalog
birus	dictionary	kaikki-tagalog
dibdib	dictionary	kaikki-tagalog
museo	dictionary	kaikki-tagalog
uring	pending	kaikki-tagalog
likido	dictionary	kaikki-tagalog
lumago	dictionary	kaikki-tagalog
namuno	pending	kaikki-tagalog
tipan	dictionary	kaikki-tagalog
alagad	dictionary	kaikki-tagalog
dagdag	dictionary	kaikki-tagalog
iniwan	dictionary	kaikki-tagalog
kasong	pending	kaikki-tagalog
kaunti	dictionary	kaikki-tagalog
ranggo	dictionary	kaikki-tagalog
komiks	dictionary	kaikki-tagalog
panalo	dictionary	kaikki-tagalog
pulang	pending	kaikki-tagalog
talaga	dictionary	kaikki-tagalog
teorya	dictionary	kaikki-tagalog
kristo	dictionary	kaikki-tagalog
nasira	dictionary	kaikki-tagalog
sahod	dictionary	kaikki-tagalog
hinati	dictionary	kaikki-tagalog
bigyan	dictionary	kaikki-tagalog
templo	dictionary	kaikki-tagalog
unyong	pending	kaikki-tagalog
gaano	dictionary	kaikki-tagalog
nating	pending	kaikki-tagalog
bigat	dictionary	kaikki-tagalog
korte	dictionary	kaikki-tagalog
kwento	dictionary	kaikki-tagalog
piling	dictionary	kaikki-tagalog
istilo	dictionary	kaikki-tagalog
kayang	dictionary	kaikki-tagalog
marka	dictionary	kaikki-tagalog
salin	dictionary	kaikki-tagalog
tanda	dictionary	kaikki-tagalog
bayani	dictionary	kaikki-tagalog
alipin	dictionary	kaikki-tagalog
bulkan	dictionary	kaikki-tagalog
butas	dictionary	kaikki-tagalog
laging	pending	kaikki-tagalog
misyon	dictionary	kaikki-tagalog
skolar	pending	kaikki-tagalog
dumaan	dictionary	kaikki-tagalog
krimen	dictionary	kaikki-tagalog
pakpak	dictionary	kaikki-tagalog
tanong	dictionary	kaikki-tagalog
tiyan	dictionary	kaikki-tagalog
tuktok	dictionary	kaikki-tagalog
eksena	dictionary	kaikki-tagalog
imahen	dictionary	kaikki-tagalog
kaagad	dictionary	kaikki-tagalog
malaya	dictionary	kaikki-tagalog
pantay	dictionary	kaikki-tagalog
tinig	dictionary	kaikki-tagalog
angkan	dictionary	kaikki-tagalog
bidyo	dictionary	kaikki-tagalog
mainam	dictionary	kaikki-tagalog
pwersa	dictionary	kaikki-tagalog
nabigo	dictionary	kaikki-tagalog
intsik	dictionary	kaikki-tagalog
butil	dictionary	kaikki-tagalog
doktor	dictionary	kaikki-tagalog
pantao	dictionary	kaikki-tagalog
sunod	dictionary	kaikki-tagalog
asido	dictionary	kaikki-tagalog
batong	pending	kaikki-tagalog
libong	pending	kaikki-tagalog
maaga	dictionary	kaikki-tagalog
makata	dictionary	kaikki-tagalog
malayo	dictionary	kaikki-tagalog
malay	dictionary	kaikki-tagalog
palaro	pending	kaikki-tagalog
pantig	dictionary	kaikki-tagalog
puwang	dictionary	kaikki-tagalog
virus	dictionary	kaikki-tagalog
madla	dictionary	kaikki-tagalog
tribo	dictionary	kaikki-tagalog
yaman	dictionary	kaikki-tagalog
birhen	dictionary	kaikki-tagalog
atomo	dictionary	kaikki-tagalog
isipan	dictionary	kaikki-tagalog
manalo	dictionary	kaikki-tagalog
naiiba	pending	kaikki-tagalog
teatro	dictionary	kaikki-tagalog
kanang	pending	kaikki-tagalog
nauna	dictionary	kaikki-tagalog
sugat	dictionary	kaikki-tagalog
inalis	dictionary	kaikki-tagalog
ritwal	dictionary	kaikki-tagalog
suplay	dictionary	kaikki-tagalog
ugali	dictionary	kaikki-tagalog
mahal	dictionary	kaikki-tagalog
atleta	dictionary	kaikki-tagalog
babala	dictionary	kaikki-tagalog
dalaga	dictionary	kaikki-tagalog
dumalo	dictionary	kaikki-tagalog
pista	dictionary	kaikki-tagalog
buwis	dictionary	kaikki-tagalog
donya	dictionary	kaikki-tagalog
bigas	dictionary	kaikki-tagalog
hibla	dictionary	kaikki-tagalog
ilabas	pending	kaikki-tagalog
meron	dictionary	kaikki-tagalog
tumpak	dictionary	kaikki-tagalog
makati	dictionary	kaikki-tagalog
benta	dictionary	kaikki-tagalog
kaaway	dictionary	kaikki-tagalog
lupon	dictionary	kaikki-tagalog
midya	dictionary	kaikki-tagalog
tulang	pending	kaikki-tagalog
hebreo	dictionary	kaikki-tagalog
armas	dictionary	kaikki-tagalog
bayang	pending	kaikki-tagalog
bomba	dictionary	kaikki-tagalog
gawang	pending	kaikki-tagalog
hango	dictionary	kaikki-tagalog
isama	dictionary	kaikki-tagalog
kasing	pending	kaikki-tagalog
ligtas	dictionary	kaikki-tagalog
sumuko	pending	kaikki-tagalog
dolyar	dictionary	kaikki-tagalog
maari	dictionary	kaikki-tagalog
pisika	dictionary	kaikki-tagalog
baril	dictionary	kaikki-tagalog
ganito	dictionary	kaikki-tagalog
lalim	dictionary	kaikki-tagalog
maabot	pending	kaikki-tagalog
pintor	dictionary	kaikki-tagalog
sagot	dictionary	kaikki-tagalog
utang	dictionary	kaikki-tagalog
akdang	pending	kaikki-tagalog
droga	dictionary	kaikki-tagalog
mabuo	dictionary	kaikki-tagalog
pigura	dictionary	kaikki-tagalog
umaasa	dictionary	kaikki-tagalog
amang	dictionary	kaikki-tagalog
lumaon	pending	kaikki-tagalog
lupang	pending	kaikki-tagalog
pabor	dictionary	kaikki-tagalog
sabay	dictionary	kaikki-tagalog
tapos	dictionary	kaikki-tagalog
alitan	dictionary	kaikki-tagalog
labing	dictionary	kaikki-tagalog
masel	dictionary	kaikki-tagalog
tisyu	dictionary	kaikki-tagalog
hurado	dictionary	kaikki-tagalog
inumin	dictionary	kaikki-tagalog
takip	dictionary	kaikki-tagalog
tanso	dictionary	kaikki-tagalog
tuldok	dictionary	kaikki-tagalog
balak	dictionary	kaikki-tagalog
ikatlo	dictionary	kaikki-tagalog
inang	dictionary	kaikki-tagalog
krisis	dictionary	kaikki-tagalog
mamaya	dictionary	kaikki-tagalog
temang	pending	kaikki-tagalog
senado	dictionary	kaikki-tagalog
haligi	dictionary	kaikki-tagalog
kawal	dictionary	kaikki-tagalog
pumili	dictionary	kaikki-tagalog
sumama	dictionary	kaikki-tagalog
talata	dictionary	kaikki-tagalog
tiket	dictionary	kaikki-tagalog
tumira	dictionary	kaikki-tagalog
tuyong	dictionary	kaikki-tagalog
atake	dictionary	kaikki-tagalog
bloke	dictionary	kaikki-tagalog
daliri	dictionary	kaikki-tagalog
husto	dictionary	kaikki-tagalog
kagaya	dictionary	kaikki-tagalog
likha	dictionary	kaikki-tagalog
moral	dictionary	kaikki-tagalog
naabot	pending	kaikki-tagalog
usapan	dictionary	kaikki-tagalog
badyet	dictionary	kaikki-tagalog
ilagay	dictionary	kaikki-tagalog
kambal	dictionary	kaikki-tagalog
lider	dictionary	kaikki-tagalog
pababa	dictionary	kaikki-tagalog
pataas	pending	kaikki-tagalog
porma	dictionary	kaikki-tagalog
binata	dictionary	kaikki-tagalog
binili	dictionary	kaikki-tagalog
hukom	dictionary	kaikki-tagalog
korona	dictionary	kaikki-tagalog
order	dictionary	kaikki-tagalog
sunog	dictionary	kaikki-tagalog
tagal	dictionary	kaikki-tagalog
tumama	dictionary	kaikki-tagalog
bantog	dictionary	kaikki-tagalog
bisita	dictionary	kaikki-tagalog
debate	dictionary	kaikki-tagalog
etniko	dictionary	kaikki-tagalog
lapad	dictionary	kaikki-tagalog
naisip	dictionary	kaikki-tagalog
paring	pending	kaikki-tagalog
tuloy	dictionary	kaikki-tagalog
sultan	dictionary	kaikki-tagalog
anuman	dictionary	kaikki-tagalog
buntot	dictionary	kaikki-tagalog
kataga	dictionary	kaikki-tagalog
kawani	dictionary	kaikki-tagalog
papuri	pending	kaikki-tagalog
salik	dictionary	kaikki-tagalog
lambak	dictionary	kaikki-tagalog
ahente	dictionary	kaikki-tagalog
alisin	dictionary	kaikki-tagalog
gabay	dictionary	kaikki-tagalog
linyar	pending	kaikki-tagalog
nasawi	pending	kaikki-tagalog
rating	dictionary	kaikki-tagalog
tsart	dictionary	kaikki-tagalog
umiral	pending	kaikki-tagalog
anghel	dictionary	kaikki-tagalog
baryo	dictionary	kaikki-tagalog
isulat	dictionary	kaikki-tagalog
sanga	dictionary	kaikki-tagalog
hotel	dictionary	kaikki-tagalog
aabot	pending	kaikki-tagalog
bakuna	dictionary	kaikki-tagalog
banta	dictionary	kaikki-tagalog
lahing	pending	kaikki-tagalog
ngalan	dictionary	kaikki-tagalog
patron	dictionary	kaikki-tagalog
gubat	dictionary	kaikki-tagalog
ilipat	pending	kaikki-tagalog
ninyo	dictionary	kaikki-tagalog
palad	dictionary	kaikki-tagalog
ibalik	dictionary	kaikki-tagalog
merong	pending	kaikki-tagalog
nahuli	dictionary	kaikki-tagalog
namin	dictionary	kaikki-tagalog
napaka	pending	kaikki-tagalog
pulong	dictionary	kaikki-tagalog
norte	dictionary	kaikki-tagalog
aktwal	dictionary	kaikki-tagalog
bughaw	dictionary	kaikki-tagalog
handa	dictionary	kaikki-tagalog
patong	dictionary	kaikki-tagalog
saang	pending	kaikki-tagalog
tabla	dictionary	kaikki-tagalog
tubong	pending	kaikki-tagalog
pasko	dictionary	kaikki-tagalog
bihira	dictionary	kaikki-tagalog
digri	dictionary	kaikki-tagalog
patag	dictionary	kaikki-tagalog
alang	pending	kaikki-tagalog
kulang	dictionary	kaikki-tagalog
lutuin	dictionary	kaikki-tagalog
paktor	dictionary	kaikki-tagalog
piloto	dictionary	kaikki-tagalog
purong	pending	kaikki-tagalog
sulok	dictionary	kaikki-tagalog
usapin	dictionary	kaikki-tagalog
ibigay	dictionary	kaikki-tagalog
kanal	dictionary	kaikki-tagalog
katabi	dictionary	kaikki-tagalog
putik	dictionary	kaikki-tagalog
aming	pending	kaikki-tagalog
bituka	dictionary	kaikki-tagalog
buhat	dictionary	kaikki-tagalog
bungo	dictionary	kaikki-tagalog
inayos	dictionary	kaikki-tagalog
kripto	pending	kaikki-tagalog
lagnat	dictionary	kaikki-tagalog
piyesa	dictionary	kaikki-tagalog
pwede	dictionary	kaikki-tagalog
taglay	dictionary	kaikki-tagalog
biswal	dictionary	kaikki-tagalog
gulong	dictionary	kaikki-tagalog
ilegal	dictionary	kaikki-tagalog
isdang	pending	kaikki-tagalog
iskor	dictionary	kaikki-tagalog
karga	dictionary	kaikki-tagalog
murang	pending	kaikki-tagalog
organo	dictionary	kaikki-tagalog
tatay	dictionary	kaikki-tagalog
dragon	dictionary	kaikki-tagalog
amerikana	dictionary	kaikki-tagalog
singsing	dictionary	kaikki-tagalog
buhangin	dictionary	kaikki-tagalog
malambot	dictionary	kaikki-tagalog
magsalita	dictionary	kaikki-tagalog
hardin	dictionary	kaikki-tagalog
himala	dictionary	kaikki-tagalog
kamote	dictionary	kaikki-tagalog
lamesa	dictionary	kaikki-tagalog
masaya	dictionary	kaikki-tagalog
mataas	dictionary	kaikki-tagalog
ngipin	dictionary	kaikki-tagalog
pagong	dictionary	kaikki-tagalog
palaka	dictionary	kaikki-tagalog
pinsan	dictionary	kaikki-tagalog
prutas	dictionary	kaikki-tagalog
putahe	dictionary	kaikki-tagalog
saging	dictionary	kaikki-tagalog
talong	dictionary	kaikki-tagalog
titser	dictionary	kaikki-tagalog
unggoy	dictionary	kaikki-tagalog
aklatan	dictionary	kaikki-tagalog
drayber	dictionary	kaikki-tagalog
kalabaw	dictionary	kaikki-tagalog
kamatis	dictionary	kaikki-tagalog
kambing	dictionary	kaikki-tagalog
langgam	dictionary	kaikki-tagalog
maganda	dictionary	kaikki-tagalog
panahon	dictionary	kaikki-tagalog
sapatos	dictionary	kaikki-tagalog
sibuyas	dictionary	kaikki-tagalog
tadhana	dictionary	kaikki-tagalog
tinapay	dictionary	kaikki-tagalog
señora	dictionary	kaikki-tagalog
kanyang	pending	kaikki-tagalog
kanilang	pending	kaikki-tagalog
hanggang	dictionary	kaikki-tagalog
dalawang	pending	kaikki-tagalog
maaaring	pending	kaikki-tagalog
maraming	pending	kaikki-tagalog
kaniyang	pending	kaikki-tagalog
pangalan	dictionary	kaikki-tagalog
pagitan	dictionary	kaikki-tagalog
tatlong	pending	kaikki-tagalog
pelikula	dictionary	kaikki-tagalog
parehong	pending	kaikki-tagalog
malaking	pending	kaikki-tagalog
kabilang	pending	kaikki-tagalog
mayroong	pending	kaikki-tagalog
tungkol	dictionary	kaikki-tagalog
pagiging	pending	kaikki-tagalog
opisyal	dictionary	kaikki-tagalog
salitang	pending	kaikki-tagalog
paggamit	pending	kaikki-tagalog
katulad	dictionary	kaikki-tagalog
pangkat	dictionary	kaikki-tagalog
matapos	dictionary	kaikki-tagalog
binubuo	dictionary	kaikki-tagalog
panahong	pending	kaikki-tagalog
orihinal	dictionary	kaikki-tagalog
malapit	dictionary	kaikki-tagalog
artista	dictionary	kaikki-tagalog
inilabas	pending	kaikki-tagalog
palabas	dictionary	kaikki-tagalog
ginamit	dictionary	kaikki-tagalog
namatay	dictionary	kaikki-tagalog
miyembro	dictionary	kaikki-tagalog
mayroon	dictionary	kaikki-tagalog
anumang	pending	kaikki-tagalog
milyong	pending	kaikki-tagalog
itinatag	dictionary	kaikki-tagalog
pilipino	dictionary	kaikki-tagalog
rehiyon	dictionary	kaikki-tagalog
sistema	dictionary	kaikki-tagalog
sariling	pending	kaikki-tagalog
paggawa	pending	kaikki-tagalog
subalit	dictionary	kaikki-tagalog
tinawag	pending	kaikki-tagalog
sumunod	dictionary	kaikki-tagalog
programa	dictionary	kaikki-tagalog
nagmula	dictionary	kaikki-tagalog
dahilan	dictionary	kaikki-tagalog
malawak	dictionary	kaikki-tagalog
kabuuang	pending	kaikki-tagalog
gamitin	dictionary	kaikki-tagalog
babaeng	pending	kaikki-tagalog
larangan	dictionary	kaikki-tagalog
bansang	pending	kaikki-tagalog
kilalang	pending	kaikki-tagalog
ganitong	pending	kaikki-tagalog
bagaman	dictionary	kaikki-tagalog
bersyon	dictionary	kaikki-tagalog
tanging	pending	kaikki-tagalog
itinayo	pending	kaikki-tagalog
kastila	dictionary	kaikki-tagalog
militar	dictionary	kaikki-tagalog
patuloy	dictionary	kaikki-tagalog
resulta	dictionary	kaikki-tagalog
sapagkat	dictionary	kaikki-tagalog
magiging	dictionary	kaikki-tagalog
isinulat	dictionary	kaikki-tagalog
lumabas	dictionary	kaikki-tagalog
nagbigay	dictionary	kaikki-tagalog
karakter	dictionary	kaikki-tagalog
layunin	dictionary	kaikki-tagalog
dumating	dictionary	kaikki-tagalog
kalaunan	dictionary	kaikki-tagalog
serbisyo	dictionary	kaikki-tagalog
tahanan	dictionary	kaikki-tagalog
lumitaw	pending	kaikki-tagalog
proseso	dictionary	kaikki-tagalog
pamagat	dictionary	kaikki-tagalog
tagumpay	dictionary	kaikki-tagalog
mahigit	dictionary	kaikki-tagalog
produkto	dictionary	kaikki-tagalog
labanan	dictionary	kaikki-tagalog
mababang	pending	kaikki-tagalog
bumalik	dictionary	kaikki-tagalog
kultura	dictionary	kaikki-tagalog
nagiging	dictionary	kaikki-tagalog
daigdig	dictionary	kaikki-tagalog
patungo	dictionary	kaikki-tagalog
ikatlong	pending	kaikki-tagalog
makikita	dictionary	kaikki-tagalog
pangulo	dictionary	kaikki-tagalog
posisyon	dictionary	kaikki-tagalog
partido	dictionary	kaikki-tagalog
kompanya	dictionary	kaikki-tagalog
nakilala	dictionary	kaikki-tagalog
lipunan	dictionary	kaikki-tagalog
umiiral	pending	kaikki-tagalog
problema	dictionary	kaikki-tagalog
hapones	dictionary	kaikki-tagalog
bumubuo	dictionary	kaikki-tagalog
pagganap	pending	kaikki-tagalog
nasabing	pending	kaikki-tagalog
pananaw	dictionary	kaikki-tagalog
madaling	pending	kaikki-tagalog
hilagang	pending	kaikki-tagalog
maliban	dictionary	kaikki-tagalog
ginagawa	dictionary	kaikki-tagalog
mahusay	dictionary	kaikki-tagalog
bandang	pending	kaikki-tagalog
istasyon	dictionary	kaikki-tagalog
disenyo	dictionary	kaikki-tagalog
estasyon	dictionary	kaikki-tagalog
susunod	dictionary	kaikki-tagalog
koponan	dictionary	kaikki-tagalog
kasunod	pending	kaikki-tagalog
naganap	dictionary	kaikki-tagalog
paligid	pending	kaikki-tagalog
sabihin	dictionary	kaikki-tagalog
distrito	dictionary	kaikki-tagalog
tagalog	dictionary	kaikki-tagalog
pumasok	dictionary	kaikki-tagalog
ibinigay	dictionary	kaikki-tagalog
lumipat	pending	kaikki-tagalog
negosyo	dictionary	kaikki-tagalog
relasyon	dictionary	kaikki-tagalog
hinggil	dictionary	kaikki-tagalog
maaring	pending	kaikki-tagalog
maliliit	dictionary	kaikki-tagalog
kabisera	dictionary	kaikki-tagalog
proyekto	dictionary	kaikki-tagalog
nangyari	dictionary	kaikki-tagalog
kabuuan	dictionary	kaikki-tagalog
publiko	dictionary	kaikki-tagalog
nilikha	pending	kaikki-tagalog
griyego	dictionary	kaikki-tagalog
gobyerno	dictionary	kaikki-tagalog
kumpanya	dictionary	kaikki-tagalog
lumikha	dictionary	kaikki-tagalog
gumagawa	dictionary	kaikki-tagalog
maikling	pending	kaikki-tagalog
pamumuno	pending	kaikki-tagalog
termino	dictionary	kaikki-tagalog
pisikal	dictionary	kaikki-tagalog
lalaking	pending	kaikki-tagalog
sintomas	dictionary	kaikki-tagalog
kolehiyo	dictionary	kaikki-tagalog
olimpiko	pending	kaikki-tagalog
gawaing	pending	kaikki-tagalog
pranses	dictionary	kaikki-tagalog
katumbas	dictionary	kaikki-tagalog
kaalaman	dictionary	kaikki-tagalog
maagang	pending	kaikki-tagalog
nakakuha	dictionary	kaikki-tagalog
pagtaas	dictionary	kaikki-tagalog
panganib	dictionary	kaikki-tagalog
paglabas	dictionary	kaikki-tagalog
kaugnay	pending	kaikki-tagalog
gumanap	dictionary	kaikki-tagalog
kawalan	dictionary	kaikki-tagalog
kabataan	dictionary	kaikki-tagalog
digmaang	pending	kaikki-tagalog
katoliko	dictionary	kaikki-tagalog
elemento	dictionary	kaikki-tagalog
direktor	dictionary	kaikki-tagalog
papunta	dictionary	kaikki-tagalog
mahabang	pending	kaikki-tagalog
naunang	pending	kaikki-tagalog
nagtapos	dictionary	kaikki-tagalog
parangal	pending	kaikki-tagalog
gumamit	dictionary	kaikki-tagalog
paggamot	pending	kaikki-tagalog
enerhiya	dictionary	kaikki-tagalog
kalayaan	dictionary	kaikki-tagalog
espesyal	dictionary	kaikki-tagalog
kontrol	pending	kaikki-tagalog
pahayag	dictionary	kaikki-tagalog
binigyan	dictionary	kaikki-tagalog
halalan	dictionary	kaikki-tagalog
nakikita	dictionary	kaikki-tagalog
mahalaga	dictionary	kaikki-tagalog
sampung	pending	kaikki-tagalog
nakatuon	pending	kaikki-tagalog
pinsala	dictionary	kaikki-tagalog
paglikha	pending	kaikki-tagalog
malinaw	dictionary	kaikki-tagalog
natapos	dictionary	kaikki-tagalog
taunang	pending	kaikki-tagalog
bahaging	pending	kaikki-tagalog
barangay	dictionary	kaikki-tagalog
konsepto	dictionary	kaikki-tagalog
inihayag	pending	kaikki-tagalog
kalahati	dictionary	kaikki-tagalog
ginawang	pending	kaikki-tagalog
grupong	pending	kaikki-tagalog
naturang	pending	kaikki-tagalog
binuksan	dictionary	kaikki-tagalog
kaharian	dictionary	kaikki-tagalog
kalapit	pending	kaikki-tagalog
dantaon	dictionary	kaikki-tagalog
naitala	pending	kaikki-tagalog
listahan	dictionary	kaikki-tagalog
kasamang	pending	kaikki-tagalog
pagsulat	dictionary	kaikki-tagalog
gayundin	dictionary	kaikki-tagalog
lokasyon	dictionary	kaikki-tagalog
espanyol	dictionary	kaikki-tagalog
kritiko	dictionary	kaikki-tagalog
naglabas	dictionary	kaikki-tagalog
baybayin	dictionary	kaikki-tagalog
materyal	dictionary	kaikki-tagalog
hiwalay	dictionary	kaikki-tagalog
puwesto	dictionary	kaikki-tagalog
sundalo	dictionary	kaikki-tagalog
ministro	dictionary	kaikki-tagalog
kanluran	dictionary	kaikki-tagalog
nagdulot	dictionary	kaikki-tagalog
samahan	dictionary	kaikki-tagalog
awiting	pending	kaikki-tagalog
sangkap	dictionary	kaikki-tagalog
silangan	dictionary	kaikki-tagalog
artikulo	dictionary	kaikki-tagalog
personal	dictionary	kaikki-tagalog
may-akda	dictionary	kaikki-tagalog
ginanap	dictionary	kaikki-tagalog
katayuan	dictionary	kaikki-tagalog
popular	dictionary	kaikki-tagalog
interes	dictionary	kaikki-tagalog
gitnang	pending	kaikki-tagalog
kaunting	pending	kaikki-tagalog
nahahati	dictionary	kaikki-tagalog
seryeng	pending	kaikki-tagalog
inilagay	dictionary	kaikki-tagalog
matagal	dictionary	kaikki-tagalog
pinatay	dictionary	kaikki-tagalog
sasakyan	dictionary	kaikki-tagalog
mismong	pending	kaikki-tagalog
simbolo	dictionary	kaikki-tagalog
magmula	dictionary	kaikki-tagalog
natitira	dictionary	kaikki-tagalog
nilalang	dictionary	kaikki-tagalog
panloob	dictionary	kaikki-tagalog
nagwagi	dictionary	kaikki-tagalog
nauugnay	dictionary	kaikki-tagalog
malayang	pending	kaikki-tagalog
nakatira	dictionary	kaikki-tagalog
natural	dictionary	kaikki-tagalog
umaabot	pending	kaikki-tagalog
hinirang	pending	kaikki-tagalog
medalya	dictionary	kaikki-tagalog
pagpatay	dictionary	kaikki-tagalog
malamang	dictionary	kaikki-tagalog
panlabas	dictionary	kaikki-tagalog
kalaban	dictionary	kaikki-tagalog
simpleng	pending	kaikki-tagalog
edisyon	dictionary	kaikki-tagalog
kasarian	dictionary	kaikki-tagalog
malaman	dictionary	kaikki-tagalog
tirahan	dictionary	kaikki-tagalog
suporta	dictionary	kaikki-tagalog
teoriya	dictionary	kaikki-tagalog
abenida	dictionary	kaikki-tagalog
nagtatag	dictionary	kaikki-tagalog
mamatay	dictionary	kaikki-tagalog
nanatili	dictionary	kaikki-tagalog
pasahero	dictionary	kaikki-tagalog
matatag	dictionary	kaikki-tagalog
tumagal	pending	kaikki-tagalog
salaysay	dictionary	kaikki-tagalog
sinundan	dictionary	kaikki-tagalog
marahil	dictionary	kaikki-tagalog
gaanong	pending	kaikki-tagalog
katagang	pending	kaikki-tagalog
palaging	pending	kaikki-tagalog
magbigay	dictionary	kaikki-tagalog
pagsubok	pending	kaikki-tagalog
espesye	dictionary	kaikki-tagalog
paraang	pending	kaikki-tagalog
filipino	dictionary	kaikki-tagalog
kabanata	dictionary	kaikki-tagalog
katedral	dictionary	kaikki-tagalog
kontrata	dictionary	kaikki-tagalog
kalidad	dictionary	kaikki-tagalog
sinasabi	dictionary	kaikki-tagalog
bersiyon	dictionary	kaikki-tagalog
inilipat	pending	kaikki-tagalog
kumpara	pending	kaikki-tagalog
paglipas	dictionary	kaikki-tagalog
palarong	pending	kaikki-tagalog
maiwasan	pending	kaikki-tagalog
sekswal	dictionary	kaikki-tagalog
talagang	pending	kaikki-tagalog
europeo	dictionary	kaikki-tagalog
hakbang	dictionary	kaikki-tagalog
biktima	dictionary	kaikki-tagalog
manonood	dictionary	kaikki-tagalog
mabuting	pending	kaikki-tagalog
regular	dictionary	kaikki-tagalog
imperyo	dictionary	kaikki-tagalog
kahabaan	dictionary	kaikki-tagalog
may-ari	dictionary	kaikki-tagalog
bumagsak	dictionary	kaikki-tagalog
politika	dictionary	kaikki-tagalog
kalahok	dictionary	kaikki-tagalog
kuryente	dictionary	kaikki-tagalog
literal	dictionary	kaikki-tagalog
ipakita	dictionary	kaikki-tagalog
kapalit	dictionary	kaikki-tagalog
bakterya	dictionary	kaikki-tagalog
nakamit	pending	kaikki-tagalog
solusyon	dictionary	kaikki-tagalog
pagsabog	pending	kaikki-tagalog
pasyente	dictionary	kaikki-tagalog
hukbong	pending	kaikki-tagalog
pagpasok	pending	kaikki-tagalog
presyon	dictionary	kaikki-tagalog
heneral	dictionary	kaikki-tagalog
merkado	dictionary	kaikki-tagalog
nagbago	pending	kaikki-tagalog
palitan	dictionary	kaikki-tagalog
ikaapat	dictionary	kaikki-tagalog
minsang	pending	kaikki-tagalog
nobelang	pending	kaikki-tagalog
puwersa	dictionary	kaikki-tagalog
siyudad	dictionary	kaikki-tagalog
ugnayan	dictionary	kaikki-tagalog
mangyari	dictionary	kaikki-tagalog
politiko	dictionary	kaikki-tagalog
kapitan	dictionary	kaikki-tagalog
makakuha	dictionary	kaikki-tagalog
malalim	dictionary	kaikki-tagalog
patinig	dictionary	kaikki-tagalog
kantang	pending	kaikki-tagalog
planeta	dictionary	kaikki-tagalog
seksuwal	dictionary	kaikki-tagalog
depende	dictionary	kaikki-tagalog
halagang	pending	kaikki-tagalog
nahalal	pending	kaikki-tagalog
desisyon	dictionary	kaikki-tagalog
paggalaw	pending	kaikki-tagalog
pagkilos	pending	kaikki-tagalog
bilyong	pending	kaikki-tagalog
halamang	pending	kaikki-tagalog
batayan	dictionary	kaikki-tagalog
kampanya	dictionary	kaikki-tagalog
katutubo	dictionary	kaikki-tagalog
pagpili	pending	kaikki-tagalog
pagkuha	pending	kaikki-tagalog
paglago	pending	kaikki-tagalog
gayunman	dictionary	kaikki-tagalog
kilusang	pending	kaikki-tagalog
kinilala	pending	kaikki-tagalog
libingan	dictionary	kaikki-tagalog
linyang	pending	kaikki-tagalog
pumunta	dictionary	kaikki-tagalog
rehiyong	pending	kaikki-tagalog
aktibong	pending	kaikki-tagalog
kasabay	pending	kaikki-tagalog
sinulat	dictionary	kaikki-tagalog
sobrang	pending	kaikki-tagalog
isinama	dictionary	kaikki-tagalog
kaluluwa	dictionary	kaikki-tagalog
musikero	dictionary	kaikki-tagalog
nagsilbi	dictionary	kaikki-tagalog
timbang	dictionary	kaikki-tagalog
lumahok	pending	kaikki-tagalog
magamit	dictionary	kaikki-tagalog
konseho	dictionary	kaikki-tagalog
alkalde	dictionary	kaikki-tagalog
kalakal	dictionary	kaikki-tagalog
kritikal	dictionary	kaikki-tagalog
lubhang	pending	kaikki-tagalog
paglipat	pending	kaikki-tagalog
watawat	dictionary	kaikki-tagalog
estadong	pending	kaikki-tagalog
luklukan	dictionary	kaikki-tagalog
mensahe	dictionary	kaikki-tagalog
nakatayo	dictionary	kaikki-tagalog
palapag	dictionary	kaikki-tagalog
palasyo	dictionary	kaikki-tagalog
paunang	pending	kaikki-tagalog
totoong	pending	kaikki-tagalog
iskolar	dictionary	kaikki-tagalog
layuning	pending	kaikki-tagalog
mag-anak	dictionary	kaikki-tagalog
medikal	pending	kaikki-tagalog
tumulong	dictionary	kaikki-tagalog
gusaling	pending	kaikki-tagalog
nakaraan	dictionary	kaikki-tagalog
sandali	dictionary	kaikki-tagalog
teknikal	pending	kaikki-tagalog
tumukoy	pending	kaikki-tagalog
medisina	dictionary	kaikki-tagalog
nag-aral	dictionary	kaikki-tagalog
pabalik	dictionary	kaikki-tagalog
dakilang	pending	kaikki-tagalog
masamang	pending	kaikki-tagalog
sagisag	dictionary	kaikki-tagalog
segundo	dictionary	kaikki-tagalog
daantaon	dictionary	kaikki-tagalog
mahigpit	dictionary	kaikki-tagalog
nakabase	pending	kaikki-tagalog
kongreso	dictionary	kaikki-tagalog
dayuhan	dictionary	kaikki-tagalog
nawasak	dictionary	kaikki-tagalog
titulong	pending	kaikki-tagalog
asawang	pending	kaikki-tagalog
eroplano	dictionary	kaikki-tagalog
hitsura	dictionary	kaikki-tagalog
bagyong	pending	kaikki-tagalog
ilarawan	pending	kaikki-tagalog
iniulat	pending	kaikki-tagalog
modelong	pending	kaikki-tagalog
himpilan	dictionary	kaikki-tagalog
mabigat	dictionary	kaikki-tagalog
nagtala	pending	kaikki-tagalog
tumigil	pending	kaikki-tagalog
espasyo	dictionary	kaikki-tagalog
kumalat	dictionary	kaikki-tagalog
puntong	pending	kaikki-tagalog
bagamat	dictionary	kaikki-tagalog
baguhin	pending	kaikki-tagalog
itinakda	pending	kaikki-tagalog
tingnan	dictionary	kaikki-tagalog
turista	dictionary	kaikki-tagalog
opisina	dictionary	kaikki-tagalog
sinakop	pending	kaikki-tagalog
tag-init	dictionary	kaikki-tagalog
tropikal	dictionary	kaikki-tagalog
harapan	dictionary	kaikki-tagalog
pagtukoy	pending	kaikki-tagalog
sentral	dictionary	kaikki-tagalog
musikang	pending	kaikki-tagalog
naglaro	dictionary	kaikki-tagalog
paglaki	pending	kaikki-tagalog
parokya	dictionary	kaikki-tagalog
sandata	dictionary	kaikki-tagalog
hinango	pending	kaikki-tagalog
kalihim	dictionary	kaikki-tagalog
larawang	pending	kaikki-tagalog
palayaw	dictionary	kaikki-tagalog
tekstong	pending	kaikki-tagalog
tumakas	dictionary	kaikki-tagalog
italyano	dictionary	kaikki-tagalog
aksiyon	dictionary	kaikki-tagalog
mamimili	dictionary	kaikki-tagalog
taglamig	dictionary	kaikki-tagalog
ugnayang	pending	kaikki-tagalog
detalye	dictionary	kaikki-tagalog
ibinalik	dictionary	kaikki-tagalog
kalsada	dictionary	kaikki-tagalog
katulong	dictionary	kaikki-tagalog
kemikal	dictionary	kaikki-tagalog
nabuhay	dictionary	kaikki-tagalog
ngayong	pending	kaikki-tagalog
sentrong	pending	kaikki-tagalog
tagagawa	pending	kaikki-tagalog
tawagin	pending	kaikki-tagalog
tinukoy	pending	kaikki-tagalog
prinsipe	dictionary	kaikki-tagalog
mahinang	pending	kaikki-tagalog
nagtagal	pending	kaikki-tagalog
nawawala	dictionary	kaikki-tagalog
salaping	pending	kaikki-tagalog
tanawin	dictionary	kaikki-tagalog
dambana	dictionary	kaikki-tagalog
humingi	dictionary	kaikki-tagalog
nagdala	dictionary	kaikki-tagalog
pagkaing	pending	kaikki-tagalog
pagsapit	pending	kaikki-tagalog
punsiyon	dictionary	kaikki-tagalog
bangkay	dictionary	kaikki-tagalog
kapuluan	dictionary	kaikki-tagalog
nanguna	dictionary	kaikki-tagalog
nawalan	pending	kaikki-tagalog
pamamaga	pending	kaikki-tagalog
propesor	dictionary	kaikki-tagalog
sinumang	pending	kaikki-tagalog
isahang	pending	kaikki-tagalog
kilusan	dictionary	kaikki-tagalog
mabuhay	dictionary	kaikki-tagalog
naitatag	pending	kaikki-tagalog
pandagat	pending	kaikki-tagalog
salamin	dictionary	kaikki-tagalog
kaisipan	dictionary	kaikki-tagalog
kondado	pending	kaikki-tagalog
musikal	pending	kaikki-tagalog
nagkamit	pending	kaikki-tagalog
trapiko	dictionary	kaikki-tagalog
tulungan	dictionary	kaikki-tagalog
kumakain	dictionary	kaikki-tagalog
makabuo	dictionary	kaikki-tagalog
matanda	dictionary	kaikki-tagalog
matibay	dictionary	kaikki-tagalog
palagay	dictionary	kaikki-tagalog
tipikal	pending	kaikki-tagalog
tumungo	pending	kaikki-tagalog
makilala	dictionary	kaikki-tagalog
nabigyan	dictionary	kaikki-tagalog
nalaman	dictionary	kaikki-tagalog
posible	dictionary	kaikki-tagalog
talento	dictionary	kaikki-tagalog
tumataas	pending	kaikki-tagalog
istorya	dictionary	kaikki-tagalog
katauhan	dictionary	kaikki-tagalog
halalang	pending	kaikki-tagalog
kaarawan	dictionary	kaikki-tagalog
makagawa	dictionary	kaikki-tagalog
panukala	dictionary	kaikki-tagalog
alinman	dictionary	kaikki-tagalog
bahagdan	dictionary	kaikki-tagalog
ikalawa	dictionary	kaikki-tagalog
katinig	dictionary	kaikki-tagalog
kawalang	pending	kaikki-tagalog
makamit	pending	kaikki-tagalog
pagkalat	dictionary	kaikki-tagalog
panayam	dictionary	kaikki-tagalog
sumikat	dictionary	kaikki-tagalog
terminal	dictionary	kaikki-tagalog
dayuhang	pending	kaikki-tagalog
kahalili	dictionary	kaikki-tagalog
kolonya	dictionary	kaikki-tagalog
kolonyal	dictionary	kaikki-tagalog
komedya	dictionary	kaikki-tagalog
paglaon	pending	kaikki-tagalog
selulang	pending	kaikki-tagalog
bilanggo	dictionary	kaikki-tagalog
daungan	dictionary	kaikki-tagalog
laganap	dictionary	kaikki-tagalog
matukoy	pending	kaikki-tagalog
palibot	pending	kaikki-tagalog
papasok	dictionary	kaikki-tagalog
positibo	dictionary	kaikki-tagalog
pulisya	dictionary	kaikki-tagalog
mayaman	dictionary	kaikki-tagalog
nagpasya	pending	kaikki-tagalog
paksang	pending	kaikki-tagalog
pasukan	dictionary	kaikki-tagalog
reporma	dictionary	kaikki-tagalog
tukuyin	pending	kaikki-tagalog
komisyon	dictionary	kaikki-tagalog
dibisyon	dictionary	kaikki-tagalog
dumadaan	dictionary	kaikki-tagalog
gagawin	dictionary	kaikki-tagalog
makinang	dictionary	kaikki-tagalog
nakagawa	dictionary	kaikki-tagalog
abogado	dictionary	kaikki-tagalog
espiritu	dictionary	kaikki-tagalog
kautusan	dictionary	kaikki-tagalog
kinakain	dictionary	kaikki-tagalog
pumayag	dictionary	kaikki-tagalog
limitado	dictionary	kaikki-tagalog
litrato	dictionary	kaikki-tagalog
mayamang	pending	kaikki-tagalog
pag-iwas	dictionary	kaikki-tagalog
pintuan	dictionary	kaikki-tagalog
pinunong	pending	kaikki-tagalog
supling	dictionary	kaikki-tagalog
hukuman	dictionary	kaikki-tagalog
ikinasal	pending	kaikki-tagalog
estilong	pending	kaikki-tagalog
gintong	pending	kaikki-tagalog
itinaas	dictionary	kaikki-tagalog
makukuha	dictionary	kaikki-tagalog
matigas	dictionary	kaikki-tagalog
nagpunta	dictionary	kaikki-tagalog
naiulat	pending	kaikki-tagalog
napatay	dictionary	kaikki-tagalog
pagbaba	pending	kaikki-tagalog
paglabag	dictionary	kaikki-tagalog
patayin	dictionary	kaikki-tagalog
protesta	dictionary	kaikki-tagalog
tumanggi	dictionary	kaikki-tagalog
turismo	dictionary	kaikki-tagalog
umakyat	dictionary	kaikki-tagalog
saligang	pending	kaikki-tagalog
iginawad	pending	kaikki-tagalog
kursong	pending	kaikki-tagalog
lumaban	dictionary	kaikki-tagalog
nagsulat	dictionary	kaikki-tagalog
nagtamo	pending	kaikki-tagalog
nagtayo	pending	kaikki-tagalog
yugtong	pending	kaikki-tagalog
pambansa	dictionary	kaikki-tagalog
ahensiya	dictionary	kaikki-tagalog
kuponan	pending	kaikki-tagalog
maglaon	pending	kaikki-tagalog
manatili	dictionary	kaikki-tagalog
nabubuo	dictionary	kaikki-tagalog
pabrika	dictionary	kaikki-tagalog
pagbili	dictionary	kaikki-tagalog
romanong	pending	kaikki-tagalog
kaayusan	dictionary	kaikki-tagalog
kriminal	dictionary	kaikki-tagalog
likuran	dictionary	kaikki-tagalog
makapal	dictionary	kaikki-tagalog
paghinga	pending	kaikki-tagalog
pwersang	pending	kaikki-tagalog
tahimik	dictionary	kaikki-tagalog
iglesia	dictionary	kaikki-tagalog
bihirang	pending	kaikki-tagalog
epektibo	dictionary	kaikki-tagalog
fakultad	pending	kaikki-tagalog
gerilya	dictionary	kaikki-tagalog
kasuotan	dictionary	kaikki-tagalog
kimikal	pending	kaikki-tagalog
mukhang	pending	kaikki-tagalog
mundong	pending	kaikki-tagalog
nagawang	pending	kaikki-tagalog
tuwirang	pending	kaikki-tagalog
websayt	dictionary	kaikki-tagalog
darating	dictionary	kaikki-tagalog
epektong	pending	kaikki-tagalog
kumbento	dictionary	kaikki-tagalog
malinis	dictionary	kaikki-tagalog
naisulat	dictionary	kaikki-tagalog
nilabas	pending	kaikki-tagalog
pilosopo	dictionary	kaikki-tagalog
sinabing	pending	kaikki-tagalog
iligtas	pending	kaikki-tagalog
kaliwang	pending	kaikki-tagalog
libreng	pending	kaikki-tagalog
matataas	dictionary	kaikki-tagalog
paglitaw	pending	kaikki-tagalog
tuluyang	pending	kaikki-tagalog
umunlad	dictionary	kaikki-tagalog
indiyano	dictionary	kaikki-tagalog
analisis	dictionary	kaikki-tagalog
daluyan	dictionary	kaikki-tagalog
demonyo	dictionary	kaikki-tagalog
gustong	pending	kaikki-tagalog
halimaw	dictionary	kaikki-tagalog
iginuhit	pending	kaikki-tagalog
nakatala	pending	kaikki-tagalog
narinig	dictionary	kaikki-tagalog
pagtakbo	pending	kaikki-tagalog
pwedeng	pending	kaikki-tagalog
sibilyan	dictionary	kaikki-tagalog
angkang	pending	kaikki-tagalog
kakaiba	dictionary	kaikki-tagalog
kapilya	dictionary	kaikki-tagalog
klimang	pending	kaikki-tagalog
kultural	dictionary	kaikki-tagalog
lupaing	pending	kaikki-tagalog
molekula	dictionary	kaikki-tagalog
nailabas	pending	kaikki-tagalog
namumuno	pending	kaikki-tagalog
okasyon	dictionary	kaikki-tagalog
pagbaha	pending	kaikki-tagalog
pagbasa	pending	kaikki-tagalog
pagsamba	pending	kaikki-tagalog
panauhin	dictionary	kaikki-tagalog
pantalan	dictionary	kaikki-tagalog
samahang	pending	kaikki-tagalog
tuluyan	pending	kaikki-tagalog
apelyido	dictionary	kaikki-tagalog
asidong	pending	kaikki-tagalog
barkong	pending	kaikki-tagalog
ekwasyon	pending	kaikki-tagalog
kalooban	dictionary	kaikki-tagalog
kastilyo	dictionary	kaikki-tagalog
lumalaki	dictionary	kaikki-tagalog
magaling	dictionary	kaikki-tagalog
nagbunga	pending	kaikki-tagalog
paglaban	pending	kaikki-tagalog
pampang	dictionary	kaikki-tagalog
pederal	dictionary	kaikki-tagalog
pumatay	dictionary	kaikki-tagalog
sinuman	dictionary	kaikki-tagalog
umaayon	pending	kaikki-tagalog
umiikot	dictionary	kaikki-tagalog
magdulot	dictionary	kaikki-tagalog
mahilig	dictionary	kaikki-tagalog
opinyon	dictionary	kaikki-tagalog
pananim	dictionary	kaikki-tagalog
panganay	dictionary	kaikki-tagalog
paningin	dictionary	kaikki-tagalog
papaano	pending	kaikki-tagalog
pulgada	dictionary	kaikki-tagalog
tauhang	pending	kaikki-tagalog
tonelada	dictionary	kaikki-tagalog
kalangitan	dictionary	kaikki-tagalog
kausapin	dictionary	kaikki-tagalog
kawawa	dictionary	kaikki-tagalog
kilay	dictionary	kaikki-tagalog
mabasa	dictionary	kaikki-tagalog
makakita	dictionary	kaikki-tagalog
nagalit	dictionary	kaikki-tagalog
nakatakdang	pending	kaikki-tagalog
napag	pending	kaikki-tagalog
napapansin	dictionary	kaikki-tagalog
pananakit	pending	kaikki-tagalog
pasensya	dictionary	kaikki-tagalog
pauwi	dictionary	kaikki-tagalog
pwesto	dictionary	kaikki-tagalog
saserdote	dictionary	kaikki-tagalog
sumigaw	pending	kaikki-tagalog
telepono	dictionary	kaikki-tagalog
tutulong	dictionary	kaikki-tagalog
aayos	dictionary	kaikki-tagalog
dakila	dictionary	kaikki-tagalog
dakong	pending	kaikki-tagalog
humihingi	dictionary	kaikki-tagalog
husay	dictionary	kaikki-tagalog
kaakibat	pending	kaikki-tagalog
kelangan	dictionary	kaikki-tagalog
kumpleto	dictionary	kaikki-tagalog
kusang	pending	kaikki-tagalog
lasing	dictionary	kaikki-tagalog
mababasa	dictionary	kaikki-tagalog
magsulat	dictionary	kaikki-tagalog
mai	dictionary	kaikki-tagalog
matamis	dictionary	kaikki-tagalog
nakakatawa	dictionary	kaikki-tagalog
nakapasok	pending	kaikki-tagalog
paglilinaw	dictionary	kaikki-tagalog
pansinin	dictionary	kaikki-tagalog
planong	pending	kaikki-tagalog
sakali	dictionary	kaikki-tagalog
tropa	dictionary	kaikki-tagalog
aabuso	pending	kaikki-tagalog
aparato	dictionary	kaikki-tagalog
basehan	dictionary	kaikki-tagalog
binabasa	dictionary	kaikki-tagalog
halatang	pending	kaikki-tagalog
ituloy	pending	kaikki-tagalog
kaba	dictionary	kaikki-tagalog
kalungkutan	dictionary	kaikki-tagalog
kumilos	pending	kaikki-tagalog
makikilala	dictionary	kaikki-tagalog
mapanganib	dictionary	kaikki-tagalog
matupad	pending	kaikki-tagalog
minahal	dictionary	kaikki-tagalog
nagpapasalamat	pending	kaikki-tagalog
ordinaryong	pending	kaikki-tagalog
pagpapahalaga	pending	kaikki-tagalog
pinagdaanan	dictionary	kaikki-tagalog
pinayagan	pending	kaikki-tagalog
tip	dictionary	kaikki-tagalog
tipong	pending	kaikki-tagalog
umasa	dictionary	kaikki-tagalog
aminin	dictionary	kaikki-tagalog
barkada	dictionary	kaikki-tagalog
coco	dictionary	kaikki-tagalog
hangang	pending	kaikki-tagalog
iisipin	dictionary	kaikki-tagalog
inabot	dictionary	kaikki-tagalog
ipon	dictionary	kaikki-tagalog
katapatan	dictionary	kaikki-tagalog
konstitusyon	dictionary	kaikki-tagalog
lamig	dictionary	kaikki-tagalog
manong	dictionary	kaikki-tagalog
mapigilan	pending	kaikki-tagalog
nagbalik	dictionary	kaikki-tagalog
nakasaad	pending	kaikki-tagalog
payat	dictionary	kaikki-tagalog
sangguniang	pending	kaikki-tagalog
ta	dictionary	kaikki-tagalog
teka	dictionary	kaikki-tagalog
tinatanong	dictionary	kaikki-tagalog
tuntunin	pending	kaikki-tagalog
unahan	pending	kaikki-tagalog
uuwi	dictionary	kaikki-tagalog
anggulo	dictionary	kaikki-tagalog
ayokong	pending	kaikki-tagalog
bakas	dictionary	kaikki-tagalog
bulag	dictionary	kaikki-tagalog
dilim	dictionary	kaikki-tagalog
ecija	pending	kaikki-tagalog
hatid	dictionary	kaikki-tagalog
hiniling	pending	kaikki-tagalog
hudyo	dictionary	kaikki-tagalog
idea	dictionary	kaikki-tagalog
kapakanan	dictionary	kaikki-tagalog
laptop	dictionary	kaikki-tagalog
mambabatas	dictionary	kaikki-tagalog
mapapanood	pending	kaikki-tagalog
muntik	dictionary	kaikki-tagalog
nagbabasa	dictionary	kaikki-tagalog
nahihiya	dictionary	kaikki-tagalog
nakikitang	pending	kaikki-tagalog
naniwala	dictionary	kaikki-tagalog
pagbabawas	pending	kaikki-tagalog
pagmamay	pending	kaikki-tagalog
pagnanais	pending	kaikki-tagalog
pahinga	dictionary	kaikki-tagalog
perpektong	pending	kaikki-tagalog
pigilan	pending	kaikki-tagalog
pipiliin	pending	kaikki-tagalog
saring	pending	kaikki-tagalog
talumpati	dictionary	kaikki-tagalog
tamad	dictionary	kaikki-tagalog
bading	dictionary	kaikki-tagalog
baliw	dictionary	kaikki-tagalog
demokrasya	dictionary	kaikki-tagalog
edit	dictionary	kaikki-tagalog
ganung	pending	kaikki-tagalog
ginang	dictionary	kaikki-tagalog
impiyerno	dictionary	kaikki-tagalog
iral	dictionary	kaikki-tagalog
kapal	dictionary	kaikki-tagalog
katapat	dictionary	kaikki-tagalog
katotohanang	pending	kaikki-tagalog
kelan	dictionary	kaikki-tagalog
labasan	dictionary	kaikki-tagalog
linggong	pending	kaikki-tagalog
magdadala	dictionary	kaikki-tagalog
magdamag	dictionary	kaikki-tagalog
magkakasama	pending	kaikki-tagalog
magpakita	dictionary	kaikki-tagalog
maiiwasan	pending	kaikki-tagalog
makapaniwala	pending	kaikki-tagalog
mapansin	dictionary	kaikki-tagalog
matatapos	dictionary	kaikki-tagalog
nakangiti	dictionary	kaikki-tagalog
napapanood	pending	kaikki-tagalog
natawa	dictionary	kaikki-tagalog
ngaun	dictionary	kaikki-tagalog
nilagyan	dictionary	kaikki-tagalog
nyan	dictionary	kaikki-tagalog
paolo	pending	kaikki-tagalog
pasasalamat	dictionary	kaikki-tagalog
punta	dictionary	kaikki-tagalog
sakuna	dictionary	kaikki-tagalog
sunday	dictionary	kaikki-tagalog
tanghalan	pending	kaikki-tagalog
tatanggapin	dictionary	kaikki-tagalog
aga	dictionary	kaikki-tagalog
also	dictionary	kaikki-tagalog
angat	dictionary	kaikki-tagalog
apektado	dictionary	kaikki-tagalog
darna	pending	kaikki-tagalog
dasal	dictionary	kaikki-tagalog
diretso	dictionary	kaikki-tagalog
hamon	dictionary	kaikki-tagalog
hinanap	dictionary	kaikki-tagalog
ipinaliwanag	dictionary	kaikki-tagalog
kababayan	dictionary	kaikki-tagalog
kabutihan	dictionary	kaikki-tagalog
kaunlaran	dictionary	kaikki-tagalog
mabubuhay	dictionary	kaikki-tagalog
magkaiba	pending	kaikki-tagalog
maisip	dictionary	kaikki-tagalog
mananatili	dictionary	kaikki-tagalog
maunawaan	pending	kaikki-tagalog
nabibilang	dictionary	kaikki-tagalog
nadarama	pending	kaikki-tagalog
nakaharap	pending	kaikki-tagalog
nawawalan	pending	kaikki-tagalog
pagbisita	pending	kaikki-tagalog
paghahatid	pending	kaikki-tagalog
pagkakaibigan	dictionary	kaikki-tagalog
paglipad	pending	kaikki-tagalog
parati	dictionary	kaikki-tagalog
siguraduhin	dictionary	kaikki-tagalog
sumakay	dictionary	kaikki-tagalog
tapang	dictionary	kaikki-tagalog
tumayo	dictionary	kaikki-tagalog
akyat	dictionary	kaikki-tagalog
alagaan	pending	kaikki-tagalog
balang	dictionary	kaikki-tagalog
baon	dictionary	kaikki-tagalog
ganang	pending	kaikki-tagalog
ipasa	pending	kaikki-tagalog
ipinagkaloob	pending	kaikki-tagalog
kalinga	dictionary	kaikki-tagalog
mabawasan	pending	kaikki-tagalog
mabigyan	dictionary	kaikki-tagalog
maglakad	dictionary	kaikki-tagalog
magluto	dictionary	kaikki-tagalog
magnanakaw	dictionary	kaikki-tagalog
mawawalan	pending	kaikki-tagalog
nababasa	dictionary	kaikki-tagalog
nagkita	pending	kaikki-tagalog
nagtataka	pending	kaikki-tagalog
nakakalungkot	pending	kaikki-tagalog
paggalang	pending	kaikki-tagalog
parusa	dictionary	kaikki-tagalog
pinalaki	dictionary	kaikki-tagalog
seksyon	pending	kaikki-tagalog
seryosong	pending	kaikki-tagalog
sugatan	pending	kaikki-tagalog
te	dictionary	kaikki-tagalog
bakuran	dictionary	kaikki-tagalog
dos	dictionary	kaikki-tagalog
epiko	dictionary	kaikki-tagalog
gumana	pending	kaikki-tagalog
kaibahan	dictionary	kaikki-tagalog
lalagyan	dictionary	kaikki-tagalog
lalakeng	pending	kaikki-tagalog
ligaya	dictionary	kaikki-tagalog
lumayo	dictionary	kaikki-tagalog
lunsod	dictionary	kaikki-tagalog
magmahal	dictionary	kaikki-tagalog
makakain	dictionary	kaikki-tagalog
manipis	dictionary	kaikki-tagalog
maririnig	dictionary	kaikki-tagalog
masasabing	pending	kaikki-tagalog
nagkataon	dictionary	kaikki-tagalog
bulaklak	dictionary	kaikki-tagalog
dalangin	dictionary	kaikki-tagalog
damdamin	dictionary	kaikki-tagalog
dingding	dictionary	kaikki-tagalog
iskedyul	dictionary	kaikki-tagalog
kaibigan	dictionary	kaikki-tagalog
magulang	dictionary	kaikki-tagalog
mansanas	dictionary	kaikki-tagalog
paaralan	dictionary	kaikki-tagalog
palengke	dictionary	kaikki-tagalog
pangarap	dictionary	kaikki-tagalog
paruparo	dictionary	kaikki-tagalog
simbahan	dictionary	kaikki-tagalog
sombrero	dictionary	kaikki-tagalog
tindahan	dictionary	kaikki-tagalog
mag-isa	dictionary	kaikki-tagalog
bahaghari	dictionary	kaikki-tagalog
bisikleta	dictionary	kaikki-tagalog
damdaming	pending	kaikki-tagalog
kalikasan	dictionary	kaikki-tagalog
kalusugan	dictionary	kaikki-tagalog
kompyuter	dictionary	kaikki-tagalog
malunggay	dictionary	kaikki-tagalog
malungkot	dictionary	kaikki-tagalog
panaginip	dictionary	kaikki-tagalog
tsokolate	dictionary	kaikki-tagalog
mag-aral	dictionary	kaikki-tagalog
pag-ibig	dictionary	kaikki-tagalog
kagandahan	dictionary	kaikki-tagalog
karunungan	dictionary	kaikki-tagalog
kasaganaan	dictionary	kaikki-tagalog
kasaysayan	dictionary	kaikki-tagalog
kayumanggi	dictionary	kaikki-tagalog
pagkakaisa	dictionary	kaikki-tagalog
pagmamahal	dictionary	kaikki-tagalog
telebisyon	dictionary	kaikki-tagalog
araw-araw	dictionary	kaikki-tagalog
pag-aaral	dictionary	kaikki-tagalog
kahalagahan	dictionary	kaikki-tagalog
kaligayahan	dictionary	kaikki-tagalog
kapaligiran	pending	kaikki-tagalog
katahimikan	dictionary	kaikki-tagalog
katotohanan	dictionary	kaikki-tagalog
bahay-bahayan	dictionary	kaikki-tagalog
pananampalataya	dictionary	kaikki-tagalog
pamamagitan	dictionary	kaikki-tagalog
pangunahin	dictionary	kaikki-tagalog
pangunahing	pending	kaikki-tagalog
planetang	pending	kaikki-tagalog
tinatawag	pending	kaikki-tagalog
pagkatapos	dictionary	kaikki-tagalog
ginagamit	dictionary	kaikki-tagalog
karaniwang	pending	kaikki-tagalog
karamihan	dictionary	kaikki-tagalog
populasyon	dictionary	kaikki-tagalog
pamahalaan	dictionary	kaikki-tagalog
matatagpuan	pending	kaikki-tagalog
kasalukuyang	pending	kaikki-tagalog
gayunpaman	dictionary	kaikki-tagalog
ipinanganak	pending	kaikki-tagalog
nagkaroon	dictionary	kaikki-tagalog
lalawigan	dictionary	kaikki-tagalog
unibersidad	dictionary	kaikki-tagalog
nagsimula	dictionary	kaikki-tagalog
pinakamalaking	pending	kaikki-tagalog
pelikulang	pending	kaikki-tagalog
manlalaro	dictionary	kaikki-tagalog
pangalang	pending	kaikki-tagalog
itinuturing	pending	kaikki-tagalog
ikalawang	pending	kaikki-tagalog
halimbawa	dictionary	kaikki-tagalog
pagbabago	dictionary	kaikki-tagalog
gumagamit	dictionary	kaikki-tagalog
pangalawang	pending	kaikki-tagalog
kasalukuyan	dictionary	kaikki-tagalog
kapangyarihan	dictionary	kaikki-tagalog
nagbibigay	dictionary	kaikki-tagalog
mag-aaral	dictionary	kaikki-tagalog
katangian	dictionary	kaikki-tagalog
kamatayan	dictionary	kaikki-tagalog
kahulugan	dictionary	kaikki-tagalog
pagkakaroon	pending	kaikki-tagalog
pambansang	pending	kaikki-tagalog
sistemang	pending	kaikki-tagalog
kadalasang	pending	kaikki-tagalog
pagkakataon	dictionary	kaikki-tagalog
sinaunang	pending	kaikki-tagalog
naglalaman	pending	kaikki-tagalog
tumutukoy	pending	kaikki-tagalog
mahalagang	pending	kaikki-tagalog
manunulat	dictionary	kaikki-tagalog
nagpapakita	dictionary	kaikki-tagalog
amerikano	dictionary	kaikki-tagalog
magkaroon	dictionary	kaikki-tagalog
pangkalahatang	pending	kaikki-tagalog
pinakamataas	pending	kaikki-tagalog
indibidwal	dictionary	kaikki-tagalog
kinabibilangan	pending	kaikki-tagalog
kailangan	dictionary	kaikki-tagalog
matagumpay	dictionary	kaikki-tagalog
kababaihan	dictionary	kaikki-tagalog
pagsusuri	pending	kaikki-tagalog
mamamayan	dictionary	kaikki-tagalog
nagsimulang	pending	kaikki-tagalog
ekonomiya	dictionary	kaikki-tagalog
modernong	pending	kaikki-tagalog
katutubong	pending	kaikki-tagalog
mang-aawit	dictionary	kaikki-tagalog
pangyayari	dictionary	kaikki-tagalog
edukasyon	dictionary	kaikki-tagalog
hangganan	dictionary	kaikki-tagalog
kaganapan	dictionary	kaikki-tagalog
industriya	dictionary	kaikki-tagalog
tungkulin	dictionary	kaikki-tagalog
samantalang	pending	kaikki-tagalog
pamamaraan	pending	kaikki-tagalog
karaniwan	dictionary	kaikki-tagalog
karagdagang	pending	kaikki-tagalog
sumusunod	dictionary	kaikki-tagalog
impormasyon	dictionary	kaikki-tagalog
nakaraang	pending	kaikki-tagalog
malalaking	pending	kaikki-tagalog
natatanging	pending	kaikki-tagalog
tinatayang	pending	kaikki-tagalog
kakayahan	dictionary	kaikki-tagalog
pinamagatang	pending	kaikki-tagalog
pinagmulan	dictionary	kaikki-tagalog
kaugnayan	dictionary	kaikki-tagalog
kristiyano	dictionary	kaikki-tagalog
pamamahala	dictionary	kaikki-tagalog
kilometro	dictionary	kaikki-tagalog
pananaliksik	pending	kaikki-tagalog
sinasabing	pending	kaikki-tagalog
nakatanggap	dictionary	kaikki-tagalog
pagkakaiba	dictionary	kaikki-tagalog
karagdagan	dictionary	kaikki-tagalog
amerikanong	pending	kaikki-tagalog
naninirahan	dictionary	kaikki-tagalog
operasyon	dictionary	kaikki-tagalog
paglalakbay	pending	kaikki-tagalog
pamayanan	dictionary	kaikki-tagalog
makabagong	pending	kaikki-tagalog
pampolitika	dictionary	kaikki-tagalog
pagdiriwang	dictionary	kaikki-tagalog
tinutukoy	pending	kaikki-tagalog
pag-unlad	dictionary	kaikki-tagalog
pandaigdigang	pending	kaikki-tagalog
pagkamatay	pending	kaikki-tagalog
pinalitan	dictionary	kaikki-tagalog
pampublikong	pending	kaikki-tagalog
relihiyon	dictionary	kaikki-tagalog
emperador	dictionary	kaikki-tagalog
nangyayari	dictionary	kaikki-tagalog
natuklasan	pending	kaikki-tagalog
paniniwala	dictionary	kaikki-tagalog
republika	dictionary	kaikki-tagalog
pinakawalan	pending	kaikki-tagalog
karapatan	dictionary	kaikki-tagalog
matinding	pending	kaikki-tagalog
pinakamahusay	pending	kaikki-tagalog
natagpuan	pending	kaikki-tagalog
pagtatayo	pending	kaikki-tagalog
pangangailangan	dictionary	kaikki-tagalog
pagtatapos	dictionary	kaikki-tagalog
pilipinong	pending	kaikki-tagalog
pagbibigay	pending	kaikki-tagalog
programang	pending	kaikki-tagalog
kakayahang	pending	kaikki-tagalog
humantong	pending	kaikki-tagalog
kailangang	pending	kaikki-tagalog
kalagayan	dictionary	kaikki-tagalog
kinakailangan	dictionary	kaikki-tagalog
nangungunang	pending	kaikki-tagalog
munisipalidad	pending	kaikki-tagalog
pagdating	dictionary	kaikki-tagalog
patakaran	dictionary	kaikki-tagalog
kumakatawan	dictionary	kaikki-tagalog
panlipunan	dictionary	kaikki-tagalog
pagsasanay	dictionary	kaikki-tagalog
pamahalaang	pending	kaikki-tagalog
tanggapan	dictionary	kaikki-tagalog
kalagitnaan	dictionary	kaikki-tagalog
pribadong	pending	kaikki-tagalog
samantala	dictionary	kaikki-tagalog
magandang	pending	kaikki-tagalog
nangangailangan	dictionary	kaikki-tagalog
kalaunang	pending	kaikki-tagalog
komunidad	dictionary	kaikki-tagalog
impeksiyon	dictionary	kaikki-tagalog
nabanggit	dictionary	kaikki-tagalog
natitirang	pending	kaikki-tagalog
produksiyon	dictionary	kaikki-tagalog
teritoryo	dictionary	kaikki-tagalog
kinikilala	pending	kaikki-tagalog
naniniwala	dictionary	kaikki-tagalog
nagpatuloy	dictionary	kaikki-tagalog
temperatura	dictionary	kaikki-tagalog
kinatawan	dictionary	kaikki-tagalog
pangkalahatan	dictionary	kaikki-tagalog
pinangalanang	pending	kaikki-tagalog
tradisyon	dictionary	kaikki-tagalog
malawakang	pending	kaikki-tagalog
posibleng	pending	kaikki-tagalog
institusyon	dictionary	kaikki-tagalog
pangkaraniwang	pending	kaikki-tagalog
karanasan	dictionary	kaikki-tagalog
terminong	pending	kaikki-tagalog
estudyante	dictionary	kaikki-tagalog
kasunduan	dictionary	kaikki-tagalog
kondisyon	dictionary	kaikki-tagalog
magagamit	dictionary	kaikki-tagalog
ipinalabas	pending	kaikki-tagalog
panitikan	dictionary	kaikki-tagalog
pagtatanghal	pending	kaikki-tagalog
pamilyang	pending	kaikki-tagalog
inilarawan	pending	kaikki-tagalog
silangang	pending	kaikki-tagalog
tradisyonal	dictionary	kaikki-tagalog
impluwensiya	dictionary	kaikki-tagalog
pinangalanan	dictionary	kaikki-tagalog
makasaysayang	pending	kaikki-tagalog
organisasyon	dictionary	kaikki-tagalog
tinanggap	dictionary	kaikki-tagalog
nilalaman	pending	kaikki-tagalog
ipinakita	dictionary	kaikki-tagalog
kagamitan	dictionary	kaikki-tagalog
kakulangan	dictionary	kaikki-tagalog
nananatiling	pending	kaikki-tagalog
ipinakilala	pending	kaikki-tagalog
pamilihan	dictionary	kaikki-tagalog
sinimulan	dictionary	kaikki-tagalog
patungong	pending	kaikki-tagalog
manggagawa	dictionary	kaikki-tagalog
nagsisimula	dictionary	kaikki-tagalog
pagtuturo	pending	kaikki-tagalog
pangyayaring	pending	kaikki-tagalog
paaralang	pending	kaikki-tagalog
pangulong	pending	kaikki-tagalog
sasakyang	pending	kaikki-tagalog
direktang	pending	kaikki-tagalog
kahirapan	dictionary	kaikki-tagalog
internasyonal	dictionary	kaikki-tagalog
nabubuhay	dictionary	kaikki-tagalog
nag-iisang	pending	kaikki-tagalog
pagkilala	dictionary	kaikki-tagalog
paglalarawan	dictionary	kaikki-tagalog
kapanahunan	dictionary	kaikki-tagalog
paghahanap	pending	kaikki-tagalog
teknolohiya	dictionary	kaikki-tagalog
ebidensiya	dictionary	kaikki-tagalog
lumilitaw	pending	kaikki-tagalog
pinamumunuan	dictionary	kaikki-tagalog
simbahang	pending	kaikki-tagalog
propesyonal	dictionary	kaikki-tagalog
inilathala	pending	kaikki-tagalog
nagngangalang	pending	kaikki-tagalog
gumaganap	dictionary	kaikki-tagalog
ipinahayag	pending	kaikki-tagalog
hinaharap	dictionary	kaikki-tagalog
katapusan	dictionary	kaikki-tagalog
pagkaraan	dictionary	kaikki-tagalog
pamumuhay	dictionary	kaikki-tagalog
kalalakihan	dictionary	kaikki-tagalog
nagtatrabaho	dictionary	kaikki-tagalog
awtoridad	dictionary	kaikki-tagalog
inilunsad	pending	kaikki-tagalog
kalakalan	dictionary	kaikki-tagalog
nagsasalita	dictionary	kaikki-tagalog
paghahari	pending	kaikki-tagalog
pinaniniwalaang	pending	kaikki-tagalog
katangiang	pending	kaikki-tagalog
nagaganap	dictionary	kaikki-tagalog
kadalasan	pending	kaikki-tagalog
naglalarawan	dictionary	kaikki-tagalog
nanatiling	pending	kaikki-tagalog
pagkawala	pending	kaikki-tagalog
nakasulat	dictionary	kaikki-tagalog
pahayagan	dictionary	kaikki-tagalog
paliparan	dictionary	kaikki-tagalog
karapatang	pending	kaikki-tagalog
natanggap	dictionary	kaikki-tagalog
pinakamatandang	pending	kaikki-tagalog
direksiyon	dictionary	kaikki-tagalog
siyentipiko	dictionary	kaikki-tagalog
kalakhang	pending	kaikki-tagalog
aktibidad	dictionary	kaikki-tagalog
kapanganakan	dictionary	kaikki-tagalog
katunayan	dictionary	kaikki-tagalog
pagtanggap	pending	kaikki-tagalog
seremonya	dictionary	kaikki-tagalog
malubhang	pending	kaikki-tagalog
organismo	dictionary	kaikki-tagalog
pandaigdig	dictionary	kaikki-tagalog
mahahalagang	pending	kaikki-tagalog
maliwanag	dictionary	kaikki-tagalog
bahagyang	pending	kaikki-tagalog
dokumento	dictionary	kaikki-tagalog
inilalarawan	pending	kaikki-tagalog
mabilisang	pending	kaikki-tagalog
pamamaraang	pending	kaikki-tagalog
kinakatawan	dictionary	kaikki-tagalog
nagdudulot	dictionary	kaikki-tagalog
nanirahan	dictionary	kaikki-tagalog
pagbabalik	dictionary	kaikki-tagalog
pagbagsak	pending	kaikki-tagalog
pagbubukas	pending	kaikki-tagalog
pagsusulat	dictionary	kaikki-tagalog
pamantayan	dictionary	kaikki-tagalog
pilosopiya	dictionary	kaikki-tagalog
tagahanga	dictionary	kaikki-tagalog
kristiyanismo	dictionary	kaikki-tagalog
gantimpala	dictionary	kaikki-tagalog
iminungkahi	pending	kaikki-tagalog
inspirasyon	dictionary	kaikki-tagalog
itinalaga	pending	kaikki-tagalog
kailanman	dictionary	kaikki-tagalog
nagbabago	pending	kaikki-tagalog
nagtrabaho	dictionary	kaikki-tagalog
pananakop	pending	kaikki-tagalog
pansamantalang	pending	kaikki-tagalog
produktong	pending	kaikki-tagalog
paligsahan	dictionary	kaikki-tagalog
katayuang	pending	kaikki-tagalog
nagsisilbing	pending	kaikki-tagalog
positibong	pending	kaikki-tagalog
direksyon	dictionary	kaikki-tagalog
kakaibang	pending	kaikki-tagalog
kasalanan	dictionary	kaikki-tagalog
pagsasama	dictionary	kaikki-tagalog
isinasagawa	dictionary	kaikki-tagalog
kaguluhan	dictionary	kaikki-tagalog
nakabatay	pending	kaikki-tagalog
nominasyon	pending	kaikki-tagalog
pangatlong	pending	kaikki-tagalog
residente	dictionary	kaikki-tagalog
sitwasyon	dictionary	kaikki-tagalog
tradisyunal	dictionary	kaikki-tagalog
ginampanan	dictionary	kaikki-tagalog
nagtatampok	pending	kaikki-tagalog
talampakan	dictionary	kaikki-tagalog
tumanggap	dictionary	kaikki-tagalog
imperyong	pending	kaikki-tagalog
henerasyon	dictionary	kaikki-tagalog
inaasahang	pending	kaikki-tagalog
serbisyong	pending	kaikki-tagalog
isinagawa	dictionary	kaikki-tagalog
kapangyarihang	pending	kaikki-tagalog
kapayapaan	dictionary	kaikki-tagalog
katimugang	pending	kaikki-tagalog
kanlurang	pending	kaikki-tagalog
kasanayan	pending	kaikki-tagalog
pangangalaga	dictionary	kaikki-tagalog
kandidato	dictionary	kaikki-tagalog
sumasaklaw	pending	kaikki-tagalog
teoriyang	pending	kaikki-tagalog
pamantasan	dictionary	kaikki-tagalog
inaasahan	dictionary	kaikki-tagalog
karagatan	dictionary	kaikki-tagalog
ipinapakita	dictionary	kaikki-tagalog
katawagan	pending	kaikki-tagalog
prosesong	pending	kaikki-tagalog
nagkakaisang	pending	kaikki-tagalog
dalubhasa	dictionary	kaikki-tagalog
entablado	dictionary	kaikki-tagalog
nagdadala	dictionary	kaikki-tagalog
nagpapahiwatig	pending	kaikki-tagalog
nakikilala	dictionary	kaikki-tagalog
negatibong	pending	kaikki-tagalog
pagpupulong	pending	kaikki-tagalog
pasilidad	dictionary	kaikki-tagalog
sanggunian	dictionary	kaikki-tagalog
dinisenyo	pending	kaikki-tagalog
ipinadala	dictionary	kaikki-tagalog
kamag-anak	dictionary	kaikki-tagalog
kinakailangang	pending	kaikki-tagalog
matandang	pending	kaikki-tagalog
nagsasaad	pending	kaikki-tagalog
agrikultura	dictionary	kaikki-tagalog
karamdaman	pending	kaikki-tagalog
kinalaman	dictionary	kaikki-tagalog
komersyal	pending	kaikki-tagalog
komunikasyon	dictionary	kaikki-tagalog
pagkasira	pending	kaikki-tagalog
magsasaka	dictionary	kaikki-tagalog
nagpakita	dictionary	kaikki-tagalog
pagpapakita	pending	kaikki-tagalog
pangungusap	dictionary	kaikki-tagalog
papuntang	pending	kaikki-tagalog
idinagdag	pending	kaikki-tagalog
kagubatan	dictionary	kaikki-tagalog
kompanyang	pending	kaikki-tagalog
mahihirap	dictionary	kaikki-tagalog
naglalaro	dictionary	kaikki-tagalog
materyales	dictionary	kaikki-tagalog
pagpapanatili	pending	kaikki-tagalog
paniniwalang	pending	kaikki-tagalog
pinakaunang	pending	kaikki-tagalog
pinamunuan	dictionary	kaikki-tagalog
proyektong	pending	kaikki-tagalog
diyosesis	dictionary	kaikki-tagalog
istraktura	dictionary	kaikki-tagalog
produksyon	dictionary	kaikki-tagalog
kategorya	dictionary	kaikki-tagalog
masyadong	pending	kaikki-tagalog
nagmumula	dictionary	kaikki-tagalog
pagkakakilanlan	dictionary	kaikki-tagalog
pagsisikap	pending	kaikki-tagalog
porsiyento	dictionary	kaikki-tagalog
magkakaroon	dictionary	kaikki-tagalog
pagmamay-ari	dictionary	kaikki-tagalog
tagapagtatag	pending	kaikki-tagalog
kulturang	pending	kaikki-tagalog
nagsasabing	pending	kaikki-tagalog
pinakamalaki	dictionary	kaikki-tagalog
kagawaran	dictionary	kaikki-tagalog
karangalan	dictionary	kaikki-tagalog
kaugalian	pending	kaikki-tagalog
nakaligtas	pending	kaikki-tagalog
pagbabagong	pending	kaikki-tagalog
pangalawa	dictionary	kaikki-tagalog
pangangasiwa	dictionary	kaikki-tagalog
pinagsamang	pending	kaikki-tagalog
tinanggal	dictionary	kaikki-tagalog
kapulungan	dictionary	kaikki-tagalog
binanggit	dictionary	kaikki-tagalog
kayamanan	dictionary	kaikki-tagalog
suliranin	dictionary	kaikki-tagalog
pagpapalabas	pending	kaikki-tagalog
pamayanang	pending	kaikki-tagalog
katanyagan	pending	kaikki-tagalog
lansangan	dictionary	kaikki-tagalog
lumilikha	dictionary	kaikki-tagalog
nangangahulugan	pending	kaikki-tagalog
pagpapakamatay	pending	kaikki-tagalog
pagtatangka	pending	kaikki-tagalog
ikalimang	pending	kaikki-tagalog
itinampok	pending	kaikki-tagalog
kaligtasan	pending	kaikki-tagalog
kasangkapan	pending	kaikki-tagalog
paglalaro	pending	kaikki-tagalog
kalendaryong	pending	kaikki-tagalog
ibinibigay	dictionary	kaikki-tagalog
pagsisimula	pending	kaikki-tagalog
pananalapi	dictionary	kaikki-tagalog
prinsipyo	dictionary	kaikki-tagalog
disiplina	dictionary	kaikki-tagalog
estasyong	pending	kaikki-tagalog
koleksyon	pending	kaikki-tagalog
arkitektura	dictionary	kaikki-tagalog
gumagalaw	dictionary	kaikki-tagalog
mag-asawa	dictionary	kaikki-tagalog
manggagamot	dictionary	kaikki-tagalog
pagkakataong	pending	kaikki-tagalog
panghimpapawid	dictionary	kaikki-tagalog
pinakamaraming	pending	kaikki-tagalog
tagasunod	dictionary	kaikki-tagalog
kontinente	dictionary	kaikki-tagalog
kumpetisyon	dictionary	kaikki-tagalog
magtrabaho	dictionary	kaikki-tagalog
nagkakaroon	dictionary	kaikki-tagalog
nakasalalay	pending	kaikki-tagalog
paghahanda	dictionary	kaikki-tagalog
paglalagay	pending	kaikki-tagalog
tumatanggap	dictionary	kaikki-tagalog
kagustuhan	dictionary	kaikki-tagalog
katamtamang	pending	kaikki-tagalog
klasikong	pending	kaikki-tagalog
lumalabas	dictionary	kaikki-tagalog
nagsasabi	dictionary	kaikki-tagalog
pagsasanib	pending	kaikki-tagalog
alternatibong	pending	kaikki-tagalog
kasulatan	dictionary	kaikki-tagalog
mangangalakal	dictionary	kaikki-tagalog
manuskrito	pending	kaikki-tagalog
nag-aaral	dictionary	kaikki-tagalog
nagresulta	pending	kaikki-tagalog
nagtataglay	pending	kaikki-tagalog
nasasakupan	pending	kaikki-tagalog
pagsasagawa	pending	kaikki-tagalog
puwersang	pending	kaikki-tagalog
pagsasaayos	dictionary	kaikki-tagalog
palatandaan	dictionary	kaikki-tagalog
posibilidad	dictionary	kaikki-tagalog
problemang	pending	kaikki-tagalog
tumutulong	dictionary	kaikki-tagalog
balangkas	dictionary	kaikki-tagalog
eksperimento	dictionary	kaikki-tagalog
kalahating	pending	kaikki-tagalog
kasintahan	dictionary	kaikki-tagalog
magkakaibang	pending	kaikki-tagalog
matematika	dictionary	kaikki-tagalog
nagpapatakbo	dictionary	kaikki-tagalog
nagsagawa	dictionary	kaikki-tagalog
nakalipas	pending	kaikki-tagalog
pinamamahalaan	dictionary	kaikki-tagalog
katipunan	dictionary	kaikki-tagalog
aksidente	dictionary	kaikki-tagalog
gobernador	dictionary	kaikki-tagalog
kasangkot	pending	kaikki-tagalog
posisyong	pending	kaikki-tagalog
tumatakbo	dictionary	kaikki-tagalog
koleksiyon	pending	kaikki-tagalog
komposisyon	dictionary	kaikki-tagalog
makabuluhang	pending	kaikki-tagalog
pagpapaunlad	pending	kaikki-tagalog
patungkol	pending	kaikki-tagalog
pinangunahan	dictionary	kaikki-tagalog
ari-arian	dictionary	kaikki-tagalog
mapanatili	dictionary	kaikki-tagalog
paliwanag	dictionary	kaikki-tagalog
pamantayang	pending	kaikki-tagalog
gagamitin	dictionary	kaikki-tagalog
limitadong	pending	kaikki-tagalog
nanggaling	pending	kaikki-tagalog
nangunguna	dictionary	kaikki-tagalog
parisukat	dictionary	kaikki-tagalog
patakarang	pending	kaikki-tagalog
tumatagal	pending	kaikki-tagalog
unti-unting	pending	kaikki-tagalog
aplikasyon	dictionary	kaikki-tagalog
basketbol	dictionary	kaikki-tagalog
ekwasyong	pending	kaikki-tagalog
nagsisilbi	dictionary	kaikki-tagalog
nakumpleto	pending	kaikki-tagalog
nararapat	pending	kaikki-tagalog
paghihiwalay	pending	kaikki-tagalog
partidong	pending	kaikki-tagalog
populasyong	pending	kaikki-tagalog
sumailalim	dictionary	kaikki-tagalog
sundalong	pending	kaikki-tagalog
transportasyon	dictionary	kaikki-tagalog
bilangguan	dictionary	kaikki-tagalog
depresyon	dictionary	kaikki-tagalog
katawagang	pending	kaikki-tagalog
mananaliksik	dictionary	kaikki-tagalog
nagsilbing	pending	kaikki-tagalog
nagtatapos	dictionary	kaikki-tagalog
pagsasaliksik	pending	kaikki-tagalog
pangkaraniwan	dictionary	kaikki-tagalog
patimpalak	pending	kaikki-tagalog
sangkatauhan	dictionary	kaikki-tagalog
tagapagsalita	dictionary	kaikki-tagalog
panginoon	dictionary	kaikki-tagalog
itinuring	pending	kaikki-tagalog
konstruksiyon	dictionary	kaikki-tagalog
nagpadala	dictionary	kaikki-tagalog
nagreresulta	pending	kaikki-tagalog
nakalagay	pending	kaikki-tagalog
pagsasalin	dictionary	kaikki-tagalog
panitikang	pending	kaikki-tagalog
tagapamahala	dictionary	kaikki-tagalog
tinanggihan	dictionary	kaikki-tagalog
insidente	dictionary	kaikki-tagalog
kadahilanan	pending	kaikki-tagalog
kahilingan	pending	kaikki-tagalog
nananatili	dictionary	kaikki-tagalog
pagdaragdag	pending	kaikki-tagalog
pagtingin	pending	kaikki-tagalog
permanenteng	pending	kaikki-tagalog
anibersaryo	dictionary	kaikki-tagalog
dinastiyang	pending	kaikki-tagalog
kagamitang	pending	kaikki-tagalog
konsiyerto	dictionary	kaikki-tagalog
magkasama	pending	kaikki-tagalog
makalipas	pending	kaikki-tagalog
namamahala	pending	kaikki-tagalog
pagpapahayag	pending	kaikki-tagalog
pagtitipon	pending	kaikki-tagalog
hangganang	pending	kaikki-tagalog
kalimitang	pending	kaikki-tagalog
magkakapatid	dictionary	kaikki-tagalog
pagbigkas	dictionary	kaikki-tagalog
pagkakamali	pending	kaikki-tagalog
pantelebisyon	pending	kaikki-tagalog
partikulo	pending	kaikki-tagalog
pinaniniwalaan	pending	kaikki-tagalog
institusyong	pending	kaikki-tagalog
ipinangalan	pending	kaikki-tagalog
magkatulad	pending	kaikki-tagalog
pagkapangulo	dictionary	kaikki-tagalog
pangingisda	pending	kaikki-tagalog
pundasyon	dictionary	kaikki-tagalog
sandaling	pending	kaikki-tagalog
samakatuwid	dictionary	kaikki-tagalog
binibigyan	dictionary	kaikki-tagalog
kumpletong	pending	kaikki-tagalog
kuwentong	pending	kaikki-tagalog
nagsasagawa	dictionary	kaikki-tagalog
pagsalakay	pending	kaikki-tagalog
panibagong	pending	kaikki-tagalog
relihiyoso	dictionary	kaikki-tagalog
arkitekto	dictionary	kaikki-tagalog
kahulugang	pending	kaikki-tagalog
katibayan	dictionary	kaikki-tagalog
nalalaman	dictionary	kaikki-tagalog
pagkakatuklas	pending	kaikki-tagalog
pagpapalit	pending	kaikki-tagalog
pinagkukunan	dictionary	kaikki-tagalog
pinalawak	pending	kaikki-tagalog
sinasalita	dictionary	kaikki-tagalog
gaganapin	dictionary	kaikki-tagalog
kapasidad	dictionary	kaikki-tagalog
makatulong	dictionary	kaikki-tagalog
mamamahayag	dictionary	kaikki-tagalog
pagkakaiba-iba	dictionary	kaikki-tagalog
pumapasok	dictionary	kaikki-tagalog
sumusuporta	pending	kaikki-tagalog
tinatanggap	dictionary	kaikki-tagalog
artistang	pending	kaikki-tagalog
eksaktong	pending	kaikki-tagalog
epektibong	pending	kaikki-tagalog
instrumento	dictionary	kaikki-tagalog
korporasyon	dictionary	kaikki-tagalog
mapagkukunan	pending	kaikki-tagalog
matatanda	dictionary	kaikki-tagalog
naglalakbay	dictionary	kaikki-tagalog
nakababatang	pending	kaikki-tagalog
nakaranas	pending	kaikki-tagalog
nasugatan	pending	kaikki-tagalog
natatangi	pending	kaikki-tagalog
pananagutan	dictionary	kaikki-tagalog
pinakamataong	pending	kaikki-tagalog
porsyento	dictionary	kaikki-tagalog
empleyado	dictionary	kaikki-tagalog
inilimbag	pending	kaikki-tagalog
istruktura	dictionary	kaikki-tagalog
nagbebenta	dictionary	kaikki-tagalog
naghahanap	dictionary	kaikki-tagalog
nagpapatuloy	dictionary	kaikki-tagalog
nagtagumpay	dictionary	kaikki-tagalog
pagmimina	dictionary	kaikki-tagalog
pagtatatag	pending	kaikki-tagalog
palakasan	dictionary	kaikki-tagalog
panatilihin	dictionary	kaikki-tagalog
sari-saring	pending	kaikki-tagalog
seguridad	dictionary	kaikki-tagalog
arsobispo	dictionary	kaikki-tagalog
katolikong	pending	kaikki-tagalog
kabaligtaran	dictionary	kaikki-tagalog
kamakailang	pending	kaikki-tagalog
kapatagan	dictionary	kaikki-tagalog
kuwadrado	dictionary	kaikki-tagalog
labindalawang	pending	kaikki-tagalog
mambabasa	dictionary	kaikki-tagalog
paglilingkod	pending	kaikki-tagalog
pampubliko	dictionary	kaikki-tagalog
pangangalakal	pending	kaikki-tagalog
pinakamaliit	pending	kaikki-tagalog
banyagang	pending	kaikki-tagalog
gitarista	dictionary	kaikki-tagalog
impluwensya	dictionary	kaikki-tagalog
kaparehong	pending	kaikki-tagalog
kasunduang	pending	kaikki-tagalog
pagsisiyasat	pending	kaikki-tagalog
pahintulot	dictionary	kaikki-tagalog
pamamahagi	dictionary	kaikki-tagalog
responsable	dictionary	kaikki-tagalog
binibigkas	pending	kaikki-tagalog
ekonomiko	dictionary	kaikki-tagalog
elementong	pending	kaikki-tagalog
estruktura	dictionary	kaikki-tagalog
indibiduwal	dictionary	kaikki-tagalog
kabundukan	pending	kaikki-tagalog
kapistahan	pending	kaikki-tagalog
kasarinlan	dictionary	kaikki-tagalog
magsimula	dictionary	kaikki-tagalog
nagtatanghal	pending	kaikki-tagalog
pambihirang	pending	kaikki-tagalog
suportahan	dictionary	kaikki-tagalog
tradisyong	pending	kaikki-tagalog
isinilang	pending	kaikki-tagalog
kinalalagyan	pending	kaikki-tagalog
nakatatandang	pending	kaikki-tagalog
negosyante	dictionary	kaikki-tagalog
pakikipaglaban	pending	kaikki-tagalog
panlipunang	pending	kaikki-tagalog
panrelihiyon	dictionary	kaikki-tagalog
pariralang	pending	kaikki-tagalog
pinapayagan	pending	kaikki-tagalog
sumasakop	pending	kaikki-tagalog
dumadaloy	dictionary	kaikki-tagalog
elementarya	dictionary	kaikki-tagalog
himpapawid	dictionary	kaikki-tagalog
kabahayan	dictionary	kaikki-tagalog
kadahilanang	pending	kaikki-tagalog
kinikilalang	pending	kaikki-tagalog
larangang	pending	kaikki-tagalog
mananayaw	dictionary	kaikki-tagalog
nakalilipas	pending	kaikki-tagalog
namamatay	dictionary	kaikki-tagalog
pagbebenta	pending	kaikki-tagalog
pagkabata	dictionary	kaikki-tagalog
pagpapalawak	pending	kaikki-tagalog
pangwakas	pending	kaikki-tagalog
panlungsod	pending	kaikki-tagalog
patalastas	dictionary	kaikki-tagalog
reputasyon	dictionary	kaikki-tagalog
sinubukan	dictionary	kaikki-tagalog
sinusundan	dictionary	kaikki-tagalog
tinaguriang	pending	kaikki-tagalog
koreanong	pending	kaikki-tagalog
itinanghal	pending	kaikki-tagalog
kasambahay	dictionary	kaikki-tagalog
kasangkapang	pending	kaikki-tagalog
nakatulong	dictionary	kaikki-tagalog
pagkabalisa	dictionary	kaikki-tagalog
paglilibot	pending	kaikki-tagalog
paglilipat	pending	kaikki-tagalog
pagpapatuloy	dictionary	kaikki-tagalog
pangkalusugan	pending	kaikki-tagalog
pangkasaysayan	dictionary	kaikki-tagalog
reaksiyon	dictionary	kaikki-tagalog
dinastiya	dictionary	kaikki-tagalog
kasamahan	dictionary	kaikki-tagalog
kontribusyon	dictionary	kaikki-tagalog
monasteryo	dictionary	kaikki-tagalog
nagmamay-ari	dictionary	kaikki-tagalog
pagsasaka	dictionary	kaikki-tagalog
pagsusulit	dictionary	kaikki-tagalog
pinakalumang	pending	kaikki-tagalog
pinalabas	dictionary	kaikki-tagalog
sinamahan	dictionary	kaikki-tagalog
ebolusyon	dictionary	kaikki-tagalog
kamakailan	dictionary	kaikki-tagalog
kamalayan	dictionary	kaikki-tagalog
kinaroroonan	pending	kaikki-tagalog
magbibigay	dictionary	kaikki-tagalog
nagpahayag	pending	kaikki-tagalog
napakalaking	pending	kaikki-tagalog
nilagdaan	dictionary	kaikki-tagalog
obserbasyon	dictionary	kaikki-tagalog
pagbabawal	pending	kaikki-tagalog
pagpapatakbo	pending	kaikki-tagalog
praktikal	dictionary	kaikki-tagalog
responsibilidad	dictionary	kaikki-tagalog
ginagamitan	dictionary	kaikki-tagalog
humahantong	pending	kaikki-tagalog
interpretasyon	dictionary	kaikki-tagalog
kalawakan	dictionary	kaikki-tagalog
kalipunan	pending	kaikki-tagalog
kapalaran	dictionary	kaikki-tagalog
kompetisyon	dictionary	kaikki-tagalog
konseptong	pending	kaikki-tagalog
magsagawa	dictionary	kaikki-tagalog
matematikal	pending	kaikki-tagalog
naapektuhan	dictionary	kaikki-tagalog
naglakbay	dictionary	kaikki-tagalog
nakakaapekto	pending	kaikki-tagalog
pagsasalita	pending	kaikki-tagalog
pagsasara	pending	kaikki-tagalog
tungkuling	pending	kaikki-tagalog
kastilang	pending	kaikki-tagalog
altapresyon	dictionary	kaikki-tagalog
dalampasigan	dictionary	kaikki-tagalog
dalawampung	pending	kaikki-tagalog
ginagawang	pending	kaikki-tagalog
imbestigasyon	dictionary	kaikki-tagalog
ipaliwanag	dictionary	kaikki-tagalog
ipinagbabawal	pending	kaikki-tagalog
karahasan	dictionary	kaikki-tagalog
kompositor	dictionary	kaikki-tagalog
naglingkod	dictionary	kaikki-tagalog
nakarating	pending	kaikki-tagalog
pagluluto	pending	kaikki-tagalog
panlalawigan	pending	kaikki-tagalog
papalapit	pending	kaikki-tagalog
pinapakita	dictionary	kaikki-tagalog
pinuntahan	dictionary	kaikki-tagalog
quiapo	dictionary	kaikki-tagalog
rebolusyonaryong	pending	kaikki-tagalog
robot	dictionary	kaikki-tagalog
sasagutin	dictionary	kaikki-tagalog
sawa	dictionary	kaikki-tagalog
sinimulang	pending	kaikki-tagalog
texas	dictionary	kaikki-tagalog
tinalo	dictionary	kaikki-tagalog
tumatalakay	pending	kaikki-tagalog
unyon	dictionary	kaikki-tagalog
yumaong	pending	kaikki-tagalog
andito	dictionary	kaikki-tagalog
aunor	pending	kaikki-tagalog
demokratikong	pending	kaikki-tagalog
distansya	dictionary	kaikki-tagalog
doble	dictionary	kaikki-tagalog
embahada	dictionary	kaikki-tagalog
espirituwal	pending	kaikki-tagalog
himagsikan	dictionary	kaikki-tagalog
iglesya	dictionary	kaikki-tagalog
kaka	dictionary	kaikki-tagalog
kalagayang	pending	kaikki-tagalog
kamangha	pending	kaikki-tagalog
katalinuhan	dictionary	kaikki-tagalog
kinita	pending	kaikki-tagalog
lason	dictionary	kaikki-tagalog
liwayway	dictionary	kaikki-tagalog
madre	dictionary	kaikki-tagalog
maga	dictionary	kaikki-tagalog
makabili	dictionary	kaikki-tagalog
makumpleto	pending	kaikki-tagalog
mapang	pending	kaikki-tagalog
nagkasakit	dictionary	kaikki-tagalog
naiinis	dictionary	kaikki-tagalog
nakaramdam	dictionary	kaikki-tagalog
nandyan	dictionary	kaikki-tagalog
ninong	dictionary	kaikki-tagalog
pagpapakilala	pending	kaikki-tagalog
pagtatrabaho	pending	kaikki-tagalog
pangmatagalang	pending	kaikki-tagalog
panunungkulan	pending	kaikki-tagalog
pinaghirapan	pending	kaikki-tagalog
pinakamamahal	pending	kaikki-tagalog
propesiya	dictionary	kaikki-tagalog
pumirma	dictionary	kaikki-tagalog
sara	dictionary	kaikki-tagalog
sisihin	dictionary	kaikki-tagalog
sumuporta	pending	kaikki-tagalog
tambalan	dictionary	kaikki-tagalog
tangke	dictionary	kaikki-tagalog
taun	dictionary	kaikki-tagalog
tinatalakay	pending	kaikki-tagalog
umarte	pending	kaikki-tagalog
yamang	dictionary	kaikki-tagalog
bangsamoro	pending	kaikki-tagalog
bantayan	dictionary	kaikki-tagalog
bilin	dictionary	kaikki-tagalog
dae	dictionary	kaikki-tagalog
diwata	dictionary	kaikki-tagalog
ebidensya	dictionary	kaikki-tagalog
ekonomiyang	pending	kaikki-tagalog
gagawing	pending	kaikki-tagalog
gasolina	dictionary	kaikki-tagalog
gigil	dictionary	kaikki-tagalog
ginoong	pending	kaikki-tagalog
halika	dictionary	kaikki-tagalog
hukay	dictionary	kaikki-tagalog
imahinasyon	dictionary	kaikki-tagalog
imbakan	pending	kaikki-tagalog
ipinasok	dictionary	kaikki-tagalog
kaparusahan	pending	kaikki-tagalog
kinalabasan	dictionary	kaikki-tagalog
kulungan	dictionary	kaikki-tagalog
maibalik	dictionary	kaikki-tagalog
malas	dictionary	kaikki-tagalog
mapagmahal	dictionary	kaikki-tagalog
mapupunta	pending	kaikki-tagalog
matatandang	pending	kaikki-tagalog
matatanggap	dictionary	kaikki-tagalog
naglalabas	dictionary	kaikki-tagalog
nagtatago	dictionary	kaikki-tagalog
napilitan	pending	kaikki-tagalog
nararanasan	pending	kaikki-tagalog
pagawaan	dictionary	kaikki-tagalog
pagbawas	dictionary	kaikki-tagalog
panganganak	pending	kaikki-tagalog
pasado	dictionary	kaikki-tagalog
permanente	dictionary	kaikki-tagalog
puri	dictionary	kaikki-tagalog
sabon	dictionary	kaikki-tagalog
sasama	dictionary	kaikki-tagalog
sementeryo	dictionary	kaikki-tagalog
sigurong	pending	kaikki-tagalog
sikreto	dictionary	kaikki-tagalog
sisimulan	dictionary	kaikki-tagalog
sungay	dictionary	kaikki-tagalog
tibok	dictionary	kaikki-tagalog
tinignan	dictionary	kaikki-tagalog
tukso	dictionary	kaikki-tagalog
ubos	dictionary	kaikki-tagalog
umibig	dictionary	kaikki-tagalog
uy	dictionary	kaikki-tagalog
yatang	pending	kaikki-tagalog
aalay	pending	kaikki-tagalog
babaing	pending	kaikki-tagalog
delikado	dictionary	kaikki-tagalog
gawad	dictionary	kaikki-tagalog
hugot	dictionary	kaikki-tagalog
humpay	dictionary	kaikki-tagalog
ibinebenta	dictionary	kaikki-tagalog
iilan	dictionary	kaikki-tagalog
inamin	dictionary	kaikki-tagalog
intensyon	dictionary	kaikki-tagalog
kabaitan	pending	kaikki-tagalog
kadalas	pending	kaikki-tagalog
kakainin	dictionary	kaikki-tagalog
kalinisan	dictionary	kaikki-tagalog
kapiling	pending	kaikki-tagalog
kasagsagan	pending	kaikki-tagalog
komedyante	dictionary	kaikki-tagalog
lumingon	pending	kaikki-tagalog
magsuot	dictionary	kaikki-tagalog
mahawakan	dictionary	kaikki-tagalog
makapagbigay	dictionary	kaikki-tagalog
malalang	pending	kaikki-tagalog
malikhaing	pending	kaikki-tagalog
matulungan	dictionary	kaikki-tagalog
matutuwa	pending	kaikki-tagalog
maubos	pending	kaikki-tagalog
naghiwalay	dictionary	kaikki-tagalog
nakakakuha	dictionary	kaikki-tagalog
nanggagaling	pending	kaikki-tagalog
naubos	pending	kaikki-tagalog
nuong	pending	kaikki-tagalog
pagbabahagi	dictionary	kaikki-tagalog
pagkabigo	dictionary	kaikki-tagalog
pagkakasunod	pending	kaikki-tagalog
paglaganap	pending	kaikki-tagalog
pagpapakasal	pending	kaikki-tagalog
pagtatanim	pending	kaikki-tagalog
pahalagahan	dictionary	kaikki-tagalog
pakikipagtalik	dictionary	kaikki-tagalog
pananamit	dictionary	kaikki-tagalog
parirala	dictionary	kaikki-tagalog
pasaway	dictionary	kaikki-tagalog
pulbos	dictionary	kaikki-tagalog
putok	dictionary	kaikki-tagalog
puwede	dictionary	kaikki-tagalog
tatag	dictionary	kaikki-tagalog
umuunlad	dictionary	kaikki-tagalog
unahin	dictionary	kaikki-tagalog
urban	dictionary	kaikki-tagalog
abay	dictionary	kaikki-tagalog
aldub	pending	kaikki-tagalog
alternatibo	dictionary	kaikki-tagalog
angking	pending	kaikki-tagalog
bakod	dictionary	kaikki-tagalog
bula	dictionary	kaikki-tagalog
diskriminasyon	dictionary	kaikki-tagalog
disyerto	dictionary	kaikki-tagalog
dna	dictionary	kaikki-tagalog
filipina	dictionary	kaikki-tagalog
gabinete	dictionary	kaikki-tagalog
habol	dictionary	kaikki-tagalog
habulin	dictionary	kaikki-tagalog
hinahabol	dictionary	kaikki-tagalog
hiwalayan	dictionary	kaikki-tagalog
humiga	dictionary	kaikki-tagalog
humiwalay	pending	kaikki-tagalog
ipagtanggol	dictionary	kaikki-tagalog
ipapakita	dictionary	kaikki-tagalog
kasikatan	dictionary	kaikki-tagalog
kasosyo	dictionary	kaikki-tagalog
kati	dictionary	kaikki-tagalog
kuno	dictionary	kaikki-tagalog
kuro	dictionary	kaikki-tagalog
kwenta	dictionary	kaikki-tagalog
lagpas	dictionary	kaikki-tagalog
maestro	dictionary	kaikki-tagalog
magsisi	dictionary	kaikki-tagalog
makaraan	pending	kaikki-tagalog
mamuhay	dictionary	kaikki-tagalog
mapabuti	pending	kaikki-tagalog
maramihang	pending	kaikki-tagalog
masasayang	pending	kaikki-tagalog
matuloy	pending	kaikki-tagalog
maulit	dictionary	kaikki-tagalog
nagbabalik	dictionary	kaikki-tagalog
nagpapa	pending	kaikki-tagalog
nagsusulat	dictionary	kaikki-tagalog
nahanap	dictionary	kaikki-tagalog
nakakalimutan	dictionary	kaikki-tagalog
nakakaranas	pending	kaikki-tagalog
natatandaan	pending	kaikki-tagalog
ninakaw	dictionary	kaikki-tagalog
oportunidad	dictionary	kaikki-tagalog
organisasyong	pending	kaikki-tagalog
pagkontrol	pending	kaikki-tagalog
pagsagot	dictionary	kaikki-tagalog
pagsuko	pending	kaikki-tagalog
pagtataguyod	pending	kaikki-tagalog
pagtitiwala	pending	kaikki-tagalog
pain	dictionary	kaikki-tagalog
palayo	pending	kaikki-tagalog
pekeng	pending	kaikki-tagalog
perang	pending	kaikki-tagalog
petrolyo	dictionary	kaikki-tagalog
print	dictionary	kaikki-tagalog
sagad	dictionary	kaikki-tagalog
sinama	dictionary	kaikki-tagalog
sulatin	dictionary	kaikki-tagalog
tagapagtanggol	pending	kaikki-tagalog
tawanan	dictionary	kaikki-tagalog
tinuruan	pending	kaikki-tagalog
trinidad	dictionary	kaikki-tagalog
tumawid	pending	kaikki-tagalog
akoy	pending	kaikki-tagalog
direction	dictionary	kaikki-tagalog
gobyernong	pending	kaikki-tagalog
gumanda	dictionary	kaikki-tagalog
halikan	dictionary	kaikki-tagalog
humiling	pending	kaikki-tagalog
isasama	dictionary	kaikki-tagalog
kabilis	pending	kaikki-tagalog
kandila	dictionary	kaikki-tagalog
katiwalian	dictionary	kaikki-tagalog
katuparan	dictionary	kaikki-tagalog
kautusang	pending	kaikki-tagalog
kinasasangkutan	pending	kaikki-tagalog
komportable	dictionary	kaikki-tagalog
kontrolado	pending	kaikki-tagalog
koreano	dictionary	kaikki-tagalog
lapit	dictionary	kaikki-tagalog
linaw	dictionary	kaikki-tagalog
lumalaking	pending	kaikki-tagalog
makakatulong	dictionary	kaikki-tagalog
masagot	dictionary	kaikki-tagalog
mikrobyo	dictionary	kaikki-tagalog
nagpapadala	dictionary	kaikki-tagalog
nahirapan	dictionary	kaikki-tagalog
pagpapatayo	pending	kaikki-tagalog
palatuntunan	dictionary	kaikki-tagalog
pastol	dictionary	kaikki-tagalog
pinaghalong	pending	kaikki-tagalog
pinakamabilis	pending	kaikki-tagalog
pinapasok	dictionary	kaikki-tagalog
pinapatay	dictionary	kaikki-tagalog
rami	dictionary	kaikki-tagalog
ron	dictionary	kaikki-tagalog
sumasagot	dictionary	kaikki-tagalog
tagapangasiwa	dictionary	kaikki-tagalog
tagubilin	dictionary	kaikki-tagalog
tinggil	dictionary	kaikki-tagalog
toro	dictionary	kaikki-tagalog
umaalis	dictionary	kaikki-tagalog
aabang	pending	kaikki-tagalog
among	dictionary	kaikki-tagalog
asang	pending	kaikki-tagalog
aswang	dictionary	kaikki-tagalog
baguhan	dictionary	kaikki-tagalog
baranggay	dictionary	kaikki-tagalog
dai	dictionary	kaikki-tagalog
dokumentong	pending	kaikki-tagalog
gawan	dictionary	kaikki-tagalog
gugustuhin	pending	kaikki-tagalog
harina	dictionary	kaikki-tagalog
hinawakan	dictionary	kaikki-tagalog
imigrante	dictionary	kaikki-tagalog
ios	dictionary	kaikki-tagalog
karbon	dictionary	kaikki-tagalog
kuneho	dictionary	kaikki-tagalog
lapu	pending	kaikki-tagalog
likidong	pending	kaikki-tagalog
magbalik	dictionary	kaikki-tagalog
magbukas	pending	kaikki-tagalog
magdasal	dictionary	kaikki-tagalog
makikitang	pending	kaikki-tagalog
makulit	dictionary	kaikki-tagalog
malusog	dictionary	kaikki-tagalog
matandaan	pending	kaikki-tagalog
naaresto	pending	kaikki-tagalog
nagkakaisa	dictionary	kaikki-tagalog
nakakagulat	pending	kaikki-tagalog
nakapikit	pending	kaikki-tagalog
nakararami	pending	kaikki-tagalog
napalitan	dictionary	kaikki-tagalog
pagsang	pending	kaikki-tagalog
paikot	pending	kaikki-tagalog
pakiusap	dictionary	kaikki-tagalog
patok	dictionary	kaikki-tagalog
pinapalabas	dictionary	kaikki-tagalog
putang	pending	kaikki-tagalog
puyat	dictionary	kaikki-tagalog
samin	dictionary	kaikki-tagalog
sanlibutan	dictionary	kaikki-tagalog
sikolohikal	pending	kaikki-tagalog
sinanay	pending	kaikki-tagalog
sinusuri	pending	kaikki-tagalog
starstruck	pending	kaikki-tagalog
taos	dictionary	kaikki-tagalog
tawad	dictionary	kaikki-tagalog
usaping	pending	kaikki-tagalog
aaminin	dictionary	kaikki-tagalog
akademikong	pending	kaikki-tagalog
albay	dictionary	kaikki-tagalog
amihan	dictionary	kaikki-tagalog
aw	dictionary	kaikki-tagalog
babalikan	dictionary	kaikki-tagalog
balagtas	dictionary	kaikki-tagalog
bibilhin	dictionary	kaikki-tagalog
diliman	dictionary	kaikki-tagalog
gayahin	dictionary	kaikki-tagalog
grasa	dictionary	kaikki-tagalog
hihigit	dictionary	kaikki-tagalog
himig	dictionary	kaikki-tagalog
hinikayat	pending	kaikki-tagalog
humahawak	dictionary	kaikki-tagalog
ihatid	pending	kaikki-tagalog
ikabubuti	pending	kaikki-tagalog
imposibleng	pending	kaikki-tagalog
inihanda	dictionary	kaikki-tagalog
ipatupad	dictionary	kaikki-tagalog
isinusulat	dictionary	kaikki-tagalog
jehova	pending	kaikki-tagalog
kababaihang	pending	kaikki-tagalog
kabuluhan	dictionary	kaikki-tagalog
kapantay	pending	kaikki-tagalog
katha	dictionary	kaikki-tagalog
kongresista	dictionary	kaikki-tagalog
kumapit	dictionary	kaikki-tagalog
kumpanyang	pending	kaikki-tagalog
magkakaibigan	dictionary	kaikki-tagalog
maigi	dictionary	kaikki-tagalog
makakakuha	dictionary	kaikki-tagalog
makaramdam	dictionary	kaikki-tagalog
makauwi	pending	kaikki-tagalog
mano	dictionary	kaikki-tagalog
mayabang	dictionary	kaikki-tagalog
motorsiklo	dictionary	kaikki-tagalog
naabutan	pending	kaikki-tagalog
nadiskubre	pending	kaikki-tagalog
nagtataguyod	pending	kaikki-tagalog
nagtitinda	dictionary	kaikki-tagalog
nagugutom	dictionary	kaikki-tagalog
nahawaan	dictionary	kaikki-tagalog
nakakapagod	dictionary	kaikki-tagalog
nakalista	pending	kaikki-tagalog
nami	dictionary	kaikki-tagalog
napakaliit	pending	kaikki-tagalog
nlex	pending	kaikki-tagalog
nuon	pending	kaikki-tagalog
pababayaan	pending	kaikki-tagalog
pabayaan	dictionary	kaikki-tagalog
panday	dictionary	kaikki-tagalog
pandiwa	dictionary	kaikki-tagalog
pangilinan	dictionary	kaikki-tagalog
par	dictionary	kaikki-tagalog
parke	dictionary	kaikki-tagalog
patayan	pending	kaikki-tagalog
petisyon	dictionary	kaikki-tagalog
pinakamababang	pending	kaikki-tagalog
pinanood	pending	kaikki-tagalog
pulutong	dictionary	kaikki-tagalog
rehimen	dictionary	kaikki-tagalog
sako	dictionary	kaikki-tagalog
sinapupunan	dictionary	kaikki-tagalog
singit	dictionary	kaikki-tagalog
tagpuan	dictionary	kaikki-tagalog
tamis	dictionary	kaikki-tagalog
tara	dictionary	kaikki-tagalog
tarlac	dictionary	kaikki-tagalog
tulak	dictionary	kaikki-tagalog
tutulungan	dictionary	kaikki-tagalog
umuuwi	dictionary	kaikki-tagalog
ungol	dictionary	kaikki-tagalog
anino	dictionary	kaikki-tagalog
antok	dictionary	kaikki-tagalog
asosasyon	dictionary	kaikki-tagalog
bigkas	dictionary	kaikki-tagalog
binuhay	dictionary	kaikki-tagalog
damang	pending	kaikki-tagalog
deklarasyon	dictionary	kaikki-tagalog
estratehiya	dictionary	kaikki-tagalog
ginaganap	dictionary	kaikki-tagalog
ginusto	pending	kaikki-tagalog
kumatawan	dictionary	kaikki-tagalog
lalapit	dictionary	kaikki-tagalog
magdagdag	dictionary	kaikki-tagalog
maiwasang	pending	kaikki-tagalog
makatakas	pending	kaikki-tagalog
makinis	dictionary	kaikki-tagalog
makitid	dictionary	kaikki-tagalog
malate	dictionary	kaikki-tagalog
mantika	dictionary	kaikki-tagalog
marating	dictionary	kaikki-tagalog
nagpapaliwanag	dictionary	kaikki-tagalog
nakatali	pending	kaikki-tagalog
nakatutulong	dictionary	kaikki-tagalog
naliligo	dictionary	kaikki-tagalog
napagod	dictionary	kaikki-tagalog
napatunayang	pending	kaikki-tagalog
obligasyon	dictionary	kaikki-tagalog
pagdadala	pending	kaikki-tagalog
pagpapalaki	pending	kaikki-tagalog
pagtataya	pending	kaikki-tagalog
pangakong	pending	kaikki-tagalog
panganiban	dictionary	kaikki-tagalog
paratang	dictionary	kaikki-tagalog
perlas	dictionary	kaikki-tagalog
pinakamahalaga	pending	kaikki-tagalog
piniling	pending	kaikki-tagalog
pogi	dictionary	kaikki-tagalog
pres	pending	kaikki-tagalog
propaganda	dictionary	kaikki-tagalog
pu	dictionary	kaikki-tagalog
sasagot	dictionary	kaikki-tagalog
sinasadyang	pending	kaikki-tagalog
tatawagin	pending	kaikki-tagalog
tibay	dictionary	kaikki-tagalog
uuri	pending	kaikki-tagalog
aktuwal	dictionary	kaikki-tagalog
alkohol	dictionary	kaikki-tagalog
angkin	dictionary	kaikki-tagalog
apektadong	pending	kaikki-tagalog
api	dictionary	kaikki-tagalog
asong	pending	kaikki-tagalog
bango	dictionary	kaikki-tagalog
bawiin	dictionary	kaikki-tagalog
baywang	dictionary	kaikki-tagalog
busog	dictionary	kaikki-tagalog
buwaya	dictionary	kaikki-tagalog
daig	dictionary	kaikki-tagalog
dolphy	dictionary	kaikki-tagalog
dosis	dictionary	kaikki-tagalog
gramo	dictionary	kaikki-tagalog
higanteng	pending	kaikki-tagalog
humarap	pending	kaikki-tagalog
iniibig	dictionary	kaikki-tagalog
inilahad	pending	kaikki-tagalog
inilapat	pending	kaikki-tagalog
itinakdang	pending	kaikki-tagalog
kable	dictionary	kaikki-tagalog
kadiliman	dictionary	kaikki-tagalog
kapareho	pending	kaikki-tagalog
kasalanang	pending	kaikki-tagalog
komento	dictionary	kaikki-tagalog
kumakalat	dictionary	kaikki-tagalog
kumakanta	dictionary	kaikki-tagalog
lambat	dictionary	kaikki-tagalog
maalis	dictionary	kaikki-tagalog
madam	dictionary	kaikki-tagalog
magturo	dictionary	kaikki-tagalog
magugustuhan	dictionary	kaikki-tagalog
mahahanap	dictionary	kaikki-tagalog
makakahanap	dictionary	kaikki-tagalog
makalabas	pending	kaikki-tagalog
manliligaw	dictionary	kaikki-tagalog
masasaktan	dictionary	kaikki-tagalog
matapat	dictionary	kaikki-tagalog
mayayaman	dictionary	kaikki-tagalog
memorya	dictionary	kaikki-tagalog
moralidad	dictionary	kaikki-tagalog
naghahanda	dictionary	kaikki-tagalog
nagkikita	pending	kaikki-tagalog
nagmahal	dictionary	kaikki-tagalog
nakalabas	pending	kaikki-tagalog
nalilito	pending	kaikki-tagalog
nangingibabaw	dictionary	kaikki-tagalog
nasasabi	dictionary	kaikki-tagalog
negosyong	pending	kaikki-tagalog
pabango	dictionary	kaikki-tagalog
pagtapos	dictionary	kaikki-tagalog
palayain	pending	kaikki-tagalog
pandinig	dictionary	kaikki-tagalog
pasya	dictionary	kaikki-tagalog
patutunguhan	pending	kaikki-tagalog
pinay	dictionary	kaikki-tagalog
politikal	dictionary	kaikki-tagalog
proteksyon	dictionary	kaikki-tagalog
pumalit	dictionary	kaikki-tagalog
pumipigil	pending	kaikki-tagalog
sim	dictionary	kaikki-tagalog
sitwasyong	pending	kaikki-tagalog
sumayaw	dictionary	kaikki-tagalog
susubukan	dictionary	kaikki-tagalog
tabak	dictionary	kaikki-tagalog
tas	dictionary	kaikki-tagalog
tlga	dictionary	kaikki-tagalog
washington	dictionary	kaikki-tagalog
wla	dictionary	kaikki-tagalog
aircon	pending	kaikki-tagalog
awtomatikong	pending	kaikki-tagalog
babagsak	dictionary	kaikki-tagalog
diyosa	dictionary	kaikki-tagalog
gaganda	dictionary	kaikki-tagalog
gala	dictionary	kaikki-tagalog
ginugol	dictionary	kaikki-tagalog
gumaan	pending	kaikki-tagalog
hina	dictionary	kaikki-tagalog
imbento	dictionary	kaikki-tagalog
inatasan	dictionary	kaikki-tagalog
inday	dictionary	kaikki-tagalog
inilibing	pending	kaikki-tagalog
ipinagpatuloy	pending	kaikki-tagalog
kaalamang	pending	kaikki-tagalog
kalapati	dictionary	kaikki-tagalog
kalendaryo	dictionary	kaikki-tagalog
kawawang	pending	kaikki-tagalog
kmi	dictionary	kaikki-tagalog
lala	dictionary	kaikki-tagalog
lapitan	dictionary	kaikki-tagalog
lisensya	dictionary	kaikki-tagalog
lumangoy	dictionary	kaikki-tagalog
magkikita	pending	kaikki-tagalog
magpakasal	dictionary	kaikki-tagalog
makatwirang	pending	kaikki-tagalog
makikipag	pending	kaikki-tagalog
malalaki	dictionary	kaikki-tagalog
manhid	dictionary	kaikki-tagalog
matang	pending	kaikki-tagalog
mirasol	dictionary	kaikki-tagalog
nabigla	pending	kaikki-tagalog
nagrereklamo	dictionary	kaikki-tagalog
nakahanap	dictionary	kaikki-tagalog
nakatago	pending	kaikki-tagalog
nakinig	dictionary	kaikki-tagalog
napagtanto	dictionary	kaikki-tagalog
napigilan	pending	kaikki-tagalog
natagpuang	pending	kaikki-tagalog
natanggal	dictionary	kaikki-tagalog
ngayun	pending	kaikki-tagalog
niyaya	pending	kaikki-tagalog
padala	dictionary	kaikki-tagalog
pagkakasunud	pending	kaikki-tagalog
pagkapanalo	pending	kaikki-tagalog
paglalakad	pending	kaikki-tagalog
pagtalakay	pending	kaikki-tagalog
pagtigil	pending	kaikki-tagalog
palihim	dictionary	kaikki-tagalog
pambabae	dictionary	kaikki-tagalog
pangkapayapaan	pending	kaikki-tagalog
pansamantala	dictionary	kaikki-tagalog
payong	dictionary	kaikki-tagalog
pinangarap	pending	kaikki-tagalog
poste	dictionary	kaikki-tagalog
poster	dictionary	kaikki-tagalog
puke	dictionary	kaikki-tagalog
reference	dictionary	kaikki-tagalog
sabihan	dictionary	kaikki-tagalog
sadya	dictionary	kaikki-tagalog
saligan	dictionary	kaikki-tagalog
sirkulasyon	dictionary	kaikki-tagalog
tagsibol	dictionary	kaikki-tagalog
taxi	dictionary	kaikki-tagalog
tite	dictionary	kaikki-tagalog
tropang	pending	kaikki-tagalog
tsinelas	dictionary	kaikki-tagalog
tularan	dictionary	kaikki-tagalog
udyok	dictionary	kaikki-tagalog
aktibista	dictionary	kaikki-tagalog
anung	pending	kaikki-tagalog
batis	dictionary	kaikki-tagalog
bisitahin	dictionary	kaikki-tagalog
dale	dictionary	kaikki-tagalog
diyagnosis	pending	kaikki-tagalog
heograpiya	dictionary	kaikki-tagalog
hinalikan	dictionary	kaikki-tagalog
hubog	dictionary	kaikki-tagalog
ibayo	dictionary	kaikki-tagalog
inisyal	pending	kaikki-tagalog
isalin	pending	kaikki-tagalog
isinara	dictionary	kaikki-tagalog
kano	dictionary	kaikki-tagalog
kantahin	dictionary	kaikki-tagalog
kasagutan	pending	kaikki-tagalog
kirot	dictionary	kaikki-tagalog
kumbaga	dictionary	kaikki-tagalog
lumalapit	dictionary	kaikki-tagalog
lutong	dictionary	kaikki-tagalog
malilimutan	pending	kaikki-tagalog
mananakop	dictionary	kaikki-tagalog
manang	dictionary	kaikki-tagalog
masaklap	dictionary	kaikki-tagalog
nadala	dictionary	kaikki-tagalog
nagkakalat	dictionary	kaikki-tagalog
nagsasama	pending	kaikki-tagalog
nakatagpo	pending	kaikki-tagalog
namalayan	pending	kaikki-tagalog
pagbukas	pending	kaikki-tagalog
pagdalaw	dictionary	kaikki-tagalog
paglubog	pending	kaikki-tagalog
pagpapalakas	pending	kaikki-tagalog
pagsamahin	pending	kaikki-tagalog
pagtatalaga	pending	kaikki-tagalog
pakikinig	pending	kaikki-tagalog
pangasiwaan	pending	kaikki-tagalog
parusang	pending	kaikki-tagalog
pinagbibidahan	pending	kaikki-tagalog
pinakasikat	pending	kaikki-tagalog
pinapangarap	pending	kaikki-tagalog
pokemon	dictionary	kaikki-tagalog
pumupunta	dictionary	kaikki-tagalog
putol	dictionary	kaikki-tagalog
rebeldeng	pending	kaikki-tagalog
relihiyong	pending	kaikki-tagalog
se	dictionary	kaikki-tagalog
sipag	dictionary	kaikki-tagalog
sumasalamin	dictionary	kaikki-tagalog
swak	dictionary	kaikki-tagalog
taripa	dictionary	kaikki-tagalog
tau	dictionary	kaikki-tagalog
tol	dictionary	kaikki-tagalog
tumaba	dictionary	kaikki-tagalog
tumutugon	pending	kaikki-tagalog
ugaling	pending	kaikki-tagalog
yumaman	dictionary	kaikki-tagalog
apartment	dictionary	kaikki-tagalog
bayaning	pending	kaikki-tagalog
bugtong	dictionary	kaikki-tagalog
dinaluhan	dictionary	kaikki-tagalog
dingdong	pending	kaikki-tagalog
griyegong	pending	kaikki-tagalog
guni	dictionary	kaikki-tagalog
hatiin	dictionary	kaikki-tagalog
higaan	dictionary	kaikki-tagalog
idinaos	dictionary	kaikki-tagalog
idineklara	pending	kaikki-tagalog
inaresto	pending	kaikki-tagalog
iniiwasan	pending	kaikki-tagalog
kagalang	pending	kaikki-tagalog
kalakasan	pending	kaikki-tagalog
katangi	pending	kaikki-tagalog
katapusang	pending	kaikki-tagalog
kinis	pending	kaikki-tagalog
kwentong	pending	kaikki-tagalog
lehitimong	pending	kaikki-tagalog
lilipat	pending	kaikki-tagalog
lodi	dictionary	kaikki-tagalog
magagalit	dictionary	kaikki-tagalog
magbabalik	dictionary	kaikki-tagalog
magbakasyon	pending	kaikki-tagalog
maghugas	dictionary	kaikki-tagalog
mahiya	dictionary	kaikki-tagalog
maibabalik	dictionary	kaikki-tagalog
maisagawa	dictionary	kaikki-tagalog
mananatiling	pending	kaikki-tagalog
mapayapang	pending	kaikki-tagalog
masaganang	pending	kaikki-tagalog
naawa	pending	kaikki-tagalog
naghahatid	dictionary	kaikki-tagalog
nakabili	dictionary	kaikki-tagalog
nasisira	dictionary	kaikki-tagalog
natanong	dictionary	kaikki-tagalog
nay	dictionary	kaikki-tagalog
pagbawi	pending	kaikki-tagalog
paggising	dictionary	kaikki-tagalog
pagkakaunawaan	dictionary	kaikki-tagalog
pagtanda	dictionary	kaikki-tagalog
pahiwatig	pending	kaikki-tagalog
palakpakan	dictionary	kaikki-tagalog
palibhasa	dictionary	kaikki-tagalog
pananatili	pending	kaikki-tagalog
pandemya	dictionary	kaikki-tagalog
pasalamat	dictionary	kaikki-tagalog
pasipiko	dictionary	kaikki-tagalog
pinuri	dictionary	kaikki-tagalog
pinutol	dictionary	kaikki-tagalog
sakupin	pending	kaikki-tagalog
saysay	dictionary	kaikki-tagalog
sinadya	dictionary	kaikki-tagalog
stella	dictionary	kaikki-tagalog
sumasayaw	dictionary	kaikki-tagalog
tambalang	pending	kaikki-tagalog
tatagal	pending	kaikki-tagalog
tumahimik	dictionary	kaikki-tagalog
umagang	pending	kaikki-tagalog
abnormal	dictionary	kaikki-tagalog
alinmang	pending	kaikki-tagalog
anyos	dictionary	kaikki-tagalog
artipisyal	dictionary	kaikki-tagalog
astig	dictionary	kaikki-tagalog
baron	dictionary	kaikki-tagalog
bihasa	dictionary	kaikki-tagalog
bonggang	pending	kaikki-tagalog
bossing	dictionary	kaikki-tagalog
brilyante	dictionary	kaikki-tagalog
busan	dictionary	kaikki-tagalog
eksklusibong	pending	kaikki-tagalog
hikayatin	pending	kaikki-tagalog
imbak	dictionary	kaikki-tagalog
inaasam	pending	kaikki-tagalog
inalok	pending	kaikki-tagalog
inuming	pending	kaikki-tagalog
ipag	pending	kaikki-tagalog
ipagdiwang	dictionary	kaikki-tagalog
isat	pending	kaikki-tagalog
itinapon	dictionary	kaikki-tagalog
kalayaang	pending	kaikki-tagalog
karibal	dictionary	kaikki-tagalog
komplikasyon	dictionary	kaikki-tagalog
kulog	dictionary	kaikki-tagalog
kuntento	dictionary	kaikki-tagalog
laos	dictionary	kaikki-tagalog
lipa	dictionary	kaikki-tagalog
