# CC-BANK-PURITY F2 ledger: word<TAB>verdict<TAB>source. One line per bank row, bank order.
# verdicts: dictionary | exception (signed) | pending (auditor sheet). No new row may ever enter as pending.
#tier	easy	0x26915D02FD2A0265
#tier	medium	0xB5EEABF2B69EF727
#tier	hard	0xA1429AADC32CD5A5
#tier	expert	0xBF8EA6BF51B44FC0
acheter	dictionary	fr
aider	dictionary	fr
aimer	dictionary	fr
alors	dictionary	fr
ami	dictionary	fr
amour	dictionary	fr
animal	dictionary	fr
anneau	dictionary	fr
année	dictionary	fr
arbre	dictionary	fr
argent	dictionary	fr
arrêter	dictionary	fr
art	dictionary	fr
avion	dictionary	fr
balle	dictionary	fr
bateau	dictionary	fr
besoin	dictionary	fr
bien	dictionary	fr
blanc	dictionary	fr
bleu	dictionary	fr
bois	dictionary	fr
bol	dictionary	fr
bon	dictionary	fr
bouche	dictionary	fr
boîte	dictionary	fr
bras	dictionary	fr
bruit	dictionary	fr
bus	dictionary	fr
bébé	dictionary	fr
cadeau	dictionary	fr
caméra	dictionary	fr
canard	dictionary	fr
carré	dictionary	fr
casser	dictionary	fr
cent	dictionary	fr
cercle	dictionary	fr
chambre	dictionary	fr
champ	dictionary	fr
chanson	dictionary	fr
chapeau	dictionary	fr
chat	dictionary	fr
chaud	dictionary	fr
chaîne	dictionary	fr
cheval	dictionary	fr
cheveux	dictionary	fr
chien	dictionary	fr
ciel	dictionary	fr
cinq	dictionary	fr
classe	dictionary	fr
clé	dictionary	fr
cochon	dictionary	fr
colline	dictionary	fr
corps	dictionary	fr
couleur	dictionary	fr
courir	dictionary	fr
court	dictionary	fr
cuisine	dictionary	fr
cœur	dictionary	fr
danser	dictionary	fr
deux	dictionary	fr
devant	dictionary	fr
dieu	dictionary	fr
dix	dictionary	fr
donner	dictionary	fr
dos	dictionary	fr
douleur	dictionary	fr
doux	dictionary	fr
droit	dictionary	fr
eau	dictionary	fr
enfant	dictionary	fr
envoyer	dictionary	fr
espoir	dictionary	fr
esprit	dictionary	fr
est	dictionary	fr
facile	dictionary	fr
faible	dictionary	fr
faire	dictionary	fr
famille	dictionary	fr
femme	dictionary	fr
fenêtre	dictionary	fr
fer	dictionary	fr
ferme	dictionary	fr
fermer	dictionary	fr
feu	dictionary	fr
feuille	dictionary	fr
fille	dictionary	fr
film	dictionary	fr
fils	dictionary	fr
fleur	dictionary	fr
fond	dictionary	fr
forme	dictionary	fr
fort	dictionary	fr
frais	dictionary	fr
froid	dictionary	fr
frère	dictionary	fr
fumée	dictionary	fr
garçon	dictionary	fr
gauche	dictionary	fr
gens	dictionary	fr
glace	dictionary	fr
graine	dictionary	fr
grand	dictionary	fr
gris	dictionary	fr
guerre	dictionary	fr
herbe	dictionary	fr
heure	dictionary	fr
hiver	dictionary	fr
homme	dictionary	fr
huit	dictionary	fr
hôpital	dictionary	fr
ici	dictionary	fr
image	dictionary	fr
jamais	dictionary	fr
jambe	dictionary	fr
jaune	dictionary	fr
jeu	dictionary	fr
jouer	dictionary	fr
jour	dictionary	fr
lac	dictionary	fr
lait	dictionary	fr
lampe	dictionary	fr
lent	dictionary	fr
lettre	dictionary	fr
ligne	dictionary	fr
lire	dictionary	fr
lit	dictionary	fr
livre	dictionary	fr
loi	dictionary	fr
long	dictionary	fr
loup	dictionary	fr
lumière	dictionary	fr
lune	dictionary	fr
là	dictionary	fr
machine	dictionary	fr
magasin	dictionary	fr
main	dictionary	fr
maison	dictionary	fr
manger	dictionary	fr
manteau	dictionary	fr
marcher	dictionary	fr
marché	dictionary	fr
matin	dictionary	fr
mauvais	dictionary	fr
mer	dictionary	fr
milieu	dictionary	fr
mille	dictionary	fr
mois	dictionary	fr
monde	dictionary	fr
monnaie	dictionary	fr
mort	dictionary	fr
mot	dictionary	fr
mouillé	dictionary	fr
mur	dictionary	fr
musique	dictionary	fr
mère	dictionary	fr
métal	dictionary	fr
nager	dictionary	fr
nation	dictionary	fr
nature	dictionary	fr
navire	dictionary	fr
neige	dictionary	fr
neuf	dictionary	fr
nez	dictionary	fr
noir	dictionary	fr
nom	dictionary	fr
nombre	dictionary	fr
non	dictionary	fr
nord	dictionary	fr
nouveau	dictionary	fr
nuage	dictionary	fr
nuit	dictionary	fr
oiseau	dictionary	fr
or	dictionary	fr
oreille	dictionary	fr
os	dictionary	fr
ouest	dictionary	fr
ours	dictionary	fr
outil	dictionary	fr
ouvrir	dictionary	fr
page	dictionary	fr
paix	dictionary	fr
papier	dictionary	fr
parfois	dictionary	fr
parler	dictionary	fr
payer	dictionary	fr
pays	dictionary	fr
peau	dictionary	fr
penser	dictionary	fr
perdre	dictionary	fr
petit	dictionary	fr
peur	dictionary	fr
pied	dictionary	fr
pierre	dictionary	fr
pièce	dictionary	fr
plante	dictionary	fr
pluie	dictionary	fr
point	dictionary	fr
poisson	dictionary	fr
pont	dictionary	fr
porte	dictionary	fr
porter	dictionary	fr
pousser	dictionary	fr
pouvoir	dictionary	fr
poème	dictionary	fr
prendre	dictionary	fr
prix	dictionary	fr
père	dictionary	fr
quatre	dictionary	fr
racine	dictionary	fr
rapide	dictionary	fr
reine	dictionary	fr
renard	dictionary	fr
rivière	dictionary	fr
riz	dictionary	fr
rocher	dictionary	fr
roi	dictionary	fr
rouge	dictionary	fr
route	dictionary	fr
rue	dictionary	fr
sable	dictionary	fr
sang	dictionary	fr
santé	dictionary	fr
sauter	dictionary	fr
savoir	dictionary	fr
sec	dictionary	fr
sel	dictionary	fr
semaine	dictionary	fr
sept	dictionary	fr
six	dictionary	fr
sol	dictionary	fr
soleil	dictionary	fr
sombre	dictionary	fr
sommet	dictionary	fr
son	dictionary	fr
souris	dictionary	fr
souvent	dictionary	fr
sucre	dictionary	fr
sud	dictionary	fr
sœur	dictionary	fr
table	dictionary	fr
taille	dictionary	fr
tasse	dictionary	fr
temps	dictionary	fr
tenir	dictionary	fr
terre	dictionary	fr
thé	dictionary	fr
tirer	dictionary	fr
tiède	dictionary	fr
toit	dictionary	fr
train	dictionary	fr
travail	dictionary	fr
trois	dictionary	fr
trouver	dictionary	fr
tête	dictionary	fr
un	dictionary	fr
vague	dictionary	fr
vendre	dictionary	fr
vent	dictionary	fr
verre	dictionary	fr
vert	dictionary	fr
viande	dictionary	fr
vie	dictionary	fr
vieux	dictionary	fr
village	dictionary	fr
ville	dictionary	fr
vin	dictionary	fr
voiture	dictionary	fr
voix	dictionary	fr
vouloir	dictionary	fr
voyage	dictionary	fr
âme	dictionary	fr
école	dictionary	fr
écrire	dictionary	fr
église	dictionary	fr
étoile	dictionary	fr
été	dictionary	fr
île	dictionary	fr
œil	dictionary	fr
œuf	dictionary	fr
jardin	dictionary	fr
lapin	dictionary	fr
tortue	dictionary	fr
fromage	dictionary	fr
gâteau	dictionary	fr
orange	dictionary	fr
banane	dictionary	fr
fraise	dictionary	fr
carotte	dictionary	fr
tomate	dictionary	fr
chemise	dictionary	fr
guitare	dictionary	fr
peinture	dictionary	fr
montagne	dictionary	fr
couteau	dictionary	fr
tante	dictionary	fr
oncle	dictionary	fr
cousin	dictionary	fr
château	dictionary	fr
comme	dictionary	fr
cette	dictionary	fr
était	dictionary	fr
entre	dictionary	fr
aussi	dictionary	fr
partie	dictionary	fr
ainsi	dictionary	fr
après	dictionary	fr
années	dictionary	fr
leurs	dictionary	fr
avant	dictionary	fr
avait	dictionary	fr
autres	dictionary	fr
depuis	dictionary	fr
contre	dictionary	fr
groupe	dictionary	fr
place	dictionary	fr
avoir	dictionary	fr
encore	dictionary	fr
grande	dictionary	fr
cours	dictionary	fr
moins	dictionary	fr
suite	dictionary	fr
saison	dictionary	fr
chaque	dictionary	fr
partir	dictionary	fr
reste	dictionary	fr
trouve	dictionary	fr
permet	dictionary	fr
titre	dictionary	fr
autre	dictionary	fr
paris	dictionary	fr
début	dictionary	fr
toute	dictionary	fr
série	dictionary	fr
compte	dictionary	fr
niveau	dictionary	fr
effet	dictionary	fr
toutes	dictionary	fr
jeune	dictionary	fr
étant	dictionary	fr
prend	dictionary	fr
celui	dictionary	fr
région	dictionary	fr
selon	dictionary	fr
centre	dictionary	fr
jours	dictionary	fr
durant	dictionary	fr
succès	dictionary	fr
hommes	dictionary	fr
celle	dictionary	fr
furent	dictionary	fr
ayant	dictionary	fr
public	dictionary	fr
points	dictionary	fr
raison	dictionary	fr
projet	dictionary	fr
moment	dictionary	fr
études	dictionary	fr
petite	dictionary	fr
grâce	dictionary	fr
existe	dictionary	fr
quand	dictionary	fr
membre	dictionary	fr
passe	dictionary	fr
retour	dictionary	fr
femmes	dictionary	fr
joueur	dictionary	fr
donne	dictionary	fr
connu	dictionary	fr
cause	dictionary	fr
nommé	dictionary	fr
elles	dictionary	fr
décide	dictionary	fr
autour	dictionary	fr
seule	dictionary	fr
scène	dictionary	fr
assez	dictionary	fr
semble	dictionary	fr
match	dictionary	fr
situé	dictionary	fr
grands	dictionary	fr
aurait	dictionary	fr
mesure	dictionary	fr
jeunes	dictionary	fr
terme	dictionary	fr
donné	dictionary	fr
façon	dictionary	fr
parmi	dictionary	fr
propre	dictionary	fr
écrit	dictionary	fr
droite	dictionary	fr
combat	dictionary	fr
époque	dictionary	fr
équipe	dictionary	fr
mètres	dictionary	fr
second	dictionary	fr
poste	dictionary	fr
aucun	dictionary	fr
tandis	dictionary	fr
œuvres	dictionary	fr
réseau	dictionary	fr
style	dictionary	fr
mettre	dictionary	fr
modèle	dictionary	fr
publié	dictionary	fr
vient	dictionary	fr
œuvre	dictionary	fr
salle	dictionary	fr
parti	dictionary	fr
départ	dictionary	fr
finale	dictionary	fr
marque	dictionary	fr
total	dictionary	fr
siège	dictionary	fr
aucune	dictionary	fr
meurt	dictionary	fr
cadre	dictionary	fr
large	dictionary	fr
appelé	dictionary	fr
pièces	dictionary	fr
rurale	dictionary	fr
serait	dictionary	fr
album	dictionary	fr
langue	dictionary	fr
passé	dictionary	fr
située	dictionary	fr
lequel	dictionary	fr
grille	dictionary	fr
heures	dictionary	fr
matchs	dictionary	fr
valeur	dictionary	fr
épouse	dictionary	fr
ancien	dictionary	fr
simple	dictionary	fr
plutôt	dictionary	fr
reçoit	dictionary	fr
charge	dictionary	fr
liste	dictionary	fr
forces	dictionary	fr
malgré	dictionary	fr
police	dictionary	fr
force	dictionary	fr
zones	dictionary	fr
montre	dictionary	fr
sujet	dictionary	fr
musée	dictionary	fr
denses	dictionary	fr
sortie	dictionary	fr
devenu	dictionary	fr
petits	dictionary	fr
chacun	dictionary	fr
longue	dictionary	fr
chemin	dictionary	fr
choix	dictionary	fr
passer	dictionary	fr
lignes	dictionary	fr
course	dictionary	fr
créer	dictionary	fr
auprès	dictionary	fr
outre	dictionary	fr
titres	dictionary	fr
celles	dictionary	fr
arrive	dictionary	fr
divers	dictionary	fr
villes	dictionary	fr
rendre	dictionary	fr
films	dictionary	fr
devait	dictionary	fr
seront	dictionary	fr
source	dictionary	fr
livres	dictionary	fr
proche	dictionary	fr
quitte	dictionary	fr
formes	dictionary	fr
durée	dictionary	fr
siècle	dictionary	fr
tombe	dictionary	fr
double	dictionary	fr
prise	dictionary	fr
bonne	dictionary	fr
unique	dictionary	fr
roman	dictionary	fr
tente	dictionary	fr
permis	dictionary	fr
publie	dictionary	fr
prison	dictionary	fr
maître	dictionary	fr
forte	dictionary	fr
phase	dictionary	fr
connue	dictionary	fr
mieux	dictionary	fr
haute	dictionary	fr
genre	dictionary	fr
texte	dictionary	fr
moteur	dictionary	fr
lieux	dictionary	fr
statut	dictionary	fr
terres	dictionary	fr
couple	dictionary	fr
carte	dictionary	fr
créée	dictionary	fr
offre	dictionary	fr
cinéma	dictionary	fr
moitié	dictionary	fr
comité	dictionary	fr
finit	dictionary	fr
libre	dictionary	fr
manque	dictionary	fr
parce	dictionary	fr
filles	dictionary	fr
moyen	dictionary	fr
droits	dictionary	fr
clubs	dictionary	fr
garde	dictionary	fr
morts	dictionary	fr
bande	dictionary	fr
laisse	dictionary	fr
textes	dictionary	fr
signe	dictionary	fr
autant	dictionary	fr
peuple	dictionary	fr
presse	dictionary	fr
chargé	dictionary	fr
enfin	dictionary	fr
armes	dictionary	fr
tient	dictionary	fr
sorte	dictionary	fr
comte	dictionary	fr
palais	dictionary	fr
quant	dictionary	fr
avril	dictionary	fr
élevé	dictionary	fr
doute	dictionary	fr
frères	dictionary	fr
objets	dictionary	fr
moyens	dictionary	fr
portes	dictionary	fr
situe	dictionary	fr
peine	dictionary	fr
élèves	dictionary	fr
ouvert	dictionary	fr
façade	dictionary	fr
côtés	dictionary	fr
espèce	dictionary	fr
juste	dictionary	fr
mêmes	dictionary	fr
nommée	dictionary	fr
devint	dictionary	fr
règles	dictionary	fr
suivi	dictionary	fr
décrit	dictionary	fr
riche	dictionary	fr
types	dictionary	fr
parle	dictionary	fr
refuse	dictionary	fr
vivre	dictionary	fr
figure	dictionary	fr
forêt	dictionary	fr
locaux	dictionary	fr
obtenu	dictionary	fr
perdu	dictionary	fr
soient	dictionary	fr
radio	dictionary	fr
rares	dictionary	fr
régime	dictionary	fr
marie	dictionary	fr
locale	dictionary	fr
crise	dictionary	fr
lutte	dictionary	fr
mains	dictionary	fr
commun	dictionary	fr
poids	dictionary	fr
termes	dictionary	fr
aller	dictionary	fr
bureau	dictionary	fr
numéro	dictionary	fr
biens	dictionary	fr
places	dictionary	fr
visite	dictionary	fr
chine	dictionary	fr
faits	dictionary	fr
revue	dictionary	fr
social	dictionary	fr
vallée	dictionary	fr
fleurs	dictionary	fr
thème	dictionary	fr
vingt	dictionary	fr
volume	dictionary	fr
écoles	dictionary	fr
limite	dictionary	fr
tours	dictionary	fr
actuel	dictionary	fr
lance	dictionary	fr
occupe	dictionary	fr
telle	dictionary	fr
vente	dictionary	fr
sites	dictionary	fr
unités	dictionary	fr
saint	dictionary	fr
coupe	dictionary	fr
dirige	dictionary	fr
maire	dictionary	fr
marqué	dictionary	fr
décidé	dictionary	fr
masse	dictionary	fr
plein	dictionary	fr
vidéo	dictionary	fr
notre	dictionary	fr
réduit	dictionary	fr
appel	dictionary	fr
fondée	dictionary	fr
procès	dictionary	fr
suivre	dictionary	fr
débuts	dictionary	fr
héros	dictionary	fr
risque	dictionary	fr
voire	dictionary	fr
prince	dictionary	fr
sauver	dictionary	fr
seuls	dictionary	fr
voies	dictionary	fr
croix	dictionary	fr
séries	dictionary	fr
vivant	dictionary	fr
climat	dictionary	fr
fonds	dictionary	fr
sujets	dictionary	fr
traité	dictionary	fr
cartes	dictionary	fr
chœur	dictionary	fr
ordre	dictionary	fr
règne	dictionary	fr
stade	dictionary	fr
écrits	dictionary	fr
éviter	dictionary	fr
basse	dictionary	fr
chose	dictionary	fr
faveur	dictionary	fr
nouvel	dictionary	fr
plans	dictionary	fr
pense	dictionary	fr
servir	dictionary	fr
états	dictionary	fr
change	dictionary	fr
formé	dictionary	fr
rester	dictionary	fr
douze	dictionary	fr
pleine	dictionary	fr
venir	dictionary	fr
chute	dictionary	fr
pilote	dictionary	fr
révèle	dictionary	fr
étape	dictionary	fr
actif	dictionary	fr
envers	dictionary	fr
pieds	dictionary	fr
scènes	dictionary	fr
envoyé	dictionary	fr
faite	dictionary	fr
mandat	dictionary	fr
russe	dictionary	fr
telles	dictionary	fr
accès	dictionary	fr
courte	dictionary	fr
arrêté	dictionary	fr
gagne	dictionary	fr
images	dictionary	fr
romans	dictionary	fr
suisse	dictionary	fr
armées	dictionary	fr
dessin	dictionary	fr
piste	dictionary	fr
armée	dictionary	fr
choses	dictionary	fr
dehors	dictionary	fr
entier	dictionary	fr
ailes	dictionary	fr
chasse	dictionary	fr
cycle	dictionary	fr
salles	dictionary	fr
prises	dictionary	fr
récit	dictionary	fr
sortir	dictionary	fr
former	dictionary	fr
pages	dictionary	fr
perte	dictionary	fr
routes	dictionary	fr
choisi	dictionary	fr
comté	dictionary	fr
noire	dictionary	fr
privée	dictionary	fr
martin	dictionary	fr
bronze	dictionary	fr
coups	dictionary	fr
décès	dictionary	fr
final	dictionary	fr
preuve	dictionary	fr
somme	dictionary	fr
trouvé	dictionary	fr
débute	dictionary	fr
fondé	dictionary	fr
métier	dictionary	fr
royale	dictionary	fr
réussi	dictionary	fr
visage	dictionary	fr
disque	dictionary	fr
format	dictionary	fr
gagner	dictionary	fr
portée	dictionary	fr
prévu	dictionary	fr
rendu	dictionary	fr
futur	dictionary	fr
lycée	dictionary	fr
profit	dictionary	fr
puisse	dictionary	fr
sièges	dictionary	fr
vaste	dictionary	fr
action	dictionary	fr
effets	dictionary	fr
noter	dictionary	fr
single	dictionary	fr
sport	dictionary	fr
temple	dictionary	fr
tiers	dictionary	fr
traces	dictionary	fr
bassin	dictionary	fr
étude	dictionary	fr
blessé	dictionary	fr
canton	dictionary	fr
local	dictionary	fr
score	dictionary	fr
belle	dictionary	fr
canal	dictionary	fr
forêts	dictionary	fr
front	dictionary	fr
conçu	dictionary	fr
propos	dictionary	fr
quinze	dictionary	fr
étudie	dictionary	fr
active	dictionary	fr
albums	dictionary	fr
baisse	dictionary	fr
chefs	dictionary	fr
menace	dictionary	fr
piano	dictionary	fr
record	dictionary	fr
accord	dictionary	fr
donnée	dictionary	fr
médias	dictionary	fr
privé	dictionary	fr
situés	dictionary	fr
totale	dictionary	fr
allant	dictionary	fr
phare	dictionary	fr
placé	dictionary	fr
pêche	dictionary	fr
sorti	dictionary	fr
thèmes	dictionary	fr
trains	dictionary	fr
trône	dictionary	fr
connus	dictionary	fr
pointe	dictionary	fr
poésie	dictionary	fr
studio	dictionary	fr
juifs	dictionary	fr
abrite	dictionary	fr
civile	dictionary	fr
culte	dictionary	fr
député	dictionary	fr
label	dictionary	fr
lancer	dictionary	fr
majeur	dictionary	fr
servi	dictionary	fr
gamme	dictionary	fr
regard	dictionary	fr
vision	dictionary	fr
étage	dictionary	fr
assure	dictionary	fr
changé	dictionary	fr
entrée	dictionary	fr
espace	dictionary	fr
flotte	dictionary	fr
règle	dictionary	fr
sœurs	dictionary	fr
élevée	dictionary	fr
clair	dictionary	fr
fruits	dictionary	fr
fuite	dictionary	fr
humain	dictionary	fr
latin	dictionary	fr
actes	dictionary	fr
danse	dictionary	fr
venant	dictionary	fr
aspect	dictionary	fr
couche	dictionary	fr
fermé	dictionary	fr
liens	dictionary	fr
ligue	dictionary	fr
arbres	dictionary	fr
dessus	dictionary	fr
pertes	dictionary	fr
repris	dictionary	fr
statue	dictionary	fr
tourne	dictionary	fr
unité	dictionary	fr
établi	dictionary	fr
chant	dictionary	fr
idées	dictionary	fr
objet	dictionary	fr
ouvre	dictionary	fr
secret	dictionary	fr
tenter	dictionary	fr
usage	dictionary	fr
évolue	dictionary	fr
agents	dictionary	fr
auquel	dictionary	fr
estime	dictionary	fr
laissé	dictionary	fr
montée	dictionary	fr
porté	dictionary	fr
vendu	dictionary	fr
envoie	dictionary	fr
mener	dictionary	fr
vierge	dictionary	fr
fleuve	dictionary	fr
fusion	dictionary	fr
mairie	dictionary	fr
marche	dictionary	fr
occupé	dictionary	fr
peint	dictionary	fr
pensée	dictionary	fr
royal	dictionary	fr
séjour	dictionary	fr
trafic	dictionary	fr
ventes	dictionary	fr
direct	dictionary	fr
fonde	dictionary	fr
mises	dictionary	fr
ordres	dictionary	fr
partis	dictionary	fr
quart	dictionary	fr
étages	dictionary	fr
débat	dictionary	fr
garder	dictionary	fr
lancé	dictionary	fr
nomme	dictionary	fr
notion	dictionary	fr
revenu	dictionary	fr
rouges	dictionary	fr
soins	dictionary	fr
acquis	dictionary	fr
basée	dictionary	fr
battre	dictionary	fr
malade	dictionary	fr
marine	dictionary	fr
marié	dictionary	fr
massif	dictionary	fr
montré	dictionary	fr
talent	dictionary	fr
bases	dictionary	fr
notes	dictionary	fr
quitté	dictionary	fr
bourg	dictionary	fr
cesse	dictionary	fr
faites	dictionary	fr
jouent	dictionary	fr
repose	dictionary	fr
toile	dictionary	fr
avions	dictionary	fr
belge	dictionary	fr
dépend	dictionary	fr
moines	dictionary	fr
queue	dictionary	fr
riches	dictionary	fr
ruines	dictionary	fr
élève	dictionary	fr
étapes	dictionary	fr
bandes	dictionary	fr
dirigé	dictionary	fr
motifs	dictionary	fr
traite	dictionary	fr
maria	dictionary	fr
canons	dictionary	fr
cible	dictionary	fr
essais	dictionary	fr
resté	dictionary	fr
thèse	dictionary	fr
trente	dictionary	fr
vivent	dictionary	fr
écrite	dictionary	fr
banque	dictionary	fr
budget	dictionary	fr
civil	dictionary	fr
danger	dictionary	fr
dieux	dictionary	fr
gagné	dictionary	fr
issue	dictionary	fr
puits	dictionary	fr
répond	dictionary	fr
vapeur	dictionary	fr
échec	dictionary	fr
ajoute	dictionary	fr
auteur	dictionary	fr
pourra	dictionary	fr
signé	dictionary	fr
subit	dictionary	fr
tenue	dictionary	fr
blancs	dictionary	fr
décor	dictionary	fr
postes	dictionary	fr
chance	dictionary	fr
croit	dictionary	fr
débit	dictionary	fr
faute	dictionary	fr
invité	dictionary	fr
mâles	dictionary	fr
plage	dictionary	fr
remise	dictionary	fr
restes	dictionary	fr
voient	dictionary	fr
vienne	dictionary	fr
quelle	dictionary	fr
trace	dictionary	fr
tâche	dictionary	fr
juive	dictionary	fr
mines	dictionary	fr
photos	dictionary	fr
plaque	dictionary	fr
soirée	dictionary	fr
suivie	dictionary	fr
barre	dictionary	fr
champs	dictionary	fr
devoir	dictionary	fr
monter	dictionary	fr
outils	dictionary	fr
rôles	dictionary	fr
soldat	dictionary	fr
tests	dictionary	fr
vendus	dictionary	fr
fortes	dictionary	fr
larges	dictionary	fr
libres	dictionary	fr
marins	dictionary	fr
prêtre	dictionary	fr
tomber	dictionary	fr
tonnes	dictionary	fr
veille	dictionary	fr
visant	dictionary	fr
bilan	dictionary	fr
classé	dictionary	fr
défaut	dictionary	fr
erreur	dictionary	fr
exerce	dictionary	fr
grave	dictionary	fr
limité	dictionary	fr
liées	dictionary	fr
motif	dictionary	fr
normes	dictionary	fr
photo	dictionary	fr
profil	dictionary	fr
varie	dictionary	fr
vérité	dictionary	fr
mourir	dictionary	fr
relief	dictionary	fr
russes	dictionary	fr
réunit	dictionary	fr
signal	dictionary	fr
adopté	dictionary	fr
civils	dictionary	fr
degré	dictionary	fr
décret	dictionary	fr
entame	dictionary	fr
longs	dictionary	fr
placée	dictionary	fr
signes	dictionary	fr
touche	dictionary	fr
verte	dictionary	fr
congrès	dictionary	fr
discussion	dictionary	fr
effort	dictionary	fr
noirs	dictionary	fr
parlent	dictionary	fr
prête	dictionary	fr
répondu	dictionary	fr
sale	dictionary	fr
appartement	dictionary	fr
demandes	dictionary	fr
démocratie	dictionary	fr
emplois	dictionary	fr
office	dictionary	fr
seine	dictionary	fr
apporter	dictionary	fr
essentiel	dictionary	fr
euro	dictionary	fr
exception	dictionary	fr
gratuit	dictionary	fr
génie	dictionary	fr
honte	dictionary	fr
islam	dictionary	fr
mobile	dictionary	fr
occuper	dictionary	fr
présidentielle	dictionary	fr
usine	dictionary	fr
aient	dictionary	fr
ambiance	dictionary	fr
annoncé	dictionary	fr
empêche	dictionary	fr
erreurs	dictionary	fr
finances	dictionary	fr
fous	dictionary	fr
huile	dictionary	fr
inquiète	dictionary	fr
messages	dictionary	fr
métro	dictionary	fr
penses	dictionary	fr
réponses	dictionary	fr
salaire	dictionary	fr
toucher	dictionary	fr
vérifier	dictionary	fr
écriture	dictionary	fr
étoiles	dictionary	fr
académie	dictionary	fr
black	dictionary	fr
brésil	dictionary	fr
commentaire	dictionary	fr
discuter	dictionary	fr
doigts	dictionary	fr
détail	dictionary	fr
essaye	dictionary	fr
haine	dictionary	fr
heureuse	dictionary	fr
humour	dictionary	fr
informatique	dictionary	fr
monte	dictionary	fr
parfaite	dictionary	fr
pensent	dictionary	fr
plaît	dictionary	fr
préféré	dictionary	fr
recours	dictionary	fr
souvenirs	dictionary	fr
verra	dictionary	fr
aiment	dictionary	fr
alliance	dictionary	fr
apparemment	dictionary	fr
attendu	dictionary	fr
engagement	dictionary	fr
ennemi	dictionary	fr
euh	dictionary	fr
impôt	dictionary	fr
initiative	dictionary	fr
inutile	dictionary	fr
investissement	dictionary	fr
papa	dictionary	fr
pourront	dictionary	fr
respecter	dictionary	fr
richard	dictionary	fr
savait	dictionary	fr
serai	dictionary	fr
souviens	dictionary	fr
sérieusement	dictionary	fr
électricité	dictionary	fr
avoue	dictionary	fr
blog	dictionary	fr
canadien	dictionary	fr
conduire	dictionary	fr
conversation	dictionary	fr
coucher	dictionary	fr
devrais	dictionary	fr
entends	dictionary	fr
essai	dictionary	fr
gentil	dictionary	fr
infos	dictionary	fr
pote	dictionary	fr
promis	dictionary	fr
uni	dictionary	fr
amitié	dictionary	fr
chances	dictionary	fr
dents	dictionary	fr
devons	dictionary	fr
dirais	dictionary	fr
laissez	dictionary	fr
mange	dictionary	fr
perso	dictionary	fr
quasi	dictionary	fr
salariés	dictionary	fr
tombé	dictionary	fr
traiter	dictionary	fr
venait	dictionary	fr
venus	dictionary	fr
vrais	dictionary	fr
arrêtez	dictionary	fr
bravo	dictionary	fr
déteste	dictionary	fr
empereur	dictionary	fr
fier	dictionary	fr
grosses	dictionary	fr
impôts	dictionary	fr
lever	dictionary	fr
mini	dictionary	fr
option	dictionary	fr
orient	dictionary	fr
policier	dictionary	fr
précis	dictionary	fr
remarque	dictionary	fr
règlement	dictionary	fr
sacré	dictionary	fr
socialiste	dictionary	fr
soyez	dictionary	fr
spéciale	dictionary	fr
tas	dictionary	fr
venue	dictionary	fr
voter	dictionary	fr
étudiant	dictionary	fr
affiche	dictionary	fr
ajouté	dictionary	fr
arabes	dictionary	fr
cache	dictionary	fr
caisse	dictionary	fr
casse	dictionary	fr
compliqué	dictionary	fr
couper	dictionary	fr
effectivement	dictionary	fr
excuse	dictionary	fr
exprimer	dictionary	fr
hausse	dictionary	fr
joli	dictionary	fr
manuel	dictionary	fr
organisme	dictionary	fr
passée	dictionary	fr
progrès	dictionary	fr
prouver	dictionary	fr
réfléchir	dictionary	fr
résumé	dictionary	fr
voudrais	dictionary	fr
youtube	pending	fr
équilibre	dictionary	fr
attente	dictionary	fr
charges	dictionary	fr
regarder	dictionary	fr
médicament	dictionary	fr
plastique	dictionary	fr
assiette	dictionary	fr
anniversaire	dictionary	fr
ascenseur	dictionary	fr
aventure	dictionary	fr
aéroport	dictionary	fr
bibliothèque	dictionary	fr
bicyclette	dictionary	fr
boulangerie	dictionary	fr
calendrier	dictionary	fr
casserole	dictionary	fr
ceinture	dictionary	fr
champignon	dictionary	fr
chaussette	dictionary	fr
confiture	dictionary	fr
couverture	dictionary	fr
crocodile	dictionary	fr
dinosaure	dictionary	fr
escalier	dictionary	fr
fourchette	dictionary	fr
framboise	dictionary	fr
girafe	dictionary	fr
grenouille	dictionary	fr
hirondelle	dictionary	fr
kilomètre	dictionary	fr
obstacle	dictionary	fr
ordinateur	dictionary	fr
papillon	dictionary	fr
parapluie	dictionary	fr
pharmacie	dictionary	fr
pingouin	dictionary	fr
pâtisserie	dictionary	fr
restaurant	dictionary	fr
réfrigérateur	dictionary	fr
serpent	dictionary	fr
squelette	dictionary	fr
tournesol	dictionary	fr
téléphone	dictionary	fr
télévision	dictionary	fr
université	dictionary	fr
éléphant	dictionary	fr
premier	dictionary	fr
première	dictionary	fr
commune	dictionary	fr
devient	dictionary	fr
pendant	dictionary	fr
quelques	dictionary	fr
ensuite	dictionary	fr
dernier	dictionary	fr
étaient	dictionary	fr
nombreux	dictionary	fr
nouvelle	dictionary	fr
peuvent	dictionary	fr
toujours	dictionary	fr
français	dictionary	fr
deuxième	dictionary	fr
général	dictionary	fr
carrière	dictionary	fr
période	dictionary	fr
système	dictionary	fr
enfants	dictionary	fr
membres	dictionary	fr
beaucoup	dictionary	fr
service	dictionary	fr
certains	dictionary	fr
communes	dictionary	fr
société	dictionary	fr
plupart	dictionary	fr
présente	dictionary	fr
commence	dictionary	fr
dernière	dictionary	fr
exemple	dictionary	fr
premiers	dictionary	fr
demande	dictionary	fr
manière	dictionary	fr
travaux	dictionary	fr
environ	dictionary	fr
possible	dictionary	fr
possède	dictionary	fr
version	dictionary	fr
fonction	dictionary	fr
rapport	dictionary	fr
surtout	dictionary	fr
laquelle	dictionary	fr
création	dictionary	fr
bâtiment	dictionary	fr
utilisé	dictionary	fr
domaine	dictionary	fr
lorsque	dictionary	fr
grandes	dictionary	fr
retrouve	dictionary	fr
densité	dictionary	fr
avaient	dictionary	fr
produit	dictionary	fr
personne	dictionary	fr
présence	dictionary	fr
travers	dictionary	fr
nouveaux	dictionary	fr
équipes	dictionary	fr
seconde	dictionary	fr
doivent	dictionary	fr
services	dictionary	fr
contrôle	dictionary	fr
obtient	dictionary	fr
culture	dictionary	fr
position	dictionary	fr
quartier	dictionary	fr
comprend	dictionary	fr
millions	dictionary	fr
troupes	dictionary	fr
moyenne	dictionary	fr
presque	dictionary	fr
suivant	dictionary	fr
conseil	dictionary	fr
joueurs	dictionary	fr
national	dictionary	fr
produits	dictionary	fr
victoire	dictionary	fr
certain	dictionary	fr
groupes	dictionary	fr
ensemble	dictionary	fr
ailleurs	dictionary	fr
continue	dictionary	fr
atteint	dictionary	fr
données	dictionary	fr
qualité	dictionary	fr
faisant	dictionary	fr
théâtre	dictionary	fr
suivante	dictionary	fr
devenir	dictionary	fr
minutes	dictionary	fr
surface	dictionary	fr
éléments	dictionary	fr
parties	dictionary	fr
parents	dictionary	fr
terrain	dictionary	fr
majorité	dictionary	fr
anglais	dictionary	fr
chapelle	dictionary	fr
espèces	dictionary	fr
novembre	dictionary	fr
passage	dictionary	fr
pratique	dictionary	fr
derniers	dictionary	fr
bataille	dictionary	fr
juillet	dictionary	fr
mission	dictionary	fr
meilleur	dictionary	fr
remporte	dictionary	fr
question	dictionary	fr
réalité	dictionary	fr
sécurité	dictionary	fr
mondiale	dictionary	fr
composé	dictionary	fr
campagne	dictionary	fr
apparaît	dictionary	fr
mariage	dictionary	fr
générale	dictionary	fr
pourrait	dictionary	fr
décembre	dictionary	fr
termine	dictionary	fr
diverses	dictionary	fr
anciens	dictionary	fr
critique	dictionary	fr
hauteur	dictionary	fr
octobre	dictionary	fr
petites	dictionary	fr
maisons	dictionary	fr
propose	dictionary	fr
publique	dictionary	fr
rejoint	dictionary	fr
reprises	dictionary	fr
utilise	dictionary	fr
activité	dictionary	fr
dispose	dictionary	fr
centrale	dictionary	fr
secteur	dictionary	fr
janvier	dictionary	fr
section	dictionary	fr
projets	dictionary	fr
soldats	dictionary	fr
couleurs	dictionary	fr
gestion	dictionary	fr
parvient	dictionary	fr
relation	dictionary	fr
découvre	dictionary	fr
problème	dictionary	fr
artistes	dictionary	fr
division	dictionary	fr
commerce	dictionary	fr
journal	dictionary	fr
derrière	dictionary	fr
ministre	dictionary	fr
quelque	dictionary	fr
longueur	dictionary	fr
matière	dictionary	fr
réalise	dictionary	fr
édition	dictionary	fr
commencé	dictionary	fr
pouvait	dictionary	fr
présent	dictionary	fr
revient	dictionary	fr
utilisée	dictionary	fr
vitesse	dictionary	fr
trouvent	dictionary	fr
capacité	dictionary	fr
défense	dictionary	fr
station	dictionary	fr
utilisés	dictionary	fr
propres	dictionary	fr
retraite	dictionary	fr
modèles	dictionary	fr
réalisé	dictionary	fr
connaît	dictionary	fr
soutien	dictionary	fr
tableau	dictionary	fr
saisons	dictionary	fr
contrat	dictionary	fr
histoire	dictionary	fr
régions	dictionary	fr
sciences	dictionary	fr
sources	dictionary	fr
animaux	dictionary	fr
comporte	dictionary	fr
courant	dictionary	fr
semaines	dictionary	fr
apprend	dictionary	fr
chansons	dictionary	fr
ancienne	dictionary	fr
compris	dictionary	fr
contient	dictionary	fr
reprend	dictionary	fr
sociale	dictionary	fr
familles	dictionary	fr
lettres	dictionary	fr
articles	dictionary	fr
théorie	dictionary	fr
conduit	dictionary	fr
tournée	dictionary	fr
concours	dictionary	fr
physique	dictionary	fr
annonce	dictionary	fr
affaires	dictionary	fr
raisons	dictionary	fr
navires	dictionary	fr
appelée	dictionary	fr
demeure	dictionary	fr
poursuit	dictionary	fr
auteurs	dictionary	fr
distance	dictionary	fr
langues	dictionary	fr
mémoire	dictionary	fr
éditions	dictionary	fr
allemand	dictionary	fr
parcours	dictionary	fr
champion	dictionary	fr
février	dictionary	fr
moderne	dictionary	fr
province	dictionary	fr
signifie	dictionary	fr
justice	dictionary	fr
capitale	dictionary	fr
journée	dictionary	fr
principe	dictionary	fr
célèbre	dictionary	fr
maladie	dictionary	fr
retourne	dictionary	fr
consiste	dictionary	fr
royaume	dictionary	fr
central	dictionary	fr
football	dictionary	fr
ouvrage	dictionary	fr
systèmes	dictionary	fr
certaine	dictionary	fr
faisait	dictionary	fr
réussit	dictionary	fr
attaque	dictionary	fr
arrière	dictionary	fr
méthode	dictionary	fr
réaliser	dictionary	fr
conflit	dictionary	fr
revanche	dictionary	fr
composée	dictionary	fr
puisque	dictionary	fr
villages	dictionary	fr
matériel	dictionary	fr
pouvoirs	dictionary	fr
victimes	dictionary	fr
volonté	dictionary	fr
contexte	dictionary	fr
décision	dictionary	fr
complexe	dictionary	fr
remplacé	dictionary	fr
ouvrages	dictionary	fr
plantes	dictionary	fr
résultat	dictionary	fr
tournoi	dictionary	fr
explique	dictionary	fr
niveaux	dictionary	fr
quitter	dictionary	fr
article	dictionary	fr
peintre	dictionary	fr
secondes	dictionary	fr
devenue	dictionary	fr
siècles	dictionary	fr
versions	dictionary	fr
accepte	dictionary	fr
blanche	dictionary	fr
feuilles	dictionary	fr
pression	dictionary	fr
chacune	dictionary	fr
contact	dictionary	fr
humains	dictionary	fr
lesquels	dictionary	fr
proches	dictionary	fr
liberté	dictionary	fr
capable	dictionary	fr
déroule	dictionary	fr
intitulé	dictionary	fr
pouvant	dictionary	fr
concept	dictionary	fr
actions	dictionary	fr
disparu	dictionary	fr
mesures	dictionary	fr
portent	dictionary	fr
utiliser	dictionary	fr
compose	dictionary	fr
dollars	dictionary	fr
restent	dictionary	fr
chevaux	dictionary	fr
complète	dictionary	fr
indique	dictionary	fr
protéger	dictionary	fr
concerne	dictionary	fr
détruit	dictionary	fr
missions	dictionary	fr
présents	dictionary	fr
publics	dictionary	fr
domaines	dictionary	fr
organise	dictionary	fr
planète	dictionary	fr
réserve	dictionary	fr
victime	dictionary	fr
actuelle	dictionary	fr
inscrit	dictionary	fr
produire	dictionary	fr
religion	dictionary	fr
épisode	dictionary	fr
cherche	dictionary	fr
médaille	dictionary	fr
pierres	dictionary	fr
épisodes	dictionary	fr
besoins	dictionary	fr
candidat	dictionary	fr
combats	dictionary	fr
forment	dictionary	fr
voitures	dictionary	fr
changer	dictionary	fr
défaite	dictionary	fr
jeunesse	dictionary	fr
laissant	dictionary	fr
quantité	dictionary	fr
réponse	dictionary	fr
clocher	dictionary	fr
médecine	dictionary	fr
passant	dictionary	fr
collège	dictionary	fr
donnent	dictionary	fr
méthodes	dictionary	fr
raconte	dictionary	fr
désigne	dictionary	fr
officiel	dictionary	fr
organisé	dictionary	fr
appelle	dictionary	fr
commande	dictionary	fr
contenu	dictionary	fr
prennent	dictionary	fr
solution	dictionary	fr
comptait	dictionary	fr
décident	dictionary	fr
pourquoi	dictionary	fr
naturel	dictionary	fr
paroisse	dictionary	fr
amoureux	dictionary	fr
longues	dictionary	fr
objectif	dictionary	fr
obtenir	dictionary	fr
seigneur	dictionary	fr
acteurs	dictionary	fr
complet	dictionary	fr
locales	dictionary	fr
trouvait	dictionary	fr
humaine	dictionary	fr
mondial	dictionary	fr
monument	dictionary	fr
portant	dictionary	fr
bientôt	dictionary	fr
primaire	dictionary	fr
sociétés	dictionary	fr
élément	dictionary	fr
déclare	dictionary	fr
médecin	dictionary	fr
réseaux	dictionary	fr
affirme	dictionary	fr
conserve	dictionary	fr
fenêtres	dictionary	fr
précise	dictionary	fr
chinois	dictionary	fr
tableaux	dictionary	fr
urbaine	dictionary	fr
endroit	dictionary	fr
guerres	dictionary	fr
langage	dictionary	fr
reconnu	dictionary	fr
revenir	dictionary	fr
régiment	dictionary	fr
italien	dictionary	fr
musicale	dictionary	fr
remporté	dictionary	fr
reprise	dictionary	fr
chapitre	dictionary	fr
concerts	dictionary	fr
district	dictionary	fr
intérêt	dictionary	fr
laisser	dictionary	fr
maximum	dictionary	fr
modernes	dictionary	fr
partage	dictionary	fr
rapports	dictionary	fr
associé	dictionary	fr
cellules	dictionary	fr
effectue	dictionary	fr
ennemis	dictionary	fr
ouverte	dictionary	fr
présenté	dictionary	fr
sociales	dictionary	fr
concert	dictionary	fr
courses	dictionary	fr
diamètre	dictionary	fr
intègre	dictionary	fr
lecture	dictionary	fr
moteurs	dictionary	fr
anglaise	dictionary	fr
centres	dictionary	fr
domicile	dictionary	fr
montrer	dictionary	fr
plateau	dictionary	fr
vaisseau	dictionary	fr
valeurs	dictionary	fr
visible	dictionary	fr
archives	dictionary	fr
choisit	dictionary	fr
occasion	dictionary	fr
pourtant	dictionary	fr
réalisée	dictionary	fr
souhaite	dictionary	fr
colonie	dictionary	fr
donnant	dictionary	fr
mention	dictionary	fr
terrains	dictionary	fr
violence	dictionary	fr
classes	dictionary	fr
cultures	dictionary	fr
destiné	dictionary	fr
devaient	dictionary	fr
origines	dictionary	fr
romaine	dictionary	fr
viennent	dictionary	fr
comment	dictionary	fr
docteur	dictionary	fr
efficace	dictionary	fr
européen	dictionary	fr
machines	dictionary	fr
majeure	dictionary	fr
réunion	dictionary	fr
tourisme	dictionary	fr
agricole	dictionary	fr
citoyens	dictionary	fr
festival	dictionary	fr
publiée	dictionary	fr
rarement	dictionary	fr
réduire	dictionary	fr
stations	dictionary	fr
arrivent	dictionary	fr
attaques	dictionary	fr
choisir	dictionary	fr
clients	dictionary	fr
conduite	dictionary	fr
diplôme	dictionary	fr
montant	dictionary	fr
symbole	dictionary	fr
véhicule	dictionary	fr
altitude	dictionary	fr
chercher	dictionary	fr
disques	dictionary	fr
liaison	dictionary	fr
pilotes	dictionary	fr
épreuves	dictionary	fr
accident	dictionary	fr
adultes	dictionary	fr
assurer	dictionary	fr
blessés	dictionary	fr
consacré	dictionary	fr
destinée	dictionary	fr
discours	dictionary	fr
espaces	dictionary	fr
installé	dictionary	fr
maîtrise	dictionary	fr
science	dictionary	fr
tendance	dictionary	fr
condamné	dictionary	fr
conservé	dictionary	fr
demander	dictionary	fr
devrait	dictionary	fr
employés	dictionary	fr
limites	dictionary	fr
portail	dictionary	fr
revenus	dictionary	fr
échange	dictionary	fr
branche	dictionary	fr
dispute	dictionary	fr
désigner	dictionary	fr
traduit	dictionary	fr
voulait	dictionary	fr
japonais	dictionary	fr
magazine	dictionary	fr
mettant	dictionary	fr
regroupe	dictionary	fr
sixième	dictionary	fr
approche	dictionary	fr
localité	dictionary	fr
paysage	dictionary	fr
suivants	dictionary	fr
arrivée	dictionary	fr
attendre	dictionary	fr
efforts	dictionary	fr
galerie	dictionary	fr
légende	dictionary	fr
milliers	dictionary	fr
montrent	dictionary	fr
ouvriers	dictionary	fr
paysages	dictionary	fr
simples	dictionary	fr
sociaux	dictionary	fr
tentent	dictionary	fr
vestiges	dictionary	fr
dessins	dictionary	fr
interdit	dictionary	fr
journaux	dictionary	fr
mélange	dictionary	fr
oiseaux	dictionary	fr
réaction	dictionary	fr
suivent	dictionary	fr
tribunal	dictionary	fr
compter	dictionary	fr
interne	dictionary	fr
preuves	dictionary	fr
drapeau	dictionary	fr
faculté	dictionary	fr
largeur	dictionary	fr
message	dictionary	fr
patients	dictionary	fr
rendent	dictionary	fr
terminé	dictionary	fr
consacre	dictionary	fr
dizaine	dictionary	fr
document	dictionary	fr
entraîne	dictionary	fr
fortune	dictionary	fr
fouilles	dictionary	fr
meurtre	dictionary	fr
morceaux	dictionary	fr
proposé	dictionary	fr
risques	dictionary	fr
scolaire	dictionary	fr
vieille	dictionary	fr
déclaré	dictionary	fr
détails	dictionary	fr
enfance	dictionary	fr
hommage	dictionary	fr
marquée	dictionary	fr
provoque	dictionary	fr
recevoir	dictionary	fr
restera	dictionary	fr
régional	dictionary	fr
scénario	dictionary	fr
semblent	dictionary	fr
variété	dictionary	fr
volumes	dictionary	fr
bateaux	dictionary	fr
chantier	dictionary	fr
couvent	dictionary	fr
fournit	dictionary	fr
jardins	dictionary	fr
milieux	dictionary	fr
noblesse	dictionary	fr
recueil	dictionary	fr
secours	dictionary	fr
soutenir	dictionary	fr
vraiment	dictionary	fr
barrage	dictionary	fr
chargée	dictionary	fr
défendre	dictionary	fr
facteurs	dictionary	fr
garçons	dictionary	fr
intérêts	dictionary	fr
mauvaise	dictionary	fr
moindre	dictionary	fr
paroles	dictionary	fr
partout	dictionary	fr
paysans	dictionary	fr
provient	dictionary	fr
réforme	dictionary	fr
seraient	dictionary	fr
circuit	dictionary	fr
commença	dictionary	fr
effectué	dictionary	fr
existent	dictionary	fr
maladies	dictionary	fr
modeste	dictionary	fr
périodes	dictionary	fr
réalisés	dictionary	fr
standard	dictionary	fr
support	dictionary	fr
augmente	dictionary	fr
culturel	dictionary	fr
enseigne	dictionary	fr
fournir	dictionary	fr
mettent	dictionary	fr
minimum	dictionary	fr
situées	dictionary	fr
traverse	dictionary	fr
attribué	dictionary	fr
chanteur	dictionary	fr
colonne	dictionary	fr
critères	dictionary	fr
employé	dictionary	fr
limitée	dictionary	fr
répondre	dictionary	fr
atelier	dictionary	fr
chemins	dictionary	fr
colonel	dictionary	fr
conflits	dictionary	fr
conseils	dictionary	fr
députés	dictionary	fr
enquête	dictionary	fr
licence	dictionary	fr
original	dictionary	fr
panneaux	dictionary	fr
sportif	dictionary	fr
adjoint	dictionary	fr
branches	dictionary	fr
dirigée	dictionary	fr
défaites	dictionary	fr
désigné	dictionary	fr
enceinte	dictionary	fr
espagnol	dictionary	fr
officier	dictionary	fr
portrait	dictionary	fr
retrouvé	dictionary	fr
richesse	dictionary	fr
servent	dictionary	fr
soutient	dictionary	fr
surprise	dictionary	fr
visibles	dictionary	fr
ateliers	dictionary	fr
blessure	dictionary	fr
centaine	dictionary	fr
colonnes	dictionary	fr
couronne	dictionary	fr
environs	dictionary	fr
matières	dictionary	fr
passent	dictionary	fr
prenant	dictionary	fr
proposer	dictionary	fr
retirer	dictionary	fr
souvenir	dictionary	fr
tournage	dictionary	fr
églises	dictionary	fr
annuelle	dictionary	fr
auraient	dictionary	fr
dizaines	dictionary	fr
entière	dictionary	fr
femelle	dictionary	fr
figures	dictionary	fr
libérer	dictionary	fr
passion	dictionary	fr
ruisseau	dictionary	fr
réduite	dictionary	fr
épreuve	dictionary	fr
appelés	dictionary	fr
aspects	dictionary	fr
cellule	dictionary	fr
dessous	dictionary	fr
dimanche	dictionary	fr
endroits	dictionary	fr
humaines	dictionary	fr
liquide	dictionary	fr
pauvres	dictionary	fr
remettre	dictionary	fr
sections	dictionary	fr
couvert	dictionary	fr
demandé	dictionary	fr
identité	dictionary	fr
marques	dictionary	fr
million	dictionary	fr
montrant	dictionary	fr
patient	dictionary	fr
puissant	dictionary	fr
qualités	dictionary	fr
remonte	dictionary	fr
rentrer	dictionary	fr
restant	dictionary	fr
servant	dictionary	fr
troubles	dictionary	fr
vocation	dictionary	fr
affaire	dictionary	fr
associés	dictionary	fr
batterie	dictionary	fr
composés	dictionary	fr
détruire	dictionary	fr
faibles	dictionary	fr
femelles	dictionary	fr
formule	dictionary	fr
féminin	dictionary	fr
inconnu	dictionary	fr
logiciel	dictionary	fr
procédé	dictionary	fr
publiés	dictionary	fr
remplace	dictionary	fr
internet	dictionary	fr
antique	dictionary	fr
diffusé	dictionary	fr
jugement	dictionary	fr
magasins	dictionary	fr
maillot	dictionary	fr
maximale	dictionary	fr
musical	dictionary	fr
médecins	dictionary	fr
origine	dictionary	fr
respect	dictionary	fr
sportive	dictionary	fr
voisins	dictionary	fr
amateurs	dictionary	fr
artiste	dictionary	fr
bureaux	dictionary	fr
dossier	dictionary	fr
facteur	dictionary	fr
formant	dictionary	fr
matches	dictionary	fr
profite	dictionary	fr
préparer	dictionary	fr
rappelle	dictionary	fr
rotation	dictionary	fr
variable	dictionary	fr
voyages	dictionary	fr
apporte	dictionary	fr
cabinet	dictionary	fr
capital	dictionary	fr
chaleur	dictionary	fr
chiffre	dictionary	fr
gardien	dictionary	fr
initial	dictionary	fr
logique	dictionary	fr
métiers	dictionary	fr
ordonne	dictionary	fr
rupture	dictionary	fr
résulte	dictionary	fr
vacances	dictionary	fr
vigueur	dictionary	fr
appareil	dictionary	fr
blanches	dictionary	fr
chiffres	dictionary	fr
colonies	dictionary	fr
confirme	dictionary	fr
descente	dictionary	fr
devenant	dictionary	fr
doctorat	dictionary	fr
dynastie	dictionary	fr
fidèles	dictionary	fr
généraux	dictionary	fr
marchés	dictionary	fr
maritime	dictionary	fr
engagés	dictionary	fr
enseigner	dictionary	fr
excuser	dictionary	fr
exploiter	dictionary	fr
filiale	dictionary	fr
fêter	dictionary	fr
golfe	dictionary	fr
green	dictionary	fr
générique	dictionary	fr
inflation	dictionary	fr
interdite	dictionary	fr
interroger	dictionary	fr
intégralité	dictionary	fr
irai	dictionary	fr
menacé	dictionary	fr
nerfs	dictionary	fr
nette	dictionary	fr
neveu	dictionary	fr
notice	dictionary	fr
osé	dictionary	fr
pompe	dictionary	fr
poubelle	dictionary	fr
pourrai	dictionary	fr
prier	dictionary	fr
produisent	dictionary	fr
profité	dictionary	fr
promo	dictionary	fr
prophète	dictionary	fr
préférée	dictionary	fr
prêtres	dictionary	fr
publiquement	dictionary	fr
radical	dictionary	fr
rater	dictionary	fr
regardent	dictionary	fr
rejet	dictionary	fr
requête	dictionary	fr
ressemblent	dictionary	fr
retraites	dictionary	fr
réclame	dictionary	fr
récupéré	dictionary	fr
répétition	dictionary	fr
révéler	dictionary	fr
sanctions	dictionary	fr
secrète	dictionary	fr
solitaire	dictionary	fr
soutiens	dictionary	fr
suites	dictionary	fr
supprimé	dictionary	fr
suédois	dictionary	fr
systématique	dictionary	fr
séparés	dictionary	fr
trentaine	dictionary	fr
trouvée	dictionary	fr
typique	dictionary	fr
verser	dictionary	fr
vivante	dictionary	fr
écrans	dictionary	fr
allure	dictionary	fr
animateur	dictionary	fr
asiatique	dictionary	fr
assurée	dictionary	fr
autrui	dictionary	fr
aviez	dictionary	fr
aérien	dictionary	fr
boules	dictionary	fr
carrés	dictionary	fr
casino	dictionary	fr
christianisme	dictionary	fr
chéri	dictionary	fr
combattants	dictionary	fr
concepts	dictionary	fr
confie	dictionary	fr
confondre	dictionary	fr
constant	dictionary	fr
contenir	dictionary	fr
conviction	dictionary	fr
correction	dictionary	fr
cotisations	dictionary	fr
coton	dictionary	fr
culturels	dictionary	fr
déjà	dictionary	fr
digital	dictionary	fr
démarches	dictionary	fr
empreinte	dictionary	fr
exploration	dictionary	fr
expressions	dictionary	fr
fabricant	dictionary	fr
fabriquer	dictionary	fr
faciles	dictionary	fr
faille	dictionary	fr
faune	dictionary	fr
fibre	dictionary	fr
graines	dictionary	fr
grecque	dictionary	fr
havre	dictionary	fr
hiérarchie	dictionary	fr
héritier	dictionary	fr
hésitez	dictionary	fr
idéologie	dictionary	fr
illégal	dictionary	fr
inconnus	dictionary	fr
innocent	dictionary	fr
inégalités	dictionary	fr
jet	dictionary	fr
justifie	dictionary	fr
litres	dictionary	fr
marbre	dictionary	fr
maturité	dictionary	fr
mette	dictionary	fr
mètre	dictionary	fr
métrage	dictionary	fr
nana	dictionary	fr
noyau	dictionary	fr
paille	dictionary	fr
panier	dictionary	fr
partagent	dictionary	fr
people	dictionary	fr
plages	dictionary	fr
pouces	dictionary	fr
poursuivi	dictionary	fr
promenade	dictionary	fr
prêté	dictionary	fr
publiées	dictionary	fr
ressortir	dictionary	fr
réaliste	dictionary	fr
rétablir	dictionary	fr
sain	dictionary	fr
saurait	dictionary	fr
souligner	dictionary	fr
systématiquement	dictionary	fr
séminaire	dictionary	fr
territoriale	dictionary	fr
urgent	dictionary	fr
verbe	dictionary	fr
visages	dictionary	fr
visibilité	dictionary	fr
vocabulaire	dictionary	fr
éteint	dictionary	fr
étiez	dictionary	fr
évolué	dictionary	fr
adoré	dictionary	fr
affiches	dictionary	fr
aimerait	dictionary	fr
amendement	dictionary	fr
amusant	dictionary	fr
approcher	dictionary	fr
are	dictionary	fr
arrivant	dictionary	fr
calculs	dictionary	fr
cherchant	dictionary	fr
chou	dictionary	fr
coco	dictionary	fr
comique	dictionary	fr
commerçants	dictionary	fr
compare	dictionary	fr
comparé	dictionary	fr
considèrent	dictionary	fr
couler	dictionary	fr
célébrer	dictionary	fr
deviens	dictionary	fr
diesel	dictionary	fr
diffuser	dictionary	fr
discrimination	dictionary	fr
drogues	dictionary	fr
dédiée	dictionary	fr
dés	dictionary	fr
essentielle	dictionary	fr
fichiers	dictionary	fr
figurent	dictionary	fr
flic	dictionary	fr
guise	dictionary	fr
handicap	dictionary	fr
harmonie	dictionary	fr
hot	dictionary	fr
ignorance	dictionary	fr
illusion	dictionary	fr
index	dictionary	fr
infection	dictionary	fr
initiatives	dictionary	fr
inspection	dictionary	fr
intelligente	dictionary	fr
investisseurs	dictionary	fr
isolé	dictionary	fr
issues	dictionary	fr
judiciaires	dictionary	fr
maintient	dictionary	fr
malaise	dictionary	fr
modalités	dictionary	fr
municipalités	dictionary	fr
mérité	dictionary	fr
négative	dictionary	fr
obtenus	dictionary	fr
opérateurs	dictionary	fr
patrie	dictionary	fr
payant	dictionary	fr
porto	dictionary	fr
pourri	dictionary	fr
renvoie	dictionary	fr
respecté	dictionary	fr
ressentir	dictionary	fr
restés	dictionary	fr
reçois	dictionary	fr
rumeur	dictionary	fr
régionaux	dictionary	fr
sachez	dictionary	fr
salade	dictionary	fr
sales	dictionary	fr
serment	dictionary	fr
serons	dictionary	fr
sexuels	dictionary	fr
signée	dictionary	fr
soif	dictionary	fr
souffert	dictionary	fr
symboles	dictionary	fr
technologique	dictionary	fr
tendu	dictionary	fr
tolérance	dictionary	fr
torture	dictionary	fr
transmis	dictionary	fr
tueur	dictionary	fr
verrez	dictionary	fr
vides	dictionary	fr
vieil	dictionary	fr
vivait	dictionary	fr
volet	dictionary	fr
volontairement	dictionary	fr
véritablement	dictionary	fr
âgées	dictionary	fr
éclairage	dictionary	fr
éloigner	dictionary	fr
étiquette	dictionary	fr
adorable	dictionary	fr
alternance	dictionary	fr
antiquité	dictionary	fr
appliqué	dictionary	fr
assume	dictionary	fr
boisson	dictionary	fr
cash	dictionary	fr
changera	dictionary	fr
chatte	dictionary	fr
choisie	dictionary	fr
commissariat	dictionary	fr
concernent	dictionary	fr
concevoir	dictionary	fr
concurrents	dictionary	fr
consensus	dictionary	fr
coordination	dictionary	fr
cordes	dictionary	fr
coule	dictionary	fr
courtes	dictionary	fr
croise	dictionary	fr
divine	dictionary	fr
donnes	dictionary	fr
donnés	dictionary	fr
dormi	dictionary	fr
défendu	dictionary	fr
détriment	dictionary	fr
envoyez	dictionary	fr
exclusion	dictionary	fr
extrêmes	dictionary	fr
fermés	dictionary	fr
fiable	dictionary	fr
filtre	dictionary	fr
finissent	dictionary	fr
fiscalité	dictionary	fr
genou	dictionary	fr
grandir	dictionary	fr
géants	dictionary	fr
hello	dictionary	fr
indiquent	dictionary	fr
infirmière	dictionary	fr
intéressantes	dictionary	fr
livret	dictionary	fr
maquillage	dictionary	fr
mariages	dictionary	fr
massive	dictionary	fr
mat	dictionary	fr
mondes	dictionary	fr
muscles	dictionary	fr
nouveauté	dictionary	fr
nôtre	dictionary	fr
onde	dictionary	fr
paragraphe	dictionary	fr
pente	dictionary	fr
permission	dictionary	fr
phases	dictionary	fr
plaintes	dictionary	fr
porteur	dictionary	fr
pourriez	dictionary	fr
proprement	dictionary	fr
prudence	dictionary	fr
précisé	dictionary	fr
puissances	dictionary	fr
péché	dictionary	fr
rattraper	dictionary	fr
respirer	dictionary	fr
resto	dictionary	fr
récits	dictionary	fr
réflexions	dictionary	fr
saisie	dictionary	fr
soutiennent	dictionary	fr
tenus	dictionary	fr
tracé	dictionary	fr
trahison	dictionary	fr
urgences	dictionary	fr
usagers	dictionary	fr
voyais	dictionary	fr
véritables	dictionary	fr
wifi	dictionary	fr
éd	dictionary	fr
adolescents	dictionary	fr
affection	dictionary	fr
affecté	dictionary	fr
allié	dictionary	fr
annexe	dictionary	fr
annulé	dictionary	fr
apparu	dictionary	fr
archevêque	dictionary	fr
arrives	dictionary	fr
asiatiques	dictionary	fr
assassiné	dictionary	fr
associée	dictionary	fr
attribution	dictionary	fr
avertissement	dictionary	fr
bombes	dictionary	fr
bye	dictionary	fr
causer	dictionary	fr
championne	dictionary	fr
charité	dictionary	fr
chasseur	dictionary	fr
coller	dictionary	fr
complément	dictionary	fr
conversion	dictionary	fr
couloir	dictionary	fr
créations	dictionary	fr
directeurs	dictionary	fr
doctrine	dictionary	fr
esclave	dictionary	fr
estimation	dictionary	fr
exclu	dictionary	fr
extrémité	dictionary	fr
filet	dictionary	fr
finales	dictionary	fr
fraîche	dictionary	fr
goutte	dictionary	fr
ho	dictionary	fr
illustration	dictionary	fr
instants	dictionary	fr
insulter	dictionary	fr
insultes	dictionary	fr
intéressent	dictionary	fr
investi	dictionary	fr
jolies	dictionary	fr
libérale	dictionary	fr
légion	dictionary	fr
majoritaire	dictionary	fr
merveille	dictionary	fr
mettra	dictionary	fr
mécanismes	dictionary	fr
médicaux	dictionary	fr
nier	dictionary	fr
obstacles	dictionary	fr
ordinateurs	dictionary	fr
orientale	dictionary	fr
pneus	dictionary	fr
policière	dictionary	fr
princes	dictionary	fr
préfèrent	dictionary	fr
prévus	dictionary	fr
quinzaine	dictionary	fr
races	dictionary	fr
racistes	dictionary	fr
rassurer	dictionary	fr
recommencer	dictionary	fr
reconnais	dictionary	fr
renvoyer	dictionary	fr
richesses	dictionary	fr
sacrifice	dictionary	fr
sanction	dictionary	fr
sauve	dictionary	fr
simplicité	dictionary	fr
soumise	dictionary	fr
suffisante	dictionary	fr
surprises	dictionary	fr
terreur	dictionary	fr
tragique	dictionary	fr
vaisseaux	dictionary	fr
échappé	dictionary	fr
échoué	dictionary	fr
élaboration	dictionary	fr
épaisseur	dictionary	fr
évasion	dictionary	fr
évènements	dictionary	fr
accordée	dictionary	fr
angoisse	dictionary	fr
appartiennent	dictionary	fr
appliquée	dictionary	fr
appétit	dictionary	fr
arracher	dictionary	fr
balade	dictionary	fr
batteries	dictionary	fr
boissons	dictionary	fr
boutiques	dictionary	fr
capitaux	dictionary	fr
chantiers	dictionary	fr
chômeurs	dictionary	fr
clichés	dictionary	fr
complexité	dictionary	fr
comptable	dictionary	fr
comptant	dictionary	fr
concentre	dictionary	fr
confortable	dictionary	fr
coordonnées	dictionary	fr
couché	dictionary	fr
crie	dictionary	fr
créés	dictionary	fr
data	dictionary	fr
demie	dictionary	fr
devienne	dictionary	fr
diminue	dictionary	fr
distances	dictionary	fr
dollar	dictionary	fr
défilé	dictionary	fr
dépôts	dictionary	fr
détenus	dictionary	fr
entretiens	dictionary	fr
exclusif	dictionary	fr
existant	dictionary	fr
fournisseurs	dictionary	fr
franchir	dictionary	fr
heu	dictionary	fr
idem	dictionary	fr
imaginé	dictionary	fr
indiquant	dictionary	fr
inquiéter	dictionary	fr
intéressants	dictionary	fr
inventer	dictionary	fr
islamistes	dictionary	fr
localisation	dictionary	fr
madeleine	dictionary	fr
media	dictionary	fr
mystérieux	dictionary	fr
nazis	dictionary	fr
nuls	dictionary	fr
œufs	dictionary	fr
officielles	dictionary	fr
ouai	pending	fr
partiel	dictionary	fr
partielle	dictionary	fr
podium	dictionary	fr
poing	dictionary	fr
positifs	dictionary	fr
psy	dictionary	fr
rapprochement	dictionary	fr
ras	dictionary	fr
rassembler	dictionary	fr
reproduire	dictionary	fr
requis	dictionary	fr
robots	dictionary	fr
réveillé	dictionary	fr
saviez	dictionary	fr
serré	dictionary	fr
serveurs	dictionary	fr
sida	dictionary	fr
spectre	dictionary	fr
spécialité	dictionary	fr
stand	dictionary	fr
sublime	dictionary	fr
tactique	dictionary	fr
tenues	dictionary	fr
trans	dictionary	fr
transactions	dictionary	fr
treize	dictionary	fr
triomphe	dictionary	fr
trouvaient	dictionary	fr
télécharger	dictionary	fr
variétés	dictionary	fr
violation	dictionary	fr
échecs	dictionary	fr
éditeurs	dictionary	fr
élevées	dictionary	fr
élimination	dictionary	fr
éternel	dictionary	fr
évêques	dictionary	fr
accompli	dictionary	fr
affirmé	dictionary	fr
agglomération	dictionary	fr
allés	dictionary	fr
assises	dictionary	fr
avancées	dictionary	fr
aviation	dictionary	fr
basses	dictionary	fr
battent	dictionary	fr
bottes	dictionary	fr
camions	dictionary	fr
cauchemar	dictionary	fr
certitude	dictionary	fr
chasser	dictionary	fr
cherches	dictionary	fr
circuits	dictionary	fr
civiles	dictionary	fr
costumes	dictionary	fr
croyances	dictionary	fr
cuba	dictionary	fr
dictature	dictionary	fr
diffusée	dictionary	fr
documentation	dictionary	fr
défenseurs	dictionary	fr
délicieux	dictionary	fr
démocrates	dictionary	fr
dépenser	dictionary	fr
développés	dictionary	fr
emprunter	dictionary	fr
envoyée	dictionary	fr
estomac	dictionary	fr
favoris	dictionary	fr
fiers	dictionary	fr
foyers	dictionary	fr
futures	dictionary	fr
garanties	dictionary	fr
grain	dictionary	fr
humide	dictionary	fr
intégrité	dictionary	fr
irlandais	dictionary	fr
juré	dictionary	fr
lisez	dictionary	fr
luis	dictionary	fr
légitimité	dictionary	fr
marathon	dictionary	fr
mettait	dictionary	fr
opposants	dictionary	fr
organe	dictionary	fr
passeport	dictionary	fr
placement	dictionary	fr
planches	dictionary	fr
ports	dictionary	fr
pressé	dictionary	fr
productivité	dictionary	fr
projection	dictionary	fr
prononce	dictionary	fr
quantités	dictionary	fr
rachat	dictionary	fr
raisonnement	dictionary	fr
remplie	dictionary	fr
retours	dictionary	fr
revers	dictionary	fr
réclamer	dictionary	fr
réservée	dictionary	fr
résolu	dictionary	fr
réuni	dictionary	fr
rêvé	dictionary	fr
sanitaire	dictionary	fr
seize	dictionary	fr
sienne	dictionary	fr
soutenue	dictionary	fr
sûrs	dictionary	fr
ticket	dictionary	fr
timide	dictionary	fr
touchant	dictionary	fr
traitant	dictionary	fr
tribu	dictionary	fr
urbanisme	dictionary	fr
valentin	dictionary	fr
venaient	dictionary	fr
vérification	dictionary	fr
électroniques	dictionary	fr
accessoires	dictionary	fr
ado	dictionary	fr
adolescent	dictionary	fr
appartements	dictionary	fr
arrêtée	dictionary	fr
bibliothèques	dictionary	fr
blocs	dictionary	fr
blues	dictionary	fr
bonhomme	dictionary	fr
charmant	dictionary	fr
chili	dictionary	fr
cloche	dictionary	fr
comparable	dictionary	fr
conjoint	dictionary	fr
contenter	dictionary	fr
contributions	dictionary	fr
coréen	dictionary	fr
créant	dictionary	fr
domestique	dictionary	fr
domine	dictionary	fr
fa	dictionary	fr
fondamentaux	dictionary	fr
frigo	dictionary	fr
gardiens	dictionary	fr
grade	dictionary	fr
habitué	dictionary	fr
introduire	dictionary	fr
laine	dictionary	fr
mettons	dictionary	fr
mobilier	dictionary	fr
munitions	dictionary	fr
obligée	dictionary	fr
ongles	dictionary	fr
opposant	dictionary	fr
ouvertement	dictionary	fr
ouvrent	dictionary	fr
posent	dictionary	fr
prenons	dictionary	fr
privilège	dictionary	fr
profitez	dictionary	fr
proviennent	dictionary	fr
pénal	dictionary	fr
pénale	dictionary	fr
quarantaine	dictionary	fr
quatorze	dictionary	fr
rappelons	dictionary	fr
recommandé	dictionary	fr
records	dictionary	fr
remplis	dictionary	fr
rendra	dictionary	fr
reporter	dictionary	fr
restez	dictionary	fr
retourné	dictionary	fr
retrouvée	dictionary	fr
rural	dictionary	fr
rédigé	dictionary	fr
réelles	dictionary	fr
régulation	dictionary	fr
réplique	dictionary	fr
scolarité	dictionary	fr
set	dictionary	fr
signalé	dictionary	fr
sociologie	dictionary	fr
sortira	dictionary	fr
souhaiter	dictionary	fr
théorique	dictionary	fr
trouvés	dictionary	fr
tweet	dictionary	fr
vaches	dictionary	fr
vaincre	dictionary	fr
valent	dictionary	fr
victoria	dictionary	fr
visa	dictionary	fr
écoutes	dictionary	fr
éloigne	dictionary	fr
évènement	dictionary	fr
accompagnement	dictionary	fr
affirmation	dictionary	fr
ajoutant	dictionary	fr
amant	dictionary	fr
approuvé	dictionary	fr
auriez	dictionary	fr
autochtones	dictionary	fr
bague	dictionary	fr
barres	dictionary	fr
bisous	dictionary	fr
boutons	dictionary	fr
bruits	dictionary	fr
buteur	dictionary	fr
camping	dictionary	fr
capture	dictionary	fr
caution	dictionary	fr
chic	dictionary	fr
cohérence	dictionary	fr
commettre	dictionary	fr
confédération	dictionary	fr
considération	dictionary	fr
consommer	dictionary	fr
contes	dictionary	fr
courageux	dictionary	fr
crever	dictionary	fr
créateurs	dictionary	fr
disaient	dictionary	fr
discuté	dictionary	fr
divisé	dictionary	fr
douzaine	dictionary	fr
décennie	dictionary	fr
démon	dictionary	fr
désire	dictionary	fr
emmener	dictionary	fr
emmène	dictionary	fr
ennuie	dictionary	fr
entité	dictionary	fr
entrent	dictionary	fr
exacte	dictionary	fr
extérieurs	dictionary	fr
fantôme	dictionary	fr
fixée	dictionary	fr
flamme	dictionary	fr
flèche	dictionary	fr
formés	dictionary	fr
fric	dictionary	fr
glisser	dictionary	fr
gratuits	dictionary	fr
id	dictionary	fr
impatience	dictionary	fr
intellectuel	dictionary	fr
internautes	dictionary	fr
invitée	dictionary	fr
journalisme	dictionary	fr
linge	dictionary	fr
manipulation	dictionary	fr
marais	dictionary	fr
marguerite	dictionary	fr
menées	dictionary	fr
monarchie	dictionary	fr
more	dictionary	fr
municipaux	dictionary	fr
musicien	dictionary	fr
méchants	dictionary	fr
nuances	dictionary	fr
obliger	dictionary	fr
opérer	dictionary	fr
orthographe	dictionary	fr
otage	dictionary	fr
ouf	dictionary	fr
particulières	dictionary	fr
persuadé	dictionary	fr
pirates	dictionary	fr
poèmes	dictionary	fr
priorités	dictionary	fr
prochainement	dictionary	fr
profits	dictionary	fr
proie	dictionary	fr
proposés	dictionary	fr
présentées	dictionary	fr
pâtes	dictionary	fr
pékin	dictionary	fr
recherché	dictionary	fr
refait	dictionary	fr
regretter	dictionary	fr
rejeté	dictionary	fr
ressent	dictionary	fr
revendications	dictionary	fr
saute	dictionary	fr
semblerait	dictionary	fr
sonore	dictionary	fr
souhaité	dictionary	fr
sphère	dictionary	fr
spécialisés	dictionary	fr
studios	dictionary	fr
supposé	dictionary	fr
syndrome	dictionary	fr
séduire	dictionary	fr
sélectionné	dictionary	fr
tablette	dictionary	fr
traditionnelles	dictionary	fr
turcs	dictionary	fr
urss	pending	fr
valise	dictionary	fr
veiller	dictionary	fr
volontiers	dictionary	fr
xi	dictionary	fr
épouser	dictionary	fr
équipé	dictionary	fr
abattu	dictionary	fr
accessibles	dictionary	fr
activement	dictionary	fr
adaptée	dictionary	fr
alpha	dictionary	fr
amont	dictionary	fr
athlète	dictionary	fr
attacher	dictionary	fr
biologie	dictionary	fr
bonnet	dictionary	fr
boucher	dictionary	fr
bouffer	dictionary	fr
boys	dictionary	fr
chirurgien	dictionary	fr
complicité	dictionary	fr
complémentaires	dictionary	fr
comprise	dictionary	fr
concentré	dictionary	fr
concrètement	dictionary	fr
conçue	dictionary	fr
coran	dictionary	fr
coûté	dictionary	fr
creux	dictionary	fr
cœurs	dictionary	fr
dalle	dictionary	fr
discute	dictionary	fr
disposent	dictionary	fr
déception	dictionary	fr
déclin	dictionary	fr
démarre	dictionary	fr
embauche	dictionary	fr
exposer	dictionary	fr
familiales	dictionary	fr
fassent	dictionary	fr
favori	dictionary	fr
favorise	dictionary	fr
formée	dictionary	fr
gagnent	dictionary	fr
gendarmes	dictionary	fr
grandement	dictionary	fr
héroïne	dictionary	fr
infini	dictionary	fr
instar	dictionary	fr
insupportable	dictionary	fr
intrigue	dictionary	fr
juridiction	dictionary	fr
loups	dictionary	fr
lâché	dictionary	fr
mandats	dictionary	fr
matériels	dictionary	fr
mentionner	dictionary	fr
meurent	dictionary	fr
montres	dictionary	fr
motion	dictionary	fr
organisées	dictionary	fr
pensons	dictionary	fr
posséder	dictionary	fr
pressions	dictionary	fr
précises	dictionary	fr
périmètre	dictionary	fr
rapporter	dictionary	fr
rassure	dictionary	fr
reconnus	dictionary	fr
rires	dictionary	fr
saine	dictionary	fr
sauvetage	dictionary	fr
sexualité	dictionary	fr
siens	dictionary	fr
spatiale	dictionary	fr
stationnement	dictionary	fr
stratégies	dictionary	fr
substances	dictionary	fr
séparé	dictionary	fr
sérieuses	dictionary	fr
tien	dictionary	fr
tiendra	dictionary	fr
tombes	dictionary	fr
travaillait	dictionary	fr
tri	dictionary	fr
téléphonique	dictionary	fr
vaisselle	dictionary	fr
vêtement	dictionary	fr
écosse	dictionary	fr
épais	dictionary	fr
éteindre	dictionary	fr
évacuation	dictionary	fr
admet	dictionary	fr
agissant	dictionary	fr
annulation	dictionary	fr
arbitrage	dictionary	fr
autel	dictionary	fr
authentique	dictionary	fr
autorisés	dictionary	fr
ba	dictionary	fr
bourré	dictionary	fr
buzz	dictionary	fr
carnet	dictionary	fr
climatiques	dictionary	fr
compagne	dictionary	fr
concession	dictionary	fr
consulté	dictionary	fr
copies	dictionary	fr
coque	dictionary	fr
crash	dictionary	fr
cristal	dictionary	fr
critère	dictionary	fr
créature	dictionary	fr
datant	dictionary	fr
devise	dictionary	fr
douloureux	dictionary	fr
dérive	dictionary	fr
effectués	dictionary	fr
empêché	dictionary	fr
encre	dictionary	fr
envisage	dictionary	fr
exécuter	dictionary	fr
foncé	dictionary	fr
fondamentale	dictionary	fr
franche	dictionary	fr
féministe	dictionary	fr
galère	dictionary	fr
gentils	dictionary	fr
habiller	dictionary	fr
habituel	dictionary	fr
honoré	dictionary	fr
if	dictionary	fr
imposition	dictionary	fr
imprimé	dictionary	fr
inclut	dictionary	fr
infraction	dictionary	fr
infrastructure	dictionary	fr
innocence	dictionary	fr
interroge	dictionary	fr
jalousie	dictionary	fr
jouets	dictionary	fr
jusqu	dictionary	fr
manifestement	dictionary	fr
mannequin	dictionary	fr
meurtres	dictionary	fr
mondiaux	dictionary	fr
moutons	dictionary	fr
notions	dictionary	fr
organique	dictionary	fr
oubli	dictionary	fr
pack	dictionary	fr
palmarès	dictionary	fr
paramètres	dictionary	fr
pardonne	dictionary	fr
plaint	dictionary	fr
portion	dictionary	fr
procurer	dictionary	fr
progresser	dictionary	fr
provincial	dictionary	fr
prudent	dictionary	fr
prévisions	dictionary	fr
renforcement	dictionary	fr
report	dictionary	fr
ressource	dictionary	fr
ri	dictionary	fr
régie	dictionary	fr
réservoir	dictionary	fr
sensations	dictionary	fr
souhait	dictionary	fr
statuts	dictionary	fr
styles	dictionary	fr
thermique	dictionary	fr
transaction	dictionary	fr
trouvais	dictionary	fr
tubes	dictionary	fr
variables	dictionary	fr
vedette	dictionary	fr
voudra	dictionary	fr
énerve	dictionary	fr
épidémie	dictionary	fr
évoqué	dictionary	fr
aluminium	dictionary	fr
améliore	dictionary	fr
animale	dictionary	fr
appartenance	dictionary	fr
approbation	dictionary	fr
associer	dictionary	fr
augustin	dictionary	fr
autobus	dictionary	fr
autorisée	dictionary	fr
bouches	dictionary	fr
brune	dictionary	fr
brûle	dictionary	fr
bâtir	dictionary	fr
bénéficient	dictionary	fr
bénévoles	dictionary	fr
cahiers	dictionary	fr
chants	dictionary	fr
cherchait	dictionary	fr
clause	dictionary	fr
cloud	dictionary	fr
comble	dictionary	fr
commenter	dictionary	fr
concerné	dictionary	fr
coupables	dictionary	fr
cousine	dictionary	fr
croyance	dictionary	fr
crédible	dictionary	fr
culpabilité	dictionary	fr
dangers	dictionary	fr
dominante	dictionary	fr
débuté	dictionary	fr
dégueulasse	dictionary	fr
délicat	dictionary	fr
déplace	dictionary	fr
dévoile	dictionary	fr
effectuée	dictionary	fr
expliquent	dictionary	fr
explosé	dictionary	fr
exportations	dictionary	fr
exposés	dictionary	fr
extraction	dictionary	fr
gains	dictionary	fr
génocide	dictionary	fr
gérant	dictionary	fr
hautement	dictionary	fr
hébergement	dictionary	fr
identiques	dictionary	fr
implication	dictionary	fr
instances	dictionary	fr
instinct	dictionary	fr
intellectuels	dictionary	fr
intégrale	dictionary	fr
irais	dictionary	fr
ironie	dictionary	fr
mensuel	dictionary	fr
mortes	dictionary	fr
multi	dictionary	fr
nettoyage	dictionary	fr
occidental	dictionary	fr
occupés	dictionary	fr
passionné	dictionary	fr
photographies	dictionary	fr
pi	dictionary	fr
pompes	dictionary	fr
potable	dictionary	fr
poteau	dictionary	fr
poursuites	dictionary	fr
poétique	dictionary	fr
prestige	dictionary	fr
probabilité	dictionary	fr
profondes	dictionary	fr
protégés	dictionary	fr
pédagogique	dictionary	fr
péter	dictionary	fr
racheter	dictionary	fr
rassemble	dictionary	fr
recruter	dictionary	fr
relance	dictionary	fr
remède	dictionary	fr
reviendra	dictionary	fr
rigole	dictionary	fr
roulant	dictionary	fr
routine	dictionary	fr
règlements	dictionary	fr
récupération	dictionary	fr
sauveur	dictionary	fr
savaient	dictionary	fr
semestre	dictionary	fr
sergent	dictionary	fr
socialisme	dictionary	fr
souhaitez	dictionary	fr
sourit	dictionary	fr
suivis	dictionary	fr
surprendre	dictionary	fr
sénateurs	dictionary	fr
taches	dictionary	fr
tchèque	dictionary	fr
technicien	dictionary	fr
trouverez	dictionary	fr
témoigner	dictionary	fr
unanimité	dictionary	fr
valide	dictionary	fr
venger	dictionary	fr
visité	dictionary	fr
zoo	dictionary	fr
étonné	dictionary	fr
étroite	dictionary	fr
achevé	dictionary	fr
adolescence	dictionary	fr
alternatives	dictionary	fr
ambitieux	dictionary	fr
amours	dictionary	fr
arrange	dictionary	fr
arrêtent	dictionary	fr
artificielle	dictionary	fr
ascension	dictionary	fr
aériennes	dictionary	fr
baseball	dictionary	fr
berger	dictionary	fr
cachée	dictionary	fr
candidate	dictionary	fr
centimètres	dictionary	fr
chevaliers	dictionary	fr
choqué	dictionary	fr
citations	dictionary	fr
claires	dictionary	fr
compatible	dictionary	fr
complice	dictionary	fr
complémentaire	dictionary	fr
conducteurs	dictionary	fr
constructeurs	dictionary	fr
croyant	dictionary	fr
créent	dictionary	fr
cycliste	dictionary	fr
dernièrement	dictionary	fr
dessiner	dictionary	fr
diamant	dictionary	fr
diane	dictionary	fr
différemment	dictionary	fr
accueil	dictionary	fr
aquarelle	dictionary	fr
chrysanthème	dictionary	fr
chuchotement	dictionary	fr
coquillage	dictionary	fr
cueillir	dictionary	fr
dictionnaire	dictionary	fr
dénouement	dictionary	fr
embarras	dictionary	fr
exhaustif	dictionary	fr
extraordinaire	dictionary	fr
gouvernement	dictionary	fr
hippopotame	dictionary	fr
hétérogène	dictionary	fr
immédiatement	dictionary	fr
kaléidoscope	dictionary	fr
labyrinthe	dictionary	fr
majuscule	dictionary	fr
minuscule	dictionary	fr
nécessaire	dictionary	fr
occurrence	dictionary	fr
onomatopée	dictionary	fr
orgueil	dictionary	fr
paradoxe	dictionary	fr
parallèle	dictionary	fr
psychologie	dictionary	fr
quincaillerie	dictionary	fr
quotidien	dictionary	fr
rythme	dictionary	fr
réciproque	dictionary	fr
révolutionnaire	dictionary	fr
serrurier	dictionary	fr
susceptible	dictionary	fr
tranquille	dictionary	fr
vertigineux	dictionary	fr
vraisemblable	dictionary	fr
xénophobie	dictionary	fr
zoologique	dictionary	fr
éblouissant	dictionary	fr
écureuil	dictionary	fr
également	dictionary	fr
plusieurs	dictionary	fr
notamment	dictionary	fr
politique	dictionary	fr
nombreuses	dictionary	fr
population	dictionary	fr
cependant	dictionary	fr
personnes	dictionary	fr
production	dictionary	fr
troisième	dictionary	fr
habitants	dictionary	fr
différents	dictionary	fr
construction	dictionary	fr
développement	dictionary	fr
différentes	dictionary	fr
seulement	dictionary	fr
rapidement	dictionary	fr
recherche	dictionary	fr
rencontre	dictionary	fr
territoire	dictionary	fr
président	dictionary	fr
formation	dictionary	fr
généralement	dictionary	fr
direction	dictionary	fr
française	dictionary	fr
nouvelles	dictionary	fr
certaines	dictionary	fr
premières	dictionary	fr
finalement	dictionary	fr
militaire	dictionary	fr
importante	dictionary	fr
important	dictionary	fr
nationale	dictionary	fr
particulier	dictionary	fr
mouvement	dictionary	fr
professeur	dictionary	fr
principalement	dictionary	fr
directeur	dictionary	fr
situation	dictionary	fr
championnat	dictionary	fr
principal	dictionary	fr
activités	dictionary	fr
construit	dictionary	fr
politiques	dictionary	fr
bâtiments	dictionary	fr
participe	dictionary	fr
communauté	dictionary	fr
programme	dictionary	fr
principale	dictionary	fr
communale	dictionary	fr
représente	dictionary	fr
personnage	dictionary	fr
économique	dictionary	fr
compagnie	dictionary	fr
permettant	dictionary	fr
désormais	dictionary	fr
techniques	dictionary	fr
conditions	dictionary	fr
septembre	dictionary	fr
compétition	dictionary	fr
personnages	dictionary	fr
toutefois	dictionary	fr
département	dictionary	fr
dernières	dictionary	fr
problèmes	dictionary	fr
relations	dictionary	fr
travaille	dictionary	fr
structure	dictionary	fr
difficile	dictionary	fr
technique	dictionary	fr
référence	dictionary	fr
permettent	dictionary	fr
directement	dictionary	fr
longtemps	dictionary	fr
caractère	dictionary	fr
classement	dictionary	fr
naissance	dictionary	fr
entreprises	dictionary	fr
fonctions	dictionary	fr
puissance	dictionary	fr
quatrième	dictionary	fr
internationale	dictionary	fr
considéré	dictionary	fr
personnel	dictionary	fr
actuellement	dictionary	fr
probablement	dictionary	fr
historique	dictionary	fr
principaux	dictionary	fr
protection	dictionary	fr
processus	dictionary	fr
militaires	dictionary	fr
maintenant	dictionary	fr
régulièrement	dictionary	fr
essentiellement	dictionary	fr
autorités	dictionary	fr
entièrement	dictionary	fr
constitue	dictionary	fr
largement	dictionary	fr
propriété	dictionary	fr
recherches	dictionary	fr
construite	dictionary	fr
supérieur	dictionary	fr
uniquement	dictionary	fr
kilomètres	dictionary	fr
proximité	dictionary	fr
classique	dictionary	fr
principales	dictionary	fr
collection	dictionary	fr
transport	dictionary	fr
connaissance	dictionary	fr
populaire	dictionary	fr
résultats	dictionary	fr
scientifique	dictionary	fr
événements	dictionary	fr
véritable	dictionary	fr
capitaine	dictionary	fr
informations	dictionary	fr
permettre	dictionary	fr
questions	dictionary	fr
élections	dictionary	fr
religieux	dictionary	fr
étudiants	dictionary	fr
allemande	dictionary	fr
représentant	dictionary	fr
supérieure	dictionary	fr
république	dictionary	fr
américain	dictionary	fr
fortement	dictionary	fr
littérature	dictionary	fr
international	dictionary	fr
lendemain	dictionary	fr
rejoindre	dictionary	fr
contraire	dictionary	fr
tradition	dictionary	fr
correspond	dictionary	fr
responsable	dictionary	fr
britannique	dictionary	fr
croissance	dictionary	fr
propriétaire	dictionary	fr
concernant	dictionary	fr
néanmoins	dictionary	fr
différence	dictionary	fr
ministère	dictionary	fr
importantes	dictionary	fr
meilleure	dictionary	fr
artistique	dictionary	fr
température	dictionary	fr
traitement	dictionary	fr
changement	dictionary	fr
difficultés	dictionary	fr
fabrication	dictionary	fr
publication	dictionary	fr
retrouver	dictionary	fr
secrétaire	dictionary	fr
construire	dictionary	fr
critiques	dictionary	fr
développe	dictionary	fr
américaine	dictionary	fr
documents	dictionary	fr
commandant	dictionary	fr
composition	dictionary	fr
meilleurs	dictionary	fr
relativement	dictionary	fr
catégorie	dictionary	fr
complètement	dictionary	fr
anciennes	dictionary	fr
conseiller	dictionary	fr
commission	dictionary	fr
connaître	dictionary	fr
municipalité	dictionary	fr
suivantes	dictionary	fr
importants	dictionary	fr
officiellement	dictionary	fr
diffusion	dictionary	fr
découverte	dictionary	fr
officiers	dictionary	fr
européenne	dictionary	fr
résistance	dictionary	fr
constitué	dictionary	fr
légèrement	dictionary	fr
rencontres	dictionary	fr
victoires	dictionary	fr
scientifiques	dictionary	fr
simplement	dictionary	fr
développé	dictionary	fr
historiques	dictionary	fr
participation	dictionary	fr
sélection	dictionary	fr
véhicules	dictionary	fr
cimetière	dictionary	fr
entreprise	dictionary	fr
françaises	dictionary	fr
possibilité	dictionary	fr
ressources	dictionary	fr
candidats	dictionary	fr
conception	dictionary	fr
génération	dictionary	fr
participer	dictionary	fr
progressivement	dictionary	fr
représentation	dictionary	fr
travailler	dictionary	fr
prisonniers	dictionary	fr
disponible	dictionary	fr
atteindre	dictionary	fr
communication	dictionary	fr
allemands	dictionary	fr
auparavant	dictionary	fr
comprendre	dictionary	fr
fondation	dictionary	fr
participé	dictionary	fr
utilisant	dictionary	fr
étrangers	dictionary	fr
réalisation	dictionary	fr
collaboration	dictionary	fr
comportement	dictionary	fr
définition	dictionary	fr
accueille	dictionary	fr
mouvements	dictionary	fr
organisation	dictionary	fr
professionnel	dictionary	fr
reconnaissance	dictionary	fr
municipal	dictionary	fr
utilisées	dictionary	fr
commercial	dictionary	fr
opérations	dictionary	fr
totalement	dictionary	fr
disponibles	dictionary	fr
patrimoine	dictionary	fr
philosophie	dictionary	fr
populations	dictionary	fr
professionnels	dictionary	fr
développer	dictionary	fr
facilement	dictionary	fr
matériaux	dictionary	fr
naturelle	dictionary	fr
pouvaient	dictionary	fr
condition	dictionary	fr
conséquence	dictionary	fr
résidence	dictionary	fr
contrairement	dictionary	fr
distingue	dictionary	fr
frontière	dictionary	fr
influence	dictionary	fr
multiples	dictionary	fr
agricoles	dictionary	fr
disposition	dictionary	fr
pratiques	dictionary	fr
représentent	dictionary	fr
superficie	dictionary	fr
découvrir	dictionary	fr
définitivement	dictionary	fr
restauration	dictionary	fr
deviennent	dictionary	fr
initialement	dictionary	fr
spectacle	dictionary	fr
électrique	dictionary	fr
commandement	dictionary	fr
lesquelles	dictionary	fr
propriétés	dictionary	fr
logements	dictionary	fr
printemps	dictionary	fr
religieuses	dictionary	fr
reprendre	dictionary	fr
maintenir	dictionary	fr
originale	dictionary	fr
consommation	dictionary	fr
contenant	dictionary	fr
littéraire	dictionary	fr
montagnes	dictionary	fr
passagers	dictionary	fr
religieuse	dictionary	fr
catholique	dictionary	fr
changements	dictionary	fr
cinquième	dictionary	fr
fonctionnement	dictionary	fr
retrouvent	dictionary	fr
secondaire	dictionary	fr
application	dictionary	fr
considérée	dictionary	fr
découvert	dictionary	fr
peintures	dictionary	fr
publiques	dictionary	fr
visiteurs	dictionary	fr
caractéristique	dictionary	fr
gouverneur	dictionary	fr
poursuivre	dictionary	fr
distribution	dictionary	fr
déterminer	dictionary	fr
officielle	dictionary	fr
présentent	dictionary	fr
apparaissent	dictionary	fr
communautés	dictionary	fr
performances	dictionary	fr
phénomène	dictionary	fr
présenter	dictionary	fr
circulation	dictionary	fr
considère	dictionary	fr
fréquemment	dictionary	fr
réputation	dictionary	fr
voyageurs	dictionary	fr
appartient	dictionary	fr
davantage	dictionary	fr
individus	dictionary	fr
programmes	dictionary	fr
économiques	dictionary	fr
américains	dictionary	fr
monastère	dictionary	fr
particulière	dictionary	fr
précédent	dictionary	fr
spécifique	dictionary	fr
accessible	dictionary	fr
associations	dictionary	fr
constituée	dictionary	fr
musiciens	dictionary	fr
nécessaires	dictionary	fr
positions	dictionary	fr
proposition	dictionary	fr
propriétaires	dictionary	fr
secondaires	dictionary	fr
similaire	dictionary	fr
étrangères	dictionary	fr
abandonné	dictionary	fr
commencent	dictionary	fr
exemplaires	dictionary	fr
inférieure	dictionary	fr
promotion	dictionary	fr
présentes	dictionary	fr
association	dictionary	fr
expositions	dictionary	fr
extrêmement	dictionary	fr
institutions	dictionary	fr
provenant	dictionary	fr
centaines	dictionary	fr
chercheurs	dictionary	fr
destruction	dictionary	fr
participants	dictionary	fr
professionnelle	dictionary	fr
quartiers	dictionary	fr
représenté	dictionary	fr
responsabilité	dictionary	fr
utilisent	dictionary	fr
conséquent	dictionary	fr
fondateur	dictionary	fr
impossible	dictionary	fr
instruments	dictionary	fr
vêtements	dictionary	fr
internationales	dictionary	fr
mécanique	dictionary	fr
titulaire	dictionary	fr
transformation	dictionary	fr
britanniques	dictionary	fr
conférence	dictionary	fr
conscience	dictionary	fr
disparition	dictionary	fr
familiale	dictionary	fr
géographique	dictionary	fr
remplacer	dictionary	fr
vainqueur	dictionary	fr
accompagné	dictionary	fr
confiance	dictionary	fr
mathématiques	dictionary	fr
opération	dictionary	fr
régulière	dictionary	fr
soviétique	dictionary	fr
territoires	dictionary	fr
autrefois	dictionary	fr
expérience	dictionary	fr
journaliste	dictionary	fr
nationaux	dictionary	fr
précédente	dictionary	fr
événement	dictionary	fr
cathédrale	dictionary	fr
collections	dictionary	fr
exposition	dictionary	fr
numérique	dictionary	fr
structures	dictionary	fr
supplémentaires	dictionary	fr
tentative	dictionary	fr
travailleurs	dictionary	fr
universitaire	dictionary	fr
parlement	dictionary	fr
difficulté	dictionary	fr
juridique	dictionary	fr
objectifs	dictionary	fr
performance	dictionary	fr
profondeur	dictionary	fr
campagnes	dictionary	fr
connaissances	dictionary	fr
continuer	dictionary	fr
différent	dictionary	fr
expériences	dictionary	fr
nourriture	dictionary	fr
sculpture	dictionary	fr
succession	dictionary	fr
révolution	dictionary	fr
accueillir	dictionary	fr
capacités	dictionary	fr
championnats	dictionary	fr
constituent	dictionary	fr
enregistré	dictionary	fr
principes	dictionary	fr
conserver	dictionary	fr
inférieur	dictionary	fr
intermédiaire	dictionary	fr
traditionnelle	dictionary	fr
conférences	dictionary	fr
correspondant	dictionary	fr
importance	dictionary	fr
parfaitement	dictionary	fr
populaires	dictionary	fr
technologie	dictionary	fr
fédération	dictionary	fr
apparition	dictionary	fr
destination	dictionary	fr
différences	dictionary	fr
dirigeants	dictionary	fr
historiens	dictionary	fr
possession	dictionary	fr
retourner	dictionary	fr
traduction	dictionary	fr
travaillé	dictionary	fr
catégories	dictionary	fr
difficiles	dictionary	fr
exclusivement	dictionary	fr
frontières	dictionary	fr
japonaise	dictionary	fr
occidentale	dictionary	fr
participent	dictionary	fr
particularité	dictionary	fr
pratiquement	dictionary	fr
spécifiques	dictionary	fr
surveillance	dictionary	fr
transports	dictionary	fr
variations	dictionary	fr
appartenant	dictionary	fr
classiques	dictionary	fr
différente	dictionary	fr
décisions	dictionary	fr
internationaux	dictionary	fr
particuliers	dictionary	fr
photographie	dictionary	fr
cérémonie	dictionary	fr
monuments	dictionary	fr
naturelles	dictionary	fr
profondément	dictionary	fr
précision	dictionary	fr
précédents	dictionary	fr
adversaires	dictionary	fr
blessures	dictionary	fr
construits	dictionary	fr
contribue	dictionary	fr
environnement	dictionary	fr
européens	dictionary	fr
indépendante	dictionary	fr
personnalité	dictionary	fr
préparation	dictionary	fr
représentants	dictionary	fr
représentations	dictionary	fr
supérieures	dictionary	fr
vingtaine	dictionary	fr
applications	dictionary	fr
deviendra	dictionary	fr
financière	dictionary	fr
manifestations	dictionary	fr
producteur	dictionary	fr
spectacles	dictionary	fr
bénéficie	dictionary	fr
conséquences	dictionary	fr
dimensions	dictionary	fr
favorable	dictionary	fr
forteresse	dictionary	fr
physiques	dictionary	fr
responsables	dictionary	fr
utilisation	dictionary	fr
compositions	dictionary	fr
compétences	dictionary	fr
existence	dictionary	fr
industrielle	dictionary	fr
installations	dictionary	fr
intérieure	dictionary	fr
nécessite	dictionary	fr
recensement	dictionary	fr
récupérer	dictionary	fr
cavalerie	dictionary	fr
concurrence	dictionary	fr
continent	dictionary	fr
lancement	dictionary	fr
organisations	dictionary	fr
parviennent	dictionary	fr
prisonnier	dictionary	fr
productions	dictionary	fr
présentation	dictionary	fr
suffisamment	dictionary	fr
transmission	dictionary	fr
établissements	dictionary	fr
américaines	dictionary	fr
considérable	dictionary	fr
constructions	dictionary	fr
culturelle	dictionary	fr
décennies	dictionary	fr
histoires	dictionary	fr
manifeste	dictionary	fr
modifications	dictionary	fr
nationales	dictionary	fr
organisée	dictionary	fr
partisans	dictionary	fr
possèdent	dictionary	fr
remarquable	dictionary	fr
respectivement	dictionary	fr
rédaction	dictionary	fr
réduction	dictionary	fr
réellement	dictionary	fr
sculptures	dictionary	fr
transfert	dictionary	fr
universités	dictionary	fr
automobile	dictionary	fr
clairement	dictionary	fr
dimension	dictionary	fr
intervient	dictionary	fr
introduit	dictionary	fr
poursuite	dictionary	fr
reconstruction	dictionary	fr
conservation	dictionary	fr
discipline	dictionary	fr
extension	dictionary	fr
extérieur	dictionary	fr
formations	dictionary	fr
habituellement	dictionary	fr
industriel	dictionary	fr
indépendant	dictionary	fr
laboratoire	dictionary	fr
littéraires	dictionary	fr
manuscrits	dictionary	fr
permanente	dictionary	fr
situations	dictionary	fr
augmentation	dictionary	fr
commencer	dictionary	fr
communiste	dictionary	fr
compétitions	dictionary	fr
conservés	dictionary	fr
contrôler	dictionary	fr
libération	dictionary	fr
nécessité	dictionary	fr
parlementaire	dictionary	fr
pourraient	dictionary	fr
présidence	dictionary	fr
rencontrent	dictionary	fr
seigneurs	dictionary	fr
solutions	dictionary	fr
commerciale	dictionary	fr
compositeur	dictionary	fr
documentaire	dictionary	fr
dynamique	dictionary	fr
décoration	dictionary	fr
découvertes	dictionary	fr
italienne	dictionary	fr
ministres	dictionary	fr
musulmans	dictionary	fr
nucléaire	dictionary	fr
possibles	dictionary	fr
quasiment	dictionary	fr
stratégie	dictionary	fr
universitaires	dictionary	fr
électriques	dictionary	fr
consacrée	dictionary	fr
départemental	dictionary	fr
fermeture	dictionary	fr
représenter	dictionary	fr
récemment	dictionary	fr
sentiments	dictionary	fr
supplémentaire	dictionary	fr
traditionnel	dictionary	fr
établissement	dictionary	fr
allemandes	dictionary	fr
archéologiques	dictionary	fr
catalogue	dictionary	fr
convaincre	dictionary	fr
dispositif	dictionary	fr
déplacement	dictionary	fr
développée	dictionary	fr
entraîneur	dictionary	fr
espagnole	dictionary	fr
fréquence	dictionary	fr
meilleures	dictionary	fr
partiellement	dictionary	fr
personnalités	dictionary	fr
publications	dictionary	fr
reconnaître	dictionary	fr
résidences	dictionary	fr
adversaire	dictionary	fr
caractères	dictionary	fr
catholiques	dictionary	fr
chrétiens	dictionary	fr
combattre	dictionary	fr
comprenant	dictionary	fr
constante	dictionary	fr
contribué	dictionary	fr
judiciaire	dictionary	fr
perspective	dictionary	fr
provinces	dictionary	fr
présentée	dictionary	fr
remplacée	dictionary	fr
remporter	dictionary	fr
répartition	dictionary	fr
stratégique	dictionary	fr
successeur	dictionary	fr
équipements	dictionary	fr
chanteuse	dictionary	fr
cinquante	dictionary	fr
constitution	dictionary	fr
continuent	dictionary	fr
coopération	dictionary	fr
effectuer	dictionary	fr
mécanisme	dictionary	fr
originaire	dictionary	fr
partenaire	dictionary	fr
symbolique	dictionary	fr
séparation	dictionary	fr
traversée	dictionary	fr
parallèlement	dictionary	fr
apparaître	dictionary	fr
chevalier	dictionary	fr
considérés	dictionary	fr
financement	dictionary	fr
milliards	dictionary	fr
promouvoir	dictionary	fr
amoureuse	dictionary	fr
concentration	dictionary	fr
distinguer	dictionary	fr
financières	dictionary	fr
intérieur	dictionary	fr
marchandises	dictionary	fr
naturellement	dictionary	fr
négociations	dictionary	fr
organisés	dictionary	fr
permettait	dictionary	fr
possédait	dictionary	fr
publicité	dictionary	fr
rectangulaire	dictionary	fr
réalisateur	dictionary	fr
spécialistes	dictionary	fr
technologies	dictionary	fr
tentatives	dictionary	fr
touristique	dictionary	fr
administratif	dictionary	fr
communistes	dictionary	fr
convention	dictionary	fr
financier	dictionary	fr
mentionné	dictionary	fr
néerlandais	dictionary	fr
permanent	dictionary	fr
policiers	dictionary	fr
princesse	dictionary	fr
remplacement	dictionary	fr
résolution	dictionary	fr
émissions	dictionary	fr
contemporaine	dictionary	fr
disparaît	dictionary	fr
déclaration	dictionary	fr
fréquente	dictionary	fr
manifestation	dictionary	fr
marchands	dictionary	fr
navigation	dictionary	fr
potentiel	dictionary	fr
qualification	dictionary	fr
reproduction	dictionary	fr
ressemble	dictionary	fr
ruralités	dictionary	fr
sanctuaire	dictionary	fr
évolution	dictionary	fr
administrative	dictionary	fr
collectif	dictionary	fr
compagnies	dictionary	fr
comprenait	dictionary	fr
comprennent	dictionary	fr
fondateurs	dictionary	fr
individuelles	dictionary	fr
intitulée	dictionary	fr
manuscrit	dictionary	fr
popularité	dictionary	fr
précédentes	dictionary	fr
puissants	dictionary	fr
réalisées	dictionary	fr
utilisateurs	dictionary	fr
améliorer	dictionary	fr
commerciales	dictionary	fr
compagnons	dictionary	fr
consacrer	dictionary	fr
contraint	dictionary	fr
culturelles	dictionary	fr
disparaître	dictionary	fr
infrastructures	dictionary	fr
installés	dictionary	fr
majoritairement	dictionary	fr
particules	dictionary	fr
personnelle	dictionary	fr
procédure	dictionary	fr
producteurs	dictionary	fr
précisément	dictionary	fr
pseudonyme	dictionary	fr
reconnaît	dictionary	fr
remarquables	dictionary	fr
rencontrer	dictionary	fr
rencontré	dictionary	fr
réflexion	dictionary	fr
signature	dictionary	fr
malheureusement	dictionary	fr
appareils	dictionary	fr
composants	dictionary	fr
contemporains	dictionary	fr
domination	dictionary	fr
européennes	dictionary	fr
faisaient	dictionary	fr
ferroviaire	dictionary	fr
fonctionne	dictionary	fr
immeubles	dictionary	fr
journalistes	dictionary	fr
nettement	dictionary	fr
opposition	dictionary	fr
portraits	dictionary	fr
préserver	dictionary	fr
circonscription	dictionary	fr
comparaison	dictionary	fr
conseillers	dictionary	fr
contiennent	dictionary	fr
divisions	dictionary	fr
favoriser	dictionary	fr
impériale	dictionary	fr
lieutenant	dictionary	fr
organismes	dictionary	fr
professeurs	dictionary	fr
progression	dictionary	fr
reconstruit	dictionary	fr
reçoivent	dictionary	fr
rénovation	dictionary	fr
symptômes	dictionary	fr
transformer	dictionary	fr
alentours	dictionary	fr
apprendre	dictionary	fr
attention	dictionary	fr
commandes	dictionary	fr
complexes	dictionary	fr
dangereux	dictionary	fr
description	dictionary	fr
destinées	dictionary	fr
dépression	dictionary	fr
installée	dictionary	fr
obligatoire	dictionary	fr
proportion	dictionary	fr
précédemment	dictionary	fr
sentiment	dictionary	fr
stabilité	dictionary	fr
transition	dictionary	fr
travaillent	dictionary	fr
végétation	dictionary	fr
étrangère	dictionary	fr
apparence	dictionary	fr
artistiques	dictionary	fr
assistant	dictionary	fr
caractérise	dictionary	fr
juridictions	dictionary	fr
lice	dictionary	fr
licorne	dictionary	fr
lucidité	dictionary	fr
ludique	dictionary	fr
luminosité	dictionary	fr
malheurs	dictionary	fr
manipulations	dictionary	fr
mannequins	dictionary	fr
manœuvre	dictionary	fr
mesurée	dictionary	fr
mettrais	dictionary	fr
mœurs	dictionary	fr
montées	dictionary	fr
mourant	dictionary	fr
mu	dictionary	fr
objectivité	dictionary	fr
observées	dictionary	fr
offrez	dictionary	fr
pacifiques	dictionary	fr
paragraphes	dictionary	fr
parfaites	dictionary	fr
perdants	dictionary	fr
perçus	dictionary	fr
phone	dictionary	fr
piges	dictionary	fr
piment	dictionary	fr
placent	dictionary	fr
pornographie	dictionary	fr
positionner	dictionary	fr
privilégie	dictionary	fr
prod	dictionary	fr
prolifération	dictionary	fr
protectrice	dictionary	fr
préoccuper	dictionary	fr
présidée	dictionary	fr
préventive	dictionary	fr
psychopathe	dictionary	fr
pépin	dictionary	fr
périodique	dictionary	fr
rafales	dictionary	fr
rappelles	dictionary	fr
rattachement	dictionary	fr
reconversion	dictionary	fr
renouvelle	dictionary	fr
renversement	dictionary	fr
repêchage	dictionary	fr
revente	dictionary	fr
revois	dictionary	fr
réconfort	dictionary	fr
réf	dictionary	fr
résonance	dictionary	fr
rééducation	dictionary	fr
sabine	dictionary	fr
salué	dictionary	fr
sanctionner	dictionary	fr
sanguine	dictionary	fr
sentie	dictionary	fr
servie	dictionary	fr
slim	dictionary	fr
soprano	dictionary	fr
spectaculaires	dictionary	fr
spontanée	dictionary	fr
spécimens	dictionary	fr
statique	dictionary	fr
suez	dictionary	fr
suicides	dictionary	fr
suspendus	dictionary	fr
taillé	dictionary	fr
tenants	dictionary	fr
tertiaire	dictionary	fr
tonton	dictionary	fr
tracteur	dictionary	fr
trappe	dictionary	fr
traîtres	dictionary	fr
trouverait	dictionary	fr
tunisiens	dictionary	fr
tuto	dictionary	fr
ukrainienne	dictionary	fr
versés	dictionary	fr
vétérans	dictionary	fr
zoé	dictionary	fr
écoulement	dictionary	fr
écouteurs	dictionary	fr
épuisée	dictionary	fr
équateur	dictionary	fr
établissant	dictionary	fr
étalon	dictionary	fr
évader	dictionary	fr
abolir	dictionary	fr
acquitter	dictionary	fr
admirable	dictionary	fr
adultère	dictionary	fr
agroalimentaire	dictionary	fr
aidée	dictionary	fr
alliée	dictionary	fr
allégeance	dictionary	fr
anesthésie	dictionary	fr
apogée	dictionary	fr
appréciés	dictionary	fr
armistice	dictionary	fr
arrêtées	dictionary	fr
atome	dictionary	fr
australiens	dictionary	fr
avérer	dictionary	fr
baisses	dictionary	fr
barque	dictionary	fr
battait	dictionary	fr
blindés	dictionary	fr
bourgmestre	dictionary	fr
calvados	dictionary	fr
cardiaques	dictionary	fr
chevelure	dictionary	fr
cils	dictionary	fr
cohabitation	dictionary	fr
combo	dictionary	fr
complètent	dictionary	fr
compositeurs	dictionary	fr
concentrés	dictionary	fr
contextes	dictionary	fr
conçues	dictionary	fr
crevettes	dictionary	fr
crues	dictionary	fr
créole	dictionary	fr
dessinées	dictionary	fr
devenez	dictionary	fr
deviendront	dictionary	fr
dissoudre	dictionary	fr
dissous	dictionary	fr
donateurs	dictionary	fr
dosage	dictionary	fr
drap	dictionary	fr
déchéance	dictionary	fr
décrivant	dictionary	fr
déduction	dictionary	fr
délicatesse	dictionary	fr
déontologie	dictionary	fr
déserte	dictionary	fr
embouchure	dictionary	fr
embrassé	dictionary	fr
entrave	dictionary	fr
envisageable	dictionary	fr
expressément	dictionary	fr
fallut	dictionary	fr
fertilité	dictionary	fr
forgé	dictionary	fr
gages	dictionary	fr
glacier	dictionary	fr
grêle	dictionary	fr
honoraire	dictionary	fr
huissier	dictionary	fr
humanitaires	dictionary	fr
héritière	dictionary	fr
imaginaires	dictionary	fr
immunitaire	dictionary	fr
implanter	dictionary	fr
improvisation	dictionary	fr
inadmissible	dictionary	fr
infiltration	dictionary	fr
inquiétante	dictionary	fr
intimidation	dictionary	fr
invitent	dictionary	fr
ipod	pending	fr
iranienne	dictionary	fr
jetons	dictionary	fr
lançant	dictionary	fr
lécher	dictionary	fr
macro	dictionary	fr
manifestant	dictionary	fr
manège	dictionary	fr
marchera	dictionary	fr
martyre	dictionary	fr
massives	dictionary	fr
matinale	dictionary	fr
migratoire	dictionary	fr
minimal	dictionary	fr
mistral	dictionary	fr
mobilisé	dictionary	fr
monétaires	dictionary	fr
moralement	dictionary	fr
muséum	dictionary	fr
mécanicien	dictionary	fr
mêlant	dictionary	fr
nazie	dictionary	fr
nordique	dictionary	fr
négocié	dictionary	fr
oubliant	dictionary	fr
paresseux	dictionary	fr
pascale	dictionary	fr
passeront	dictionary	fr
payez	dictionary	fr
paysanne	dictionary	fr
pionnier	dictionary	fr
plié	dictionary	fr
poings	dictionary	fr
polices	dictionary	fr
polluants	dictionary	fr
possiblement	dictionary	fr
posts	dictionary	fr
poulets	dictionary	fr
pressée	dictionary	fr
prioritaires	dictionary	fr
progressistes	dictionary	fr
prédateur	dictionary	fr
préférant	dictionary	fr
préparatoires	dictionary	fr
quid	dictionary	fr
rachète	dictionary	fr
rames	dictionary	fr
regrettable	dictionary	fr
reines	dictionary	fr
renom	dictionary	fr
reprendra	dictionary	fr
restos	dictionary	fr
retrouvons	dictionary	fr
revoit	dictionary	fr
ribéry	pending	fr
rigoureuse	dictionary	fr
rivaliser	dictionary	fr
roulement	dictionary	fr
roumain	dictionary	fr
royaux	dictionary	fr
ruse	dictionary	fr
récepteur	dictionary	fr
réconcilier	dictionary	fr
récurrent	dictionary	fr
réjouit	dictionary	fr
répétées	dictionary	fr
résine	dictionary	fr
révélateur	dictionary	fr
savoirs	dictionary	fr
serra	dictionary	fr
shot	dictionary	fr
sociologique	dictionary	fr
soixantaine	dictionary	fr
souhaites	dictionary	fr
souhaits	dictionary	fr
statu	dictionary	fr
stipule	dictionary	fr
syndicaliste	dictionary	fr
sécu	dictionary	fr
sérum	dictionary	fr
taxation	dictionary	fr
telecom	pending	fr
temporel	dictionary	fr
textiles	dictionary	fr
tigres	dictionary	fr
tombant	dictionary	fr
touchées	dictionary	fr
toussa	dictionary	fr
toux	dictionary	fr
tranché	dictionary	fr
transmises	dictionary	fr
traque	dictionary	fr
vestimentaire	dictionary	fr
vibrer	dictionary	fr
vidé	dictionary	fr
volley	dictionary	fr
yaourt	dictionary	fr
électoraux	dictionary	fr
équipages	dictionary	fr
érigé	dictionary	fr
étudiée	dictionary	fr
accueillie	dictionary	fr
accumuler	dictionary	fr
adoptées	dictionary	fr
aggraver	dictionary	fr
agira	dictionary	fr
aimeraient	dictionary	fr
allures	dictionary	fr
altesse	dictionary	fr
appartenu	dictionary	fr
armer	dictionary	fr
atypique	dictionary	fr
auditions	dictionary	fr
autochtone	dictionary	fr
bacs	dictionary	fr
banni	dictionary	fr
boucliers	dictionary	fr
branler	dictionary	fr
brutalité	dictionary	fr
bugs	dictionary	fr
caporal	dictionary	fr
carnage	dictionary	fr
centraux	dictionary	fr
chantait	dictionary	fr
charismatique	dictionary	fr
chevilles	dictionary	fr
chorale	dictionary	fr
clowns	dictionary	fr
collaboré	dictionary	fr
commandés	dictionary	fr
commencée	dictionary	fr
communiqués	dictionary	fr
complétée	dictionary	fr
comtes	dictionary	fr
conceptions	dictionary	fr
conduisait	dictionary	fr
contenues	dictionary	fr
contrebande	dictionary	fr
contrôlés	dictionary	fr
convertis	dictionary	fr
copyright	dictionary	fr
corneille	dictionary	fr
correspondante	dictionary	fr
corrompus	dictionary	fr
cosmique	dictionary	fr
couette	dictionary	fr
dessein	dictionary	fr
diables	dictionary	fr
différend	dictionary	fr
diplômée	dictionary	fr
discrets	dictionary	fr
disputés	dictionary	fr
diète	dictionary	fr
douée	dictionary	fr
déchet	dictionary	fr
déclara	dictionary	fr
découper	dictionary	fr
déduit	dictionary	fr
détaillées	dictionary	fr
détenteurs	dictionary	fr
effectuent	dictionary	fr
emblématiques	dictionary	fr
encourageant	dictionary	fr
engendrer	dictionary	fr
entraînés	dictionary	fr
enveloppes	dictionary	fr
escrime	dictionary	fr
espèrent	dictionary	fr
estimait	dictionary	fr
exotique	dictionary	fr
factions	dictionary	fr
fax	dictionary	fr
finalistes	dictionary	fr
folies	dictionary	fr
formalités	dictionary	fr
fragment	dictionary	fr
fraîchement	dictionary	fr
fresque	dictionary	fr
frontale	dictionary	fr
fumeur	dictionary	fr
funéraire	dictionary	fr
gallois	dictionary	fr
gant	dictionary	fr
garou	dictionary	fr
girondins	dictionary	fr
gisement	dictionary	fr
guéri	dictionary	fr
habituée	dictionary	fr
hacker	dictionary	fr
hangar	dictionary	fr
hilaire	dictionary	fr
homologue	dictionary	fr
homophobes	dictionary	fr
hospitalité	dictionary	fr
hypothétique	dictionary	fr
identifiant	dictionary	fr
ignoble	dictionary	fr
ille	pending	fr
immobilières	dictionary	fr
implications	dictionary	fr
importer	dictionary	fr
indirects	dictionary	fr
indépendantistes	dictionary	fr
infographie	dictionary	fr
intelligentes	dictionary	fr
intensive	dictionary	fr
jouissance	dictionary	fr
kayak	dictionary	fr
lanceurs	dictionary	fr
langages	dictionary	fr
lavé	dictionary	fr
lenteur	dictionary	fr
lèche	dictionary	fr
malgache	dictionary	fr
maquette	dictionary	fr
marraine	dictionary	fr
maçon	dictionary	fr
membrane	dictionary	fr
menait	dictionary	fr
mettaient	dictionary	fr
miennes	dictionary	fr
millionnaire	dictionary	fr
minier	dictionary	fr
minières	dictionary	fr
montrée	dictionary	fr
méditer	dictionary	fr
occupera	dictionary	fr
oie	dictionary	fr
outrage	dictionary	fr
paralysie	dictionary	fr
passais	dictionary	fr
persévérance	dictionary	fr
piscines	dictionary	fr
plombier	dictionary	fr
pognon	dictionary	fr
poney	dictionary	fr
pouvions	dictionary	fr
prescrire	dictionary	fr
prêt	dictionary	fr
princesses	dictionary	fr
prions	dictionary	fr
professeure	dictionary	fr
protéine	dictionary	fr
préparations	dictionary	fr
prévoyant	dictionary	fr
publient	dictionary	fr
pénitentiaire	dictionary	fr
pétroliers	dictionary	fr
qualifiées	dictionary	fr
ralentit	dictionary	fr
ralliement	dictionary	fr
rangées	dictionary	fr
recharger	dictionary	fr
redonne	dictionary	fr
reflets	dictionary	fr
reflètent	dictionary	fr
reporté	dictionary	fr
retombées	dictionary	fr
retournement	dictionary	fr
retrouves	dictionary	fr
reviendrai	dictionary	fr
revint	dictionary	fr
riant	dictionary	fr
romantisme	dictionary	fr
rosé	dictionary	fr
running	dictionary	fr
réagissent	dictionary	fr
sanglier	dictionary	fr
saucisse	dictionary	fr
saurez	dictionary	fr
secrétaires	dictionary	fr
signalés	dictionary	fr
soda	dictionary	fr
sonnerie	dictionary	fr
soulignant	dictionary	fr
souveraine	dictionary	fr
spécialisation	dictionary	fr
stabilisation	dictionary	fr
stabiliser	dictionary	fr
strictes	dictionary	fr
supposés	dictionary	fr
surmonté	dictionary	fr
synopsis	dictionary	fr
syntaxe	dictionary	fr
tait	dictionary	fr
taré	dictionary	fr
terminés	dictionary	fr
terra	dictionary	fr
translation	dictionary	fr
transportés	dictionary	fr
trier	dictionary	fr
utilisations	dictionary	fr
vante	dictionary	fr
vasculaire	dictionary	fr
vendant	dictionary	fr
verdure	dictionary	fr
versée	dictionary	fr
vieilli	dictionary	fr
villas	dictionary	fr
zut	dictionary	fr
échappée	dictionary	fr
échelons	dictionary	fr
élargi	dictionary	fr
éloignées	dictionary	fr
énergique	dictionary	fr
épuration	dictionary	fr
équilibrée	dictionary	fr
étendues	dictionary	fr
évocation	dictionary	fr
abondamment	dictionary	fr
acceptés	dictionary	fr
accusant	dictionary	fr
accède	dictionary	fr
affaibli	dictionary	fr
aisance	dictionary	fr
allie	dictionary	fr
alpin	dictionary	fr
amalgame	dictionary	fr
amoureuses	dictionary	fr
aménager	dictionary	fr
anarchistes	dictionary	fr
aquatiques	dictionary	fr
assimiler	dictionary	fr
attirés	dictionary	fr
avertis	dictionary	fr
aïe	dictionary	fr
barème	dictionary	fr
besson	dictionary	fr
bouddhisme	dictionary	fr
bouquins	dictionary	fr
brancher	dictionary	fr
buter	dictionary	fr
cachait	dictionary	fr
canicule	dictionary	fr
caresser	dictionary	fr
cascades	dictionary	fr
cassés	dictionary	fr
cherchaient	dictionary	fr
chirurgiens	dictionary	fr
coincée	dictionary	fr
colorés	dictionary	fr
compacte	dictionary	fr
complaisance	dictionary	fr
comprimé	dictionary	fr
compteurs	dictionary	fr
concentrations	dictionary	fr
constituées	dictionary	fr
contenue	dictionary	fr
contracté	dictionary	fr
contraindre	dictionary	fr
coop	dictionary	fr
coopérer	dictionary	fr
copié	dictionary	fr
crétin	dictionary	fr
demandaient	dictionary	fr
dunes	dictionary	fr
dupuis	pending	fr
déluge	dictionary	fr
dépouille	dictionary	fr
détenue	dictionary	fr
emmerder	dictionary	fr
enferme	dictionary	fr
enfermés	dictionary	fr
enlevés	dictionary	fr
ennemies	dictionary	fr
ensuit	dictionary	fr
entendant	dictionary	fr
fabius	pending	fr
fermentation	dictionary	fr
ferrée	dictionary	fr
ferveur	dictionary	fr
filé	dictionary	fr
firmes	dictionary	fr
fleuves	dictionary	fr
flottant	dictionary	fr
formées	dictionary	fr
fossile	dictionary	fr
grévistes	dictionary	fr
haies	dictionary	fr
honore	dictionary	fr
huitièmes	dictionary	fr
hémorragie	dictionary	fr
idoles	dictionary	fr
idéologiques	dictionary	fr
illicite	dictionary	fr
imprimée	dictionary	fr
inflammation	dictionary	fr
insistance	dictionary	fr
institutionnelle	dictionary	fr
intact	dictionary	fr
intéressées	dictionary	fr
inutilement	dictionary	fr
invalides	dictionary	fr
invoquer	dictionary	fr
jurer	dictionary	fr
kiosque	dictionary	fr
kurde	dictionary	fr
lessive	dictionary	fr
lima	dictionary	fr
loyal	dictionary	fr
légalisation	dictionary	fr
macédoine	dictionary	fr
maigrir	dictionary	fr
mangas	dictionary	fr
marionnettes	dictionary	fr
marrer	dictionary	fr
maçons	dictionary	fr
mentalités	dictionary	fr
mettrai	dictionary	fr
mile	dictionary	fr
modifiées	dictionary	fr
motards	dictionary	fr
multimédia	dictionary	fr
mènera	dictionary	fr
médium	dictionary	fr
mélodies	dictionary	fr
métropolitain	dictionary	fr
neutraliser	dictionary	fr
oc	dictionary	fr
octave	dictionary	fr
oranges	dictionary	fr
ordonner	dictionary	fr
orne	dictionary	fr
oses	dictionary	fr
partiels	dictionary	fr
parvenue	dictionary	fr
pastorale	dictionary	fr
patinage	dictionary	fr
patinoire	dictionary	fr
peluche	dictionary	fr
perdait	dictionary	fr
perplexe	dictionary	fr
persuader	dictionary	fr
pertinentes	dictionary	fr
pige	dictionary	fr
pilules	dictionary	fr
plombs	dictionary	fr
porta	dictionary	fr
porteuse	dictionary	fr
poussin	dictionary	fr
poutre	dictionary	fr
primitive	dictionary	fr
procession	dictionary	fr
proclamation	dictionary	fr
protestante	dictionary	fr
précaires	dictionary	fr
prévoyance	dictionary	fr
pénales	dictionary	fr
pêches	dictionary	fr
questionner	dictionary	fr
radiation	dictionary	fr
rebours	dictionary	fr
recréer	dictionary	fr
refroidir	dictionary	fr
reliefs	dictionary	fr
remerciements	dictionary	fr
représentative	dictionary	fr
retardé	dictionary	fr
retournée	dictionary	fr
revêtement	dictionary	fr
roberts	dictionary	fr
romane	dictionary	fr
roumains	dictionary	fr
répartir	dictionary	fr
résistances	dictionary	fr
rétrospective	dictionary	fr
salaud	dictionary	fr
salopes	dictionary	fr
samedis	dictionary	fr
saoul	dictionary	fr
saturation	dictionary	fr
savourer	dictionary	fr
scoop	dictionary	fr
sieur	dictionary	fr
significatifs	dictionary	fr
sirènes	dictionary	fr
souliers	dictionary	fr
souscrire	dictionary	fr
sui	dictionary	fr
surveillé	dictionary	fr
symphonie	dictionary	fr
séduisant	dictionary	fr
tardivement	dictionary	fr
torche	dictionary	fr
tournai	dictionary	fr
trompent	dictionary	fr
turques	dictionary	fr
télévisé	dictionary	fr
utilises	dictionary	fr
vintage	dictionary	fr
écouler	dictionary	fr
équipées	dictionary	fr
éradiquer	dictionary	fr
éthiques	dictionary	fr
abandonnées	dictionary	fr
abonner	dictionary	fr
abordés	dictionary	fr
adéquate	dictionary	fr
affectées	dictionary	fr
affichée	dictionary	fr
agglomérations	dictionary	fr
alertes	dictionary	fr
alternatifs	dictionary	fr
amnistie	dictionary	fr
amorce	dictionary	fr
apparement	pending	fr
arrangé	dictionary	fr
ars	dictionary	fr
atteste	dictionary	fr
automatisation	dictionary	fr
auxiliaires	dictionary	fr
balai	dictionary	fr
bandeau	dictionary	fr
bandits	dictionary	fr
baraque	dictionary	fr
beautés	dictionary	fr
bernier	pending	fr
billes	dictionary	fr
booster	dictionary	fr
boursier	dictionary	fr
calculée	dictionary	fr
canyon	dictionary	fr
capot	dictionary	fr
carreau	dictionary	fr
causant	dictionary	fr
cavité	dictionary	fr
centrée	dictionary	fr
charmes	dictionary	fr
cheminement	dictionary	fr
cheveu	dictionary	fr
choisissant	dictionary	fr
clandestin	dictionary	fr
commentateur	dictionary	fr
compliqués	dictionary	fr
consulte	dictionary	fr
continueront	dictionary	fr
contrefaçon	dictionary	fr
convaincant	dictionary	fr
convenablement	dictionary	fr
craignait	dictionary	fr
croate	dictionary	fr
culottes	dictionary	fr
cultive	dictionary	fr
cynique	dictionary	fr
diaspora	dictionary	fr
disparues	dictionary	fr
dissuader	dictionary	fr
distant	dictionary	fr
distraire	dictionary	fr
dominée	dictionary	fr
dormait	dictionary	fr
drôle	dictionary	fr
débarquent	dictionary	fr
déborde	dictionary	fr
déguisement	dictionary	fr
démolir	dictionary	fr
démonstrations	dictionary	fr
dépendra	dictionary	fr
déplorable	dictionary	fr
dérangé	dictionary	fr
détenir	dictionary	fr
embuscade	dictionary	fr
enchanté	dictionary	fr
envole	dictionary	fr
facettes	dictionary	fr
fat	dictionary	fr
fauve	dictionary	fr
fiançailles	dictionary	fr
financés	dictionary	fr
flexible	dictionary	fr
flots	dictionary	fr
fractures	dictionary	fr
frissons	dictionary	fr
fuient	dictionary	fr
fusées	dictionary	fr
fuyant	dictionary	fr
garderie	dictionary	fr
glacé	dictionary	fr
glamour	dictionary	fr
grossière	dictionary	fr
gâche	dictionary	fr
génériques	dictionary	fr
gérés	dictionary	fr
hallucinant	dictionary	fr
hashtag	dictionary	fr
hiérarchique	dictionary	fr
horizontal	dictionary	fr
imposante	dictionary	fr
impressionner	dictionary	fr
inclinaison	dictionary	fr
indiquait	dictionary	fr
indépendantiste	dictionary	fr
infliger	dictionary	fr
insensible	dictionary	fr
inspirent	dictionary	fr
interminable	dictionary	fr
interprétée	dictionary	fr
intrigues	dictionary	fr
investissent	dictionary	fr
irrigation	dictionary	fr
jogging	dictionary	fr
juniors	dictionary	fr
labrador	dictionary	fr
laissées	dictionary	fr
laitiers	dictionary	fr
lances	dictionary	fr
larves	dictionary	fr
ligues	dictionary	fr
lisais	dictionary	fr
maléfique	dictionary	fr
marijuana	dictionary	fr
massacrer	dictionary	fr
masson	pending	fr
menacées	dictionary	fr
mignons	dictionary	fr
minces	dictionary	fr
miser	dictionary	fr
mono	dictionary	fr
morphologie	dictionary	fr
médiatiques	dictionary	fr
mêlent	dictionary	fr
nantais	dictionary	fr
normands	dictionary	fr
notera	dictionary	fr
noyé	dictionary	fr
nuisibles	dictionary	fr
néerlandaise	dictionary	fr
opter	dictionary	fr
oriente	dictionary	fr
orphelin	dictionary	fr
panda	dictionary	fr
parachute	dictionary	fr
paramètre	dictionary	fr
partagées	dictionary	fr
participatif	dictionary	fr
passeports	dictionary	fr
payante	dictionary	fr
perruque	dictionary	fr
plausible	dictionary	fr
possédé	dictionary	fr
pousses	dictionary	fr
prendrai	dictionary	fr
pressés	dictionary	fr
prisme	dictionary	fr
procureurs	dictionary	fr
prononcés	dictionary	fr
proposera	dictionary	fr
prudente	dictionary	fr
précipiter	dictionary	fr
précipité	dictionary	fr
préparait	dictionary	fr
ptit	pending	fr
publiant	dictionary	fr
python	dictionary	fr
pédophile	dictionary	fr
pédophilie	dictionary	fr
pénalités	dictionary	fr
pêcher	dictionary	fr
quartz	dictionary	fr
quitta	dictionary	fr
quittera	dictionary	fr
ratée	dictionary	fr
rechange	dictionary	fr
refais	dictionary	fr
regroupés	dictionary	fr
renier	dictionary	fr
respectés	dictionary	fr
ressemblant	dictionary	fr
rivage	dictionary	fr
ruche	dictionary	fr
réalises	dictionary	fr
réduisent	dictionary	fr
régent	dictionary	fr
régiments	dictionary	fr
rénové	dictionary	fr
répand	dictionary	fr
sacrifié	dictionary	fr
sainteté	dictionary	fr
salir	dictionary	fr
sauvés	dictionary	fr
seau	dictionary	fr
sentant	dictionary	fr
serbes	dictionary	fr
servante	dictionary	fr
sets	dictionary	fr
stressé	dictionary	fr
tablier	dictionary	fr
théâtrale	dictionary	fr
tomba	dictionary	fr
toscane	dictionary	fr
tranchant	dictionary	fr
tronçon	dictionary	fr
trousse	dictionary	fr
vedettes	dictionary	fr
vertige	dictionary	fr
vieillard	dictionary	fr
vulnérabilité	dictionary	fr
yacht	dictionary	fr
échiquier	dictionary	fr
écosystèmes	dictionary	fr
éliminés	dictionary	fr
émotionnelle	dictionary	fr
éprouver	dictionary	fr
étonnement	dictionary	fr
étouffe	dictionary	fr
abîme	dictionary	fr
académiques	dictionary	fr
accoucher	dictionary	fr
accéléré	dictionary	fr
admise	dictionary	fr
agonie	dictionary	fr
agréablement	dictionary	fr
aimeriez	dictionary	fr
aimés	dictionary	fr
alliage	dictionary	fr
ambiante	dictionary	fr
amiante	dictionary	fr
amusent	dictionary	fr
anse	dictionary	fr
apartheid	dictionary	fr
apollon	dictionary	fr
apparus	dictionary	fr
apportez	dictionary	fr
approchent	dictionary	fr
arrogant	dictionary	fr
attirance	dictionary	fr
auditoire	dictionary	fr
bagues	dictionary	fr
berline	dictionary	fr
bingo	dictionary	fr
bobos	dictionary	fr
bouclé	dictionary	fr
bravoure	dictionary	fr
brigades	dictionary	fr
bélier	dictionary	fr
capitole	dictionary	fr
capsules	dictionary	fr
carence	dictionary	fr
catalans	dictionary	fr
chie	dictionary	fr
chuter	dictionary	fr
chuté	dictionary	fr
cinémas	dictionary	fr
clerc	dictionary	fr
cnil	pending	fr
cols	dictionary	fr
commise	dictionary	fr
concernait	dictionary	fr
connaîtra	dictionary	fr
constatée	dictionary	fr
contraception	dictionary	fr
curie	dictionary	fr
descendance	dictionary	fr
discernement	dictionary	fr
disputent	dictionary	fr
distinct	dictionary	fr
donnerais	dictionary	fr
douzième	dictionary	fr
déguster	dictionary	fr
dénommé	dictionary	fr
déplacée	dictionary	fr
dérogation	dictionary	fr
détaillés	dictionary	fr
effigie	dictionary	fr
effondrer	dictionary	fr
entrepreneuriat	dictionary	fr
entres	dictionary	fr
entretiennent	dictionary	fr
entrevoir	dictionary	fr
exactions	dictionary	fr
exercée	dictionary	fr
exploités	dictionary	fr
fable	dictionary	fr
fertile	dictionary	fr
figurines	dictionary	fr
flancs	dictionary	fr
foires	dictionary	fr
fonctionnait	dictionary	fr
forcement	dictionary	fr
formidables	dictionary	fr
foutez	dictionary	fr
fronts	dictionary	fr
gangs	dictionary	fr
gastro	dictionary	fr
grotesque	dictionary	fr
groupements	dictionary	fr
gâché	dictionary	fr
généalogie	dictionary	fr
hémisphère	dictionary	fr
héréditaire	dictionary	fr
impliquent	dictionary	fr
incline	dictionary	fr
inclusion	dictionary	fr
indiennes	dictionary	fr
inhabituel	dictionary	fr
instituteur	dictionary	fr
intacte	dictionary	fr
interpelle	dictionary	fr
intègrent	dictionary	fr
intérieurement	dictionary	fr
inventions	dictionary	fr
invitations	dictionary	fr
iras	dictionary	fr
jetez	dictionary	fr
jouaient	dictionary	fr
ledit	dictionary	fr
libraires	dictionary	fr
lisses	dictionary	fr
locomotive	dictionary	fr
maintiennent	dictionary	fr
malentendu	dictionary	fr
malien	dictionary	fr
mariées	dictionary	fr
martiaux	dictionary	fr
maudite	dictionary	fr
melon	dictionary	fr
minimes	dictionary	fr
misérables	dictionary	fr
mouiller	dictionary	fr
mouvance	dictionary	fr
must	dictionary	fr
normalisation	dictionary	fr
nègres	dictionary	fr
occupées	dictionary	fr
originelle	dictionary	fr
partielles	dictionary	fr
patrouilles	dictionary	fr
penchant	dictionary	fr
pentagone	dictionary	fr
permanentes	dictionary	fr
peuplée	dictionary	fr
physiologie	dictionary	fr
pillage	dictionary	fr
pion	dictionary	fr
pittoresque	dictionary	fr
plaqué	dictionary	fr
plis	dictionary	fr
postales	dictionary	fr
poussés	dictionary	fr
pouviez	dictionary	fr
proclame	dictionary	fr
prodige	dictionary	fr
projecteurs	dictionary	fr
présentations	dictionary	fr
querelles	dictionary	fr
rabbin	dictionary	fr
raie	dictionary	fr
rassurez	dictionary	fr
recherchée	dictionary	fr
recueils	dictionary	fr
reliées	dictionary	fr
remorque	dictionary	fr
restreinte	dictionary	fr
riposte	dictionary	fr
réjouis	dictionary	fr
répit	dictionary	fr
semé	dictionary	fr
serviront	dictionary	fr
sin	dictionary	fr
soufre	dictionary	fr
souscrit	dictionary	fr
souterraine	dictionary	fr
spécificités	dictionary	fr
spécimen	dictionary	fr
successeurs	dictionary	fr
survit	dictionary	fr
synonymes	dictionary	fr
tendres	dictionary	fr
thérapeutiques	dictionary	fr
tourmente	dictionary	fr
transversale	dictionary	fr
travaillez	dictionary	fr
triangulaire	dictionary	fr
tripoli	dictionary	fr
trompette	dictionary	fr
tuez	dictionary	fr
télécom	pending	fr
uqam	pending	fr
vaillant	dictionary	fr
valentine	dictionary	fr
verbale	dictionary	fr
vertueux	dictionary	fr
vertébrale	dictionary	fr
vinyle	dictionary	fr
voilée	dictionary	fr
voué	dictionary	fr
vrac	dictionary	fr
whatsapp	pending	fr
échappement	dictionary	fr
éclaircir	dictionary	fr
écoutais	dictionary	fr
écrasante	dictionary	fr
éliminée	dictionary	fr
éloignement	dictionary	fr
épouvantable	dictionary	fr
étroits	dictionary	fr
évidentes	dictionary	fr
abriter	dictionary	fr
activation	dictionary	fr
activistes	dictionary	fr
administré	dictionary	fr
adrénaline	dictionary	fr
affinités	dictionary	fr
affirmait	dictionary	fr
aimaient	dictionary	fr
amplitude	dictionary	fr
analystes	dictionary	fr
antérieurs	dictionary	fr
apôtre	dictionary	fr
aristocratie	dictionary	fr
asthme	dictionary	fr
astronaute	dictionary	fr
athée	dictionary	fr
auditeur	dictionary	fr
balayer	dictionary	fr
bouchée	dictionary	fr
bulgare	dictionary	fr
buteurs	dictionary	fr
caillou	dictionary	fr
caste	dictionary	fr
changée	dictionary	fr
charpentier	dictionary	fr
cibler	dictionary	fr
civiques	dictionary	fr
classements	dictionary	fr
clics	dictionary	fr
combinée	dictionary	fr
concierge	dictionary	fr
conclus	dictionary	fr
corbeau	dictionary	fr
couronnement	dictionary	fr
coûteuse	dictionary	fr
crosse	dictionary	fr
crétins	dictionary	fr
deçà	dictionary	fr
dinde	dictionary	fr
disciplinaire	dictionary	fr
dispense	dictionary	fr
diversification	dictionary	fr
débouché	dictionary	fr
dédiées	dictionary	fr
démenti	dictionary	fr
dénonçant	dictionary	fr
déposition	dictionary	fr
détourne	dictionary	fr
dévotion	dictionary	fr
effectuant	dictionary	fr
entourer	dictionary	fr
entraide	dictionary	fr
entrepôts	dictionary	fr
ethnie	dictionary	fr
experte	dictionary	fr
expliquerait	dictionary	fr
expérimentés	dictionary	fr
faciale	dictionary	fr
faiblement	dictionary	fr
fascination	dictionary	fr
fie	dictionary	fr
figuré	dictionary	fr
flacon	dictionary	fr
floraison	dictionary	fr
fonctionnant	dictionary	fr
fortifications	dictionary	fr
gardait	dictionary	fr
gardée	dictionary	fr
gonfle	dictionary	fr
géométrique	dictionary	fr
habillement	dictionary	fr
habites	dictionary	fr
haie	dictionary	fr
halal	dictionary	fr
heureuses	dictionary	fr
hic	dictionary	fr
holding	dictionary	fr
illustrée	dictionary	fr
immonde	dictionary	fr
impitoyable	dictionary	fr
imprimeur	dictionary	fr
impuissant	dictionary	fr
incomparable	dictionary	fr
ingérence	dictionary	fr
inspirées	dictionary	fr
institutionnels	dictionary	fr
intensif	dictionary	fr
inversé	dictionary	fr
irruption	dictionary	fr
islamophobie	dictionary	fr
itinéraires	dictionary	fr
longévité	dictionary	fr
lâcheté	dictionary	fr
législature	dictionary	fr
malsain	dictionary	fr
marquise	dictionary	fr
marées	dictionary	fr
mettais	dictionary	fr
meufs	dictionary	fr
moches	dictionary	fr
muraille	dictionary	fr
médiathèque	dictionary	fr
nomades	dictionary	fr
nuisible	dictionary	fr
néfastes	dictionary	fr
négociant	dictionary	fr
obscure	dictionary	fr
opportun	dictionary	fr
optimale	dictionary	fr
optiques	dictionary	fr
orthodoxes	dictionary	fr
ottoman	dictionary	fr
oublierai	dictionary	fr
ouvres	dictionary	fr
ouvrit	dictionary	fr
palmer	dictionary	fr
parlerai	dictionary	fr
perdra	dictionary	fr
photographier	dictionary	fr
prescriptions	dictionary	fr
process	dictionary	fr
productive	dictionary	fr
produira	dictionary	fr
prudents	dictionary	fr
préambule	dictionary	fr
précurseur	dictionary	fr
prévoient	dictionary	fr
publia	dictionary	fr
pulsions	dictionary	fr
punch	dictionary	fr
radiations	dictionary	fr
rappelait	dictionary	fr
rassemblements	dictionary	fr
renseigné	dictionary	fr
renée	dictionary	fr
retourna	dictionary	fr
retrouvait	dictionary	fr
ru	dictionary	fr
réclamant	dictionary	fr
rédigée	dictionary	fr
rémunéré	dictionary	fr
rénover	dictionary	fr
révisé	dictionary	fr
sachent	dictionary	fr
sacrement	dictionary	fr
sahel	dictionary	fr
sanctionné	dictionary	fr
servirait	dictionary	fr
seuils	dictionary	fr
sillage	dictionary	fr
soucie	dictionary	fr
soulagé	dictionary	fr
stands	dictionary	fr
stupéfiants	dictionary	fr
substitut	dictionary	fr
suicidaire	dictionary	fr
symbolise	dictionary	fr
séminaires	dictionary	fr
tactile	dictionary	fr
tan	dictionary	fr
tarés	dictionary	fr
teintes	dictionary	fr
terminées	dictionary	fr
toulousain	dictionary	fr
traîne	dictionary	fr
trolls	dictionary	fr
trompée	dictionary	fr
tumeurs	dictionary	fr
turquoise	dictionary	fr
ultérieure	dictionary	fr
vices	dictionary	fr
vignobles	dictionary	fr
virement	dictionary	fr
vitrines	dictionary	fr
élargie	dictionary	fr
émigration	dictionary	fr
émue	dictionary	fr
épanouissement	dictionary	fr
équivalence	dictionary	fr
évidement	dictionary	fr
évitera	dictionary	fr
abandonnent	dictionary	fr
abattoir	dictionary	fr
aboutissement	dictionary	fr
absences	dictionary	fr
acceptées	dictionary	fr
accordées	dictionary	fr
accroît	dictionary	fr
achetant	dictionary	fr
additionnel	dictionary	fr
administrer	dictionary	fr
adoptés	dictionary	fr
adressent	dictionary	fr
affectent	dictionary	fr
amère	dictionary	fr
apparent	dictionary	fr
apprit	dictionary	fr
archi	dictionary	fr
artisanale	dictionary	fr
assimilé	dictionary	fr
associatif	dictionary	fr
bieber	pending	fr
bise	dictionary	fr
bougent	dictionary	fr
bouillir	dictionary	fr
bruyant	dictionary	fr
buvez	dictionary	fr
cages	dictionary	fr
catalogues	dictionary	fr
catch	dictionary	fr
caverne	dictionary	fr
chassés	dictionary	fr
chelou	dictionary	fr
choquée	dictionary	fr
coderre	pending	fr
collectionneur	dictionary	fr
colombe	dictionary	fr
colombien	dictionary	fr
communales	dictionary	fr
concessionnaire	dictionary	fr
conditionnelle	dictionary	fr
conduira	dictionary	fr
consenti	dictionary	fr
constants	dictionary	fr
construisent	dictionary	fr
contrées	dictionary	fr
coques	dictionary	fr
coudes	dictionary	fr
cynisme	dictionary	fr
devance	dictionary	fr
différentiel	dictionary	fr
diversion	dictionary	fr
dormant	dictionary	fr
débutants	dictionary	fr
découpe	dictionary	fr
découvrant	dictionary	fr
dégagée	dictionary	fr
dégueu	dictionary	fr
délinquant	dictionary	fr
démunis	dictionary	fr
dépassée	dictionary	fr
dépendante	dictionary	fr
enfiler	dictionary	fr
entreprend	dictionary	fr
envoya	dictionary	fr
envoyait	dictionary	fr
esthétiques	dictionary	fr
exactitude	dictionary	fr
excursion	dictionary	fr
extraterrestre	dictionary	fr
fabriquées	dictionary	fr
fascistes	dictionary	fr
favorablement	dictionary	fr
forage	dictionary	fr
formateur	dictionary	fr
forçant	dictionary	fr
frappent	dictionary	fr
galette	dictionary	fr
goûte	dictionary	fr
grue	dictionary	fr
guet	dictionary	fr
guingamp	pending	fr
généralistes	dictionary	fr
horde	dictionary	fr
hypocrites	dictionary	fr
héberger	dictionary	fr
imaginais	dictionary	fr
importé	dictionary	fr
incertitudes	dictionary	fr
incontestable	dictionary	fr
indéfiniment	dictionary	fr
initier	dictionary	fr
initiés	dictionary	fr
innover	dictionary	fr
inquiètent	dictionary	fr
instauré	dictionary	fr
intempéries	dictionary	fr
invitant	dictionary	fr
jetant	dictionary	fr
jugeant	dictionary	fr
jugez	dictionary	fr
jupes	dictionary	fr
juridiquement	dictionary	fr
kadhafi	pending	fr
laisserait	dictionary	fr
librairies	dictionary	fr
limitent	dictionary	fr
lue	dictionary	fr
manteaux	dictionary	fr
mensuels	dictionary	fr
messie	dictionary	fr
minuscules	dictionary	fr
mobilise	dictionary	fr
modo	dictionary	fr
montages	dictionary	fr
montait	dictionary	fr
médiocrité	dictionary	fr
ménagères	dictionary	fr
nettoie	dictionary	fr
nudité	dictionary	fr
négation	dictionary	fr
opaque	dictionary	fr
ordure	dictionary	fr
pacha	dictionary	fr
paradigme	dictionary	fr
pardonnez	dictionary	fr
parme	dictionary	fr
partons	dictionary	fr
paré	dictionary	fr
pauses	dictionary	fr
payait	dictionary	fr
penseurs	dictionary	fr
pharmaciens	dictionary	fr
pignon	dictionary	fr
poussières	dictionary	fr
poussées	dictionary	fr
probabilités	dictionary	fr
programmer	dictionary	fr
prophètes	dictionary	fr
proprio	dictionary	fr
prêtent	dictionary	fr
purs	dictionary	fr
queens	dictionary	fr
radicalisation	dictionary	fr
rajouté	dictionary	fr
rapprochent	dictionary	fr
rareté	dictionary	fr
rasoir	dictionary	fr
rattrapé	dictionary	fr
recommandée	dictionary	fr
reculé	dictionary	fr
redescendre	dictionary	fr
remarquée	dictionary	fr
remplissage	dictionary	fr
remplissent	dictionary	fr
remèdes	dictionary	fr
respectueuse	dictionary	fr
robotique	dictionary	fr
roumaine	dictionary	fr
saines	dictionary	fr
salades	dictionary	fr
sanguins	dictionary	fr
secoue	dictionary	fr
selfie	dictionary	fr
sels	dictionary	fr
serveuse	dictionary	fr
signez	dictionary	fr
singulière	dictionary	fr
slogans	dictionary	fr
soignée	dictionary	fr
songer	dictionary	fr
string	dictionary	fr
subis	dictionary	fr
substituer	dictionary	fr
symboliques	dictionary	fr
sèvres	dictionary	fr
tata	dictionary	fr
terminaux	dictionary	fr
tireurs	dictionary	fr
tombait	dictionary	fr
torturé	dictionary	fr
transférés	dictionary	fr
tyran	dictionary	fr
tyrannie	dictionary	fr
téléchargé	dictionary	fr
télégramme	dictionary	fr
urne	dictionary	fr
vallon	dictionary	fr
valve	dictionary	fr
vendait	dictionary	fr
versements	dictionary	fr
vifs	dictionary	fr
vigilant	dictionary	fr
virée	dictionary	fr
vitamines	dictionary	fr
volontés	dictionary	fr
vétéran	dictionary	fr
watts	dictionary	fr
zèle	dictionary	fr
éclairée	dictionary	fr
écoliers	dictionary	fr
écolo	dictionary	fr
égards	dictionary	fr
égouts	dictionary	fr
émise	dictionary	fr
établissent	dictionary	fr
étonnamment	dictionary	fr
abattage	dictionary	fr
absorbé	dictionary	fr
accélérateur	dictionary	fr
affiliés	dictionary	fr
agite	dictionary	fr
aigles	dictionary	fr
allonge	dictionary	fr
angoisses	dictionary	fr
appelaient	dictionary	fr
apprenne	dictionary	fr
architectural	dictionary	fr
arméniens	dictionary	fr
arrivaient	dictionary	fr
assomption	dictionary	fr
assurait	dictionary	fr
assureurs	dictionary	fr
attirée	dictionary	fr
autographe	dictionary	fr
bailleur	dictionary	fr
barons	dictionary	fr
bit	dictionary	fr
blacks	dictionary	fr
blondes	dictionary	fr
boulots	dictionary	fr
cabines	dictionary	fr
cargaison	dictionary	fr
cassent	dictionary	fr
caviar	dictionary	fr
centime	dictionary	fr
cessation	dictionary	fr
charia	dictionary	fr
chimiste	dictionary	fr
cidre	dictionary	fr
cimetières	dictionary	fr
claviers	dictionary	fr
clim	dictionary	fr
cocher	dictionary	fr
collectionneurs	dictionary	fr
concepteur	dictionary	fr
conciliation	dictionary	fr
confidentiel	dictionary	fr
connecte	dictionary	fr
constantes	dictionary	fr
contempler	dictionary	fr
contour	dictionary	fr
corail	dictionary	fr
cornet	dictionary	fr
coupant	dictionary	fr
covoiturage	dictionary	fr
cramer	dictionary	fr
diarrhée	dictionary	fr
différends	dictionary	fr
digérer	dictionary	fr
diplomates	dictionary	fr
doublure	dictionary	fr
drop	dictionary	fr
délibéré	dictionary	fr
déprimant	dictionary	fr
détachées	dictionary	fr
emballages	dictionary	fr
emplacements	dictionary	fr
enchaînement	dictionary	fr
englobe	dictionary	fr
entourés	dictionary	fr
envol	dictionary	fr
estimés	dictionary	fr
euthanasie	dictionary	fr
exagère	dictionary	fr
faucon	dictionary	fr
fauteuils	dictionary	fr
ferroviaires	dictionary	fr
fig	dictionary	fr
fis	dictionary	fr
fitness	dictionary	fr
fosses	dictionary	fr
franchit	dictionary	fr
fumier	dictionary	fr
fusionner	dictionary	fr
gagnait	dictionary	fr
gardera	dictionary	fr
gastronomique	dictionary	fr
gore	dictionary	fr
gourmand	dictionary	fr
grenouilles	dictionary	fr
gueuler	dictionary	fr
généraliser	dictionary	fr
hivers	dictionary	fr
homologues	dictionary	fr
illimitée	dictionary	fr
immortel	dictionary	fr
impliquées	dictionary	fr
inaperçu	dictionary	fr
inculpé	dictionary	fr
indigène	dictionary	fr
indirecte	dictionary	fr
informée	dictionary	fr
innovantes	dictionary	fr
inquiété	dictionary	fr
insistant	dictionary	fr
intendant	dictionary	fr
internaute	dictionary	fr
intervalles	dictionary	fr
iraniens	dictionary	fr
lard	dictionary	fr
lepen	pending	fr
lexique	dictionary	fr
linkedin	pending	fr
livrées	dictionary	fr
logos	dictionary	fr
lèvent	dictionary	fr
mafieux	dictionary	fr
majoritaires	dictionary	fr
mandataire	dictionary	fr
manette	dictionary	fr
manuelle	dictionary	fr
marquage	dictionary	fr
merdier	dictionary	fr
modélisation	dictionary	fr
monumentale	dictionary	fr
mouais	dictionary	fr
méchanceté	dictionary	fr
méconnu	dictionary	fr
métamorphose	dictionary	fr
nostalgique	dictionary	fr
obligent	dictionary	fr
odyssée	dictionary	fr
offrira	dictionary	fr
paf	dictionary	fr
parenthèse	dictionary	fr
paternel	dictionary	fr
pathologies	dictionary	fr
paume	dictionary	fr
permettaient	dictionary	fr
persuadée	dictionary	fr
poirier	dictionary	fr
polar	dictionary	fr
portier	dictionary	fr
portland	dictionary	fr
propage	dictionary	fr
proposez	dictionary	fr
présume	dictionary	fr
pâté	dictionary	fr
pénétré	dictionary	fr
pétales	dictionary	fr
rappels	dictionary	fr
ratés	dictionary	fr
rayé	dictionary	fr
rebondir	dictionary	fr
relevée	dictionary	fr
remplacent	dictionary	fr
rentables	dictionary	fr
ricains	dictionary	fr
rouleaux	dictionary	fr
roulent	dictionary	fr
réparé	dictionary	fr
résiliation	dictionary	fr
résistent	dictionary	fr
saigne	dictionary	fr
salauds	dictionary	fr
salive	dictionary	fr
sapeurs	dictionary	fr
sauts	dictionary	fr
scandinaves	dictionary	fr
scellé	dictionary	fr
sembles	dictionary	fr
signalement	dictionary	fr
signifiait	dictionary	fr
siéger	dictionary	fr
sombrer	dictionary	fr
soumet	dictionary	fr
stimulation	dictionary	fr
subies	dictionary	fr
suffisants	dictionary	fr
suicidé	dictionary	fr
surcharge	dictionary	fr
surveillant	dictionary	fr
sympathiques	dictionary	fr
synagogue	dictionary	fr
synode	dictionary	fr
sécurisée	dictionary	fr
sûres	dictionary	fr
tempo	dictionary	fr
toxicité	dictionary	fr
trading	dictionary	fr
tristement	dictionary	fr
tsunami	dictionary	fr
téléphoner	dictionary	fr
usager	dictionary	fr
utilisaient	dictionary	fr
vielle	dictionary	fr
vikings	dictionary	fr
vulgarisation	dictionary	fr
wiki	dictionary	fr
ébullition	dictionary	fr
éducative	dictionary	fr
élaborée	dictionary	fr
éolienne	dictionary	fr
éprouvé	dictionary	fr
étendant	dictionary	fr
étonnes	dictionary	fr
absorbe	dictionary	fr
absurdité	dictionary	fr
achètes	dictionary	fr
affichant	dictionary	fr
afflux	dictionary	fr
alcoolisme	dictionary	fr
alsacien	dictionary	fr
aléas	dictionary	fr
ambre	dictionary	fr
amusante	dictionary	fr
anticipé	dictionary	fr
anticorps	dictionary	fr
appréciable	dictionary	fr
archer	dictionary	fr
ardoise	dictionary	fr
attendra	dictionary	fr
attentive	dictionary	fr
attributions	dictionary	fr
avertissements	dictionary	fr
axé	dictionary	fr
bactérie	dictionary	fr
baril	dictionary	fr
bienveillant	dictionary	fr
biscuit	dictionary	fr
cake	dictionary	fr
calcaires	dictionary	fr
capitalisation	dictionary	fr
casseroles	dictionary	fr
centriste	dictionary	fr
chaleurs	dictionary	fr
changerait	dictionary	fr
chantilly	dictionary	fr
ciblé	dictionary	fr
comportait	dictionary	fr
compétentes	dictionary	fr
confondent	dictionary	fr
contraignant	dictionary	fr
controversée	dictionary	fr
cosmos	dictionary	fr
croissants	dictionary	fr
cultivée	dictionary	fr
cultivées	dictionary	fr
demoiselles	dictionary	fr
deniers	dictionary	fr
devions	dictionary	fr
diagonale	dictionary	fr
disco	dictionary	fr
distraction	dictionary	fr
dixit	dictionary	fr
donneurs	dictionary	fr
défie	dictionary	fr
déployés	dictionary	fr
déportation	dictionary	fr
dérision	dictionary	fr
désole	dictionary	fr
déterminées	dictionary	fr
engageant	dictionary	fr
engueuler	dictionary	fr
escadron	dictionary	fr
essayais	dictionary	fr
essuie	dictionary	fr
essuyer	dictionary	fr
falaises	dictionary	fr
fictions	dictionary	fr
fonctionnalité	dictionary	fr
footballeurs	dictionary	fr
fossés	dictionary	fr
gland	dictionary	fr
gouvernementaux	dictionary	fr
gus	dictionary	fr
hallyday	pending	fr
harmonisation	dictionary	fr
humilié	dictionary	fr
hypothèque	dictionary	fr
hystérique	dictionary	fr
ibrahimovic	pending	fr
illégitime	dictionary	fr
implantée	dictionary	fr
implicite	dictionary	fr
importés	dictionary	fr
incluse	dictionary	fr
indécis	dictionary	fr
infidèle	dictionary	fr
infime	dictionary	fr
infériorité	dictionary	fr
intestin	dictionary	fr
intimement	dictionary	fr
intolérable	dictionary	fr
intro	dictionary	fr
intégrées	dictionary	fr
invincible	dictionary	fr
judas	dictionary	fr
jumeau	dictionary	fr
lepage	pending	fr
limitations	dictionary	fr
lisée	pending	fr
louper	dictionary	fr
légitimement	dictionary	fr
meetings	dictionary	fr
miam	dictionary	fr
mie	dictionary	fr
millénaires	dictionary	fr
minérale	dictionary	fr
montebourg	pending	fr
monture	dictionary	fr
mordu	dictionary	fr
motard	dictionary	fr
munis	dictionary	fr
musclé	dictionary	fr
musculaires	dictionary	fr
