# CC-BANK-PURITY F2 ledger: word<TAB>verdict<TAB>source. One line per bank row, bank order.
# verdicts: dictionary | exception (signed) | pending (auditor sheet). No new row may ever enter as pending.
#tier	easy	0xFEBA4D3C4A47E841
#tier	medium	0xF7330FB3EA4961BF
#tier	hard	0x5CF57D87B10C89B4
#tier	expert	0x4FB1850231205A67
あお	dictionary	JMdict_e
あげる	dictionary	JMdict_e
あさ	dictionary	JMdict_e
あたま	dictionary	JMdict_e
あな	dictionary	JMdict_e
あね	dictionary	JMdict_e
ありがとう	dictionary	JMdict_e
いいん	dictionary	JMdict_e
いえ	dictionary	JMdict_e
いこう	dictionary	JMdict_e
いじ	dictionary	JMdict_e
いじょう	dictionary	JMdict_e
いたし	pending	JMdict_e
いちば	dictionary	JMdict_e
いつも	dictionary	JMdict_e
いどう	dictionary	JMdict_e
いま	dictionary	JMdict_e
いら	dictionary	JMdict_e
うしろ	dictionary	JMdict_e
えいが	dictionary	JMdict_e
おかね	dictionary	JMdict_e
おたがい	dictionary	JMdict_e
おっぱい	dictionary	JMdict_e
おとこ	dictionary	JMdict_e
おはなし	dictionary	JMdict_e
おめでとう	dictionary	JMdict_e
おもて	dictionary	JMdict_e
おれ	dictionary	JMdict_e
おんがく	dictionary	JMdict_e
おんなのこ	dictionary	JMdict_e
かいじょう	dictionary	JMdict_e
かいせつ	dictionary	JMdict_e
かいふく	dictionary	JMdict_e
かくじつ	dictionary	JMdict_e
かしら	dictionary	JMdict_e
かず	dictionary	JMdict_e
かぞく	dictionary	JMdict_e
かてい	dictionary	JMdict_e
かべ	dictionary	JMdict_e
からだ	dictionary	JMdict_e
かんこく	dictionary	JMdict_e
かんじゃ	dictionary	JMdict_e
かんせい	dictionary	JMdict_e
がくせい	dictionary	JMdict_e
がっこう	dictionary	JMdict_e
きかい	dictionary	JMdict_e
きかく	dictionary	JMdict_e
きかん	dictionary	JMdict_e
きじゅん	dictionary	JMdict_e
きた	dictionary	JMdict_e
きぼ	dictionary	JMdict_e
きぼう	dictionary	JMdict_e
きもち	dictionary	JMdict_e
きょうじゅ	dictionary	JMdict_e
きょり	dictionary	JMdict_e
ぎょうかい	dictionary	JMdict_e
ぎょうむ	dictionary	JMdict_e
ぎんこう	dictionary	JMdict_e
くび	dictionary	JMdict_e
くらい	dictionary	JMdict_e
けいさつ	dictionary	JMdict_e
けもの	dictionary	JMdict_e
けんさ	dictionary	JMdict_e
けんり	dictionary	JMdict_e
こいつ	dictionary	JMdict_e
こうい	dictionary	JMdict_e
こうか	dictionary	JMdict_e
こうかい	dictionary	JMdict_e
こうじょう	dictionary	JMdict_e
こうぞう	dictionary	JMdict_e
こうつう	dictionary	JMdict_e
こくさい	dictionary	JMdict_e
ここ	dictionary	JMdict_e
こっか	dictionary	JMdict_e
こんなに	dictionary	JMdict_e
こんにちは	dictionary	JMdict_e
ごう	dictionary	JMdict_e
ごご	dictionary	JMdict_e
ごめんなさい	dictionary	JMdict_e
さいしん	dictionary	JMdict_e
さいせい	dictionary	JMdict_e
さっき	dictionary	JMdict_e
さつじん	dictionary	JMdict_e
さて	dictionary	JMdict_e
さむらい	dictionary	JMdict_e
さん	dictionary	JMdict_e
さんか	dictionary	JMdict_e
しけん	dictionary	JMdict_e
しごと	dictionary	JMdict_e
しぜん	dictionary	JMdict_e
しつ	dictionary	JMdict_e
しはい	dictionary	JMdict_e
しゃしん	dictionary	JMdict_e
しゅ	dictionary	JMdict_e
しゅうへん	dictionary	JMdict_e
しゅうりょう	dictionary	JMdict_e
しゅじんこう	dictionary	JMdict_e
しゅとく	dictionary	JMdict_e
しょう	dictionary	JMdict_e
しょうがい	dictionary	JMdict_e
しよう	dictionary	JMdict_e
しろ	dictionary	JMdict_e
しんたい	dictionary	JMdict_e
しんらい	dictionary	JMdict_e
じかん	dictionary	JMdict_e
じしん	dictionary	JMdict_e
じょ	dictionary	JMdict_e
じょう	dictionary	JMdict_e
じょうきょう	dictionary	JMdict_e
すごい	dictionary	JMdict_e
せいかく	dictionary	JMdict_e
せいさく	dictionary	JMdict_e
せいど	dictionary	JMdict_e
せいひん	dictionary	JMdict_e
せかい	dictionary	JMdict_e
せだい	dictionary	JMdict_e
せっけい	dictionary	JMdict_e
せん	dictionary	JMdict_e
せんきょ	dictionary	JMdict_e
せんそう	dictionary	JMdict_e
せんとう	dictionary	JMdict_e
ぜひ	dictionary	JMdict_e
そうごう	dictionary	JMdict_e
そうさ	dictionary	JMdict_e
そうだん	dictionary	JMdict_e
そこ	dictionary	JMdict_e
そりゃ	dictionary	JMdict_e
そろそろ	dictionary	JMdict_e
たいさく	dictionary	JMdict_e
たいしょう	dictionary	JMdict_e
たいじん	dictionary	JMdict_e
たてもの	dictionary	JMdict_e
たな	dictionary	JMdict_e
たにん	dictionary	JMdict_e
たましい	dictionary	JMdict_e
だん	dictionary	JMdict_e
だんかい	dictionary	JMdict_e
ちから	dictionary	JMdict_e
ちきゅう	dictionary	JMdict_e
ちしき	dictionary	JMdict_e
ちち	dictionary	JMdict_e
ちゅう	dictionary	JMdict_e
ちゅうい	dictionary	JMdict_e
ちゅうおう	dictionary	JMdict_e
ちょうせん	dictionary	JMdict_e
っと	pending	JMdict_e
つるぎ	dictionary	JMdict_e
ていあん	dictionary	JMdict_e
ていき	dictionary	JMdict_e
てん	dictionary	JMdict_e
でんき	dictionary	JMdict_e
でんしゃ	dictionary	JMdict_e
とし	dictionary	JMdict_e
とりあえず	dictionary	JMdict_e
とる	dictionary	JMdict_e
どうし	dictionary	JMdict_e
どうじに	dictionary	JMdict_e
どうぶつ	dictionary	JMdict_e
どりょく	dictionary	JMdict_e
なか	dictionary	JMdict_e
なま	dictionary	JMdict_e
なまえ	dictionary	JMdict_e
なるほど	dictionary	JMdict_e
なんで	dictionary	JMdict_e
にし	dictionary	JMdict_e
にん	dictionary	JMdict_e
にんき	dictionary	JMdict_e
ねんだい	dictionary	JMdict_e
はい	dictionary	JMdict_e
はち	dictionary	JMdict_e
はつげん	dictionary	JMdict_e
はは	dictionary	JMdict_e
はんぶん	dictionary	JMdict_e
ばくはつ	dictionary	JMdict_e
ひつよう	dictionary	JMdict_e
ひとびと	dictionary	JMdict_e
ひはん	dictionary	JMdict_e
びょういん	dictionary	JMdict_e
びょうき	dictionary	JMdict_e
ふくしま	dictionary	JMdict_e
ふね	dictionary	JMdict_e
ふんいき	dictionary	JMdict_e
ぶんか	dictionary	JMdict_e
へいきん	dictionary	JMdict_e
へいわ	dictionary	JMdict_e
べい	dictionary	JMdict_e
ほうそう	dictionary	JMdict_e
ほうりつ	dictionary	JMdict_e
ほけん	dictionary	JMdict_e
ほしい	dictionary	JMdict_e
ほぞん	dictionary	JMdict_e
ぼしゅう	dictionary	JMdict_e
まん	dictionary	JMdict_e
みず	dictionary	JMdict_e
みみ	dictionary	JMdict_e
みる	dictionary	JMdict_e
もくひょう	dictionary	JMdict_e
やん	dictionary	JMdict_e
ゆいいつ	dictionary	JMdict_e
ゆうしょう	dictionary	JMdict_e
ゆび	dictionary	JMdict_e
よい	dictionary	JMdict_e
ようそ	dictionary	JMdict_e
よく	dictionary	JMdict_e
よゆう	dictionary	JMdict_e
よる	dictionary	JMdict_e
よろしく	dictionary	JMdict_e
りょこう	dictionary	JMdict_e
れんあい	dictionary	JMdict_e
あい	dictionary	JMdict_e
あいつ	dictionary	JMdict_e
あいぼう	dictionary	JMdict_e
あいよう	dictionary	JMdict_e
あおやま	dictionary	JMdict_e
あか	dictionary	JMdict_e
あかちゃん	dictionary	JMdict_e
あくしつ	dictionary	JMdict_e
あげよ	pending	JMdict_e
あしもと	dictionary	JMdict_e
あそこ	dictionary	JMdict_e
あにき	dictionary	JMdict_e
あらわれる	dictionary	JMdict_e
ありがたい	dictionary	JMdict_e
あんこく	dictionary	JMdict_e
あんごう	dictionary	JMdict_e
あんた	dictionary	JMdict_e
あんな	dictionary	JMdict_e
あんない	dictionary	JMdict_e
あんなに	dictionary	JMdict_e
あんま	dictionary	JMdict_e
あんまり	dictionary	JMdict_e
いあん	dictionary	JMdict_e
いいえ	dictionary	JMdict_e
いきかた	dictionary	JMdict_e
いぎ	dictionary	JMdict_e
いける	dictionary	JMdict_e
いし	dictionary	JMdict_e
いしょく	dictionary	JMdict_e
いしん	dictionary	JMdict_e
いせい	dictionary	JMdict_e
いせき	dictionary	JMdict_e
いた	dictionary	JMdict_e
いただく	dictionary	JMdict_e
いただける	dictionary	JMdict_e
いち	dictionary	JMdict_e
いちいち	dictionary	JMdict_e
いちいん	dictionary	JMdict_e
いちらん	dictionary	JMdict_e
いちれん	dictionary	JMdict_e
いっしゅ	dictionary	JMdict_e
いっしょ	dictionary	JMdict_e
いっしょうけんめい	dictionary	JMdict_e
いったい	dictionary	JMdict_e
いっぱんじん	dictionary	JMdict_e
いない	dictionary	JMdict_e
いまごろ	dictionary	JMdict_e
いみん	dictionary	JMdict_e
いよ	dictionary	JMdict_e
いらっしゃい	dictionary	JMdict_e
いりぐち	dictionary	JMdict_e
いろ	dictionary	JMdict_e
いわ	dictionary	JMdict_e
いんしょく	dictionary	JMdict_e
いんぼう	dictionary	JMdict_e
いんよう	dictionary	JMdict_e
いんりょう	dictionary	JMdict_e
うう	dictionary	JMdict_e
うけいれる	dictionary	JMdict_e
うしなう	dictionary	JMdict_e
うた	dictionary	JMdict_e
うちがわ	dictionary	JMdict_e
うで	dictionary	JMdict_e
うま	dictionary	JMdict_e
うまい	dictionary	JMdict_e
うりあげ	dictionary	JMdict_e
うる	dictionary	JMdict_e
うんこ	dictionary	JMdict_e
えきたい	dictionary	JMdict_e
えし	dictionary	JMdict_e
えだ	dictionary	JMdict_e
えつらん	dictionary	JMdict_e
えほん	dictionary	JMdict_e
えんき	dictionary	JMdict_e
えんじょう	dictionary	JMdict_e
えんじる	dictionary	JMdict_e
えんせい	dictionary	JMdict_e
えんぜつ	dictionary	JMdict_e
えんそう	dictionary	JMdict_e
えんりょ	dictionary	JMdict_e
おいおい	dictionary	JMdict_e
おいし	pending	JMdict_e
おいしい	dictionary	JMdict_e
おう	dictionary	JMdict_e
おうごん	dictionary	JMdict_e
おうさま	dictionary	JMdict_e
おうふく	dictionary	JMdict_e
おうべい	dictionary	JMdict_e
おおかみ	dictionary	JMdict_e
おおしま	dictionary	JMdict_e
おおぜい	dictionary	JMdict_e
おおの	dictionary	JMdict_e
おおみや	dictionary	JMdict_e
おか	dictionary	JMdict_e
おくさま	dictionary	JMdict_e
おくりもの	dictionary	JMdict_e
おことわり	dictionary	JMdict_e
おしゃれ	dictionary	JMdict_e
おじいちゃん	dictionary	JMdict_e
おすすめ	dictionary	JMdict_e
おそれ	dictionary	JMdict_e
おち	dictionary	JMdict_e
おちゃ	dictionary	JMdict_e
おっさん	dictionary	JMdict_e
おつかれさま	dictionary	JMdict_e
おとこのこ	dictionary	JMdict_e
おに	dictionary	JMdict_e
おひる	dictionary	JMdict_e
おもしろい	dictionary	JMdict_e
おれい	dictionary	JMdict_e
おわらい	dictionary	JMdict_e
おんげん	dictionary	JMdict_e
おんせん	dictionary	JMdict_e
かいいん	dictionary	JMdict_e
かいきゅう	dictionary	JMdict_e
かいぐん	dictionary	JMdict_e
かいこ	dictionary	JMdict_e
かいせん	dictionary	JMdict_e
かいぜん	dictionary	JMdict_e
かいたい	dictionary	JMdict_e
かいだん	dictionary	JMdict_e
かいとう	dictionary	JMdict_e
かいりょう	dictionary	JMdict_e
かいろ	dictionary	JMdict_e
かく	dictionary	JMdict_e
かくしん	dictionary	JMdict_e
かくだい	dictionary	JMdict_e
かくてい	dictionary	JMdict_e
かくとう	dictionary	JMdict_e
かくほ	dictionary	JMdict_e
かくりつ	dictionary	JMdict_e
かさい	dictionary	JMdict_e
かしゅ	dictionary	JMdict_e
かじょう	dictionary	JMdict_e
かずかず	dictionary	JMdict_e
かそう	dictionary	JMdict_e
かそく	dictionary	JMdict_e
かたほう	dictionary	JMdict_e
かっこいい	dictionary	JMdict_e
かっこく	dictionary	JMdict_e
かっぱつ	dictionary	JMdict_e
かどう	dictionary	JMdict_e
かなざわ	dictionary	JMdict_e
かふん	dictionary	JMdict_e
かぶか	dictionary	JMdict_e
かぶと	dictionary	JMdict_e
かぶぬし	dictionary	JMdict_e
かみがた	dictionary	JMdict_e
かめい	dictionary	JMdict_e
かようび	dictionary	JMdict_e
かりょく	dictionary	JMdict_e
かわい	dictionary	JMdict_e
かわいそう	dictionary	JMdict_e
かんきゃく	dictionary	JMdict_e
かんけつ	dictionary	JMdict_e
かんげい	dictionary	JMdict_e
かんさい	dictionary	JMdict_e
かんしょう	dictionary	JMdict_e
かんしん	dictionary	JMdict_e
かんそう	dictionary	JMdict_e
かんてん	dictionary	JMdict_e
かんゆう	dictionary	JMdict_e
かんりょう	dictionary	JMdict_e
かんわ	dictionary	JMdict_e
がいとう	dictionary	JMdict_e
がいよう	dictionary	JMdict_e
がくえん	dictionary	JMdict_e
がくぶ	dictionary	JMdict_e
がったい	dictionary	JMdict_e
がんぼう	dictionary	JMdict_e
きげん	dictionary	JMdict_e
きこく	dictionary	JMdict_e
きしゅ	dictionary	JMdict_e
きず	dictionary	JMdict_e
きせい	dictionary	JMdict_e
きせき	dictionary	JMdict_e
きそ	dictionary	JMdict_e
きぞく	dictionary	JMdict_e
きたえ	dictionary	JMdict_e
きちょう	dictionary	JMdict_e
きつえん	dictionary	JMdict_e
きどう	dictionary	JMdict_e
きみ	dictionary	JMdict_e
きみょう	dictionary	JMdict_e
きもちいい	dictionary	JMdict_e
きゃくほん	dictionary	JMdict_e
きゅうか	dictionary	JMdict_e
きゅうしゅつ	dictionary	JMdict_e
きゅうじょう	dictionary	JMdict_e
きゅうよ	dictionary	JMdict_e
きょう	dictionary	JMdict_e
きょういん	dictionary	JMdict_e
きょうえん	dictionary	JMdict_e
きょうか	dictionary	JMdict_e
きょうかい	dictionary	JMdict_e
きょうかん	dictionary	JMdict_e
きょうき	dictionary	JMdict_e
きょうさん	dictionary	JMdict_e
きょうだい	dictionary	JMdict_e
きょうちょう	dictionary	JMdict_e
きょうてい	dictionary	JMdict_e
きょうみぶかい	dictionary	JMdict_e
きょうれつ	dictionary	JMdict_e
きょか	dictionary	JMdict_e
きょくたん	dictionary	JMdict_e
きょくちょう	dictionary	JMdict_e
きょじゅう	dictionary	JMdict_e
きょだい	dictionary	JMdict_e
きん	dictionary	JMdict_e
きんきゅう	dictionary	JMdict_e
きんじょ	dictionary	JMdict_e
きんぞく	dictionary	JMdict_e
きんだい	dictionary	JMdict_e
ぎしき	dictionary	JMdict_e
ぎゃくさつ	dictionary	JMdict_e
ぎゃくたい	dictionary	JMdict_e
ぎょう	dictionary	JMdict_e
ぎょうじ	dictionary	JMdict_e
ぎょうせき	dictionary	JMdict_e
ぎんが	dictionary	JMdict_e
くいき	dictionary	JMdict_e
くうかん	dictionary	JMdict_e
くうき	dictionary	JMdict_e
くうこう	dictionary	JMdict_e
くつう	dictionary	JMdict_e
くふう	dictionary	JMdict_e
くま	dictionary	JMdict_e
くろかみ	dictionary	JMdict_e
くんれん	dictionary	JMdict_e
ぐんじん	dictionary	JMdict_e
けいげん	dictionary	JMdict_e
けいこう	dictionary	JMdict_e
けいこく	dictionary	JMdict_e
けいさつかん	dictionary	JMdict_e
けいさん	dictionary	JMdict_e
けいじ	dictionary	JMdict_e
けいほう	dictionary	JMdict_e
けいむしょ	dictionary	JMdict_e
けいれき	dictionary	JMdict_e
けいれつ	dictionary	JMdict_e
けっせい	dictionary	JMdict_e
けつい	dictionary	JMdict_e
けつだん	dictionary	JMdict_e
けねん	dictionary	JMdict_e
けんがく	dictionary	JMdict_e
けんしゅつ	dictionary	JMdict_e
けんしょう	dictionary	JMdict_e
けんぜん	dictionary	JMdict_e
けんとう	dictionary	JMdict_e
けんない	dictionary	JMdict_e
けんみん	dictionary	JMdict_e
げい	dictionary	JMdict_e
げいじゅつ	dictionary	JMdict_e
げつまつ	dictionary	JMdict_e
げんかん	dictionary	JMdict_e
げんきゅう	dictionary	JMdict_e
げんこう	dictionary	JMdict_e
げんご	dictionary	JMdict_e
げんさく	dictionary	JMdict_e
げんし	dictionary	JMdict_e
げんしりょく	dictionary	JMdict_e
げんそう	dictionary	JMdict_e
げんそく	dictionary	JMdict_e
げんり	dictionary	JMdict_e
こいびと	dictionary	JMdict_e
こうがく	dictionary	JMdict_e
こうきょう	dictionary	JMdict_e
こうぎょう	dictionary	JMdict_e
こうけい	dictionary	JMdict_e
こうさい	dictionary	JMdict_e
こうさつ	dictionary	JMdict_e
こうし	dictionary	JMdict_e
こうしえん	dictionary	JMdict_e
こうしゃ	dictionary	JMdict_e
こうしょう	dictionary	JMdict_e
こうそ	dictionary	JMdict_e
こうそう	dictionary	JMdict_e
こうちゃ	dictionary	JMdict_e
こうちょう	dictionary	JMdict_e
こうてい	dictionary	JMdict_e
こうにん	dictionary	JMdict_e
こうはい	dictionary	JMdict_e
こうふ	dictionary	JMdict_e
こうふん	dictionary	JMdict_e
こうほ	dictionary	JMdict_e
こうほう	dictionary	JMdict_e
こうむいん	dictionary	JMdict_e
こきょう	dictionary	JMdict_e
こくおう	dictionary	JMdict_e
こくさん	dictionary	JMdict_e
こくせき	dictionary	JMdict_e
こくど	dictionary	JMdict_e
こくはつ	dictionary	JMdict_e
こくれん	dictionary	JMdict_e
こころ	dictionary	JMdict_e
こしつ	dictionary	JMdict_e
こそだて	dictionary	JMdict_e
こたい	dictionary	JMdict_e
こつ	dictionary	JMdict_e
こてい	dictionary	JMdict_e
こてん	dictionary	JMdict_e
こども	dictionary	JMdict_e
こな	dictionary	JMdict_e
こないだ	dictionary	JMdict_e
こや	dictionary	JMdict_e
こわい	dictionary	JMdict_e
こんばんは	dictionary	JMdict_e
こんぽん	dictionary	JMdict_e
こんやく	dictionary	JMdict_e
ごうどう	dictionary	JMdict_e
ごうり	dictionary	JMdict_e
ごうりゅう	dictionary	JMdict_e
ごえい	dictionary	JMdict_e
ごじつ	dictionary	JMdict_e
ごぞんじ	dictionary	JMdict_e
さいあく	dictionary	JMdict_e
さいかい	dictionary	JMdict_e
さいきょう	dictionary	JMdict_e
さいちゅう	dictionary	JMdict_e
さいてい	dictionary	JMdict_e
さいど	dictionary	JMdict_e
さいばい	dictionary	JMdict_e
さいばん	dictionary	JMdict_e
さいぼう	dictionary	JMdict_e
さぎ	dictionary	JMdict_e
さくが	dictionary	JMdict_e
さくげん	dictionary	JMdict_e
さくせい	dictionary	JMdict_e
さち	dictionary	JMdict_e
さっぱり	dictionary	JMdict_e
さつ	dictionary	JMdict_e
さら	dictionary	JMdict_e
さんぎょう	dictionary	JMdict_e
さんにゅう	dictionary	JMdict_e
ざいこ	dictionary	JMdict_e
ざいじゅう	dictionary	JMdict_e
ざいせき	dictionary	JMdict_e
ざいにち	dictionary	JMdict_e
ざせき	dictionary	JMdict_e
ざつだん	dictionary	JMdict_e
しかしながら	dictionary	JMdict_e
しが	dictionary	JMdict_e
しきち	dictionary	JMdict_e
しこく	dictionary	JMdict_e
しじ	dictionary	JMdict_e
したて	dictionary	JMdict_e
しち	dictionary	JMdict_e
しっかん	dictionary	JMdict_e
してん	dictionary	JMdict_e
しに	dictionary	JMdict_e
しばい	dictionary	JMdict_e
しぶや	dictionary	JMdict_e
しぼう	dictionary	JMdict_e
しま	dictionary	JMdict_e
しまえ	pending	JMdict_e
しまね	dictionary	JMdict_e
しめい	dictionary	JMdict_e
しゃいん	dictionary	JMdict_e
しゃげき	dictionary	JMdict_e
しゃせい	dictionary	JMdict_e
しゃない	dictionary	JMdict_e
しゅうかく	dictionary	JMdict_e
しゅうきょう	dictionary	JMdict_e
しゅうせい	dictionary	JMdict_e
しゅうだん	dictionary	JMdict_e
しゅうちゅう	dictionary	JMdict_e
しゅうにゅう	dictionary	JMdict_e
しゅうにん	dictionary	JMdict_e
しゅうふく	dictionary	JMdict_e
しゅうまつ	dictionary	JMdict_e
しゅうよう	dictionary	JMdict_e
しゅうろく	dictionary	JMdict_e
しゅくじつ	dictionary	JMdict_e
しゅくはく	dictionary	JMdict_e
しゅたい	dictionary	JMdict_e
しゅだいか	dictionary	JMdict_e
しゅだん	dictionary	JMdict_e
しゅっか	dictionary	JMdict_e
しゅっしん	dictionary	JMdict_e
しゅっちょう	dictionary	JMdict_e
しゅってん	dictionary	JMdict_e
しゅっぴん	dictionary	JMdict_e
しゅどう	dictionary	JMdict_e
しゅふ	dictionary	JMdict_e
しゅやく	dictionary	JMdict_e
しゅりゅう	dictionary	JMdict_e
しょうか	dictionary	JMdict_e
しょうが	dictionary	JMdict_e
しょうがっこう	dictionary	JMdict_e
しょうきん	dictionary	JMdict_e
しょうぎ	dictionary	JMdict_e
しょうけん	dictionary	JMdict_e
しょうこ	dictionary	JMdict_e
しょうじる	dictionary	JMdict_e
しょうすう	dictionary	JMdict_e
しょうち	dictionary	JMdict_e
しょうてん	dictionary	JMdict_e
しょうばい	dictionary	JMdict_e
しょうぼう	dictionary	JMdict_e
しょうめい	dictionary	JMdict_e
しょうわ	dictionary	JMdict_e
しょき	dictionary	JMdict_e
しょくどう	dictionary	JMdict_e
しょくば	dictionary	JMdict_e
しょくぶつ	dictionary	JMdict_e
しょくむ	dictionary	JMdict_e
しょくりょう	dictionary	JMdict_e
しょけい	dictionary	JMdict_e
しょじょ	dictionary	JMdict_e
しょち	dictionary	JMdict_e
しょにち	dictionary	JMdict_e
しょぶん	dictionary	JMdict_e
しょめい	dictionary	JMdict_e
しょゆう	dictionary	JMdict_e
しりょう	dictionary	JMdict_e
しろいし	dictionary	JMdict_e
しんか	dictionary	JMdict_e
しんがた	dictionary	JMdict_e
しんぎ	dictionary	JMdict_e
しんごう	dictionary	JMdict_e
しんさい	dictionary	JMdict_e
しんさく	dictionary	JMdict_e
しんじゃ	dictionary	JMdict_e
しんせい	dictionary	JMdict_e
しんせき	dictionary	JMdict_e
しんせつ	dictionary	JMdict_e
しんそう	dictionary	JMdict_e
しんちゃく	dictionary	JMdict_e
しんにゅう	dictionary	JMdict_e
しんぷ	dictionary	JMdict_e
しんや	dictionary	JMdict_e
しんよう	dictionary	JMdict_e
しんりゃく	dictionary	JMdict_e
しんりょう	dictionary	JMdict_e
じきゅう	dictionary	JMdict_e
じこく	dictionary	JMdict_e
じごく	dictionary	JMdict_e
じさく	dictionary	JMdict_e
じさつ	dictionary	JMdict_e
じしゅ	dictionary	JMdict_e
じしょう	dictionary	JMdict_e
じぜん	dictionary	JMdict_e
じっくり	dictionary	JMdict_e
じっしゃ	dictionary	JMdict_e
じっしゅう	dictionary	JMdict_e
じったい	dictionary	JMdict_e
じつげん	dictionary	JMdict_e
じつざい	dictionary	JMdict_e
じてんしゃ	dictionary	JMdict_e
じどうしゃ	dictionary	JMdict_e
じにん	dictionary	JMdict_e
じまく	dictionary	JMdict_e
じめん	dictionary	JMdict_e
じゅうだい	dictionary	JMdict_e
じゅうにん	dictionary	JMdict_e
じゅうみん	dictionary	JMdict_e
じゅうりょく	dictionary	JMdict_e
じゅぎょう	dictionary	JMdict_e
じゅみょう	dictionary	JMdict_e
じゅんかん	dictionary	JMdict_e
じゅんちょう	dictionary	JMdict_e
じゅんばん	dictionary	JMdict_e
じょうき	dictionary	JMdict_e
じょうきゃく	dictionary	JMdict_e
じょうげん	dictionary	JMdict_e
じょうしゃ	dictionary	JMdict_e
じょうじょう	dictionary	JMdict_e
じょうねつ	dictionary	JMdict_e
じょうやく	dictionary	JMdict_e
じょうりく	dictionary	JMdict_e
じょおう	dictionary	JMdict_e
じょしだい	dictionary	JMdict_e
じょしゅ	dictionary	JMdict_e
じょゆう	dictionary	JMdict_e
じんかく	dictionary	JMdict_e
じんしゅ	dictionary	JMdict_e
じんるい	dictionary	JMdict_e
すいしょう	dictionary	JMdict_e
すいじゅん	dictionary	JMdict_e
すいそ	dictionary	JMdict_e
すいてい	dictionary	JMdict_e
すいどう	dictionary	JMdict_e
すいぶん	dictionary	JMdict_e
すいません	dictionary	JMdict_e
すいようび	dictionary	JMdict_e
すうち	dictionary	JMdict_e
すか	dictionary	JMdict_e
すき	dictionary	JMdict_e
すげ	dictionary	JMdict_e
すな	dictionary	JMdict_e
すばらしい	dictionary	JMdict_e
すま	dictionary	JMdict_e
すみません	dictionary	JMdict_e
すん	dictionary	JMdict_e
すんぜん	dictionary	JMdict_e
ずいぶん	dictionary	JMdict_e
ずつう	dictionary	JMdict_e
せいかい	dictionary	JMdict_e
せいき	dictionary	JMdict_e
せいけい	dictionary	JMdict_e
せいけん	dictionary	JMdict_e
せいしつ	dictionary	JMdict_e
せいしゃいん	dictionary	JMdict_e
せいじん	dictionary	JMdict_e
せいぞう	dictionary	JMdict_e
せいてき	dictionary	JMdict_e
せいとう	dictionary	JMdict_e
せいねん	dictionary	JMdict_e
せいべつ	dictionary	JMdict_e
せいめい	dictionary	JMdict_e
せいよう	dictionary	JMdict_e
せいり	dictionary	JMdict_e
せいりょく	dictionary	JMdict_e
せかいいち	dictionary	JMdict_e
せきゆ	dictionary	JMdict_e
せたい	dictionary	JMdict_e
せつぞく	dictionary	JMdict_e
せつだん	dictionary	JMdict_e
せつやく	dictionary	JMdict_e
せろ	dictionary	JMdict_e
せんげつ	dictionary	JMdict_e
せんごく	dictionary	JMdict_e
せんざい	dictionary	JMdict_e
せんしゅけん	dictionary	JMdict_e
せんしん	dictionary	JMdict_e
せんじゅつ	dictionary	JMdict_e
せんすい	dictionary	JMdict_e
せんぜん	dictionary	JMdict_e
せんぱい	dictionary	JMdict_e
ぜい	dictionary	JMdict_e
ぜいきん	dictionary	JMdict_e
ぜっさん	dictionary	JMdict_e
ぜつめつ	dictionary	JMdict_e
ぜんかい	dictionary	JMdict_e
ぜんぜん	dictionary	JMdict_e
ぜんねん	dictionary	JMdict_e
ぜんぱん	dictionary	JMdict_e
ぜんら	dictionary	JMdict_e
そういった	dictionary	JMdict_e
そうぎ	dictionary	JMdict_e
そうぐう	dictionary	JMdict_e
そうこう	dictionary	JMdict_e
そうさく	dictionary	JMdict_e
そうしつ	dictionary	JMdict_e
そうじ	dictionary	JMdict_e
そうじゅう	dictionary	JMdict_e
そうぞく	dictionary	JMdict_e
そうちゃく	dictionary	JMdict_e
そうですね	dictionary	JMdict_e
そうほう	dictionary	JMdict_e
そうむ	dictionary	JMdict_e
そくしん	dictionary	JMdict_e
そくめん	dictionary	JMdict_e
そこら	dictionary	JMdict_e
そっち	dictionary	JMdict_e
そとがわ	dictionary	JMdict_e
そのかん	dictionary	JMdict_e
そふ	dictionary	JMdict_e
そぼ	dictionary	JMdict_e
そら	dictionary	JMdict_e
それにしても	dictionary	JMdict_e
そんしつ	dictionary	JMdict_e
そんしょう	dictionary	JMdict_e
そんちょう	dictionary	JMdict_e
ぞく	dictionary	JMdict_e
ぞくへん	dictionary	JMdict_e
たいいん	dictionary	JMdict_e
たいきゅう	dictionary	JMdict_e
たいけい	dictionary	JMdict_e
たいけつ	dictionary	JMdict_e
たいしかん	dictionary	JMdict_e
たいしつ	dictionary	JMdict_e
たいしゅう	dictionary	JMdict_e
たいせい	dictionary	JMdict_e
たいちょう	dictionary	JMdict_e
たいない	dictionary	JMdict_e
たいりく	dictionary	JMdict_e
たがいに	dictionary	JMdict_e
たしかに	dictionary	JMdict_e
ただいま	dictionary	JMdict_e
たちば	dictionary	JMdict_e
たっせい	dictionary	JMdict_e
たべもの	dictionary	JMdict_e
たまご	dictionary	JMdict_e
たよう	dictionary	JMdict_e
たれ	dictionary	JMdict_e
たろう	dictionary	JMdict_e
たんき	dictionary	JMdict_e
たんさん	dictionary	JMdict_e
だいがくいん	dictionary	JMdict_e
だいたい	dictionary	JMdict_e
だいたん	dictionary	JMdict_e
だいち	dictionary	JMdict_e
だつ	dictionary	JMdict_e
だの	dictionary	JMdict_e
だんじょ	dictionary	JMdict_e
だんだん	dictionary	JMdict_e
ちえ	dictionary	JMdict_e
ちがう	dictionary	JMdict_e
ちこく	dictionary	JMdict_e
ちず	dictionary	JMdict_e
ちたい	dictionary	JMdict_e
ちちおや	dictionary	JMdict_e
ちてん	dictionary	JMdict_e
ちのう	dictionary	JMdict_e
ちば	dictionary	JMdict_e
ちまう	dictionary	JMdict_e
ちゅうごくじん	dictionary	JMdict_e
ちゅうしゃ	dictionary	JMdict_e
ちゅうしょう	dictionary	JMdict_e
ちゅうせい	dictionary	JMdict_e
ちゅうにち	dictionary	JMdict_e
ちゅうもく	dictionary	JMdict_e
ちょ	dictionary	JMdict_e
ちょうきょう	dictionary	JMdict_e
ちょうしょく	dictionary	JMdict_e
ちょうじかん	dictionary	JMdict_e
ちょうたつ	dictionary	JMdict_e
ちょうなん	dictionary	JMdict_e
ちょうり	dictionary	JMdict_e
ちょきん	dictionary	JMdict_e
ちょしゃ	dictionary	JMdict_e
ちんぎん	dictionary	JMdict_e
ちんちん	dictionary	JMdict_e
っぱなし	dictionary	JMdict_e
ついきゅう	dictionary	JMdict_e
ついせき	dictionary	JMdict_e
ついほう	dictionary	JMdict_e
ついらく	dictionary	JMdict_e
つうがく	dictionary	JMdict_e
つうわ	dictionary	JMdict_e
つき	dictionary	JMdict_e
つくえ	dictionary	JMdict_e
つくる	dictionary	JMdict_e
つぼ	dictionary	JMdict_e
つまらない	dictionary	JMdict_e
つらい	dictionary	JMdict_e
つれ	dictionary	JMdict_e
ていけい	dictionary	JMdict_e
ていちゃく	dictionary	JMdict_e
ていとく	dictionary	JMdict_e
ていばん	dictionary	JMdict_e
てがみ	dictionary	JMdict_e
てじゅん	dictionary	JMdict_e
てすうりょう	dictionary	JMdict_e
てっていてき	dictionary	JMdict_e
てつづき	dictionary	JMdict_e
てまえ	dictionary	JMdict_e
てもと	dictionary	JMdict_e
てれ	dictionary	JMdict_e
てんけい	dictionary	JMdict_e
てんさい	dictionary	JMdict_e
てんしょく	dictionary	JMdict_e
てんちょう	dictionary	JMdict_e
てんばい	dictionary	JMdict_e
でかい	dictionary	JMdict_e
できるだけ	dictionary	JMdict_e
でぐち	dictionary	JMdict_e
でばん	dictionary	JMdict_e
でんせつ	dictionary	JMdict_e
でんとう	dictionary	JMdict_e
でんどう	dictionary	JMdict_e
とい	dictionary	JMdict_e
とうがい	dictionary	JMdict_e
とうきょく	dictionary	JMdict_e
とうけつ	dictionary	JMdict_e
とうさい	dictionary	JMdict_e
とうし	dictionary	JMdict_e
とうしば	dictionary	JMdict_e
とうしゅ	dictionary	JMdict_e
とうだい	dictionary	JMdict_e
とうち	dictionary	JMdict_e
とうちゃく	dictionary	JMdict_e
とうにゅう	dictionary	JMdict_e
とうふ	dictionary	JMdict_e
とうほう	dictionary	JMdict_e
とうぼう	dictionary	JMdict_e
とかい	dictionary	JMdict_e
とくしま	dictionary	JMdict_e
とくせい	dictionary	JMdict_e
とくてん	dictionary	JMdict_e
とくゆう	dictionary	JMdict_e
とけ	pending	JMdict_e
とざん	dictionary	JMdict_e
としうえ	dictionary	JMdict_e
としょかん	dictionary	JMdict_e
とそう	dictionary	JMdict_e
とっきゅう	dictionary	JMdict_e
とっきょ	dictionary	JMdict_e
とっとり	dictionary	JMdict_e
とどうふけん	dictionary	JMdict_e
とびら	dictionary	JMdict_e
ともしび	dictionary	JMdict_e
とり	dictionary	JMdict_e
とん	dictionary	JMdict_e
どうき	dictionary	JMdict_e
どうきゅうせい	dictionary	JMdict_e
どうぐ	dictionary	JMdict_e
どうしても	dictionary	JMdict_e
どうしゃ	dictionary	JMdict_e
どうろ	dictionary	JMdict_e
どくしん	dictionary	JMdict_e
どくせん	dictionary	JMdict_e
どなた	dictionary	JMdict_e
どろぼう	dictionary	JMdict_e
どん	dictionary	JMdict_e
ないぞう	dictionary	JMdict_e
ないぶ	dictionary	JMdict_e
なぜか	dictionary	JMdict_e
なっとく	dictionary	JMdict_e
なな	dictionary	JMdict_e
なにごと	dictionary	JMdict_e
なにもの	dictionary	JMdict_e
なみ	dictionary	JMdict_e
なんい	dictionary	JMdict_e
なんだか	dictionary	JMdict_e
なんとなく	dictionary	JMdict_e
なんとも	dictionary	JMdict_e
なんぶ	dictionary	JMdict_e
にあう	dictionary	JMdict_e
にいちゃん	dictionary	JMdict_e
にじ	dictionary	JMdict_e
にせ	dictionary	JMdict_e
にちじょう	dictionary	JMdict_e
にっけい	dictionary	JMdict_e
にっぽんいち	dictionary	JMdict_e
にどと	dictionary	JMdict_e
にゅうもん	dictionary	JMdict_e
にわ	dictionary	JMdict_e
にんい	dictionary	JMdict_e
にんしき	dictionary	JMdict_e
にんじゃ	dictionary	JMdict_e
ねえちゃん	dictionary	JMdict_e
ねこ	dictionary	JMdict_e
ねる	dictionary	JMdict_e
ねんしゅう	dictionary	JMdict_e
ねんど	dictionary	JMdict_e
ねんまつ	dictionary	JMdict_e
のうか	dictionary	JMdict_e
のうこう	dictionary	JMdict_e
のうど	dictionary	JMdict_e
のみもの	dictionary	JMdict_e
のり	dictionary	JMdict_e
のんびり	dictionary	JMdict_e
はぁ	dictionary	JMdict_e
はいけい	dictionary	JMdict_e
はいたつ	dictionary	JMdict_e
はいぼく	dictionary	JMdict_e
はくぶつかん	dictionary	JMdict_e
はけん	dictionary	JMdict_e
はだ	dictionary	JMdict_e
はっしん	dictionary	JMdict_e
はつおん	dictionary	JMdict_e
はつどう	dictionary	JMdict_e
はなよめ	dictionary	JMdict_e
ははおや	dictionary	JMdict_e
はめ	dictionary	JMdict_e
はやく	dictionary	JMdict_e
はる	dictionary	JMdict_e
はんい	dictionary	JMdict_e
はんえい	dictionary	JMdict_e
はんしゃ	dictionary	JMdict_e
はんぱ	dictionary	JMdict_e
ばあちゃん	dictionary	JMdict_e
ばい	dictionary	JMdict_e
ばいしょう	dictionary	JMdict_e
ばいばい	dictionary	JMdict_e
ばか	dictionary	JMdict_e
ばくしょう	dictionary	JMdict_e
ばくろ	dictionary	JMdict_e
ひかく	dictionary	JMdict_e
ひげき	dictionary	JMdict_e
ひこうき	dictionary	JMdict_e
ひこく	dictionary	JMdict_e
ひさしぶり	dictionary	JMdict_e
ひさん	dictionary	JMdict_e
ひっけん	dictionary	JMdict_e
ひづけ	dictionary	JMdict_e
ひと	dictionary	JMdict_e
ひとたち	dictionary	JMdict_e
ひとづま	dictionary	JMdict_e
ひどい	dictionary	JMdict_e
ひょうてき	dictionary	JMdict_e
ひりつ	dictionary	JMdict_e
ひんこん	dictionary	JMdict_e
ひんしつ	dictionary	JMdict_e
ひんど	dictionary	JMdict_e
ぴったり	dictionary	JMdict_e
ふあんてい	dictionary	JMdict_e
ふく	dictionary	JMdict_e
ふくぎょう	dictionary	JMdict_e
ふくそう	dictionary	JMdict_e
ふぐあい	dictionary	JMdict_e
ふしょう	dictionary	JMdict_e
ふじん	dictionary	JMdict_e
ふそく	dictionary	JMdict_e
ふのう	dictionary	JMdict_e
ふんかん	dictionary	JMdict_e
ぶじ	dictionary	JMdict_e
ぶっきょう	dictionary	JMdict_e
ぶんかつ	dictionary	JMdict_e
ぶんがく	dictionary	JMdict_e
ぶんさん	dictionary	JMdict_e
ぶんせき	dictionary	JMdict_e
ぶんや	dictionary	JMdict_e
へい	dictionary	JMdict_e
へいや	dictionary	JMdict_e
へんどう	dictionary	JMdict_e
べん	dictionary	JMdict_e
べんり	dictionary	JMdict_e
ほあん	dictionary	JMdict_e
ほいくえん	dictionary	JMdict_e
ほうあん	dictionary	JMdict_e
ほうしゃ	dictionary	JMdict_e
ほうしゃせん	dictionary	JMdict_e
ほうしゅつ	dictionary	JMdict_e
ほうじん	dictionary	JMdict_e
ほうだい	dictionary	JMdict_e
ほうてき	dictionary	JMdict_e
ほかん	dictionary	JMdict_e
ほきゅう	dictionary	JMdict_e
ほこう	dictionary	JMdict_e
ほしく	pending	JMdict_e
ほとけ	dictionary	JMdict_e
ほね	dictionary	JMdict_e
ほゆう	dictionary	JMdict_e
ほん	dictionary	JMdict_e
ほんしつ	dictionary	JMdict_e
ほんだな	dictionary	JMdict_e
ほんてん	dictionary	JMdict_e
ほんね	dictionary	JMdict_e
ほんのう	dictionary	JMdict_e
ほんばん	dictionary	JMdict_e
ほんぺん	dictionary	JMdict_e
ほんみょう	dictionary	JMdict_e
ほんめい	dictionary	JMdict_e
ほんもの	dictionary	JMdict_e
ぼうえき	dictionary	JMdict_e
ぼうさい	dictionary	JMdict_e
ぼうとう	dictionary	JMdict_e
まいり	dictionary	JMdict_e
まおう	dictionary	JMdict_e
まさか	dictionary	JMdict_e
まさかの	pending	JMdict_e
まして	dictionary	JMdict_e
まじゅつ	dictionary	JMdict_e
まずい	dictionary	JMdict_e
まち	dictionary	JMdict_e
まど	dictionary	JMdict_e
まどぐち	dictionary	JMdict_e
まぼろし	dictionary	JMdict_e
まやく	dictionary	JMdict_e
まよい	dictionary	JMdict_e
まる	dictionary	JMdict_e
まんさい	dictionary	JMdict_e
みかた	dictionary	JMdict_e
みかど	dictionary	JMdict_e
みぎがわ	dictionary	JMdict_e
みぎて	dictionary	JMdict_e
みずうみ	dictionary	JMdict_e
みた	dictionary	JMdict_e
みち	dictionary	JMdict_e
みっつ	dictionary	JMdict_e
みぶん	dictionary	JMdict_e
みりょく	dictionary	JMdict_e
みれ	pending	JMdict_e
むざい	dictionary	JMdict_e
むしょう	dictionary	JMdict_e
むじゅん	dictionary	JMdict_e
むだん	dictionary	JMdict_e
むら	dictionary	JMdict_e
めいさく	dictionary	JMdict_e
めがみ	dictionary	JMdict_e
めせん	dictionary	JMdict_e
めちゃくちゃ	dictionary	JMdict_e
めんえき	dictionary	JMdict_e
めんせき	dictionary	JMdict_e
めんどくさい	dictionary	JMdict_e
もうすこし	dictionary	JMdict_e
もえ	dictionary	JMdict_e
もくげき	dictionary	JMdict_e
もしかして	dictionary	JMdict_e
もちぬし	dictionary	JMdict_e
もったいない	dictionary	JMdict_e
もつ	dictionary	JMdict_e
ものごと	dictionary	JMdict_e
ものすごく	pending	JMdict_e
もよう	dictionary	JMdict_e
もり	dictionary	JMdict_e
やきにく	dictionary	JMdict_e
やくいん	dictionary	JMdict_e
やくそく	dictionary	JMdict_e
やくぶつ	dictionary	JMdict_e
やさしい	dictionary	JMdict_e
やしき	dictionary	JMdict_e
やせい	dictionary	JMdict_e
やたら	dictionary	JMdict_e
やね	dictionary	JMdict_e
やまなし	dictionary	JMdict_e
やめる	dictionary	JMdict_e
やりとり	dictionary	JMdict_e
ゆうき	dictionary	JMdict_e
ゆうごう	dictionary	JMdict_e
ゆうしゃ	dictionary	JMdict_e
ゆうじょう	dictionary	JMdict_e
ゆうせん	dictionary	JMdict_e
ゆうめいじん	dictionary	JMdict_e
ゆうれい	dictionary	JMdict_e
ゆうわく	dictionary	JMdict_e
ゆき	dictionary	JMdict_e
ゆびわ	dictionary	JMdict_e
ゆる	dictionary	JMdict_e
よういん	dictionary	JMdict_e
ようきゅう	dictionary	JMdict_e
ようこそ	dictionary	JMdict_e
ようしゃ	dictionary	JMdict_e
ようひん	dictionary	JMdict_e
ようふく	dictionary	JMdict_e
ようぼう	dictionary	JMdict_e
ようりょう	dictionary	JMdict_e
よくせい	dictionary	JMdict_e
よくぼう	dictionary	JMdict_e
よなか	dictionary	JMdict_e
よほう	dictionary	JMdict_e
らいてん	dictionary	JMdict_e
らくてん	dictionary	JMdict_e
らん	dictionary	JMdict_e
りくじょう	dictionary	JMdict_e
りったい	dictionary	JMdict_e
りゅうつう	dictionary	JMdict_e
りょうしょう	dictionary	JMdict_e
りょうしん	dictionary	JMdict_e
りょうて	dictionary	JMdict_e
れいぞうこ	dictionary	JMdict_e
れいとう	dictionary	JMdict_e
れきだい	dictionary	JMdict_e
れんきゅう	dictionary	JMdict_e
れんさい	dictionary	JMdict_e
れんちゅう	dictionary	JMdict_e
れんどう	dictionary	JMdict_e
ろく	dictionary	JMdict_e
わい	dictionary	JMdict_e
わかて	dictionary	JMdict_e
わがや	dictionary	JMdict_e
わり	dictionary	JMdict_e
わろ	dictionary	JMdict_e
んじゃ	dictionary	JMdict_e
あいかつ	pending	JMdict_e
あいこう	dictionary	JMdict_e
あいさつ	dictionary	JMdict_e
あいつぎい	pending	JMdict_e
あおいろ	dictionary	JMdict_e
あかじ	dictionary	JMdict_e
あかん	dictionary	JMdict_e
あかんぼう	dictionary	JMdict_e
あがり	dictionary	JMdict_e
あがる	dictionary	JMdict_e
あきはばら	pending	JMdict_e
あきやま	pending	JMdict_e
あくえいきょう	dictionary	JMdict_e
あくしゅ	dictionary	JMdict_e
あくにん	dictionary	JMdict_e
あくまでも	dictionary	JMdict_e
あくやく	dictionary	JMdict_e
あさくさ	pending	JMdict_e
あさひかわ	pending	JMdict_e
あざむける	pending	JMdict_e
あしくび	dictionary	JMdict_e
あした	dictionary	JMdict_e
あじつけ	dictionary	JMdict_e
あだ	dictionary	JMdict_e
あちら	dictionary	JMdict_e
あっとう	dictionary	JMdict_e
あっぱく	dictionary	JMdict_e
あべ	pending	JMdict_e
あまくさ	pending	JMdict_e
あみ	dictionary	JMdict_e
あめみや	pending	JMdict_e
あらかじめ	dictionary	JMdict_e
あらかわ	dictionary	JMdict_e
あらそう	dictionary	JMdict_e
ありのまま	dictionary	JMdict_e
ありほう	pending	JMdict_e
ありむら	pending	JMdict_e
ありよし	pending	JMdict_e
あれこれ	dictionary	JMdict_e
あれっくす	pending	JMdict_e
あわ	dictionary	JMdict_e
あわてふためき	pending	JMdict_e
あわれ	dictionary	JMdict_e
あんい	dictionary	JMdict_e
あんだ	dictionary	JMdict_e
あんでぃ	pending	JMdict_e
あんとにお	pending	JMdict_e
あんぽ	dictionary	JMdict_e
いいだし	dictionary	JMdict_e
いえいえ	dictionary	JMdict_e
いえで	dictionary	JMdict_e
いえやす	pending	JMdict_e
いかめしく	pending	JMdict_e
いかん	dictionary	JMdict_e
いきのこり	dictionary	JMdict_e
いきのこる	dictionary	JMdict_e
いきのび	pending	JMdict_e
いくらでも	dictionary	JMdict_e
いご	dictionary	JMdict_e
いしがき	dictionary	JMdict_e
いすらむきょう	pending	JMdict_e
いずも	dictionary	JMdict_e
いせつ	dictionary	JMdict_e
いたこと	pending	JMdict_e
いただけれ	pending	JMdict_e
いたん	dictionary	JMdict_e
いちぎょう	dictionary	JMdict_e
いちご	dictionary	JMdict_e
いちじき	dictionary	JMdict_e
いちづけ	dictionary	JMdict_e
いちばん	dictionary	JMdict_e
いちりつ	dictionary	JMdict_e
いちりゅう	dictionary	JMdict_e
いっかく	dictionary	JMdict_e
いっかつ	dictionary	JMdict_e
いっしき	dictionary	JMdict_e
いっつも	pending	JMdict_e
いでん	dictionary	JMdict_e
いど	dictionary	JMdict_e
いぬい	dictionary	JMdict_e
いね	dictionary	JMdict_e
いまさら	dictionary	JMdict_e
いまばり	pending	JMdict_e
いみあい	dictionary	JMdict_e
いやあ	dictionary	JMdict_e
いりこん	pending	JMdict_e
いれい	dictionary	JMdict_e
いろけ	dictionary	JMdict_e
うぃるそん	pending	JMdict_e
うえすぎ	pending	JMdict_e
うえはら	pending	JMdict_e
うけつが	pending	JMdict_e
うさぎ	dictionary	JMdict_e
うざ	pending	JMdict_e
うしない	pending	JMdict_e
うそつき	dictionary	JMdict_e
うたがわ	pending	JMdict_e
うたげ	dictionary	JMdict_e
うちあわせ	dictionary	JMdict_e
うちきり	dictionary	JMdict_e
うっかり	dictionary	JMdict_e
うつ	dictionary	JMdict_e
うつびょう	dictionary	JMdict_e
うなぎ	dictionary	JMdict_e
うばいとり	pending	JMdict_e
うみ	dictionary	JMdict_e
うむ	dictionary	JMdict_e
うめ	dictionary	JMdict_e
うらやましい	dictionary	JMdict_e
うり	dictionary	JMdict_e
うりば	dictionary	JMdict_e
うわぎ	dictionary	JMdict_e
うんそう	dictionary	JMdict_e
うんぱん	dictionary	JMdict_e
えいかいわ	dictionary	JMdict_e
えいがかん	dictionary	JMdict_e
えいり	dictionary	JMdict_e
えきしょう	dictionary	JMdict_e
えどがわ	pending	JMdict_e
えもの	dictionary	JMdict_e
えらい	dictionary	JMdict_e
えり	dictionary	JMdict_e
えりざべす	pending	JMdict_e
えんげき	dictionary	JMdict_e
えんせん	dictionary	JMdict_e
えんばん	dictionary	JMdict_e
おいしく	pending	JMdict_e
おいださ	pending	JMdict_e
おいだし	dictionary	JMdict_e
おいつか	pending	JMdict_e
おうじゃ	dictionary	JMdict_e
おうじゅく	dictionary	JMdict_e
おうだんほどう	dictionary	JMdict_e
おおい	dictionary	JMdict_e
おおかわ	dictionary	JMdict_e
おおきさ	dictionary	JMdict_e
おおくぼ	pending	JMdict_e
おおくり	pending	JMdict_e
おおにし	pending	JMdict_e
おおはし	dictionary	JMdict_e
おおや	dictionary	JMdict_e
おおやま	dictionary	JMdict_e
おかえり	dictionary	JMdict_e
おかしな	dictionary	JMdict_e
おがさわら	pending	JMdict_e
おきて	dictionary	JMdict_e
おくない	dictionary	JMdict_e
おくれ	dictionary	JMdict_e
おこさん	dictionary	JMdict_e
おこたえ	pending	JMdict_e
おこのみやき	dictionary	JMdict_e
おさななじみ	dictionary	JMdict_e
おし	dictionary	JMdict_e
おしゃべり	dictionary	JMdict_e
おじょうさま	dictionary	JMdict_e
おすごし	pending	JMdict_e
おせ	pending	JMdict_e
おそう	dictionary	JMdict_e
おだわら	pending	JMdict_e
おっしゃる	dictionary	JMdict_e
おって	dictionary	JMdict_e
おつたえ	pending	JMdict_e
おてつだい	dictionary	JMdict_e
おと	dictionary	JMdict_e
おとなしく	dictionary	JMdict_e
おとなり	pending	JMdict_e
おなか	dictionary	JMdict_e
おなじみ	dictionary	JMdict_e
おにぎり	dictionary	JMdict_e
おねがい	dictionary	JMdict_e
おひめさま	dictionary	JMdict_e
おまもり	dictionary	JMdict_e
おもいださ	pending	JMdict_e
おもてなし	dictionary	JMdict_e
おやかた	dictionary	JMdict_e
おゆ	dictionary	JMdict_e
おりかえし	dictionary	JMdict_e
おんきょう	dictionary	JMdict_e
おんけい	dictionary	JMdict_e
おんしつ	dictionary	JMdict_e
かいか	dictionary	JMdict_e
かいが	dictionary	JMdict_e
かいぎょう	dictionary	JMdict_e
かいごう	dictionary	JMdict_e
かいじ	dictionary	JMdict_e
かいすい	dictionary	JMdict_e
かいそう	dictionary	JMdict_e
かいそく	dictionary	JMdict_e
かいぞうど	dictionary	JMdict_e
かいたく	dictionary	JMdict_e
かいどう	dictionary	JMdict_e
かいどく	dictionary	JMdict_e
かいにゅう	dictionary	JMdict_e
かいにん	dictionary	JMdict_e
かいぬし	dictionary	JMdict_e
かいぼう	dictionary	JMdict_e
かいめい	dictionary	JMdict_e
かいめつ	dictionary	JMdict_e
かいやく	dictionary	JMdict_e
かおく	dictionary	JMdict_e
かき	dictionary	JMdict_e
かきかた	dictionary	JMdict_e
かぎり	dictionary	JMdict_e
かくさ	dictionary	JMdict_e
かくじ	dictionary	JMdict_e
かくやす	dictionary	JMdict_e
かくりょう	dictionary	JMdict_e
かけい	dictionary	JMdict_e
かけつ	dictionary	JMdict_e
かしきり	dictionary	JMdict_e
かしつ	dictionary	JMdict_e
かじつ	dictionary	JMdict_e
かずおおく	dictionary	JMdict_e
かずすくない	dictionary	JMdict_e
かせき	dictionary	JMdict_e
かせん	dictionary	JMdict_e
かたち	dictionary	JMdict_e
かたて	dictionary	JMdict_e
かたみち	dictionary	JMdict_e
かたやま	dictionary	JMdict_e
かっこ	dictionary	JMdict_e
かっとう	dictionary	JMdict_e
かどかわ	pending	JMdict_e
かはんしん	dictionary	JMdict_e
かばん	dictionary	JMdict_e
かぶき	dictionary	JMdict_e
かま	dictionary	JMdict_e
かまわ	pending	JMdict_e
かみ	dictionary	JMdict_e
かもく	dictionary	JMdict_e
かもつ	dictionary	JMdict_e
からて	dictionary	JMdict_e
からには	dictionary	JMdict_e
かるろす	pending	JMdict_e
かわいく	pending	JMdict_e
かんい	dictionary	JMdict_e
かんき	dictionary	JMdict_e
かんさん	dictionary	JMdict_e
かんしょく	dictionary	JMdict_e
かんじ	dictionary	JMdict_e
かんすう	dictionary	JMdict_e
かんせつ	dictionary	JMdict_e
かんぜい	dictionary	JMdict_e
かんつう	dictionary	JMdict_e
かんぼう	dictionary	JMdict_e
かんらん	dictionary	JMdict_e
がい	dictionary	JMdict_e
がいけん	dictionary	JMdict_e
がいむしょう	dictionary	JMdict_e
がいや	dictionary	JMdict_e
がくいん	dictionary	JMdict_e
がくちょう	dictionary	JMdict_e
がくねん	dictionary	JMdict_e
がくふ	dictionary	JMdict_e
がくりょく	dictionary	JMdict_e
がくれき	dictionary	JMdict_e
がけ	dictionary	JMdict_e
がっか	dictionary	JMdict_e
がっかり	dictionary	JMdict_e
がっきゅう	dictionary	JMdict_e
がっしゅうこく	dictionary	JMdict_e
がっつり	dictionary	JMdict_e
がんぐ	dictionary	JMdict_e
がんじょう	dictionary	JMdict_e
がんそ	dictionary	JMdict_e
がんめん	dictionary	JMdict_e
きあい	dictionary	JMdict_e
きい	dictionary	JMdict_e
きか	dictionary	JMdict_e
きがん	dictionary	JMdict_e
きく	dictionary	JMdict_e
きこん	dictionary	JMdict_e
きさま	dictionary	JMdict_e
きじょう	dictionary	JMdict_e
きずつい	pending	JMdict_e
きずつけ	pending	JMdict_e
きたかみ	pending	JMdict_e
きたがわ	dictionary	JMdict_e
きたむら	pending	JMdict_e
きちく	dictionary	JMdict_e
きって	dictionary	JMdict_e
きにいら	pending	JMdict_e
きにゅう	dictionary	JMdict_e
きのした	pending	JMdict_e
きはん	dictionary	JMdict_e
きむ	pending	JMdict_e
きも	dictionary	JMdict_e
きゃくしつ	dictionary	JMdict_e
きゃさりん	pending	JMdict_e
きゃっか	dictionary	JMdict_e
きやく	dictionary	JMdict_e
きゅう	dictionary	JMdict_e
きゅうえん	dictionary	JMdict_e
きゅうぎょう	dictionary	JMdict_e
きゅうさい	dictionary	JMdict_e
きゅうせい	dictionary	JMdict_e
きゅうそく	dictionary	JMdict_e
きゅうふ	dictionary	JMdict_e
きゅうめい	dictionary	JMdict_e
きゅうゆ	dictionary	JMdict_e
きょうあく	dictionary	JMdict_e
きょうくん	dictionary	JMdict_e
きょうこう	dictionary	JMdict_e
きょうじゅつ	dictionary	JMdict_e
きょうぞん	dictionary	JMdict_e
きょうだん	dictionary	JMdict_e
きょうとう	dictionary	JMdict_e
きょうど	dictionary	JMdict_e
きょうはく	dictionary	JMdict_e
きょうゆ	dictionary	JMdict_e
きょうりゅう	dictionary	JMdict_e
きょぎ	dictionary	JMdict_e
きょくげん	dictionary	JMdict_e
きよう	dictionary	JMdict_e
きりしま	pending	JMdict_e
きりょく	dictionary	JMdict_e
きる	dictionary	JMdict_e
きんいろ	dictionary	JMdict_e
きんえん	dictionary	JMdict_e
きんぎょ	dictionary	JMdict_e
きんこう	dictionary	JMdict_e
きんしん	dictionary	JMdict_e
きんだん	dictionary	JMdict_e
きんてつ	dictionary	JMdict_e
きんぱつ	dictionary	JMdict_e
きんぺん	dictionary	JMdict_e
きんめだる	pending	JMdict_e
きんりん	dictionary	JMdict_e
ぎおんさん	pending	JMdict_e
ぎかわさき	pending	JMdict_e
ぎけんどう	pending	JMdict_e
ぎじぞうで	pending	JMdict_e
ぎじん	dictionary	JMdict_e
ぎそう	dictionary	JMdict_e
ぎぞう	dictionary	JMdict_e
ぎたかひろ	pending	JMdict_e
ぎたゆうそうし	pending	JMdict_e
ぎのう	dictionary	JMdict_e
ぎはふりと	pending	JMdict_e
ぎふしりつ	pending	JMdict_e
ぎゅうにく	dictionary	JMdict_e
ぎょうざ	dictionary	JMdict_e
ぎょうれつ	dictionary	JMdict_e
ぎょぎょう	dictionary	JMdict_e
ぎょらい	dictionary	JMdict_e
ぎん	dictionary	JMdict_e
くい	dictionary	JMdict_e
くいもの	dictionary	JMdict_e
くうそう	dictionary	JMdict_e
くうふく	dictionary	JMdict_e
くかん	dictionary	JMdict_e
くさ	dictionary	JMdict_e
くしょう	dictionary	JMdict_e
くす	dictionary	JMdict_e
くせん	dictionary	JMdict_e
くださる	dictionary	JMdict_e
くだらない	dictionary	JMdict_e
くだろし	pending	JMdict_e
くち	dictionary	JMdict_e
くちぐせ	dictionary	JMdict_e
くっつい	pending	JMdict_e
くに	dictionary	JMdict_e
くのう	dictionary	JMdict_e
くぶん	dictionary	JMdict_e
くまがや	pending	JMdict_e
くよう	dictionary	JMdict_e
くらやみ	dictionary	JMdict_e
くりかえさ	pending	JMdict_e
くるしめ	pending	JMdict_e
くるまいす	dictionary	JMdict_e
くるみ	dictionary	JMdict_e
くろ	dictionary	JMdict_e
くろさき	pending	JMdict_e
くろまく	dictionary	JMdict_e
くんたち	pending	JMdict_e
ぐさちっく	pending	JMdict_e
ぐっさんに	pending	JMdict_e
ぐつたくもあり	pending	JMdict_e
ぐらおよび	pending	JMdict_e
ぐんまけんりつ	pending	JMdict_e
けいしょう	dictionary	JMdict_e
けいとう	dictionary	JMdict_e
けいはつ	dictionary	JMdict_e
けいぶ	dictionary	JMdict_e
けいり	dictionary	JMdict_e
けっさい	dictionary	JMdict_e
けっさく	dictionary	JMdict_e
けっせき	dictionary	JMdict_e
けつあつ	dictionary	JMdict_e
けつぎ	dictionary	JMdict_e
けつまつ	dictionary	JMdict_e
けはい	dictionary	JMdict_e
けんきょ	dictionary	JMdict_e
けんじゃ	dictionary	JMdict_e
けんすう	dictionary	JMdict_e
けんたろう	pending	JMdict_e
けんち	dictionary	JMdict_e
けんちじ	dictionary	JMdict_e
けんちょ	dictionary	JMdict_e
げきげん	dictionary	JMdict_e
げきてき	dictionary	JMdict_e
げきど	dictionary	JMdict_e
げきは	dictionary	JMdict_e
げっかん	dictionary	JMdict_e
げっしゅう	dictionary	JMdict_e
げひん	dictionary	JMdict_e
げらく	dictionary	JMdict_e
げり	dictionary	JMdict_e
げんかく	dictionary	JMdict_e
げんけい	dictionary	JMdict_e
げんこく	dictionary	JMdict_e
げんせん	dictionary	JMdict_e
げんどう	dictionary	JMdict_e
げんろん	dictionary	JMdict_e
こいずみ	pending	JMdict_e
こいぬ	dictionary	JMdict_e
こうあん	dictionary	JMdict_e
こうえい	dictionary	JMdict_e
こうえき	dictionary	JMdict_e
こうおん	dictionary	JMdict_e
こうげい	dictionary	JMdict_e
こうげん	dictionary	JMdict_e
こうさてん	dictionary	JMdict_e
こうざん	dictionary	JMdict_e
こうしつ	dictionary	JMdict_e
こうだんしゃ	dictionary	JMdict_e
こうはんい	dictionary	JMdict_e
こうばい	dictionary	JMdict_e
こうぶ	dictionary	JMdict_e
こうへん	dictionary	JMdict_e
こうぼう	dictionary	JMdict_e
こうめいとう	dictionary	JMdict_e
こうもん	dictionary	JMdict_e
こうりやま	pending	JMdict_e
こうりん	dictionary	JMdict_e
こえ	dictionary	JMdict_e
こかん	dictionary	JMdict_e
こくいん	dictionary	JMdict_e
こくえい	dictionary	JMdict_e
こくせい	dictionary	JMdict_e
こくないがい	dictionary	JMdict_e
ここら	dictionary	JMdict_e
こし	dictionary	JMdict_e
こじ	dictionary	JMdict_e
こだわる	dictionary	JMdict_e
こっかく	dictionary	JMdict_e
こっせつ	dictionary	JMdict_e
ことし	dictionary	JMdict_e
ことば	dictionary	JMdict_e
ことり	dictionary	JMdict_e
ことわら	pending	JMdict_e
こぶ	dictionary	JMdict_e
こぼれ	dictionary	JMdict_e
こまい	dictionary	JMdict_e
こまつ	dictionary	JMdict_e
こみ	dictionary	JMdict_e
こむ	dictionary	JMdict_e
こめ	dictionary	JMdict_e
こもり	dictionary	JMdict_e
こもん	dictionary	JMdict_e
こゆう	dictionary	JMdict_e
こよ	pending	JMdict_e
こら	dictionary	JMdict_e
これぞ	dictionary	JMdict_e
こわ	dictionary	JMdict_e
こんいん	dictionary	JMdict_e
こんき	dictionary	JMdict_e
こんせき	dictionary	JMdict_e
こんどう	dictionary	JMdict_e
こんばん	dictionary	JMdict_e
ごういん	dictionary	JMdict_e
ごうきん	dictionary	JMdict_e
ごうこん	pending	JMdict_e
ごうしゃ	dictionary	JMdict_e
ごうとう	dictionary	JMdict_e
ごかん	dictionary	JMdict_e
ごがく	dictionary	JMdict_e
ごがつ	dictionary	JMdict_e
ごくひ	dictionary	JMdict_e
ごさ	dictionary	JMdict_e
ござる	dictionary	JMdict_e
ごじ	dictionary	JMdict_e
ごっこ	dictionary	JMdict_e
ごとく	dictionary	JMdict_e
ごび	dictionary	JMdict_e
ごみ	dictionary	JMdict_e
ごらん	dictionary	JMdict_e
さいく	dictionary	JMdict_e
さいくつ	dictionary	JMdict_e
さいこうさい	dictionary	JMdict_e
さいこうほう	dictionary	JMdict_e
さいこん	dictionary	JMdict_e
さいしょうげん	dictionary	JMdict_e
さいせんたん	dictionary	JMdict_e
さいぜん	dictionary	JMdict_e
さいぜんせん	dictionary	JMdict_e
さいそく	dictionary	JMdict_e
さいた	dictionary	JMdict_e
さいたん	dictionary	JMdict_e
さいだいげん	dictionary	JMdict_e
さいちょう	dictionary	JMdict_e
さいとう	dictionary	JMdict_e
さいばんかん	dictionary	JMdict_e
さいゆうしゅう	dictionary	JMdict_e
さかば	dictionary	JMdict_e
さかもと	pending	JMdict_e
さがみはら	pending	JMdict_e
さくさく	dictionary	JMdict_e
さくてい	dictionary	JMdict_e
さくや	dictionary	JMdict_e
さくらい	pending	JMdict_e
さざえさん	pending	JMdict_e
さし	dictionary	JMdict_e
さす	dictionary	JMdict_e
さた	dictionary	JMdict_e
さっきゅう	dictionary	JMdict_e
さっこん	dictionary	JMdict_e
さっし	dictionary	JMdict_e
さの	pending	JMdict_e
さほど	dictionary	JMdict_e
さやか	dictionary	JMdict_e
さようなら	dictionary	JMdict_e
さらば	dictionary	JMdict_e
さりげ	dictionary	JMdict_e
さんいん	dictionary	JMdict_e
さんぎいん	dictionary	JMdict_e
さんけいしんぶん	dictionary	JMdict_e
さんしん	dictionary	JMdict_e
さんちゅう	dictionary	JMdict_e
さんちょう	dictionary	JMdict_e
ざいあく	dictionary	JMdict_e
ざいしりつ	pending	JMdict_e
ざいじょうほう	pending	JMdict_e
ざいたく	dictionary	JMdict_e
ざいむ	dictionary	JMdict_e
ざいむしょう	dictionary	JMdict_e
ざぐるまん	pending	JMdict_e
ざせつ	dictionary	JMdict_e
ざつぎょ	pending	JMdict_e
ざとちょう	pending	JMdict_e
ざひょう	dictionary	JMdict_e
ざわいして	pending	JMdict_e
ざわちゅうべえ	pending	JMdict_e
ざんしん	dictionary	JMdict_e
ざんていきょうてい	dictionary	JMdict_e
ざんりゅう	dictionary	JMdict_e
しいく	dictionary	JMdict_e
しいん	dictionary	JMdict_e
しかい	dictionary	JMdict_e
しかして	dictionary	JMdict_e
しき	dictionary	JMdict_e
しきてん	dictionary	JMdict_e
しきょ	dictionary	JMdict_e
しご	dictionary	JMdict_e
しさい	dictionary	JMdict_e
しさく	dictionary	JMdict_e
しさつ	dictionary	JMdict_e
ししゅつ	dictionary	JMdict_e
ししゅん	pending	JMdict_e
しじん	dictionary	JMdict_e
しそん	dictionary	JMdict_e
したがえ	pending	JMdict_e
したがって	dictionary	JMdict_e
したがわ	dictionary	JMdict_e
したく	dictionary	JMdict_e
したしい	dictionary	JMdict_e
しっくり	dictionary	JMdict_e
しっぴつ	dictionary	JMdict_e
しつこい	dictionary	JMdict_e
しつこく	pending	JMdict_e
しつない	dictionary	JMdict_e
してやる	dictionary	JMdict_e
してやろ	pending	JMdict_e
しと	dictionary	JMdict_e
しながわ	pending	JMdict_e
しにがみ	dictionary	JMdict_e
しにん	dictionary	JMdict_e
しはらう	dictionary	JMdict_e
しばたたい	pending	JMdict_e
しへい	dictionary	JMdict_e
しまだ	dictionary	JMdict_e
しまつ	dictionary	JMdict_e
しみ	dictionary	JMdict_e
しもつけ	dictionary	JMdict_e
しもん	dictionary	JMdict_e
しゃくほう	dictionary	JMdict_e
しゃしゅ	dictionary	JMdict_e
しゃせん	dictionary	JMdict_e
しゃたい	dictionary	JMdict_e
しゃだん	dictionary	JMdict_e
しゃちく	dictionary	JMdict_e
しゃりん	dictionary	JMdict_e
しゅい	dictionary	JMdict_e
しゅういん	dictionary	JMdict_e
しゅうえき	dictionary	JMdict_e
しゅうがくりょこう	dictionary	JMdict_e
しゅうきゃく	dictionary	JMdict_e
しゅうけつ	dictionary	JMdict_e
しゅうじん	dictionary	JMdict_e
しゅうせん	dictionary	JMdict_e
しゅうちゃく	dictionary	JMdict_e
しゅうどういん	dictionary	JMdict_e
しゅうはすう	dictionary	JMdict_e
しゅうばん	dictionary	JMdict_e
しゅうやく	dictionary	JMdict_e
しゅうらく	dictionary	JMdict_e
しゅかん	dictionary	JMdict_e
しゅくしょう	dictionary	JMdict_e
しゅくだい	dictionary	JMdict_e
しゅけん	dictionary	JMdict_e
しゅし	dictionary	JMdict_e
しゅぞく	dictionary	JMdict_e
しゅっしょ	dictionary	JMdict_e
しゅにん	dictionary	JMdict_e
しゅべつ	dictionary	JMdict_e
しゅりょう	dictionary	JMdict_e
しゅりょく	dictionary	JMdict_e
しょうかく	dictionary	JMdict_e
しょうがつ	dictionary	JMdict_e
しょうこうぐん	dictionary	JMdict_e
しょうご	dictionary	JMdict_e
しょうさん	dictionary	JMdict_e
しょうしつ	dictionary	JMdict_e
しょうしゃ	dictionary	JMdict_e
しょうた	pending	JMdict_e
しょうだく	dictionary	JMdict_e
しょうとう	dictionary	JMdict_e
しょうどく	dictionary	JMdict_e
しょうほう	dictionary	JMdict_e
しょうみ	dictionary	JMdict_e
しょうりつ	dictionary	JMdict_e
しょくしゅ	dictionary	JMdict_e
しょくぶつえん	dictionary	JMdict_e
しょくみん	dictionary	JMdict_e
しょくよく	dictionary	JMdict_e
しょくん	dictionary	JMdict_e
しょこく	dictionary	JMdict_e
しょざい	dictionary	JMdict_e
しょざいち	dictionary	JMdict_e
しょたいめん	dictionary	JMdict_e
しょちょう	dictionary	JMdict_e
しょっき	dictionary	JMdict_e
しょっちゅう	dictionary	JMdict_e
しょばつ	dictionary	JMdict_e
しょほう	dictionary	JMdict_e
しりつ	dictionary	JMdict_e
しれん	dictionary	JMdict_e
しろくろ	dictionary	JMdict_e
しんがく	dictionary	JMdict_e
しんきょく	dictionary	JMdict_e
しんくう	dictionary	JMdict_e
しんげん	dictionary	JMdict_e
しんこん	dictionary	JMdict_e
しんさつ	dictionary	JMdict_e
しんしつ	dictionary	JMdict_e
しんしょ	dictionary	JMdict_e
しんそつ	dictionary	JMdict_e
しんぞく	dictionary	JMdict_e
しんたく	dictionary	JMdict_e
しんでん	dictionary	JMdict_e
しんねん	dictionary	JMdict_e
しんばし	dictionary	JMdict_e
しんぴ	dictionary	JMdict_e
じあん	dictionary	JMdict_e
じぇしか	pending	JMdict_e
じくう	dictionary	JMdict_e
じさん	dictionary	JMdict_e
じせだい	dictionary	JMdict_e
じそく	dictionary	JMdict_e
じどうてき	dictionary	JMdict_e
じはつ	dictionary	JMdict_e
じばん	dictionary	JMdict_e
じみ	dictionary	JMdict_e
じみん	dictionary	JMdict_e
じゃぁ	pending	JMdict_e
じゃあく	dictionary	JMdict_e
じゃくしょ	pending	JMdict_e
じゃくねん	dictionary	JMdict_e
じゅ	dictionary	JMdict_e
じゅう	dictionary	JMdict_e
じゅうげき	dictionary	JMdict_e
じゅうしょう	dictionary	JMdict_e
じゅうじか	dictionary	JMdict_e
じゅうたい	dictionary	JMdict_e
じゅきゅう	dictionary	JMdict_e
じゅし	dictionary	JMdict_e
じゅんさ	dictionary	JMdict_e
じゅんせい	dictionary	JMdict_e
じゅんれい	dictionary	JMdict_e
じょうこう	dictionary	JMdict_e
じょうじゅん	dictionary	JMdict_e
じょうそう	dictionary	JMdict_e
じょうぞう	dictionary	JMdict_e
じょうたつ	dictionary	JMdict_e
じょうとう	dictionary	JMdict_e
じょうはんしん	dictionary	JMdict_e
じょうよう	dictionary	JMdict_e
じょうりゅう	dictionary	JMdict_e
じょうれい	dictionary	JMdict_e
じょきょ	dictionary	JMdict_e
じょじょ	dictionary	JMdict_e
じょせふ	pending	JMdict_e
じょばん	dictionary	JMdict_e
じょんそん	pending	JMdict_e
じりつ	dictionary	JMdict_e
じわじわ	dictionary	JMdict_e
じんいん	dictionary	JMdict_e
じんえい	dictionary	JMdict_e
じんぐう	dictionary	JMdict_e
じんしん	dictionary	JMdict_e
じんぞう	dictionary	JMdict_e
じんてき	dictionary	JMdict_e
すいじょう	dictionary	JMdict_e
すいそう	dictionary	JMdict_e
すいぞくかん	dictionary	JMdict_e
すいはん	dictionary	JMdict_e
すいめん	dictionary	JMdict_e
すがお	dictionary	JMdict_e
すがわら	pending	JMdict_e
すくなから	pending	JMdict_e
すこ	dictionary	JMdict_e
すご	dictionary	JMdict_e
すず	dictionary	JMdict_e
すた	pending	JMdict_e
すっきり	dictionary	JMdict_e
すっごい	dictionary	JMdict_e
すっごく	dictionary	JMdict_e
すてき	dictionary	JMdict_e
すむ	dictionary	JMdict_e
すり	dictionary	JMdict_e
ずのう	dictionary	JMdict_e
せいあつ	dictionary	JMdict_e
せいえき	dictionary	JMdict_e
せいけつ	dictionary	JMdict_e
せいざ	dictionary	JMdict_e
せいしょく	dictionary	JMdict_e
せいしんびょう	dictionary	JMdict_e
せいじゅく	dictionary	JMdict_e
せいたん	dictionary	JMdict_e
せいぶ	dictionary	JMdict_e
せいみつ	dictionary	JMdict_e
せいやく	dictionary	JMdict_e
せきがいせん	dictionary	JMdict_e
せっきゃく	dictionary	JMdict_e
せっきょう	dictionary	JMdict_e
せっする	dictionary	JMdict_e
せっとう	dictionary	JMdict_e
せと	dictionary	JMdict_e
せんかん	dictionary	JMdict_e
せんき	dictionary	JMdict_e
せんぎょう	dictionary	JMdict_e
せんじん	dictionary	JMdict_e
せんせん	dictionary	JMdict_e
せんぞく	dictionary	JMdict_e
せんたくき	dictionary	JMdict_e
せんねん	dictionary	JMdict_e
せんぷうき	dictionary	JMdict_e
せんやか	pending	JMdict_e
せんりょく	dictionary	JMdict_e
せんれん	dictionary	JMdict_e
ぜいこみ	dictionary	JMdict_e
ぜっきょう	dictionary	JMdict_e
ぜっちょう	dictionary	JMdict_e
ぜつみょう	dictionary	JMdict_e
ぜんいき	dictionary	JMdict_e
ぜんさく	dictionary	JMdict_e
ぜんしゃ	dictionary	JMdict_e
ぜんじゅつ	dictionary	JMdict_e
ぜんぶ	dictionary	JMdict_e
ぜんぺん	dictionary	JMdict_e
ぜんめつ	dictionary	JMdict_e
そういや	dictionary	JMdict_e
そうおう	dictionary	JMdict_e
そうおん	dictionary	JMdict_e
そうかい	dictionary	JMdict_e
そうかがっかい	dictionary	JMdict_e
そうき	dictionary	JMdict_e
そうきん	dictionary	JMdict_e
そうさい	dictionary	JMdict_e
そうしょく	dictionary	JMdict_e
そうじき	dictionary	JMdict_e
そうすると	dictionary	JMdict_e
そうそう	dictionary	JMdict_e
そうたい	dictionary	JMdict_e
そうちょう	dictionary	JMdict_e
そうとく	dictionary	JMdict_e
そうば	dictionary	JMdict_e
そがい	dictionary	JMdict_e
そくざ	dictionary	JMdict_e
そくじつ	dictionary	JMdict_e
そこく	dictionary	JMdict_e
そせん	dictionary	JMdict_e
そっと	dictionary	JMdict_e
そつぎょうせい	dictionary	JMdict_e
そろもん	pending	JMdict_e
ぞう	dictionary	JMdict_e
ぞうきょう	dictionary	JMdict_e
ぞうぜい	dictionary	JMdict_e
ぞくしゅつ	dictionary	JMdict_e
ぞくする	dictionary	JMdict_e
ぞっこう	dictionary	JMdict_e
たいいくかん	dictionary	JMdict_e
たいか	dictionary	JMdict_e
たいかん	dictionary	JMdict_e
たいがく	dictionary	JMdict_e
たいきん	dictionary	JMdict_e
たいした	dictionary	JMdict_e
たいじょう	dictionary	JMdict_e
たいてい	dictionary	JMdict_e
たいへいよう	dictionary	JMdict_e
たいへん	dictionary	JMdict_e
たいほく	dictionary	JMdict_e
たいわ	dictionary	JMdict_e
たかさき	dictionary	JMdict_e
たかし	pending	JMdict_e
たからくじ	dictionary	JMdict_e
たからづか	pending	JMdict_e
たがく	dictionary	JMdict_e
たきざわ	pending	JMdict_e
たけしま	pending	JMdict_e
たけなか	pending	JMdict_e
たけれ	pending	JMdict_e
たこく	dictionary	JMdict_e
たさい	dictionary	JMdict_e
たし	dictionary	JMdict_e
たじゅう	dictionary	JMdict_e
たた	dictionary	JMdict_e
たたかえる	pending	JMdict_e
ただい	dictionary	JMdict_e
ただただ	dictionary	JMdict_e
ただよう	dictionary	JMdict_e
たっきゅう	dictionary	JMdict_e
たっする	dictionary	JMdict_e
たふ	dictionary	JMdict_e
たまがわ	pending	JMdict_e
たまらない	dictionary	JMdict_e
たまる	dictionary	JMdict_e
たんこう	dictionary	JMdict_e
たんさ	dictionary	JMdict_e
たんさく	dictionary	JMdict_e
たんし	dictionary	JMdict_e
たんじかん	dictionary	JMdict_e
たんすいかぶつ	dictionary	JMdict_e
たんそ	dictionary	JMdict_e
たんたい	dictionary	JMdict_e
たんぱくしつ	dictionary	JMdict_e
だいきん	dictionary	JMdict_e
だいさんしゃ	dictionary	JMdict_e
だいしょう	dictionary	JMdict_e
だいすう	dictionary	JMdict_e
だいすけ	pending	JMdict_e
だいとし	dictionary	JMdict_e
だいどころ	dictionary	JMdict_e
だいなし	dictionary	JMdict_e
だいば	dictionary	JMdict_e
だいめい	dictionary	JMdict_e
だいりにん	dictionary	JMdict_e
だからこそ	dictionary	JMdict_e
だっかん	dictionary	JMdict_e
だっそう	dictionary	JMdict_e
だったい	dictionary	JMdict_e
だんあつ	dictionary	JMdict_e
だんがん	dictionary	JMdict_e
だんけつ	dictionary	JMdict_e
だんご	dictionary	JMdict_e
だんしゃく	dictionary	JMdict_e
だんじ	dictionary	JMdict_e
だんだんに	pending	JMdict_e
だんち	dictionary	JMdict_e
だんぺん	dictionary	JMdict_e
だんぼう	dictionary	JMdict_e
ちあん	dictionary	JMdict_e
ちい	dictionary	JMdict_e
ちえん	dictionary	JMdict_e
ちかづけ	pending	JMdict_e
ちけい	dictionary	JMdict_e
ちさい	dictionary	JMdict_e
ちじょ	dictionary	JMdict_e
ちじん	dictionary	JMdict_e
ちちゅう	dictionary	JMdict_e
ちつ	dictionary	JMdict_e
ちと	dictionary	JMdict_e
ちび	dictionary	JMdict_e
ちまえ	pending	JMdict_e
ちめい	dictionary	JMdict_e
ちめいど	dictionary	JMdict_e
ちゃくしゅ	dictionary	JMdict_e
ちゃくしん	dictionary	JMdict_e
ちゃくりく	dictionary	JMdict_e
ちゅうこうせい	dictionary	JMdict_e
ちゅうじつ	dictionary	JMdict_e
ちゅうすう	dictionary	JMdict_e
ちゅうだん	dictionary	JMdict_e
ちゅうとう	dictionary	JMdict_e
ちょうかい	dictionary	JMdict_e
ちょうきかん	dictionary	JMdict_e
ちょうきょり	dictionary	JMdict_e
ちょうしゅ	dictionary	JMdict_e
ちょうじゃ	dictionary	JMdict_e
ちょうじゅ	dictionary	JMdict_e
ちょうじょう	dictionary	JMdict_e
ちょうじん	dictionary	JMdict_e
ちょうだい	dictionary	JMdict_e
ちょうてん	dictionary	JMdict_e
ちょうない	dictionary	JMdict_e
ちょうふく	dictionary	JMdict_e
ちょうほう	dictionary	JMdict_e
ちょうみ	dictionary	JMdict_e
ちょうわ	dictionary	JMdict_e
ちょうん	pending	JMdict_e
ちょくせつてき	dictionary	JMdict_e
ちょっけつ	dictionary	JMdict_e
ちょっこう	dictionary	JMdict_e
ちり	dictionary	JMdict_e
ちんたい	dictionary	JMdict_e
っしょ	dictionary	JMdict_e
っぽ	pending	JMdict_e
ついき	dictionary	JMdict_e
ついつい	dictionary	JMdict_e
ついとう	dictionary	JMdict_e
つうさん	dictionary	JMdict_e
つうろ	dictionary	JMdict_e
つかいがって	dictionary	JMdict_e
つかいすて	dictionary	JMdict_e
つかいわけ	dictionary	JMdict_e
つかもと	pending	JMdict_e
つきじ	dictionary	JMdict_e
つくりかた	dictionary	JMdict_e
つくりだし	pending	JMdict_e
つくりだす	dictionary	JMdict_e
つじ	dictionary	JMdict_e
つたわら	pending	JMdict_e
つなげ	pending	JMdict_e
つなみ	dictionary	JMdict_e
つばき	dictionary	JMdict_e
つぶし	pending	JMdict_e
つぶやき	dictionary	JMdict_e
つま	dictionary	JMdict_e
つら	dictionary	JMdict_e
つんでれ	dictionary	JMdict_e
つんのめる	dictionary	JMdict_e
づのおかといい	pending	JMdict_e
ていげん	dictionary	JMdict_e
ていしゃ	dictionary	JMdict_e
ていしょう	dictionary	JMdict_e
ていすう	dictionary	JMdict_e
ていせい	dictionary	JMdict_e
ていめい	dictionary	JMdict_e
てぇ	pending	JMdict_e
てえ	dictionary	JMdict_e
てきおう	dictionary	JMdict_e
てきかく	dictionary	JMdict_e
てきせい	dictionary	JMdict_e
てきど	dictionary	JMdict_e
てだすけ	dictionary	JMdict_e
てっきょ	dictionary	JMdict_e
てっきり	dictionary	JMdict_e
てつや	dictionary	JMdict_e
てづくり	dictionary	JMdict_e
てのひら	dictionary	JMdict_e
てはい	dictionary	JMdict_e
てばなし	dictionary	JMdict_e
てれあさ	pending	JMdict_e
てんくう	dictionary	JMdict_e
てんしょう	dictionary	JMdict_e
てんじん	dictionary	JMdict_e
てんすう	dictionary	JMdict_e
てんそう	dictionary	JMdict_e
てんない	dictionary	JMdict_e
てんらく	dictionary	JMdict_e
てんらん	dictionary	JMdict_e
でっかい	dictionary	JMdict_e
でみせ	dictionary	JMdict_e
でよ	dictionary	JMdict_e
とうか	dictionary	JMdict_e
とうげ	dictionary	JMdict_e
とうざい	dictionary	JMdict_e
とうしょう	dictionary	JMdict_e
とうじしゃ	dictionary	JMdict_e
とうせい	dictionary	JMdict_e
とうそう	dictionary	JMdict_e
とうとう	dictionary	JMdict_e
とうとつ	dictionary	JMdict_e
とうなん	dictionary	JMdict_e
とうばつ	dictionary	JMdict_e
とうべん	dictionary	JMdict_e
とうめん	dictionary	JMdict_e
とうろん	dictionary	JMdict_e
ときどき	dictionary	JMdict_e
ときに	dictionary	JMdict_e
とくぎ	dictionary	JMdict_e
とくひょう	dictionary	JMdict_e
とことん	dictionary	JMdict_e
としょ	dictionary	JMdict_e
とっこう	dictionary	JMdict_e
とつじょ	dictionary	JMdict_e
とめ	dictionary	JMdict_e
とよしま	pending	JMdict_e
とりくん	pending	JMdict_e
とりけし	dictionary	JMdict_e
とりこん	pending	JMdict_e
とりにく	dictionary	JMdict_e
どい	pending	JMdict_e
どういたしまして	dictionary	JMdict_e
どういつ	dictionary	JMdict_e
どうじょう	dictionary	JMdict_e
どうぜん	dictionary	JMdict_e
どうそうかい	dictionary	JMdict_e
どうちゅう	dictionary	JMdict_e
どうとう	dictionary	JMdict_e
どうとく	dictionary	JMdict_e
どうねん	dictionary	JMdict_e
どうみゃく	dictionary	JMdict_e
どうりょく	dictionary	JMdict_e
どげざ	dictionary	JMdict_e
どしゃ	dictionary	JMdict_e
どぼく	dictionary	JMdict_e
どや	dictionary	JMdict_e
どらえもん	pending	JMdict_e
どり	dictionary	JMdict_e
ないしん	dictionary	JMdict_e
ないそう	dictionary	JMdict_e
ないめん	dictionary	JMdict_e
なおし	dictionary	JMdict_e
なかがわ	dictionary	JMdict_e
なかはら	pending	JMdict_e
なかろ	pending	JMdict_e
ながいき	dictionary	JMdict_e
ながおか	pending	JMdict_e
なくす	dictionary	JMdict_e
なけりゃ	dictionary	JMdict_e
なぞ	dictionary	JMdict_e
なつ	dictionary	JMdict_e
なの	dictionary	JMdict_e
なのに	dictionary	JMdict_e
なは	dictionary	JMdict_e
なめ	dictionary	JMdict_e
なわ	dictionary	JMdict_e
なんせい	dictionary	JMdict_e
なんぞ	dictionary	JMdict_e
なんだかんだ	dictionary	JMdict_e
なんべい	dictionary	JMdict_e
なんぼく	dictionary	JMdict_e
なんみん	dictionary	JMdict_e
にあたって	dictionary	JMdict_e
におい	dictionary	JMdict_e
にく	dictionary	JMdict_e
にくしみ	dictionary	JMdict_e
にくしょく	dictionary	JMdict_e
にこ	dictionary	JMdict_e
にしがわ	dictionary	JMdict_e
にしぐち	dictionary	JMdict_e
にしにほん	dictionary	JMdict_e
にしのみや	pending	JMdict_e
にしむら	pending	JMdict_e
にっかん	dictionary	JMdict_e
にっし	dictionary	JMdict_e
にってれ	pending	JMdict_e
にのみや	dictionary	JMdict_e
にほんかい	dictionary	JMdict_e
にまつわる	pending	JMdict_e
にゅうきん	dictionary	JMdict_e
にゅうたい	dictionary	JMdict_e
にょう	dictionary	JMdict_e
にわたって	dictionary	JMdict_e
にんてんどう	dictionary	JMdict_e
にんぷ	dictionary	JMdict_e
ぬいぐるみ	dictionary	JMdict_e
ねあげ	dictionary	JMdict_e
ねさげ	dictionary	JMdict_e
ねっきょう	dictionary	JMdict_e
ねんしょう	dictionary	JMdict_e
ねんじゅう	dictionary	JMdict_e
ねんちゃく	dictionary	JMdict_e
ねんない	dictionary	JMdict_e
ねんまつねんし	dictionary	JMdict_e
のうじょう	dictionary	JMdict_e
のうぜんかずら	dictionary	JMdict_e
のうみん	dictionary	JMdict_e
のうやく	dictionary	JMdict_e
のぎざか	pending	JMdict_e
のけ	pending	JMdict_e
のだ	dictionary	JMdict_e
のりくみ	dictionary	JMdict_e
のん	dictionary	JMdict_e
はいいろ	dictionary	JMdict_e
はいきょ	dictionary	JMdict_e
はいご	dictionary	JMdict_e
はいごう	dictionary	JMdict_e
はいしゅつ	dictionary	JMdict_e
はいせん	dictionary	JMdict_e
はいそう	dictionary	JMdict_e
はいぶん	dictionary	JMdict_e
はいれつ	dictionary	JMdict_e
はくちょう	dictionary	JMdict_e
はじまり	dictionary	JMdict_e
はじめまして	dictionary	JMdict_e
はじめる	dictionary	JMdict_e
はずれ	dictionary	JMdict_e
はた	dictionary	JMdict_e
はっしょう	dictionary	JMdict_e
はっちゅう	dictionary	JMdict_e
はっぱ	dictionary	JMdict_e
はつこい	dictionary	JMdict_e
はつじょう	dictionary	JMdict_e
はてな	dictionary	JMdict_e
はとやま	pending	JMdict_e
はな	dictionary	JMdict_e
はなし	dictionary	JMdict_e
はなしあい	dictionary	JMdict_e
はなせる	dictionary	JMdict_e
はばひろく	pending	JMdict_e
はまさき	pending	JMdict_e
はままつ	dictionary	JMdict_e
はめつ	dictionary	JMdict_e
はやおき	dictionary	JMdict_e
はやぶさ	dictionary	JMdict_e
はんがく	dictionary	JMdict_e
はんきゅう	dictionary	JMdict_e
はんきょう	dictionary	JMdict_e
はんぎゃく	dictionary	JMdict_e
はんけい	dictionary	JMdict_e
はんげき	dictionary	JMdict_e
はんこう	dictionary	JMdict_e
はんざわ	pending	JMdict_e
はんしま	pending	JMdict_e
はんする	dictionary	JMdict_e
はんそう	dictionary	JMdict_e
はんてん	dictionary	JMdict_e
はんどう	dictionary	JMdict_e
はんどうたい	dictionary	JMdict_e
はんにち	dictionary	JMdict_e
はんべつ	dictionary	JMdict_e
ばいりつ	dictionary	JMdict_e
ばくだい	dictionary	JMdict_e
ばくにゅう	dictionary	JMdict_e
ばくは	dictionary	JMdict_e
ばくふ	dictionary	JMdict_e
ばくまつ	dictionary	JMdict_e
ばしゃ	dictionary	JMdict_e
ばすてい	pending	JMdict_e
ばっすい	dictionary	JMdict_e
ばつぐん	dictionary	JMdict_e
ばばあ	dictionary	JMdict_e
ばり	dictionary	JMdict_e
ばりき	dictionary	JMdict_e
ばれ	pending	JMdict_e
ばんて	dictionary	JMdict_e
ぱずるだま	pending	JMdict_e
ぱっかりと	pending	JMdict_e
ぱとりっく	pending	JMdict_e
ひかり	dictionary	JMdict_e
ひがわり	dictionary	JMdict_e
ひきこもら	pending	JMdict_e
ひきつい	pending	JMdict_e
ひけつ	dictionary	JMdict_e
ひげ	dictionary	JMdict_e
ひこうしき	dictionary	JMdict_e
ひざ	dictionary	JMdict_e
ひじりなる	pending	JMdict_e
ひだりがわ	dictionary	JMdict_e
ひだりて	dictionary	JMdict_e
ひできち	pending	JMdict_e
ひとごろし	dictionary	JMdict_e
ひとじち	dictionary	JMdict_e
ひとで	dictionary	JMdict_e
ひとまえ	dictionary	JMdict_e
ひど	pending	JMdict_e
ひにく	dictionary	JMdict_e
ひの	pending	JMdict_e
ひまわり	dictionary	JMdict_e
ひゃっかてん	dictionary	JMdict_e
ひやく	dictionary	JMdict_e
ひょうしょう	dictionary	JMdict_e
ひれい	dictionary	JMdict_e
ひんしゅ	dictionary	JMdict_e
びさひもまさみ	pending	JMdict_e
びたいかい	pending	JMdict_e
びょうとう	dictionary	JMdict_e
びるらじお	pending	JMdict_e
びんじょう	dictionary	JMdict_e
ぴゃくごじゅう	pending	JMdict_e
ふぃりっぷ	pending	JMdict_e
ふうとう	dictionary	JMdict_e
ふかけつ	dictionary	JMdict_e
ふきかえ	dictionary	JMdict_e
ふきょう	dictionary	JMdict_e
ふくさよう	dictionary	JMdict_e
ふくぶくろ	dictionary	JMdict_e
ふくやま	pending	JMdict_e
ふくらまさ	pending	JMdict_e
ふごう	dictionary	JMdict_e
ふさわしい	dictionary	JMdict_e
ふざい	dictionary	JMdict_e
ふしぜん	dictionary	JMdict_e
ふしょうじ	dictionary	JMdict_e
ふしん	dictionary	JMdict_e
ふじさわ	pending	JMdict_e
ふじさん	dictionary	JMdict_e
ふじわら	pending	JMdict_e
ふぜん	dictionary	JMdict_e
ふた	dictionary	JMdict_e
ふたつ	dictionary	JMdict_e
ふちょう	dictionary	JMdict_e
ふっきゅう	dictionary	JMdict_e
ふてきせつ	dictionary	JMdict_e
ふで	dictionary	JMdict_e
ふなばし	dictionary	JMdict_e
ふへん	dictionary	JMdict_e
ふべん	dictionary	JMdict_e
ふらんしす	pending	JMdict_e
ふらんすご	pending	JMdict_e
ふる	dictionary	JMdict_e
ふるわせる	dictionary	JMdict_e
ふれ	dictionary	JMdict_e
ふろく	dictionary	JMdict_e
ふわふわ	dictionary	JMdict_e
ふんとう	dictionary	JMdict_e
ぶかつ	dictionary	JMdict_e
ぶぞく	dictionary	JMdict_e
ぶたにく	dictionary	JMdict_e
ぶっくす	pending	JMdict_e
ぶっしゅ	dictionary	JMdict_e
ぶつりゅう	dictionary	JMdict_e
ぶなん	dictionary	JMdict_e
ぶりょく	dictionary	JMdict_e
ぶる	dictionary	JMdict_e
ぶんかざい	dictionary	JMdict_e
ぶんけい	dictionary	JMdict_e
ぶんけん	dictionary	JMdict_e
ぶんし	dictionary	JMdict_e
ぶんしゅん	pending	JMdict_e
ぶんだん	dictionary	JMdict_e
ぶんぴつ	dictionary	JMdict_e
ぶんぷ	dictionary	JMdict_e
ぶんれつ	dictionary	JMdict_e
ぷいぷいい	pending	JMdict_e
ぷくちゃん	pending	JMdict_e
ぷりぱら	pending	JMdict_e
へいあん	dictionary	JMdict_e
へいこう	dictionary	JMdict_e
へいしゃ	dictionary	JMdict_e
へいせつ	dictionary	JMdict_e
へいたい	dictionary	JMdict_e
へいてん	dictionary	JMdict_e
へいぼん	dictionary	JMdict_e
へつ	pending	JMdict_e
へんけい	dictionary	JMdict_e
へんさ	dictionary	JMdict_e
へんとう	dictionary	JMdict_e
べっと	dictionary	JMdict_e
べつめい	dictionary	JMdict_e
べんき	dictionary	JMdict_e
べんじょ	dictionary	JMdict_e
ほうい	dictionary	JMdict_e
ほうせい	dictionary	JMdict_e
ほきょう	dictionary	JMdict_e
ほくせい	dictionary	JMdict_e
ほくとう	dictionary	JMdict_e
ほけんしょ	dictionary	JMdict_e
ほし	dictionary	JMdict_e
ほしぞら	dictionary	JMdict_e
ほじゅう	dictionary	JMdict_e
ほぜん	dictionary	JMdict_e
ほのか	dictionary	JMdict_e
ほりえ	dictionary	JMdict_e
ほりゅう	dictionary	JMdict_e
ほりょ	dictionary	JMdict_e
ほんぎょう	dictionary	JMdict_e
ほんしょう	dictionary	JMdict_e
ほんすう	dictionary	JMdict_e
ほんせん	dictionary	JMdict_e
ほんば	dictionary	JMdict_e
ほんぶん	dictionary	JMdict_e
ほんま	dictionary	JMdict_e
ほんや	dictionary	JMdict_e
ぼうげん	dictionary	JMdict_e
ぼうご	dictionary	JMdict_e
ぼうすい	dictionary	JMdict_e
ぼうず	dictionary	JMdict_e
ぼうび	dictionary	JMdict_e
ぼうめい	dictionary	JMdict_e
ぼうりょくだん	dictionary	JMdict_e
ぼきん	dictionary	JMdict_e
ぼこく	dictionary	JMdict_e
ぼし	dictionary	JMdict_e
ぼっしゅう	dictionary	JMdict_e
ぼにゅう	dictionary	JMdict_e
ぼん	dictionary	JMdict_e
ぽち	dictionary	JMdict_e
ぽん	dictionary	JMdict_e
まえかわ	pending	JMdict_e
まえむき	dictionary	JMdict_e
まくろす	pending	JMdict_e
まさしく	dictionary	JMdict_e
まじわし	pending	JMdict_e
まっき	dictionary	JMdict_e
まっさき	dictionary	JMdict_e
まっしょう	dictionary	JMdict_e
まったり	dictionary	JMdict_e
まつした	pending	JMdict_e
まつしま	pending	JMdict_e
まみれ	dictionary	JMdict_e
まもの	dictionary	JMdict_e
まゆ	dictionary	JMdict_e
まよなか	dictionary	JMdict_e
まるごと	dictionary	JMdict_e
まるだし	dictionary	JMdict_e
まわし	dictionary	JMdict_e
まんせい	dictionary	JMdict_e
まんてん	dictionary	JMdict_e
まんま	dictionary	JMdict_e
みうち	dictionary	JMdict_e
みえる	dictionary	JMdict_e
みかん	dictionary	JMdict_e
みこ	dictionary	JMdict_e
みしぇる	pending	JMdict_e
みしらぬ	dictionary	JMdict_e
みずいろ	dictionary	JMdict_e
みずほ	dictionary	JMdict_e
みせ	dictionary	JMdict_e
みせる	dictionary	JMdict_e
みそ	dictionary	JMdict_e
みそしる	dictionary	JMdict_e
みつけ	dictionary	JMdict_e
みつびし	dictionary	JMdict_e
みてい	dictionary	JMdict_e
みどり	dictionary	JMdict_e
みなさま	dictionary	JMdict_e
みなみ	dictionary	JMdict_e
みの	dictionary	JMdict_e
みのり	dictionary	JMdict_e
みほん	dictionary	JMdict_e
みょうじ	dictionary	JMdict_e
みりょう	dictionary	JMdict_e
みんえい	dictionary	JMdict_e
みんしゅう	dictionary	JMdict_e
みんじ	dictionary	JMdict_e
むきあう	dictionary	JMdict_e
むじるし	dictionary	JMdict_e
むすう	dictionary	JMdict_e
むらかみ	pending	JMdict_e
むりょく	dictionary	JMdict_e
めあて	dictionary	JMdict_e
めいきゅう	dictionary	JMdict_e
めいぎ	dictionary	JMdict_e
めいじん	dictionary	JMdict_e
めいちゅう	dictionary	JMdict_e
めいはく	dictionary	JMdict_e
めいもく	dictionary	JMdict_e
めぐみ	dictionary	JMdict_e
めし	dictionary	JMdict_e
めだま	dictionary	JMdict_e
めんかい	dictionary	JMdict_e
めんじょ	dictionary	JMdict_e
めんどく	pending	JMdict_e
もうしこみ	dictionary	JMdict_e
もうちょい	dictionary	JMdict_e
もうふ	dictionary	JMdict_e
もうれつ	dictionary	JMdict_e
もくぞう	dictionary	JMdict_e
もさく	dictionary	JMdict_e
もちだし	dictionary	JMdict_e
もほう	dictionary	JMdict_e
もみ	dictionary	JMdict_e
もも	dictionary	JMdict_e
もらわ	pending	JMdict_e
もりおか	dictionary	JMdict_e
やあ	dictionary	JMdict_e
やき	dictionary	JMdict_e
やきそば	dictionary	JMdict_e
やくざいし	dictionary	JMdict_e
やくしょく	dictionary	JMdict_e
やくたつ	pending	JMdict_e
やくにたつ	dictionary	JMdict_e
やくひん	dictionary	JMdict_e
やこう	dictionary	JMdict_e
やせ	dictionary	JMdict_e
やちん	dictionary	JMdict_e
やっかい	dictionary	JMdict_e
やってくる	dictionary	JMdict_e
やば	dictionary	JMdict_e
やま	dictionary	JMdict_e
やまざき	pending	JMdict_e
やらかし	pending	JMdict_e
ゆい	pending	JMdict_e
ゆうえき	dictionary	JMdict_e
ゆうえん	dictionary	JMdict_e
ゆうかい	dictionary	JMdict_e
ゆうきゅう	dictionary	JMdict_e
ゆうけんしゃ	dictionary	JMdict_e
ゆうし	dictionary	JMdict_e
ゆうしょく	dictionary	JMdict_e
ゆうする	dictionary	JMdict_e
ゆうち	dictionary	JMdict_e
ゆうはん	dictionary	JMdict_e
ゆうふく	dictionary	JMdict_e
ゆかい	dictionary	JMdict_e
ゆず	dictionary	JMdict_e
ゆったり	dictionary	JMdict_e
ゆで	dictionary	JMdict_e
ゆみ	dictionary	JMdict_e
ようき	dictionary	JMdict_e
ようさい	dictionary	JMdict_e
ようへい	dictionary	JMdict_e
よお	dictionary	JMdict_e
よくねん	dictionary	JMdict_e
よけれ	pending	JMdict_e
よげん	dictionary	JMdict_e
よこすか	pending	JMdict_e
よこづな	dictionary	JMdict_e
よこやま	pending	JMdict_e
よしかわ	pending	JMdict_e
よしもと	pending	JMdict_e
よち	dictionary	JMdict_e
よっしゃ	dictionary	JMdict_e
よっぽど	dictionary	JMdict_e
よぶん	dictionary	JMdict_e
よべ	dictionary	JMdict_e
よほど	dictionary	JMdict_e
よみうりしんぶん	dictionary	JMdict_e
よみかた	dictionary	JMdict_e
よめさん	dictionary	JMdict_e
よん	dictionary	JMdict_e
らいあん	pending	JMdict_e
らいにち	dictionary	JMdict_e
らく	dictionary	JMdict_e
らくがき	dictionary	JMdict_e
らくしょう	dictionary	JMdict_e
らしき	dictionary	JMdict_e
らっしゃい	pending	JMdict_e
らてんご	pending	JMdict_e
られれ	pending	JMdict_e
らんぼう	dictionary	JMdict_e
りきし	dictionary	JMdict_e
りくつ	dictionary	JMdict_e
りす	dictionary	JMdict_e
りふじん	dictionary	JMdict_e
りべん	dictionary	JMdict_e
りゃくだつ	dictionary	JMdict_e
りゅうきゅう	dictionary	JMdict_e
りゅうにゅう	dictionary	JMdict_e
りょうこう	dictionary	JMdict_e
りょうごく	dictionary	JMdict_e
りょうしゃ	dictionary	JMdict_e
りょうよう	dictionary	JMdict_e
りょうりつ	dictionary	JMdict_e
りょかん	dictionary	JMdict_e
りんご	dictionary	JMdict_e
りんしょう	dictionary	JMdict_e
りんじ	dictionary	JMdict_e
りんせつ	dictionary	JMdict_e
るいじ	dictionary	JMdict_e
るる	dictionary	JMdict_e
れいせん	dictionary	JMdict_e
れつしま	pending	JMdict_e
れんきんじゅつ	dictionary	JMdict_e
れんけつ	dictionary	JMdict_e
れんこう	dictionary	JMdict_e
れんじつ	dictionary	JMdict_e
れんたい	dictionary	JMdict_e
れんだ	dictionary	JMdict_e
れんぱい	dictionary	JMdict_e
れんぱつ	dictionary	JMdict_e
れんめい	dictionary	JMdict_e
ろうか	dictionary	JMdict_e
ろうどく	dictionary	JMdict_e
ろうほう	dictionary	JMdict_e
ろうりょく	dictionary	JMdict_e
ろめん	dictionary	JMdict_e
わかれる	dictionary	JMdict_e
わがし	dictionary	JMdict_e
わくわく	dictionary	JMdict_e
わたくし	dictionary	JMdict_e
わたる	dictionary	JMdict_e
わふう	dictionary	JMdict_e
わりあて	dictionary	JMdict_e
わるい	dictionary	JMdict_e
わん	dictionary	JMdict_e
あいかた	dictionary	JMdict_e
あいこ	dictionary	JMdict_e
あいしょう	dictionary	JMdict_e
あいまい	dictionary	JMdict_e
あえ	dictionary	JMdict_e
あえぎ	dictionary	JMdict_e
あおば	dictionary	JMdict_e
あおり	dictionary	JMdict_e
あかし	dictionary	JMdict_e
あからさま	dictionary	JMdict_e
あかるく	pending	JMdict_e
あがりこん	pending	JMdict_e
あがれ	pending	JMdict_e
あきば	pending	JMdict_e
あきもと	pending	JMdict_e
あきら	pending	JMdict_e
あきる	dictionary	JMdict_e
あきれ	pending	JMdict_e
あく	dictionary	JMdict_e
あくよう	dictionary	JMdict_e
あけ	dictionary	JMdict_e
あける	dictionary	JMdict_e
あげく	dictionary	JMdict_e
あげつらう	dictionary	JMdict_e
あげれ	pending	JMdict_e
あこがれる	dictionary	JMdict_e
あご	dictionary	JMdict_e
あさの	pending	JMdict_e
あし	dictionary	JMdict_e
あじ	dictionary	JMdict_e
あじわう	dictionary	JMdict_e
あずかり	dictionary	JMdict_e
あそう	pending	JMdict_e
あそば	pending	JMdict_e
あそぶ	dictionary	JMdict_e
あそべ	pending	JMdict_e
あそべる	pending	JMdict_e
あそぼ	pending	JMdict_e
あたい	dictionary	JMdict_e
あたいする	dictionary	JMdict_e
あたえる	dictionary	JMdict_e
あたたかい	dictionary	JMdict_e
あたため	pending	JMdict_e
あたらしい	dictionary	JMdict_e
あっけない	dictionary	JMdict_e
あっけなく	pending	JMdict_e
あっけらかん	dictionary	JMdict_e
あったかい	dictionary	JMdict_e
あつ	dictionary	JMdict_e
あつい	dictionary	JMdict_e
あつかい	dictionary	JMdict_e
あつかわ	dictionary	JMdict_e
あつく	pending	JMdict_e
あつし	dictionary	JMdict_e
あてはまる	dictionary	JMdict_e
あてはめる	dictionary	JMdict_e
あとあと	dictionary	JMdict_e
あとおし	dictionary	JMdict_e
あとずさり	dictionary	JMdict_e
あとち	dictionary	JMdict_e
あど	dictionary	JMdict_e
あに	dictionary	JMdict_e
あばれ	pending	JMdict_e
あひる	dictionary	JMdict_e
あび	dictionary	JMdict_e
あびる	dictionary	JMdict_e
あぶ	dictionary	JMdict_e
あぶら	dictionary	JMdict_e
あまく	pending	JMdict_e
あまみ	dictionary	JMdict_e
あめ	dictionary	JMdict_e
あやせ	pending	JMdict_e
あやつる	dictionary	JMdict_e
あやまち	dictionary	JMdict_e
あやまり	dictionary	JMdict_e
あやまる	dictionary	JMdict_e
あらい	dictionary	JMdict_e
あらき	dictionary	JMdict_e
あらし	dictionary	JMdict_e
あらためて	dictionary	JMdict_e
あらっぽい	dictionary	JMdict_e
あらわし	pending	JMdict_e
あらわす	dictionary	JMdict_e
あらわれ	dictionary	JMdict_e
ありあまる	dictionary	JMdict_e
ありがたく	pending	JMdict_e
ありとあらゆる	dictionary	JMdict_e
あるい	pending	JMdict_e
あるく	dictionary	JMdict_e
あれん	dictionary	JMdict_e
あわせる	dictionary	JMdict_e
あわて	pending	JMdict_e
あわよくば	dictionary	JMdict_e
あんがい	dictionary	JMdict_e
あんき	dictionary	JMdict_e
あんじ	dictionary	JMdict_e
あんず	dictionary	JMdict_e
あんど	dictionary	JMdict_e
あんどう	dictionary	JMdict_e
あんのじょう	dictionary	JMdict_e
いいかげん	dictionary	JMdict_e
いいだ	pending	JMdict_e
いいぶん	dictionary	JMdict_e
いお	dictionary	JMdict_e
いかがわしい	dictionary	JMdict_e
いかし	pending	JMdict_e
いかる	dictionary	JMdict_e
いくた	dictionary	JMdict_e
いけぞんざい	dictionary	JMdict_e
いけだ	pending	JMdict_e
いしだ	pending	JMdict_e
いじり	dictionary	JMdict_e
いず	dictionary	JMdict_e
いずみ	dictionary	JMdict_e
いそ	dictionary	JMdict_e
いそが	pending	JMdict_e
いそがし	pending	JMdict_e
いそがしく	pending	JMdict_e
いたい	dictionary	JMdict_e
いたく	dictionary	JMdict_e
いたみ	dictionary	JMdict_e
いため	dictionary	JMdict_e
いたら	pending	JMdict_e
いだい	dictionary	JMdict_e
いちじるしく	dictionary	JMdict_e
いちず	dictionary	JMdict_e
いちどう	dictionary	JMdict_e
いちゃつき	pending	JMdict_e
いちょう	dictionary	JMdict_e
いっか	dictionary	JMdict_e
いっかん	dictionary	JMdict_e
いっきょ	dictionary	JMdict_e
いっけん	dictionary	JMdict_e
いっこうに	dictionary	JMdict_e
いっさい	dictionary	JMdict_e
いっさくじつ	dictionary	JMdict_e
いっせい	dictionary	JMdict_e
いっせん	dictionary	JMdict_e
いっそう	dictionary	JMdict_e
いっちょう	dictionary	JMdict_e
いつくしま	pending	JMdict_e
いつのまに	dictionary	JMdict_e
いつのまにか	dictionary	JMdict_e
いつわり	dictionary	JMdict_e
いてん	dictionary	JMdict_e
いとし	pending	JMdict_e
いとしい	dictionary	JMdict_e
いぬ	dictionary	JMdict_e
いねだ	pending	JMdict_e
いのち	dictionary	JMdict_e
いのり	dictionary	JMdict_e
いふく	dictionary	JMdict_e
いぶ	dictionary	JMdict_e
いまひとつ	dictionary	JMdict_e
いまや	dictionary	JMdict_e
いみじくも	dictionary	JMdict_e
いやぁ	dictionary	JMdict_e
いやがる	dictionary	JMdict_e
いやし	dictionary	JMdict_e
いやらしい	dictionary	JMdict_e
いよう	dictionary	JMdict_e
いらい	dictionary	JMdict_e
いらん	dictionary	JMdict_e
いるか	dictionary	JMdict_e
いれずみ	dictionary	JMdict_e
いれる	dictionary	JMdict_e
いろあい	dictionary	JMdict_e
いろは	dictionary	JMdict_e
いわう	dictionary	JMdict_e
いわき	dictionary	JMdict_e
いわさき	pending	JMdict_e
いんが	dictionary	JMdict_e
いんし	dictionary	JMdict_e
いんせき	dictionary	JMdict_e
いんぺい	dictionary	JMdict_e
いんらん	dictionary	JMdict_e
ううん	dictionary	JMdict_e
うえ	dictionary	JMdict_e
うえだ	pending	JMdict_e
うか	dictionary	JMdict_e
うかがえる	pending	JMdict_e
うかば	pending	JMdict_e
うけつい	pending	JMdict_e
うけつけ	dictionary	JMdict_e
うけとり	dictionary	JMdict_e
うける	dictionary	JMdict_e
うごかす	dictionary	JMdict_e
うごけ	pending	JMdict_e
うさ	dictionary	JMdict_e
うすく	pending	JMdict_e
うたい	dictionary	JMdict_e
うちあげ	dictionary	JMdict_e
うちだ	pending	JMdict_e
うってつけ	dictionary	JMdict_e
うっとうし	pending	JMdict_e
うっとうしい	dictionary	JMdict_e
うつくし	pending	JMdict_e
うつくしく	pending	JMdict_e
うつし	dictionary	JMdict_e
うつす	dictionary	JMdict_e
うつのみや	dictionary	JMdict_e
うつり	dictionary	JMdict_e
うつる	dictionary	JMdict_e
うて	pending	JMdict_e
うど	dictionary	JMdict_e
うながし	pending	JMdict_e
うながす	dictionary	JMdict_e
うの	pending	JMdict_e
うばう	dictionary	JMdict_e
うみだし	pending	JMdict_e
うめだ	pending	JMdict_e
うもれ	pending	JMdict_e
うらない	dictionary	JMdict_e
うらやまし	pending	JMdict_e
うりきれ	dictionary	JMdict_e
うるさく	pending	JMdict_e
うるとらまん	pending	JMdict_e
うれしく	pending	JMdict_e
うれる	dictionary	JMdict_e
うろ	dictionary	JMdict_e
うわさ	dictionary	JMdict_e
うんぬん	dictionary	JMdict_e
えいよ	dictionary	JMdict_e
えかき	dictionary	JMdict_e
えがけ	pending	JMdict_e
えこ	dictionary	JMdict_e
えっきょう	dictionary	JMdict_e
えっち	dictionary	JMdict_e
えつ	dictionary	JMdict_e
えひめ	dictionary	JMdict_e
えび	dictionary	JMdict_e
えびす	dictionary	JMdict_e
えま	dictionary	JMdict_e
えら	dictionary	JMdict_e
えらび	dictionary	JMdict_e
えらべ	pending	JMdict_e
えんきょり	dictionary	JMdict_e
えんげい	dictionary	JMdict_e
えんご	dictionary	JMdict_e
えんじん	dictionary	JMdict_e
えんぴつ	dictionary	JMdict_e
えんぶん	dictionary	JMdict_e
えんりょなく	dictionary	JMdict_e
えゔぁ	pending	JMdict_e
おいかけ	pending	JMdict_e
おいかける	dictionary	JMdict_e
おいこま	pending	JMdict_e
おいしゅう	pending	JMdict_e
おいつい	pending	JMdict_e
おいる	dictionary	JMdict_e
おいん	pending	JMdict_e
おうかん	dictionary	JMdict_e
おうぎ	dictionary	JMdict_e
おうけ	dictionary	JMdict_e
おうざ	dictionary	JMdict_e
おうちょう	dictionary	JMdict_e
おえる	dictionary	JMdict_e
おおいに	dictionary	JMdict_e
おおう	dictionary	JMdict_e
おおきい	dictionary	JMdict_e
おおきめ	dictionary	JMdict_e
おおげさ	dictionary	JMdict_e
おおた	pending	JMdict_e
おおつ	dictionary	JMdict_e
おかえし	dictionary	JMdict_e
おかえりなさい	dictionary	JMdict_e
おかさ	pending	JMdict_e
おかし	dictionary	JMdict_e
おかす	dictionary	JMdict_e
おかだ	pending	JMdict_e
おくる	dictionary	JMdict_e
おくれる	dictionary	JMdict_e
おぐら	pending	JMdict_e
おこさ	pending	JMdict_e
おこし	dictionary	JMdict_e
おこない	dictionary	JMdict_e
おこなえる	pending	JMdict_e
おさえ	dictionary	JMdict_e
おさない	dictionary	JMdict_e
おさまる	dictionary	JMdict_e
おざわ	pending	JMdict_e
おしい	dictionary	JMdict_e
おしゃぶり	dictionary	JMdict_e
おしり	dictionary	JMdict_e
おじいさん	dictionary	JMdict_e
おじょうさん	dictionary	JMdict_e
おす	dictionary	JMdict_e
おせっかい	dictionary	JMdict_e
おそい	dictionary	JMdict_e
おそらくは	dictionary	JMdict_e
おそろしく	pending	JMdict_e
おそわ	pending	JMdict_e
おぞましい	dictionary	JMdict_e
おたから	dictionary	JMdict_e
おだやか	dictionary	JMdict_e
おちいる	dictionary	JMdict_e
おちつく	dictionary	JMdict_e
おちつけ	pending	JMdict_e
おちゃらけ	pending	JMdict_e
おっちょこちょい	dictionary	JMdict_e
おとうさん	dictionary	JMdict_e
おとし	dictionary	JMdict_e
おとしめる	dictionary	JMdict_e
おとずれる	dictionary	JMdict_e
おとなしい	dictionary	JMdict_e
おとめ	dictionary	JMdict_e
おとろえ	dictionary	JMdict_e
おどら	pending	JMdict_e
おどり	dictionary	JMdict_e
おどる	dictionary	JMdict_e
おどろおどろしい	dictionary	JMdict_e
おにあい	dictionary	JMdict_e
おのずから	dictionary	JMdict_e
おのれ	dictionary	JMdict_e
おばけ	dictionary	JMdict_e
おばま	pending	JMdict_e
おび	dictionary	JMdict_e
おびえ	dictionary	JMdict_e
おびただしい	dictionary	JMdict_e
おふろ	dictionary	JMdict_e
おぼえる	dictionary	JMdict_e
おぼつかない	dictionary	JMdict_e
おぼれ	pending	JMdict_e
おめでたい	dictionary	JMdict_e
おもいこみ	dictionary	JMdict_e
おもいだせ	pending	JMdict_e
おもいつい	pending	JMdict_e
おもいつか	pending	JMdict_e
おもいつき	dictionary	JMdict_e
おもいとうり	pending	JMdict_e
おもいやり	dictionary	JMdict_e
おもく	pending	JMdict_e
おもなる	dictionary	JMdict_e
おもむろに	dictionary	JMdict_e
おもろい	dictionary	JMdict_e
おもわく	dictionary	JMdict_e
およい	pending	JMdict_e
およぐ	dictionary	JMdict_e
およぶ	dictionary	JMdict_e
およぼす	dictionary	JMdict_e
およん	pending	JMdict_e
おりる	dictionary	JMdict_e
おわ	pending	JMdict_e
おわる	dictionary	JMdict_e
おわれ	pending	JMdict_e
おんな	dictionary	JMdict_e
おんぱ	dictionary	JMdict_e
かあさん	dictionary	JMdict_e
かあちゃん	dictionary	JMdict_e
かいかい	dictionary	JMdict_e
かいき	dictionary	JMdict_e
かいきん	dictionary	JMdict_e
かいくぐる	dictionary	JMdict_e
かいけいし	dictionary	JMdict_e
かいしょう	dictionary	JMdict_e
かいじゅう	dictionary	JMdict_e
かいてい	dictionary	JMdict_e
かいとり	dictionary	JMdict_e
かう	dictionary	JMdict_e
かえ	dictionary	JMdict_e
かえし	dictionary	JMdict_e
かえせ	pending	JMdict_e
かえりみち	dictionary	JMdict_e
かえる	dictionary	JMdict_e
かえれる	pending	JMdict_e
かえろ	pending	JMdict_e
かおだし	dictionary	JMdict_e
かか	dictionary	JMdict_e
かかげ	pending	JMdict_e
かかげる	dictionary	JMdict_e
かかわり	dictionary	JMdict_e
かがつ	pending	JMdict_e
かがやい	pending	JMdict_e
かがやき	dictionary	JMdict_e
かがやく	dictionary	JMdict_e
かきおろし	dictionary	JMdict_e
かきかえ	dictionary	JMdict_e
かきこみ	dictionary	JMdict_e
かぎ	dictionary	JMdict_e
かぎる	dictionary	JMdict_e
かくぎ	dictionary	JMdict_e
かくす	dictionary	JMdict_e
かくせ	dictionary	JMdict_e
かくせい	dictionary	JMdict_e
かくとうぎ	dictionary	JMdict_e
かくど	dictionary	JMdict_e
かくのう	dictionary	JMdict_e
かぐ	dictionary	JMdict_e
かぐら	dictionary	JMdict_e
かけあわせる	dictionary	JMdict_e
かけつけ	pending	JMdict_e
かけつける	dictionary	JMdict_e
かけら	dictionary	JMdict_e
かこ	dictionary	JMdict_e
かご	dictionary	JMdict_e
かごう	dictionary	JMdict_e
かさねる	dictionary	JMdict_e
かさん	dictionary	JMdict_e
かざま	pending	JMdict_e
かざり	dictionary	JMdict_e
かざん	dictionary	JMdict_e
かしこい	dictionary	JMdict_e
かしま	dictionary	JMdict_e
かしょう	dictionary	JMdict_e
かす	dictionary	JMdict_e
かすが	pending	JMdict_e
かずや	dictionary	JMdict_e
かせい	dictionary	JMdict_e
かせげる	dictionary	JMdict_e
かぜ	dictionary	JMdict_e
かそ	dictionary	JMdict_e
かぞえ	dictionary	JMdict_e
かぞえる	dictionary	JMdict_e
かたい	dictionary	JMdict_e
かたかな	dictionary	JMdict_e
かたく	dictionary	JMdict_e
かたすみ	dictionary	JMdict_e
かたつむり	dictionary	JMdict_e
かたづける	dictionary	JMdict_e
かたむけ	pending	JMdict_e
かため	dictionary	JMdict_e
かたら	pending	JMdict_e
かたん	dictionary	JMdict_e
かち	dictionary	JMdict_e
かっか	dictionary	JMdict_e
かっきてき	dictionary	JMdict_e
かっこういい	dictionary	JMdict_e
かっこよさ	pending	JMdict_e
かっそう	dictionary	JMdict_e
かっぱえびせん	pending	JMdict_e
かてる	pending	JMdict_e
かでん	dictionary	JMdict_e
かとり	dictionary	JMdict_e
かなう	dictionary	JMdict_e
かなし	pending	JMdict_e
かなしみ	dictionary	JMdict_e
かならずしも	dictionary	JMdict_e
かに	dictionary	JMdict_e
かねこ	pending	JMdict_e
かねてから	dictionary	JMdict_e
かはんすう	dictionary	JMdict_e
かび	dictionary	JMdict_e
かぶ	dictionary	JMdict_e
かまえ	dictionary	JMdict_e
かまくら	dictionary	JMdict_e
かみや	dictionary	JMdict_e
かむ	dictionary	JMdict_e
かやく	dictionary	JMdict_e
かよう	dictionary	JMdict_e
からす	dictionary	JMdict_e
からま	pending	JMdict_e
からみ	dictionary	JMdict_e
からむ	dictionary	JMdict_e
からめ	dictionary	JMdict_e
からん	dictionary	JMdict_e
かりに	dictionary	JMdict_e
かる	dictionary	JMdict_e
かれん	dictionary	JMdict_e
かろうじて	dictionary	JMdict_e
かわ	dictionary	JMdict_e
かわいがり	dictionary	JMdict_e
かわいらし	pending	JMdict_e
かわいらしい	dictionary	JMdict_e
かわいらしく	pending	JMdict_e
かわく	dictionary	JMdict_e
かわら	dictionary	JMdict_e
かわる	dictionary	JMdict_e
かわるがわる	dictionary	JMdict_e
かわれ	pending	JMdict_e
かんがえる	dictionary	JMdict_e
かんきん	dictionary	JMdict_e
かんげん	dictionary	JMdict_e
かんこう	dictionary	JMdict_e
かんごく	dictionary	JMdict_e
かんじょう	dictionary	JMdict_e
かんじん	dictionary	JMdict_e
かんせん	dictionary	JMdict_e
かんづめ	dictionary	JMdict_e
かんてい	dictionary	JMdict_e
かんべん	dictionary	JMdict_e
かんよう	dictionary	JMdict_e
かんらんしゃ	dictionary	JMdict_e
がいし	dictionary	JMdict_e
がす	dictionary	JMdict_e
がちがち	dictionary	JMdict_e
がまん	dictionary	JMdict_e
がんがん	dictionary	JMdict_e
がんこ	dictionary	JMdict_e
がんばり	dictionary	JMdict_e
がんばる	dictionary	JMdict_e
がんばろ	pending	JMdict_e
きいろ	dictionary	JMdict_e
きかさ	pending	JMdict_e
きがえ	dictionary	JMdict_e
きがる	dictionary	JMdict_e
きき	dictionary	JMdict_e
きぐ	dictionary	JMdict_e
きけ	pending	JMdict_e
きける	dictionary	JMdict_e
きこ	dictionary	JMdict_e
きこう	dictionary	JMdict_e
きざま	pending	JMdict_e
きしつ	dictionary	JMdict_e
きしょう	dictionary	JMdict_e
きしょうちょう	dictionary	JMdict_e
きじつ	dictionary	JMdict_e
きす	dictionary	JMdict_e
きずつく	dictionary	JMdict_e
きずつける	dictionary	JMdict_e
きずな	dictionary	JMdict_e
きせいちゅう	dictionary	JMdict_e
きぜつ	dictionary	JMdict_e
きちがい	dictionary	JMdict_e
きちじょうじ	pending	JMdict_e
きっぷ	dictionary	JMdict_e
きつ	dictionary	JMdict_e
きつく	pending	JMdict_e
きつけ	dictionary	JMdict_e
きつね	dictionary	JMdict_e
きづい	pending	JMdict_e
きづかい	dictionary	JMdict_e
きづき	dictionary	JMdict_e
きづく	dictionary	JMdict_e
きてぃ	pending	JMdict_e
きどり	dictionary	JMdict_e
きない	dictionary	JMdict_e
きのう	dictionary	JMdict_e
きば	dictionary	JMdict_e
きばん	dictionary	JMdict_e
きびし	pending	JMdict_e
きまぐれ	dictionary	JMdict_e
きまる	dictionary	JMdict_e
きめ	dictionary	JMdict_e
きゃくせき	dictionary	JMdict_e
きゃす	pending	JMdict_e
きゅういん	dictionary	JMdict_e
きゅうきゅうしゃ	dictionary	JMdict_e
きゅうこう	dictionary	JMdict_e
きゅうじょ	dictionary	JMdict_e
きゅうじょうしょう	dictionary	JMdict_e
きゅうせいしゅ	dictionary	JMdict_e
きょうえい	dictionary	JMdict_e
きょうこ	dictionary	JMdict_e
きょうごく	pending	JMdict_e
きょうし	dictionary	JMdict_e
きょうしゅ	dictionary	JMdict_e
きょうしょ	dictionary	JMdict_e
きょうせい	dictionary	JMdict_e
きょうそう	dictionary	JMdict_e
きょうふう	dictionary	JMdict_e
きょうふしょう	dictionary	JMdict_e
きょくせん	dictionary	JMdict_e
きょくめん	dictionary	JMdict_e
きょくりょく	dictionary	JMdict_e
きよ	dictionary	JMdict_e
きよし	pending	JMdict_e
きら	dictionary	JMdict_e
きらい	dictionary	JMdict_e
きらう	dictionary	JMdict_e
きらきら	dictionary	JMdict_e
きらく	dictionary	JMdict_e
きらびやか	dictionary	JMdict_e
きらら	dictionary	JMdict_e
きれる	dictionary	JMdict_e
きわみ	dictionary	JMdict_e
きわめ	pending	JMdict_e
きんこ	dictionary	JMdict_e
きんせん	dictionary	JMdict_e
ぎくしゃく	dictionary	JMdict_e
ぎじもんだい	pending	JMdict_e
ぎちょう	dictionary	JMdict_e
ぎふ	dictionary	JMdict_e
ぎふけんどう	pending	JMdict_e
ぎゅうといい	pending	JMdict_e
ぎゅうにゅう	dictionary	JMdict_e
ぎょうしゅ	dictionary	JMdict_e
ぎょうせい	dictionary	JMdict_e
ぎりぎり	dictionary	JMdict_e
くうしゅう	dictionary	JMdict_e
くうはく	dictionary	JMdict_e
くえ	dictionary	JMdict_e
くぎ	dictionary	JMdict_e
くさり	dictionary	JMdict_e
くじら	dictionary	JMdict_e
くすり	dictionary	JMdict_e
くすりや	dictionary	JMdict_e
くず	dictionary	JMdict_e
くずれ	dictionary	JMdict_e
くださ	pending	JMdict_e
くだす	dictionary	JMdict_e
くだもの	dictionary	JMdict_e
くだり	dictionary	JMdict_e
くちく	dictionary	JMdict_e
くちびる	dictionary	JMdict_e
くっく	dictionary	JMdict_e
くつした	dictionary	JMdict_e
くにぐに	dictionary	JMdict_e
くびわ	dictionary	JMdict_e
くみ	dictionary	JMdict_e
くみこ	dictionary	JMdict_e
くみたて	dictionary	JMdict_e
くむ	dictionary	JMdict_e
くも	dictionary	JMdict_e
くもり	dictionary	JMdict_e
くらし	dictionary	JMdict_e
くらしき	dictionary	JMdict_e
くらす	dictionary	JMdict_e
くらべ	dictionary	JMdict_e
くらべる	dictionary	JMdict_e
くりかえし	dictionary	JMdict_e
くりす	pending	JMdict_e
くりひろげ	pending	JMdict_e
くるい	dictionary	JMdict_e
くるし	pending	JMdict_e
くるしい	dictionary	JMdict_e
くるしく	pending	JMdict_e
くるしみ	dictionary	JMdict_e
くるま	dictionary	JMdict_e
くれあ	pending	JMdict_e
くれい	dictionary	JMdict_e
くろく	pending	JMdict_e
くろだ	pending	JMdict_e
くわえる	dictionary	JMdict_e
くわしく	dictionary	JMdict_e
くわわり	pending	JMdict_e
くんしゅ	dictionary	JMdict_e
ぐぐ	pending	JMdict_e
ぐにゃぐにゃ	dictionary	JMdict_e
ぐる	dictionary	JMdict_e
ぐるぐる	dictionary	JMdict_e
ぐれ	pending	JMdict_e
ぐれん	dictionary	JMdict_e
ぐんそう	dictionary	JMdict_e
ぐんだん	dictionary	JMdict_e
けいおう	dictionary	JMdict_e
けいかん	dictionary	JMdict_e
けいすう	dictionary	JMdict_e
けいと	dictionary	JMdict_e
けが	dictionary	JMdict_e
けがわ	dictionary	JMdict_e
けさ	dictionary	JMdict_e
けし	dictionary	JMdict_e
けしかける	dictionary	JMdict_e
けしからん	dictionary	JMdict_e
けしき	dictionary	JMdict_e
けしごむ	dictionary	JMdict_e
けずり	dictionary	JMdict_e
けち	dictionary	JMdict_e
けっして	dictionary	JMdict_e
けっしん	dictionary	JMdict_e
けっとう	dictionary	JMdict_e
けつ	dictionary	JMdict_e
けばけばしい	dictionary	JMdict_e
けむり	dictionary	JMdict_e
けり	dictionary	JMdict_e
けんいん	dictionary	JMdict_e
けんこう	dictionary	JMdict_e
けんざい	dictionary	JMdict_e
けんどう	dictionary	JMdict_e
けんめい	dictionary	JMdict_e
けんもほろろ	dictionary	JMdict_e
げき	dictionary	JMdict_e
げきじょう	dictionary	JMdict_e
げきせん	dictionary	JMdict_e
げきたい	dictionary	JMdict_e
げきつい	dictionary	JMdict_e
げしゃ	dictionary	JMdict_e
げろ	dictionary	JMdict_e
げんしょく	dictionary	JMdict_e
げんじゅう	dictionary	JMdict_e
げんゆ	dictionary	JMdict_e
こいけ	pending	JMdict_e
こいし	dictionary	JMdict_e
こいする	dictionary	JMdict_e
こうあつ	dictionary	JMdict_e
こうえん	dictionary	JMdict_e
こうかん	dictionary	JMdict_e
こうがしつ	dictionary	JMdict_e
こうき	dictionary	JMdict_e
こうぎ	dictionary	JMdict_e
こうぐ	dictionary	JMdict_e
こうご	dictionary	JMdict_e
こうしん	dictionary	JMdict_e
こうじ	dictionary	JMdict_e
こうじつ	dictionary	JMdict_e
こうじょうせん	dictionary	JMdict_e
こうせい	dictionary	JMdict_e
こうせん	dictionary	JMdict_e
こうそく	dictionary	JMdict_e
こうたいし	dictionary	JMdict_e
こうち	dictionary	JMdict_e
こうとう	dictionary	JMdict_e
こうの	dictionary	JMdict_e
こうはん	dictionary	JMdict_e
こうばん	dictionary	JMdict_e
こうふく	dictionary	JMdict_e
こうへい	dictionary	JMdict_e
こうぼ	dictionary	JMdict_e
こうみょう	dictionary	JMdict_e
こうむる	dictionary	JMdict_e
こうや	dictionary	JMdict_e
こうよう	dictionary	JMdict_e
こうりゅう	dictionary	JMdict_e
こうりょく	dictionary	JMdict_e
こおら	pending	JMdict_e
こおり	dictionary	JMdict_e
こき	dictionary	JMdict_e
こぎつける	dictionary	JMdict_e
こくほう	dictionary	JMdict_e
こけ	dictionary	JMdict_e
こころえ	dictionary	JMdict_e
こころから	dictionary	JMdict_e
こごえ	dictionary	JMdict_e
こしょう	dictionary	JMdict_e
こじつける	dictionary	JMdict_e
こじん	dictionary	JMdict_e
こせき	dictionary	JMdict_e
こぞう	dictionary	JMdict_e
こたえ	dictionary	JMdict_e
こっく	dictionary	JMdict_e
こっこう	dictionary	JMdict_e
ことがら	dictionary	JMdict_e
ことごときる	pending	JMdict_e
ことごとく	dictionary	JMdict_e
ことなる	dictionary	JMdict_e
ことわり	dictionary	JMdict_e
ことわる	dictionary	JMdict_e
こなみ	dictionary	JMdict_e
こにし	dictionary	JMdict_e
このま	dictionary	JMdict_e
このみ	dictionary	JMdict_e
このん	pending	JMdict_e
こびりつい	pending	JMdict_e
こぴぺ	dictionary	JMdict_e
こふん	dictionary	JMdict_e
こぶし	dictionary	JMdict_e
こぼし	dictionary	JMdict_e
こまか	dictionary	JMdict_e
こまら	pending	JMdict_e
こまり	pending	JMdict_e
こむぎ	dictionary	JMdict_e
こむぎこ	dictionary	JMdict_e
こよみ	dictionary	JMdict_e
こる	dictionary	JMdict_e
ころころ	dictionary	JMdict_e
ころさ	pending	JMdict_e
こわさ	pending	JMdict_e
こわす	dictionary	JMdict_e
こんとん	dictionary	JMdict_e
こんなにも	pending	JMdict_e
こんにちわ	dictionary	JMdict_e
こんにゃく	dictionary	JMdict_e
こんにゅう	dictionary	JMdict_e
こんぶ	dictionary	JMdict_e
ごい	dictionary	JMdict_e
ごうき	dictionary	JMdict_e
ごうほう	dictionary	JMdict_e
ごうまん	dictionary	JMdict_e
ごくじょう	dictionary	JMdict_e
ごくろう	dictionary	JMdict_e
ごちそうさま	dictionary	JMdict_e
ごとう	dictionary	JMdict_e
ごま	dictionary	JMdict_e
ごまかし	dictionary	JMdict_e
ごろごろ	dictionary	JMdict_e
さいけん	dictionary	JMdict_e
さいころ	dictionary	JMdict_e
さいし	dictionary	JMdict_e
さいぶ	dictionary	JMdict_e
さいや	pending	JMdict_e
さかい	dictionary	JMdict_e
さかえ	dictionary	JMdict_e
さかた	pending	JMdict_e
さかな	dictionary	JMdict_e
さかなや	dictionary	JMdict_e
さかのぼら	pending	JMdict_e
さかのぼる	dictionary	JMdict_e
さかのぼれ	pending	JMdict_e
さがさ	pending	JMdict_e
さがす	dictionary	JMdict_e
さがせ	pending	JMdict_e
さがそ	pending	JMdict_e
さがる	dictionary	JMdict_e
さがわ	pending	JMdict_e
さくばん	dictionary	JMdict_e
さくぶん	dictionary	JMdict_e
さくま	dictionary	JMdict_e
さくもつ	dictionary	JMdict_e
さくらんぼ	dictionary	JMdict_e
さぐる	dictionary	JMdict_e
さけ	dictionary	JMdict_e
さけび	dictionary	JMdict_e
さけん	dictionary	JMdict_e
ささ	dictionary	JMdict_e
ささい	dictionary	JMdict_e
ささえる	dictionary	JMdict_e
ささき	pending	JMdict_e
ささげる	dictionary	JMdict_e
さしあげ	dictionary	JMdict_e
さそわ	pending	JMdict_e
さっかく	dictionary	JMdict_e
さつい	dictionary	JMdict_e
さておき	dictionary	JMdict_e
さとう	dictionary	JMdict_e
さとおや	dictionary	JMdict_e
さとし	dictionary	JMdict_e
さとみ	pending	JMdict_e
さとる	dictionary	JMdict_e
さは	dictionary	JMdict_e
さば	dictionary	JMdict_e
さばく	dictionary	JMdict_e
さびし	pending	JMdict_e
さまたげ	dictionary	JMdict_e
さまよえる	dictionary	JMdict_e
さむ	dictionary	JMdict_e
さむい	dictionary	JMdict_e
さむく	pending	JMdict_e
さめ	dictionary	JMdict_e
さも	dictionary	JMdict_e
さもなければ	dictionary	JMdict_e
さらし	dictionary	JMdict_e
さり	dictionary	JMdict_e
さわが	pending	JMdict_e
さわぎ	dictionary	JMdict_e
さわやか	dictionary	JMdict_e
さんけい	dictionary	JMdict_e
さんじ	dictionary	JMdict_e
さんど	dictionary	JMdict_e
さんぴ	dictionary	JMdict_e
ざい	dictionary	JMdict_e
ざきけんりつ	pending	JMdict_e
ざじゅうおり	pending	JMdict_e
ざっくり	dictionary	JMdict_e
ざっし	dictionary	JMdict_e
ざつ	dictionary	JMdict_e
ざなみのみこと	pending	JMdict_e
ざん	dictionary	JMdict_e
ざんぎゃく	dictionary	JMdict_e
ざんじんじゃ	pending	JMdict_e
ざんてい	dictionary	JMdict_e
ざんてつどう	pending	JMdict_e
ざんまい	dictionary	JMdict_e
しあげ	dictionary	JMdict_e
しいな	dictionary	JMdict_e
しいれ	dictionary	JMdict_e
しお	dictionary	JMdict_e
しおん	dictionary	JMdict_e
しかく	dictionary	JMdict_e
しかばね	dictionary	JMdict_e
しかん	dictionary	JMdict_e
しがい	dictionary	JMdict_e
しがいち	dictionary	JMdict_e
しがみつき	pending	JMdict_e
しきゅう	dictionary	JMdict_e
しきょく	dictionary	JMdict_e
しきん	dictionary	JMdict_e
しぎかい	dictionary	JMdict_e
しぐさ	dictionary	JMdict_e
しこう	dictionary	JMdict_e
しこしこ	dictionary	JMdict_e
しこみ	dictionary	JMdict_e
ししつ	dictionary	JMdict_e
ししゃ	dictionary	JMdict_e
ししん	dictionary	JMdict_e
しずく	dictionary	JMdict_e
しずむ	dictionary	JMdict_e
しずめ	dictionary	JMdict_e
しせん	dictionary	JMdict_e
したがう	dictionary	JMdict_e
したしく	dictionary	JMdict_e
しだい	dictionary	JMdict_e
しちょう	dictionary	JMdict_e
しつよう	dictionary	JMdict_e
してき	dictionary	JMdict_e
してんのう	dictionary	JMdict_e
しにせ	dictionary	JMdict_e
しねる	pending	JMdict_e
しのだ	pending	JMdict_e
しはいにん	dictionary	JMdict_e
しはらい	dictionary	JMdict_e
しば	dictionary	JMdict_e
しばふ	dictionary	JMdict_e
しぶ	dictionary	JMdict_e
しめきり	dictionary	JMdict_e
しめくくる	dictionary	JMdict_e
しめさ	pending	JMdict_e
しめし	dictionary	JMdict_e
しめる	dictionary	JMdict_e
しもきたざわ	pending	JMdict_e
しゃい	dictionary	JMdict_e
しゃく	dictionary	JMdict_e
しゃこう	dictionary	JMdict_e
しゃべら	pending	JMdict_e
しゃべる	dictionary	JMdict_e
しゃべれ	pending	JMdict_e
しゃべれる	pending	JMdict_e
しゃめい	dictionary	JMdict_e
しゅう	dictionary	JMdict_e
しゅうえん	dictionary	JMdict_e
しゅうし	dictionary	JMdict_e
しゅうしん	dictionary	JMdict_e
しゅうそく	dictionary	JMdict_e
しゅうち	dictionary	JMdict_e
しゅうらい	dictionary	JMdict_e
しゅうれん	dictionary	JMdict_e
しゅぎょう	dictionary	JMdict_e
しゅしょう	dictionary	JMdict_e
しゅちょう	dictionary	JMdict_e
しゅつだい	dictionary	JMdict_e
しゅつりょう	dictionary	JMdict_e
しゅび	dictionary	JMdict_e
しゅもく	dictionary	JMdict_e
しゅんべつ	dictionary	JMdict_e
しょうこう	dictionary	JMdict_e
しょうごう	dictionary	JMdict_e
しょうしょう	dictionary	JMdict_e
しょうぞう	dictionary	JMdict_e
しょうてい	dictionary	JMdict_e
しょうふく	dictionary	JMdict_e
しょうへい	dictionary	JMdict_e
しょうべん	dictionary	JMdict_e
しょうぼうしゃ	dictionary	JMdict_e
しょうもない	dictionary	JMdict_e
しょうらい	dictionary	JMdict_e
しょうりょう	dictionary	JMdict_e
しょうれい	dictionary	JMdict_e
しょくざい	dictionary	JMdict_e
しょせん	dictionary	JMdict_e
しょた	dictionary	JMdict_e
しらい	pending	JMdict_e
しる	dictionary	JMdict_e
しるさ	pending	JMdict_e
しるし	dictionary	JMdict_e
しろう	dictionary	JMdict_e
しろく	dictionary	JMdict_e
しわ	dictionary	JMdict_e
しんいちろう	pending	JMdict_e
しんかい	dictionary	JMdict_e
しんがい	dictionary	JMdict_e
しんきょ	dictionary	JMdict_e
しんきょう	dictionary	JMdict_e
しんし	dictionary	JMdict_e
しんしゃ	dictionary	JMdict_e
しんしん	dictionary	JMdict_e
しんじゅ	dictionary	JMdict_e
しんじゅう	dictionary	JMdict_e
しんじゅく	pending	JMdict_e
しんじょう	dictionary	JMdict_e
しんすい	dictionary	JMdict_e
しんたろう	pending	JMdict_e
しんちょう	dictionary	JMdict_e
しんちょく	dictionary	JMdict_e
しんとう	dictionary	JMdict_e
しんどう	dictionary	JMdict_e
しんのすけ	pending	JMdict_e
しんぶん	dictionary	JMdict_e
しんぽ	dictionary	JMdict_e
しんれい	dictionary	JMdict_e
しんわ	dictionary	JMdict_e
じい	dictionary	JMdict_e
じいさん	dictionary	JMdict_e
じいちゃん	dictionary	JMdict_e
じぇふ	pending	JMdict_e
じき	dictionary	JMdict_e
じごうじとく	dictionary	JMdict_e
じざい	dictionary	JMdict_e
じしゃ	dictionary	JMdict_e
じしゅく	dictionary	JMdict_e
じしょ	dictionary	JMdict_e
じじ	dictionary	JMdict_e
じたい	dictionary	JMdict_e
じだいおくれ	dictionary	JMdict_e
じっけん	dictionary	JMdict_e
じっこう	dictionary	JMdict_e
じっさいは	dictionary	JMdict_e
じつめい	dictionary	JMdict_e
じつわ	dictionary	JMdict_e
じてん	dictionary	JMdict_e
じはく	dictionary	JMdict_e
じはんき	dictionary	JMdict_e
じゃがいも	dictionary	JMdict_e
じゅうたん	dictionary	JMdict_e
じゅうてん	dictionary	JMdict_e
じゅうど	dictionary	JMdict_e
じゅくれん	dictionary	JMdict_e
じゅけんせい	dictionary	JMdict_e
じゅもく	dictionary	JMdict_e
じゅんいち	pending	JMdict_e
じゅんきょ	dictionary	JMdict_e
じゅんけっしょう	dictionary	JMdict_e
じゅんじょ	dictionary	JMdict_e
じょういん	dictionary	JMdict_e
じょうえん	dictionary	JMdict_e
じょうしょ	dictionary	JMdict_e
じょうぶ	dictionary	JMdict_e
じょうみゃく	dictionary	JMdict_e
じょうむ	dictionary	JMdict_e
じょうもん	dictionary	JMdict_e
じょじ	dictionary	JMdict_e
じょせい	dictionary	JMdict_e
じらい	dictionary	JMdict_e
じれったい	dictionary	JMdict_e
じんじょう	dictionary	JMdict_e
じんりょく	dictionary	JMdict_e
すいか	dictionary	JMdict_e
すいさん	dictionary	JMdict_e
すいせん	dictionary	JMdict_e
すえ	dictionary	JMdict_e
すぎた	pending	JMdict_e
すくい	dictionary	JMdict_e
すくう	dictionary	JMdict_e
すくな	pending	JMdict_e
すくなくとも	dictionary	JMdict_e
すくわ	pending	JMdict_e
すごせ	pending	JMdict_e
すごせる	pending	JMdict_e
すさまじい	dictionary	JMdict_e
すさまじく	pending	JMdict_e
すし	dictionary	JMdict_e
すじ	dictionary	JMdict_e
すすま	pending	JMdict_e
すすみ	dictionary	JMdict_e
すすめる	dictionary	JMdict_e
すすん	pending	JMdict_e
すずか	pending	JMdict_e
すずしい	dictionary	JMdict_e
すずしく	pending	JMdict_e
すったもんだ	dictionary	JMdict_e
すて	pending	JMdict_e
すで	dictionary	JMdict_e
すね	dictionary	JMdict_e
すばらし	pending	JMdict_e
すばらしき	dictionary	JMdict_e
すばらしく	pending	JMdict_e
すばる	dictionary	JMdict_e
すべからく	dictionary	JMdict_e
すべり	dictionary	JMdict_e
すまい	dictionary	JMdict_e
すませ	pending	JMdict_e
すまない	dictionary	JMdict_e
すみす	pending	JMdict_e
すみやか	dictionary	JMdict_e
すみれ	dictionary	JMdict_e
すもう	dictionary	JMdict_e
すもも	dictionary	JMdict_e
すりかえる	dictionary	JMdict_e
すれちがう	dictionary	JMdict_e
すわ	dictionary	JMdict_e
すわり	dictionary	JMdict_e
ずい	dictionary	JMdict_e
ずぼん	dictionary	JMdict_e
ずる	dictionary	JMdict_e
ずるい	dictionary	JMdict_e
せいこう	dictionary	JMdict_e
せいし	dictionary	JMdict_e
せいしょ	dictionary	JMdict_e
せいしょうねん	dictionary	JMdict_e
せいせい	dictionary	JMdict_e
せいぜん	dictionary	JMdict_e
せいだい	dictionary	JMdict_e
せいゆう	dictionary	JMdict_e
せいれい	dictionary	JMdict_e
せきずい	dictionary	JMdict_e
せきたん	dictionary	JMdict_e
せっけん	dictionary	JMdict_e
せっしゅ	dictionary	JMdict_e
せったい	dictionary	JMdict_e
せっち	dictionary	JMdict_e
せっちゃく	dictionary	JMdict_e
せってん	dictionary	JMdict_e
せつ	dictionary	JMdict_e
せつない	dictionary	JMdict_e
せまく	pending	JMdict_e
せまら	pending	JMdict_e
せみ	dictionary	JMdict_e
せめる	dictionary	JMdict_e
せりふ	dictionary	JMdict_e
せわ	dictionary	JMdict_e
せんい	dictionary	JMdict_e
せんかい	dictionary	JMdict_e
せんし	dictionary	JMdict_e
せんしょく	dictionary	JMdict_e
せんせい	dictionary	JMdict_e
せんち	dictionary	JMdict_e
せんちゃく	dictionary	JMdict_e
せんてい	dictionary	JMdict_e
せんと	dictionary	JMdict_e
せんめい	dictionary	JMdict_e
せんり	dictionary	JMdict_e
せんりゅう	dictionary	JMdict_e
ぜいじゃく	dictionary	JMdict_e
ぜいたく	dictionary	JMdict_e
ぜいりつ	dictionary	JMdict_e
ぜつ	dictionary	JMdict_e
ぜつだい	dictionary	JMdict_e
ぜるだ	pending	JMdict_e
ぜんか	dictionary	JMdict_e
ぜんしん	dictionary	JMdict_e
ぜんせいき	dictionary	JMdict_e
ぜんぶん	dictionary	JMdict_e
そい	dictionary	JMdict_e
そうかつ	dictionary	JMdict_e
そうかん	dictionary	JMdict_e
そうげん	dictionary	JMdict_e
そうしたら	dictionary	JMdict_e
そうしゃ	dictionary	JMdict_e
そうしゅうへん	dictionary	JMdict_e
そうじょう	dictionary	JMdict_e
そうぜつ	dictionary	JMdict_e
そうとう	dictionary	JMdict_e
そうりつ	dictionary	JMdict_e
そうりょ	dictionary	JMdict_e
そく	dictionary	JMdict_e
そくし	dictionary	JMdict_e
そくせき	dictionary	JMdict_e
そぐわない	dictionary	JMdict_e
そこはかとなく	dictionary	JMdict_e
そし	dictionary	JMdict_e
そせい	dictionary	JMdict_e
そそい	pending	JMdict_e
そそぐ	dictionary	JMdict_e
そそっかしい	dictionary	JMdict_e
そそのかさ	pending	JMdict_e
そだち	dictionary	JMdict_e
そだてる	dictionary	JMdict_e
そっちのけ	dictionary	JMdict_e
そっちょく	dictionary	JMdict_e
そなえる	dictionary	JMdict_e
そのうえで	dictionary	JMdict_e
そる	dictionary	JMdict_e
それだけに	dictionary	JMdict_e
それでいて	dictionary	JMdict_e
それとなく	dictionary	JMdict_e
それどころか	dictionary	JMdict_e
それなのに	dictionary	JMdict_e
それん	pending	JMdict_e
そろえ	dictionary	JMdict_e
ぞうお	dictionary	JMdict_e
ぞうせつ	dictionary	JMdict_e
ぞくし	dictionary	JMdict_e
たいかく	dictionary	JMdict_e
たいがい	dictionary	JMdict_e
たいきょ	dictionary	JMdict_e
たいさ	dictionary	JMdict_e
たいし	dictionary	JMdict_e
たいしゃ	dictionary	JMdict_e
たいしんさい	pending	JMdict_e
たいじゅ	dictionary	JMdict_e
たいとう	dictionary	JMdict_e
たいほう	dictionary	JMdict_e
たいぼう	dictionary	JMdict_e
たいむ	dictionary	JMdict_e
たいよう	dictionary	JMdict_e
たえ	dictionary	JMdict_e
たえる	dictionary	JMdict_e
たおさ	dictionary	JMdict_e
たおす	dictionary	JMdict_e
たおせ	pending	JMdict_e
たおれる	dictionary	JMdict_e
たかが	dictionary	JMdict_e
たかだ	pending	JMdict_e
たかね	dictionary	JMdict_e
たかまり	dictionary	JMdict_e
たくましい	dictionary	JMdict_e
たくましく	pending	JMdict_e
たくみ	dictionary	JMdict_e
たぐち	pending	JMdict_e
たこ	dictionary	JMdict_e
たこやき	dictionary	JMdict_e
たしかめ	dictionary	JMdict_e
たしかめる	dictionary	JMdict_e
たしなめる	dictionary	JMdict_e
たしゃ	dictionary	JMdict_e
たすかり	pending	JMdict_e
たすかる	dictionary	JMdict_e
たすく	dictionary	JMdict_e
たすけ	dictionary	JMdict_e
たすける	dictionary	JMdict_e
たずさわる	dictionary	JMdict_e
たたい	dictionary	JMdict_e
たたかい	dictionary	JMdict_e
たたかえ	pending	JMdict_e
たたかわ	pending	JMdict_e
たたく	dictionary	JMdict_e
たたみかけ	pending	JMdict_e
ただならぬ	dictionary	JMdict_e
たちどころに	dictionary	JMdict_e
たちばな	dictionary	JMdict_e
たっち	dictionary	JMdict_e
たてこもり	dictionary	JMdict_e
たてまつる	dictionary	JMdict_e
たてる	dictionary	JMdict_e
たとえる	dictionary	JMdict_e
たどりつい	pending	JMdict_e
たどりつき	pending	JMdict_e
たどりつく	dictionary	JMdict_e
たにま	dictionary	JMdict_e
たね	dictionary	JMdict_e
たのしい	dictionary	JMdict_e
たのみ	dictionary	JMdict_e
たぶらかさ	pending	JMdict_e
たぶらかす	dictionary	JMdict_e
たべる	dictionary	JMdict_e
たまごっち	dictionary	JMdict_e
たまねぎ	dictionary	JMdict_e
たまりかね	pending	JMdict_e
たみ	dictionary	JMdict_e
ためいき	dictionary	JMdict_e
ためさ	pending	JMdict_e
たもつ	dictionary	JMdict_e
たもり	dictionary	JMdict_e
たよら	pending	JMdict_e
たより	dictionary	JMdict_e
たんいつ	dictionary	JMdict_e
たんか	dictionary	JMdict_e
たんしょう	dictionary	JMdict_e
たんしん	dictionary	JMdict_e
たんち	dictionary	JMdict_e
だいき	pending	JMdict_e
だいく	dictionary	JMdict_e
だいし	dictionary	JMdict_e
だいじょうぶ	dictionary	JMdict_e
だいず	dictionary	JMdict_e
だいにっぽんていこく	dictionary	JMdict_e
だいもん	dictionary	JMdict_e
だいよう	dictionary	JMdict_e
だからといって	dictionary	JMdict_e
だき	dictionary	JMdict_e
ださい	dictionary	JMdict_e
だしゃ	dictionary	JMdict_e
だせ	pending	JMdict_e
だせき	dictionary	JMdict_e
だせる	pending	JMdict_e
だせん	dictionary	JMdict_e
だそ	pending	JMdict_e
だっこ	dictionary	JMdict_e
だっしゅ	dictionary	JMdict_e
だつごく	dictionary	JMdict_e
だて	dictionary	JMdict_e
だまし	dictionary	JMdict_e
だまれ	pending	JMdict_e
だらだら	dictionary	JMdict_e
だる	dictionary	JMdict_e
だんぜん	dictionary	JMdict_e
だんどう	dictionary	JMdict_e
ちいさ	dictionary	JMdict_e
ちいさい	dictionary	JMdict_e
ちかごろ	dictionary	JMdict_e
ちかづき	dictionary	JMdict_e
ちかん	dictionary	JMdict_e
ちがい	dictionary	JMdict_e
ちがえ	pending	JMdict_e
ちっちゃい	dictionary	JMdict_e
ちゃえ	pending	JMdict_e
ちゃくち	dictionary	JMdict_e
ちゃら	dictionary	JMdict_e
ちゃり	dictionary	JMdict_e
ちゅうかく	dictionary	JMdict_e
ちゅうき	dictionary	JMdict_e
ちゅうけん	dictionary	JMdict_e
ちゅうせん	dictionary	JMdict_e
ちゅうたい	dictionary	JMdict_e
ちゅうりゃく	dictionary	JMdict_e
ちゆ	dictionary	JMdict_e
ちょうえつ	dictionary	JMdict_e
ちょうし	dictionary	JMdict_e
ちょうしょ	dictionary	JMdict_e
ちょうちょ	dictionary	JMdict_e
ちょうぶん	dictionary	JMdict_e
ちょうへん	dictionary	JMdict_e
ちょうりょう	dictionary	JMdict_e
ちょこっと	dictionary	JMdict_e
ちょっかい	dictionary	JMdict_e
ちょっきん	dictionary	JMdict_e
ちょっとした	dictionary	JMdict_e
ちょっぴり	dictionary	JMdict_e
ちょろまかし	pending	JMdict_e
ちょろまかそ	pending	JMdict_e
ちょんまげ	dictionary	JMdict_e
ちよ	dictionary	JMdict_e
ちら	pending	JMdict_e
ちんこ	dictionary	JMdict_e
ちんぴら	dictionary	JMdict_e
ぢみち	pending	JMdict_e
ついていけ	pending	JMdict_e
ついてまわる	dictionary	JMdict_e
ついやし	pending	JMdict_e
つう	dictionary	JMdict_e
つかい	dictionary	JMdict_e
つかいみち	dictionary	JMdict_e
つかえる	dictionary	JMdict_e
つかさ	dictionary	JMdict_e
つかさどる	dictionary	JMdict_e
つかまえる	dictionary	JMdict_e
つかまる	dictionary	JMdict_e
つかめ	pending	JMdict_e
つきとめる	dictionary	JMdict_e
つくし	dictionary	JMdict_e
つくば	pending	JMdict_e
つくりあげ	pending	JMdict_e
つくりあげる	dictionary	JMdict_e
つげる	dictionary	JMdict_e
つたわる	dictionary	JMdict_e
つちや	pending	JMdict_e
つっこみ	dictionary	JMdict_e
つっこむ	dictionary	JMdict_e
つつがなく	pending	JMdict_e
つつま	pending	JMdict_e
つつましく	pending	JMdict_e
つつみ	dictionary	JMdict_e
つつん	pending	JMdict_e
つづい	pending	JMdict_e
つづか	pending	JMdict_e
つづき	dictionary	JMdict_e
つづく	dictionary	JMdict_e
つとむ	pending	JMdict_e
つとめる	dictionary	JMdict_e
つながら	pending	JMdict_e
つなぎとめ	pending	JMdict_e
つね	dictionary	JMdict_e
つばさ	dictionary	JMdict_e
つぶ	dictionary	JMdict_e
つぶさ	pending	JMdict_e
つまびらか	dictionary	JMdict_e
つまんない	dictionary	JMdict_e
つみかさね	dictionary	JMdict_e
つみかさねる	dictionary	JMdict_e
つめこん	pending	JMdict_e
つめたく	pending	JMdict_e
つや	dictionary	JMdict_e
つゆ	dictionary	JMdict_e
つよい	dictionary	JMdict_e
つよし	pending	JMdict_e
つよみ	dictionary	JMdict_e
つん	pending	JMdict_e
づがわしりつ	pending	JMdict_e
づき	dictionary	JMdict_e
づつ	dictionary	JMdict_e
づみみずはら	pending	JMdict_e
づらく	pending	JMdict_e
てぃむ	pending	JMdict_e
てい	dictionary	JMdict_e
ていおん	dictionary	JMdict_e
ていがく	dictionary	JMdict_e
ていたい	dictionary	JMdict_e
てがけ	pending	JMdict_e
てがる	dictionary	JMdict_e
てきちゅう	dictionary	JMdict_e
てく	dictionary	JMdict_e
てさき	dictionary	JMdict_e
てした	dictionary	JMdict_e
てってい	dictionary	JMdict_e
てっぱい	dictionary	JMdict_e
てつ	dictionary	JMdict_e
てつだい	dictionary	JMdict_e
てづか	pending	JMdict_e
てめえ	dictionary	JMdict_e
てら	dictionary	JMdict_e
てらし	pending	JMdict_e
てらす	dictionary	JMdict_e
てれびあさひ	pending	JMdict_e
てんか	dictionary	JMdict_e
てんき	dictionary	JMdict_e
てんし	dictionary	JMdict_e
てんじ	dictionary	JMdict_e
てんじょう	dictionary	JMdict_e
てんとう	dictionary	JMdict_e
てんぷ	dictionary	JMdict_e
てんぷら	dictionary	JMdict_e
てんぼうだい	dictionary	JMdict_e
てんぽ	dictionary	JMdict_e
てんやわんや	dictionary	JMdict_e
であう	dictionary	JMdict_e
でかく	pending	JMdict_e
でかけ	dictionary	JMdict_e
できあがる	dictionary	JMdict_e
でっちあげ	dictionary	JMdict_e
でなければ	dictionary	JMdict_e
でれ	dictionary	JMdict_e
でんしょう	dictionary	JMdict_e
でんじ	dictionary	JMdict_e
でんつう	dictionary	JMdict_e
でんわ	dictionary	JMdict_e
というのも	dictionary	JMdict_e
とういん	dictionary	JMdict_e
とうえい	dictionary	JMdict_e
とうかい	dictionary	JMdict_e
とうかいどう	dictionary	JMdict_e
とうきゅう	dictionary	JMdict_e
とうきょうだいがく	dictionary	JMdict_e
とうきょうでんりょく	dictionary	JMdict_e
とうさん	dictionary	JMdict_e
とうじ	dictionary	JMdict_e
とうちょう	dictionary	JMdict_e
とうてい	dictionary	JMdict_e
とうでん	dictionary	JMdict_e
とうばん	dictionary	JMdict_e
とうひ	dictionary	JMdict_e
とうぶん	dictionary	JMdict_e
とうもろこし	dictionary	JMdict_e
とうりゅう	dictionary	JMdict_e
とおる	dictionary	JMdict_e
とかげ	dictionary	JMdict_e
とかし	pending	JMdict_e
ときおり	dictionary	JMdict_e
ときめき	dictionary	JMdict_e
とくしょく	dictionary	JMdict_e
とくだい	dictionary	JMdict_e
とけい	dictionary	JMdict_e
とげ	dictionary	JMdict_e
ところどころ	dictionary	JMdict_e
としつき	dictionary	JMdict_e
としより	dictionary	JMdict_e
とじる	dictionary	JMdict_e
とす	dictionary	JMdict_e
とたん	dictionary	JMdict_e
とち	dictionary	JMdict_e
とっか	dictionary	JMdict_e
とつ	dictionary	JMdict_e
とつぜん	dictionary	JMdict_e
とてつもない	dictionary	JMdict_e
とどき	pending	JMdict_e
とどける	dictionary	JMdict_e
となり	dictionary	JMdict_e
とば	dictionary	JMdict_e
とばく	dictionary	JMdict_e
とばっちり	dictionary	JMdict_e
とび	dictionary	JMdict_e
とびおり	dictionary	JMdict_e
とびこん	pending	JMdict_e
とべ	dictionary	JMdict_e
とまり	dictionary	JMdict_e
とまる	dictionary	JMdict_e
とみ	dictionary	JMdict_e
ともえ	dictionary	JMdict_e
ともすれば	dictionary	JMdict_e
ともだち	dictionary	JMdict_e
ともない	dictionary	JMdict_e
とよす	pending	JMdict_e
とらえる	dictionary	JMdict_e
とりあげる	dictionary	JMdict_e
とりあつかい	dictionary	JMdict_e
とりあつかう	dictionary	JMdict_e
とりいれ	dictionary	JMdict_e
とりかえし	dictionary	JMdict_e
とりくむ	dictionary	JMdict_e
とりこ	dictionary	JMdict_e
とりだす	dictionary	JMdict_e
とりつけ	dictionary	JMdict_e
とりで	dictionary	JMdict_e
とりとめる	dictionary	JMdict_e
とりのぞく	dictionary	JMdict_e
とりまとめ	dictionary	JMdict_e
とりもどし	pending	JMdict_e
とろ	dictionary	JMdict_e
とんねるず	pending	JMdict_e
どうかん	dictionary	JMdict_e
どうこう	dictionary	JMdict_e
どうせい	dictionary	JMdict_e
どうちょう	dictionary	JMdict_e
どうてん	dictionary	JMdict_e
どうどう	dictionary	JMdict_e
どうぶつえん	dictionary	JMdict_e
どうわ	dictionary	JMdict_e
どかた	dictionary	JMdict_e
どきどき	dictionary	JMdict_e
どく	dictionary	JMdict_e
どくしょ	dictionary	JMdict_e
どことなく	dictionary	JMdict_e
どこも	dictionary	JMdict_e
どす	dictionary	JMdict_e
どだい	dictionary	JMdict_e
どっと	dictionary	JMdict_e
どら	dictionary	JMdict_e
どろ	dictionary	JMdict_e
ないがい	dictionary	JMdict_e
ないがしろ	dictionary	JMdict_e
ないしょ	dictionary	JMdict_e
ないふ	dictionary	JMdict_e
ないや	dictionary	JMdict_e
なう	dictionary	JMdict_e
なえ	dictionary	JMdict_e
なおさら	dictionary	JMdict_e
なおす	dictionary	JMdict_e
なおと	pending	JMdict_e
なおら	pending	JMdict_e
なおる	dictionary	JMdict_e
なかい	dictionary	JMdict_e
なかでも	dictionary	JMdict_e
なかの	pending	JMdict_e
なかば	dictionary	JMdict_e
なかよし	dictionary	JMdict_e
なかんづく	dictionary	JMdict_e
ながい	dictionary	JMdict_e
ながく	pending	JMdict_e
ながさ	dictionary	JMdict_e
ながす	dictionary	JMdict_e
ながめる	dictionary	JMdict_e
なきごえ	dictionary	JMdict_e
なぎさ	dictionary	JMdict_e
なぐさめ	dictionary	JMdict_e
なぐら	pending	JMdict_e
なぐり	pending	JMdict_e
なける	dictionary	JMdict_e
なげ	dictionary	JMdict_e
なげる	dictionary	JMdict_e
なさけない	dictionary	JMdict_e
なしとげ	pending	JMdict_e
なすりつけよ	pending	JMdict_e
なすりつける	dictionary	JMdict_e
なぞらえる	dictionary	JMdict_e
なつかしい	dictionary	JMdict_e
なつかしき	pending	JMdict_e
なつば	dictionary	JMdict_e
なつめ	dictionary	JMdict_e
なで	pending	JMdict_e
ななつ	dictionary	JMdict_e
ななめ	dictionary	JMdict_e
なにげなく	dictionary	JMdict_e
なにひとつ	dictionary	JMdict_e
なぽり	pending	JMdict_e
なまいき	dictionary	JMdict_e
なやま	pending	JMdict_e
なやまさ	pending	JMdict_e
なやむ	dictionary	JMdict_e
ならし	dictionary	JMdict_e
ならび	dictionary	JMdict_e
ならぶ	dictionary	JMdict_e
ならべる	dictionary	JMdict_e
なりすまし	dictionary	JMdict_e
なりすます	dictionary	JMdict_e
なりたつ	dictionary	JMdict_e
なんかい	dictionary	JMdict_e
なんきょく	dictionary	JMdict_e
なんきん	dictionary	JMdict_e
なんとう	dictionary	JMdict_e
なんば	dictionary	JMdict_e
なんぱ	dictionary	JMdict_e
なんら	dictionary	JMdict_e
なんらかの	pending	JMdict_e
にあわ	pending	JMdict_e
におきまして	pending	JMdict_e
にきび	dictionary	JMdict_e
にぎり	dictionary	JMdict_e
にぎりつぶす	dictionary	JMdict_e
にぎる	dictionary	JMdict_e
にげ	dictionary	JMdict_e
にげだし	pending	JMdict_e
にさんかたんそ	dictionary	JMdict_e
にしだ	pending	JMdict_e
にしの	pending	JMdict_e
にじゅういち	pending	JMdict_e
にせもの	dictionary	JMdict_e
にたいして	dictionary	JMdict_e
にたいする	dictionary	JMdict_e
にった	pending	JMdict_e
にっと	dictionary	JMdict_e
にっぽう	dictionary	JMdict_e
にない	dictionary	JMdict_e
にほんけいざいしんぶん	dictionary	JMdict_e
にほんてれび	pending	JMdict_e
にやにや	dictionary	JMdict_e
にゅうしょう	dictionary	JMdict_e
にょうぼう	dictionary	JMdict_e
にょたい	dictionary	JMdict_e
にらみつける	dictionary	JMdict_e
にらめっこ	dictionary	JMdict_e
にんぎょ	dictionary	JMdict_e
にんじん	dictionary	JMdict_e
にんにく	dictionary	JMdict_e
ぬい	dictionary	JMdict_e
ぬぎ	pending	JMdict_e
ぬく	dictionary	JMdict_e
ぬぐ	dictionary	JMdict_e
ぬぐい	pending	JMdict_e
ぬけ	dictionary	JMdict_e
ぬけだし	pending	JMdict_e
ぬける	dictionary	JMdict_e
ぬげ	pending	JMdict_e
ぬすん	pending	JMdict_e
ぬまづ	pending	JMdict_e
ぬらりくらり	dictionary	JMdict_e
ぬれ	dictionary	JMdict_e
ぬれる	dictionary	JMdict_e
ねかせ	pending	JMdict_e
ねがう	dictionary	JMdict_e
ねずみ	dictionary	JMdict_e
ねだん	dictionary	JMdict_e
ねっしん	dictionary	JMdict_e
ねっちゅう	dictionary	JMdict_e
ねつ	dictionary	JMdict_e
ねつい	dictionary	JMdict_e
ねびき	dictionary	JMdict_e
ねむい	dictionary	JMdict_e
ねむく	pending	JMdict_e
ねむり	dictionary	JMdict_e
ねむれる	dictionary	JMdict_e
ねらう	dictionary	JMdict_e
ねりま	pending	JMdict_e
ねんがん	dictionary	JMdict_e
ねんねん	dictionary	JMdict_e
のうえん	dictionary	JMdict_e
のがし	pending	JMdict_e
のがれ	dictionary	JMdict_e
のがれる	dictionary	JMdict_e
のこし	pending	JMdict_e
のこり	dictionary	JMdict_e
のしかかる	dictionary	JMdict_e
のせる	dictionary	JMdict_e
のぞい	pending	JMdict_e
のぞかせる	dictionary	JMdict_e
のぞき	dictionary	JMdict_e
のぞま	pending	JMdict_e
のぞましい	dictionary	JMdict_e
のぞみ	dictionary	JMdict_e
のぞむ	dictionary	JMdict_e
のっとら	pending	JMdict_e
のばし	pending	JMdict_e
のびる	dictionary	JMdict_e
のべる	dictionary	JMdict_e
のぼり	dictionary	JMdict_e
のぼりつめ	pending	JMdict_e
のぼる	dictionary	JMdict_e
のりかえ	dictionary	JMdict_e
のりこえ	pending	JMdict_e
のりこん	pending	JMdict_e
のりもの	dictionary	JMdict_e
のれ	pending	JMdict_e
のれる	pending	JMdict_e
のろい	dictionary	JMdict_e
のろわ	pending	JMdict_e
のんだくれ	dictionary	JMdict_e
はいかん	dictionary	JMdict_e
はいく	dictionary	JMdict_e
はいぐう	dictionary	JMdict_e
はいぞく	dictionary	JMdict_e
はいとう	dictionary	JMdict_e
はいび	dictionary	JMdict_e
はいめん	dictionary	JMdict_e
はえる	dictionary	JMdict_e
はかせ	dictionary	JMdict_e
はからずも	dictionary	JMdict_e
はかる	dictionary	JMdict_e
はがき	dictionary	JMdict_e
はき	dictionary	JMdict_e
はぎ	dictionary	JMdict_e
はくがい	dictionary	JMdict_e
はくだつ	dictionary	JMdict_e
はぐらかし	pending	JMdict_e
はぐらかす	dictionary	JMdict_e
はげ	dictionary	JMdict_e
はげまし	dictionary	JMdict_e
はこ	dictionary	JMdict_e
はこぶ	dictionary	JMdict_e
はこん	dictionary	JMdict_e
はさま	dictionary	JMdict_e
はさみ	dictionary	JMdict_e
はさん	dictionary	JMdict_e
はし	dictionary	JMdict_e
はしら	dictionary	JMdict_e
はしる	dictionary	JMdict_e
はじ	dictionary	JMdict_e
はじまる	dictionary	JMdict_e
はずかし	pending	JMdict_e
はずせ	pending	JMdict_e
はせがわ	pending	JMdict_e
はたけ	dictionary	JMdict_e
はたして	dictionary	JMdict_e
はたす	dictionary	JMdict_e
はたらい	pending	JMdict_e
はたらきかけ	dictionary	JMdict_e
はちまん	dictionary	JMdict_e
はっく	dictionary	JMdict_e
はっくつ	dictionary	JMdict_e
はっこう	dictionary	JMdict_e
はっし	dictionary	JMdict_e
はっしゃ	dictionary	JMdict_e
はっそう	dictionary	JMdict_e
はっちゃく	dictionary	JMdict_e
はっと	dictionary	JMdict_e
はっぽう	dictionary	JMdict_e
はつね	dictionary	JMdict_e
はて	dictionary	JMdict_e
はで	dictionary	JMdict_e
はと	dictionary	JMdict_e
はどう	dictionary	JMdict_e
はなさ	dictionary	JMdict_e
はなしかけ	pending	JMdict_e
はなしかた	dictionary	JMdict_e
はなす	dictionary	JMdict_e
はなせ	pending	JMdict_e
はなたば	dictionary	JMdict_e
はなはだしく	pending	JMdict_e
はなみ	dictionary	JMdict_e
はなみずき	dictionary	JMdict_e
はなやか	dictionary	JMdict_e
はねだ	pending	JMdict_e
はねのける	dictionary	JMdict_e
はぶ	dictionary	JMdict_e
はまる	dictionary	JMdict_e
はみがき	dictionary	JMdict_e
はむ	dictionary	JMdict_e
はもの	dictionary	JMdict_e
はやい	dictionary	JMdict_e
はやり	dictionary	JMdict_e
はらう	dictionary	JMdict_e
はらえ	dictionary	JMdict_e
はり	dictionary	JMdict_e
はりす	dictionary	JMdict_e
はるき	pending	JMdict_e
はれ	dictionary	JMdict_e
はれつ	dictionary	JMdict_e
はんげん	dictionary	JMdict_e
はんす	pending	JMdict_e
はんそく	dictionary	JMdict_e
はんだ	dictionary	JMdict_e
はんれい	dictionary	JMdict_e
ばいぞう	dictionary	JMdict_e
ばいと	dictionary	JMdict_e
ばいぶ	dictionary	JMdict_e
ばいよう	dictionary	JMdict_e
ばかばかしい	dictionary	JMdict_e
ばく	dictionary	JMdict_e
ばくげき	dictionary	JMdict_e
ばぐ	dictionary	JMdict_e
ばけ	dictionary	JMdict_e
ばけん	dictionary	JMdict_e
ばっと	dictionary	JMdict_e
ばつ	dictionary	JMdict_e
ばば	dictionary	JMdict_e
ばらばら	dictionary	JMdict_e
ばりばり	dictionary	JMdict_e
ばる	dictionary	JMdict_e
ばれる	dictionary	JMdict_e
ばんがい	dictionary	JMdict_e
ばんこく	dictionary	JMdict_e
ばんだい	dictionary	JMdict_e
ばんちょう	dictionary	JMdict_e
ばんばん	dictionary	JMdict_e
ばんぱく	dictionary	JMdict_e
ぱちんこ	dictionary	JMdict_e
ぱっち	dictionary	JMdict_e
ぱっと	dictionary	JMdict_e
ぱみゅぱみゅの	pending	JMdict_e
ぱれっとの	pending	JMdict_e
ぱんぱん	dictionary	JMdict_e
ひえ	dictionary	JMdict_e
ひか	dictionary	JMdict_e
ひがし	dictionary	JMdict_e
ひがしあじあ	pending	JMdict_e
ひがしぐち	dictionary	JMdict_e
ひがしやま	dictionary	JMdict_e
ひき	dictionary	JMdict_e
ひきあげ	dictionary	JMdict_e
ひきい	pending	JMdict_e
ひきいる	dictionary	JMdict_e
ひきかえ	dictionary	JMdict_e
ひきこもり	dictionary	JMdict_e
ひきだし	dictionary	JMdict_e
ひきだす	dictionary	JMdict_e
ひきつぐ	dictionary	JMdict_e
ひきつづき	dictionary	JMdict_e
ひく	dictionary	JMdict_e
ひくい	dictionary	JMdict_e
ひくめ	dictionary	JMdict_e
ひけ	dictionary	JMdict_e
ひさし	dictionary	JMdict_e
ひしょ	dictionary	JMdict_e
ひじ	dictionary	JMdict_e
ひじょうに	dictionary	JMdict_e
ひずみ	dictionary	JMdict_e
ひずん	pending	JMdict_e
ひたちなか	pending	JMdict_e
ひだか	pending	JMdict_e
ひだり	dictionary	JMdict_e
ひっかかる	dictionary	JMdict_e
ひっくるめ	pending	JMdict_e
ひっこめる	dictionary	JMdict_e
ひっしゃ	dictionary	JMdict_e
ひっそり	dictionary	JMdict_e
ひっぱる	dictionary	JMdict_e
ひつじ	dictionary	JMdict_e
ひとがら	dictionary	JMdict_e
ひとし	pending	JMdict_e
ひとしい	dictionary	JMdict_e
ひとしきり	dictionary	JMdict_e
ひとまず	dictionary	JMdict_e
ひとまとめ	dictionary	JMdict_e
ひので	dictionary	JMdict_e
ひばく	dictionary	JMdict_e
ひびき	dictionary	JMdict_e
ひびく	dictionary	JMdict_e
ひほう	dictionary	JMdict_e
ひま	dictionary	JMdict_e
ひまん	dictionary	JMdict_e
ひも	dictionary	JMdict_e
ひゃく	dictionary	JMdict_e
ひゃっか	dictionary	JMdict_e
ひょうきん	dictionary	JMdict_e
ひょうしき	dictionary	JMdict_e
ひょろりと	pending	JMdict_e
ひょんなことから	dictionary	JMdict_e
ひより	dictionary	JMdict_e
ひらい	dictionary	JMdict_e
ひらき	dictionary	JMdict_e
ひらけ	dictionary	JMdict_e
ひらける	dictionary	JMdict_e
ひらた	dictionary	JMdict_e
ひりょう	dictionary	JMdict_e
ひる	dictionary	JMdict_e
ひるま	dictionary	JMdict_e
ひるめし	dictionary	JMdict_e
ひろい	dictionary	JMdict_e
ひろう	dictionary	JMdict_e
ひろがり	dictionary	JMdict_e
ひろがる	dictionary	JMdict_e
ひろげ	pending	JMdict_e
ひろげる	dictionary	JMdict_e
ひろば	dictionary	JMdict_e
ひわい	dictionary	JMdict_e
ひんぱん	dictionary	JMdict_e
びく	dictionary	JMdict_e
びしょびしょ	dictionary	JMdict_e
びじゅつかん	dictionary	JMdict_e
びどめしとも	pending	JMdict_e
びのしくみで	pending	JMdict_e
びのにゃんこ	pending	JMdict_e
びょう	dictionary	JMdict_e
びら	dictionary	JMdict_e
ぴっかぴか	dictionary	JMdict_e
ぴょんぴょん	dictionary	JMdict_e
ふぁみ	pending	JMdict_e
ふい	dictionary	JMdict_e
ふうじ	dictionary	JMdict_e
ふうちょう	dictionary	JMdict_e
ふえ	dictionary	JMdict_e
ふか	dictionary	JMdict_e
ふかい	dictionary	JMdict_e
ふかめ	pending	JMdict_e
ふかんぜん	dictionary	JMdict_e
ふくしゅう	dictionary	JMdict_e
ふくしょう	dictionary	JMdict_e
ふくま	pending	JMdict_e
ふくみ	dictionary	JMdict_e
ふくむ	dictionary	JMdict_e
ふくよう	dictionary	JMdict_e
ふくん	dictionary	JMdict_e
ふけ	dictionary	JMdict_e
ふこく	dictionary	JMdict_e
ふさい	dictionary	JMdict_e
ふさわしく	pending	JMdict_e
ふしぎ	dictionary	JMdict_e
ふしみ	pending	JMdict_e
ふじい	pending	JMdict_e
ふじつう	dictionary	JMdict_e
ふせ	dictionary	JMdict_e
ふちゃく	dictionary	JMdict_e
ふちゅう	dictionary	JMdict_e
ふっかつ	dictionary	JMdict_e
ふっとう	dictionary	JMdict_e
ふつかよい	dictionary	JMdict_e
ふていき	dictionary	JMdict_e
ふてぶてしく	pending	JMdict_e
ふとく	dictionary	JMdict_e
ふとっちょ	dictionary	JMdict_e
ふとり	pending	JMdict_e
ふどう	dictionary	JMdict_e
ふにん	dictionary	JMdict_e
ふぶき	dictionary	JMdict_e
ふほう	dictionary	JMdict_e
ふむ	dictionary	JMdict_e
ふゆ	dictionary	JMdict_e
ふらっと	dictionary	JMdict_e
ふりかえる	dictionary	JMdict_e
ふりこみ	dictionary	JMdict_e
ふりまわさ	pending	JMdict_e
ふるい	dictionary	JMdict_e
ふるえる	dictionary	JMdict_e
ふるく	dictionary	JMdict_e
ふれる	dictionary	JMdict_e
ふろ	dictionary	JMdict_e
ふんさい	dictionary	JMdict_e
ふんだんに	dictionary	JMdict_e
ふんべつ	dictionary	JMdict_e
ふんまつ	dictionary	JMdict_e
ぶがい	dictionary	JMdict_e
ぶきよう	dictionary	JMdict_e
ぶさいく	dictionary	JMdict_e
ぶす	dictionary	JMdict_e
ぶた	dictionary	JMdict_e
ぶちかまし	dictionary	JMdict_e
ぶちかます	dictionary	JMdict_e
ぶちこわし	dictionary	JMdict_e
ぶちまける	dictionary	JMdict_e
ぶっか	dictionary	JMdict_e
ぶっきらぼう	dictionary	JMdict_e
ぶとう	dictionary	JMdict_e
ぶどう	dictionary	JMdict_e
ぶるい	dictionary	JMdict_e
ぶれ	dictionary	JMdict_e
ぶんげい	dictionary	JMdict_e
ぶんたん	dictionary	JMdict_e
ぶんみゃく	dictionary	JMdict_e
ぷせとねでぶ	pending	JMdict_e
ぷよはすべて	pending	JMdict_e
へいめん	dictionary	JMdict_e
へえ	dictionary	JMdict_e
へき	dictionary	JMdict_e
へのこ	dictionary	JMdict_e
へび	dictionary	JMdict_e
へや	dictionary	JMdict_e
へら	dictionary	JMdict_e
へらし	pending	JMdict_e
へらす	dictionary	JMdict_e
へり	dictionary	JMdict_e
へる	dictionary	JMdict_e
へんい	dictionary	JMdict_e
へんかく	dictionary	JMdict_e
へんじん	dictionary	JMdict_e
へんすう	dictionary	JMdict_e
へんそう	dictionary	JMdict_e
へんぴん	dictionary	JMdict_e
べた	dictionary	JMdict_e
べつに	dictionary	JMdict_e
べら	dictionary	JMdict_e
べんち	dictionary	JMdict_e
べんぴ	dictionary	JMdict_e
ぺえあらあで	pending	JMdict_e
ぺきのりせい	pending	JMdict_e
ほうかつ	dictionary	JMdict_e
ほうじ	dictionary	JMdict_e
ほうじょう	dictionary	JMdict_e
ほうむ	dictionary	JMdict_e
ほこり	dictionary	JMdict_e
ほこる	dictionary	JMdict_e
ほしの	pending	JMdict_e
ほしょく	dictionary	JMdict_e
ほそく	dictionary	JMdict_e
ほた	dictionary	JMdict_e
ほたる	dictionary	JMdict_e
ほっし	dictionary	JMdict_e
ほっそく	dictionary	JMdict_e
ほったらかし	dictionary	JMdict_e
ほったん	dictionary	JMdict_e
ほととぎす	dictionary	JMdict_e
ほどこさ	pending	JMdict_e
ほのぼの	dictionary	JMdict_e
ほのめかし	dictionary	JMdict_e
ほのめかす	dictionary	JMdict_e
ほほ	dictionary	JMdict_e
ほめ	pending	JMdict_e
ほめちぎる	dictionary	JMdict_e
ほり	dictionary	JMdict_e
ほれ	dictionary	JMdict_e
ほろび	pending	JMdict_e
ほんけん	dictionary	JMdict_e
ほんしゅう	dictionary	JMdict_e
ほんしょ	dictionary	JMdict_e
ほんまる	dictionary	JMdict_e
ほんらい	dictionary	JMdict_e
ぼうぎょ	dictionary	JMdict_e
ぼうこう	dictionary	JMdict_e
ぼうし	dictionary	JMdict_e
ぼうだん	dictionary	JMdict_e
ぼうちょう	dictionary	JMdict_e
ぼけ	dictionary	JMdict_e
ぼたん	dictionary	JMdict_e
ぼっき	dictionary	JMdict_e
ぼっぱつ	dictionary	JMdict_e
ぼつ	dictionary	JMdict_e
ぼろ	dictionary	JMdict_e
ぼんやり	dictionary	JMdict_e
ぽっと	dictionary	JMdict_e
ぽんこつ	dictionary	JMdict_e
まう	dictionary	JMdict_e
まえ	dictionary	JMdict_e
まえがみ	dictionary	JMdict_e
まえだ	pending	JMdict_e
まお	dictionary	JMdict_e
まかさ	pending	JMdict_e
まかせ	dictionary	JMdict_e
まかなえる	pending	JMdict_e
まかりとおる	dictionary	JMdict_e
まきこん	pending	JMdict_e
まきちらし	pending	JMdict_e
まぎれ	dictionary	JMdict_e
まぎれこん	pending	JMdict_e
まく	dictionary	JMdict_e
まくら	dictionary	JMdict_e
まぐろ	dictionary	JMdict_e
まげ	dictionary	JMdict_e
まこと	dictionary	JMdict_e
まさつ	dictionary	JMdict_e
まじえ	pending	JMdict_e
まぜ	pending	JMdict_e
まちがえる	dictionary	JMdict_e
まっくら	dictionary	JMdict_e
まっくろ	dictionary	JMdict_e
まっさつ	dictionary	JMdict_e
まっしろ	dictionary	JMdict_e
まっすぐぐ	pending	JMdict_e
まつい	pending	JMdict_e
まつど	pending	JMdict_e
まとめあげ	pending	JMdict_e
まとわりつい	pending	JMdict_e
まとわりつく	dictionary	JMdict_e
まなば	pending	JMdict_e
まなべ	pending	JMdict_e
まにあわ	pending	JMdict_e
まぬかれ	pending	JMdict_e
まねい	pending	JMdict_e
ままならない	dictionary	JMdict_e
ままならなく	pending	JMdict_e
まみ	dictionary	JMdict_e
まめ	dictionary	JMdict_e
まもら	pending	JMdict_e
まもる	dictionary	JMdict_e
まもろ	pending	JMdict_e
まや	dictionary	JMdict_e
まよう	dictionary	JMdict_e
まよわ	pending	JMdict_e
まりお	pending	JMdict_e
まるい	dictionary	JMdict_e
まるく	dictionary	JMdict_e
まるこ	pending	JMdict_e
まるみえ	dictionary	JMdict_e
まわす	dictionary	JMdict_e
まわら	pending	JMdict_e
まわる	dictionary	JMdict_e
まんげつ	dictionary	JMdict_e
まんざい	dictionary	JMdict_e
まんじゅう	dictionary	JMdict_e
まんと	dictionary	JMdict_e
まんまん	dictionary	JMdict_e
みあげ	pending	JMdict_e
みあたら	pending	JMdict_e
みうけ	dictionary	JMdict_e
みうら	pending	JMdict_e
みおとし	dictionary	JMdict_e
みかえり	dictionary	JMdict_e
みかく	dictionary	JMdict_e
みかける	dictionary	JMdict_e
みがい	pending	JMdict_e
みがき	dictionary	JMdict_e
みき	dictionary	JMdict_e
みぎ	dictionary	JMdict_e
みく	dictionary	JMdict_e
みこみ	dictionary	JMdict_e
みしま	pending	JMdict_e
みじか	dictionary	JMdict_e
みじかい	dictionary	JMdict_e
みじかく	pending	JMdict_e
みす	dictionary	JMdict_e
みすて	pending	JMdict_e
みすぼらしく	pending	JMdict_e
みずの	pending	JMdict_e
みせつけ	pending	JMdict_e
みだれとび	pending	JMdict_e
みちびき	dictionary	JMdict_e
みっせつ	dictionary	JMdict_e
みっともない	dictionary	JMdict_e
みつい	dictionary	JMdict_e
みつかり	pending	JMdict_e
みつき	dictionary	JMdict_e
みつける	dictionary	JMdict_e
みつめ	dictionary	JMdict_e
みとおし	dictionary	JMdict_e
みなおし	dictionary	JMdict_e
みなおす	dictionary	JMdict_e
みなと	dictionary	JMdict_e
みなとみらい	pending	JMdict_e
みなみあふりか	pending	JMdict_e
みなみがわ	dictionary	JMdict_e
みならい	dictionary	JMdict_e
みにくい	dictionary	JMdict_e
みね	dictionary	JMdict_e
みほ	pending	JMdict_e
みぼうじん	dictionary	JMdict_e
みまもる	dictionary	JMdict_e
みもと	dictionary	JMdict_e
みゃく	dictionary	JMdict_e
みやけ	dictionary	JMdict_e
みやげ	dictionary	JMdict_e
みやた	pending	JMdict_e
みょうごにち	dictionary	JMdict_e
みわく	dictionary	JMdict_e
みわけ	dictionary	JMdict_e
みんか	dictionary	JMdict_e
みんぽう	dictionary	JMdict_e
むえん	dictionary	JMdict_e
むか	dictionary	JMdict_e
むかい	dictionary	JMdict_e
むかえる	dictionary	JMdict_e
むくわ	pending	JMdict_e
むぐらのやど	pending	JMdict_e
むける	dictionary	JMdict_e
むし	dictionary	JMdict_e
むしかえし	pending	JMdict_e
むすこ	dictionary	JMdict_e
むずかし	pending	JMdict_e
むずかしい	dictionary	JMdict_e
むたよしのり	pending	JMdict_e
むだ	dictionary	JMdict_e
むち	dictionary	JMdict_e
むちとあなたの	pending	JMdict_e
むちゅう	dictionary	JMdict_e
むてき	dictionary	JMdict_e
むとう	dictionary	JMdict_e
むなかたの	pending	JMdict_e
むね	dictionary	JMdict_e
むめい	dictionary	JMdict_e
むらた	pending	JMdict_e
むらびと	dictionary	JMdict_e
むらむら	dictionary	JMdict_e
むり	dictionary	JMdict_e
むりやり	dictionary	JMdict_e
めいげん	dictionary	JMdict_e
めいしょ	dictionary	JMdict_e
めいじ	dictionary	JMdict_e
めいせい	dictionary	JMdict_e
めいそう	dictionary	JMdict_e
めいめい	dictionary	JMdict_e
めいわく	dictionary	JMdict_e
めか	dictionary	JMdict_e
めかくし	dictionary	JMdict_e
めが	dictionary	JMdict_e
めがね	dictionary	JMdict_e
めぐまれ	pending	JMdict_e
めざし	dictionary	JMdict_e
めざましい	dictionary	JMdict_e
めざめる	dictionary	JMdict_e
めずらしく	pending	JMdict_e
めだち	dictionary	JMdict_e
めだつ	dictionary	JMdict_e
めちゃめちゃ	dictionary	JMdict_e
めった	dictionary	JMdict_e
めまぐるしく	pending	JMdict_e
めやす	dictionary	JMdict_e
めんし	dictionary	JMdict_e
めんだん	dictionary	JMdict_e
めんつ	dictionary	JMdict_e
めんどい	dictionary	JMdict_e
めんどう	dictionary	JMdict_e
めんどうくさい	dictionary	JMdict_e
もうかる	dictionary	JMdict_e
もうける	dictionary	JMdict_e
もうこ	dictionary	JMdict_e
もうし	dictionary	JMdict_e
もうしこん	pending	JMdict_e
もうしたて	dictionary	JMdict_e
もうしょ	dictionary	JMdict_e
もくせい	dictionary	JMdict_e
もす	dictionary	JMdict_e
もだん	dictionary	JMdict_e
もちあがり	pending	JMdict_e
もちあげ	pending	JMdict_e
もちかえり	dictionary	JMdict_e
もちかける	dictionary	JMdict_e
もちこたえ	pending	JMdict_e
もちこみ	dictionary	JMdict_e
もちこむ	dictionary	JMdict_e
もちもの	dictionary	JMdict_e
もってこい	dictionary	JMdict_e
もて	dictionary	JMdict_e
もてあます	dictionary	JMdict_e
もてはやさ	pending	JMdict_e
もとづく	dictionary	JMdict_e
もどかしい	dictionary	JMdict_e
もどさ	pending	JMdict_e
もどす	dictionary	JMdict_e
もどら	pending	JMdict_e
もにか	pending	JMdict_e
ものがたり	dictionary	JMdict_e
ものさし	dictionary	JMdict_e
もやし	dictionary	JMdict_e
もやもや	dictionary	JMdict_e
もより	dictionary	JMdict_e
もりあがり	dictionary	JMdict_e
もりのなか	pending	JMdict_e
もる	dictionary	JMdict_e
もれ	dictionary	JMdict_e
もろもろ	dictionary	JMdict_e
もんぶ	dictionary	JMdict_e
やい	dictionary	JMdict_e
やおや	dictionary	JMdict_e
やかましい	dictionary	JMdict_e
やかましく	pending	JMdict_e
やから	dictionary	JMdict_e
やかん	dictionary	JMdict_e
やきとり	dictionary	JMdict_e
やく	dictionary	JMdict_e
やくざ	dictionary	JMdict_e
やくざい	dictionary	JMdict_e
やくしゃ	dictionary	JMdict_e
やくにたた	pending	JMdict_e
やけど	dictionary	JMdict_e
やさい	dictionary	JMdict_e
やさし	pending	JMdict_e
やさしく	pending	JMdict_e
やすし	pending	JMdict_e
やすだ	pending	JMdict_e
やすま	pending	JMdict_e
やすみ	dictionary	JMdict_e
やすむ	dictionary	JMdict_e
やせる	dictionary	JMdict_e
やってのける	dictionary	JMdict_e
やとう	dictionary	JMdict_e
やぶる	dictionary	JMdict_e
やぶれ	dictionary	JMdict_e
やぼう	dictionary	JMdict_e
やました	dictionary	JMdict_e
やみ	dictionary	JMdict_e
ややこしい	dictionary	JMdict_e
やよい	dictionary	JMdict_e
やりなおし	dictionary	JMdict_e
やるせない	dictionary	JMdict_e
やわらか	dictionary	JMdict_e
やわらかい	dictionary	JMdict_e
やわらかく	pending	JMdict_e
ゆういぎ	dictionary	JMdict_e
ゆううつ	dictionary	JMdict_e
ゆうえんち	dictionary	JMdict_e
ゆうが	dictionary	JMdict_e
ゆうせい	dictionary	JMdict_e
ゆうはつ	dictionary	JMdict_e
ゆうびんきょく	dictionary	JMdict_e
ゆか	dictionary	JMdict_e
ゆかた	dictionary	JMdict_e
ゆきわたら	pending	JMdict_e
ゆずり	dictionary	JMdict_e
ゆずる	dictionary	JMdict_e
ゆたか	dictionary	JMdict_e
ゆでこぼし	pending	JMdict_e
ゆに	dictionary	JMdict_e
ゆびさき	dictionary	JMdict_e
ゆるさ	pending	JMdict_e
ゆるす	dictionary	JMdict_e
ゆるせ	pending	JMdict_e
ゆるやか	dictionary	JMdict_e
ゆれ	dictionary	JMdict_e
ようがく	dictionary	JMdict_e
ようこ	dictionary	JMdict_e
ようし	dictionary	JMdict_e
ようしょく	dictionary	JMdict_e
ようじ	dictionary	JMdict_e
ようす	dictionary	JMdict_e
ようするに	dictionary	JMdict_e
ようせい	dictionary	JMdict_e
ようせつ	dictionary	JMdict_e
ようつう	dictionary	JMdict_e
ようなじみ	pending	JMdict_e
ようにん	dictionary	JMdict_e
ようは	dictionary	JMdict_e
よくちょう	dictionary	JMdict_e
よごし	dictionary	JMdict_e
よしの	pending	JMdict_e
よそよそしい	dictionary	JMdict_e
よっはらい	pending	JMdict_e
よばわり	dictionary	JMdict_e
よび	dictionary	JMdict_e
よびかけ	dictionary	JMdict_e
よびこう	dictionary	JMdict_e
よびさまさ	pending	JMdict_e
よぶ	dictionary	JMdict_e
よぼう	dictionary	JMdict_e
よま	pending	JMdict_e
よみうり	dictionary	JMdict_e
よみがえる	dictionary	JMdict_e
よむ	dictionary	JMdict_e
よも	dictionary	JMdict_e
よろこぶ	dictionary	JMdict_e
よろしけれ	pending	JMdict_e
よわい	dictionary	JMdict_e
よわく	pending	JMdict_e
らいす	dictionary	JMdict_e
らくさつ	dictionary	JMdict_e
らじ	dictionary	JMdict_e
らすべがす	pending	JMdict_e
らち	dictionary	JMdict_e
らっか	dictionary	JMdict_e
らふ	dictionary	JMdict_e
らんとう	dictionary	JMdict_e
らんにゅう	dictionary	JMdict_e
らんよう	dictionary	JMdict_e
りか	dictionary	JMdict_e
りく	dictionary	JMdict_e
りさ	pending	JMdict_e
りっぽう	dictionary	JMdict_e
りゃくし	dictionary	JMdict_e
りゅうてい	dictionary	JMdict_e
りゅうよう	dictionary	JMdict_e
りょうけん	dictionary	JMdict_e
りょうこ	dictionary	JMdict_e
りょうし	dictionary	JMdict_e
りょうしゅう	dictionary	JMdict_e
りょうせん	dictionary	JMdict_e
りょうめん	dictionary	JMdict_e
りりく	dictionary	JMdict_e
りんじん	dictionary	JMdict_e
りんり	dictionary	JMdict_e
るい	dictionary	JMdict_e
るいす	pending	JMdict_e
るか	dictionary	JMdict_e
るす	dictionary	JMdict_e
れいねん	dictionary	JMdict_e
れいはい	dictionary	JMdict_e
れっきとした	dictionary	JMdict_e
れな	pending	JMdict_e
れんが	dictionary	JMdict_e
れんじ	dictionary	JMdict_e
れんぱ	dictionary	JMdict_e
ろうえい	dictionary	JMdict_e
ろうしょう	dictionary	JMdict_e
ろうにん	dictionary	JMdict_e
ろうひ	dictionary	JMdict_e
ろくでなし	dictionary	JMdict_e
ろじ	dictionary	JMdict_e
ろぼ	dictionary	JMdict_e
ろまん	dictionary	JMdict_e
ろり	dictionary	JMdict_e
わいど	dictionary	JMdict_e
わかい	dictionary	JMdict_e
わかき	dictionary	JMdict_e
わかく	pending	JMdict_e
わかめ	dictionary	JMdict_e
わかりやすさ	pending	JMdict_e
わかん	dictionary	JMdict_e
わき	dictionary	JMdict_e
わくぐみ	dictionary	JMdict_e
わごん	dictionary	JMdict_e
わさび	dictionary	JMdict_e
わざ	dictionary	JMdict_e
わせだ	dictionary	JMdict_e
わた	dictionary	JMdict_e
わたす	dictionary	JMdict_e
わたり	dictionary	JMdict_e
わな	dictionary	JMdict_e
わに	dictionary	JMdict_e
わめきたて	pending	JMdict_e
わらえ	pending	JMdict_e
わらえる	dictionary	JMdict_e
わらわせろ	pending	JMdict_e
わる	dictionary	JMdict_e
をめぐって	dictionary	JMdict_e
