# CC-BANK-PURITY F2 ledger: word<TAB>verdict<TAB>source. One line per bank row, bank order.
# verdicts: dictionary | exception (signed) | pending (auditor sheet). No new row may ever enter as pending.
#tier	easy	0x2BEAEE485F3D563C
#tier	medium	0x46BCA61456635DD4
#tier	hard	0x5DB2CBCF2A44310B
#tier	expert	0xA0C46A3E71D5FE2D
aparat	dictionary	pl_PL
autobus	dictionary	pl_PL
biały	dictionary	pl_PL
biegać	dictionary	pl_PL
brat	dictionary	pl_PL
brać	dictionary	pl_PL
budować	dictionary	pl_PL
bóg	dictionary	pl_PL
ból	dictionary	pl_PL
cena	dictionary	pl_PL
chcieć	dictionary	pl_PL
chmura	dictionary	pl_PL
chodzić	dictionary	pl_PL
chłodny	dictionary	pl_PL
ciało	dictionary	pl_PL
ciemny	dictionary	pl_PL
ciepły	dictionary	pl_PL
ciągnąć	dictionary	pl_PL
cukier	dictionary	pl_PL
czarny	dictionary	pl_PL
czas	dictionary	pl_PL
czasami	dictionary	pl_PL
cztery	dictionary	pl_PL
czytać	dictionary	pl_PL
często	dictionary	pl_PL
dach	dictionary	pl_PL
dać	dictionary	pl_PL
deszcz	dictionary	pl_PL
dobry	dictionary	pl_PL
dom	dictionary	pl_PL
drewno	dictionary	pl_PL
droga	dictionary	pl_PL
drzewo	dictionary	pl_PL
drzwi	dictionary	pl_PL
duch	dictionary	pl_PL
dusza	dictionary	pl_PL
duży	dictionary	pl_PL
dwa	dictionary	pl_PL
dym	dictionary	pl_PL
dziecko	dictionary	pl_PL
dzień	dictionary	pl_PL
dzisiaj	dictionary	pl_PL
dół	dictionary	pl_PL
długi	dictionary	pl_PL
dźwięk	dictionary	pl_PL
fala	dictionary	pl_PL
farma	dictionary	pl_PL
film	dictionary	pl_PL
godzina	dictionary	pl_PL
gorący	dictionary	pl_PL
gra	dictionary	pl_PL
grać	dictionary	pl_PL
gwiazda	dictionary	pl_PL
góra	dictionary	pl_PL
głos	dictionary	pl_PL
głowa	dictionary	pl_PL
hałas	dictionary	pl_PL
herbata	dictionary	pl_PL
imię	dictionary	pl_PL
jajko	dictionary	pl_PL
jeden	dictionary	pl_PL
jezioro	dictionary	pl_PL
jeść	dictionary	pl_PL
kaczka	dictionary	pl_PL
kamień	dictionary	pl_PL
klasa	dictionary	pl_PL
klucz	dictionary	pl_PL
kobieta	dictionary	pl_PL
kolor	dictionary	pl_PL
korzeń	dictionary	pl_PL
kot	dictionary	pl_PL
koło	dictionary	pl_PL
koń	dictionary	pl_PL
kościół	dictionary	pl_PL
kość	dictionary	pl_PL
kraj	dictionary	pl_PL
krew	dictionary	pl_PL
król	dictionary	pl_PL
królowa	dictionary	pl_PL
krótki	dictionary	pl_PL
książka	dictionary	pl_PL
księżyc	dictionary	pl_PL
kształt	dictionary	pl_PL
kuchnia	dictionary	pl_PL
kupić	dictionary	pl_PL
kwadrat	dictionary	pl_PL
kwiat	dictionary	pl_PL
lampa	dictionary	pl_PL
lato	dictionary	pl_PL
lewo	dictionary	pl_PL
linia	dictionary	pl_PL
lis	dictionary	pl_PL
list	dictionary	pl_PL
liść	dictionary	pl_PL
lubić	dictionary	pl_PL
ludzie	dictionary	pl_PL
lód	dictionary	pl_PL
magazyn	dictionary	pl_PL
maszyna	dictionary	pl_PL
matka	dictionary	pl_PL
mały	dictionary	pl_PL
metal	dictionary	pl_PL
miasto	dictionary	pl_PL
miesiąc	dictionary	pl_PL
miska	dictionary	pl_PL
miękki	dictionary	pl_PL
mięso	dictionary	pl_PL
miłość	dictionary	pl_PL
mleko	dictionary	pl_PL
moc	dictionary	pl_PL
mokry	dictionary	pl_PL
moneta	dictionary	pl_PL
morze	dictionary	pl_PL
most	dictionary	pl_PL
muzyka	dictionary	pl_PL
mysz	dictionary	pl_PL
myśleć	dictionary	pl_PL
mówić	dictionary	pl_PL
naród	dictionary	pl_PL
nasiono	dictionary	pl_PL
natura	dictionary	pl_PL
nie	dictionary	pl_PL
niebo	dictionary	pl_PL
nieść	dictionary	pl_PL
nigdy	dictionary	pl_PL
noc	dictionary	pl_PL
noga	dictionary	pl_PL
nos	dictionary	pl_PL
nowy	dictionary	pl_PL
numer	dictionary	pl_PL
obraz	dictionary	pl_PL
ogień	dictionary	pl_PL
ojciec	dictionary	pl_PL
okno	dictionary	pl_PL
oko	dictionary	pl_PL
osiem	dictionary	pl_PL
papier	dictionary	pl_PL
patrzeć	dictionary	pl_PL
pchać	dictionary	pl_PL
piasek	dictionary	pl_PL
pies	dictionary	pl_PL
pisać	dictionary	pl_PL
pięć	dictionary	pl_PL
piłka	dictionary	pl_PL
plastik	dictionary	pl_PL
pociąg	dictionary	pl_PL
podróż	dictionary	pl_PL
podłoga	dictionary	pl_PL
pokój	dictionary	pl_PL
pole	dictionary	pl_PL
pomoc	dictionary	pl_PL
praca	dictionary	pl_PL
prawo	dictionary	pl_PL
prezent	dictionary	pl_PL
przód	dictionary	pl_PL
ptak	dictionary	pl_PL
pudełko	dictionary	pl_PL
punkt	dictionary	pl_PL
północ	dictionary	pl_PL
płacić	dictionary	pl_PL
płaszcz	dictionary	pl_PL
pływać	dictionary	pl_PL
ramię	dictionary	pl_PL
rano	dictionary	pl_PL
robić	dictionary	pl_PL
rodzina	dictionary	pl_PL
rok	dictionary	pl_PL
rozmiar	dictionary	pl_PL
roślina	dictionary	pl_PL
ryba	dictionary	pl_PL
rynek	dictionary	pl_PL
ryż	dictionary	pl_PL
rzeka	dictionary	pl_PL
ręka	dictionary	pl_PL
samolot	dictionary	pl_PL
serce	dictionary	pl_PL
siedem	dictionary	pl_PL
silny	dictionary	pl_PL
siostra	dictionary	pl_PL
skakać	dictionary	pl_PL
skała	dictionary	pl_PL
sklep	dictionary	pl_PL
skóra	dictionary	pl_PL
spokój	dictionary	pl_PL
srebro	dictionary	pl_PL
stary	dictionary	pl_PL
statek	dictionary	pl_PL
sto	dictionary	pl_PL
stopa	dictionary	pl_PL
strach	dictionary	pl_PL
strona	dictionary	pl_PL
student	dictionary	pl_PL
studnia	dictionary	pl_PL
stół	dictionary	pl_PL
suchy	dictionary	pl_PL
syn	dictionary	pl_PL
szary	dictionary	pl_PL
szczyt	dictionary	pl_PL
sześć	dictionary	pl_PL
szkoła	dictionary	pl_PL
szkło	dictionary	pl_PL
szpital	dictionary	pl_PL
sztuka	dictionary	pl_PL
szybki	dictionary	pl_PL
sól	dictionary	pl_PL
słaby	dictionary	pl_PL
słowo	dictionary	pl_PL
słońce	dictionary	pl_PL
talerz	dictionary	pl_PL
tam	dictionary	pl_PL
tańczyć	dictionary	pl_PL
teraz	dictionary	pl_PL
tracić	dictionary	pl_PL
trawa	dictionary	pl_PL
trzy	dictionary	pl_PL
trzymać	dictionary	pl_PL
tutaj	dictionary	pl_PL
twardy	dictionary	pl_PL
tydzień	dictionary	pl_PL
tysiąc	dictionary	pl_PL
tył	dictionary	pl_PL
ucho	dictionary	pl_PL
ulica	dictionary	pl_PL
usta	dictionary	pl_PL
wiatr	dictionary	pl_PL
wiersz	dictionary	pl_PL
wieś	dictionary	pl_PL
wilk	dictionary	pl_PL
wino	dictionary	pl_PL
wiosna	dictionary	pl_PL
woda	dictionary	pl_PL
wojna	dictionary	pl_PL
wolny	dictionary	pl_PL
wschód	dictionary	pl_PL
wtedy	dictionary	pl_PL
wyspa	dictionary	pl_PL
wysłać	dictionary	pl_PL
wzgórze	dictionary	pl_PL
włosy	dictionary	pl_PL
zachód	dictionary	pl_PL
zacząć	dictionary	pl_PL
zamknąć	dictionary	pl_PL
zawsze	dictionary	pl_PL
zdrowie	dictionary	pl_PL
zielony	dictionary	pl_PL
ziemia	dictionary	pl_PL
zima	dictionary	pl_PL
zimny	dictionary	pl_PL
znaleźć	dictionary	pl_PL
zwierzę	dictionary	pl_PL
złoto	dictionary	pl_PL
zły	dictionary	pl_PL
łamać	dictionary	pl_PL
łatwy	dictionary	pl_PL
łańcuch	dictionary	pl_PL
łódź	dictionary	pl_PL
łóżko	dictionary	pl_PL
ściana	dictionary	pl_PL
śmierć	dictionary	pl_PL
śnieg	dictionary	pl_PL
środek	dictionary	pl_PL
świat	dictionary	pl_PL
światło	dictionary	pl_PL
świnia	dictionary	pl_PL
żelazo	dictionary	pl_PL
życie	dictionary	pl_PL
żółty	dictionary	pl_PL
chleb	dictionary	pl_PL
dżem	dictionary	pl_PL
grzyb	dictionary	pl_PL
mąka	dictionary	pl_PL
żaba	dictionary	pl_PL
apteka	dictionary	pl_PL
cebula	dictionary	pl_PL
ciasto	dictionary	pl_PL
ciotka	dictionary	pl_PL
gitara	dictionary	pl_PL
gęś	dictionary	pl_PL
kurtka	dictionary	pl_PL
lustro	dictionary	pl_PL
malina	dictionary	pl_PL
nóż	dictionary	pl_PL
rząd	dictionary	pl_PL
wioska	dictionary	pl_PL
wąż	dictionary	pl_PL
muszla	dictionary	pl_PL
ogród	dictionary	pl_PL
ciekawy	dictionary	pl_PL
obecnie	dictionary	pl_PL
okulary	dictionary	pl_PL
parasol	dictionary	pl_PL
pingwin	dictionary	pl_PL
pomidor	dictionary	pl_PL
schody	dictionary	pl_PL
słoń	dictionary	pl_PL
przez	dictionary	pl_PL
został	dictionary	pl_PL
także	dictionary	pl_PL
jednak	dictionary	pl_PL
latach	dictionary	pl_PL
który	dictionary	pl_PL
które	dictionary	pl_PL
wieku	dictionary	pl_PL
tylko	dictionary	pl_PL
czasie	dictionary	pl_PL
przed	dictionary	pl_PL
która	dictionary	pl_PL
gdzie	dictionary	pl_PL
bardzo	dictionary	pl_PL
około	dictionary	pl_PL
części	dictionary	pl_PL
miasta	dictionary	pl_PL
którym	dictionary	pl_PL
dwóch	dictionary	pl_PL
której	dictionary	pl_PL
innych	dictionary	pl_PL
można	dictionary	pl_PL
według	dictionary	pl_PL
liczby	dictionary	pl_PL
wielu	dictionary	pl_PL
życia	dictionary	pl_PL
udział	dictionary	pl_PL
część	dictionary	pl_PL
ponad	dictionary	pl_PL
między	dictionary	pl_PL
wiele	dictionary	pl_PL
wojny	dictionary	pl_PL
samym	dictionary	pl_PL
kilka	dictionary	pl_PL
kraju	dictionary	pl_PL
pracy	dictionary	pl_PL
polski	dictionary	pl_PL
danych	dictionary	pl_PL
którzy	dictionary	pl_PL
swoją	dictionary	pl_PL
jednym	dictionary	pl_PL
sposób	dictionary	pl_PL
niego	dictionary	pl_PL
dzieci	dictionary	pl_PL
koniec	dictionary	pl_PL
swojej	dictionary	pl_PL
miała	dictionary	pl_PL
zdobył	dictionary	pl_PL
grupy	dictionary	pl_PL
kiedy	dictionary	pl_PL
swoje	dictionary	pl_PL
powodu	dictionary	pl_PL
kilku	dictionary	pl_PL
nawet	dictionary	pl_PL
sobie	dictionary	pl_PL
strony	dictionary	pl_PL
świata	dictionary	pl_PL
czasu	dictionary	pl_PL
wyniku	dictionary	pl_PL
swoich	dictionary	pl_PL
lipca	dictionary	pl_PL
dzięki	dictionary	pl_PL
trzech	dictionary	pl_PL
wśród	dictionary	pl_PL
którą	dictionary	pl_PL
marca	dictionary	pl_PL
siebie	dictionary	pl_PL
tytuł	dictionary	pl_PL
zespół	dictionary	pl_PL
razem	dictionary	pl_PL
swoim	dictionary	pl_PL
osoby	dictionary	pl_PL
szkoły	dictionary	pl_PL
nazwę	dictionary	pl_PL
linii	dictionary	pl_PL
wynosi	dictionary	pl_PL
ludzi	dictionary	pl_PL
skład	dictionary	pl_PL
innymi	dictionary	pl_PL
końca	dictionary	pl_PL
ramach	dictionary	pl_PL
należy	dictionary	pl_PL
gminę	dictionary	pl_PL
prawa	dictionary	pl_PL
lutego	dictionary	pl_PL
walki	dictionary	pl_PL
będzie	dictionary	pl_PL
serii	dictionary	pl_PL
stanie	dictionary	pl_PL
jedną	dictionary	pl_PL
miały	dictionary	pl_PL
pracę	dictionary	pl_PL
potem	dictionary	pl_PL
zajął	dictionary	pl_PL
pełnił	dictionary	pl_PL
gminy	dictionary	pl_PL
czyli	dictionary	pl_PL
wojnie	dictionary	pl_PL
ciągu	dictionary	pl_PL
samego	dictionary	pl_PL
wersji	dictionary	pl_PL
jednej	dictionary	pl_PL
klubu	dictionary	pl_PL
wobec	dictionary	pl_PL
drugi	dictionary	pl_PL
metrów	dictionary	pl_PL
sezonu	dictionary	pl_PL
zaczął	dictionary	pl_PL
nazwa	dictionary	pl_PL
szybko	dictionary	pl_PL
ciała	dictionary	pl_PL
prace	dictionary	pl_PL
ruchu	dictionary	pl_PL
czasem	dictionary	pl_PL
nazwy	dictionary	pl_PL
więcej	dictionary	pl_PL
czego	dictionary	pl_PL
prawie	dictionary	pl_PL
ulicy	dictionary	pl_PL
nowych	dictionary	pl_PL
miało	dictionary	pl_PL
pomocą	dictionary	pl_PL
służby	dictionary	pl_PL
wojska	dictionary	pl_PL
udało	dictionary	pl_PL
końcu	dictionary	pl_PL
nowego	dictionary	pl_PL
armii	dictionary	pl_PL
stanu	dictionary	pl_PL
takie	dictionary	pl_PL
kolei	dictionary	pl_PL
coraz	dictionary	pl_PL
budowy	dictionary	pl_PL
kobiet	dictionary	pl_PL
zmarł	dictionary	pl_PL
doszło	dictionary	pl_PL
ziemi	dictionary	pl_PL
nazwą	dictionary	pl_PL
składa	dictionary	pl_PL
takich	dictionary	pl_PL
przede	dictionary	pl_PL
album	dictionary	pl_PL
liczba	dictionary	pl_PL
całej	dictionary	pl_PL
różne	dictionary	pl_PL
dobrze	dictionary	pl_PL
temat	dictionary	pl_PL
nadal	dictionary	pl_PL
zwykle	dictionary	pl_PL
sztuki	dictionary	pl_PL
władze	dictionary	pl_PL
wokół	dictionary	pl_PL
króla	dictionary	pl_PL
liczne	dictionary	pl_PL
władzy	dictionary	pl_PL
medal	dictionary	pl_PL
stała	dictionary	pl_PL
partii	dictionary	pl_PL
zmiany	dictionary	pl_PL
rzecz	dictionary	pl_PL
swego	dictionary	pl_PL
studia	dictionary	pl_PL
celem	dictionary	pl_PL
każdy	dictionary	pl_PL
pomocy	dictionary	pl_PL
oprócz	dictionary	pl_PL
języka	dictionary	pl_PL
okres	dictionary	pl_PL
klasy	dictionary	pl_PL
miejsc	dictionary	pl_PL
budowę	dictionary	pl_PL
znany	dictionary	pl_PL
zostać	dictionary	pl_PL
filmu	dictionary	pl_PL
wrócił	dictionary	pl_PL
stylu	dictionary	pl_PL
okresu	dictionary	pl_PL
badań	dictionary	pl_PL
działa	dictionary	pl_PL
mniej	dictionary	pl_PL
system	dictionary	pl_PL
jedna	dictionary	pl_PL
meczu	dictionary	pl_PL
drugim	dictionary	pl_PL
drodze	dictionary	pl_PL
całym	dictionary	pl_PL
czasów	dictionary	pl_PL
stacji	dictionary	pl_PL
każdym	dictionary	pl_PL
lidze	dictionary	pl_PL
jeśli	dictionary	pl_PL
języku	dictionary	pl_PL
marcu	dictionary	pl_PL
nieco	dictionary	pl_PL
rozwój	dictionary	pl_PL
samej	dictionary	pl_PL
wojsk	dictionary	pl_PL
odbył	dictionary	pl_PL
firmy	dictionary	pl_PL
uwagę	dictionary	pl_PL
muzeum	dictionary	pl_PL
dniach	dictionary	pl_PL
objął	dictionary	pl_PL
grupa	dictionary	pl_PL
pięciu	dictionary	pl_PL
nowej	dictionary	pl_PL
szkole	dictionary	pl_PL
synem	dictionary	pl_PL
muzyki	dictionary	pl_PL
niemal	dictionary	pl_PL
mieli	dictionary	pl_PL
rzeki	dictionary	pl_PL
sieci	dictionary	pl_PL
broni	dictionary	pl_PL
nauki	dictionary	pl_PL
połowy	dictionary	pl_PL
wpływ	dictionary	pl_PL
całego	dictionary	pl_PL
każdej	dictionary	pl_PL
drogi	dictionary	pl_PL
punkty	dictionary	pl_PL
akcji	dictionary	pl_PL
czele	dictionary	pl_PL
drugie	dictionary	pl_PL
rynku	dictionary	pl_PL
wydał	dictionary	pl_PL
wygrał	dictionary	pl_PL
pomimo	dictionary	pl_PL
liczbę	dictionary	pl_PL
musiał	dictionary	pl_PL
formie	dictionary	pl_PL
lipcu	dictionary	pl_PL
meczów	dictionary	pl_PL
polska	dictionary	pl_PL
pełni	dictionary	pl_PL
wydany	dictionary	pl_PL
wzdłuż	dictionary	pl_PL
bowiem	dictionary	pl_PL
nazwie	dictionary	pl_PL
utworu	dictionary	pl_PL
życiu	dictionary	pl_PL
chwili	dictionary	pl_PL
zajęła	dictionary	pl_PL
stały	dictionary	pl_PL
dużej	dictionary	pl_PL
utwór	dictionary	pl_PL
władz	dictionary	pl_PL
biegu	dictionary	pl_PL
dalej	dictionary	pl_PL
utwory	dictionary	pl_PL
córki	dictionary	pl_PL
domów	dictionary	pl_PL
pułku	dictionary	pl_PL
spraw	dictionary	pl_PL
walce	dictionary	pl_PL
liście	dictionary	pl_PL
postać	dictionary	pl_PL
płyty	dictionary	pl_PL
zamku	dictionary	pl_PL
obszar	dictionary	pl_PL
liczy	dictionary	pl_PL
obrony	dictionary	pl_PL
wersja	dictionary	pl_PL
lutym	dictionary	pl_PL
albumu	dictionary	pl_PL
druga	dictionary	pl_PL
jakie	dictionary	pl_PL
krajów	dictionary	pl_PL
uwagi	dictionary	pl_PL
znane	dictionary	pl_PL
lewej	dictionary	pl_PL
podjął	dictionary	pl_PL
język	dictionary	pl_PL
podium	dictionary	pl_PL
własną	dictionary	pl_PL
zagrał	dictionary	pl_PL
dużych	dictionary	pl_PL
klubie	dictionary	pl_PL
obozu	dictionary	pl_PL
wciąż	dictionary	pl_PL
zmian	dictionary	pl_PL
mecze	dictionary	pl_PL
miast	dictionary	pl_PL
państw	dictionary	pl_PL
proces	dictionary	pl_PL
stronę	dictionary	pl_PL
matki	dictionary	pl_PL
okazji	dictionary	pl_PL
roślin	dictionary	pl_PL
łodzi	dictionary	pl_PL
rządu	dictionary	pl_PL
fazie	dictionary	pl_PL
grupie	dictionary	pl_PL
drugą	dictionary	pl_PL
ilości	dictionary	pl_PL
sprawy	dictionary	pl_PL
szkół	dictionary	pl_PL
innym	dictionary	pl_PL
listy	dictionary	pl_PL
stało	dictionary	pl_PL
obiekt	dictionary	pl_PL
ataku	dictionary	pl_PL
drużyn	dictionary	pl_PL
dzieła	dictionary	pl_PL
formy	dictionary	pl_PL
jedno	dictionary	pl_PL
staje	dictionary	pl_PL
minut	dictionary	pl_PL
modelu	dictionary	pl_PL
trzeci	dictionary	pl_PL
blisko	dictionary	pl_PL
sukces	dictionary	pl_PL
odbyła	dictionary	pl_PL
służył	dictionary	pl_PL
godzin	dictionary	pl_PL
rzeczy	dictionary	pl_PL
bramki	dictionary	pl_PL
czemu	dictionary	pl_PL
gmina	dictionary	pl_PL
skutek	dictionary	pl_PL
straty	dictionary	pl_PL
słowa	dictionary	pl_PL
teren	dictionary	pl_PL
ukazał	dictionary	pl_PL
wyspy	dictionary	pl_PL
załogi	dictionary	pl_PL
chciał	dictionary	pl_PL
szereg	dictionary	pl_PL
układ	dictionary	pl_PL
parku	dictionary	pl_PL
poziom	dictionary	pl_PL
bramek	dictionary	pl_PL
nowym	dictionary	pl_PL
władzę	dictionary	pl_PL
źródeł	dictionary	pl_PL
braku	dictionary	pl_PL
dwoma	dictionary	pl_PL
sezon	dictionary	pl_PL
wziął	dictionary	pl_PL
stanów	dictionary	pl_PL
jedyny	dictionary	pl_PL
układu	dictionary	pl_PL
użytku	dictionary	pl_PL
cyklu	dictionary	pl_PL
pisma	dictionary	pl_PL
silnik	dictionary	pl_PL
tereny	dictionary	pl_PL
własne	dictionary	pl_PL
dzieł	dictionary	pl_PL
głowy	dictionary	pl_PL
medale	dictionary	pl_PL
mogła	dictionary	pl_PL
pałacu	dictionary	pl_PL
tytułu	dictionary	pl_PL
widzów	dictionary	pl_PL
filmie	dictionary	pl_PL
próby	dictionary	pl_PL
szkołę	dictionary	pl_PL
brata	dictionary	pl_PL
córkę	dictionary	pl_PL
danego	dictionary	pl_PL
główny	dictionary	pl_PL
ilość	dictionary	pl_PL
misji	dictionary	pl_PL
mogły	dictionary	pl_PL
prawej	dictionary	pl_PL
sumie	dictionary	pl_PL
synów	dictionary	pl_PL
żonaty	dictionary	pl_PL
celów	dictionary	pl_PL
firma	dictionary	pl_PL
obrazu	dictionary	pl_PL
silnie	dictionary	pl_PL
wieży	dictionary	pl_PL
źródła	dictionary	pl_PL
znana	dictionary	pl_PL
polską	dictionary	pl_PL
tworzy	dictionary	pl_PL
filmów	dictionary	pl_PL
autor	dictionary	pl_PL
innego	dictionary	pl_PL
takiej	dictionary	pl_PL
zdobyć	dictionary	pl_PL
bitwy	dictionary	pl_PL
linię	dictionary	pl_PL
mieści	dictionary	pl_PL
walkę	dictionary	pl_PL
żydów	dictionary	pl_PL
mogli	dictionary	pl_PL
złoty	dictionary	pl_PL
brzegu	dictionary	pl_PL
finału	dictionary	pl_PL
krótko	dictionary	pl_PL
punktu	dictionary	pl_PL
rzadko	dictionary	pl_PL
stron	dictionary	pl_PL
sztuk	dictionary	pl_PL
trwała	dictionary	pl_PL
edycji	dictionary	pl_PL
naukę	dictionary	pl_PL
urząd	dictionary	pl_PL
drzew	dictionary	pl_PL
główne	dictionary	pl_PL
okręt	dictionary	pl_PL
raczej	dictionary	pl_PL
córka	dictionary	pl_PL
nosiła	dictionary	pl_PL
swych	dictionary	pl_PL
wyniki	dictionary	pl_PL
bożej	dictionary	pl_PL
odbyły	dictionary	pl_PL
rzędu	dictionary	pl_PL
teorii	dictionary	pl_PL
barwy	dictionary	pl_PL
grupę	dictionary	pl_PL
ofiar	dictionary	pl_PL
pewien	dictionary	pl_PL
tworzą	dictionary	pl_PL
dział	dictionary	pl_PL
finale	dictionary	pl_PL
model	dictionary	pl_PL
ptaków	dictionary	pl_PL
zatem	dictionary	pl_PL
dużym	dictionary	pl_PL
rundy	dictionary	pl_PL
sceny	dictionary	pl_PL
wyżej	dictionary	pl_PL
wzrost	dictionary	pl_PL
zginął	dictionary	pl_PL
cechy	dictionary	pl_PL
córką	dictionary	pl_PL
dotąd	dictionary	pl_PL
jazdy	dictionary	pl_PL
status	dictionary	pl_PL
upadku	dictionary	pl_PL
wymaga	dictionary	pl_PL
metody	dictionary	pl_PL
tabeli	dictionary	pl_PL
wszedł	dictionary	pl_PL
łamach	dictionary	pl_PL
braci	dictionary	pl_PL
drogą	dictionary	pl_PL
muszą	dictionary	pl_PL
okrętu	dictionary	pl_PL
wynik	dictionary	pl_PL
dzieło	dictionary	pl_PL
długo	dictionary	pl_PL
odbywa	dictionary	pl_PL
pewnym	dictionary	pl_PL
stanął	dictionary	pl_PL
główną	dictionary	pl_PL
klasie	dictionary	pl_PL
należą	dictionary	pl_PL
osoba	dictionary	pl_PL
plany	dictionary	pl_PL
pobytu	dictionary	pl_PL
rokiem	dictionary	pl_PL
jeżeli	dictionary	pl_PL
dobra	dictionary	pl_PL
mocno	dictionary	pl_PL
rządów	dictionary	pl_PL
służbę	dictionary	pl_PL
wydaje	dictionary	pl_PL
drzewa	dictionary	pl_PL
małych	dictionary	pl_PL
trafił	dictionary	pl_PL
środku	dictionary	pl_PL
akcja	dictionary	pl_PL
polega	dictionary	pl_PL
stałe	dictionary	pl_PL
udaje	dictionary	pl_PL
głosów	dictionary	pl_PL
rodzin	dictionary	pl_PL
szefa	dictionary	pl_PL
ściany	dictionary	pl_PL
białe	dictionary	pl_PL
gracz	dictionary	pl_PL
planie	dictionary	pl_PL
płycie	dictionary	pl_PL
każda	dictionary	pl_PL
puchar	dictionary	pl_PL
klubów	dictionary	pl_PL
linie	dictionary	pl_PL
morza	dictionary	pl_PL
pewne	dictionary	pl_PL
singel	dictionary	pl_PL
własny	dictionary	pl_PL
awans	dictionary	pl_PL
zasady	dictionary	pl_PL
drogę	dictionary	pl_PL
kadrze	dictionary	pl_PL
terenu	dictionary	pl_PL
wydana	dictionary	pl_PL
mając	dictionary	pl_PL
oporu	dictionary	pl_PL
pokoju	dictionary	pl_PL
serca	dictionary	pl_PL
uważa	dictionary	pl_PL
używa	dictionary	pl_PL
wyspie	dictionary	pl_PL
zdołał	dictionary	pl_PL
zmarła	dictionary	pl_PL
łączy	dictionary	pl_PL
stacja	dictionary	pl_PL
grupą	dictionary	pl_PL
maszyn	dictionary	pl_PL
paliwa	dictionary	pl_PL
statku	dictionary	pl_PL
ogółem	dictionary	pl_PL
bitwie	dictionary	pl_PL
bratem	dictionary	pl_PL
będąc	dictionary	pl_PL
czarne	dictionary	pl_PL
dostał	dictionary	pl_PL
handlu	dictionary	pl_PL
innej	dictionary	pl_PL
samych	dictionary	pl_PL
sekcji	dictionary	pl_PL
wersję	dictionary	pl_PL
wynika	dictionary	pl_PL
obrazy	dictionary	pl_PL
placu	dictionary	pl_PL
bazie	dictionary	pl_PL
chodzi	dictionary	pl_PL
danej	dictionary	pl_PL
głowę	dictionary	pl_PL
matką	dictionary	pl_PL
pomnik	dictionary	pl_PL
powrót	dictionary	pl_PL
rozkaz	dictionary	pl_PL
takim	dictionary	pl_PL
wiedzy	dictionary	pl_PL
wojną	dictionary	pl_PL
zależy	dictionary	pl_PL
długie	dictionary	pl_PL
okazał	dictionary	pl_PL
dawnej	dictionary	pl_PL
kończy	dictionary	pl_PL
ojcem	dictionary	pl_PL
okręty	dictionary	pl_PL
ożenił	dictionary	pl_PL
podaje	dictionary	pl_PL
płytę	dictionary	pl_PL
scenie	dictionary	pl_PL
seria	dictionary	pl_PL
trasie	dictionary	pl_PL
trasy	dictionary	pl_PL
zadań	dictionary	pl_PL
autora	dictionary	pl_PL
dobre	dictionary	pl_PL
królem	dictionary	pl_PL
nożnej	dictionary	pl_PL
pomóc	dictionary	pl_PL
przodu	dictionary	pl_PL
wielki	dictionary	pl_PL
wielką	dictionary	pl_PL
wiąże	dictionary	pl_PL
zbiór	dictionary	pl_PL
lekko	dictionary	pl_PL
mogło	dictionary	pl_PL
opiera	dictionary	pl_PL
trwały	dictionary	pl_PL
trzeba	dictionary	pl_PL
wyboru	dictionary	pl_PL
wzięło	dictionary	pl_PL
zamian	dictionary	pl_PL
łatwo	dictionary	pl_PL
żadnej	dictionary	pl_PL
formę	dictionary	pl_PL
metra	dictionary	pl_PL
piłki	dictionary	pl_PL
rangi	dictionary	pl_PL
razie	dictionary	pl_PL
treści	dictionary	pl_PL
ustawy	dictionary	pl_PL
armia	dictionary	pl_PL
budowa	dictionary	pl_PL
muzykę	dictionary	pl_PL
ranny	dictionary	pl_PL
spółki	dictionary	pl_PL
teatru	dictionary	pl_PL
wiosną	dictionary	pl_PL
herbu	dictionary	pl_PL
lepiej	dictionary	pl_PL
osobą	dictionary	pl_PL
pisał	dictionary	pl_PL
ziemię	dictionary	pl_PL
liceum	dictionary	pl_PL
bramkę	dictionary	pl_PL
nagród	dictionary	pl_PL
nazywa	dictionary	pl_PL
opinii	dictionary	pl_PL
prostu	dictionary	pl_PL
płyta	dictionary	pl_PL
szefem	dictionary	pl_PL
uznał	dictionary	pl_PL
wojnę	dictionary	pl_PL
zanim	dictionary	pl_PL
zwany	dictionary	pl_PL
okręgu	dictionary	pl_PL
firmę	dictionary	pl_PL
kadry	dictionary	pl_PL
natury	dictionary	pl_PL
obozie	dictionary	pl_PL
odbyło	dictionary	pl_PL
rodzaj	dictionary	pl_PL
rękach	dictionary	pl_PL
tekstu	dictionary	pl_PL
użyciu	dictionary	pl_PL
zawody	dictionary	pl_PL
żaden	dictionary	pl_PL
grand	dictionary	pl_PL
partia	dictionary	pl_PL
cerkwi	dictionary	pl_PL
dostęp	dictionary	pl_PL
forma	dictionary	pl_PL
mające	dictionary	pl_PL
osady	dictionary	pl_PL
próbę	dictionary	pl_PL
rośnie	dictionary	pl_PL
sesji	dictionary	pl_PL
stara	dictionary	pl_PL
widać	dictionary	pl_PL
wygląd	dictionary	pl_PL
latem	dictionary	pl_PL
rzeszy	dictionary	pl_PL
zakład	dictionary	pl_PL
bierze	dictionary	pl_PL
dalsze	dictionary	pl_PL
frontu	dictionary	pl_PL
osiąga	dictionary	pl_PL
pałac	dictionary	pl_PL
strefy	dictionary	pl_PL
tronu	dictionary	pl_PL
ściśle	dictionary	pl_PL
edycja	dictionary	pl_PL
klubem	dictionary	pl_PL
myśli	dictionary	pl_PL
ośmiu	dictionary	pl_PL
słabo	dictionary	pl_PL
uległ	dictionary	pl_PL
widok	dictionary	pl_PL
wybór	dictionary	pl_PL
złote	dictionary	pl_PL
ciężko	dictionary	pl_PL
jeńców	dictionary	pl_PL
kości	dictionary	pl_PL
książę	dictionary	pl_PL
liści	dictionary	pl_PL
nacisk	dictionary	pl_PL
poezji	dictionary	pl_PL
spadł	dictionary	pl_PL
uciec	dictionary	pl_PL
uczył	dictionary	pl_PL
umowy	dictionary	pl_PL
uznany	dictionary	pl_PL
wojsko	dictionary	pl_PL
zrobić	dictionary	pl_PL
bokach	dictionary	pl_PL
cześć	dictionary	pl_PL
floty	dictionary	pl_PL
jakim	dictionary	pl_PL
muzyką	dictionary	pl_PL
obcych	dictionary	pl_PL
silne	dictionary	pl_PL
spadek	dictionary	pl_PL
uległa	dictionary	pl_PL
ważne	dictionary	pl_PL
źródło	dictionary	pl_PL
wielka	dictionary	pl_PL
będący	dictionary	pl_PL
dachu	dictionary	pl_PL
dawna	dictionary	pl_PL
drewna	dictionary	pl_PL
małej	dictionary	pl_PL
opisał	dictionary	pl_PL
pracą	dictionary	pl_PL
stale	dictionary	pl_PL
wersje	dictionary	pl_PL
wręcz	dictionary	pl_PL
zmiana	dictionary	pl_PL
zmianę	dictionary	pl_PL
zwane	dictionary	pl_PL
cechą	dictionary	pl_PL
kiedyś	dictionary	pl_PL
krzyża	dictionary	pl_PL
lesie	dictionary	pl_PL
murów	dictionary	pl_PL
ofiary	dictionary	pl_PL
ognia	dictionary	pl_PL
połowę	dictionary	pl_PL
reguły	dictionary	pl_PL
składu	dictionary	pl_PL
sprawę	dictionary	pl_PL
swoimi	dictionary	pl_PL
trasę	dictionary	pl_PL
wroga	dictionary	pl_PL
graczy	dictionary	pl_PL
medali	dictionary	pl_PL
nadano	dictionary	pl_PL
opieki	dictionary	pl_PL
pomaga	dictionary	pl_PL
skali	dictionary	pl_PL
stali	dictionary	pl_PL
szlak	dictionary	pl_PL
trafia	dictionary	pl_PL
tytuły	dictionary	pl_PL
zakonu	dictionary	pl_PL
zawodu	dictionary	pl_PL
złożył	dictionary	pl_PL
dolnej	dictionary	pl_PL
dotarł	dictionary	pl_PL
koloru	dictionary	pl_PL
krzyż	dictionary	pl_PL
mandat	dictionary	pl_PL
portu	dictionary	pl_PL
stylem	dictionary	pl_PL
komisja	dictionary	pl_PL
kontekście	dictionary	pl_PL
najlepszego	dictionary	pl_PL
narodu	dictionary	pl_PL
news	dictionary	pl_PL
obejrzeć	dictionary	pl_PL
patrząc	dictionary	pl_PL
portal	dictionary	pl_PL
prywatne	dictionary	pl_PL
skończy	dictionary	pl_PL
takimi	dictionary	pl_PL
uczucia	dictionary	pl_PL
wierzyć	dictionary	pl_PL
wystarczająco	dictionary	pl_PL
zresztą	dictionary	pl_PL
żadna	dictionary	pl_PL
żart	dictionary	pl_PL
angielsku	dictionary	pl_PL
bezpieczeństwo	dictionary	pl_PL
chwila	dictionary	pl_PL
dobranoc	dictionary	pl_PL
faktu	dictionary	pl_PL
gazeta	dictionary	pl_PL
internetowych	dictionary	pl_PL
jakiejś	dictionary	pl_PL
kompletnie	dictionary	pl_PL
nadzieje	dictionary	pl_PL
pamiętać	dictionary	pl_PL
pracownicy	dictionary	pl_PL
pytam	dictionary	pl_PL
siedzieć	dictionary	pl_PL
skóry	dictionary	pl_PL
szukam	dictionary	pl_PL
zaczęło	dictionary	pl_PL
adres	dictionary	pl_PL
akcje	dictionary	pl_PL
darmo	dictionary	pl_PL
ej	dictionary	pl_PL
komu	dictionary	pl_PL
lol	dictionary	pl_PL
mogłam	dictionary	pl_PL
otwarcie	dictionary	pl_PL
panowie	dictionary	pl_PL
podejście	dictionary	pl_PL
poszedł	dictionary	pl_PL
proc	dictionary	pl_PL
profesor	dictionary	pl_PL
prosto	dictionary	pl_PL
przychodzi	dictionary	pl_PL
pójdzie	dictionary	pl_PL
pójdę	dictionary	pl_PL
siedzi	dictionary	pl_PL
staram	dictionary	pl_PL
słońca	dictionary	pl_PL
trzyma	dictionary	pl_PL
wakacje	dictionary	pl_PL
widzieć	dictionary	pl_PL
wieczór	dictionary	pl_PL
youtube	pending	pl_PL
zachodu	dictionary	pl_PL
dziennikarz	dictionary	pl_PL
godzinie	dictionary	pl_PL
głosu	dictionary	pl_PL
głową	dictionary	pl_PL
idealny	dictionary	pl_PL
informacja	dictionary	pl_PL
miesiąca	dictionary	pl_PL
napisane	dictionary	pl_PL
oceny	dictionary	pl_PL
otwarte	dictionary	pl_PL
papieża	dictionary	pl_PL
pełna	dictionary	pl_PL
podstawowych	dictionary	pl_PL
politykę	dictionary	pl_PL
przestać	dictionary	pl_PL
pójść	dictionary	pl_PL
rosyjski	dictionary	pl_PL
sensie	dictionary	pl_PL
show	dictionary	pl_PL
sport	dictionary	pl_PL
szacunku	dictionary	pl_PL
sędzia	dictionary	pl_PL
termin	dictionary	pl_PL
ważny	dictionary	pl_PL
większy	dictionary	pl_PL
wstyd	dictionary	pl_PL
czekaj	dictionary	pl_PL
dajcie	dictionary	pl_PL
dniem	dictionary	pl_PL
info	dictionary	pl_PL
małym	dictionary	pl_PL
milion	dictionary	pl_PL
młodzi	dictionary	pl_PL
nauczyciele	dictionary	pl_PL
obecny	dictionary	pl_PL
okej	dictionary	pl_PL
piszą	dictionary	pl_PL
planu	dictionary	pl_PL
pozwolić	dictionary	pl_PL
programy	dictionary	pl_PL
sprawach	dictionary	pl_PL
sprzed	dictionary	pl_PL
statystyki	dictionary	pl_PL
szacunek	dictionary	pl_PL
uchodźców	dictionary	pl_PL
usługi	dictionary	pl_PL
uwierzyć	dictionary	pl_PL
ważna	dictionary	pl_PL
wolnego	dictionary	pl_PL
wyjścia	dictionary	pl_PL
wyrok	dictionary	pl_PL
wysoki	dictionary	pl_PL
zabawy	dictionary	pl_PL
zakupy	dictionary	pl_PL
zapraszam	dictionary	pl_PL
zbrodni	dictionary	pl_PL
zdjęciu	dictionary	pl_PL
żadne	dictionary	pl_PL
byle	dictionary	pl_PL
byliśmy	dictionary	pl_PL
choćby	dictionary	pl_PL
czytam	dictionary	pl_PL
europejskiego	dictionary	pl_PL
fajny	dictionary	pl_PL
fanów	dictionary	pl_PL
głośno	dictionary	pl_PL
hotelu	dictionary	pl_PL
idealnie	dictionary	pl_PL
kawałek	dictionary	pl_PL
klientów	dictionary	pl_PL
niemożliwe	dictionary	pl_PL
obiad	dictionary	pl_PL
ochotę	dictionary	pl_PL
okazję	dictionary	pl_PL
owszem	dictionary	pl_PL
podobny	dictionary	pl_PL
poseł	dictionary	pl_PL
potrzebują	dictionary	pl_PL
reklamy	dictionary	pl_PL
resztę	dictionary	pl_PL
rodziną	dictionary	pl_PL
rozumiesz	dictionary	pl_PL
spokoju	dictionary	pl_PL
starego	dictionary	pl_PL
stworzyć	dictionary	pl_PL
szans	dictionary	pl_PL
tematy	dictionary	pl_PL
uczniowie	dictionary	pl_PL
utrzymać	dictionary	pl_PL
wiedziałam	dictionary	pl_PL
wiedziałem	dictionary	pl_PL
wiedzę	dictionary	pl_PL
wprost	dictionary	pl_PL
założyć	dictionary	pl_PL
zdarza	dictionary	pl_PL
zwrócić	dictionary	pl_PL
śmieci	dictionary	pl_PL
badanie	dictionary	pl_PL
czwartek	dictionary	pl_PL
czynienia	dictionary	pl_PL
dostanie	dictionary	pl_PL
dowodów	dictionary	pl_PL
dzieciom	dictionary	pl_PL
emocje	dictionary	pl_PL
festiwal	dictionary	pl_PL
jesteś	dictionary	pl_PL
kobietę	dictionary	pl_PL
komentarzy	dictionary	pl_PL
ksiądz	dictionary	pl_PL
ktoś	dictionary	pl_PL
kwiaty	dictionary	pl_PL
lepszego	dictionary	pl_PL
nieważne	dictionary	pl_PL
perspektywy	dictionary	pl_PL
poglądy	dictionary	pl_PL
przyjaciele	dictionary	pl_PL
radia	dictionary	pl_PL
widzimy	dictionary	pl_PL
wpływu	dictionary	pl_PL
właściciel	dictionary	pl_PL
znalazłem	dictionary	pl_PL
zrobiłam	dictionary	pl_PL
środowisko	dictionary	pl_PL
niemowlę	dictionary	pl_PL
niedźwiedź	dictionary	pl_PL
niebieski	dictionary	pl_PL
przynieść	dictionary	pl_PL
filiżanka	dictionary	pl_PL
jedzenie	dictionary	pl_PL
przyjaciel	dictionary	pl_PL
nadzieja	dictionary	pl_PL
wiedzieć	dictionary	pl_PL
lekarstwo	dictionary	pl_PL
potrzeba	dictionary	pl_PL
dziewięć	dictionary	pl_PL
otworzyć	dictionary	pl_PL
pierścień	dictionary	pl_PL
sprzedać	dictionary	pl_PL
skarpeta	dictionary	pl_PL
piosenka	dictionary	pl_PL
zatrzymać	dictionary	pl_PL
dziesięć	dictionary	pl_PL
narzędzie	dictionary	pl_PL
kapelusz	dictionary	pl_PL
czekolada	dictionary	pl_PL
czerwony	dictionary	pl_PL
dinozaur	dictionary	pl_PL
hipopotam	dictionary	pl_PL
kalendarz	dictionary	pl_PL
kilometr	dictionary	pl_PL
komputer	dictionary	pl_PL
konieczny	dictionary	pl_PL
koszula	dictionary	pl_PL
krokodyl	dictionary	pl_PL
królik	dictionary	pl_PL
lodówka	dictionary	pl_PL
lotnisko	dictionary	pl_PL
marchewka	dictionary	pl_PL
naturalny	dictionary	pl_PL
piekarnia	dictionary	pl_PL
pierwotny	dictionary	pl_PL
przygoda	dictionary	pl_PL
rękawica	dictionary	pl_PL
serwetka	dictionary	pl_PL
sumienie	dictionary	pl_PL
szkielet	dictionary	pl_PL
słownik	dictionary	pl_PL
telefon	dictionary	pl_PL
telewizja	dictionary	pl_PL
temperatura	dictionary	pl_PL
truskawka	dictionary	pl_PL
uniwersytet	dictionary	pl_PL
urodziny	dictionary	pl_PL
widelec	dictionary	pl_PL
zasłona	dictionary	pl_PL
ziemniak	dictionary	pl_PL
łąka	dictionary	pl_PL
żyrafa	dictionary	pl_PL
również	dictionary	pl_PL
została	dictionary	pl_PL
miejscu	dictionary	pl_PL
miejsce	dictionary	pl_PL
względem	dictionary	pl_PL
później	dictionary	pl_PL
podczas	dictionary	pl_PL
których	dictionary	pl_PL
znajduje	dictionary	pl_PL
zostały	dictionary	pl_PL
pierwszy	dictionary	pl_PL
ludności	dictionary	pl_PL
początku	dictionary	pl_PL
którego	dictionary	pl_PL
jeszcze	dictionary	pl_PL
śmierci	dictionary	pl_PL
ponownie	dictionary	pl_PL
okresie	dictionary	pl_PL
zostało	dictionary	pl_PL
sezonie	dictionary	pl_PL
głównie	dictionary	pl_PL
plasuje	dictionary	pl_PL
września	dictionary	pl_PL
sierpnia	dictionary	pl_PL
jedynie	dictionary	pl_PL
terenie	dictionary	pl_PL
historii	dictionary	pl_PL
bardziej	dictionary	pl_PL
wówczas	dictionary	pl_PL
zespołu	dictionary	pl_PL
grudnia	dictionary	pl_PL
długości	dictionary	pl_PL
swojego	dictionary	pl_PL
względu	dictionary	pl_PL
otrzymał	dictionary	pl_PL
różnych	dictionary	pl_PL
czerwca	dictionary	pl_PL
stycznia	dictionary	pl_PL
drugiej	dictionary	pl_PL
kwietnia	dictionary	pl_PL
funkcję	dictionary	pl_PL
rodziny	dictionary	pl_PL
pomiędzy	dictionary	pl_PL
pracował	dictionary	pl_PL
kościoła	dictionary	pl_PL
jednego	dictionary	pl_PL
miejsca	dictionary	pl_PL
posiada	dictionary	pl_PL
zarówno	dictionary	pl_PL
trakcie	dictionary	pl_PL
związku	dictionary	pl_PL
pierwsze	dictionary	pl_PL
poprzez	dictionary	pl_PL
postaci	dictionary	pl_PL
znajdują	dictionary	pl_PL
karierę	dictionary	pl_PL
budynku	dictionary	pl_PL
zostaje	dictionary	pl_PL
pozycji	dictionary	pl_PL
dopiero	dictionary	pl_PL
stronie	dictionary	pl_PL
połowie	dictionary	pl_PL
punktów	dictionary	pl_PL
kierunku	dictionary	pl_PL
świecie	dictionary	pl_PL
drużyny	dictionary	pl_PL
ponadto	dictionary	pl_PL
pochodzi	dictionary	pl_PL
powrócił	dictionary	pl_PL
stanowi	dictionary	pl_PL
czterech	dictionary	pl_PL
mieście	dictionary	pl_PL
liczyła	dictionary	pl_PL
członków	dictionary	pl_PL
państwa	dictionary	pl_PL
kolejne	dictionary	pl_PL
ponieważ	dictionary	pl_PL
turnieju	dictionary	pl_PL
powstał	dictionary	pl_PL
polskich	dictionary	pl_PL
polskiej	dictionary	pl_PL
rozegrał	dictionary	pl_PL
uzyskał	dictionary	pl_PL
wynosiła	dictionary	pl_PL
centrum	dictionary	pl_PL
tysięcy	dictionary	pl_PL
wystąpił	dictionary	pl_PL
powstała	dictionary	pl_PL
pierwszą	dictionary	pl_PL
zostali	dictionary	pl_PL
prowadzi	dictionary	pl_PL
budynek	dictionary	pl_PL
parafii	dictionary	pl_PL
systemu	dictionary	pl_PL
działań	dictionary	pl_PL
rozwoju	dictionary	pl_PL
znacznie	dictionary	pl_PL
sytuacji	dictionary	pl_PL
ukończył	dictionary	pl_PL
rodzaju	dictionary	pl_PL
wkrótce	dictionary	pl_PL
głównym	dictionary	pl_PL
kultury	dictionary	pl_PL
mężczyzn	dictionary	pl_PL
akademii	dictionary	pl_PL
pobliżu	dictionary	pl_PL
łącznie	dictionary	pl_PL
gatunków	dictionary	pl_PL
kariery	dictionary	pl_PL
pierwsza	dictionary	pl_PL
autorem	dictionary	pl_PL
zakresie	dictionary	pl_PL
związane	dictionary	pl_PL
właśnie	dictionary	pl_PL
wielkiej	dictionary	pl_PL
wartości	dictionary	pl_PL
badania	dictionary	pl_PL
stanowią	dictionary	pl_PL
komisji	dictionary	pl_PL
utworów	dictionary	pl_PL
miesięcy	dictionary	pl_PL
projektu	dictionary	pl_PL
programu	dictionary	pl_PL
spotkań	dictionary	pl_PL
meczach	dictionary	pl_PL
styczniu	dictionary	pl_PL
grudniu	dictionary	pl_PL
wrześniu	dictionary	pl_PL
zawiera	dictionary	pl_PL
kobiety	dictionary	pl_PL
oznacza	dictionary	pl_PL
istnieje	dictionary	pl_PL
sierpniu	dictionary	pl_PL
funkcji	dictionary	pl_PL
pozycję	dictionary	pl_PL
zajmuje	dictionary	pl_PL
książki	dictionary	pl_PL
podobnie	dictionary	pl_PL
dlatego	dictionary	pl_PL
drugiego	dictionary	pl_PL
projekt	dictionary	pl_PL
kwietniu	dictionary	pl_PL
rodzinie	dictionary	pl_PL
komitetu	dictionary	pl_PL
częścią	dictionary	pl_PL
najmniej	dictionary	pl_PL
zawodów	dictionary	pl_PL
ostatni	dictionary	pl_PL
strzelił	dictionary	pl_PL
zajmował	dictionary	pl_PL
powrocie	dictionary	pl_PL
długość	dictionary	pl_PL
serialu	dictionary	pl_PL
powieści	dictionary	pl_PL
znalazł	dictionary	pl_PL
polskim	dictionary	pl_PL
zawodach	dictionary	pl_PL
drużyna	dictionary	pl_PL
uczelni	dictionary	pl_PL
licznych	dictionary	pl_PL
momencie	dictionary	pl_PL
odcinku	dictionary	pl_PL
pozwala	dictionary	pl_PL
zaczyna	dictionary	pl_PL
obszarze	dictionary	pl_PL
składzie	dictionary	pl_PL
oddziały	dictionary	pl_PL
czerwcu	dictionary	pl_PL
ostatnim	dictionary	pl_PL
zaczęła	dictionary	pl_PL
świątyni	dictionary	pl_PL
karierze	dictionary	pl_PL
pojawia	dictionary	pl_PL
stopniu	dictionary	pl_PL
zgodnie	dictionary	pl_PL
obejmuje	dictionary	pl_PL
jednakże	dictionary	pl_PL
wyborach	dictionary	pl_PL
gęstość	dictionary	pl_PL
polskie	dictionary	pl_PL
problemy	dictionary	pl_PL
krajach	dictionary	pl_PL
samolotu	dictionary	pl_PL
piosenki	dictionary	pl_PL
wybrany	dictionary	pl_PL
żadnych	dictionary	pl_PL
kolejny	dictionary	pl_PL
wyścigu	dictionary	pl_PL
zaledwie	dictionary	pl_PL
urodził	dictionary	pl_PL
drużynie	dictionary	pl_PL
piechoty	dictionary	pl_PL
studiów	dictionary	pl_PL
każdego	dictionary	pl_PL
powiatu	dictionary	pl_PL
sprawie	dictionary	pl_PL
wiadomo	dictionary	pl_PL
budynków	dictionary	pl_PL
możliwe	dictionary	pl_PL
przykład	dictionary	pl_PL
rundzie	dictionary	pl_PL
mistrza	dictionary	pl_PL
choroby	dictionary	pl_PL
głównego	dictionary	pl_PL
głównych	dictionary	pl_PL
poniżej	dictionary	pl_PL
powstało	dictionary	pl_PL
stosunku	dictionary	pl_PL
książek	dictionary	pl_PL
zespole	dictionary	pl_PL
funkcje	dictionary	pl_PL
pochodzą	dictionary	pl_PL
gatunku	dictionary	pl_PL
program	dictionary	pl_PL
spośród	dictionary	pl_PL
założył	dictionary	pl_PL
zwierząt	dictionary	pl_PL
operacji	dictionary	pl_PL
stopnia	dictionary	pl_PL
zdobyła	dictionary	pl_PL
momentu	dictionary	pl_PL
niewoli	dictionary	pl_PL
powstały	dictionary	pl_PL
stopień	dictionary	pl_PL
uczniów	dictionary	pl_PL
warunki	dictionary	pl_PL
doktora	dictionary	pl_PL
ostatnie	dictionary	pl_PL
rejonie	dictionary	pl_PL
udziału	dictionary	pl_PL
wysokość	dictionary	pl_PL
barwach	dictionary	pl_PL
członek	dictionary	pl_PL
osiągnął	dictionary	pl_PL
przyjął	dictionary	pl_PL
sześciu	dictionary	pl_PL
wszyscy	dictionary	pl_PL
ochrony	dictionary	pl_PL
pozostał	dictionary	pl_PL
wypadku	dictionary	pl_PL
zespoły	dictionary	pl_PL
wydziału	dictionary	pl_PL
elementy	dictionary	pl_PL
energii	dictionary	pl_PL
kierował	dictionary	pl_PL
młodych	dictionary	pl_PL
napisał	dictionary	pl_PL
pojawiły	dictionary	pl_PL
południe	dictionary	pl_PL
skrzydła	dictionary	pl_PL
wewnątrz	dictionary	pl_PL
kościele	dictionary	pl_PL
powoduje	dictionary	pl_PL
poziomie	dictionary	pl_PL
pucharu	dictionary	pl_PL
wydziale	dictionary	pl_PL
historię	dictionary	pl_PL
zamiast	dictionary	pl_PL
nagrodę	dictionary	pl_PL
obiektów	dictionary	pl_PL
pojawił	dictionary	pl_PL
większe	dictionary	pl_PL
zostanie	dictionary	pl_PL
kadencji	dictionary	pl_PL
wszystko	dictionary	pl_PL
środków	dictionary	pl_PL
czasach	dictionary	pl_PL
dowódcy	dictionary	pl_PL
niektóre	dictionary	pl_PL
spędził	dictionary	pl_PL
tytułem	dictionary	pl_PL
mistrzem	dictionary	pl_PL
polityki	dictionary	pl_PL
rannych	dictionary	pl_PL
własnych	dictionary	pl_PL
instytut	dictionary	pl_PL
oficerów	dictionary	pl_PL
wspólnie	dictionary	pl_PL
wydarzeń	dictionary	pl_PL
imienia	dictionary	pl_PL
parafia	dictionary	pl_PL
budynki	dictionary	pl_PL
głównej	dictionary	pl_PL
księcia	dictionary	pl_PL
potrzeby	dictionary	pl_PL
północy	dictionary	pl_PL
tradycji	dictionary	pl_PL
własnej	dictionary	pl_PL
poznaniu	dictionary	pl_PL
zespołów	dictionary	pl_PL
dolarów	dictionary	pl_PL
rodziców	dictionary	pl_PL
wynikiem	dictionary	pl_PL
milionów	dictionary	pl_PL
przeciw	dictionary	pl_PL
dywizji	dictionary	pl_PL
związany	dictionary	pl_PL
majątku	dictionary	pl_PL
zewnątrz	dictionary	pl_PL
godziny	dictionary	pl_PL
jedynym	dictionary	pl_PL
oddziału	dictionary	pl_PL
odniósł	dictionary	pl_PL
wybuchu	dictionary	pl_PL
nagrody	dictionary	pl_PL
okrętów	dictionary	pl_PL
posiadał	dictionary	pl_PL
szpitala	dictionary	pl_PL
większej	dictionary	pl_PL
zdrowia	dictionary	pl_PL
mniejsze	dictionary	pl_PL
obiektu	dictionary	pl_PL
okolicy	dictionary	pl_PL
siedmiu	dictionary	pl_PL
terenach	dictionary	pl_PL
walkach	dictionary	pl_PL
wpływem	dictionary	pl_PL
zaczęły	dictionary	pl_PL
dochodzi	dictionary	pl_PL
gatunki	dictionary	pl_PL
granicy	dictionary	pl_PL
stolicy	dictionary	pl_PL
wolności	dictionary	pl_PL
związek	dictionary	pl_PL
brązowy	dictionary	pl_PL
powyżej	dictionary	pl_PL
procesu	dictionary	pl_PL
regionu	dictionary	pl_PL
zadanie	dictionary	pl_PL
zastępcą	dictionary	pl_PL
okazało	dictionary	pl_PL
siedzibą	dictionary	pl_PL
wyraźnie	dictionary	pl_PL
zakresu	dictionary	pl_PL
zespołem	dictionary	pl_PL
zmienił	dictionary	pl_PL
średniej	dictionary	pl_PL
kaplicy	dictionary	pl_PL
nazwiska	dictionary	pl_PL
oddział	dictionary	pl_PL
procesie	dictionary	pl_PL
wartość	dictionary	pl_PL
wzrostu	dictionary	pl_PL
zaczęli	dictionary	pl_PL
znanych	dictionary	pl_PL
stanach	dictionary	pl_PL
jeziora	dictionary	pl_PL
pamięci	dictionary	pl_PL
większą	dictionary	pl_PL
decyzję	dictionary	pl_PL
juniorów	dictionary	pl_PL
maszyny	dictionary	pl_PL
zajmując	dictionary	pl_PL
żadnego	dictionary	pl_PL
istnieją	dictionary	pl_PL
opowiada	dictionary	pl_PL
kolejno	dictionary	pl_PL
ministra	dictionary	pl_PL
najpierw	dictionary	pl_PL
okazuje	dictionary	pl_PL
premiera	dictionary	pl_PL
używane	dictionary	pl_PL
należał	dictionary	pl_PL
takiego	dictionary	pl_PL
trzeciej	dictionary	pl_PL
zmienia	dictionary	pl_PL
państwo	dictionary	pl_PL
podróży	dictionary	pl_PL
pojawiła	dictionary	pl_PL
stosuje	dictionary	pl_PL
decyzji	dictionary	pl_PL
filmach	dictionary	pl_PL
obrębie	dictionary	pl_PL
opuścił	dictionary	pl_PL
pojazdu	dictionary	pl_PL
praktyce	dictionary	pl_PL
artystów	dictionary	pl_PL
budowie	dictionary	pl_PL
okupacji	dictionary	pl_PL
poziomu	dictionary	pl_PL
wysokie	dictionary	pl_PL
śmiercią	dictionary	pl_PL
całości	dictionary	pl_PL
dowódca	dictionary	pl_PL
działał	dictionary	pl_PL
nazwisko	dictionary	pl_PL
rocznie	dictionary	pl_PL
trzecie	dictionary	pl_PL
widoczne	dictionary	pl_PL
światła	dictionary	pl_PL
którymi	dictionary	pl_PL
położona	dictionary	pl_PL
trenerem	dictionary	pl_PL
wydania	dictionary	pl_PL
zaczęto	dictionary	pl_PL
zadania	dictionary	pl_PL
zarządu	dictionary	pl_PL
książce	dictionary	pl_PL
ligowych	dictionary	pl_PL
pozycje	dictionary	pl_PL
uzyskała	dictionary	pl_PL
używany	dictionary	pl_PL
wykonane	dictionary	pl_PL
kontrakt	dictionary	pl_PL
miejscem	dictionary	pl_PL
miłości	dictionary	pl_PL
należała	dictionary	pl_PL
szczycie	dictionary	pl_PL
tworząc	dictionary	pl_PL
znalazła	dictionary	pl_PL
dziecka	dictionary	pl_PL
któremu	dictionary	pl_PL
prezesem	dictionary	pl_PL
próbuje	dictionary	pl_PL
wyborów	dictionary	pl_PL
wykonano	dictionary	pl_PL
własnego	dictionary	pl_PL
zginęło	dictionary	pl_PL
zupełnie	dictionary	pl_PL
historia	dictionary	pl_PL
człowiek	dictionary	pl_PL
dowódcą	dictionary	pl_PL
imieniu	dictionary	pl_PL
obszaru	dictionary	pl_PL
odcinek	dictionary	pl_PL
przejął	dictionary	pl_PL
spotyka	dictionary	pl_PL
warunków	dictionary	pl_PL
znalazły	dictionary	pl_PL
biskupa	dictionary	pl_PL
kadłuba	dictionary	pl_PL
obiekty	dictionary	pl_PL
odbywały	dictionary	pl_PL
osiedla	dictionary	pl_PL
silnika	dictionary	pl_PL
wydanie	dictionary	pl_PL
granicą	dictionary	pl_PL
majątek	dictionary	pl_PL
odbywają	dictionary	pl_PL
południu	dictionary	pl_PL
tekstów	dictionary	pl_PL
tygodni	dictionary	pl_PL
wskutek	dictionary	pl_PL
złotych	dictionary	pl_PL
edukacji	dictionary	pl_PL
kampanii	dictionary	pl_PL
naukowe	dictionary	pl_PL
położone	dictionary	pl_PL
relacji	dictionary	pl_PL
szeroko	dictionary	pl_PL
udziałem	dictionary	pl_PL
więźniów	dictionary	pl_PL
wstąpił	dictionary	pl_PL
cerkiew	dictionary	pl_PL
sytuacja	dictionary	pl_PL
walczył	dictionary	pl_PL
wiernych	dictionary	pl_PL
wygrała	dictionary	pl_PL
wykonał	dictionary	pl_PL
zostają	dictionary	pl_PL
świętego	dictionary	pl_PL
wyższej	dictionary	pl_PL
dostępne	dictionary	pl_PL
dołączył	dictionary	pl_PL
kolejnym	dictionary	pl_PL
odszedł	dictionary	pl_PL
podobne	dictionary	pl_PL
próbował	dictionary	pl_PL
sukcesem	dictionary	pl_PL
zabitych	dictionary	pl_PL
zadaniem	dictionary	pl_PL
batalion	dictionary	pl_PL
chociaż	dictionary	pl_PL
częściej	dictionary	pl_PL
liczbie	dictionary	pl_PL
ludność	dictionary	pl_PL
nastąpił	dictionary	pl_PL
ośrodek	dictionary	pl_PL
powinna	dictionary	pl_PL
pracuje	dictionary	pl_PL
samoloty	dictionary	pl_PL
skazany	dictionary	pl_PL
spotkał	dictionary	pl_PL
sukcesów	dictionary	pl_PL
artykuły	dictionary	pl_PL
artysty	dictionary	pl_PL
diecezji	dictionary	pl_PL
określa	dictionary	pl_PL
piosenek	dictionary	pl_PL
powinien	dictionary	pl_PL
systemem	dictionary	pl_PL
terenów	dictionary	pl_PL
ukazała	dictionary	pl_PL
wskazuje	dictionary	pl_PL
wytwórni	dictionary	pl_PL
zachował	dictionary	pl_PL
zajmują	dictionary	pl_PL
języków	dictionary	pl_PL
odcinków	dictionary	pl_PL
srebrny	dictionary	pl_PL
stronach	dictionary	pl_PL
szpitalu	dictionary	pl_PL
zajęcia	dictionary	pl_PL
cesarza	dictionary	pl_PL
gatunek	dictionary	pl_PL
komórki	dictionary	pl_PL
konkursu	dictionary	pl_PL
kontroli	dictionary	pl_PL
miastach	dictionary	pl_PL
obrazów	dictionary	pl_PL
obszary	dictionary	pl_PL
policji	dictionary	pl_PL
przyrody	dictionary	pl_PL
rośliny	dictionary	pl_PL
wielkim	dictionary	pl_PL
założona	dictionary	pl_PL
leczenia	dictionary	pl_PL
niekiedy	dictionary	pl_PL
obecnej	dictionary	pl_PL
początek	dictionary	pl_PL
podział	dictionary	pl_PL
przegrał	dictionary	pl_PL
wnętrza	dictionary	pl_PL
wojskowe	dictionary	pl_PL
wystawy	dictionary	pl_PL
zmianie	dictionary	pl_PL
dawnego	dictionary	pl_PL
kompanii	dictionary	pl_PL
miastem	dictionary	pl_PL
miejskie	dictionary	pl_PL
postacie	dictionary	pl_PL
potrzeb	dictionary	pl_PL
rodzice	dictionary	pl_PL
większa	dictionary	pl_PL
zarazem	dictionary	pl_PL
założony	dictionary	pl_PL
zmuszony	dictionary	pl_PL
jakości	dictionary	pl_PL
mieszkał	dictionary	pl_PL
siedzibę	dictionary	pl_PL
stracił	dictionary	pl_PL
stworzył	dictionary	pl_PL
uzyskać	dictionary	pl_PL
wyników	dictionary	pl_PL
własnym	dictionary	pl_PL
dyrektor	dictionary	pl_PL
kontrolę	dictionary	pl_PL
ogłosił	dictionary	pl_PL
oparciu	dictionary	pl_PL
powieść	dictionary	pl_PL
dalszych	dictionary	pl_PL
liczyło	dictionary	pl_PL
nazywany	dictionary	pl_PL
placówki	dictionary	pl_PL
postacią	dictionary	pl_PL
powrotem	dictionary	pl_PL
rankingu	dictionary	pl_PL
sukcesy	dictionary	pl_PL
wchodzi	dictionary	pl_PL
wersjach	dictionary	pl_PL
wielkość	dictionary	pl_PL
zdobyli	dictionary	pl_PL
istniała	dictionary	pl_PL
końcowej	dictionary	pl_PL
pojazdów	dictionary	pl_PL
regionie	dictionary	pl_PL
siostry	dictionary	pl_PL
trzecim	dictionary	pl_PL
bohatera	dictionary	pl_PL
cmentarz	dictionary	pl_PL
kapitana	dictionary	pl_PL
krótkim	dictionary	pl_PL
młodego	dictionary	pl_PL
następne	dictionary	pl_PL
odcinka	dictionary	pl_PL
przyczyn	dictionary	pl_PL
reformy	dictionary	pl_PL
wejścia	dictionary	pl_PL
zakładów	dictionary	pl_PL
zawodnik	dictionary	pl_PL
związana	dictionary	pl_PL
dokonano	dictionary	pl_PL
element	dictionary	pl_PL
materiał	dictionary	pl_PL
miesiące	dictionary	pl_PL
mieszka	dictionary	pl_PL
otwarty	dictionary	pl_PL
projekty	dictionary	pl_PL
przeszła	dictionary	pl_PL
systemów	dictionary	pl_PL
tematyce	dictionary	pl_PL
wyjechał	dictionary	pl_PL
występów	dictionary	pl_PL
zabytków	dictionary	pl_PL
dotyczy	dictionary	pl_PL
kolejnej	dictionary	pl_PL
krótkie	dictionary	pl_PL
ostatnia	dictionary	pl_PL
pokryte	dictionary	pl_PL
relacje	dictionary	pl_PL
urodziła	dictionary	pl_PL
średnio	dictionary	pl_PL
efekcie	dictionary	pl_PL
imieniem	dictionary	pl_PL
jesienią	dictionary	pl_PL
klasztor	dictionary	pl_PL
kolorze	dictionary	pl_PL
otwarta	dictionary	pl_PL
reakcji	dictionary	pl_PL
sprzętu	dictionary	pl_PL
wsparcia	dictionary	pl_PL
wsparcie	dictionary	pl_PL
własność	dictionary	pl_PL
znaczne	dictionary	pl_PL
złożone	dictionary	pl_PL
niedługo	dictionary	pl_PL
brygady	dictionary	pl_PL
kaplica	dictionary	pl_PL
książkę	dictionary	pl_PL
nazywana	dictionary	pl_PL
opisuje	dictionary	pl_PL
religii	dictionary	pl_PL
systemie	dictionary	pl_PL
ucieczki	dictionary	pl_PL
wielkich	dictionary	pl_PL
średnicy	dictionary	pl_PL
drużyną	dictionary	pl_PL
krytyków	dictionary	pl_PL
niewiele	dictionary	pl_PL
powinny	dictionary	pl_PL
redakcji	dictionary	pl_PL
rodzinę	dictionary	pl_PL
trzecią	dictionary	pl_PL
wejście	dictionary	pl_PL
zapewnić	dictionary	pl_PL
działała	dictionary	pl_PL
formacji	dictionary	pl_PL
generała	dictionary	pl_PL
podpisał	dictionary	pl_PL
przybył	dictionary	pl_PL
przypada	dictionary	pl_PL
rozgrywa	dictionary	pl_PL
skrzydeł	dictionary	pl_PL
wysokich	dictionary	pl_PL
zapewnia	dictionary	pl_PL
zasięgu	dictionary	pl_PL
zbiorów	dictionary	pl_PL
zmieniła	dictionary	pl_PL
dokonał	dictionary	pl_PL
fabryki	dictionary	pl_PL
imprezy	dictionary	pl_PL
morskich	dictionary	pl_PL
opozycji	dictionary	pl_PL
powiecie	dictionary	pl_PL
powołany	dictionary	pl_PL
położony	dictionary	pl_PL
problem	dictionary	pl_PL
procesów	dictionary	pl_PL
rozmowy	dictionary	pl_PL
sezonach	dictionary	pl_PL
służbie	dictionary	pl_PL
tysiące	dictionary	pl_PL
urządzeń	dictionary	pl_PL
wyższych	dictionary	pl_PL
zapewne	dictionary	pl_PL
niestety	dictionary	pl_PL
wydział	dictionary	pl_PL
gwiazdy	dictionary	pl_PL
musieli	dictionary	pl_PL
nadaniem	dictionary	pl_PL
należało	dictionary	pl_PL
otwarto	dictionary	pl_PL
podstawy	dictionary	pl_PL
powrotu	dictionary	pl_PL
rodzaje	dictionary	pl_PL
szczytu	dictionary	pl_PL
techniki	dictionary	pl_PL
trzecia	dictionary	pl_PL
uniknąć	dictionary	pl_PL
wchodzą	dictionary	pl_PL
widzenia	dictionary	pl_PL
wycofał	dictionary	pl_PL
wzmianka	dictionary	pl_PL
komitet	dictionary	pl_PL
korpusu	dictionary	pl_PL
bocznych	dictionary	pl_PL
dorobku	dictionary	pl_PL
dziejów	dictionary	pl_PL
igrzysk	dictionary	pl_PL
językiem	dictionary	pl_PL
komórek	dictionary	pl_PL
lokalne	dictionary	pl_PL
obsługi	dictionary	pl_PL
otoczony	dictionary	pl_PL
podziału	dictionary	pl_PL
składają	dictionary	pl_PL
stanowił	dictionary	pl_PL
układzie	dictionary	pl_PL
walczyć	dictionary	pl_PL
wodnych	dictionary	pl_PL
wojskową	dictionary	pl_PL
wykonać	dictionary	pl_PL
zdjęcia	dictionary	pl_PL
narodowy	dictionary	pl_PL
biegnie	dictionary	pl_PL
dawniej	dictionary	pl_PL
dawnych	dictionary	pl_PL
granicę	dictionary	pl_PL
inaczej	dictionary	pl_PL
katedry	dictionary	pl_PL
obecnych	dictionary	pl_PL
przyjęty	dictionary	pl_PL
rodzajów	dictionary	pl_PL
sukcesu	dictionary	pl_PL
szkołach	dictionary	pl_PL
zakłady	dictionary	pl_PL
zasadzie	dictionary	pl_PL
zmienić	dictionary	pl_PL
znaczną	dictionary	pl_PL
średnia	dictionary	pl_PL
college	dictionary	pl_PL
autorów	dictionary	pl_PL
istotne	dictionary	pl_PL
muzyków	dictionary	pl_PL
naprawdę	dictionary	pl_PL
nazwano	dictionary	pl_PL
pewnych	dictionary	pl_PL
pokonał	dictionary	pl_PL
potrafi	dictionary	pl_PL
poważnie	dictionary	pl_PL
pracować	dictionary	pl_PL
prezesa	dictionary	pl_PL
sytuację	dictionary	pl_PL
turystów	dictionary	pl_PL
wrażenie	dictionary	pl_PL
wyprawy	dictionary	pl_PL
występy	dictionary	pl_PL
wyszedł	dictionary	pl_PL
zmarłego	dictionary	pl_PL
znalazło	dictionary	pl_PL
źródłem	dictionary	pl_PL
bohater	dictionary	pl_PL
dynastii	dictionary	pl_PL
granice	dictionary	pl_PL
kierunek	dictionary	pl_PL
kolejną	dictionary	pl_PL
ludziom	dictionary	pl_PL
mieściła	dictionary	pl_PL
musiała	dictionary	pl_PL
nakazał	dictionary	pl_PL
niegdyś	dictionary	pl_PL
obronie	dictionary	pl_PL
ogólnej	dictionary	pl_PL
filmowy	dictionary	pl_PL
fizycznie	dictionary	pl_PL
front	dictionary	pl_PL
fundusz	dictionary	pl_PL
grafika	dictionary	pl_PL
grupach	dictionary	pl_PL
high	dictionary	pl_PL
home	dictionary	pl_PL
honoru	dictionary	pl_PL
interwencji	dictionary	pl_PL
jakkolwiek	dictionary	pl_PL
kolory	dictionary	pl_PL
kościołem	dictionary	pl_PL
któregoś	dictionary	pl_PL
mać	dictionary	pl_PL
miesięcznie	dictionary	pl_PL
mini	dictionary	pl_PL
niesie	dictionary	pl_PL
nowoczesnej	dictionary	pl_PL
ocenę	dictionary	pl_PL
odmiany	dictionary	pl_PL
odpowiadają	dictionary	pl_PL
odpowiadać	dictionary	pl_PL
odpowiednim	dictionary	pl_PL
oficer	dictionary	pl_PL
okolic	dictionary	pl_PL
okolicznościach	dictionary	pl_PL
ostre	dictionary	pl_PL
palec	dictionary	pl_PL
party	dictionary	pl_PL
parze	dictionary	pl_PL
pe	dictionary	pl_PL
podejścia	dictionary	pl_PL
podnosi	dictionary	pl_PL
pojazd	dictionary	pl_PL
popatrz	dictionary	pl_PL
postawy	dictionary	pl_PL
poszedłem	dictionary	pl_PL
potrzebę	dictionary	pl_PL
pow	dictionary	pl_PL
powstają	dictionary	pl_PL
pozostają	dictionary	pl_PL
pracodawcy	dictionary	pl_PL
pranie	dictionary	pl_PL
prywatnego	dictionary	pl_PL
prywatności	dictionary	pl_PL
przedmioty	dictionary	pl_PL
przeprowadził	dictionary	pl_PL
przyjemności	dictionary	pl_PL
próbujesz	dictionary	pl_PL
płacz	dictionary	pl_PL
ratować	dictionary	pl_PL
senatu	dictionary	pl_PL
smutno	dictionary	pl_PL
smutny	dictionary	pl_PL
sony	dictionary	pl_PL
spadła	dictionary	pl_PL
spełnia	dictionary	pl_PL
spore	dictionary	pl_PL
spoza	dictionary	pl_PL
standardów	dictionary	pl_PL
stanąć	dictionary	pl_PL
strój	dictionary	pl_PL
substancji	dictionary	pl_PL
szansy	dictionary	pl_PL
szczecinie	dictionary	pl_PL
szkołą	dictionary	pl_PL
słucha	dictionary	pl_PL
taty	dictionary	pl_PL
tradycyjnych	dictionary	pl_PL
trafiła	dictionary	pl_PL
uciekł	dictionary	pl_PL
wart	dictionary	pl_PL
wrażeniem	dictionary	pl_PL
wspólną	dictionary	pl_PL
wybuch	dictionary	pl_PL
wyposażenie	dictionary	pl_PL
wystarczyło	dictionary	pl_PL
zajmować	dictionary	pl_PL
zakazu	dictionary	pl_PL
zamówienie	dictionary	pl_PL
zapobiec	dictionary	pl_PL
zapytaj	dictionary	pl_PL
zasadach	dictionary	pl_PL
zbytnio	dictionary	pl_PL
zgromadzenie	dictionary	pl_PL
zmarłych	dictionary	pl_PL
zmianą	dictionary	pl_PL
zrobiłeś	dictionary	pl_PL
zwykłym	dictionary	pl_PL
światową	dictionary	pl_PL
adresem	dictionary	pl_PL
adwokat	dictionary	pl_PL
bić	dictionary	pl_PL
brutto	dictionary	pl_PL
ciepła	dictionary	pl_PL
czystej	dictionary	pl_PL
czytając	dictionary	pl_PL
daleka	dictionary	pl_PL
dalszy	dictionary	pl_PL
dbać	dictionary	pl_PL
dobrzy	dictionary	pl_PL
dwoje	dictionary	pl_PL
dług	dictionary	pl_PL
długich	dictionary	pl_PL
ekranie	dictionary	pl_PL
gdybyśmy	dictionary	pl_PL
gorszy	dictionary	pl_PL
głupoty	dictionary	pl_PL
herbatę	dictionary	pl_PL
historycznej	dictionary	pl_PL
homo	dictionary	pl_PL
juan	dictionary	pl_PL
kategoriach	dictionary	pl_PL
kobietom	dictionary	pl_PL
kochana	dictionary	pl_PL
kolekcji	dictionary	pl_PL
kosztem	dictionary	pl_PL
koty	dictionary	pl_PL
krwią	dictionary	pl_PL
kupuje	dictionary	pl_PL
lekarzem	dictionary	pl_PL
literatura	dictionary	pl_PL
mit	dictionary	pl_PL
mocny	dictionary	pl_PL
mój	dictionary	pl_PL
możliwy	dictionary	pl_PL
muzyce	dictionary	pl_PL
napewno	pending	pl_PL
negatywne	dictionary	pl_PL
niepodległość	dictionary	pl_PL
obliczu	dictionary	pl_PL
odbiorców	dictionary	pl_PL
osobistych	dictionary	pl_PL
paczki	dictionary	pl_PL
patrzysz	dictionary	pl_PL
personel	dictionary	pl_PL
picia	dictionary	pl_PL
pojawiło	dictionary	pl_PL
poprzedniej	dictionary	pl_PL
popularności	dictionary	pl_PL
poważna	dictionary	pl_PL
prezenty	dictionary	pl_PL
producenci	dictionary	pl_PL
przedstawienia	dictionary	pl_PL
przekracza	dictionary	pl_PL
przenieść	dictionary	pl_PL
przeraża	dictionary	pl_PL
przygotowany	dictionary	pl_PL
próbując	dictionary	pl_PL
publiczny	dictionary	pl_PL
północnym	dictionary	pl_PL
rowerze	dictionary	pl_PL
siedzą	dictionary	pl_PL
specjalistów	dictionary	pl_PL
stolica	dictionary	pl_PL
straciła	dictionary	pl_PL
stres	dictionary	pl_PL
szedł	dictionary	pl_PL
sądzi	dictionary	pl_PL
teorię	dictionary	pl_PL
towarzyszy	dictionary	pl_PL
tęsknię	dictionary	pl_PL
urzędników	dictionary	pl_PL
usunięcie	dictionary	pl_PL
wejściu	dictionary	pl_PL
wojen	dictionary	pl_PL
wspomnień	dictionary	pl_PL
wstydu	dictionary	pl_PL
wyborczego	dictionary	pl_PL
wybrali	dictionary	pl_PL
wykonany	dictionary	pl_PL
wyślij	dictionary	pl_PL
względów	dictionary	pl_PL
właściciele	dictionary	pl_PL
włącznie	dictionary	pl_PL
zadowoleni	dictionary	pl_PL
zapisać	dictionary	pl_PL
zastąpić	dictionary	pl_PL
zatoki	dictionary	pl_PL
założenie	dictionary	pl_PL
zewnętrzne	dictionary	pl_PL
zielonej	dictionary	pl_PL
zwiększa	dictionary	pl_PL
śledztwa	dictionary	pl_PL
śląsku	dictionary	pl_PL
średnią	dictionary	pl_PL
aktualne	dictionary	pl_PL
bogatych	dictionary	pl_PL
będących	dictionary	pl_PL
chleba	dictionary	pl_PL
chroni	dictionary	pl_PL
chłopakiem	dictionary	pl_PL
czułem	dictionary	pl_PL
człowiekowi	dictionary	pl_PL
dałem	dictionary	pl_PL
deklaracji	dictionary	pl_PL
domku	dictionary	pl_PL
drodzy	dictionary	pl_PL
efektem	dictionary	pl_PL
epoki	dictionary	pl_PL
fałszywe	dictionary	pl_PL
fizyczne	dictionary	pl_PL
flagę	dictionary	pl_PL
gazecie	dictionary	pl_PL
godność	dictionary	pl_PL
integracji	dictionary	pl_PL
inteligencji	dictionary	pl_PL
jasny	dictionary	pl_PL
jebany	dictionary	pl_PL
ka	dictionary	pl_PL
king	dictionary	pl_PL
klasę	dictionary	pl_PL
korporacji	dictionary	pl_PL
kosmos	dictionary	pl_PL
krzyczeć	dictionary	pl_PL
księgi	dictionary	pl_PL
kursu	dictionary	pl_PL
kurwy	dictionary	pl_PL
kwiecień	dictionary	pl_PL
legii	dictionary	pl_PL
letnim	dictionary	pl_PL
lody	dictionary	pl_PL
lokalizacji	dictionary	pl_PL
możliwa	dictionary	pl_PL
młodszy	dictionary	pl_PL
napiszę	dictionary	pl_PL
naprzód	dictionary	pl_PL
nauczycielka	dictionary	pl_PL
nazywam	dictionary	pl_PL
niebieskie	dictionary	pl_PL
niewątpliwie	dictionary	pl_PL
obywatelskiej	dictionary	pl_PL
obywatelstwo	dictionary	pl_PL
ocenia	dictionary	pl_PL
opisane	dictionary	pl_PL
organ	dictionary	pl_PL
organizacją	dictionary	pl_PL
osób	dictionary	pl_PL
otoczenia	dictionary	pl_PL
palcem	dictionary	pl_PL
partnerem	dictionary	pl_PL
pasują	dictionary	pl_PL
pilota	dictionary	pl_PL
podjęcia	dictionary	pl_PL
pogrzeb	dictionary	pl_PL
pokazała	dictionary	pl_PL
polo	dictionary	pl_PL
popierają	dictionary	pl_PL
populacja	dictionary	pl_PL
porównanie	dictionary	pl_PL
postęp	dictionary	pl_PL
potencjalnych	dictionary	pl_PL
prawny	dictionary	pl_PL
przekonania	dictionary	pl_PL
przeprowadzenia	dictionary	pl_PL
przygotowanie	dictionary	pl_PL
przypomniał	dictionary	pl_PL
roman	dictionary	pl_PL
samolotem	dictionary	pl_PL
seksualnej	dictionary	pl_PL
sex	dictionary	pl_PL
spodziewałem	dictionary	pl_PL
spowodować	dictionary	pl_PL
sprzeciw	dictionary	pl_PL
stadionie	dictionary	pl_PL
tablicy	dictionary	pl_PL
taniej	dictionary	pl_PL
technologie	dictionary	pl_PL
trzema	dictionary	pl_PL
umrę	dictionary	pl_PL
urlop	dictionary	pl_PL
wakacji	dictionary	pl_PL
warsztaty	dictionary	pl_PL
wiejskich	dictionary	pl_PL
wrogiem	dictionary	pl_PL
wschodniego	dictionary	pl_PL
wspaniałą	dictionary	pl_PL
wycieczki	dictionary	pl_PL
wygodnie	dictionary	pl_PL
wykonywać	dictionary	pl_PL
właściwe	dictionary	pl_PL
zapalenie	dictionary	pl_PL
zapewnienia	dictionary	pl_PL
zapytania	dictionary	pl_PL
zdarzeń	dictionary	pl_PL
znieść	dictionary	pl_PL
zostanę	dictionary	pl_PL
zrozumiałem	dictionary	pl_PL
zwolennicy	dictionary	pl_PL
bibliotece	dictionary	pl_PL
cala	dictionary	pl_PL
chodzę	dictionary	pl_PL
ciężka	dictionary	pl_PL
cuda	dictionary	pl_PL
czerwonej	dictionary	pl_PL
czerwonych	dictionary	pl_PL
czerwoną	dictionary	pl_PL
definicji	dictionary	pl_PL
dekady	dictionary	pl_PL
departament	dictionary	pl_PL
dzisiejsze	dictionary	pl_PL
długą	dictionary	pl_PL
ekonomicznej	dictionary	pl_PL
funtów	dictionary	pl_PL
godności	dictionary	pl_PL
hobby	dictionary	pl_PL
indywidualnie	dictionary	pl_PL
jakże	dictionary	pl_PL
językach	dictionary	pl_PL
kapitał	dictionary	pl_PL
kartki	dictionary	pl_PL
kobietami	dictionary	pl_PL
komentarza	dictionary	pl_PL
kongres	dictionary	pl_PL
konkretnego	dictionary	pl_PL
korzystania	dictionary	pl_PL
krótkich	dictionary	pl_PL
kwotę	dictionary	pl_PL
latka	dictionary	pl_PL
leczyć	dictionary	pl_PL
legenda	dictionary	pl_PL
liczbą	dictionary	pl_PL
litery	dictionary	pl_PL
lubimy	dictionary	pl_PL
ludzki	dictionary	pl_PL
matematyka	dictionary	pl_PL
metro	dictionary	pl_PL
mikołaja	dictionary	pl_PL
minutach	dictionary	pl_PL
mądry	dictionary	pl_PL
napisany	dictionary	pl_PL
narodową	dictionary	pl_PL
niebawem	dictionary	pl_PL
niemiecka	dictionary	pl_PL
nowymi	dictionary	pl_PL
obywatela	dictionary	pl_PL
ocena	dictionary	pl_PL
och	dictionary	pl_PL
ograniczyć	dictionary	pl_PL
okropne	dictionary	pl_PL
olej	dictionary	pl_PL
otwartym	dictionary	pl_PL
państwowy	dictionary	pl_PL
pełnego	dictionary	pl_PL
piwnicy	dictionary	pl_PL
platformę	dictionary	pl_PL
podobnej	dictionary	pl_PL
podstawową	dictionary	pl_PL
popełnił	dictionary	pl_PL
popularna	dictionary	pl_PL
popularnych	dictionary	pl_PL
porażka	dictionary	pl_PL
potwierdzone	dictionary	pl_PL
prawnego	dictionary	pl_PL
przejąć	dictionary	pl_PL
przekazu	dictionary	pl_PL
przerażające	dictionary	pl_PL
przewiduje	dictionary	pl_PL
przygody	dictionary	pl_PL
pytał	dictionary	pl_PL
skarb	dictionary	pl_PL
specjalista	dictionary	pl_PL
sprzedam	dictionary	pl_PL
sprzedał	dictionary	pl_PL
spójrz	dictionary	pl_PL
starają	dictionary	pl_PL
stulecia	dictionary	pl_PL
style	dictionary	pl_PL
tweetów	dictionary	pl_PL
tworzeniu	dictionary	pl_PL
tytułów	dictionary	pl_PL
uwierz	dictionary	pl_PL
użyciem	dictionary	pl_PL
wesele	dictionary	pl_PL
więzienie	dictionary	pl_PL
wydane	dictionary	pl_PL
wyjaśnienia	dictionary	pl_PL
wymyślił	dictionary	pl_PL
wyższym	dictionary	pl_PL
wzrosła	dictionary	pl_PL
zabawę	dictionary	pl_PL
zadać	dictionary	pl_PL
zagranicy	dictionary	pl_PL
zagrożeniem	dictionary	pl_PL
zauważyłam	dictionary	pl_PL
zdobycia	dictionary	pl_PL
złapać	dictionary	pl_PL
abyśmy	dictionary	pl_PL
biednych	dictionary	pl_PL
butelki	dictionary	pl_PL
byłych	dictionary	pl_PL
bądźmy	dictionary	pl_PL
ciężkiej	dictionary	pl_PL
disco	dictionary	pl_PL
dochody	dictionary	pl_PL
dowodzi	dictionary	pl_PL
dystans	dictionary	pl_PL
dziwię	dictionary	pl_PL
dzwoni	dictionary	pl_PL
idealnym	dictionary	pl_PL
internetową	dictionary	pl_PL
interpretacji	dictionary	pl_PL
islamu	dictionary	pl_PL
istoty	dictionary	pl_PL
jedziesz	dictionary	pl_PL
komentarzu	dictionary	pl_PL
komisję	dictionary	pl_PL
kont	dictionary	pl_PL
korzenie	dictionary	pl_PL
kręgu	dictionary	pl_PL
lektury	dictionary	pl_PL
licząc	dictionary	pl_PL
lotnicze	dictionary	pl_PL
marszałek	dictionary	pl_PL
martw	dictionary	pl_PL
meksyk	dictionary	pl_PL
mianowicie	dictionary	pl_PL
miałaby	dictionary	pl_PL
miałbym	dictionary	pl_PL
miliardów	dictionary	pl_PL
mostu	dictionary	pl_PL
możliwych	dictionary	pl_PL
myślę	dictionary	pl_PL
nadzieją	dictionary	pl_PL
nagrań	dictionary	pl_PL
najnowsze	dictionary	pl_PL
nieustannie	dictionary	pl_PL
niska	dictionary	pl_PL
numeru	dictionary	pl_PL
obaw	dictionary	pl_PL
odbiera	dictionary	pl_PL
odchodzi	dictionary	pl_PL
odkryć	dictionary	pl_PL
odpowiedzią	dictionary	pl_PL
okay	dictionary	pl_PL
opieką	dictionary	pl_PL
opłat	dictionary	pl_PL
oryginalne	dictionary	pl_PL
otrzymali	dictionary	pl_PL
piłce	dictionary	pl_PL
podejmuje	dictionary	pl_PL
pogodzić	dictionary	pl_PL
pokoleń	dictionary	pl_PL
poprawę	dictionary	pl_PL
porusza	dictionary	pl_PL
postaram	dictionary	pl_PL
potwierdzenie	dictionary	pl_PL
powiązane	dictionary	pl_PL
pozytywny	dictionary	pl_PL
pożar	dictionary	pl_PL
premiery	dictionary	pl_PL
przebiegu	dictionary	pl_PL
przyjaciółki	dictionary	pl_PL
publiczną	dictionary	pl_PL
publikacje	dictionary	pl_PL
republice	dictionary	pl_PL
robiąc	dictionary	pl_PL
rocznik	dictionary	pl_PL
równe	dictionary	pl_PL
skończyły	dictionary	pl_PL
skutkiem	dictionary	pl_PL
skórę	dictionary	pl_PL
starał	dictionary	pl_PL
starczy	dictionary	pl_PL
starsza	dictionary	pl_PL
stypendium	dictionary	pl_PL
szczęśliwi	dictionary	pl_PL
sąsiedzi	dictionary	pl_PL
słyszał	dictionary	pl_PL
technik	dictionary	pl_PL
tkwi	dictionary	pl_PL
trudniej	dictionary	pl_PL
trybie	dictionary	pl_PL
trzymajcie	dictionary	pl_PL
twórca	dictionary	pl_PL
uczestniczyć	dictionary	pl_PL
wirusa	dictionary	pl_PL
wpływają	dictionary	pl_PL
wracają	dictionary	pl_PL
wyjaśnienie	dictionary	pl_PL
wyraża	dictionary	pl_PL
wywołać	dictionary	pl_PL
wywołuje	dictionary	pl_PL
wyścig	dictionary	pl_PL
zaakceptować	dictionary	pl_PL
zaangażowanie	dictionary	pl_PL
zabójstwa	dictionary	pl_PL
zacznijmy	dictionary	pl_PL
zbrodnie	dictionary	pl_PL
zdajesz	dictionary	pl_PL
zgodzić	dictionary	pl_PL
zoo	dictionary	pl_PL
zwiększenia	dictionary	pl_PL
alarm	dictionary	pl_PL
apel	dictionary	pl_PL
aplikacja	dictionary	pl_PL
atmosferę	dictionary	pl_PL
back	dictionary	pl_PL
białą	dictionary	pl_PL
biletów	dictionary	pl_PL
bogate	dictionary	pl_PL
bronił	dictionary	pl_PL
całych	dictionary	pl_PL
ciężkich	dictionary	pl_PL
dodatkowy	dictionary	pl_PL
dostawy	dictionary	pl_PL
duszę	dictionary	pl_PL
ekran	dictionary	pl_PL
ekspert	dictionary	pl_PL
filmiki	dictionary	pl_PL
gościu	dictionary	pl_PL
głosowaniu	dictionary	pl_PL
historyczny	dictionary	pl_PL
idąc	dictionary	pl_PL
inicjatywa	dictionary	pl_PL
jeździ	dictionary	pl_PL
kanałów	dictionary	pl_PL
kolejka	dictionary	pl_PL
konstytucję	dictionary	pl_PL
krajowe	dictionary	pl_PL
kupi	dictionary	pl_PL
liczb	dictionary	pl_PL
light	dictionary	pl_PL
limit	dictionary	pl_PL
martwy	dictionary	pl_PL
marzy	dictionary	pl_PL
mniejszy	dictionary	pl_PL
modele	dictionary	pl_PL
myśląc	dictionary	pl_PL
nadchodzi	dictionary	pl_PL
najlepsi	dictionary	pl_PL
negatywnie	dictionary	pl_PL
niedobrze	dictionary	pl_PL
ogromnym	dictionary	pl_PL
okazała	dictionary	pl_PL
operacje	dictionary	pl_PL
oprogramowanie	dictionary	pl_PL
osobistego	dictionary	pl_PL
oświadczenia	dictionary	pl_PL
patrzą	dictionary	pl_PL
per	dictionary	pl_PL
pieniędzmi	dictionary	pl_PL
pizza	dictionary	pl_PL
pochodzenie	dictionary	pl_PL
podwójne	dictionary	pl_PL
pojedyncze	dictionary	pl_PL
pozwolenia	dictionary	pl_PL
praktyk	dictionary	pl_PL
prawach	dictionary	pl_PL
prawidłowo	dictionary	pl_PL
prawnika	dictionary	pl_PL
prokuratora	dictionary	pl_PL
przejmować	dictionary	pl_PL
przerwie	dictionary	pl_PL
przerwę	dictionary	pl_PL
przykładów	dictionary	pl_PL
przystanek	dictionary	pl_PL
przyszłych	dictionary	pl_PL
ptaki	dictionary	pl_PL
rejonu	dictionary	pl_PL
rolników	dictionary	pl_PL
rozmawiał	dictionary	pl_PL
rzucił	dictionary	pl_PL
równowagi	dictionary	pl_PL
skierowany	dictionary	pl_PL
skończyłem	dictionary	pl_PL
skutków	dictionary	pl_PL
smutek	dictionary	pl_PL
sos	dictionary	pl_PL
specjalną	dictionary	pl_PL
spotkała	dictionary	pl_PL
spotkałam	dictionary	pl_PL
społeczno	dictionary	pl_PL
sprowadza	dictionary	pl_PL
spółek	dictionary	pl_PL
stadion	dictionary	pl_PL
staramy	dictionary	pl_PL
stawki	dictionary	pl_PL
stałego	dictionary	pl_PL
strzela	dictionary	pl_PL
szybkiego	dictionary	pl_PL
słaba	dictionary	pl_PL
słyszy	dictionary	pl_PL
turystyki	dictionary	pl_PL
twierdził	dictionary	pl_PL
tygodniach	dictionary	pl_PL
ubrań	dictionary	pl_PL
umrze	dictionary	pl_PL
ustach	dictionary	pl_PL
warszawskiej	dictionary	pl_PL
widziała	dictionary	pl_PL
wirus	dictionary	pl_PL
wolisz	dictionary	pl_PL
wszelką	dictionary	pl_PL
wyjątkowa	dictionary	pl_PL
wyznania	dictionary	pl_PL
wątek	dictionary	pl_PL
zagranicznej	dictionary	pl_PL
zajęcie	dictionary	pl_PL
zależało	dictionary	pl_PL
zarzutów	dictionary	pl_PL
zatrudnienie	dictionary	pl_PL
zawodowej	dictionary	pl_PL
znacząco	dictionary	pl_PL
znajomość	dictionary	pl_PL
znajomy	dictionary	pl_PL
znajomymi	dictionary	pl_PL
zobaczyłam	dictionary	pl_PL
zwycięzca	dictionary	pl_PL
zysk	dictionary	pl_PL
zyski	dictionary	pl_PL
ćwiczeń	dictionary	pl_PL
ścian	dictionary	pl_PL
środa	dictionary	pl_PL
środowisk	dictionary	pl_PL
światu	dictionary	pl_PL
świetnym	dictionary	pl_PL
świetną	dictionary	pl_PL
święte	dictionary	pl_PL
aktorów	dictionary	pl_PL
aplikacje	dictionary	pl_PL
audio	dictionary	pl_PL
autorskie	dictionary	pl_PL
basen	dictionary	pl_PL
bezpośredni	dictionary	pl_PL
bill	dictionary	pl_PL
bliska	dictionary	pl_PL
cały	dictionary	pl_PL
chorobą	dictionary	pl_PL
ciepłe	dictionary	pl_PL
cierpienie	dictionary	pl_PL
codzienne	dictionary	pl_PL
czoła	dictionary	pl_PL
czytasz	dictionary	pl_PL
czyż	dictionary	pl_PL
członkami	dictionary	pl_PL
dialogu	dictionary	pl_PL
dziwna	dictionary	pl_PL
eh	dictionary	pl_PL
fantasy	dictionary	pl_PL
finansowania	dictionary	pl_PL
fotograf	dictionary	pl_PL
grona	dictionary	pl_PL
gwarantuje	dictionary	pl_PL
ideologii	dictionary	pl_PL
imigranci	dictionary	pl_PL
jadą	dictionary	pl_PL
jakoś	dictionary	pl_PL
jedzą	dictionary	pl_PL
kciuki	dictionary	pl_PL
kolegi	dictionary	pl_PL
komentarzach	dictionary	pl_PL
konfederacji	dictionary	pl_PL
kongresu	dictionary	pl_PL
konstytucyjnego	dictionary	pl_PL
krzywdy	dictionary	pl_PL
królowej	dictionary	pl_PL
kurczaka	dictionary	pl_PL
kwestią	dictionary	pl_PL
kwota	dictionary	pl_PL
kłamie	dictionary	pl_PL
lecie	dictionary	pl_PL
lokalny	dictionary	pl_PL
lotów	dictionary	pl_PL
mamę	dictionary	pl_PL
miasteczka	dictionary	pl_PL
mówi	dictionary	pl_PL
muzyczne	dictionary	pl_PL
mówienie	dictionary	pl_PL
najważniejsza	dictionary	pl_PL
napisałam	dictionary	pl_PL
naturalnym	dictionary	pl_PL
necie	dictionary	pl_PL
nisko	dictionary	pl_PL
normalna	dictionary	pl_PL
nudne	dictionary	pl_PL
obiecał	dictionary	pl_PL
obsługa	dictionary	pl_PL
oczekiwać	dictionary	pl_PL
oddam	dictionary	pl_PL
odmówił	dictionary	pl_PL
odwagę	dictionary	pl_PL
oferta	dictionary	pl_PL
ogniem	dictionary	pl_PL
ograniczeń	dictionary	pl_PL
olimpijskie	dictionary	pl_PL
osiągnięcie	dictionary	pl_PL
oskarżony	dictionary	pl_PL
panna	dictionary	pl_PL
pięknym	dictionary	pl_PL
piłkarze	dictionary	pl_PL
podejrzewam	dictionary	pl_PL
pojazdy	dictionary	pl_PL
poprzednie	dictionary	pl_PL
powszechne	dictionary	pl_PL
pozwolił	dictionary	pl_PL
pracowałem	dictionary	pl_PL
protestów	dictionary	pl_PL
prowadzonych	dictionary	pl_PL
prywatnej	dictionary	pl_PL
przedsiębiorca	dictionary	pl_PL
przedsięwzięcia	dictionary	pl_PL
przestańcie	dictionary	pl_PL
przestępstw	dictionary	pl_PL
przyjaciółką	dictionary	pl_PL
przykładu	dictionary	pl_PL
próbowała	dictionary	pl_PL
reklamę	dictionary	pl_PL
rodzinnego	dictionary	pl_PL
rozmawiamy	dictionary	pl_PL
różnego	dictionary	pl_PL
ręcznie	dictionary	pl_PL
seksualne	dictionary	pl_PL
sprawami	dictionary	pl_PL
strajk	dictionary	pl_PL
stwierdza	dictionary	pl_PL
sądów	dictionary	pl_PL
słuchaj	dictionary	pl_PL
tajemnicy	dictionary	pl_PL
teatrze	dictionary	pl_PL
technikum	dictionary	pl_PL
tekstem	dictionary	pl_PL
trwać	dictionary	pl_PL
ubezpieczenia	dictionary	pl_PL
ustawić	dictionary	pl_PL
utraty	dictionary	pl_PL
waszą	dictionary	pl_PL
wieki	dictionary	pl_PL
wizję	dictionary	pl_PL
wolałbym	dictionary	pl_PL
wrócą	dictionary	pl_PL
wstęp	dictionary	pl_PL
wycieczkę	dictionary	pl_PL
wygrali	dictionary	pl_PL
wymienia	dictionary	pl_PL
własnymi	dictionary	pl_PL
zabawny	dictionary	pl_PL
zaczynasz	dictionary	pl_PL
zainteresowanych	dictionary	pl_PL
zasoby	dictionary	pl_PL
zawodowego	dictionary	pl_PL
zdjęciem	dictionary	pl_PL
zdrowotnej	dictionary	pl_PL
złe	dictionary	pl_PL
zmęczona	dictionary	pl_PL
znając	dictionary	pl_PL
zrezygnować	dictionary	pl_PL
ścianach	dictionary	pl_PL
światowa	dictionary	pl_PL
żyjesz	dictionary	pl_PL
aktualizacja	dictionary	pl_PL
atakuje	dictionary	pl_PL
baterii	dictionary	pl_PL
blok	dictionary	pl_PL
brzuch	dictionary	pl_PL
centralny	dictionary	pl_PL
chłop	dictionary	pl_PL
ciasta	dictionary	pl_PL
cierpienia	dictionary	pl_PL
cukru	dictionary	pl_PL
dociera	dictionary	pl_PL
dostaną	dictionary	pl_PL
dowolnym	dictionary	pl_PL
dzielą	dictionary	pl_PL
francuskim	dictionary	pl_PL
funkcjonariusze	dictionary	pl_PL
gardło	dictionary	pl_PL
ginie	dictionary	pl_PL
gorące	dictionary	pl_PL
hab	dictionary	pl_PL
imprez	dictionary	pl_PL
jem	dictionary	pl_PL
kilkaset	dictionary	pl_PL
kogokolwiek	dictionary	pl_PL
komputerze	dictionary	pl_PL
konie	dictionary	pl_PL
konstytucją	dictionary	pl_PL
konwencji	dictionary	pl_PL
koszmar	dictionary	pl_PL
kwalifikacji	dictionary	pl_PL
kwiatów	dictionary	pl_PL
latek	dictionary	pl_PL
lokalnym	dictionary	pl_PL
matce	dictionary	pl_PL
mikołaj	dictionary	pl_PL
misję	dictionary	pl_PL
mogą	dictionary	pl_PL
morzem	dictionary	pl_PL
najbliższe	dictionary	pl_PL
największego	dictionary	pl_PL
narzędziem	dictionary	pl_PL
następnej	dictionary	pl_PL
następujących	dictionary	pl_PL
nazwisk	dictionary	pl_PL
niemu	dictionary	pl_PL
niezłe	dictionary	pl_PL
nosił	dictionary	pl_PL
obce	dictionary	pl_PL
obrońców	dictionary	pl_PL
obserwuje	dictionary	pl_PL
oficjalnym	dictionary	pl_PL
określonych	dictionary	pl_PL
organizatorzy	dictionary	pl_PL
otwartych	dictionary	pl_PL
pamiętajcie	dictionary	pl_PL
partią	dictionary	pl_PL
partnerów	dictionary	pl_PL
pijany	dictionary	pl_PL
pije	dictionary	pl_PL
planach	dictionary	pl_PL
podobną	dictionary	pl_PL
podpis	dictionary	pl_PL
podstawa	dictionary	pl_PL
pojawią	dictionary	pl_PL
pomyślałam	dictionary	pl_PL
poprawnie	dictionary	pl_PL
postu	dictionary	pl_PL
powiedzcie	dictionary	pl_PL
powtarza	dictionary	pl_PL
powyższe	dictionary	pl_PL
prawicy	dictionary	pl_PL
prezydenckich	dictionary	pl_PL
procesy	dictionary	pl_PL
przyjemnie	dictionary	pl_PL
przypadkowo	dictionary	pl_PL
rzeczywistością	dictionary	pl_PL
silniki	dictionary	pl_PL
siostrą	dictionary	pl_PL
siostrę	dictionary	pl_PL
skuteczne	dictionary	pl_PL
smutna	dictionary	pl_PL
spotka	dictionary	pl_PL
statków	dictionary	pl_PL
statusu	dictionary	pl_PL
stawiam	dictionary	pl_PL
struktura	dictionary	pl_PL
sypialni	dictionary	pl_PL
sytuacją	dictionary	pl_PL
szaleństwo	dictionary	pl_PL
szkolnictwa	dictionary	pl_PL
tajemnica	dictionary	pl_PL
technika	dictionary	pl_PL
uchodźcy	dictionary	pl_PL
unikać	dictionary	pl_PL
warzywa	dictionary	pl_PL
wolną	dictionary	pl_PL
wpływów	dictionary	pl_PL
wynagrodzenie	dictionary	pl_PL
zabezpieczenia	dictionary	pl_PL
zakupu	dictionary	pl_PL
zapasy	dictionary	pl_PL
zastosowania	dictionary	pl_PL
załatwić	dictionary	pl_PL
ziemniaki	dictionary	pl_PL
zmianami	dictionary	pl_PL
zmniejszenie	dictionary	pl_PL
zrozumie	dictionary	pl_PL
złożony	dictionary	pl_PL
żyła	dictionary	pl_PL
american	dictionary	pl_PL
anioł	dictionary	pl_PL
atmosfery	dictionary	pl_PL
august	dictionary	pl_PL
aut	dictionary	pl_PL
autobusu	dictionary	pl_PL
bliskiego	dictionary	pl_PL
boisku	dictionary	pl_PL
bramy	dictionary	pl_PL
brała	dictionary	pl_PL
brytyjskiego	dictionary	pl_PL
buduje	dictionary	pl_PL
chiński	dictionary	pl_PL
ciałem	dictionary	pl_PL
ciemne	dictionary	pl_PL
cień	dictionary	pl_PL
club	dictionary	pl_PL
codziennego	dictionary	pl_PL
czuł	dictionary	pl_PL
czyny	dictionary	pl_PL
czytamy	dictionary	pl_PL
dalszego	dictionary	pl_PL
dostarczyć	dictionary	pl_PL
drzwiach	dictionary	pl_PL
duma	dictionary	pl_PL
długiej	dictionary	pl_PL
eksperyment	dictionary	pl_PL
elity	dictionary	pl_PL
funkcjonariuszy	dictionary	pl_PL
gejów	dictionary	pl_PL
gospodarkę	dictionary	pl_PL
granicami	dictionary	pl_PL
heh	dictionary	pl_PL
ho	dictionary	pl_PL
informatyki	dictionary	pl_PL
japoński	dictionary	pl_PL
jedni	dictionary	pl_PL
kamienia	dictionary	pl_PL
klatki	dictionary	pl_PL
laski	dictionary	pl_PL
lewa	dictionary	pl_PL
lisa	dictionary	pl_PL
listopad	dictionary	pl_PL
lotniczych	dictionary	pl_PL
magia	dictionary	pl_PL
medium	dictionary	pl_PL
medycznego	dictionary	pl_PL
men	dictionary	pl_PL
miłośników	dictionary	pl_PL
moglibyśmy	dictionary	pl_PL
najgorszym	dictionary	pl_PL
nauczył	dictionary	pl_PL
negocjacji	dictionary	pl_PL
netto	dictionary	pl_PL
niebezpieczny	dictionary	pl_PL
niektórym	dictionary	pl_PL
niezależnych	dictionary	pl_PL
noszą	dictionary	pl_PL
nowość	dictionary	pl_PL
oczywiście	dictionary	pl_PL
odnieść	dictionary	pl_PL
odwiedził	dictionary	pl_PL
osobisty	dictionary	pl_PL
owoców	dictionary	pl_PL
oświaty	dictionary	pl_PL
paliwo	dictionary	pl_PL
piętrze	dictionary	pl_PL
podają	dictionary	pl_PL
pojechał	dictionary	pl_PL
polecenie	dictionary	pl_PL
potrafił	dictionary	pl_PL
poznał	dictionary	pl_PL
praktyka	dictionary	pl_PL
prywatna	dictionary	pl_PL
przechodzą	dictionary	pl_PL
przeczytałem	dictionary	pl_PL
przeznaczenie	dictionary	pl_PL
przyjedzie	dictionary	pl_PL
przypominają	dictionary	pl_PL
przystanku	dictionary	pl_PL
przyszłego	dictionary	pl_PL
prócz	dictionary	pl_PL
psem	dictionary	pl_PL
radzić	dictionary	pl_PL
reforma	dictionary	pl_PL
regionalne	dictionary	pl_PL
rozpocznie	dictionary	pl_PL
różnym	dictionary	pl_PL
sanktuarium	dictionary	pl_PL
sektorze	dictionary	pl_PL
specjalna	dictionary	pl_PL
specjalnym	dictionary	pl_PL
spowoduje	dictionary	pl_PL
stosować	dictionary	pl_PL
strat	dictionary	pl_PL
strategia	dictionary	pl_PL
strzał	dictionary	pl_PL
stwierdzenia	dictionary	pl_PL
stworzone	dictionary	pl_PL
szczególną	dictionary	pl_PL
szydło	dictionary	pl_PL
sądzisz	dictionary	pl_PL
słowy	dictionary	pl_PL
tamten	dictionary	pl_PL
terminu	dictionary	pl_PL
tlenu	dictionary	pl_PL
towarów	dictionary	pl_PL
uciekać	dictionary	pl_PL
uczynić	dictionary	pl_PL
utworzenie	dictionary	pl_PL
wedle	dictionary	pl_PL
widoczny	dictionary	pl_PL
widziałeś	dictionary	pl_PL
wspólnych	dictionary	pl_PL
wymiana	dictionary	pl_PL
wysyłać	dictionary	pl_PL
zabrania	dictionary	pl_PL
zaczniesz	dictionary	pl_PL
zadzwonić	dictionary	pl_PL
zapomnij	dictionary	pl_PL
zasadami	dictionary	pl_PL
zawarte	dictionary	pl_PL
zniknie	dictionary	pl_PL
zniszczenie	dictionary	pl_PL
zostawił	dictionary	pl_PL
zwrotu	dictionary	pl_PL
zyskał	dictionary	pl_PL
śpiewać	dictionary	pl_PL
żałosne	dictionary	pl_PL
żołnierza	dictionary	pl_PL
administracja	dictionary	pl_PL
central	dictionary	pl_PL
chaos	dictionary	pl_PL
chwała	dictionary	pl_PL
cudowny	dictionary	pl_PL
cywilnej	dictionary	pl_PL
dobrymi	dictionary	pl_PL
dochód	dictionary	pl_PL
dostarcza	dictionary	pl_PL
dwójka	dictionary	pl_PL
filmiku	dictionary	pl_PL
filozofia	dictionary	pl_PL
gest	dictionary	pl_PL
informacyjny	dictionary	pl_PL
istniał	dictionary	pl_PL
jakaś	dictionary	pl_PL
japońskie	dictionary	pl_PL
kancelarii	dictionary	pl_PL
kandydatem	dictionary	pl_PL
koleżanki	dictionary	pl_PL
kompetencji	dictionary	pl_PL
koncercie	dictionary	pl_PL
krajowy	dictionary	pl_PL
kryje	dictionary	pl_PL
kupiłam	dictionary	pl_PL
kwalifikacje	dictionary	pl_PL
kwestię	dictionary	pl_PL
logika	dictionary	pl_PL
makijaż	dictionary	pl_PL
maski	dictionary	pl_PL
masło	dictionary	pl_PL
mordercy	dictionary	pl_PL
myśleli	dictionary	pl_PL
najważniejszym	dictionary	pl_PL
napięcie	dictionary	pl_PL
nożem	dictionary	pl_PL
oceniać	dictionary	pl_PL
oficjalnych	dictionary	pl_PL
ograniczone	dictionary	pl_PL
ogrodzie	dictionary	pl_PL
ogólny	dictionary	pl_PL
opublikowany	dictionary	pl_PL
opłaca	dictionary	pl_PL
pacjent	dictionary	pl_PL
piec	dictionary	pl_PL
pierdolę	dictionary	pl_PL
pięknego	dictionary	pl_PL
plakaty	dictionary	pl_PL
pochwalić	dictionary	pl_PL
policjanta	dictionary	pl_PL
politycznie	dictionary	pl_PL
poprosić	dictionary	pl_PL
posiadać	dictionary	pl_PL
posiłki	dictionary	pl_PL
postaw	dictionary	pl_PL
położyć	dictionary	pl_PL
prawdziwie	dictionary	pl_PL
problemach	dictionary	pl_PL
przeprowadzone	dictionary	pl_PL
przesłanie	dictionary	pl_PL
przewodnik	dictionary	pl_PL
pytasz	dictionary	pl_PL
rocznica	dictionary	pl_PL
rodzinnych	dictionary	pl_PL
rozwojem	dictionary	pl_PL
rzadziej	dictionary	pl_PL
sobota	dictionary	pl_PL
sportowy	dictionary	pl_PL
sprawił	dictionary	pl_PL
szeregu	dictionary	pl_PL
szkolne	dictionary	pl_PL
szukamy	dictionary	pl_PL
służą	dictionary	pl_PL
tag	dictionary	pl_PL
traktują	dictionary	pl_PL
transmisji	dictionary	pl_PL
trwało	dictionary	pl_PL
ucieka	dictionary	pl_PL
uczelnie	dictionary	pl_PL
uczestnik	dictionary	pl_PL
umierać	dictionary	pl_PL
uprawnienia	dictionary	pl_PL
uważał	dictionary	pl_PL
walczyli	dictionary	pl_PL
wali	dictionary	pl_PL
ważnego	dictionary	pl_PL
winę	dictionary	pl_PL
wkurwia	dictionary	pl_PL
biblioteka	dictionary	pl_PL
charakterystyczny	dictionary	pl_PL
chłopiec	dictionary	pl_PL
doświadczenie	dictionary	pl_PL
dziewczyna	dictionary	pl_PL
gospodarka	dictionary	pl_PL
jednocześnie	dictionary	pl_PL
możliwość	dictionary	pl_PL
nadzwyczajny	dictionary	pl_PL
natychmiast	dictionary	pl_PL
niespodzianka	dictionary	pl_PL
niewiarygodny	dictionary	pl_PL
obecność	dictionary	pl_PL
oczekiwanie	dictionary	pl_PL
oddychanie	dictionary	pl_PL
odpowiedzialność	dictionary	pl_PL
odpowiedzialny	dictionary	pl_PL
organizacja	dictionary	pl_PL
osobowość	dictionary	pl_PL
pomarańcza	dictionary	pl_PL
porozumienie	dictionary	pl_PL
przeprosiny	dictionary	pl_PL
przeszkoda	dictionary	pl_PL
przyjaźń	dictionary	pl_PL
prędkość	dictionary	pl_PL
psychologia	dictionary	pl_PL
restauracja	dictionary	pl_PL
równowaga	dictionary	pl_PL
różnorodny	dictionary	pl_PL
samochód	dictionary	pl_PL
skomplikowany	dictionary	pl_PL
składnik	dictionary	pl_PL
społeczeństwo	dictionary	pl_PL
słonecznik	dictionary	pl_PL
towarzystwo	dictionary	pl_PL
wiewiórka	dictionary	pl_PL
wspomnienie	dictionary	pl_PL
wspólnota	dictionary	pl_PL
wydarzenie	dictionary	pl_PL
wystarczający	dictionary	pl_PL
zazwyczaj	dictionary	pl_PL
łyżka	dictionary	pl_PL
żółw	dictionary	pl_PL
natomiast	dictionary	pl_PL
mieszkańców	dictionary	pl_PL
powierzchni	dictionary	pl_PL
następnie	dictionary	pl_PL
wszystkich	dictionary	pl_PL
rozpoczął	dictionary	pl_PL
pierwszej	dictionary	pl_PL
wszystkie	dictionary	pl_PL
listopada	dictionary	pl_PL
pierwszym	dictionary	pl_PL
października	dictionary	pl_PL
działalność	dictionary	pl_PL
żołnierzy	dictionary	pl_PL
przypadku	dictionary	pl_PL
wcześniej	dictionary	pl_PL
światowej	dictionary	pl_PL
członkiem	dictionary	pl_PL
miejscowości	dictionary	pl_PL
wysokości	dictionary	pl_PL
początkowo	dictionary	pl_PL
najbardziej	dictionary	pl_PL
zakończeniu	dictionary	pl_PL
organizacji	dictionary	pl_PL
kolejnych	dictionary	pl_PL
zakończył	dictionary	pl_PL
działalności	dictionary	pl_PL
wszystkim	dictionary	pl_PL
zamieszkiwało	dictionary	pl_PL
produkcji	dictionary	pl_PL
mistrzostw	dictionary	pl_PL
działania	dictionary	pl_PL
występuje	dictionary	pl_PL
pierwszego	dictionary	pl_PL
większość	dictionary	pl_PL
podstawie	dictionary	pl_PL
prawdopodobnie	dictionary	pl_PL
ostatecznie	dictionary	pl_PL
większości	dictionary	pl_PL
klasyfikacji	dictionary	pl_PL
stanowisko	dictionary	pl_PL
pierwszych	dictionary	pl_PL
jednostki	dictionary	pl_PL
reprezentacji	dictionary	pl_PL
powstania	dictionary	pl_PL
niektórych	dictionary	pl_PL
charakter	dictionary	pl_PL
wyłącznie	dictionary	pl_PL
przeciwko	dictionary	pl_PL
prowadził	dictionary	pl_PL
całkowicie	dictionary	pl_PL
człowieka	dictionary	pl_PL
szczególnie	dictionary	pl_PL
polskiego	dictionary	pl_PL
najczęściej	dictionary	pl_PL
szerokości	dictionary	pl_PL
występował	dictionary	pl_PL
występują	dictionary	pl_PL
zjednoczonych	dictionary	pl_PL
wielkości	dictionary	pl_PL
stanowiska	dictionary	pl_PL
zawodników	dictionary	pl_PL
przeszedł	dictionary	pl_PL
rozpoczęła	dictionary	pl_PL
kategorii	dictionary	pl_PL
zaludnienia	dictionary	pl_PL
uniwersytetu	dictionary	pl_PL
listopadzie	dictionary	pl_PL
rozpoczęto	dictionary	pl_PL
informacji	dictionary	pl_PL
możliwości	dictionary	pl_PL
narodowej	dictionary	pl_PL
powierzchnię	dictionary	pl_PL
jednostek	dictionary	pl_PL
towarzystwa	dictionary	pl_PL
częściowo	dictionary	pl_PL
zwłaszcza	dictionary	pl_PL
dwukrotnie	dictionary	pl_PL
konstrukcji	dictionary	pl_PL
rozgrywek	dictionary	pl_PL
mistrzostwach	dictionary	pl_PL
niemieckich	dictionary	pl_PL
spotkania	dictionary	pl_PL
wielokrotnie	dictionary	pl_PL
otrzymała	dictionary	pl_PL
poszczególnych	dictionary	pl_PL
pozostałych	dictionary	pl_PL
zależności	dictionary	pl_PL
samolotów	dictionary	pl_PL
naukowych	dictionary	pl_PL
bezpośrednio	dictionary	pl_PL
październiku	dictionary	pl_PL
instytutu	dictionary	pl_PL
mistrzostwo	dictionary	pl_PL
wydawnictwo	dictionary	pl_PL
niemieckiej	dictionary	pl_PL
przestrzeni	dictionary	pl_PL
politycznych	dictionary	pl_PL
pracowników	dictionary	pl_PL
przełomie	dictionary	pl_PL
zakończyła	dictionary	pl_PL
istnienia	dictionary	pl_PL
współpracy	dictionary	pl_PL
wywalczył	dictionary	pl_PL
znaczenie	dictionary	pl_PL
informacje	dictionary	pl_PL
dyrektora	dictionary	pl_PL
dyrektorem	dictionary	pl_PL
miejscowość	dictionary	pl_PL
ostatnich	dictionary	pl_PL
więzienia	dictionary	pl_PL
uniwersytecie	dictionary	pl_PL
przeciwnika	dictionary	pl_PL
bezpieczeństwa	dictionary	pl_PL
członkowie	dictionary	pl_PL
mianowany	dictionary	pl_PL
oddziałów	dictionary	pl_PL
północnej	dictionary	pl_PL
terytorium	dictionary	pl_PL
postanowił	dictionary	pl_PL
stanowisku	dictionary	pl_PL
publikacji	dictionary	pl_PL
odległości	dictionary	pl_PL
prezydenta	dictionary	pl_PL
warunkach	dictionary	pl_PL
wschodniej	dictionary	pl_PL
elementów	dictionary	pl_PL
miejscach	dictionary	pl_PL
południowej	dictionary	pl_PL
rozgrywkach	dictionary	pl_PL
znajdował	dictionary	pl_PL
środowiska	dictionary	pl_PL
charakterze	dictionary	pl_PL
wojennych	dictionary	pl_PL
dotyczące	dictionary	pl_PL
największych	dictionary	pl_PL
przedstawia	dictionary	pl_PL
tymczasem	dictionary	pl_PL
ukończeniu	dictionary	pl_PL
zachodniej	dictionary	pl_PL
zadebiutował	dictionary	pl_PL
dzielnicy	dictionary	pl_PL
najlepszych	dictionary	pl_PL
zamieszkiwały	dictionary	pl_PL
związanych	dictionary	pl_PL
dodatkowo	dictionary	pl_PL
mieszkańcy	dictionary	pl_PL
stosunkowo	dictionary	pl_PL
znajdowały	dictionary	pl_PL
rzeczywistości	dictionary	pl_PL
twórczości	dictionary	pl_PL
zwycięstwo	dictionary	pl_PL
pozostaje	dictionary	pl_PL
wybudowano	dictionary	pl_PL
prowincji	dictionary	pl_PL
społecznych	dictionary	pl_PL
właściwie	dictionary	pl_PL
zawodnikiem	dictionary	pl_PL
cmentarzu	dictionary	pl_PL
konkurencji	dictionary	pl_PL
profesora	dictionary	pl_PL
ostatniej	dictionary	pl_PL
igrzyskach	dictionary	pl_PL
przewodniczącym	dictionary	pl_PL
administracji	dictionary	pl_PL
awansował	dictionary	pl_PL
następnych	dictionary	pl_PL
niemieckie	dictionary	pl_PL
pochodzenia	dictionary	pl_PL
powietrza	dictionary	pl_PL
małżeństwa	dictionary	pl_PL
przemysłu	dictionary	pl_PL
stowarzyszenia	dictionary	pl_PL
artylerii	dictionary	pl_PL
umieszczono	dictionary	pl_PL
zagranicznych	dictionary	pl_PL
zbudowany	dictionary	pl_PL
zdobywając	dictionary	pl_PL
znajdowała	dictionary	pl_PL
generalnej	dictionary	pl_PL
materiałów	dictionary	pl_PL
niemieckiego	dictionary	pl_PL
stopniowo	dictionary	pl_PL
większych	dictionary	pl_PL
klasztoru	dictionary	pl_PL
pozostałe	dictionary	pl_PL
uczestniczył	dictionary	pl_PL
zdecydował	dictionary	pl_PL
narodowego	dictionary	pl_PL
trudności	dictionary	pl_PL
młodzieży	dictionary	pl_PL
oficjalnie	dictionary	pl_PL
wojskowej	dictionary	pl_PL
żołnierze	dictionary	pl_PL
następuje	dictionary	pl_PL
niewielkie	dictionary	pl_PL
przeniósł	dictionary	pl_PL
instytucie	dictionary	pl_PL
aresztowany	dictionary	pl_PL
posiadają	dictionary	pl_PL
realizacji	dictionary	pl_PL
wprowadzono	dictionary	pl_PL
własnością	dictionary	pl_PL
inicjatywy	dictionary	pl_PL
literatury	dictionary	pl_PL
lokalnych	dictionary	pl_PL
połączenia	dictionary	pl_PL
przeszłości	dictionary	pl_PL
rywalizacji	dictionary	pl_PL
spotkaniach	dictionary	pl_PL
egzemplarzy	dictionary	pl_PL
odpowiednio	dictionary	pl_PL
piłkarską	dictionary	pl_PL
powszechnie	dictionary	pl_PL
późniejszych	dictionary	pl_PL
wyjątkiem	dictionary	pl_PL
emeryturę	dictionary	pl_PL
międzynarodowej	dictionary	pl_PL
pierwotnie	dictionary	pl_PL
przedstawicieli	dictionary	pl_PL
dotyczących	dictionary	pl_PL
gimnazjum	dictionary	pl_PL
kierownikiem	dictionary	pl_PL
populacji	dictionary	pl_PL
amerykańskich	dictionary	pl_PL
kształcie	dictionary	pl_PL
nastąpiło	dictionary	pl_PL
współpracę	dictionary	pl_PL
właścicielem	dictionary	pl_PL
indywidualnych	dictionary	pl_PL
sprzedaży	dictionary	pl_PL
miesiącach	dictionary	pl_PL
prędkości	dictionary	pl_PL
następnym	dictionary	pl_PL
rozpoczyna	dictionary	pl_PL
sprawował	dictionary	pl_PL
struktury	dictionary	pl_PL
ostatniego	dictionary	pl_PL
temperatury	dictionary	pl_PL
wojskowych	dictionary	pl_PL
ministerstwa	dictionary	pl_PL
czasopisma	dictionary	pl_PL
konkursie	dictionary	pl_PL
powierzchnia	dictionary	pl_PL
prowadzone	dictionary	pl_PL
zrezygnował	dictionary	pl_PL
artykułów	dictionary	pl_PL
instytucji	dictionary	pl_PL
odpowiedzi	dictionary	pl_PL
pieniędzy	dictionary	pl_PL
pracowała	dictionary	pl_PL
praktycznie	dictionary	pl_PL
problemów	dictionary	pl_PL
transportu	dictionary	pl_PL
zmieniono	dictionary	pl_PL
amerykański	dictionary	pl_PL
najlepszym	dictionary	pl_PL
oznaczenie	dictionary	pl_PL
politycznej	dictionary	pl_PL
umiejętności	dictionary	pl_PL
urządzenia	dictionary	pl_PL
zbudowano	dictionary	pl_PL
działanie	dictionary	pl_PL
najważniejszych	dictionary	pl_PL
największą	dictionary	pl_PL
przypadkach	dictionary	pl_PL
dodatkowe	dictionary	pl_PL
dokładnie	dictionary	pl_PL
europejskich	dictionary	pl_PL
funkcjonuje	dictionary	pl_PL
miejskich	dictionary	pl_PL
polityczne	dictionary	pl_PL
powstanie	dictionary	pl_PL
przeprowadzono	dictionary	pl_PL
przyszłości	dictionary	pl_PL
samochodów	dictionary	pl_PL
tworzenia	dictionary	pl_PL
uczestników	dictionary	pl_PL
wzniesiono	dictionary	pl_PL
dziedzinie	dictionary	pl_PL
osiągnięcia	dictionary	pl_PL
produkcję	dictionary	pl_PL
publicznej	dictionary	pl_PL
specjalnych	dictionary	pl_PL
społeczeństwa	dictionary	pl_PL
społecznej	dictionary	pl_PL
autorstwa	dictionary	pl_PL
niezwykle	dictionary	pl_PL
rozpoczęły	dictionary	pl_PL
współczesnych	dictionary	pl_PL
zachowania	dictionary	pl_PL
znaczenia	dictionary	pl_PL
niektórzy	dictionary	pl_PL
stowarzyszenie	dictionary	pl_PL
niemiecki	dictionary	pl_PL
pieniądze	dictionary	pl_PL
późniejszym	dictionary	pl_PL
regularnie	dictionary	pl_PL
studentów	dictionary	pl_PL
technologii	dictionary	pl_PL
wydarzenia	dictionary	pl_PL
granicach	dictionary	pl_PL
kilometrów	dictionary	pl_PL
kontynuował	dictionary	pl_PL
najlepiej	dictionary	pl_PL
podzielone	dictionary	pl_PL
postanawia	dictionary	pl_PL
przebywał	dictionary	pl_PL
przyczyną	dictionary	pl_PL
rozwiązania	dictionary	pl_PL
stanowiły	dictionary	pl_PL
wykorzystywane	dictionary	pl_PL
filozofii	dictionary	pl_PL
otrzymuje	dictionary	pl_PL
pomieścić	dictionary	pl_PL
porównaniu	dictionary	pl_PL
połączenie	dictionary	pl_PL
prywatnych	dictionary	pl_PL
komunikacji	dictionary	pl_PL
obowiązki	dictionary	pl_PL
odpowiada	dictionary	pl_PL
prowadziła	dictionary	pl_PL
rozgrywki	dictionary	pl_PL
równocześnie	dictionary	pl_PL
spotkanie	dictionary	pl_PL
społeczne	dictionary	pl_PL
umieszczone	dictionary	pl_PL
właściciela	dictionary	pl_PL
republiki	dictionary	pl_PL
krajowych	dictionary	pl_PL
miejscowością	dictionary	pl_PL
opublikował	dictionary	pl_PL
osobników	dictionary	pl_PL
polityczną	dictionary	pl_PL
prowadzenie	dictionary	pl_PL
redaktorem	dictionary	pl_PL
robotników	dictionary	pl_PL
spowodowało	dictionary	pl_PL
społeczności	dictionary	pl_PL
założenia	dictionary	pl_PL
wielkiego	dictionary	pl_PL
kilkanaście	dictionary	pl_PL
konfliktu	dictionary	pl_PL
likwidacji	dictionary	pl_PL
międzyczasie	dictionary	pl_PL
najlepsze	dictionary	pl_PL
największe	dictionary	pl_PL
pochowany	dictionary	pl_PL
podstawowym	dictionary	pl_PL
pojawiają	dictionary	pl_PL
popularność	dictionary	pl_PL
projektów	dictionary	pl_PL
prowadzenia	dictionary	pl_PL
przyjaciół	dictionary	pl_PL
zawodnicy	dictionary	pl_PL
zwycięstwa	dictionary	pl_PL
dziesięciu	dictionary	pl_PL
eksploatacji	dictionary	pl_PL
festiwalu	dictionary	pl_PL
nauczyciel	dictionary	pl_PL
niemieckim	dictionary	pl_PL
okolicach	dictionary	pl_PL
pasażerów	dictionary	pl_PL
przeciwieństwie	dictionary	pl_PL
telewizji	dictionary	pl_PL
zainteresowanie	dictionary	pl_PL
nastąpiła	dictionary	pl_PL
następnego	dictionary	pl_PL
powiedział	dictionary	pl_PL
połączone	dictionary	pl_PL
profesorem	dictionary	pl_PL
prowadzić	dictionary	pl_PL
przechodzi	dictionary	pl_PL
uroczystości	dictionary	pl_PL
utworzono	dictionary	pl_PL
zachowały	dictionary	pl_PL
batalionu	dictionary	pl_PL
dowództwo	dictionary	pl_PL
muzycznych	dictionary	pl_PL
najlepszy	dictionary	pl_PL
poprzednich	dictionary	pl_PL
stosowane	dictionary	pl_PL
studiował	dictionary	pl_PL
województwa	dictionary	pl_PL
jednostka	dictionary	pl_PL
literaturze	dictionary	pl_PL
miejscowej	dictionary	pl_PL
największym	dictionary	pl_PL
parlamentu	dictionary	pl_PL
pokładzie	dictionary	pl_PL
produktów	dictionary	pl_PL
specjalne	dictionary	pl_PL
świątynia	dictionary	pl_PL
historyczne	dictionary	pl_PL
niewielki	dictionary	pl_PL
organizacje	dictionary	pl_PL
panowania	dictionary	pl_PL
posiadała	dictionary	pl_PL
samochodu	dictionary	pl_PL
sportowych	dictionary	pl_PL
zniszczony	dictionary	pl_PL
ministrów	dictionary	pl_PL
dowództwem	dictionary	pl_PL
gospodarki	dictionary	pl_PL
niepodległości	dictionary	pl_PL
publicznych	dictionary	pl_PL
zastosowanie	dictionary	pl_PL
charakteryzuje	dictionary	pl_PL
kierownika	dictionary	pl_PL
materiału	dictionary	pl_PL
poszczególne	dictionary	pl_PL
programie	dictionary	pl_PL
przynajmniej	dictionary	pl_PL
strzelców	dictionary	pl_PL
wojskowego	dictionary	pl_PL
własności	dictionary	pl_PL
zaprezentowany	dictionary	pl_PL
amerykańskiej	dictionary	pl_PL
miejskiej	dictionary	pl_PL
narodowych	dictionary	pl_PL
przeznaczone	dictionary	pl_PL
utrzymanie	dictionary	pl_PL
więzieniu	dictionary	pl_PL
występowała	dictionary	pl_PL
zakończono	dictionary	pl_PL
zdolności	dictionary	pl_PL
znaczeniu	dictionary	pl_PL
fragmenty	dictionary	pl_PL
kompozycji	dictionary	pl_PL
małżeństwo	dictionary	pl_PL
olimpijskich	dictionary	pl_PL
pomieszczenia	dictionary	pl_PL
programów	dictionary	pl_PL
przejścia	dictionary	pl_PL
przeznaczony	dictionary	pl_PL
rosyjskich	dictionary	pl_PL
wewnętrznych	dictionary	pl_PL
zaczynają	dictionary	pl_PL
zwycięstw	dictionary	pl_PL
warszawskiego	dictionary	pl_PL
dziewięciu	dictionary	pl_PL
finansowe	dictionary	pl_PL
kilkadziesiąt	dictionary	pl_PL
kilkunastu	dictionary	pl_PL
konstrukcja	dictionary	pl_PL
największy	dictionary	pl_PL
nauczania	dictionary	pl_PL
podstawowej	dictionary	pl_PL
położenie	dictionary	pl_PL
przebojów	dictionary	pl_PL
przypomina	dictionary	pl_PL
startował	dictionary	pl_PL
stwierdził	dictionary	pl_PL
umieszczony	dictionary	pl_PL
umożliwia	dictionary	pl_PL
wykonywania	dictionary	pl_PL
wykorzystuje	dictionary	pl_PL
architektury	dictionary	pl_PL
bohaterów	dictionary	pl_PL
cmentarza	dictionary	pl_PL
dokumentów	dictionary	pl_PL
doświadczenia	dictionary	pl_PL
dziewczyny	dictionary	pl_PL
historycznych	dictionary	pl_PL
kolejnego	dictionary	pl_PL
koncertów	dictionary	pl_PL
naturalnych	dictionary	pl_PL
ośrodkiem	dictionary	pl_PL
pojemności	dictionary	pl_PL
pozostawał	dictionary	pl_PL
przedmiotem	dictionary	pl_PL
sekretarza	dictionary	pl_PL
uplasował	dictionary	pl_PL
zamieszkuje	dictionary	pl_PL
zbudowana	dictionary	pl_PL
znajdowało	dictionary	pl_PL
angielski	dictionary	pl_PL
dorobkiem	dictionary	pl_PL
dzisiejszego	dictionary	pl_PL
gospodarcze	dictionary	pl_PL
głębokości	dictionary	pl_PL
konferencji	dictionary	pl_PL
mniejszych	dictionary	pl_PL
obserwacji	dictionary	pl_PL
organizację	dictionary	pl_PL
pozostały	dictionary	pl_PL
pozwoliło	dictionary	pl_PL
rodzinnym	dictionary	pl_PL
szerokość	dictionary	pl_PL
szkolenia	dictionary	pl_PL
tymczasowe	dictionary	pl_PL
uszkodzenia	dictionary	pl_PL
wspólnego	dictionary	pl_PL
zatrudniony	dictionary	pl_PL
doprowadził	dictionary	pl_PL
dorosłych	dictionary	pl_PL
dotychczas	dictionary	pl_PL
drewniany	dictionary	pl_PL
kandydatów	dictionary	pl_PL
kilkakrotnie	dictionary	pl_PL
odległość	dictionary	pl_PL
przeważnie	dictionary	pl_PL
przynależność	dictionary	pl_PL
seminarium	dictionary	pl_PL
telewizyjnych	dictionary	pl_PL
wyposażenia	dictionary	pl_PL
wyposażone	dictionary	pl_PL
wyposażony	dictionary	pl_PL
wystartował	dictionary	pl_PL
wyścigach	dictionary	pl_PL
zainteresowania	dictionary	pl_PL
zwolniony	dictionary	pl_PL
dyspozycji	dictionary	pl_PL
elementem	dictionary	pl_PL
koncepcji	dictionary	pl_PL
lotnictwa	dictionary	pl_PL
malarstwa	dictionary	pl_PL
najwyższej	dictionary	pl_PL
poświęcił	dictionary	pl_PL
religijnych	dictionary	pl_PL
samodzielnie	dictionary	pl_PL
specjalnie	dictionary	pl_PL
szczególności	dictionary	pl_PL
zwierzęta	dictionary	pl_PL
środkowej	dictionary	pl_PL
czynności	dictionary	pl_PL
działalnością	dictionary	pl_PL
kilkudziesięciu	dictionary	pl_PL
mieszkało	dictionary	pl_PL
niezależnie	dictionary	pl_PL
państwowych	dictionary	pl_PL
politycznego	dictionary	pl_PL
południowy	dictionary	pl_PL
rezultacie	dictionary	pl_PL
sekretarzem	dictionary	pl_PL
starszych	dictionary	pl_PL
wybudowany	dictionary	pl_PL
działaczy	dictionary	pl_PL
finansowych	dictionary	pl_PL
kierunkiem	dictionary	pl_PL
kolejności	dictionary	pl_PL
mieszkania	dictionary	pl_PL
przebiega	dictionary	pl_PL
przeniesiono	dictionary	pl_PL
rolnictwa	dictionary	pl_PL
równolegle	dictionary	pl_PL
spotkaniu	dictionary	pl_PL
spowodowane	dictionary	pl_PL
trzykrotnie	dictionary	pl_PL
twórczość	dictionary	pl_PL
właściwości	dictionary	pl_PL
zbudowane	dictionary	pl_PL
angielskim	dictionary	pl_PL
charakteru	dictionary	pl_PL
francuskiego	dictionary	pl_PL
gospodarstw	dictionary	pl_PL
kawalerii	dictionary	pl_PL
miejscowych	dictionary	pl_PL
mistrzostwa	dictionary	pl_PL
międzywojennym	dictionary	pl_PL
posiadłości	dictionary	pl_PL
przekazał	dictionary	pl_PL
przypadków	dictionary	pl_PL
rosyjskiej	dictionary	pl_PL
rozegrano	dictionary	pl_PL
wcześniejszych	dictionary	pl_PL
występowania	dictionary	pl_PL
znajdujących	dictionary	pl_PL
środowisku	dictionary	pl_PL
centralnego	dictionary	pl_PL
kolejowej	dictionary	pl_PL
mężczyzna	dictionary	pl_PL
nauczycieli	dictionary	pl_PL
poprzedniego	dictionary	pl_PL
pozostałości	dictionary	pl_PL
poświęcony	dictionary	pl_PL
produkcja	dictionary	pl_PL
przedniej	dictionary	pl_PL
przyjmuje	dictionary	pl_PL
reprezentował	dictionary	pl_PL
rozpoczęli	dictionary	pl_PL
utworzenia	dictionary	pl_PL
wykonania	dictionary	pl_PL
wystąpiła	dictionary	pl_PL
zarządzania	dictionary	pl_PL
zdecydowanie	dictionary	pl_PL
doprowadziło	dictionary	pl_PL
francuskich	dictionary	pl_PL
istnienie	dictionary	pl_PL
klasztorze	dictionary	pl_PL
naczelnym	dictionary	pl_PL
odpowiednie	dictionary	pl_PL
określenia	dictionary	pl_PL
prezydent	dictionary	pl_PL
proboszcza	dictionary	pl_PL
publicznego	dictionary	pl_PL
stanowisk	dictionary	pl_PL
stworzenie	dictionary	pl_PL
uzyskując	dictionary	pl_PL
wykorzystać	dictionary	pl_PL
występować	dictionary	pl_PL
właścicieli	dictionary	pl_PL
królestwa	dictionary	pl_PL
rozporządzenie	dictionary	pl_PL
dokumentach	dictionary	pl_PL
godzinach	dictionary	pl_PL
konieczność	dictionary	pl_PL
mężczyźni	dictionary	pl_PL
pacjentów	dictionary	pl_PL
podstawowe	dictionary	pl_PL
porozumienia	dictionary	pl_PL
postanowiono	dictionary	pl_PL
powróciła	dictionary	pl_PL
pośrednictwem	dictionary	pl_PL
przedstawił	dictionary	pl_PL
przeniesiony	dictionary	pl_PL
pseudonimem	dictionary	pl_PL
radzieckich	dictionary	pl_PL
uzyskania	dictionary	pl_PL
większego	dictionary	pl_PL
wymiarach	dictionary	pl_PL
zachowanie	dictionary	pl_PL
zakończenia	dictionary	pl_PL
zniszczone	dictionary	pl_PL
federacji	dictionary	pl_PL
angielskiego	dictionary	pl_PL
drewniane	dictionary	pl_PL
najwięcej	dictionary	pl_PL
nauczycielem	dictionary	pl_PL
okolicznych	dictionary	pl_PL
planetoida	dictionary	pl_PL
podstawowa	dictionary	pl_PL
popularne	dictionary	pl_PL
postanowili	dictionary	pl_PL
publicznie	dictionary	pl_PL
rosyjskim	dictionary	pl_PL
rozpoczęciem	dictionary	pl_PL
wicemistrzostwo	dictionary	pl_PL
zajmowała	dictionary	pl_PL
zamordowany	dictionary	pl_PL
świadomości	dictionary	pl_PL
biblioteki	dictionary	pl_PL
politechniki	dictionary	pl_PL
amerykańskiego	dictionary	pl_PL
budowlane	dictionary	pl_PL
czynników	dictionary	pl_PL
dokumenty	dictionary	pl_PL
formalnie	dictionary	pl_PL
gospodarstwa	dictionary	pl_PL
głosowania	dictionary	pl_PL
indywidualnym	dictionary	pl_PL
istniejących	dictionary	pl_PL
piłkarskiej	dictionary	pl_PL
pojedynku	dictionary	pl_PL
pozostała	dictionary	pl_PL
proboszczem	dictionary	pl_PL
przejście	dictionary	pl_PL
publiczności	dictionary	pl_PL
publikował	dictionary	pl_PL
rewolucji	dictionary	pl_PL
spowodował	dictionary	pl_PL
stosunków	dictionary	pl_PL
uruchomiono	dictionary	pl_PL
wiadomości	dictionary	pl_PL
zakończenie	dictionary	pl_PL
zwyciężył	dictionary	pl_PL
pochodził	dictionary	pl_PL
badaniach	dictionary	pl_PL
dodatkowych	dictionary	pl_PL
doprowadzić	dictionary	pl_PL
dowiaduje	dictionary	pl_PL
kompleksu	dictionary	pl_PL
maksymalnie	dictionary	pl_PL
nawiązuje	dictionary	pl_PL
obszarach	dictionary	pl_PL
państwowej	dictionary	pl_PL
producenta	dictionary	pl_PL
przedsiębiorstw	dictionary	pl_PL
rosyjskie	dictionary	pl_PL
rosyjskiego	dictionary	pl_PL
rozwiązanie	dictionary	pl_PL
społecznego	dictionary	pl_PL
stanowiła	dictionary	pl_PL
stosowanie	dictionary	pl_PL
uzbrojenie	dictionary	pl_PL
wspomnienia	dictionary	pl_PL
zakończyły	dictionary	pl_PL
zamknięte	dictionary	pl_PL
znaleziono	dictionary	pl_PL
zniszczenia	dictionary	pl_PL
dystansie	dictionary	pl_PL
francuskie	dictionary	pl_PL
klasycznym	dictionary	pl_PL
kolejowych	dictionary	pl_PL
kościołów	dictionary	pl_PL
lokalnego	dictionary	pl_PL
mistrzowski	dictionary	pl_PL
opowieści	dictionary	pl_PL
organizowane	dictionary	pl_PL
podzielona	dictionary	pl_PL
postępowania	dictionary	pl_PL
powietrze	dictionary	pl_PL
powodzeniem	dictionary	pl_PL
prezbiterium	dictionary	pl_PL
przygotowania	dictionary	pl_PL
restauracji	dictionary	pl_PL
stosowania	dictionary	pl_PL
stworzenia	dictionary	pl_PL
ukończono	dictionary	pl_PL
użytkowników	dictionary	pl_PL
wykorzystywany	dictionary	pl_PL
wykształcenia	dictionary	pl_PL
zakończyć	dictionary	pl_PL
dziedziny	dictionary	pl_PL
francuskiej	dictionary	pl_PL
generalnego	dictionary	pl_PL
kierowców	dictionary	pl_PL
konieczne	dictionary	pl_PL
materiały	dictionary	pl_PL
modernizacji	dictionary	pl_PL
nauczyciela	dictionary	pl_PL
nieprzyjaciela	dictionary	pl_PL
niewielka	dictionary	pl_PL
obecności	dictionary	pl_PL
opracowania	dictionary	pl_PL
osiągnęła	dictionary	pl_PL
parafialny	dictionary	pl_PL
podobnych	dictionary	pl_PL
powietrzu	dictionary	pl_PL
połączeniu	dictionary	pl_PL
prowadzono	dictionary	pl_PL
przedmiotów	dictionary	pl_PL
przypadki	dictionary	pl_PL
reprezentacja	dictionary	pl_PL
sekretarz	dictionary	pl_PL
stosowany	dictionary	pl_PL
sztafecie	dictionary	pl_PL
technicznych	dictionary	pl_PL
tygodnika	dictionary	pl_PL
wewnętrzne	dictionary	pl_PL
wprowadzenia	dictionary	pl_PL
wprowadzenie	dictionary	pl_PL
współczesnej	dictionary	pl_PL
współpracował	dictionary	pl_PL
zaproponował	dictionary	pl_PL
zawodowych	dictionary	pl_PL
zniszczeniu	dictionary	pl_PL
europejskiej	dictionary	pl_PL
aktywności	dictionary	pl_PL
brytyjskie	dictionary	pl_PL
czerwonym	dictionary	pl_PL
międzynarodowe	dictionary	pl_PL
muzycznej	dictionary	pl_PL
najwyższym	dictionary	pl_PL
nazwiskiem	dictionary	pl_PL
niewielkim	dictionary	pl_PL
widnieje	dictionary	pl_PL
wierzchu	dictionary	pl_PL
wojskiem	dictionary	pl_PL
wpisane	dictionary	pl_PL
wspomnę	dictionary	pl_PL
wyciągnął	dictionary	pl_PL
wyczuwam	dictionary	pl_PL
wyjdziesz	dictionary	pl_PL
wykonawców	dictionary	pl_PL
wyrażania	dictionary	pl_PL
wyroków	dictionary	pl_PL
włosi	dictionary	pl_PL
zadzwoniła	dictionary	pl_PL
zagadki	dictionary	pl_PL
zagwarantować	dictionary	pl_PL
zamknięciu	dictionary	pl_PL
zaplecze	dictionary	pl_PL
zapominać	dictionary	pl_PL
zapomnijcie	dictionary	pl_PL
zastanawiał	dictionary	pl_PL
zastąpił	dictionary	pl_PL
zawodową	dictionary	pl_PL
zdalnie	dictionary	pl_PL
zdałam	dictionary	pl_PL
zewnętrznego	dictionary	pl_PL
zgromadzeniu	dictionary	pl_PL
zjada	dictionary	pl_PL
zmagania	dictionary	pl_PL
zmianom	dictionary	pl_PL
znaczny	dictionary	pl_PL
znaleźliśmy	dictionary	pl_PL
zrozum	dictionary	pl_PL
zwierzęcia	dictionary	pl_PL
ładną	dictionary	pl_PL
łamią	dictionary	pl_PL
łączna	dictionary	pl_PL
śpię	dictionary	pl_PL
świadomi	dictionary	pl_PL
świeży	dictionary	pl_PL
żarcie	dictionary	pl_PL
żyd	dictionary	pl_PL
żywi	dictionary	pl_PL
żywym	dictionary	pl_PL
absurdalne	dictionary	pl_PL
administrator	dictionary	pl_PL
aresztowano	dictionary	pl_PL
baru	dictionary	pl_PL
barze	dictionary	pl_PL
beton	dictionary	pl_PL
bezpośredniej	dictionary	pl_PL
bibliotek	dictionary	pl_PL
bit	dictionary	pl_PL
buddy	dictionary	pl_PL
chcielibyście	dictionary	pl_PL
cichy	dictionary	pl_PL
ciepłą	dictionary	pl_PL
ciągłym	dictionary	pl_PL
czosnek	dictionary	pl_PL
czynny	dictionary	pl_PL
dary	dictionary	pl_PL
dawała	dictionary	pl_PL
debatę	dictionary	pl_PL
dodatkowego	dictionary	pl_PL
dominują	dictionary	pl_PL
doprawdy	dictionary	pl_PL
dowolnego	dictionary	pl_PL
dowolnej	dictionary	pl_PL
dragon	dictionary	pl_PL
duszą	dictionary	pl_PL
działaczka	dictionary	pl_PL
działaniu	dictionary	pl_PL
dzielimy	dictionary	pl_PL
dziewczynkę	dictionary	pl_PL
dzisiejszą	dictionary	pl_PL
egzemplarz	dictionary	pl_PL
ekologicznej	dictionary	pl_PL
elektrownia	dictionary	pl_PL
elektrycznego	dictionary	pl_PL
emigrantów	dictionary	pl_PL
etatu	dictionary	pl_PL
federacja	dictionary	pl_PL
filtry	dictionary	pl_PL
flag	dictionary	pl_PL
formatu	dictionary	pl_PL
geniuszem	dictionary	pl_PL
głosował	dictionary	pl_PL
her	dictionary	pl_PL
idźcie	dictionary	pl_PL
ikony	dictionary	pl_PL
informatyka	dictionary	pl_PL
instytucjach	dictionary	pl_PL
inteligentne	dictionary	pl_PL
jelita	dictionary	pl_PL
językowej	dictionary	pl_PL
kabaret	dictionary	pl_PL
kalorii	dictionary	pl_PL
kasę	dictionary	pl_PL
katalogu	dictionary	pl_PL
kierownicy	dictionary	pl_PL
kit	dictionary	pl_PL
klasyk	dictionary	pl_PL
klęski	dictionary	pl_PL
kolacji	dictionary	pl_PL
kolan	dictionary	pl_PL
komukolwiek	dictionary	pl_PL
komunistyczna	dictionary	pl_PL
komunistycznych	dictionary	pl_PL
koniu	dictionary	pl_PL
kontuzji	dictionary	pl_PL
konwencja	dictionary	pl_PL
korporacje	dictionary	pl_PL
krąży	dictionary	pl_PL
kształcenie	dictionary	pl_PL
kurczak	dictionary	pl_PL
kuzyna	dictionary	pl_PL
kwiatami	dictionary	pl_PL
lampy	dictionary	pl_PL
licznymi	dictionary	pl_PL
lustra	dictionary	pl_PL
magazyny	dictionary	pl_PL
mającą	dictionary	pl_PL
manifestacji	dictionary	pl_PL
maszynę	dictionary	pl_PL
miejscowy	dictionary	pl_PL
mięsem	dictionary	pl_PL
miłych	dictionary	pl_PL
modzie	dictionary	pl_PL
momentów	dictionary	pl_PL
muzyczną	dictionary	pl_PL
nagie	dictionary	pl_PL
nakazuje	dictionary	pl_PL
niezwłocznie	dictionary	pl_PL
nożną	dictionary	pl_PL
obraza	dictionary	pl_PL
obrazie	dictionary	pl_PL
obserwuję	dictionary	pl_PL
oddawać	dictionary	pl_PL
odzieży	dictionary	pl_PL
opiekun	dictionary	pl_PL
ostrzega	dictionary	pl_PL
oszustwo	dictionary	pl_PL
otwarciu	dictionary	pl_PL
owo	dictionary	pl_PL
pad	dictionary	pl_PL
papieżem	dictionary	pl_PL
penis	dictionary	pl_PL
poczułem	dictionary	pl_PL
poda	dictionary	pl_PL
podejmowane	dictionary	pl_PL
podkreślają	dictionary	pl_PL
podpisanie	dictionary	pl_PL
poduszki	dictionary	pl_PL
podziemia	dictionary	pl_PL
pogrzebu	dictionary	pl_PL
politykiem	dictionary	pl_PL
pomarańczowy	dictionary	pl_PL
pomnikiem	dictionary	pl_PL
pomyślą	dictionary	pl_PL
popularnego	dictionary	pl_PL
porwanie	dictionary	pl_PL
potwór	dictionary	pl_PL
potęgi	dictionary	pl_PL
powstałych	dictionary	pl_PL
poziomów	dictionary	pl_PL
położył	dictionary	pl_PL
procentach	dictionary	pl_PL
protokołu	dictionary	pl_PL
prysznicem	dictionary	pl_PL
przeciętnego	dictionary	pl_PL
przeciętnie	dictionary	pl_PL
przedstawiać	dictionary	pl_PL
przekonał	dictionary	pl_PL
przekroczył	dictionary	pl_PL
przemocą	dictionary	pl_PL
przewodnika	dictionary	pl_PL
przeżywa	dictionary	pl_PL
przygód	dictionary	pl_PL
przypomniała	dictionary	pl_PL
przyznania	dictionary	pl_PL
pudełka	dictionary	pl_PL
późniejsze	dictionary	pl_PL
płace	dictionary	pl_PL
radnych	dictionary	pl_PL
rebeliantów	dictionary	pl_PL
redukcji	dictionary	pl_PL
rehabilitacji	dictionary	pl_PL
reklamie	dictionary	pl_PL
rodzica	dictionary	pl_PL
room	dictionary	pl_PL
rozmiaru	dictionary	pl_PL
rzuciła	dictionary	pl_PL
różnorodności	dictionary	pl_PL
samorząd	dictionary	pl_PL
sankcji	dictionary	pl_PL
seksualna	dictionary	pl_PL
spotkam	dictionary	pl_PL
spowiedzi	dictionary	pl_PL
sprawdźcie	dictionary	pl_PL
sprzątanie	dictionary	pl_PL
spytał	dictionary	pl_PL
spędziłem	dictionary	pl_PL
stanęło	dictionary	pl_PL
stosunkach	dictionary	pl_PL
stratą	dictionary	pl_PL
szczerość	dictionary	pl_PL
sąsiednich	dictionary	pl_PL
służących	dictionary	pl_PL
telewizyjnego	dictionary	pl_PL
terroryzmu	dictionary	pl_PL
tomek	dictionary	pl_PL
trendów	dictionary	pl_PL
uczestniczyła	dictionary	pl_PL
uczestniczyło	dictionary	pl_PL
uczniami	dictionary	pl_PL
ująć	dictionary	pl_PL
uniemożliwia	dictionary	pl_PL
uprawia	dictionary	pl_PL
używali	dictionary	pl_PL
wahania	dictionary	pl_PL
wcześniejszego	dictionary	pl_PL
wiecznego	dictionary	pl_PL
wiecznej	dictionary	pl_PL
wiążą	dictionary	pl_PL
wnieść	dictionary	pl_PL
wodach	dictionary	pl_PL
wodna	dictionary	pl_PL
wpierw	dictionary	pl_PL
współczesny	dictionary	pl_PL
wstydzę	dictionary	pl_PL
wymagało	dictionary	pl_PL
wyobraźnię	dictionary	pl_PL
wystaw	dictionary	pl_PL
wysyłam	dictionary	pl_PL
wyszedłem	dictionary	pl_PL
wyzwań	dictionary	pl_PL
wzbudza	dictionary	pl_PL
wątpliwość	dictionary	pl_PL
węgierski	dictionary	pl_PL
węgierskiego	dictionary	pl_PL
włącza	dictionary	pl_PL
włączenie	dictionary	pl_PL
zabijając	dictionary	pl_PL
zach	dictionary	pl_PL
zagraniczny	dictionary	pl_PL
zalet	dictionary	pl_PL
zamienił	dictionary	pl_PL
zamieszkać	dictionary	pl_PL
zamieszki	dictionary	pl_PL
zamykać	dictionary	pl_PL
zapalenia	dictionary	pl_PL
zaprojektowane	dictionary	pl_PL
zapytała	dictionary	pl_PL
założyłem	dictionary	pl_PL
zbiornika	dictionary	pl_PL
zbiórka	dictionary	pl_PL
zdrowiem	dictionary	pl_PL
zielonym	dictionary	pl_PL
złożyli	dictionary	pl_PL
łaskę	dictionary	pl_PL
łącznej	dictionary	pl_PL
ślepy	dictionary	pl_PL
śpiewał	dictionary	pl_PL
średniowiecza	dictionary	pl_PL
średniowieczu	dictionary	pl_PL
światłem	dictionary	pl_PL
żalu	dictionary	pl_PL
żartem	dictionary	pl_PL
żołnierzom	dictionary	pl_PL
agencje	dictionary	pl_PL
akcentem	dictionary	pl_PL
architekt	dictionary	pl_PL
babcie	dictionary	pl_PL
bogowie	dictionary	pl_PL
burzę	dictionary	pl_PL
ciemnej	dictionary	pl_PL
cross	dictionary	pl_PL
czwartego	dictionary	pl_PL
delikatna	dictionary	pl_PL
dodatkowym	dictionary	pl_PL
dog	dictionary	pl_PL
dogadać	dictionary	pl_PL
dolny	dictionary	pl_PL
doskonałym	dictionary	pl_PL
dostało	dictionary	pl_PL
dostępność	dictionary	pl_PL
drobny	dictionary	pl_PL
dzielnie	dictionary	pl_PL
dżungli	dictionary	pl_PL
ee	dictionary	pl_PL
ekipę	dictionary	pl_PL
farby	dictionary	pl_PL
felix	dictionary	pl_PL
filmowych	dictionary	pl_PL
fit	dictionary	pl_PL
flota	dictionary	pl_PL
francuską	dictionary	pl_PL
gazetach	dictionary	pl_PL
git	dictionary	pl_PL
gniewu	dictionary	pl_PL
gorączkę	dictionary	pl_PL
gumy	dictionary	pl_PL
głosami	dictionary	pl_PL
głosujących	dictionary	pl_PL
głupią	dictionary	pl_PL
hymnu	dictionary	pl_PL
idealnego	dictionary	pl_PL
ilustracje	dictionary	pl_PL
informator	dictionary	pl_PL
informować	dictionary	pl_PL
jakimiś	dictionary	pl_PL
jakością	dictionary	pl_PL
kancelaria	dictionary	pl_PL
kanclerz	dictionary	pl_PL
kartka	dictionary	pl_PL
kategorię	dictionary	pl_PL
kiepskie	dictionary	pl_PL
klanu	dictionary	pl_PL
koledze	dictionary	pl_PL
komplet	dictionary	pl_PL
konkurencję	dictionary	pl_PL
konserwatywna	dictionary	pl_PL
konsumpcji	dictionary	pl_PL
korupcja	dictionary	pl_PL
korzystał	dictionary	pl_PL
krakowskiej	dictionary	pl_PL
kulturalny	dictionary	pl_PL
kupując	dictionary	pl_PL
liberalnej	dictionary	pl_PL
marihuany	dictionary	pl_PL
marnować	dictionary	pl_PL
masłem	dictionary	pl_PL
materiale	dictionary	pl_PL
meksykański	dictionary	pl_PL
mistrzowie	dictionary	pl_PL
mobilne	dictionary	pl_PL
momentami	dictionary	pl_PL
możemy	dictionary	pl_PL
muchy	dictionary	pl_PL
mylą	dictionary	pl_PL
nacisku	dictionary	pl_PL
nadzwyczajnego	dictionary	pl_PL
naftowej	dictionary	pl_PL
napisów	dictionary	pl_PL
nasion	dictionary	pl_PL
niektórymi	dictionary	pl_PL
niezbędnych	dictionary	pl_PL
noszenie	dictionary	pl_PL
obojga	dictionary	pl_PL
obserwuj	dictionary	pl_PL
obwodzie	dictionary	pl_PL
oczywistym	dictionary	pl_PL
oczyścić	dictionary	pl_PL
odczuwam	dictionary	pl_PL
odnoszą	dictionary	pl_PL
ogłosili	dictionary	pl_PL
okręgowego	dictionary	pl_PL
okręgów	dictionary	pl_PL
olbrzymi	dictionary	pl_PL
ostatecznego	dictionary	pl_PL
osłony	dictionary	pl_PL
owa	dictionary	pl_PL
oznaki	dictionary	pl_PL
palcach	dictionary	pl_PL
palnej	dictionary	pl_PL
paradoksalnie	dictionary	pl_PL
paragraf	dictionary	pl_PL
plotka	dictionary	pl_PL
podpisane	dictionary	pl_PL
pokojowej	dictionary	pl_PL
polach	dictionary	pl_PL
poległych	dictionary	pl_PL
poparciem	dictionary	pl_PL
porad	dictionary	pl_PL
porcie	dictionary	pl_PL
porto	dictionary	pl_PL
poród	dictionary	pl_PL
posiedzenia	dictionary	pl_PL
posłuchaj	dictionary	pl_PL
pot	dictionary	pl_PL
powstawania	dictionary	pl_PL
powtórzę	dictionary	pl_PL
pozbawiona	dictionary	pl_PL
poznanie	dictionary	pl_PL
poznasz	dictionary	pl_PL
pozwalające	dictionary	pl_PL
pozytywna	dictionary	pl_PL
projektant	dictionary	pl_PL
przedstawiający	dictionary	pl_PL
przeglądu	dictionary	pl_PL
przeniesienia	dictionary	pl_PL
przepisu	dictionary	pl_PL
przewaga	dictionary	pl_PL
przyjdź	dictionary	pl_PL
przyjmując	dictionary	pl_PL
przypisuje	dictionary	pl_PL
płot	dictionary	pl_PL
radiowe	dictionary	pl_PL
rejestrze	dictionary	pl_PL
religie	dictionary	pl_PL
religijna	dictionary	pl_PL
rozpaczy	dictionary	pl_PL
rozrywka	dictionary	pl_PL
rysunków	dictionary	pl_PL
rywala	dictionary	pl_PL
sezonów	dictionary	pl_PL
singlem	dictionary	pl_PL
siostrze	dictionary	pl_PL
skoków	dictionary	pl_PL
skuteczny	dictionary	pl_PL
skutkuje	dictionary	pl_PL
skłonności	dictionary	pl_PL
smród	dictionary	pl_PL
sowieckiej	dictionary	pl_PL
spadać	dictionary	pl_PL
spania	dictionary	pl_PL
specjalisty	dictionary	pl_PL
spokojne	dictionary	pl_PL
spotkasz	dictionary	pl_PL
sprawiła	dictionary	pl_PL
spółdzielni	dictionary	pl_PL
stanowiące	dictionary	pl_PL
starcia	dictionary	pl_PL
starszą	dictionary	pl_PL
stawkę	dictionary	pl_PL
stereotypy	dictionary	pl_PL
studiu	dictionary	pl_PL
stężenie	dictionary	pl_PL
szkoleń	dictionary	pl_PL
szokujące	dictionary	pl_PL
szóstej	dictionary	pl_PL
sława	dictionary	pl_PL
słuchają	dictionary	pl_PL
słyszeliśmy	dictionary	pl_PL
taxi	dictionary	pl_PL
terytorialnego	dictionary	pl_PL
tlen	dictionary	pl_PL
trawie	dictionary	pl_PL
trwałe	dictionary	pl_PL
trylogii	dictionary	pl_PL
trzydziestu	dictionary	pl_PL
trójkąt	dictionary	pl_PL
twierdzenia	dictionary	pl_PL
tychże	dictionary	pl_PL
tyłka	dictionary	pl_PL
tęcza	dictionary	pl_PL
tłumie	dictionary	pl_PL
ubiegać	dictionary	pl_PL
uczuciem	dictionary	pl_PL
ujęciu	dictionary	pl_PL
ukarać	dictionary	pl_PL
ulgi	dictionary	pl_PL
umiał	dictionary	pl_PL
unią	dictionary	pl_PL
uwzględnia	dictionary	pl_PL
uzasadnienia	dictionary	pl_PL
użytek	dictionary	pl_PL
wada	dictionary	pl_PL
walcz	dictionary	pl_PL
wpisie	dictionary	pl_PL
wstanie	dictionary	pl_PL
wybuchem	dictionary	pl_PL
wydajność	dictionary	pl_PL
wydarzyć	dictionary	pl_PL
wyjaśnień	dictionary	pl_PL
wykorzystany	dictionary	pl_PL
wykładów	dictionary	pl_PL
wypłatę	dictionary	pl_PL
wystarczające	dictionary	pl_PL
wyścigi	dictionary	pl_PL
wyśle	dictionary	pl_PL
węża	dictionary	pl_PL
właściwych	dictionary	pl_PL
zagłosować	dictionary	pl_PL
zainteresuje	dictionary	pl_PL
zakochana	dictionary	pl_PL
zakończyło	dictionary	pl_PL
zapisz	dictionary	pl_PL
zdecydowałam	dictionary	pl_PL
zestawieniu	dictionary	pl_PL
zginęły	dictionary	pl_PL
zmienione	dictionary	pl_PL
zostawiając	dictionary	pl_PL
zrozumiałeś	dictionary	pl_PL
ławce	dictionary	pl_PL
ścigania	dictionary	pl_PL
świece	dictionary	pl_PL
świąteczne	dictionary	pl_PL
świętą	dictionary	pl_PL
żeś	dictionary	pl_PL
żyj	dictionary	pl_PL
żąda	dictionary	pl_PL
administracyjny	dictionary	pl_PL
akcjach	dictionary	pl_PL
algorytm	dictionary	pl_PL
analiz	dictionary	pl_PL
awaria	dictionary	pl_PL
baron	dictionary	pl_PL
bezpiecznej	dictionary	pl_PL
białymi	dictionary	pl_PL
bicia	dictionary	pl_PL
biurko	dictionary	pl_PL
blokowanie	dictionary	pl_PL
boba	dictionary	pl_PL
boży	dictionary	pl_PL
bracie	dictionary	pl_PL
brałem	dictionary	pl_PL
brednie	dictionary	pl_PL
budka	dictionary	pl_PL
błotem	dictionary	pl_PL
carmen	dictionary	pl_PL
całkowitym	dictionary	pl_PL
chi	dictionary	pl_PL
chodniku	dictionary	pl_PL
chwalić	dictionary	pl_PL
chwały	dictionary	pl_PL
cicha	dictionary	pl_PL
ciągłego	dictionary	pl_PL
con	dictionary	pl_PL
cudzoziemców	dictionary	pl_PL
czerpać	dictionary	pl_PL
czerpie	dictionary	pl_PL
darmową	dictionary	pl_PL
deputowanych	dictionary	pl_PL
deski	dictionary	pl_PL
doda	dictionary	pl_PL
dolina	dictionary	pl_PL
dolnośląskie	dictionary	pl_PL
doradcy	dictionary	pl_PL
dorobek	dictionary	pl_PL
dostawca	dictionary	pl_PL
dostałeś	dictionary	pl_PL
dotarli	dictionary	pl_PL
dumnie	dictionary	pl_PL
dyktatury	dictionary	pl_PL
efektywnie	dictionary	pl_PL
efektywności	dictionary	pl_PL
eksperta	dictionary	pl_PL
eksportu	dictionary	pl_PL
elektorat	dictionary	pl_PL
etnicznych	dictionary	pl_PL
fa	dictionary	pl_PL
firmom	dictionary	pl_PL
formach	dictionary	pl_PL
genetycznie	dictionary	pl_PL
gospodarzem	dictionary	pl_PL
gołym	dictionary	pl_PL
górny	dictionary	pl_PL
głębokość	dictionary	pl_PL
hale	dictionary	pl_PL
han	dictionary	pl_PL
hejt	dictionary	pl_PL
hiszpańskim	dictionary	pl_PL
intelektualnej	dictionary	pl_PL
interwencja	dictionary	pl_PL
istotę	dictionary	pl_PL
kadencja	dictionary	pl_PL
kids	dictionary	pl_PL
kijów	dictionary	pl_PL
klimatycznych	dictionary	pl_PL
kluczowym	dictionary	pl_PL
komendanta	dictionary	pl_PL
konsekwencją	dictionary	pl_PL
koszta	dictionary	pl_PL
krainie	dictionary	pl_PL
kropki	dictionary	pl_PL
kryteriów	dictionary	pl_PL
krytyczne	dictionary	pl_PL
krytyką	dictionary	pl_PL
książkami	dictionary	pl_PL
kulturalnej	dictionary	pl_PL
literackiej	dictionary	pl_PL
lokali	dictionary	pl_PL
lubelskiego	dictionary	pl_PL
magazynów	dictionary	pl_PL
mającego	dictionary	pl_PL
mającym	dictionary	pl_PL
maska	dictionary	pl_PL
mass	dictionary	pl_PL
mechanik	dictionary	pl_PL
metalowe	dictionary	pl_PL
miałem	dictionary	pl_PL
mniejszość	dictionary	pl_PL
mocną	dictionary	pl_PL
myślami	dictionary	pl_PL
mężczyźnie	dictionary	pl_PL
młodsze	dictionary	pl_PL
nacjonalizm	dictionary	pl_PL
nadrobić	dictionary	pl_PL
największymi	dictionary	pl_PL
należały	dictionary	pl_PL
narusza	dictionary	pl_PL
nazwana	dictionary	pl_PL
niezbędna	dictionary	pl_PL
niezwykły	dictionary	pl_PL
niskiego	dictionary	pl_PL
normalni	dictionary	pl_PL
nota	dictionary	pl_PL
obiedzie	dictionary	pl_PL
obowiązują	dictionary	pl_PL
obraźliwe	dictionary	pl_PL
obronić	dictionary	pl_PL
obwodu	dictionary	pl_PL
odczytać	dictionary	pl_PL
oddaj	dictionary	pl_PL
odróżnić	dictionary	pl_PL
ogromnych	dictionary	pl_PL
ogórek	dictionary	pl_PL
olimpiady	dictionary	pl_PL
olimpijskiego	dictionary	pl_PL
operacyjnego	dictionary	pl_PL
opodatkowania	dictionary	pl_PL
orkiestra	dictionary	pl_PL
otwór	dictionary	pl_PL
owych	dictionary	pl_PL
paczek	dictionary	pl_PL
padła	dictionary	pl_PL
pasją	dictionary	pl_PL
pasować	dictionary	pl_PL
pedał	dictionary	pl_PL
perspektywa	dictionary	pl_PL
pewnymi	dictionary	pl_PL
pielęgniarka	dictionary	pl_PL
pierś	dictionary	pl_PL
pijesz	dictionary	pl_PL
piknik	dictionary	pl_PL
pisarze	dictionary	pl_PL
pił	dictionary	pl_PL
plaża	dictionary	pl_PL
pobić	dictionary	pl_PL
pobrania	dictionary	pl_PL
podejmują	dictionary	pl_PL
podmiotów	dictionary	pl_PL
podobni	dictionary	pl_PL
pomieszczenie	dictionary	pl_PL
popierać	dictionary	pl_PL
porównaj	dictionary	pl_PL
posiadasz	dictionary	pl_PL
posterunek	dictionary	pl_PL
potraw	dictionary	pl_PL
powitanie	dictionary	pl_PL
pozorom	dictionary	pl_PL
połączona	dictionary	pl_PL
pożegnać	dictionary	pl_PL
presją	dictionary	pl_PL
prowadzili	dictionary	pl_PL
przypuszczam	dictionary	pl_PL
pytaniami	dictionary	pl_PL
pytałem	dictionary	pl_PL
płytki	dictionary	pl_PL
rade	dictionary	pl_PL
rajd	dictionary	pl_PL
ramion	dictionary	pl_PL
realnej	dictionary	pl_PL
robotnicy	dictionary	pl_PL
rolnictwie	dictionary	pl_PL
roweru	dictionary	pl_PL
rozsądne	dictionary	pl_PL
rzeczywistych	dictionary	pl_PL
security	dictionary	pl_PL
sedno	dictionary	pl_PL
single	dictionary	pl_PL
skarby	dictionary	pl_PL
skarpetki	dictionary	pl_PL
składek	dictionary	pl_PL
slow	dictionary	pl_PL
sojuszników	dictionary	pl_PL
sowieckich	dictionary	pl_PL
spaghetti	dictionary	pl_PL
spotykać	dictionary	pl_PL
społeczeństwem	dictionary	pl_PL
stacjach	dictionary	pl_PL
strzelają	dictionary	pl_PL
swobodę	dictionary	pl_PL
swój	dictionary	pl_PL
szalone	dictionary	pl_PL
szczerzy	dictionary	pl_PL
szczątki	dictionary	pl_PL
szeregi	dictionary	pl_PL
szybkich	dictionary	pl_PL
sądziłem	dictionary	pl_PL
słownika	dictionary	pl_PL
słyszą	dictionary	pl_PL
tabletek	dictionary	pl_PL
tablic	dictionary	pl_PL
tacie	dictionary	pl_PL
tango	dictionary	pl_PL
tarczy	dictionary	pl_PL
tech	dictionary	pl_PL
technologią	dictionary	pl_PL
terminów	dictionary	pl_PL
testamentu	dictionary	pl_PL
towarzyszu	dictionary	pl_PL
trenerów	dictionary	pl_PL
troszeczkę	dictionary	pl_PL
trójkę	dictionary	pl_PL
tymczasowego	dictionary	pl_PL
ubierać	dictionary	pl_PL
uczelniach	dictionary	pl_PL
uczestniczą	dictionary	pl_PL
ukradli	dictionary	pl_PL
uruchomienie	dictionary	pl_PL
ustalenie	dictionary	pl_PL
utrzymywał	dictionary	pl_PL
wartością	dictionary	pl_PL
wasi	dictionary	pl_PL
weselu	dictionary	pl_PL
widoki	dictionary	pl_PL
wilka	dictionary	pl_PL
wojewódzki	dictionary	pl_PL
województw	dictionary	pl_PL
wolni	dictionary	pl_PL
wpierdol	dictionary	pl_PL
wpłynęło	dictionary	pl_PL
wręczenia	dictionary	pl_PL
wyciąć	dictionary	pl_PL
wycofanie	dictionary	pl_PL
wykonała	dictionary	pl_PL
wypełnia	dictionary	pl_PL
wyrwać	dictionary	pl_PL
wyrzuca	dictionary	pl_PL
wzajemnej	dictionary	pl_PL
władzami	dictionary	pl_PL
zabieram	dictionary	pl_PL
zablokował	dictionary	pl_PL
zachodem	dictionary	pl_PL
zajmuję	dictionary	pl_PL
zajęci	dictionary	pl_PL
zakochany	dictionary	pl_PL
zaplanowano	dictionary	pl_PL
zarządzać	dictionary	pl_PL
zaskakująco	dictionary	pl_PL
zaskoczenia	dictionary	pl_PL
zatwierdzony	dictionary	pl_PL
zbiorniki	dictionary	pl_PL
zbudował	dictionary	pl_PL
zdarzało	dictionary	pl_PL
zdradza	dictionary	pl_PL
zeszłej	dictionary	pl_PL
zgromadzonych	dictionary	pl_PL
znaczących	dictionary	pl_PL
znakomity	dictionary	pl_PL
znosi	dictionary	pl_PL
zróżnicowane	dictionary	pl_PL
zwrotów	dictionary	pl_PL
złodzieja	dictionary	pl_PL
łamania	dictionary	pl_PL
łap	dictionary	pl_PL
śmiechem	dictionary	pl_PL
śpiewu	dictionary	pl_PL
żałuje	dictionary	pl_PL
acta	dictionary	pl_PL
ag	dictionary	pl_PL
anioły	dictionary	pl_PL
aniołów	dictionary	pl_PL
apteki	dictionary	pl_PL
arabskiego	dictionary	pl_PL
autorką	dictionary	pl_PL
będą	dictionary	pl_PL
bezpieczniej	dictionary	pl_PL
bieżących	dictionary	pl_PL
bobby	dictionary	pl_PL
bratu	dictionary	pl_PL
bridge	dictionary	pl_PL
brzmieć	dictionary	pl_PL
burdel	dictionary	pl_PL
carol	dictionary	pl_PL
cechuje	dictionary	pl_PL
ceremonia	dictionary	pl_PL
che	dictionary	pl_PL
chujowa	dictionary	pl_PL
ciut	dictionary	pl_PL
czekanie	dictionary	pl_PL
częstotliwość	dictionary	pl_PL
debile	dictionary	pl_PL
deficyt	dictionary	pl_PL
definicje	dictionary	pl_PL
delikatne	dictionary	pl_PL
dobór	dictionary	pl_PL
dokonane	dictionary	pl_PL
dopasowanie	dictionary	pl_PL
dotyczącego	dictionary	pl_PL
drogowych	dictionary	pl_PL
dziejach	dictionary	pl_PL
dzielenia	dictionary	pl_PL
ekstraklasy	dictionary	pl_PL
epidemii	dictionary	pl_PL
fabryk	dictionary	pl_PL
fabułę	dictionary	pl_PL
fantastyczny	dictionary	pl_PL
federalnej	dictionary	pl_PL
filtrów	dictionary	pl_PL
frakcji	dictionary	pl_PL
francusku	dictionary	pl_PL
globalnej	dictionary	pl_PL
globalnym	dictionary	pl_PL
gotowania	dictionary	pl_PL
gotowość	dictionary	pl_PL
groby	dictionary	pl_PL
gruntu	dictionary	pl_PL
górnicy	dictionary	pl_PL
indyjski	dictionary	pl_PL
instalacja	dictionary	pl_PL
inteligencja	dictionary	pl_PL
interesujących	dictionary	pl_PL
kazania	dictionary	pl_PL
kent	dictionary	pl_PL
kierują	dictionary	pl_PL
kin	dictionary	pl_PL
koalicję	dictionary	pl_PL
kole	dictionary	pl_PL
kolegom	dictionary	pl_PL
komiksu	dictionary	pl_PL
komisją	dictionary	pl_PL
komórkowych	dictionary	pl_PL
konflikcie	dictionary	pl_PL
konkursach	dictionary	pl_PL
konstrukcję	dictionary	pl_PL
kontrowersji	dictionary	pl_PL
którymś	dictionary	pl_PL
kukurydzy	dictionary	pl_PL
kwadratowych	dictionary	pl_PL
kółka	dictionary	pl_PL
laty	dictionary	pl_PL
law	dictionary	pl_PL
lektor	dictionary	pl_PL
lesbijki	dictionary	pl_PL
lewicowych	dictionary	pl_PL
leżące	dictionary	pl_PL
mangi	dictionary	pl_PL
metrze	dictionary	pl_PL
miliard	dictionary	pl_PL
ministrowie	dictionary	pl_PL
misje	dictionary	pl_PL
miłym	dictionary	pl_PL
morska	dictionary	pl_PL
muzycznym	dictionary	pl_PL
młodszego	dictionary	pl_PL
najmniejszy	dictionary	pl_PL
najmocniej	dictionary	pl_PL
naleśniki	dictionary	pl_PL
nastawiony	dictionary	pl_PL
następcy	dictionary	pl_PL
nauczę	dictionary	pl_PL
nerki	dictionary	pl_PL
niebezpiecznie	dictionary	pl_PL
niedobór	dictionary	pl_PL
nieprzyjemne	dictionary	pl_PL
niewłaściwe	dictionary	pl_PL
odnoszę	dictionary	pl_PL
odwiedzających	dictionary	pl_PL
ogarniam	dictionary	pl_PL
oglądaj	dictionary	pl_PL
oglądałam	dictionary	pl_PL
określają	dictionary	pl_PL
okręg	dictionary	pl_PL
operatorów	dictionary	pl_PL
organizacjach	dictionary	pl_PL
organizacyjne	dictionary	pl_PL
ostrym	dictionary	pl_PL
otacza	dictionary	pl_PL
otrzymasz	dictionary	pl_PL
pat	dictionary	pl_PL
perspektyw	dictionary	pl_PL
pełnić	dictionary	pl_PL
pieca	dictionary	pl_PL
piece	dictionary	pl_PL
pieniądza	dictionary	pl_PL
pierwszeństwo	dictionary	pl_PL
pierwszymi	dictionary	pl_PL
pisarzem	dictionary	pl_PL
plakatów	dictionary	pl_PL
plażę	dictionary	pl_PL
podejmie	dictionary	pl_PL
pogoni	dictionary	pl_PL
pogoń	dictionary	pl_PL
popracować	dictionary	pl_PL
porażką	dictionary	pl_PL
porwał	dictionary	pl_PL
porównuje	dictionary	pl_PL
posiedzeniu	dictionary	pl_PL
postarać	dictionary	pl_PL
poszliśmy	dictionary	pl_PL
powiązany	dictionary	pl_PL
powstrzymuje	dictionary	pl_PL
pozwalając	dictionary	pl_PL
prasowy	dictionary	pl_PL
prawe	dictionary	pl_PL
procedurę	dictionary	pl_PL
programista	dictionary	pl_PL
programowanie	dictionary	pl_PL
przeczytam	dictionary	pl_PL
przedstawiające	dictionary	pl_PL
przegra	dictionary	pl_PL
przekazywania	dictionary	pl_PL
przepraszamy	dictionary	pl_PL
przepraszać	dictionary	pl_PL
przerażona	dictionary	pl_PL
przetwarzania	dictionary	pl_PL
przeznaczyć	dictionary	pl_PL
próbek	dictionary	pl_PL
próbuj	dictionary	pl_PL
psychicznego	dictionary	pl_PL
pójście	dictionary	pl_PL
rachunków	dictionary	pl_PL
radiowej	dictionary	pl_PL
ratowania	dictionary	pl_PL
rekrutacji	dictionary	pl_PL
robocie	dictionary	pl_PL
robót	dictionary	pl_PL
rodzinom	dictionary	pl_PL
romantyczne	dictionary	pl_PL
rozporządzenia	dictionary	pl_PL
rynkach	dictionary	pl_PL
rytmu	dictionary	pl_PL
rzeczywiste	dictionary	pl_PL
rękawiczki	dictionary	pl_PL
scenariusze	dictionary	pl_PL
senior	dictionary	pl_PL
software	dictionary	pl_PL
son	dictionary	pl_PL
spalony	dictionary	pl_PL
spider	dictionary	pl_PL
sprzedażą	dictionary	pl_PL
sprzątania	dictionary	pl_PL
stojąc	dictionary	pl_PL
straciło	dictionary	pl_PL
stracony	dictionary	pl_PL
sugestie	dictionary	pl_PL
support	dictionary	pl_PL
sweter	dictionary	pl_PL
sygnałów	dictionary	pl_PL
sympatii	dictionary	pl_PL
szklanki	dictionary	pl_PL
szukali	dictionary	pl_PL
słodyczy	dictionary	pl_PL
technologicznych	dictionary	pl_PL
tendencję	dictionary	pl_PL
tenisa	dictionary	pl_PL
terror	dictionary	pl_PL
towarzyskie	dictionary	pl_PL
trawy	dictionary	pl_PL
uczciwy	dictionary	pl_PL
uczymy	dictionary	pl_PL
udzielać	dictionary	pl_PL
uprawnionych	dictionary	pl_PL
usunięto	dictionary	pl_PL
utrzymaniu	dictionary	pl_PL
utrzymywanie	dictionary	pl_PL
użyj	dictionary	pl_PL
vice	dictionary	pl_PL
walizki	dictionary	pl_PL
wang	dictionary	pl_PL
wanna	dictionary	pl_PL
warstwa	dictionary	pl_PL
warunkami	dictionary	pl_PL
wchodził	dictionary	pl_PL
wejdę	dictionary	pl_PL
wiarą	dictionary	pl_PL
widowni	dictionary	pl_PL
wieje	dictionary	pl_PL
windy	dictionary	pl_PL
wirusem	dictionary	pl_PL
witryny	dictionary	pl_PL
wnosi	dictionary	pl_PL
wo	dictionary	pl_PL
wodza	dictionary	pl_PL
wprowadzając	dictionary	pl_PL
wspaniałej	dictionary	pl_PL
wspierający	dictionary	pl_PL
wybaczyć	dictionary	pl_PL
wybrano	dictionary	pl_PL
wygłosił	dictionary	pl_PL
wytrzyma	dictionary	pl_PL
wytyczne	dictionary	pl_PL
wzrośnie	dictionary	pl_PL
własnoręcznie	dictionary	pl_PL
włos	dictionary	pl_PL
włączony	dictionary	pl_PL
zabierzcie	dictionary	pl_PL
zabiorą	dictionary	pl_PL
zajrzyj	dictionary	pl_PL
zamierzają	dictionary	pl_PL
zareagował	dictionary	pl_PL
zastosowaniu	dictionary	pl_PL
zawarta	dictionary	pl_PL
zdolni	dictionary	pl_PL
zdziwiony	dictionary	pl_PL
zgaduję	dictionary	pl_PL
zginie	dictionary	pl_PL
zgodny	dictionary	pl_PL
zgłoszeń	dictionary	pl_PL
zostawili	dictionary	pl_PL
zostawiła	dictionary	pl_PL
zrealizowany	dictionary	pl_PL
śliczny	dictionary	pl_PL
śląski	dictionary	pl_PL
śpisz	dictionary	pl_PL
środkowego	dictionary	pl_PL
środowiskach	dictionary	pl_PL
świetnych	dictionary	pl_PL
życzeń	dictionary	pl_PL
żądać	dictionary	pl_PL
adopcji	dictionary	pl_PL
akcie	dictionary	pl_PL
akta	dictionary	pl_PL
aktualnych	dictionary	pl_PL
alternatywne	dictionary	pl_PL
ambicje	dictionary	pl_PL
anonimowy	dictionary	pl_PL
bandytów	dictionary	pl_PL
beczki	dictionary	pl_PL
bieżącego	dictionary	pl_PL
biorących	dictionary	pl_PL
biurem	dictionary	pl_PL
boskie	dictionary	pl_PL
boską	dictionary	pl_PL
budzić	dictionary	pl_PL
byłoby	dictionary	pl_PL
błyskawicznie	dictionary	pl_PL
castro	dictionary	pl_PL
cegły	dictionary	pl_PL
celowe	dictionary	pl_PL
centymetrów	dictionary	pl_PL
chrztu	dictionary	pl_PL
ciastko	dictionary	pl_PL
ciekawsze	dictionary	pl_PL
ciemna	dictionary	pl_PL
ciesze	dictionary	pl_PL
corocznie	dictionary	pl_PL
cyrku	dictionary	pl_PL
cywilów	dictionary	pl_PL
czekania	dictionary	pl_PL
córek	dictionary	pl_PL
dat	dictionary	pl_PL
diamenty	dictionary	pl_PL
dietę	dictionary	pl_PL
docenia	dictionary	pl_PL
dokończyć	dictionary	pl_PL
dorosła	dictionary	pl_PL
doszedłem	dictionary	pl_PL
drastycznie	dictionary	pl_PL
dumę	dictionary	pl_PL
dystrybucja	dictionary	pl_PL
dzielenie	dictionary	pl_PL
elita	dictionary	pl_PL
ewolucja	dictionary	pl_PL
fantazji	dictionary	pl_PL
fascynujące	dictionary	pl_PL
finansowane	dictionary	pl_PL
funkcją	dictionary	pl_PL
gadają	dictionary	pl_PL
galaktyki	dictionary	pl_PL
gay	dictionary	pl_PL
gospodarza	dictionary	pl_PL
grubości	dictionary	pl_PL
górna	dictionary	pl_PL
gębę	dictionary	pl_PL
głownie	dictionary	pl_PL
hajsu	dictionary	pl_PL
jebana	dictionary	pl_PL
kandydaturę	dictionary	pl_PL
kierownictwo	dictionary	pl_PL
kierunków	dictionary	pl_PL
kijem	dictionary	pl_PL
kijowski	dictionary	pl_PL
klip	dictionary	pl_PL
kobiecej	dictionary	pl_PL
kolumna	dictionary	pl_PL
koncern	dictionary	pl_PL
kosztach	dictionary	pl_PL
końcowe	dictionary	pl_PL
kręgosłup	dictionary	pl_PL
któraś	dictionary	pl_PL
kule	dictionary	pl_PL
lecimy	dictionary	pl_PL
lokalizację	dictionary	pl_PL
losem	dictionary	pl_PL
lotniczej	dictionary	pl_PL
majtki	dictionary	pl_PL
maści	dictionary	pl_PL
miejscowe	dictionary	pl_PL
migrantów	dictionary	pl_PL
miłosierdzie	dictionary	pl_PL
modlę	dictionary	pl_PL
motto	dictionary	pl_PL
motywem	dictionary	pl_PL
mówią	dictionary	pl_PL
moście	dictionary	pl_PL
możliwym	dictionary	pl_PL
musiałbym	dictionary	pl_PL
myć	dictionary	pl_PL
nada	dictionary	pl_PL
nadzorczej	dictionary	pl_PL
najmniejszego	dictionary	pl_PL
najstarszy	dictionary	pl_PL
nakazu	dictionary	pl_PL
napojów	dictionary	pl_PL
narodowo	dictionary	pl_PL
nasuwa	dictionary	pl_PL
naszyjnik	dictionary	pl_PL
nauczysz	dictionary	pl_PL
nerek	dictionary	pl_PL
nerwowy	dictionary	pl_PL
nieliczne	dictionary	pl_PL
nieprawidłowości	dictionary	pl_PL
niewygodne	dictionary	pl_PL
niezależnej	dictionary	pl_PL
niezwykła	dictionary	pl_PL
niezwykłą	dictionary	pl_PL
nudzi	dictionary	pl_PL
obecnością	dictionary	pl_PL
oczyszczania	dictionary	pl_PL
odbudować	dictionary	pl_PL
odtąd	dictionary	pl_PL
odwaga	dictionary	pl_PL
ofiarom	dictionary	pl_PL
ognisko	dictionary	pl_PL
okręgowy	dictionary	pl_PL
opadają	dictionary	pl_PL
opóźnienie	dictionary	pl_PL
organizmie	dictionary	pl_PL
organizowanie	dictionary	pl_PL
oskarżonego	dictionary	pl_PL
ostrożności	dictionary	pl_PL
pieprzony	dictionary	pl_PL
pierścionek	dictionary	pl_PL
piątego	dictionary	pl_PL
piękności	dictionary	pl_PL
pochodząca	dictionary	pl_PL
podanych	dictionary	pl_PL
podpisuje	dictionary	pl_PL
podzielony	dictionary	pl_PL
poetów	dictionary	pl_PL
pokazały	dictionary	pl_PL
pokazując	dictionary	pl_PL
pomylić	dictionary	pl_PL
portfela	dictionary	pl_PL
poruszania	dictionary	pl_PL
postaciami	dictionary	pl_PL
posterunku	dictionary	pl_PL
postępuje	dictionary	pl_PL
potajemnie	dictionary	pl_PL
powiązanych	dictionary	pl_PL
poznaliśmy	dictionary	pl_PL
poznamy	dictionary	pl_PL
pozostaną	dictionary	pl_PL
położonym	dictionary	pl_PL
połączonych	dictionary	pl_PL
pożywienia	dictionary	pl_PL
prezentowane	dictionary	pl_PL
promocje	dictionary	pl_PL
proteście	dictionary	pl_PL
przedstawieniu	dictionary	pl_PL
przekazany	dictionary	pl_PL
przepiękne	dictionary	pl_PL
przestały	dictionary	pl_PL
przygotowują	dictionary	pl_PL
przyjęciem	dictionary	pl_PL
przykrywką	dictionary	pl_PL
przytomność	dictionary	pl_PL
przyznają	dictionary	pl_PL
radziecki	dictionary	pl_PL
ratunek	dictionary	pl_PL
reality	dictionary	pl_PL
rejs	dictionary	pl_PL
religią	dictionary	pl_PL
reprezentant	dictionary	pl_PL
robią	dictionary	pl_PL
rodzinna	dictionary	pl_PL
rolnej	dictionary	pl_PL
różnej	dictionary	pl_PL
samochodami	dictionary	pl_PL
sercach	dictionary	pl_PL
sfery	dictionary	pl_PL
skale	dictionary	pl_PL
sorki	dictionary	pl_PL
spotkały	dictionary	pl_PL
spowodowana	dictionary	pl_PL
społeczeństwu	dictionary	pl_PL
sprawiedliwy	dictionary	pl_PL
spędzają	dictionary	pl_PL
srebrne	dictionary	pl_PL
starali	dictionary	pl_PL
starciu	dictionary	pl_PL
starożytnej	dictionary	pl_PL
stawu	dictionary	pl_PL
studentem	dictionary	pl_PL
sukcesie	dictionary	pl_PL
sur	dictionary	pl_PL
sushi	dictionary	pl_PL
szanują	dictionary	pl_PL
szczególnego	dictionary	pl_PL
szczytem	dictionary	pl_PL
słuszna	dictionary	pl_PL
słysząc	dictionary	pl_PL
tolerować	dictionary	pl_PL
tracisz	dictionary	pl_PL
tramwaje	dictionary	pl_PL
trudnego	dictionary	pl_PL
trudu	dictionary	pl_PL
trzecich	dictionary	pl_PL
trzymali	dictionary	pl_PL
turystyczny	dictionary	pl_PL
tworzących	dictionary	pl_PL
tymczasowy	dictionary	pl_PL
uczestniczyli	dictionary	pl_PL
udanego	dictionary	pl_PL
udawał	dictionary	pl_PL
uderzyła	dictionary	pl_PL
udziale	dictionary	pl_PL
umieszcza	dictionary	pl_PL
upadnie	dictionary	pl_PL
upraw	dictionary	pl_PL
urodziłam	dictionary	pl_PL
ustanowienia	dictionary	pl_PL
uszach	dictionary	pl_PL
usługach	dictionary	pl_PL
uzyskane	dictionary	pl_PL
wierzących	dictionary	pl_PL
wizje	dictionary	pl_PL
więźnia	dictionary	pl_PL
wjazd	dictionary	pl_PL
wnętrz	dictionary	pl_PL
wspierał	dictionary	pl_PL
wybuchł	dictionary	pl_PL
wydajności	dictionary	pl_PL
wykorzystywana	dictionary	pl_PL
wysłane	dictionary	pl_PL
wywołał	dictionary	pl_PL
wywołało	dictionary	pl_PL
wywołują	dictionary	pl_PL
wzajemne	dictionary	pl_PL
wódka	dictionary	pl_PL
zabytki	dictionary	pl_PL
zajebista	dictionary	pl_PL
zając	dictionary	pl_PL
zajść	dictionary	pl_PL
zaletą	dictionary	pl_PL
zależność	dictionary	pl_PL
zaoszczędzić	dictionary	pl_PL
zawierał	dictionary	pl_PL
zazdrości	dictionary	pl_PL
zdecydowaliśmy	dictionary	pl_PL
zdradził	dictionary	pl_PL
zdrowym	dictionary	pl_PL
zgodzili	dictionary	pl_PL
zgonów	dictionary	pl_PL
zgłasza	dictionary	pl_PL
ziarno	dictionary	pl_PL
zielono	dictionary	pl_PL
zlikwidować	dictionary	pl_PL
zmienisz	dictionary	pl_PL
zrozumiała	dictionary	pl_PL
zrozumiem	dictionary	pl_PL
złotem	dictionary	pl_PL
złoży	dictionary	pl_PL
łączenia	dictionary	pl_PL
śladu	dictionary	pl_PL
ślicznie	dictionary	pl_PL
śląskim	dictionary	pl_PL
śmieszna	dictionary	pl_PL
śpiewają	dictionary	pl_PL
śpij	dictionary	pl_PL
świadoma	dictionary	pl_PL
żegnaj	dictionary	pl_PL
żenujące	dictionary	pl_PL
aborcję	dictionary	pl_PL
ambicji	dictionary	pl_PL
arabskiej	dictionary	pl_PL
arena	dictionary	pl_PL
automat	dictionary	pl_PL
bezpośrednią	dictionary	pl_PL
biznesowe	dictionary	pl_PL
blogi	dictionary	pl_PL
bogato	dictionary	pl_PL
bogatą	dictionary	pl_PL
bogdan	dictionary	pl_PL
boleć	dictionary	pl_PL
brzydki	dictionary	pl_PL
błoto	dictionary	pl_PL
całemu	dictionary	pl_PL
całować	dictionary	pl_PL
ciężkiego	dictionary	pl_PL
cywilny	dictionary	pl_PL
czasowo	dictionary	pl_PL
czuli	dictionary	pl_PL
czwartą	dictionary	pl_PL
czyje	dictionary	pl_PL
córce	dictionary	pl_PL
dawki	dictionary	pl_PL
dałeś	dictionary	pl_PL
dekadę	dictionary	pl_PL
demokratycznym	dictionary	pl_PL
dofinansowania	dictionary	pl_PL
dolary	dictionary	pl_PL
dostaw	dictionary	pl_PL
drzewach	dictionary	pl_PL
dusz	dictionary	pl_PL
dziennym	dictionary	pl_PL
dziwo	dictionary	pl_PL
dźwięków	dictionary	pl_PL
edukacyjny	dictionary	pl_PL
ekologii	dictionary	pl_PL
elektrycznym	dictionary	pl_PL
emeryturze	dictionary	pl_PL
emocjami	dictionary	pl_PL
epizod	dictionary	pl_PL
fenomen	dictionary	pl_PL
figura	dictionary	pl_PL
fotografa	dictionary	pl_PL
froncie	dictionary	pl_PL
godna	dictionary	pl_PL
grono	dictionary	pl_PL
gwałtów	dictionary	pl_PL
górski	dictionary	pl_PL
głosowało	dictionary	pl_PL
głębokim	dictionary	pl_PL
head	dictionary	pl_PL
hitem	dictionary	pl_PL
informacyjnego	dictionary	pl_PL
izraelski	dictionary	pl_PL
kalibru	dictionary	pl_PL
klasyczna	dictionary	pl_PL
klubach	dictionary	pl_PL
kombinacji	dictionary	pl_PL
kontrakty	dictionary	pl_PL
korespondencji	dictionary	pl_PL
korytarz	dictionary	pl_PL
kotka	dictionary	pl_PL
kradnie	dictionary	pl_PL
kradną	dictionary	pl_PL
krytycy	dictionary	pl_PL
kulą	dictionary	pl_PL
lalki	dictionary	pl_PL
lego	dictionary	pl_PL
leśnych	dictionary	pl_PL
liderzy	dictionary	pl_PL
linku	dictionary	pl_PL
lodów	dictionary	pl_PL
malutki	dictionary	pl_PL
manipulacja	dictionary	pl_PL
maturze	dictionary	pl_PL
mego	dictionary	pl_PL
mentalnie	dictionary	pl_PL
minimalną	dictionary	pl_PL
mocnych	dictionary	pl_PL
moralność	dictionary	pl_PL
męskiego	dictionary	pl_PL
naczelnika	dictionary	pl_PL
najbogatszych	dictionary	pl_PL
nakłada	dictionary	pl_PL
napaść	dictionary	pl_PL
napraw	dictionary	pl_PL
narzekam	dictionary	pl_PL
nazwała	dictionary	pl_PL
niedopuszczalne	dictionary	pl_PL
nowoczesnego	dictionary	pl_PL
obniżenia	dictionary	pl_PL
obrady	dictionary	pl_PL
obrażanie	dictionary	pl_PL
obsada	dictionary	pl_PL
obserwują	dictionary	pl_PL
oceniam	dictionary	pl_PL
odbiorcy	dictionary	pl_PL
odmian	dictionary	pl_PL
odmowy	dictionary	pl_PL
odzyskanie	dictionary	pl_PL
ograniczać	dictionary	pl_PL
ograniczoną	dictionary	pl_PL
operacyjny	dictionary	pl_PL
opery	dictionary	pl_PL
opierają	dictionary	pl_PL
opozycją	dictionary	pl_PL
opublikowała	dictionary	pl_PL
order	dictionary	pl_PL
ordynacji	dictionary	pl_PL
orkiestry	dictionary	pl_PL
osobowy	dictionary	pl_PL
oznaczone	dictionary	pl_PL
pamiątkę	dictionary	pl_PL
parametry	dictionary	pl_PL
parków	dictionary	pl_PL
patriotyzmu	dictionary	pl_PL
pensję	dictionary	pl_PL
pierdolone	dictionary	pl_PL
piw	dictionary	pl_PL
piąta	dictionary	pl_PL
piątka	dictionary	pl_PL
piłkarza	dictionary	pl_PL
plamy	dictionary	pl_PL
poddał	dictionary	pl_PL
podekscytowany	dictionary	pl_PL
podmioty	dictionary	pl_PL
podpowiada	dictionary	pl_PL
poprzeć	dictionary	pl_PL
porzucić	dictionary	pl_PL
potok	dictionary	pl_PL
potwora	dictionary	pl_PL
powietrzne	dictionary	pl_PL
powróci	dictionary	pl_PL
powtórzy	dictionary	pl_PL
pozna	dictionary	pl_PL
pozostawić	dictionary	pl_PL
pozwoliły	dictionary	pl_PL
położeniu	dictionary	pl_PL
położonego	dictionary	pl_PL
prasowe	dictionary	pl_PL
prezydentów	dictionary	pl_PL
przedsięwzięć	dictionary	pl_PL
przekroczyła	dictionary	pl_PL
przepaść	dictionary	pl_PL
przeprosin	dictionary	pl_PL
przełożyć	dictionary	pl_PL
prześladowania	dictionary	pl_PL
przygodę	dictionary	pl_PL
przyjęło	dictionary	pl_PL
przyszedłem	dictionary	pl_PL
przywilejów	dictionary	pl_PL
półtorej	dictionary	pl_PL
płaczą	dictionary	pl_PL
radiowy	dictionary	pl_PL
radykalnych	dictionary	pl_PL
rankiem	dictionary	pl_PL
rasistowskie	dictionary	pl_PL
realnym	dictionary	pl_PL
rezerwatu	dictionary	pl_PL
robiłaś	dictionary	pl_PL
robiło	dictionary	pl_PL
rowery	dictionary	pl_PL
rozczarowanie	dictionary	pl_PL
rozwiązuje	dictionary	pl_PL
rynkiem	dictionary	pl_PL
semestr	dictionary	pl_PL
senacie	dictionary	pl_PL
serbskiej	dictionary	pl_PL
siatki	dictionary	pl_PL
silniejszy	dictionary	pl_PL
silva	dictionary	pl_PL
socjalistów	dictionary	pl_PL
socjalizmu	dictionary	pl_PL
soku	dictionary	pl_PL
spadło	dictionary	pl_PL
spokojnego	dictionary	pl_PL
sportowa	dictionary	pl_PL
sprawiać	dictionary	pl_PL
sprawowania	dictionary	pl_PL
sprostać	dictionary	pl_PL
stabilność	dictionary	pl_PL
stoisz	dictionary	pl_PL
stosując	dictionary	pl_PL
strażników	dictionary	pl_PL
stworzono	dictionary	pl_PL
symbolu	dictionary	pl_PL
szczęściem	dictionary	pl_PL
szefów	dictionary	pl_PL
sąsiadami	dictionary	pl_PL
słowniku	dictionary	pl_PL
taksówki	dictionary	pl_PL
techniką	dictionary	pl_PL
teledyski	dictionary	pl_PL
tempa	dictionary	pl_PL
teorią	dictionary	pl_PL
towarzysz	dictionary	pl_PL
towarzyszyć	dictionary	pl_PL
trafisz	dictionary	pl_PL
tragiczny	dictionary	pl_PL
twardo	dictionary	pl_PL
tweecie	dictionary	pl_PL
twierdzić	dictionary	pl_PL
tylnej	dictionary	pl_PL
tłuszcz	dictionary	pl_PL
uchwałą	dictionary	pl_PL
uchwałę	dictionary	pl_PL
ucieczce	dictionary	pl_PL
uczyłem	dictionary	pl_PL
udzielenia	dictionary	pl_PL
ugrupowań	dictionary	pl_PL
ukazały	dictionary	pl_PL
urodzi	dictionary	pl_PL
urodziłem	dictionary	pl_PL
urzędnika	dictionary	pl_PL
ustaleń	dictionary	pl_PL
ustrój	dictionary	pl_PL
usuwania	dictionary	pl_PL
uzależniona	dictionary	pl_PL
uzbrojony	dictionary	pl_PL
walking	dictionary	pl_PL
wcisnąć	dictionary	pl_PL
wesela	dictionary	pl_PL
wiarygodności	dictionary	pl_PL
widmo	dictionary	pl_PL
wnuki	dictionary	pl_PL
wodnego	dictionary	pl_PL
worka	dictionary	pl_PL
wrzucił	dictionary	pl_PL
wybraliśmy	dictionary	pl_PL
wydawania	dictionary	pl_PL
wygrywają	dictionary	pl_PL
wyjechali	dictionary	pl_PL
wyjątkowych	dictionary	pl_PL
wynikało	dictionary	pl_PL
wyposażona	dictionary	pl_PL
wyroby	dictionary	pl_PL
wysłuchać	dictionary	pl_PL
wyłączenie	dictionary	pl_PL
wzięte	dictionary	pl_PL
węgierskiej	dictionary	pl_PL
zagadka	dictionary	pl_PL
zainteresowane	dictionary	pl_PL
zainteresował	dictionary	pl_PL
zależeć	dictionary	pl_PL
zamieszczone	dictionary	pl_PL
zarejestrowane	dictionary	pl_PL
zarzutem	dictionary	pl_PL
zaskoczyć	dictionary	pl_PL
zawiadomienie	dictionary	pl_PL
zdałem	dictionary	pl_PL
zdjęcie	dictionary	pl_PL
zmuszona	dictionary	pl_PL
zniszczeń	dictionary	pl_PL
zrealizowane	dictionary	pl_PL
zrobił	dictionary	pl_PL
związani	dictionary	pl_PL
zwiększy	dictionary	pl_PL
złóż	dictionary	pl_PL
łączność	dictionary	pl_PL
ścieków	dictionary	pl_PL
ścigać	dictionary	pl_PL
śląskich	dictionary	pl_PL
adaptacji	dictionary	pl_PL
agencję	dictionary	pl_PL
anteny	dictionary	pl_PL
arcybiskupa	dictionary	pl_PL
artystki	dictionary	pl_PL
aspekcie	dictionary	pl_PL
atrakcją	dictionary	pl_PL
bakterie	dictionary	pl_PL
bakterii	dictionary	pl_PL
bawił	dictionary	pl_PL
bałem	dictionary	pl_PL
blokada	dictionary	pl_PL
boczne	dictionary	pl_PL
bohaterki	dictionary	pl_PL
boimy	dictionary	pl_PL
bus	dictionary	pl_PL
butelka	dictionary	pl_PL
chemicznego	dictionary	pl_PL
chirurgii	dictionary	pl_PL
choinkę	dictionary	pl_PL
chętni	dictionary	pl_PL
ciche	dictionary	pl_PL
cienie	dictionary	pl_PL
cioci	dictionary	pl_PL
czołg	dictionary	pl_PL
dawało	dictionary	pl_PL
deputowany	dictionary	pl_PL
dokładny	dictionary	pl_PL
dolna	dictionary	pl_PL
dostały	dictionary	pl_PL
dotyczyła	dictionary	pl_PL
dotykać	dictionary	pl_PL
drzewie	dictionary	pl_PL
duchowe	dictionary	pl_PL
duchów	dictionary	pl_PL
dwieście	dictionary	pl_PL
dyrektorów	dictionary	pl_PL
działały	dictionary	pl_PL
dążenie	dictionary	pl_PL
dłuższym	dictionary	pl_PL
falę	dictionary	pl_PL
fiat	dictionary	pl_PL
future	dictionary	pl_PL
geny	dictionary	pl_PL
gloria	dictionary	pl_PL
grający	dictionary	pl_PL
gratulujemy	dictionary	pl_PL
grosz	dictionary	pl_PL
groźba	dictionary	pl_PL
guru	dictionary	pl_PL
gwardii	dictionary	pl_PL
głupotę	dictionary	pl_PL
handlową	dictionary	pl_PL
has	dictionary	pl_PL
hotele	dictionary	pl_PL
idiotę	dictionary	pl_PL
idź	dictionary	pl_PL
import	dictionary	pl_PL
infekcji	dictionary	pl_PL
intensywnej	dictionary	pl_PL
istot	dictionary	pl_PL
jedynki	dictionary	pl_PL
jeziorze	dictionary	pl_PL
kabel	dictionary	pl_PL
key	dictionary	pl_PL
kiblu	dictionary	pl_PL
kierownictwa	dictionary	pl_PL
klasach	dictionary	pl_PL
komórka	dictionary	pl_PL
koncertach	dictionary	pl_PL
konserwatystów	dictionary	pl_PL
kontaktach	dictionary	pl_PL
kontynuuje	dictionary	pl_PL
kotem	dictionary	pl_PL
kręgach	dictionary	pl_PL
kupowanie	dictionary	pl_PL
kłamstwem	dictionary	pl_PL
lekkim	dictionary	pl_PL
lewego	dictionary	pl_PL
licznie	dictionary	pl_PL
likwidację	dictionary	pl_PL
literacki	dictionary	pl_PL
literą	dictionary	pl_PL
luki	dictionary	pl_PL
maks	dictionary	pl_PL
maksymalny	dictionary	pl_PL
malować	dictionary	pl_PL
medialny	dictionary	pl_PL
miesza	dictionary	pl_PL
misia	dictionary	pl_PL
modyfikacji	dictionary	pl_PL
monet	dictionary	pl_PL
monitoring	dictionary	pl_PL
moralnego	dictionary	pl_PL
much	dictionary	pl_PL
mądrego	dictionary	pl_PL
męską	dictionary	pl_PL
napaści	dictionary	pl_PL
napiszesz	dictionary	pl_PL
nauczycielami	dictionary	pl_PL
nazywanie	dictionary	pl_PL
niebieska	dictionary	pl_PL
niebieskich	dictionary	pl_PL
nieporozumienie	dictionary	pl_PL
niespodzianki	dictionary	pl_PL
normalności	dictionary	pl_PL
notowania	dictionary	pl_PL
nudna	dictionary	pl_PL
obejrzyj	dictionary	pl_PL
obowiązywać	dictionary	pl_PL
oczekujesz	dictionary	pl_PL
odczuwa	dictionary	pl_PL
oddzielnie	dictionary	pl_PL
oderwać	dictionary	pl_PL
odkryto	dictionary	pl_PL
odpowiadając	dictionary	pl_PL
odważny	dictionary	pl_PL
ograniczają	dictionary	pl_PL
ogrodzenie	dictionary	pl_PL
okolica	dictionary	pl_PL
opartej	dictionary	pl_PL
opisem	dictionary	pl_PL
oz	dictionary	pl_PL
ośrodkach	dictionary	pl_PL
padają	dictionary	pl_PL
pasażerowie	dictionary	pl_PL
placki	dictionary	pl_PL
planowanie	dictionary	pl_PL
plastikowe	dictionary	pl_PL
plusem	dictionary	pl_PL
poczujesz	dictionary	pl_PL
poddany	dictionary	pl_PL
podążać	dictionary	pl_PL
pograć	dictionary	pl_PL
pojechali	dictionary	pl_PL
policzyć	dictionary	pl_PL
politykami	dictionary	pl_PL
poprawek	dictionary	pl_PL
poruszają	dictionary	pl_PL
posprzątać	dictionary	pl_PL
powiedziałabym	dictionary	pl_PL
powiązań	dictionary	pl_PL
powtarzają	dictionary	pl_PL
prawica	dictionary	pl_PL
preferencje	dictionary	pl_PL
pretekst	dictionary	pl_PL
priorytet	dictionary	pl_PL
przeciwna	dictionary	pl_PL
przejdź	dictionary	pl_PL
przeszkadzają	dictionary	pl_PL
przetrwa	dictionary	pl_PL
przetrwał	dictionary	pl_PL
przyjęto	dictionary	pl_PL
przyłącz	dictionary	pl_PL
publikację	dictionary	pl_PL
punktami	dictionary	pl_PL
pytali	dictionary	pl_PL
płacimy	dictionary	pl_PL
płonie	dictionary	pl_PL
race	dictionary	pl_PL
regularnych	dictionary	pl_PL
rektora	dictionary	pl_PL
restauracje	dictionary	pl_PL
reżyserii	dictionary	pl_PL
robieniu	dictionary	pl_PL
rodzeństwa	dictionary	pl_PL
roszczeń	dictionary	pl_PL
rowerów	dictionary	pl_PL
rozpoznanie	dictionary	pl_PL
rozwiązywania	dictionary	pl_PL
ruski	dictionary	pl_PL
rys	dictionary	pl_PL
samorządy	dictionary	pl_PL
satysfakcji	dictionary	pl_PL
siedziała	dictionary	pl_PL
siedziałem	dictionary	pl_PL
skromny	dictionary	pl_PL
smakują	dictionary	pl_PL
socjalistycznej	dictionary	pl_PL
socjologii	dictionary	pl_PL
specjalistą	dictionary	pl_PL
spożycia	dictionary	pl_PL
sprawdzenie	dictionary	pl_PL
sprzedania	dictionary	pl_PL
spędziła	dictionary	pl_PL
spędziłam	dictionary	pl_PL
stado	dictionary	pl_PL
stand	dictionary	pl_PL
stoczni	dictionary	pl_PL
stracone	dictionary	pl_PL
strategie	dictionary	pl_PL
studenckich	dictionary	pl_PL
stworzy	dictionary	pl_PL
stężenia	dictionary	pl_PL
swobodnego	dictionary	pl_PL
symbolizuje	dictionary	pl_PL
szybszy	dictionary	pl_PL
sądziłam	dictionary	pl_PL
taktyka	dictionary	pl_PL
tańczy	dictionary	pl_PL
tegorocznej	dictionary	pl_PL
traktował	dictionary	pl_PL
trenować	dictionary	pl_PL
trudną	dictionary	pl_PL
trzymasz	dictionary	pl_PL
twe	dictionary	pl_PL
umieszczenie	dictionary	pl_PL
umówić	dictionary	pl_PL
upada	dictionary	pl_PL
update	dictionary	pl_PL
ustawienia	dictionary	pl_PL
uzależnienie	dictionary	pl_PL
uzależniony	dictionary	pl_PL
uznając	dictionary	pl_PL
używaj	dictionary	pl_PL
walczyła	dictionary	pl_PL
wdzięczni	dictionary	pl_PL
wesoło	dictionary	pl_PL
wewnętrznie	dictionary	pl_PL
weźmiemy	dictionary	pl_PL
wiceprezydent	dictionary	pl_PL
wielkopolskie	dictionary	pl_PL
wielkopolskiego	dictionary	pl_PL
wierz	dictionary	pl_PL
wizerunkiem	dictionary	pl_PL
wpisany	dictionary	pl_PL
wspomóc	dictionary	pl_PL
wszędzie	dictionary	pl_PL
wuja	dictionary	pl_PL
wybudować	dictionary	pl_PL
wygraliśmy	dictionary	pl_PL
wygranych	dictionary	pl_PL
wyprawę	dictionary	pl_PL
względami	dictionary	pl_PL
wzgórzu	dictionary	pl_PL
wóz	dictionary	pl_PL
wątków	dictionary	pl_PL
właściwa	dictionary	pl_PL
włoska	dictionary	pl_PL
zabito	dictionary	pl_PL
zaginionych	dictionary	pl_PL
zakazać	dictionary	pl_PL
zakładał	dictionary	pl_PL
zamieszania	dictionary	pl_PL
zamówień	dictionary	pl_PL
zapisuje	dictionary	pl_PL
zapobiegania	dictionary	pl_PL
zapominają	dictionary	pl_PL
zapotrzebowania	dictionary	pl_PL
zapyta	dictionary	pl_PL
zawieszony	dictionary	pl_PL
zbiorników	dictionary	pl_PL
zdolne	dictionary	pl_PL
zdrajcy	dictionary	pl_PL
zgonu	dictionary	pl_PL
zimowy	dictionary	pl_PL
zmieniam	dictionary	pl_PL
znaleziony	dictionary	pl_PL
zupy	dictionary	pl_PL
związanymi	dictionary	pl_PL
zwolnieniu	dictionary	pl_PL
łuk	dictionary	pl_PL
śląskiej	dictionary	pl_PL
średnica	dictionary	pl_PL
środkowy	dictionary	pl_PL
świateł	dictionary	pl_PL
żywego	dictionary	pl_PL
aktorką	dictionary	pl_PL
aktualnego	dictionary	pl_PL
aleja	dictionary	pl_PL
aluminium	dictionary	pl_PL
apetyt	dictionary	pl_PL
ar	dictionary	pl_PL
aresztować	dictionary	pl_PL
atrakcje	dictionary	pl_PL
atrakcyjne	dictionary	pl_PL
automatyczne	dictionary	pl_PL
babki	dictionary	pl_PL
badacz	dictionary	pl_PL
bankowe	dictionary	pl_PL
betonu	dictionary	pl_PL
bezpieczeństwem	dictionary	pl_PL
bezpieczni	dictionary	pl_PL
białek	dictionary	pl_PL
biednym	dictionary	pl_PL
bin	dictionary	pl_PL
bogatego	dictionary	pl_PL
boom	dictionary	pl_PL
branie	dictionary	pl_PL
brawa	dictionary	pl_PL
chłopcem	dictionary	pl_PL
codzień	pending	pl_PL
community	dictionary	pl_PL
czarnymi	dictionary	pl_PL
czujniki	dictionary	pl_PL
czworo	dictionary	pl_PL
czynność	dictionary	pl_PL
dawka	dictionary	pl_PL
dałoby	dictionary	pl_PL
definitywnie	dictionary	pl_PL
demokratyczny	dictionary	pl_PL
derek	dictionary	pl_PL
dialogi	dictionary	pl_PL
dojrzałości	dictionary	pl_PL
dolnego	dictionary	pl_PL
domagać	dictionary	pl_PL
dominacji	dictionary	pl_PL
doradcą	dictionary	pl_PL
dostałaś	dictionary	pl_PL
dotyczyło	dictionary	pl_PL
dożywocie	dictionary	pl_PL
drogowe	dictionary	pl_PL
dziadkiem	dictionary	pl_PL
dziać	dictionary	pl_PL
eksperymentu	dictionary	pl_PL
elektoratu	dictionary	pl_PL
emigracja	dictionary	pl_PL
fabrykę	dictionary	pl_PL
genetyczne	dictionary	pl_PL
greckiej	dictionary	pl_PL
górnik	dictionary	pl_PL
głupot	dictionary	pl_PL
inflacji	dictionary	pl_PL
informacyjnej	dictionary	pl_PL
inwestować	dictionary	pl_PL
inżyniera	dictionary	pl_PL
japońskim	dictionary	pl_PL
jezior	dictionary	pl_PL
jądra	dictionary	pl_PL
kalendarza	dictionary	pl_PL
kamienica	dictionary	pl_PL
kartce	dictionary	pl_PL
katedrze	dictionary	pl_PL
kawałku	dictionary	pl_PL
kawie	dictionary	pl_PL
kimkolwiek	dictionary	pl_PL
klatka	dictionary	pl_PL
kluczy	dictionary	pl_PL
koktajl	dictionary	pl_PL
komunikacyjnych	dictionary	pl_PL
kongresie	dictionary	pl_PL
kontrowersyjny	dictionary	pl_PL
kontynencie	dictionary	pl_PL
kontynuacji	dictionary	pl_PL
kosmiczne	dictionary	pl_PL
kosztowne	dictionary	pl_PL
kulturowej	dictionary	pl_PL
kupienia	dictionary	pl_PL
laureat	dictionary	pl_PL
liberałowie	dictionary	pl_PL
ludobójstwa	dictionary	pl_PL
malarz	dictionary	pl_PL
maluje	dictionary	pl_PL
management	dictionary	pl_PL
martwa	dictionary	pl_PL
marzyć	dictionary	pl_PL
masie	dictionary	pl_PL
masową	dictionary	pl_PL
mazurek	dictionary	pl_PL
małpy	dictionary	pl_PL
mną	dictionary	pl_PL
modlitwie	dictionary	pl_PL
molestowanie	dictionary	pl_PL
momentem	dictionary	pl_PL
monopol	dictionary	pl_PL
morski	dictionary	pl_PL
msze	dictionary	pl_PL
muzea	dictionary	pl_PL
najmniejszej	dictionary	pl_PL
najnowszego	dictionary	pl_PL
naklejki	dictionary	pl_PL
napoje	dictionary	pl_PL
narażone	dictionary	pl_PL
nawiązania	dictionary	pl_PL
nici	dictionary	pl_PL
niejako	dictionary	pl_PL
nominowany	dictionary	pl_PL
ny	dictionary	pl_PL
obniża	dictionary	pl_PL
obowiązkowo	dictionary	pl_PL
obrazem	dictionary	pl_PL
obserwacja	dictionary	pl_PL
odezwał	dictionary	pl_PL
odgłosy	dictionary	pl_PL
odnosić	dictionary	pl_PL
odrzucenie	dictionary	pl_PL
odróżnia	dictionary	pl_PL
odwiedziny	dictionary	pl_PL
ogromnego	dictionary	pl_PL
okładkę	dictionary	pl_PL
opiekuje	dictionary	pl_PL
opierać	dictionary	pl_PL
opiniami	dictionary	pl_PL
opracowane	dictionary	pl_PL
oryginale	dictionary	pl_PL
osiągnięciem	dictionary	pl_PL
oszczędzać	dictionary	pl_PL
otoczona	dictionary	pl_PL
papierosa	dictionary	pl_PL
paradoks	dictionary	pl_PL
parodia	dictionary	pl_PL
partyjnej	dictionary	pl_PL
pastor	dictionary	pl_PL
pasów	dictionary	pl_PL
patrzenia	dictionary	pl_PL
pistoletu	dictionary	pl_PL
piszcie	dictionary	pl_PL
piątkę	dictionary	pl_PL
podali	dictionary	pl_PL
podobieństwa	dictionary	pl_PL
podziemnych	dictionary	pl_PL
pokazania	dictionary	pl_PL
politycznymi	dictionary	pl_PL
pomorza	dictionary	pl_PL
popcorn	dictionary	pl_PL
popierał	dictionary	pl_PL
poprawne	dictionary	pl_PL
postulaty	dictionary	pl_PL
posłuchajcie	dictionary	pl_PL
potencjalnego	dictionary	pl_PL
potomków	dictionary	pl_PL
potwory	dictionary	pl_PL
powiesić	dictionary	pl_PL
poznam	dictionary	pl_PL
projektami	dictionary	pl_PL
promowania	dictionary	pl_PL
proporcje	dictionary	pl_PL
proszku	dictionary	pl_PL
prościej	dictionary	pl_PL
przechowywane	dictionary	pl_PL
przekaż	dictionary	pl_PL
przenieśli	dictionary	pl_PL
przeszkodzie	dictionary	pl_PL
przychodów	dictionary	pl_PL
przyjaciołom	dictionary	pl_PL
przypomnienia	dictionary	pl_PL
przywrócenia	dictionary	pl_PL
psychicznych	dictionary	pl_PL
punk	dictionary	pl_PL
płaca	dictionary	pl_PL
rabat	dictionary	pl_PL
ratowanie	dictionary	pl_PL
recepty	dictionary	pl_PL
receptę	dictionary	pl_PL
rekonstrukcji	dictionary	pl_PL
rekordy	dictionary	pl_PL
rewolucję	dictionary	pl_PL
rezerwat	dictionary	pl_PL
rolniczej	dictionary	pl_PL
rosnąć	dictionary	pl_PL
rozdziale	dictionary	pl_PL
rozgłos	dictionary	pl_PL
ryja	dictionary	pl_PL
rynków	dictionary	pl_PL
rywalizacja	dictionary	pl_PL
rzuci	dictionary	pl_PL
rzymskiego	dictionary	pl_PL
równowagę	dictionary	pl_PL
