# CC-BANK-PURITY F2 ledger: word<TAB>verdict<TAB>source. One line per bank row, bank order.
# verdicts: dictionary | exception (signed) | pending (auditor sheet). No new row may ever enter as pending.
#tier	easy	0x43B6ADB49C0431DF
#tier	medium	0xE4B47F617DF979EE
#tier	hard	0xDE340773B5AA7487
#tier	expert	0xE860AF124987EC8A
abrir	dictionary	pt_BR
agora	dictionary	pt_BR
ajudar	dictionary	pt_BR
aldeia	dictionary	pt_BR
ali	dictionary	pt_BR
alma	dictionary	pt_BR
amarelo	dictionary	pt_BR
amigo	dictionary	pt_BR
amor	dictionary	pt_BR
andar	dictionary	pt_BR
anel	dictionary	pt_BR
animal	dictionary	pt_BR
ano	dictionary	pt_BR
aqui	dictionary	pt_BR
areia	dictionary	pt_BR
arroz	dictionary	pt_BR
arte	dictionary	pt_BR
aula	dictionary	pt_BR
avião	dictionary	pt_BR
azul	dictionary	pt_BR
açúcar	dictionary	pt_BR
barco	dictionary	pt_BR
barulho	dictionary	pt_BR
bebê	dictionary	pt_BR
bem	dictionary	pt_BR
boca	dictionary	pt_BR
bola	dictionary	pt_BR
bom	dictionary	pt_BR
branco	dictionary	pt_BR
braço	dictionary	pt_BR
cabelo	dictionary	pt_BR
cabeça	dictionary	pt_BR
caixa	dictionary	pt_BR
cama	dictionary	pt_BR
campo	dictionary	pt_BR
canção	dictionary	pt_BR
carne	dictionary	pt_BR
carro	dictionary	pt_BR
carta	dictionary	pt_BR
casa	dictionary	pt_BR
casaco	dictionary	pt_BR
cavalo	dictionary	pt_BR
cem	dictionary	pt_BR
chapéu	dictionary	pt_BR
chave	dictionary	pt_BR
chuva	dictionary	pt_BR
chá	dictionary	pt_BR
chão	dictionary	pt_BR
cidade	dictionary	pt_BR
cinco	dictionary	pt_BR
cinza	dictionary	pt_BR
colina	dictionary	pt_BR
comer	dictionary	pt_BR
começar	dictionary	pt_BR
comida	dictionary	pt_BR
comprar	dictionary	pt_BR
copo	dictionary	pt_BR
cor	dictionary	pt_BR
coração	dictionary	pt_BR
corpo	dictionary	pt_BR
correr	dictionary	pt_BR
costas	dictionary	pt_BR
cozinha	dictionary	pt_BR
criança	dictionary	pt_BR
curto	dictionary	pt_BR
câmera	dictionary	pt_BR
cão	dictionary	pt_BR
céu	dictionary	pt_BR
círculo	dictionary	pt_BR
dançar	dictionary	pt_BR
dar	dictionary	pt_BR
deus	dictionary	pt_BR
dez	dictionary	pt_BR
dia	dictionary	pt_BR
difícil	dictionary	pt_BR
direito	dictionary	pt_BR
dois	dictionary	pt_BR
dor	dictionary	pt_BR
então	dictionary	pt_BR
enviar	dictionary	pt_BR
escola	dictionary	pt_BR
escuro	dictionary	pt_BR
estrada	dictionary	pt_BR
estrela	dictionary	pt_BR
falar	dictionary	pt_BR
família	dictionary	pt_BR
fazenda	dictionary	pt_BR
fazer	dictionary	pt_BR
fechar	dictionary	pt_BR
ferro	dictionary	pt_BR
filho	dictionary	pt_BR
filme	dictionary	pt_BR
flor	dictionary	pt_BR
fogo	dictionary	pt_BR
folha	dictionary	pt_BR
forma	dictionary	pt_BR
forte	dictionary	pt_BR
fraco	dictionary	pt_BR
frente	dictionary	pt_BR
fresco	dictionary	pt_BR
frio	dictionary	pt_BR
fumaça	dictionary	pt_BR
fundo	dictionary	pt_BR
fácil	dictionary	pt_BR
gato	dictionary	pt_BR
gelo	dictionary	pt_BR
gostar	dictionary	pt_BR
grama	dictionary	pt_BR
grande	dictionary	pt_BR
guerra	dictionary	pt_BR
hoje	dictionary	pt_BR
homem	dictionary	pt_BR
hora	dictionary	pt_BR
igreja	dictionary	pt_BR
ilha	dictionary	pt_BR
imagem	dictionary	pt_BR
inverno	dictionary	pt_BR
irmã	dictionary	pt_BR
irmão	dictionary	pt_BR
janela	dictionary	pt_BR
jogar	dictionary	pt_BR
jogo	dictionary	pt_BR
lago	dictionary	pt_BR
lei	dictionary	pt_BR
leite	dictionary	pt_BR
lento	dictionary	pt_BR
ler	dictionary	pt_BR
leste	dictionary	pt_BR
linha	dictionary	pt_BR
livro	dictionary	pt_BR
lobo	dictionary	pt_BR
loja	dictionary	pt_BR
longo	dictionary	pt_BR
lua	dictionary	pt_BR
luz	dictionary	pt_BR
lâmpada	dictionary	pt_BR
macio	dictionary	pt_BR
madeira	dictionary	pt_BR
manhã	dictionary	pt_BR
mar	dictionary	pt_BR
mau	dictionary	pt_BR
medo	dictionary	pt_BR
meia	dictionary	pt_BR
meio	dictionary	pt_BR
menina	dictionary	pt_BR
menino	dictionary	pt_BR
mercado	dictionary	pt_BR
mesa	dictionary	pt_BR
metal	dictionary	pt_BR
mil	dictionary	pt_BR
moeda	dictionary	pt_BR
molhado	dictionary	pt_BR
morno	dictionary	pt_BR
morte	dictionary	pt_BR
mulher	dictionary	pt_BR
mundo	dictionary	pt_BR
máquina	dictionary	pt_BR
mãe	dictionary	pt_BR
mão	dictionary	pt_BR
mês	dictionary	pt_BR
música	dictionary	pt_BR
nadar	dictionary	pt_BR
nariz	dictionary	pt_BR
navio	dictionary	pt_BR
nação	dictionary	pt_BR
neve	dictionary	pt_BR
noite	dictionary	pt_BR
nome	dictionary	pt_BR
norte	dictionary	pt_BR
nove	dictionary	pt_BR
novo	dictionary	pt_BR
nunca	dictionary	pt_BR
nuvem	dictionary	pt_BR
não	dictionary	pt_BR
número	dictionary	pt_BR
oeste	dictionary	pt_BR
oito	dictionary	pt_BR
olhar	dictionary	pt_BR
olho	dictionary	pt_BR
onda	dictionary	pt_BR
orelha	dictionary	pt_BR
osso	dictionary	pt_BR
ouro	dictionary	pt_BR
ovo	dictionary	pt_BR
pagar	dictionary	pt_BR
pai	dictionary	pt_BR
palavra	dictionary	pt_BR
papel	dictionary	pt_BR
parar	dictionary	pt_BR
parede	dictionary	pt_BR
pato	dictionary	pt_BR
paz	dictionary	pt_BR
país	dictionary	pt_BR
pedra	dictionary	pt_BR
pegar	dictionary	pt_BR
peixe	dictionary	pt_BR
pele	dictionary	pt_BR
pensar	dictionary	pt_BR
pequeno	dictionary	pt_BR
perder	dictionary	pt_BR
perna	dictionary	pt_BR
planta	dictionary	pt_BR
poder	dictionary	pt_BR
poema	dictionary	pt_BR
ponte	dictionary	pt_BR
ponto	dictionary	pt_BR
porco	dictionary	pt_BR
porta	dictionary	pt_BR
povo	dictionary	pt_BR
prata	dictionary	pt_BR
prato	dictionary	pt_BR
preto	dictionary	pt_BR
preço	dictionary	pt_BR
pular	dictionary	pt_BR
puxar	dictionary	pt_BR
página	dictionary	pt_BR
pássaro	dictionary	pt_BR
pé	dictionary	pt_BR
quarto	dictionary	pt_BR
quatro	dictionary	pt_BR
quebrar	dictionary	pt_BR
quente	dictionary	pt_BR
querer	dictionary	pt_BR
rainha	dictionary	pt_BR
raiz	dictionary	pt_BR
raposa	dictionary	pt_BR
rato	dictionary	pt_BR
rei	dictionary	pt_BR
remédio	dictionary	pt_BR
rio	dictionary	pt_BR
rocha	dictionary	pt_BR
rua	dictionary	pt_BR
rápido	dictionary	pt_BR
saber	dictionary	pt_BR
sal	dictionary	pt_BR
sangue	dictionary	pt_BR
saúde	dictionary	pt_BR
seco	dictionary	pt_BR
segurar	dictionary	pt_BR
seis	dictionary	pt_BR
semana	dictionary	pt_BR
semente	dictionary	pt_BR
sempre	dictionary	pt_BR
sete	dictionary	pt_BR
sol	dictionary	pt_BR
som	dictionary	pt_BR
sul	dictionary	pt_BR
tamanho	dictionary	pt_BR
telhado	dictionary	pt_BR
tempo	dictionary	pt_BR
terra	dictionary	pt_BR
tigela	dictionary	pt_BR
topo	dictionary	pt_BR
trazer	dictionary	pt_BR
trem	dictionary	pt_BR
três	dictionary	pt_BR
um	dictionary	pt_BR
urso	dictionary	pt_BR
velho	dictionary	pt_BR
vender	dictionary	pt_BR
vento	dictionary	pt_BR
verde	dictionary	pt_BR
verão	dictionary	pt_BR
viagem	dictionary	pt_BR
vida	dictionary	pt_BR
vila	dictionary	pt_BR
vinho	dictionary	pt_BR
voz	dictionary	pt_BR
xícara	dictionary	pt_BR
água	dictionary	pt_BR
árvore	dictionary	pt_BR
ônibus	dictionary	pt_BR
abelha	dictionary	pt_BR
baleia	dictionary	pt_BR
banana	dictionary	pt_BR
camisa	dictionary	pt_BR
cebola	dictionary	pt_BR
coelho	dictionary	pt_BR
colher	dictionary	pt_BR
escada	dictionary	pt_BR
girafa	dictionary	pt_BR
jardim	dictionary	pt_BR
jazigo	dictionary	pt_BR
sapato	dictionary	pt_BR
tapete	dictionary	pt_BR
tomate	dictionary	pt_BR
limão	dictionary	pt_BR
queijo	dictionary	pt_BR
abacate	dictionary	pt_BR
caderno	dictionary	pt_BR
caminho	dictionary	pt_BR
castelo	dictionary	pt_BR
cegonha	dictionary	pt_BR
cenoura	dictionary	pt_BR
cortina	dictionary	pt_BR
espelho	dictionary	pt_BR
exagero	dictionary	pt_BR
exausto	dictionary	pt_BR
garrafa	dictionary	pt_BR
jaqueta	dictionary	pt_BR
laranja	dictionary	pt_BR
também	dictionary	pt_BR
foram	dictionary	pt_BR
entre	dictionary	pt_BR
sobre	dictionary	pt_BR
quando	dictionary	pt_BR
mesmo	dictionary	pt_BR
muito	dictionary	pt_BR
depois	dictionary	pt_BR
parte	dictionary	pt_BR
apenas	dictionary	pt_BR
ainda	dictionary	pt_BR
sendo	dictionary	pt_BR
outros	dictionary	pt_BR
maior	dictionary	pt_BR
todos	dictionary	pt_BR
tinha	dictionary	pt_BR
estava	dictionary	pt_BR
final	dictionary	pt_BR
grupo	dictionary	pt_BR
álbum	dictionary	pt_BR
contra	dictionary	pt_BR
podem	dictionary	pt_BR
alguns	dictionary	pt_BR
série	dictionary	pt_BR
brasil	dictionary	pt_BR
pelos	dictionary	pt_BR
antes	dictionary	pt_BR
vários	dictionary	pt_BR
outras	dictionary	pt_BR
vezes	dictionary	pt_BR
assim	dictionary	pt_BR
partir	dictionary	pt_BR
desde	dictionary	pt_BR
havia	dictionary	pt_BR
época	dictionary	pt_BR
estão	dictionary	pt_BR
banda	dictionary	pt_BR
várias	dictionary	pt_BR
cerca	dictionary	pt_BR
lugar	dictionary	pt_BR
todas	dictionary	pt_BR
local	dictionary	pt_BR
outro	dictionary	pt_BR
início	dictionary	pt_BR
devido	dictionary	pt_BR
tarde	dictionary	pt_BR
região	dictionary	pt_BR
tendo	dictionary	pt_BR
equipe	dictionary	pt_BR
muitos	dictionary	pt_BR
menos	dictionary	pt_BR
passou	dictionary	pt_BR
disso	dictionary	pt_BR
acordo	dictionary	pt_BR
muitas	dictionary	pt_BR
volta	dictionary	pt_BR
seria	dictionary	pt_BR
melhor	dictionary	pt_BR
pouco	dictionary	pt_BR
total	dictionary	pt_BR
mesma	dictionary	pt_BR
jogos	dictionary	pt_BR
título	dictionary	pt_BR
possui	dictionary	pt_BR
versão	dictionary	pt_BR
estado	dictionary	pt_BR
dentro	dictionary	pt_BR
março	dictionary	pt_BR
ficou	dictionary	pt_BR
abril	dictionary	pt_BR
outra	dictionary	pt_BR
quase	dictionary	pt_BR
disse	dictionary	pt_BR
agosto	dictionary	pt_BR
idade	dictionary	pt_BR
século	dictionary	pt_BR
geral	dictionary	pt_BR
clube	dictionary	pt_BR
conta	dictionary	pt_BR
porque	dictionary	pt_BR
pontos	dictionary	pt_BR
julho	dictionary	pt_BR
junho	dictionary	pt_BR
unidos	dictionary	pt_BR
década	dictionary	pt_BR
embora	dictionary	pt_BR
apesar	dictionary	pt_BR
pelas	dictionary	pt_BR
quais	dictionary	pt_BR
porém	dictionary	pt_BR
homens	dictionary	pt_BR
meses	dictionary	pt_BR
filhos	dictionary	pt_BR
tanto	dictionary	pt_BR
tornou	dictionary	pt_BR
desta	dictionary	pt_BR
edição	dictionary	pt_BR
países	dictionary	pt_BR
quanto	dictionary	pt_BR
último	dictionary	pt_BR
centro	dictionary	pt_BR
obras	dictionary	pt_BR
único	dictionary	pt_BR
áreas	dictionary	pt_BR
grupos	dictionary	pt_BR
deste	dictionary	pt_BR
nível	dictionary	pt_BR
single	dictionary	pt_BR
dados	dictionary	pt_BR
novos	dictionary	pt_BR
causa	dictionary	pt_BR
novas	dictionary	pt_BR
metros	dictionary	pt_BR
chegou	dictionary	pt_BR
tinham	dictionary	pt_BR
junto	dictionary	pt_BR
feito	dictionary	pt_BR
origem	dictionary	pt_BR
comum	dictionary	pt_BR
pessoa	dictionary	pt_BR
estilo	dictionary	pt_BR
filha	dictionary	pt_BR
ganhou	dictionary	pt_BR
horas	dictionary	pt_BR
única	dictionary	pt_BR
casos	dictionary	pt_BR
disco	dictionary	pt_BR
espaço	dictionary	pt_BR
evento	dictionary	pt_BR
morreu	dictionary	pt_BR
usado	dictionary	pt_BR
estar	dictionary	pt_BR
fosse	dictionary	pt_BR
média	dictionary	pt_BR
força	dictionary	pt_BR
locais	dictionary	pt_BR
última	dictionary	pt_BR
modelo	dictionary	pt_BR
deles	dictionary	pt_BR
cargo	dictionary	pt_BR
teria	dictionary	pt_BR
acabou	dictionary	pt_BR
altura	dictionary	pt_BR
membro	dictionary	pt_BR
valor	dictionary	pt_BR
jovem	dictionary	pt_BR
forças	dictionary	pt_BR
tenha	dictionary	pt_BR
lançou	dictionary	pt_BR
nenhum	dictionary	pt_BR
apoio	dictionary	pt_BR
deixou	dictionary	pt_BR
social	dictionary	pt_BR
vídeo	dictionary	pt_BR
ajuda	dictionary	pt_BR
serem	dictionary	pt_BR
desse	dictionary	pt_BR
filmes	dictionary	pt_BR
função	dictionary	pt_BR
ordem	dictionary	pt_BR
ambos	dictionary	pt_BR
esposa	dictionary	pt_BR
atual	dictionary	pt_BR
começa	dictionary	pt_BR
faixa	dictionary	pt_BR
termo	dictionary	pt_BR
acesso	dictionary	pt_BR
dessa	dictionary	pt_BR
santa	dictionary	pt_BR
amigos	dictionary	pt_BR
criar	dictionary	pt_BR
plano	dictionary	pt_BR
lista	dictionary	pt_BR
baixo	dictionary	pt_BR
partes	dictionary	pt_BR
essas	dictionary	pt_BR
feita	dictionary	pt_BR
ideia	dictionary	pt_BR
acima	dictionary	pt_BR
passa	dictionary	pt_BR
voltou	dictionary	pt_BR
ataque	dictionary	pt_BR
houve	dictionary	pt_BR
levou	dictionary	pt_BR
livros	dictionary	pt_BR
manter	dictionary	pt_BR
jovens	dictionary	pt_BR
abaixo	dictionary	pt_BR
ensino	dictionary	pt_BR
língua	dictionary	pt_BR
marca	dictionary	pt_BR
menor	dictionary	pt_BR
vista	dictionary	pt_BR
esses	dictionary	pt_BR
estudo	dictionary	pt_BR
votos	dictionary	pt_BR
nasceu	dictionary	pt_BR
visto	dictionary	pt_BR
algum	dictionary	pt_BR
antigo	dictionary	pt_BR
eleito	dictionary	pt_BR
estes	dictionary	pt_BR
armas	dictionary	pt_BR
inglês	dictionary	pt_BR
tornar	dictionary	pt_BR
venceu	dictionary	pt_BR
formas	dictionary	pt_BR
nomes	dictionary	pt_BR
perto	dictionary	pt_BR
devem	dictionary	pt_BR
neste	dictionary	pt_BR
tipos	dictionary	pt_BR
canal	dictionary	pt_BR
medida	dictionary	pt_BR
bairro	dictionary	pt_BR
torno	dictionary	pt_BR
peças	dictionary	pt_BR
entrou	dictionary	pt_BR
ações	dictionary	pt_BR
criado	dictionary	pt_BR
falta	dictionary	pt_BR
porto	dictionary	pt_BR
antiga	dictionary	pt_BR
autor	dictionary	pt_BR
capaz	dictionary	pt_BR
classe	dictionary	pt_BR
usando	dictionary	pt_BR
faixas	dictionary	pt_BR
existe	dictionary	pt_BR
chegar	dictionary	pt_BR
ocorre	dictionary	pt_BR
mostra	dictionary	pt_BR
tropas	dictionary	pt_BR
teoria	dictionary	pt_BR
líder	dictionary	pt_BR
tempos	dictionary	pt_BR
busca	dictionary	pt_BR
prisão	dictionary	pt_BR
câmara	dictionary	pt_BR
nesse	dictionary	pt_BR
casas	dictionary	pt_BR
perdeu	dictionary	pt_BR
tenta	dictionary	pt_BR
usada	dictionary	pt_BR
reino	dictionary	pt_BR
cores	dictionary	pt_BR
termos	dictionary	pt_BR
criada	dictionary	pt_BR
inclui	dictionary	pt_BR
poucos	dictionary	pt_BR
baixa	dictionary	pt_BR
efeito	dictionary	pt_BR
livre	dictionary	pt_BR
demais	dictionary	pt_BR
usados	dictionary	pt_BR
cinema	dictionary	pt_BR
coisas	dictionary	pt_BR
padrão	dictionary	pt_BR
terras	dictionary	pt_BR
jornal	dictionary	pt_BR
alunos	dictionary	pt_BR
linhas	dictionary	pt_BR
missão	dictionary	pt_BR
casal	dictionary	pt_BR
chefe	dictionary	pt_BR
visão	dictionary	pt_BR
curso	dictionary	pt_BR
parece	dictionary	pt_BR
marido	dictionary	pt_BR
metade	dictionary	pt_BR
prova	dictionary	pt_BR
fonte	dictionary	pt_BR
turnê	dictionary	pt_BR
ficar	dictionary	pt_BR
irmãos	dictionary	pt_BR
contém	dictionary	pt_BR
criou	dictionary	pt_BR
alguma	dictionary	pt_BR
clubes	dictionary	pt_BR
haviam	dictionary	pt_BR
gênero	dictionary	pt_BR
nesta	dictionary	pt_BR
passar	dictionary	pt_BR
seguir	dictionary	pt_BR
defesa	dictionary	pt_BR
queria	dictionary	pt_BR
desses	dictionary	pt_BR
cópias	dictionary	pt_BR
futuro	dictionary	pt_BR
atrás	dictionary	pt_BR
fontes	dictionary	pt_BR
prêmio	dictionary	pt_BR
recebe	dictionary	pt_BR
mortos	dictionary	pt_BR
torna	dictionary	pt_BR
teatro	dictionary	pt_BR
silva	dictionary	pt_BR
deixar	dictionary	pt_BR
entrar	dictionary	pt_BR
dizer	dictionary	pt_BR
vinte	dictionary	pt_BR
massa	dictionary	pt_BR
doença	dictionary	pt_BR
rádio	dictionary	pt_BR
seriam	dictionary	pt_BR
sejam	dictionary	pt_BR
destes	dictionary	pt_BR
estas	dictionary	pt_BR
evitar	dictionary	pt_BR
feitas	dictionary	pt_BR
finais	dictionary	pt_BR
mudou	dictionary	pt_BR
letras	dictionary	pt_BR
levar	dictionary	pt_BR
longa	dictionary	pt_BR
morto	dictionary	pt_BR
médio	dictionary	pt_BR
planos	dictionary	pt_BR
saída	dictionary	pt_BR
fazem	dictionary	pt_BR
juntos	dictionary	pt_BR
método	dictionary	pt_BR
obter	dictionary	pt_BR
álbuns	dictionary	pt_BR
decide	dictionary	pt_BR
obteve	dictionary	pt_BR
unido	dictionary	pt_BR
níveis	dictionary	pt_BR
acaba	dictionary	pt_BR
reais	dictionary	pt_BR
dando	dictionary	pt_BR
razão	dictionary	pt_BR
voltar	dictionary	pt_BR
santos	dictionary	pt_BR
fortes	dictionary	pt_BR
objeto	dictionary	pt_BR
texto	dictionary	pt_BR
dessas	dictionary	pt_BR
redor	dictionary	pt_BR
shows	dictionary	pt_BR
temas	dictionary	pt_BR
união	dictionary	pt_BR
elenco	dictionary	pt_BR
cenas	dictionary	pt_BR
comuns	dictionary	pt_BR
esteve	dictionary	pt_BR
afirma	dictionary	pt_BR
ambas	dictionary	pt_BR
motor	dictionary	pt_BR
figura	dictionary	pt_BR
nessa	dictionary	pt_BR
pedido	dictionary	pt_BR
sofreu	dictionary	pt_BR
tentou	dictionary	pt_BR
troca	dictionary	pt_BR
corte	dictionary	pt_BR
meados	dictionary	pt_BR
risco	dictionary	pt_BR
delas	dictionary	pt_BR
preso	dictionary	pt_BR
regras	dictionary	pt_BR
viver	dictionary	pt_BR
aberto	dictionary	pt_BR
artigo	dictionary	pt_BR
certo	dictionary	pt_BR
humano	dictionary	pt_BR
olhos	dictionary	pt_BR
museu	dictionary	pt_BR
médico	dictionary	pt_BR
setor	dictionary	pt_BR
vendas	dictionary	pt_BR
coisa	dictionary	pt_BR
festa	dictionary	pt_BR
marcou	dictionary	pt_BR
posse	dictionary	pt_BR
alemão	dictionary	pt_BR
santo	dictionary	pt_BR
tomar	dictionary	pt_BR
mesmos	dictionary	pt_BR
alguém	dictionary	pt_BR
chega	dictionary	pt_BR
formar	dictionary	pt_BR
resto	dictionary	pt_BR
volume	dictionary	pt_BR
custo	dictionary	pt_BR
navios	dictionary	pt_BR
nossa	dictionary	pt_BR
possa	dictionary	pt_BR
claro	dictionary	pt_BR
dupla	dictionary	pt_BR
ganhar	dictionary	pt_BR
tentar	dictionary	pt_BR
deixa	dictionary	pt_BR
feitos	dictionary	pt_BR
minha	dictionary	pt_BR
turno	dictionary	pt_BR
venda	dictionary	pt_BR
civil	dictionary	pt_BR
humana	dictionary	pt_BR
palco	dictionary	pt_BR
posto	dictionary	pt_BR
serão	dictionary	pt_BR
águas	dictionary	pt_BR
começo	dictionary	pt_BR
cursos	dictionary	pt_BR
diante	dictionary	pt_BR
longe	dictionary	pt_BR
motivo	dictionary	pt_BR
queda	dictionary	pt_BR
terem	dictionary	pt_BR
mídia	dictionary	pt_BR
atriz	dictionary	pt_BR
casado	dictionary	pt_BR
parque	dictionary	pt_BR
pista	dictionary	pt_BR
sinal	dictionary	pt_BR
piloto	dictionary	pt_BR
crime	dictionary	pt_BR
branca	dictionary	pt_BR
cantor	dictionary	pt_BR
crise	dictionary	pt_BR
gestão	dictionary	pt_BR
ideias	dictionary	pt_BR
jogou	dictionary	pt_BR
pediu	dictionary	pt_BR
perda	dictionary	pt_BR
muita	dictionary	pt_BR
teste	dictionary	pt_BR
usadas	dictionary	pt_BR
certa	dictionary	pt_BR
mudar	dictionary	pt_BR
poucas	dictionary	pt_BR
quadro	dictionary	pt_BR
redes	dictionary	pt_BR
banco	dictionary	pt_BR
contou	dictionary	pt_BR
normal	dictionary	pt_BR
segue	dictionary	pt_BR
enorme	dictionary	pt_BR
censo	dictionary	pt_BR
escala	dictionary	pt_BR
fazia	dictionary	pt_BR
lados	dictionary	pt_BR
milhão	dictionary	pt_BR
fossem	dictionary	pt_BR
testes	dictionary	pt_BR
danos	dictionary	pt_BR
matar	dictionary	pt_BR
talvez	dictionary	pt_BR
costa	dictionary	pt_BR
campos	dictionary	pt_BR
cartas	dictionary	pt_BR
física	dictionary	pt_BR
quarta	dictionary	pt_BR
serviu	dictionary	pt_BR
máximo	dictionary	pt_BR
seres	dictionary	pt_BR
carga	dictionary	pt_BR
ciclo	dictionary	pt_BR
prédio	dictionary	pt_BR
portas	dictionary	pt_BR
regime	dictionary	pt_BR
capela	dictionary	pt_BR
durou	dictionary	pt_BR
sexual	dictionary	pt_BR
vencer	dictionary	pt_BR
atuou	dictionary	pt_BR
exceto	dictionary	pt_BR
podia	dictionary	pt_BR
tocar	dictionary	pt_BR
letra	dictionary	pt_BR
invés	dictionary	pt_BR
presos	dictionary	pt_BR
salas	dictionary	pt_BR
tomou	dictionary	pt_BR
minas	dictionary	pt_BR
graças	dictionary	pt_BR
baixas	dictionary	pt_BR
corpos	dictionary	pt_BR
altos	dictionary	pt_BR
levado	dictionary	pt_BR
mantém	dictionary	pt_BR
casou	dictionary	pt_BR
rodada	dictionary	pt_BR
tabela	dictionary	pt_BR
chamou	dictionary	pt_BR
código	dictionary	pt_BR
discos	dictionary	pt_BR
haver	dictionary	pt_BR
provas	dictionary	pt_BR
textos	dictionary	pt_BR
trinta	dictionary	pt_BR
trono	dictionary	pt_BR
design	dictionary	pt_BR
lojas	dictionary	pt_BR
roupas	dictionary	pt_BR
aberta	dictionary	pt_BR
favor	dictionary	pt_BR
online	dictionary	pt_BR
mortes	dictionary	pt_BR
passam	dictionary	pt_BR
renda	dictionary	pt_BR
desejo	dictionary	pt_BR
judeus	dictionary	pt_BR
núcleo	dictionary	pt_BR
parada	dictionary	pt_BR
viveu	dictionary	pt_BR
agente	dictionary	pt_BR
artes	dictionary	pt_BR
enviou	dictionary	pt_BR
fluxo	dictionary	pt_BR
seguiu	dictionary	pt_BR
vendeu	dictionary	pt_BR
carros	dictionary	pt_BR
civis	dictionary	pt_BR
fotos	dictionary	pt_BR
igual	dictionary	pt_BR
lutar	dictionary	pt_BR
natal	dictionary	pt_BR
quinto	dictionary	pt_BR
torre	dictionary	pt_BR
visual	dictionary	pt_BR
ajudou	dictionary	pt_BR
ameaça	dictionary	pt_BR
tenham	dictionary	pt_BR
vocais	dictionary	pt_BR
vídeos	dictionary	pt_BR
curta	dictionary	pt_BR
dança	dictionary	pt_BR
famoso	dictionary	pt_BR
ficam	dictionary	pt_BR
mestre	dictionary	pt_BR
prazo	dictionary	pt_BR
aulas	dictionary	pt_BR
rápida	dictionary	pt_BR
templo	dictionary	pt_BR
altas	dictionary	pt_BR
entra	dictionary	pt_BR
fugir	dictionary	pt_BR
indica	dictionary	pt_BR
lançar	dictionary	pt_BR
nosso	dictionary	pt_BR
atuais	dictionary	pt_BR
canais	dictionary	pt_BR
drama	dictionary	pt_BR
folhas	dictionary	pt_BR
golpe	dictionary	pt_BR
limite	dictionary	pt_BR
morrer	dictionary	pt_BR
máxima	dictionary	pt_BR
negros	dictionary	pt_BR
razões	dictionary	pt_BR
revela	dictionary	pt_BR
sinais	dictionary	pt_BR
surgiu	dictionary	pt_BR
gerais	dictionary	pt_BR
abriu	dictionary	pt_BR
aquele	dictionary	pt_BR
status	dictionary	pt_BR
trouxe	dictionary	pt_BR
índia	dictionary	pt_BR
dentre	dictionary	pt_BR
fases	dictionary	pt_BR
vivem	dictionary	pt_BR
ampla	dictionary	pt_BR
breve	dictionary	pt_BR
enredo	dictionary	pt_BR
etapa	dictionary	pt_BR
feliz	dictionary	pt_BR
ilhas	dictionary	pt_BR
moral	dictionary	pt_BR
servir	dictionary	pt_BR
casar	dictionary	pt_BR
filhas	dictionary	pt_BR
músico	dictionary	pt_BR
ordens	dictionary	pt_BR
poderá	dictionary	pt_BR
chamar	dictionary	pt_BR
meios	dictionary	pt_BR
podiam	dictionary	pt_BR
quinze	dictionary	pt_BR
times	dictionary	pt_BR
atuar	dictionary	pt_BR
certos	dictionary	pt_BR
chama	dictionary	pt_BR
crimes	dictionary	pt_BR
câncer	dictionary	pt_BR
margem	dictionary	pt_BR
reação	dictionary	pt_BR
tarefa	dictionary	pt_BR
anual	dictionary	pt_BR
piano	dictionary	pt_BR
rosto	dictionary	pt_BR
órgão	dictionary	pt_BR
alemã	dictionary	pt_BR
direto	dictionary	pt_BR
formou	dictionary	pt_BR
mente	dictionary	pt_BR
opção	dictionary	pt_BR
possam	dictionary	pt_BR
seção	dictionary	pt_BR
sonho	dictionary	pt_BR
trilha	dictionary	pt_BR
urbana	dictionary	pt_BR
visita	dictionary	pt_BR
bloco	dictionary	pt_BR
clima	dictionary	pt_BR
lesão	dictionary	pt_BR
notas	dictionary	pt_BR
órgãos	dictionary	pt_BR
bronze	dictionary	pt_BR
contar	dictionary	pt_BR
fundou	dictionary	pt_BR
livres	dictionary	pt_BR
beleza	dictionary	pt_BR
bordo	dictionary	pt_BR
causar	dictionary	pt_BR
destas	dictionary	pt_BR
empate	dictionary	pt_BR
gravou	dictionary	pt_BR
morre	dictionary	pt_BR
papéis	dictionary	pt_BR
passo	dictionary	pt_BR
poesia	dictionary	pt_BR
regra	dictionary	pt_BR
sugere	dictionary	pt_BR
camada	dictionary	pt_BR
deram	dictionary	pt_BR
formam	dictionary	pt_BR
quinta	dictionary	pt_BR
teriam	dictionary	pt_BR
assume	dictionary	pt_BR
calor	dictionary	pt_BR
flores	dictionary	pt_BR
fêmeas	dictionary	pt_BR
gravar	dictionary	pt_BR
irmãs	dictionary	pt_BR
itens	dictionary	pt_BR
pouca	dictionary	pt_BR
cantar	dictionary	pt_BR
global	dictionary	pt_BR
legal	dictionary	pt_BR
varia	dictionary	pt_BR
compra	dictionary	pt_BR
garota	dictionary	pt_BR
grego	dictionary	pt_BR
machos	dictionary	pt_BR
ouvir	dictionary	pt_BR
salvar	dictionary	pt_BR
surge	dictionary	pt_BR
trama	dictionary	pt_BR
vítima	dictionary	pt_BR
ativa	dictionary	pt_BR
atores	dictionary	pt_BR
fatos	dictionary	pt_BR
frota	dictionary	pt_BR
padre	dictionary	pt_BR
praça	dictionary	pt_BR
raízes	dictionary	pt_BR
refere	dictionary	pt_BR
taxas	dictionary	pt_BR
temos	dictionary	pt_BR
braços	dictionary	pt_BR
físico	dictionary	pt_BR
guarda	dictionary	pt_BR
mesmas	dictionary	pt_BR
ondas	dictionary	pt_BR
castro	dictionary	pt_BR
amiga	dictionary	pt_BR
custos	dictionary	pt_BR
fator	dictionary	pt_BR
lutas	dictionary	pt_BR
preços	dictionary	pt_BR
quantas	dictionary	pt_BR
senado	dictionary	pt_BR
senador	dictionary	pt_BR
viajar	dictionary	pt_BR
co	dictionary	pt_BR
conseguem	dictionary	pt_BR
dizia	dictionary	pt_BR
fomos	dictionary	pt_BR
inferno	dictionary	pt_BR
morta	dictionary	pt_BR
odeio	dictionary	pt_BR
perfeita	dictionary	pt_BR
toque	dictionary	pt_BR
viram	dictionary	pt_BR
vos	dictionary	pt_BR
decreto	dictionary	pt_BR
disseram	dictionary	pt_BR
entendi	dictionary	pt_BR
falo	dictionary	pt_BR
fortaleza	dictionary	pt_BR
garoto	dictionary	pt_BR
jantar	dictionary	pt_BR
rural	dictionary	pt_BR
senti	dictionary	pt_BR
és	dictionary	pt_BR
canto	dictionary	pt_BR
cheiro	dictionary	pt_BR
coloca	dictionary	pt_BR
dúvidas	dictionary	pt_BR
frase	dictionary	pt_BR
grave	dictionary	pt_BR
honra	dictionary	pt_BR
humanidade	dictionary	pt_BR
inteira	dictionary	pt_BR
juro	dictionary	pt_BR
minuto	dictionary	pt_BR
novela	dictionary	pt_BR
parecem	dictionary	pt_BR
rodrigo	dictionary	pt_BR
sabendo	dictionary	pt_BR
bolsa	dictionary	pt_BR
bruno	dictionary	pt_BR
corrupção	dictionary	pt_BR
devo	dictionary	pt_BR
felicidade	dictionary	pt_BR
felizes	dictionary	pt_BR
haverá	dictionary	pt_BR
miguel	dictionary	pt_BR
piada	dictionary	pt_BR
porquê	dictionary	pt_BR
rapaz	dictionary	pt_BR
use	dictionary	pt_BR
acompanhar	dictionary	pt_BR
aonde	dictionary	pt_BR
arquivo	dictionary	pt_BR
daqueles	dictionary	pt_BR
democracia	dictionary	pt_BR
ensinar	dictionary	pt_BR
horizonte	dictionary	pt_BR
horrível	dictionary	pt_BR
idiota	dictionary	pt_BR
imaginar	dictionary	pt_BR
justo	dictionary	pt_BR
latina	dictionary	pt_BR
levantar	dictionary	pt_BR
lucas	dictionary	pt_BR
querida	dictionary	pt_BR
turismo	dictionary	pt_BR
você	dictionary	pt_BR
ceará	dictionary	pt_BR
cerveja	dictionary	pt_BR
colocou	dictionary	pt_BR
continue	dictionary	pt_BR
desculpas	dictionary	pt_BR
grosso	dictionary	pt_BR
ligado	dictionary	pt_BR
mendes	dictionary	pt_BR
mentira	dictionary	pt_BR
ouvido	dictionary	pt_BR
subir	dictionary	pt_BR
virtual	dictionary	pt_BR
brincar	dictionary	pt_BR
coronel	dictionary	pt_BR
crédito	dictionary	pt_BR
debate	dictionary	pt_BR
fundos	dictionary	pt_BR
nordeste	dictionary	pt_BR
paixão	dictionary	pt_BR
pensam	dictionary	pt_BR
pensamentos	dictionary	pt_BR
pereira	dictionary	pt_BR
saindo	dictionary	pt_BR
terão	dictionary	pt_BR
agradecer	dictionary	pt_BR
cachorro	dictionary	pt_BR
cheguei	dictionary	pt_BR
cortar	dictionary	pt_BR
doente	dictionary	pt_BR
gomes	dictionary	pt_BR
passe	dictionary	pt_BR
passos	dictionary	pt_BR
pedi	dictionary	pt_BR
ponta	dictionary	pt_BR
privada	dictionary	pt_BR
votar	dictionary	pt_BR
vírus	dictionary	pt_BR
áudio	dictionary	pt_BR
aviso	dictionary	pt_BR
barra	dictionary	pt_BR
bomba	dictionary	pt_BR
come	dictionary	pt_BR
compartilhar	dictionary	pt_BR
considerando	dictionary	pt_BR
conto	dictionary	pt_BR
decidir	dictionary	pt_BR
descrição	dictionary	pt_BR
encontrei	dictionary	pt_BR
errada	dictionary	pt_BR
europeu	dictionary	pt_BR
gostam	dictionary	pt_BR
gostava	dictionary	pt_BR
lança	dictionary	pt_BR
legais	dictionary	pt_BR
luís	dictionary	pt_BR
paula	dictionary	pt_BR
pegou	dictionary	pt_BR
queira	dictionary	pt_BR
revisão	dictionary	pt_BR
salário	dictionary	pt_BR
sequer	dictionary	pt_BR
siga	dictionary	pt_BR
tirou	dictionary	pt_BR
volto	dictionary	pt_BR
aproveitar	dictionary	pt_BR
conheci	dictionary	pt_BR
deseja	dictionary	pt_BR
droga	dictionary	pt_BR
foda	dictionary	pt_BR
fórum	dictionary	pt_BR
ouvindo	dictionary	pt_BR
parceiro	dictionary	pt_BR
perguntou	dictionary	pt_BR
pertence	dictionary	pt_BR
química	dictionary	pt_BR
solar	dictionary	pt_BR
tens	dictionary	pt_BR
terror	dictionary	pt_BR
turma	dictionary	pt_BR
virar	dictionary	pt_BR
acerca	dictionary	pt_BR
advogados	dictionary	pt_BR
atualização	dictionary	pt_BR
beijo	dictionary	pt_BR
cala	dictionary	pt_BR
chile	dictionary	pt_BR
custa	dictionary	pt_BR
cérebro	dictionary	pt_BR
daquela	dictionary	pt_BR
dicas	dictionary	pt_BR
elétrica	dictionary	pt_BR
festas	dictionary	pt_BR
louca	dictionary	pt_BR
manda	dictionary	pt_BR
meninos	dictionary	pt_BR
pau	dictionary	pt_BR
pernas	dictionary	pt_BR
precisava	dictionary	pt_BR
trocar	dictionary	pt_BR
universal	dictionary	pt_BR
ásia	dictionary	pt_BR
aceita	dictionary	pt_BR
brincadeira	dictionary	pt_BR
corre	dictionary	pt_BR
entregar	dictionary	pt_BR
ferreira	dictionary	pt_BR
médica	dictionary	pt_BR
oferta	dictionary	pt_BR
paraná	dictionary	pt_BR
peguei	dictionary	pt_BR
carregar	dictionary	pt_BR
precisar	dictionary	pt_BR
plástico	dictionary	pt_BR
empurrar	dictionary	pt_BR
primavera	dictionary	pt_BR
quadrado	dictionary	pt_BR
abóbora	dictionary	pt_BR
adjacente	dictionary	pt_BR
almofada	dictionary	pt_BR
armário	dictionary	pt_BR
aventura	dictionary	pt_BR
bicicleta	dictionary	pt_BR
borboleta	dictionary	pt_BR
brinquedo	dictionary	pt_BR
cachecol	dictionary	pt_BR
chaminé	dictionary	pt_BR
crocodilo	dictionary	pt_BR
elefante	dictionary	pt_BR
elevador	dictionary	pt_BR
espinafre	dictionary	pt_BR
esqueleto	dictionary	pt_BR
floresta	dictionary	pt_BR
guitarra	dictionary	pt_BR
maçã	dictionary	pt_BR
mochila	dictionary	pt_BR
montanha	dictionary	pt_BR
morango	dictionary	pt_BR
morcego	dictionary	pt_BR
padaria	dictionary	pt_BR
perpendicular	dictionary	pt_BR
pinguim	dictionary	pt_BR
serpente	dictionary	pt_BR
sublinhar	dictionary	pt_BR
tartaruga	dictionary	pt_BR
telefone	dictionary	pt_BR
tesoura	dictionary	pt_BR
trabalho	dictionary	pt_BR
vergonha	dictionary	pt_BR
vestido	dictionary	pt_BR
veículo	dictionary	pt_BR
primeiro	dictionary	pt_BR
primeira	dictionary	pt_BR
durante	dictionary	pt_BR
pessoas	dictionary	pt_BR
enquanto	dictionary	pt_BR
entanto	dictionary	pt_BR
história	dictionary	pt_BR
segundo	dictionary	pt_BR
sistema	dictionary	pt_BR
através	dictionary	pt_BR
governo	dictionary	pt_BR
começou	dictionary	pt_BR
milhões	dictionary	pt_BR
qualquer	dictionary	pt_BR
período	dictionary	pt_BR
algumas	dictionary	pt_BR
maioria	dictionary	pt_BR
lançado	dictionary	pt_BR
produção	dictionary	pt_BR
segunda	dictionary	pt_BR
grandes	dictionary	pt_BR
processo	dictionary	pt_BR
seguinte	dictionary	pt_BR
programa	dictionary	pt_BR
dezembro	dictionary	pt_BR
janeiro	dictionary	pt_BR
setembro	dictionary	pt_BR
sucesso	dictionary	pt_BR
empresa	dictionary	pt_BR
projeto	dictionary	pt_BR
exemplo	dictionary	pt_BR
recebeu	dictionary	pt_BR
outubro	dictionary	pt_BR
membros	dictionary	pt_BR
chamado	dictionary	pt_BR
estados	dictionary	pt_BR
carreira	dictionary	pt_BR
novembro	dictionary	pt_BR
público	dictionary	pt_BR
relação	dictionary	pt_BR
estavam	dictionary	pt_BR
política	dictionary	pt_BR
próprio	dictionary	pt_BR
possível	dictionary	pt_BR
momento	dictionary	pt_BR
mulheres	dictionary	pt_BR
posição	dictionary	pt_BR
original	dictionary	pt_BR
nacional	dictionary	pt_BR
chamada	dictionary	pt_BR
jogador	dictionary	pt_BR
própria	dictionary	pt_BR
espécie	dictionary	pt_BR
diversas	dictionary	pt_BR
maiores	dictionary	pt_BR
músicas	dictionary	pt_BR
oficial	dictionary	pt_BR
episódio	dictionary	pt_BR
diversos	dictionary	pt_BR
crianças	dictionary	pt_BR
formação	dictionary	pt_BR
poderia	dictionary	pt_BR
conjunto	dictionary	pt_BR
controle	dictionary	pt_BR
maneira	dictionary	pt_BR
bastante	dictionary	pt_BR
objetivo	dictionary	pt_BR
serviço	dictionary	pt_BR
melhores	dictionary	pt_BR
anterior	dictionary	pt_BR
terceiro	dictionary	pt_BR
somente	dictionary	pt_BR
cidades	dictionary	pt_BR
criação	dictionary	pt_BR
direção	dictionary	pt_BR
espécies	dictionary	pt_BR
estudos	dictionary	pt_BR
animais	dictionary	pt_BR
futebol	dictionary	pt_BR
anunciou	dictionary	pt_BR
militar	dictionary	pt_BR
energia	dictionary	pt_BR
exército	dictionary	pt_BR
fazendo	dictionary	pt_BR
seguida	dictionary	pt_BR
decisão	dictionary	pt_BR
especial	dictionary	pt_BR
musical	dictionary	pt_BR
diretor	dictionary	pt_BR
vitória	dictionary	pt_BR
canções	dictionary	pt_BR
escreveu	dictionary	pt_BR
interior	dictionary	pt_BR
popular	dictionary	pt_BR
serviços	dictionary	pt_BR
simples	dictionary	pt_BR
dinheiro	dictionary	pt_BR
situação	dictionary	pt_BR
contrato	dictionary	pt_BR
minutos	dictionary	pt_BR
empresas	dictionary	pt_BR
próximo	dictionary	pt_BR
tiveram	dictionary	pt_BR
estação	dictionary	pt_BR
ocorreu	dictionary	pt_BR
presença	dictionary	pt_BR
produtos	dictionary	pt_BR
capital	dictionary	pt_BR
batalha	dictionary	pt_BR
recursos	dictionary	pt_BR
revista	dictionary	pt_BR
equipes	dictionary	pt_BR
verdade	dictionary	pt_BR
campanha	dictionary	pt_BR
cultura	dictionary	pt_BR
terceira	dictionary	pt_BR
pequena	dictionary	pt_BR
eventos	dictionary	pt_BR
terminou	dictionary	pt_BR
direitos	dictionary	pt_BR
nenhuma	dictionary	pt_BR
existem	dictionary	pt_BR
material	dictionary	pt_BR
semanas	dictionary	pt_BR
afirmou	dictionary	pt_BR
estúdio	dictionary	pt_BR
nomeado	dictionary	pt_BR
entrada	dictionary	pt_BR
presente	dictionary	pt_BR
decidiu	dictionary	pt_BR
divisão	dictionary	pt_BR
permite	dictionary	pt_BR
central	dictionary	pt_BR
mudança	dictionary	pt_BR
últimos	dictionary	pt_BR
portanto	dictionary	pt_BR
encontra	dictionary	pt_BR
partida	dictionary	pt_BR
partido	dictionary	pt_BR
sentido	dictionary	pt_BR
superior	dictionary	pt_BR
possuem	dictionary	pt_BR
sistemas	dictionary	pt_BR
problema	dictionary	pt_BR
prática	dictionary	pt_BR
artista	dictionary	pt_BR
aumento	dictionary	pt_BR
palavras	dictionary	pt_BR
campeão	dictionary	pt_BR
efeitos	dictionary	pt_BR
pesquisa	dictionary	pt_BR
projetos	dictionary	pt_BR
escolas	dictionary	pt_BR
educação	dictionary	pt_BR
pública	dictionary	pt_BR
soldados	dictionary	pt_BR
passado	dictionary	pt_BR
conselho	dictionary	pt_BR
artistas	dictionary	pt_BR
sociais	dictionary	pt_BR
natureza	dictionary	pt_BR
funções	dictionary	pt_BR
humanos	dictionary	pt_BR
regiões	dictionary	pt_BR
escrita	dictionary	pt_BR
composta	dictionary	pt_BR
unidades	dictionary	pt_BR
combate	dictionary	pt_BR
escrito	dictionary	pt_BR
polícia	dictionary	pt_BR
aparece	dictionary	pt_BR
eleições	dictionary	pt_BR
dólares	dictionary	pt_BR
economia	dictionary	pt_BR
estimada	dictionary	pt_BR
famílias	dictionary	pt_BR
oficiais	dictionary	pt_BR
técnica	dictionary	pt_BR
cantora	dictionary	pt_BR
partidas	dictionary	pt_BR
versões	dictionary	pt_BR
atenção	dictionary	pt_BR
distrito	dictionary	pt_BR
respeito	dictionary	pt_BR
ambiente	dictionary	pt_BR
mundial	dictionary	pt_BR
relações	dictionary	pt_BR
assumiu	dictionary	pt_BR
crítica	dictionary	pt_BR
críticas	dictionary	pt_BR
federal	dictionary	pt_BR
contudo	dictionary	pt_BR
estreia	dictionary	pt_BR
resposta	dictionary	pt_BR
realizar	dictionary	pt_BR
valores	dictionary	pt_BR
títulos	dictionary	pt_BR
publicou	dictionary	pt_BR
unidade	dictionary	pt_BR
composto	dictionary	pt_BR
pequenas	dictionary	pt_BR
político	dictionary	pt_BR
consegue	dictionary	pt_BR
emissora	dictionary	pt_BR
edifício	dictionary	pt_BR
lugares	dictionary	pt_BR
objetos	dictionary	pt_BR
pessoal	dictionary	pt_BR
iniciou	dictionary	pt_BR
continua	dictionary	pt_BR
lançada	dictionary	pt_BR
células	dictionary	pt_BR
dizendo	dictionary	pt_BR
estreou	dictionary	pt_BR
mudanças	dictionary	pt_BR
natural	dictionary	pt_BR
imagens	dictionary	pt_BR
modelos	dictionary	pt_BR
acidente	dictionary	pt_BR
aqueles	dictionary	pt_BR
comando	dictionary	pt_BR
antigos	dictionary	pt_BR
análise	dictionary	pt_BR
inicial	dictionary	pt_BR
conceito	dictionary	pt_BR
consiste	dictionary	pt_BR
formato	dictionary	pt_BR
receber	dictionary	pt_BR
questão	dictionary	pt_BR
ficaram	dictionary	pt_BR
operação	dictionary	pt_BR
pressão	dictionary	pt_BR
conteúdo	dictionary	pt_BR
passagem	dictionary	pt_BR
estadual	dictionary	pt_BR
recorde	dictionary	pt_BR
destaque	dictionary	pt_BR
escrever	dictionary	pt_BR
tradição	dictionary	pt_BR
apareceu	dictionary	pt_BR
fizeram	dictionary	pt_BR
passando	dictionary	pt_BR
poderes	dictionary	pt_BR
musicais	dictionary	pt_BR
abertura	dictionary	pt_BR
contato	dictionary	pt_BR
disputa	dictionary	pt_BR
cultural	dictionary	pt_BR
esquerda	dictionary	pt_BR
baseado	dictionary	pt_BR
deveria	dictionary	pt_BR
próprias	dictionary	pt_BR
críticos	dictionary	pt_BR
gravação	dictionary	pt_BR
duração	dictionary	pt_BR
números	dictionary	pt_BR
comércio	dictionary	pt_BR
francês	dictionary	pt_BR
pintura	dictionary	pt_BR
torneio	dictionary	pt_BR
infância	dictionary	pt_BR
passaram	dictionary	pt_BR
décadas	dictionary	pt_BR
próxima	dictionary	pt_BR
incluem	dictionary	pt_BR
mandato	dictionary	pt_BR
próprios	dictionary	pt_BR
academia	dictionary	pt_BR
precisa	dictionary	pt_BR
descobre	dictionary	pt_BR
fundada	dictionary	pt_BR
ataques	dictionary	pt_BR
chamados	dictionary	pt_BR
eleição	dictionary	pt_BR
retornou	dictionary	pt_BR
séculos	dictionary	pt_BR
corrida	dictionary	pt_BR
geração	dictionary	pt_BR
inferior	dictionary	pt_BR
memória	dictionary	pt_BR
usuários	dictionary	pt_BR
deixando	dictionary	pt_BR
exterior	dictionary	pt_BR
pequenos	dictionary	pt_BR
estádio	dictionary	pt_BR
comissão	dictionary	pt_BR
manteve	dictionary	pt_BR
naquele	dictionary	pt_BR
atuação	dictionary	pt_BR
direita	dictionary	pt_BR
fundação	dictionary	pt_BR
produto	dictionary	pt_BR
senhora	dictionary	pt_BR
declarou	dictionary	pt_BR
imprensa	dictionary	pt_BR
negócios	dictionary	pt_BR
proposta	dictionary	pt_BR
baseada	dictionary	pt_BR
menores	dictionary	pt_BR
técnico	dictionary	pt_BR
conflito	dictionary	pt_BR
descrita	dictionary	pt_BR
produzir	dictionary	pt_BR
técnicas	dictionary	pt_BR
festival	dictionary	pt_BR
podendo	dictionary	pt_BR
conforme	dictionary	pt_BR
derrota	dictionary	pt_BR
intenção	dictionary	pt_BR
ocasião	dictionary	pt_BR
recebido	dictionary	pt_BR
concurso	dictionary	pt_BR
edições	dictionary	pt_BR
ficando	dictionary	pt_BR
questões	dictionary	pt_BR
condição	dictionary	pt_BR
extensão	dictionary	pt_BR
prefeito	dictionary	pt_BR
retorno	dictionary	pt_BR
romance	dictionary	pt_BR
seleção	dictionary	pt_BR
ciência	dictionary	pt_BR
dirigido	dictionary	pt_BR
oferece	dictionary	pt_BR
oposição	dictionary	pt_BR
atingiu	dictionary	pt_BR
realizou	dictionary	pt_BR
autores	dictionary	pt_BR
contexto	dictionary	pt_BR
expansão	dictionary	pt_BR
hospital	dictionary	pt_BR
complexo	dictionary	pt_BR
posições	dictionary	pt_BR
atingir	dictionary	pt_BR
possuía	dictionary	pt_BR
palácio	dictionary	pt_BR
aspectos	dictionary	pt_BR
completo	dictionary	pt_BR
deputado	dictionary	pt_BR
públicos	dictionary	pt_BR
veículos	dictionary	pt_BR
adultos	dictionary	pt_BR
artigos	dictionary	pt_BR
aumentar	dictionary	pt_BR
formado	dictionary	pt_BR
próximos	dictionary	pt_BR
mensagem	dictionary	pt_BR
terreno	dictionary	pt_BR
escritor	dictionary	pt_BR
impacto	dictionary	pt_BR
singles	dictionary	pt_BR
vítimas	dictionary	pt_BR
chegada	dictionary	pt_BR
desenho	dictionary	pt_BR
estrelas	dictionary	pt_BR
poderiam	dictionary	pt_BR
tropical	dictionary	pt_BR
naturais	dictionary	pt_BR
produtor	dictionary	pt_BR
tivesse	dictionary	pt_BR
líderes	dictionary	pt_BR
plantas	dictionary	pt_BR
vencedor	dictionary	pt_BR
francesa	dictionary	pt_BR
caráter	dictionary	pt_BR
coleção	dictionary	pt_BR
inimigos	dictionary	pt_BR
usuário	dictionary	pt_BR
chegaram	dictionary	pt_BR
colocado	dictionary	pt_BR
padrões	dictionary	pt_BR
planeta	dictionary	pt_BR
públicas	dictionary	pt_BR
alemães	dictionary	pt_BR
jornais	dictionary	pt_BR
aeronave	dictionary	pt_BR
completa	dictionary	pt_BR
medidas	dictionary	pt_BR
mostrar	dictionary	pt_BR
vitórias	dictionary	pt_BR
chegando	dictionary	pt_BR
classes	dictionary	pt_BR
execução	dictionary	pt_BR
línguas	dictionary	pt_BR
promover	dictionary	pt_BR
atletas	dictionary	pt_BR
escolha	dictionary	pt_BR
garantir	dictionary	pt_BR
ligação	dictionary	pt_BR
reunião	dictionary	pt_BR
vermelho	dictionary	pt_BR
tribunal	dictionary	pt_BR
alcançou	dictionary	pt_BR
assuntos	dictionary	pt_BR
capitão	dictionary	pt_BR
domínio	dictionary	pt_BR
estações	dictionary	pt_BR
métodos	dictionary	pt_BR
proteção	dictionary	pt_BR
segundos	dictionary	pt_BR
daquele	dictionary	pt_BR
estudar	dictionary	pt_BR
levando	dictionary	pt_BR
mostrou	dictionary	pt_BR
negócio	dictionary	pt_BR
solução	dictionary	pt_BR
suporte	dictionary	pt_BR
esforços	dictionary	pt_BR
formada	dictionary	pt_BR
medalha	dictionary	pt_BR
assinou	dictionary	pt_BR
cidadãos	dictionary	pt_BR
espanhol	dictionary	pt_BR
milhares	dictionary	pt_BR
vontade	dictionary	pt_BR
esforço	dictionary	pt_BR
fundado	dictionary	pt_BR
momentos	dictionary	pt_BR
resultou	dictionary	pt_BR
bilhões	dictionary	pt_BR
proteger	dictionary	pt_BR
bateria	dictionary	pt_BR
digital	dictionary	pt_BR
gravado	dictionary	pt_BR
vantagem	dictionary	pt_BR
permitiu	dictionary	pt_BR
seguido	dictionary	pt_BR
ciências	dictionary	pt_BR
bandeira	dictionary	pt_BR
encontro	dictionary	pt_BR
parceria	dictionary	pt_BR
reforma	dictionary	pt_BR
regular	dictionary	pt_BR
revelado	dictionary	pt_BR
tornando	dictionary	pt_BR
universo	dictionary	pt_BR
cenário	dictionary	pt_BR
faleceu	dictionary	pt_BR
destino	dictionary	pt_BR
espírito	dictionary	pt_BR
registro	dictionary	pt_BR
árvores	dictionary	pt_BR
últimas	dictionary	pt_BR
oliveira	dictionary	pt_BR
internet	dictionary	pt_BR
lançados	dictionary	pt_BR
prêmios	dictionary	pt_BR
religião	dictionary	pt_BR
detalhes	dictionary	pt_BR
espaços	dictionary	pt_BR
evolução	dictionary	pt_BR
figuras	dictionary	pt_BR
antigas	dictionary	pt_BR
fábrica	dictionary	pt_BR
marcado	dictionary	pt_BR
software	dictionary	pt_BR
império	dictionary	pt_BR
acontece	dictionary	pt_BR
assunto	dictionary	pt_BR
elevado	dictionary	pt_BR
escravos	dictionary	pt_BR
ninguém	dictionary	pt_BR
roteiro	dictionary	pt_BR
utilizar	dictionary	pt_BR
general	dictionary	pt_BR
japonês	dictionary	pt_BR
moderna	dictionary	pt_BR
nascido	dictionary	pt_BR
retornar	dictionary	pt_BR
titular	dictionary	pt_BR
votação	dictionary	pt_BR
colocar	dictionary	pt_BR
elemento	dictionary	pt_BR
médicos	dictionary	pt_BR
notícias	dictionary	pt_BR
príncipe	dictionary	pt_BR
redução	dictionary	pt_BR
revelou	dictionary	pt_BR
naquela	dictionary	pt_BR
notável	dictionary	pt_BR
justiça	dictionary	pt_BR
assumir	dictionary	pt_BR
capazes	dictionary	pt_BR
começam	dictionary	pt_BR
contendo	dictionary	pt_BR
decisões	dictionary	pt_BR
emprego	dictionary	pt_BR
interna	dictionary	pt_BR
mistura	dictionary	pt_BR
símbolo	dictionary	pt_BR
tratado	dictionary	pt_BR
aumenta	dictionary	pt_BR
conheceu	dictionary	pt_BR
consumo	dictionary	pt_BR
feminino	dictionary	pt_BR
inimigo	dictionary	pt_BR
paredes	dictionary	pt_BR
procura	dictionary	pt_BR
desenhos	dictionary	pt_BR
formando	dictionary	pt_BR
igrejas	dictionary	pt_BR
missões	dictionary	pt_BR
páginas	dictionary	pt_BR
alcançar	dictionary	pt_BR
centenas	dictionary	pt_BR
corrente	dictionary	pt_BR
cresceu	dictionary	pt_BR
escritos	dictionary	pt_BR
limites	dictionary	pt_BR
regional	dictionary	pt_BR
terminar	dictionary	pt_BR
tradução	dictionary	pt_BR
depende	dictionary	pt_BR
italiano	dictionary	pt_BR
leitura	dictionary	pt_BR
ocorrer	dictionary	pt_BR
ocupação	dictionary	pt_BR
preciso	dictionary	pt_BR
produziu	dictionary	pt_BR
similar	dictionary	pt_BR
colégio	dictionary	pt_BR
agentes	dictionary	pt_BR
chamadas	dictionary	pt_BR
dividida	dictionary	pt_BR
entidade	dictionary	pt_BR
inúmeras	dictionary	pt_BR
povoado	dictionary	pt_BR
práticas	dictionary	pt_BR
romanos	dictionary	pt_BR
clientes	dictionary	pt_BR
dividido	dictionary	pt_BR
exibido	dictionary	pt_BR
motivos	dictionary	pt_BR
descreve	dictionary	pt_BR
ministro	dictionary	pt_BR
reinado	dictionary	pt_BR
retirada	dictionary	pt_BR
trabalha	dictionary	pt_BR
centros	dictionary	pt_BR
clássico	dictionary	pt_BR
descrito	dictionary	pt_BR
envolve	dictionary	pt_BR
ocorrem	dictionary	pt_BR
permitem	dictionary	pt_BR
pinturas	dictionary	pt_BR
pudesse	dictionary	pt_BR
reserva	dictionary	pt_BR
revistas	dictionary	pt_BR
ausência	dictionary	pt_BR
conhece	dictionary	pt_BR
estudou	dictionary	pt_BR
crítico	dictionary	pt_BR
doenças	dictionary	pt_BR
fatores	dictionary	pt_BR
fornecer	dictionary	pt_BR
melhorar	dictionary	pt_BR
opinião	dictionary	pt_BR
paciente	dictionary	pt_BR
perdido	dictionary	pt_BR
períodos	dictionary	pt_BR
termina	dictionary	pt_BR
volumes	dictionary	pt_BR
aspecto	dictionary	pt_BR
indicado	dictionary	pt_BR
iniciais	dictionary	pt_BR
moderno	dictionary	pt_BR
músicos	dictionary	pt_BR
policial	dictionary	pt_BR
utiliza	dictionary	pt_BR
aliados	dictionary	pt_BR
capítulo	dictionary	pt_BR
circuito	dictionary	pt_BR
infantil	dictionary	pt_BR
permitir	dictionary	pt_BR
vendido	dictionary	pt_BR
amizade	dictionary	pt_BR
definido	dictionary	pt_BR
deveriam	dictionary	pt_BR
escapar	dictionary	pt_BR
morreram	dictionary	pt_BR
paradas	dictionary	pt_BR
salvador	dictionary	pt_BR
acusado	dictionary	pt_BR
aumentou	dictionary	pt_BR
discurso	dictionary	pt_BR
escolher	dictionary	pt_BR
horário	dictionary	pt_BR
incêndio	dictionary	pt_BR
potência	dictionary	pt_BR
realiza	dictionary	pt_BR
tentando	dictionary	pt_BR
augusto	dictionary	pt_BR
aparecer	dictionary	pt_BR
brancos	dictionary	pt_BR
entender	dictionary	pt_BR
fachada	dictionary	pt_BR
podemos	dictionary	pt_BR
recentes	dictionary	pt_BR
sintomas	dictionary	pt_BR
causando	dictionary	pt_BR
colegas	dictionary	pt_BR
criados	dictionary	pt_BR
editora	dictionary	pt_BR
externa	dictionary	pt_BR
fundador	dictionary	pt_BR
matéria	dictionary	pt_BR
motores	dictionary	pt_BR
parecia	dictionary	pt_BR
pessoais	dictionary	pt_BR
promoção	dictionary	pt_BR
reuniões	dictionary	pt_BR
tornaram	dictionary	pt_BR
viagens	dictionary	pt_BR
acredita	dictionary	pt_BR
animação	dictionary	pt_BR
criando	dictionary	pt_BR
fenômeno	dictionary	pt_BR
largura	dictionary	pt_BR
levaram	dictionary	pt_BR
restante	dictionary	pt_BR
sozinho	dictionary	pt_BR
bairros	dictionary	pt_BR
confusão	dictionary	pt_BR
defender	dictionary	pt_BR
destruir	dictionary	pt_BR
esporte	dictionary	pt_BR
europeus	dictionary	pt_BR
feminina	dictionary	pt_BR
impedir	dictionary	pt_BR
incluir	dictionary	pt_BR
japonesa	dictionary	pt_BR
marcada	dictionary	pt_BR
percebe	dictionary	pt_BR
precisam	dictionary	pt_BR
provável	dictionary	pt_BR
adquiriu	dictionary	pt_BR
advogado	dictionary	pt_BR
cliente	dictionary	pt_BR
clássica	dictionary	pt_BR
conhecer	dictionary	pt_BR
cuidado	dictionary	pt_BR
disputou	dictionary	pt_BR
estradas	dictionary	pt_BR
exemplos	dictionary	pt_BR
licença	dictionary	pt_BR
ordenou	dictionary	pt_BR
possuir	dictionary	pt_BR
recente	dictionary	pt_BR
iniciar	dictionary	pt_BR
medalhas	dictionary	pt_BR
meninas	dictionary	pt_BR
positiva	dictionary	pt_BR
sucessos	dictionary	pt_BR
alcance	dictionary	pt_BR
limitado	dictionary	pt_BR
mostram	dictionary	pt_BR
pilotos	dictionary	pt_BR
próximas	dictionary	pt_BR
recusou	dictionary	pt_BR
carvalho	dictionary	pt_BR
aparecem	dictionary	pt_BR
diâmetro	dictionary	pt_BR
estilos	dictionary	pt_BR
feridos	dictionary	pt_BR
incluiu	dictionary	pt_BR
modernos	dictionary	pt_BR
partidos	dictionary	pt_BR
resolver	dictionary	pt_BR
altitude	dictionary	pt_BR
arquivos	dictionary	pt_BR
culturas	dictionary	pt_BR
decorrer	dictionary	pt_BR
interno	dictionary	pt_BR
italiana	dictionary	pt_BR
ocasiões	dictionary	pt_BR
vermelha	dictionary	pt_BR
aceitou	dictionary	pt_BR
camadas	dictionary	pt_BR
comentou	dictionary	pt_BR
enviado	dictionary	pt_BR
jornada	dictionary	pt_BR
pretende	dictionary	pt_BR
resulta	dictionary	pt_BR
segredo	dictionary	pt_BR
técnicos	dictionary	pt_BR
variação	dictionary	pt_BR
anúncio	dictionary	pt_BR
aparição	dictionary	pt_BR
aprovado	dictionary	pt_BR
entrega	dictionary	pt_BR
maneiras	dictionary	pt_BR
notícia	dictionary	pt_BR
observou	dictionary	pt_BR
resolveu	dictionary	pt_BR
auxiliar	dictionary	pt_BR
derrotou	dictionary	pt_BR
digitais	dictionary	pt_BR
opiniões	dictionary	pt_BR
profunda	dictionary	pt_BR
quarenta	dictionary	pt_BR
recurso	dictionary	pt_BR
soluções	dictionary	pt_BR
tarefas	dictionary	pt_BR
marinha	dictionary	pt_BR
aprender	dictionary	pt_BR
atender	dictionary	pt_BR
cantando	dictionary	pt_BR
cumprir	dictionary	pt_BR
deixado	dictionary	pt_BR
desafio	dictionary	pt_BR
limitada	dictionary	pt_BR
máquinas	dictionary	pt_BR
quadros	dictionary	pt_BR
ranking	dictionary	pt_BR
autoria	dictionary	pt_BR
derrotar	dictionary	pt_BR
entraram	dictionary	pt_BR
escritas	dictionary	pt_BR
estréia	pending	pt_BR
funciona	dictionary	pt_BR
impostos	dictionary	pt_BR
lançaram	dictionary	pt_BR
vendidos	dictionary	pt_BR
concluiu	dictionary	pt_BR
contava	dictionary	pt_BR
cristãos	dictionary	pt_BR
espacial	dictionary	pt_BR
esportes	dictionary	pt_BR
explica	dictionary	pt_BR
extinção	dictionary	pt_BR
familiar	dictionary	pt_BR
inúmeros	dictionary	pt_BR
mostrado	dictionary	pt_BR
perdendo	dictionary	pt_BR
rebeldes	dictionary	pt_BR
reduzir	dictionary	pt_BR
católica	dictionary	pt_BR
consenso	dictionary	pt_BR
eleitos	dictionary	pt_BR
lançadas	dictionary	pt_BR
mosteiro	dictionary	pt_BR
origens	dictionary	pt_BR
parente	dictionary	pt_BR
passaporte	dictionary	pt_BR
pecados	dictionary	pt_BR
pequim	dictionary	pt_BR
permita	dictionary	pt_BR
pesadelo	dictionary	pt_BR
pires	dictionary	pt_BR
plus	dictionary	pt_BR
poderosos	dictionary	pt_BR
procuro	dictionary	pt_BR
punição	dictionary	pt_BR
pátio	dictionary	pt_BR
pátria	dictionary	pt_BR
reflete	dictionary	pt_BR
resolvido	dictionary	pt_BR
ritual	dictionary	pt_BR
rival	dictionary	pt_BR
rosas	dictionary	pt_BR
simpatia	dictionary	pt_BR
sofia	dictionary	pt_BR
sucedida	dictionary	pt_BR
surgem	dictionary	pt_BR
testamento	dictionary	pt_BR
trazem	dictionary	pt_BR
usá	dictionary	pt_BR
vazia	dictionary	pt_BR
visuais	dictionary	pt_BR
votou	dictionary	pt_BR
vós	dictionary	pt_BR
abençoe	dictionary	pt_BR
acabando	dictionary	pt_BR
acadêmica	dictionary	pt_BR
acertou	dictionary	pt_BR
acessos	dictionary	pt_BR
acrescentou	dictionary	pt_BR
amada	dictionary	pt_BR
amador	dictionary	pt_BR
amamos	dictionary	pt_BR
apresentados	dictionary	pt_BR
aproximação	dictionary	pt_BR
armando	dictionary	pt_BR
arredores	dictionary	pt_BR
artificial	dictionary	pt_BR
bancada	dictionary	pt_BR
brancas	dictionary	pt_BR
calças	dictionary	pt_BR
casamentos	dictionary	pt_BR
ciúmes	dictionary	pt_BR
comemora	dictionary	pt_BR
concluir	dictionary	pt_BR
continuem	dictionary	pt_BR
correta	dictionary	pt_BR
creme	dictionary	pt_BR
cumprimento	dictionary	pt_BR
câmbio	dictionary	pt_BR
destruído	dictionary	pt_BR
dicionário	dictionary	pt_BR
digno	dictionary	pt_BR
doméstica	dictionary	pt_BR
dourado	dictionary	pt_BR
educado	dictionary	pt_BR
eficiência	dictionary	pt_BR
ensaios	dictionary	pt_BR
escolhidos	dictionary	pt_BR
essenciais	dictionary	pt_BR
estariam	dictionary	pt_BR
estrangeira	dictionary	pt_BR
favela	dictionary	pt_BR
ferida	dictionary	pt_BR
finalidade	dictionary	pt_BR
gerenciamento	dictionary	pt_BR
gritos	dictionary	pt_BR
harmonia	dictionary	pt_BR
here	dictionary	pt_BR
horários	dictionary	pt_BR
hotéis	dictionary	pt_BR
ideais	dictionary	pt_BR
idiotas	dictionary	pt_BR
ignorância	dictionary	pt_BR
incapaz	dictionary	pt_BR
infeliz	dictionary	pt_BR
instrução	dictionary	pt_BR
integrar	dictionary	pt_BR
joelho	dictionary	pt_BR
julgado	dictionary	pt_BR
lavagem	dictionary	pt_BR
marinho	dictionary	pt_BR
marte	dictionary	pt_BR
massas	dictionary	pt_BR
mia	dictionary	pt_BR
mudado	dictionary	pt_BR
palestra	dictionary	pt_BR
pediram	dictionary	pt_BR
perdemos	dictionary	pt_BR
perigosa	dictionary	pt_BR
praias	dictionary	pt_BR
proximidade	dictionary	pt_BR
péssima	dictionary	pt_BR
quantia	dictionary	pt_BR
quieto	dictionary	pt_BR
recolher	dictionary	pt_BR
reconheceu	dictionary	pt_BR
refugiados	dictionary	pt_BR
regina	dictionary	pt_BR
registrada	dictionary	pt_BR
registrados	dictionary	pt_BR
regulamento	dictionary	pt_BR
relaxar	dictionary	pt_BR
repercussão	dictionary	pt_BR
retirado	dictionary	pt_BR
rever	dictionary	pt_BR
salvação	dictionary	pt_BR
sector	dictionary	pt_BR
seguiram	dictionary	pt_BR
sentada	dictionary	pt_BR
sigam	dictionary	pt_BR
sigla	dictionary	pt_BR
soviética	dictionary	pt_BR
subindo	dictionary	pt_BR
surgir	dictionary	pt_BR
troféu	dictionary	pt_BR
vara	dictionary	pt_BR
velhas	dictionary	pt_BR
visite	dictionary	pt_BR
voltam	dictionary	pt_BR
acompanhada	dictionary	pt_BR
acordei	dictionary	pt_BR
acre	dictionary	pt_BR
aldeias	dictionary	pt_BR
apropriado	dictionary	pt_BR
aproveitando	dictionary	pt_BR
ataca	dictionary	pt_BR
bandido	dictionary	pt_BR
bloquear	dictionary	pt_BR
cantos	dictionary	pt_BR
caros	dictionary	pt_BR
carregando	dictionary	pt_BR
case	dictionary	pt_BR
certificado	dictionary	pt_BR
chamava	dictionary	pt_BR
coberta	dictionary	pt_BR
concorrer	dictionary	pt_BR
conde	dictionary	pt_BR
conferir	dictionary	pt_BR
confiável	dictionary	pt_BR
convencional	dictionary	pt_BR
convida	dictionary	pt_BR
costumam	dictionary	pt_BR
cultivo	dictionary	pt_BR
destacando	dictionary	pt_BR
determina	dictionary	pt_BR
determinados	dictionary	pt_BR
dirige	dictionary	pt_BR
distinção	dictionary	pt_BR
divina	dictionary	pt_BR
doações	dictionary	pt_BR
elétrico	dictionary	pt_BR
entradas	dictionary	pt_BR
envolveu	dictionary	pt_BR
essencialmente	dictionary	pt_BR
faltando	dictionary	pt_BR
famosas	dictionary	pt_BR
favorável	dictionary	pt_BR
franquia	dictionary	pt_BR
frutos	dictionary	pt_BR
futuras	dictionary	pt_BR
galo	dictionary	pt_BR
genética	dictionary	pt_BR
gesto	dictionary	pt_BR
gostaríamos	dictionary	pt_BR
guardas	dictionary	pt_BR
ideologia	dictionary	pt_BR
implica	dictionary	pt_BR
indiana	dictionary	pt_BR
indiano	dictionary	pt_BR
jardins	dictionary	pt_BR
lazer	dictionary	pt_BR
lembrança	dictionary	pt_BR
levados	dictionary	pt_BR
levantamento	dictionary	pt_BR
lógico	dictionary	pt_BR
malas	dictionary	pt_BR
malta	dictionary	pt_BR
morrem	dictionary	pt_BR
mortais	dictionary	pt_BR
namorados	dictionary	pt_BR
noticias	dictionary	pt_BR
olhou	dictionary	pt_BR
organismo	dictionary	pt_BR
orgulhosa	dictionary	pt_BR
outono	dictionary	pt_BR
oxigênio	dictionary	pt_BR
perspectivas	dictionary	pt_BR
pertencem	dictionary	pt_BR
pesquisador	dictionary	pt_BR
piedade	dictionary	pt_BR
precisão	dictionary	pt_BR
processar	dictionary	pt_BR
protegido	dictionary	pt_BR
relativa	dictionary	pt_BR
respondendo	dictionary	pt_BR
saído	dictionary	pt_BR
sincero	dictionary	pt_BR
situado	dictionary	pt_BR
sobrenome	dictionary	pt_BR
solteiro	dictionary	pt_BR
solto	dictionary	pt_BR
sugeriu	dictionary	pt_BR
supervisão	dictionary	pt_BR
surpreende	dictionary	pt_BR
tigre	dictionary	pt_BR
turístico	dictionary	pt_BR
típica	dictionary	pt_BR
tópico	dictionary	pt_BR
una	dictionary	pt_BR
visualizar	dictionary	pt_BR
ângulo	dictionary	pt_BR
ícone	dictionary	pt_BR
índices	dictionary	pt_BR
abastecimento	dictionary	pt_BR
adotar	dictionary	pt_BR
almoçar	dictionary	pt_BR
ansioso	dictionary	pt_BR
apareceram	dictionary	pt_BR
apelo	dictionary	pt_BR
atirar	dictionary	pt_BR
automóveis	dictionary	pt_BR
autorizado	dictionary	pt_BR
baseados	dictionary	pt_BR
boatos	dictionary	pt_BR
bocado	dictionary	pt_BR
boi	dictionary	pt_BR
bêbado	dictionary	pt_BR
capturar	dictionary	pt_BR
capítulos	dictionary	pt_BR
cartaz	dictionary	pt_BR
comboio	dictionary	pt_BR
comentando	dictionary	pt_BR
concentrar	dictionary	pt_BR
concepção	dictionary	pt_BR
conexões	dictionary	pt_BR
coral	dictionary	pt_BR
crises	dictionary	pt_BR
câmaras	dictionary	pt_BR
desaparecer	dictionary	pt_BR
despertar	dictionary	pt_BR
envolvidas	dictionary	pt_BR
estabelecida	dictionary	pt_BR
exigir	dictionary	pt_BR
expandir	dictionary	pt_BR
feia	dictionary	pt_BR
frequentes	dictionary	pt_BR
fígado	dictionary	pt_BR
homicídios	dictionary	pt_BR
incentivo	dictionary	pt_BR
iniciada	dictionary	pt_BR
instalado	dictionary	pt_BR
instalar	dictionary	pt_BR
investir	dictionary	pt_BR
joana	dictionary	pt_BR
jonas	dictionary	pt_BR
lagoa	dictionary	pt_BR
lagos	dictionary	pt_BR
levantou	dictionary	pt_BR
manipulação	dictionary	pt_BR
mencionar	dictionary	pt_BR
mentes	dictionary	pt_BR
metragem	dictionary	pt_BR
mostre	dictionary	pt_BR
navegador	dictionary	pt_BR
negativos	dictionary	pt_BR
obrigatório	dictionary	pt_BR
olímpica	dictionary	pt_BR
pacotes	dictionary	pt_BR
parecida	dictionary	pt_BR
planalto	dictionary	pt_BR
poluição	dictionary	pt_BR
polícias	dictionary	pt_BR
positivos	dictionary	pt_BR
presas	dictionary	pt_BR
proporção	dictionary	pt_BR
proposto	dictionary	pt_BR
provocou	dictionary	pt_BR
publicamente	dictionary	pt_BR
quartel	dictionary	pt_BR
quintal	dictionary	pt_BR
secção	dictionary	pt_BR
sofrido	dictionary	pt_BR
sumiu	dictionary	pt_BR
tanque	dictionary	pt_BR
tatuagem	dictionary	pt_BR
tire	dictionary	pt_BR
tomo	dictionary	pt_BR
trabalhamos	dictionary	pt_BR
trato	dictionary	pt_BR
tropa	dictionary	pt_BR
visibilidade	dictionary	pt_BR
úteis	dictionary	pt_BR
abri	dictionary	pt_BR
adesão	dictionary	pt_BR
adicionar	dictionary	pt_BR
africanos	dictionary	pt_BR
alegando	dictionary	pt_BR
alívio	dictionary	pt_BR
aparente	dictionary	pt_BR
apontam	dictionary	pt_BR
apresentaram	dictionary	pt_BR
atlântico	dictionary	pt_BR
batalhas	dictionary	pt_BR
besta	dictionary	pt_BR
bibliotecas	dictionary	pt_BR
bilhão	dictionary	pt_BR
box	dictionary	pt_BR
brava	dictionary	pt_BR
caetano	dictionary	pt_BR
caneta	dictionary	pt_BR
capitalismo	dictionary	pt_BR
caribe	dictionary	pt_BR
censura	dictionary	pt_BR
comerciantes	dictionary	pt_BR
comparar	dictionary	pt_BR
confederação	dictionary	pt_BR
confuso	dictionary	pt_BR
consumidor	dictionary	pt_BR
contraste	dictionary	pt_BR
contínuo	dictionary	pt_BR
coreano	dictionary	pt_BR
correu	dictionary	pt_BR
criaturas	dictionary	pt_BR
declarar	dictionary	pt_BR
decoração	dictionary	pt_BR
desaparecimento	dictionary	pt_BR
desejam	dictionary	pt_BR
designer	dictionary	pt_BR
desistiu	dictionary	pt_BR
desligar	dictionary	pt_BR
despedida	dictionary	pt_BR
destruída	dictionary	pt_BR
divino	dictionary	pt_BR
diários	dictionary	pt_BR
eleita	dictionary	pt_BR
eleitorais	dictionary	pt_BR
espíritos	dictionary	pt_BR
explodir	dictionary	pt_BR
expulso	dictionary	pt_BR
externo	dictionary	pt_BR
exílio	dictionary	pt_BR
focar	dictionary	pt_BR
forçar	dictionary	pt_BR
fruta	dictionary	pt_BR
gráficos	dictionary	pt_BR
habitação	dictionary	pt_BR
incentivar	dictionary	pt_BR
indicada	dictionary	pt_BR
indicações	dictionary	pt_BR
inscritos	dictionary	pt_BR
intelectuais	dictionary	pt_BR
inteligentes	dictionary	pt_BR
iós	dictionary	pt_BR
largar	dictionary	pt_BR
lata	dictionary	pt_BR
liderado	dictionary	pt_BR
light	dictionary	pt_BR
liguei	dictionary	pt_BR
mor	dictionary	pt_BR
mover	dictionary	pt_BR
namoro	dictionary	pt_BR
noel	dictionary	pt_BR
organizou	dictionary	pt_BR
pacto	dictionary	pt_BR
palhaço	dictionary	pt_BR
panamá	dictionary	pt_BR
parei	dictionary	pt_BR
patrocínio	dictionary	pt_BR
pensado	dictionary	pt_BR
perfeição	dictionary	pt_BR
pênis	dictionary	pt_BR
reabilitação	dictionary	pt_BR
realizando	dictionary	pt_BR
receitas	dictionary	pt_BR
refeição	dictionary	pt_BR
relata	dictionary	pt_BR
renovação	dictionary	pt_BR
residente	dictionary	pt_BR
respeita	dictionary	pt_BR
saio	dictionary	pt_BR
secundário	dictionary	pt_BR
seguidos	dictionary	pt_BR
semelhança	dictionary	pt_BR
suficientemente	dictionary	pt_BR
talentos	dictionary	pt_BR
transparente	dictionary	pt_BR
tristes	dictionary	pt_BR
vacina	dictionary	pt_BR
velas	dictionary	pt_BR
veneno	dictionary	pt_BR
vier	dictionary	pt_BR
violento	dictionary	pt_BR
visões	dictionary	pt_BR
zagueiro	dictionary	pt_BR
acalmar	dictionary	pt_BR
acharam	dictionary	pt_BR
adquirir	dictionary	pt_BR
adulta	dictionary	pt_BR
aeroportos	dictionary	pt_BR
ante	dictionary	pt_BR
aposentadoria	dictionary	pt_BR
arranjar	dictionary	pt_BR
atrações	dictionary	pt_BR
babaca	dictionary	pt_BR
bandeiras	dictionary	pt_BR
campeã	dictionary	pt_BR
caxias	dictionary	pt_BR
cerco	dictionary	pt_BR
cocaína	dictionary	pt_BR
complexidade	dictionary	pt_BR
concedido	dictionary	pt_BR
confirmada	dictionary	pt_BR
consciente	dictionary	pt_BR
contratação	dictionary	pt_BR
convidar	dictionary	pt_BR
corporal	dictionary	pt_BR
corrigir	dictionary	pt_BR
cristal	dictionary	pt_BR
curar	dictionary	pt_BR
dançando	dictionary	pt_BR
declara	dictionary	pt_BR
defeito	dictionary	pt_BR
defensores	dictionary	pt_BR
denúncias	dictionary	pt_BR
desapareceu	dictionary	pt_BR
editar	dictionary	pt_BR
efetivamente	dictionary	pt_BR
eliminado	dictionary	pt_BR
envia	dictionary	pt_BR
envio	dictionary	pt_BR
estrangeiras	dictionary	pt_BR
estudando	dictionary	pt_BR
exercícios	dictionary	pt_BR
extração	dictionary	pt_BR
folga	dictionary	pt_BR
golpes	dictionary	pt_BR
gratidão	dictionary	pt_BR
gráfica	dictionary	pt_BR
guarani	dictionary	pt_BR
humilde	dictionary	pt_BR
incomum	dictionary	pt_BR
itunes	pending	pt_BR
lendas	dictionary	pt_BR
marcando	dictionary	pt_BR
menção	dictionary	pt_BR
morena	dictionary	pt_BR
negou	dictionary	pt_BR
nucleares	dictionary	pt_BR
ofensiva	dictionary	pt_BR
oferecem	dictionary	pt_BR
oferecido	dictionary	pt_BR
palma	dictionary	pt_BR
parcerias	dictionary	pt_BR
perguntam	dictionary	pt_BR
planejando	dictionary	pt_BR
pretendo	dictionary	pt_BR
prioridades	dictionary	pt_BR
proibição	dictionary	pt_BR
psicológico	dictionary	pt_BR
quadra	dictionary	pt_BR
quantidades	dictionary	pt_BR
razoável	dictionary	pt_BR
receio	dictionary	pt_BR
residências	dictionary	pt_BR
responda	dictionary	pt_BR
revolucionário	dictionary	pt_BR
rola	dictionary	pt_BR
seriamente	dictionary	pt_BR
situada	dictionary	pt_BR
substância	dictionary	pt_BR
surpreender	dictionary	pt_BR
símbolos	dictionary	pt_BR
tecidos	dictionary	pt_BR
terminei	dictionary	pt_BR
tomaram	dictionary	pt_BR
traduções	dictionary	pt_BR
transar	dictionary	pt_BR
traços	dictionary	pt_BR
término	dictionary	pt_BR
universitária	dictionary	pt_BR
vasta	dictionary	pt_BR
veem	dictionary	pt_BR
virtuais	dictionary	pt_BR
visualizações	dictionary	pt_BR
abra	dictionary	pt_BR
aceite	dictionary	pt_BR
acordou	dictionary	pt_BR
ad	dictionary	pt_BR
adorar	dictionary	pt_BR
amaral	dictionary	pt_BR
armazenamento	dictionary	pt_BR
arquiteto	dictionary	pt_BR
atualizações	dictionary	pt_BR
batida	dictionary	pt_BR
candidata	dictionary	pt_BR
causados	dictionary	pt_BR
cinemas	dictionary	pt_BR
claras	dictionary	pt_BR
coberto	dictionary	pt_BR
cometeu	dictionary	pt_BR
complicada	dictionary	pt_BR
comprado	dictionary	pt_BR
concorrência	dictionary	pt_BR
confrontos	dictionary	pt_BR
consultor	dictionary	pt_BR
controla	dictionary	pt_BR
corridas	dictionary	pt_BR
criadores	dictionary	pt_BR
cúpula	dictionary	pt_BR
damos	dictionary	pt_BR
dance	dictionary	pt_BR
descobriram	dictionary	pt_BR
desenvolvendo	dictionary	pt_BR
devolver	dictionary	pt_BR
discriminação	dictionary	pt_BR
discursos	dictionary	pt_BR
discutindo	dictionary	pt_BR
disputar	dictionary	pt_BR
dominar	dictionary	pt_BR
drive	dictionary	pt_BR
eleitor	dictionary	pt_BR
encerrar	dictionary	pt_BR
explicações	dictionary	pt_BR
falecido	dictionary	pt_BR
fantástica	dictionary	pt_BR
farinha	dictionary	pt_BR
fisicamente	dictionary	pt_BR
fumo	dictionary	pt_BR
gaúcho	dictionary	pt_BR
gerando	dictionary	pt_BR
inevitável	dictionary	pt_BR
inflação	dictionary	pt_BR
inspirada	dictionary	pt_BR
isolamento	dictionary	pt_BR
judiciais	dictionary	pt_BR
legendas	dictionary	pt_BR
macacos	dictionary	pt_BR
manga	dictionary	pt_BR
mansão	dictionary	pt_BR
minerais	dictionary	pt_BR
montes	dictionary	pt_BR
moradia	dictionary	pt_BR
multi	dictionary	pt_BR
mundos	dictionary	pt_BR
orações	dictionary	pt_BR
parceira	dictionary	pt_BR
parques	dictionary	pt_BR
partindo	dictionary	pt_BR
pensamos	dictionary	pt_BR
piorar	dictionary	pt_BR
poderíamos	dictionary	pt_BR
privilégio	dictionary	pt_BR
profeta	dictionary	pt_BR
promovendo	dictionary	pt_BR
propôs	dictionary	pt_BR
provenientes	dictionary	pt_BR
radicais	dictionary	pt_BR
realizaram	dictionary	pt_BR
reduzida	dictionary	pt_BR
rejeição	dictionary	pt_BR
respiração	dictionary	pt_BR
rindo	dictionary	pt_BR
semanal	dictionary	pt_BR
sinopse	dictionary	pt_BR
sociologia	dictionary	pt_BR
solidão	dictionary	pt_BR
sorvete	dictionary	pt_BR
substâncias	dictionary	pt_BR
terrenos	dictionary	pt_BR
terço	dictionary	pt_BR
transformando	dictionary	pt_BR
tratava	dictionary	pt_BR
túnel	dictionary	pt_BR
usaram	dictionary	pt_BR
vendedor	dictionary	pt_BR
verá	dictionary	pt_BR
vilas	dictionary	pt_BR
vivas	dictionary	pt_BR
vivi	dictionary	pt_BR
acontecimento	dictionary	pt_BR
agindo	dictionary	pt_BR
agradar	dictionary	pt_BR
agricultores	dictionary	pt_BR
assembléia	pending	pt_BR
atrasada	dictionary	pt_BR
atualidade	dictionary	pt_BR
baixe	dictionary	pt_BR
bares	dictionary	pt_BR
caminhões	dictionary	pt_BR
caracteres	dictionary	pt_BR
castigo	dictionary	pt_BR
científicos	dictionary	pt_BR
combinar	dictionary	pt_BR
componente	dictionary	pt_BR
consulado	dictionary	pt_BR
controlada	dictionary	pt_BR
controlado	dictionary	pt_BR
couro	dictionary	pt_BR
determinadas	dictionary	pt_BR
dormiu	dictionary	pt_BR
engenheiros	dictionary	pt_BR
escura	dictionary	pt_BR
estivessem	dictionary	pt_BR
feminista	dictionary	pt_BR
fornecimento	dictionary	pt_BR
garantiu	dictionary	pt_BR
garrafas	dictionary	pt_BR
gata	dictionary	pt_BR
gregos	dictionary	pt_BR
gripe	dictionary	pt_BR
imóveis	dictionary	pt_BR
incluído	dictionary	pt_BR
indicando	dictionary	pt_BR
invisível	dictionary	pt_BR
lamento	dictionary	pt_BR
limitações	dictionary	pt_BR
litros	dictionary	pt_BR
maluca	dictionary	pt_BR
memorial	dictionary	pt_BR
mesas	dictionary	pt_BR
mestres	dictionary	pt_BR
metas	dictionary	pt_BR
non	dictionary	pt_BR
obrigações	dictionary	pt_BR
organismos	dictionary	pt_BR
pareceu	dictionary	pt_BR
passear	dictionary	pt_BR
preferem	dictionary	pt_BR
prévia	dictionary	pt_BR
puderam	dictionary	pt_BR
qualidades	dictionary	pt_BR
questionar	dictionary	pt_BR
racista	dictionary	pt_BR
reflexo	dictionary	pt_BR
relevância	dictionary	pt_BR
renata	dictionary	pt_BR
respectivos	dictionary	pt_BR
resultar	dictionary	pt_BR
saibam	dictionary	pt_BR
sorrir	dictionary	pt_BR
sugerir	dictionary	pt_BR
terei	dictionary	pt_BR
tratando	dictionary	pt_BR
valente	dictionary	pt_BR
vaticano	dictionary	pt_BR
verdadeiras	dictionary	pt_BR
acompanhou	dictionary	pt_BR
acostumado	dictionary	pt_BR
acrescenta	dictionary	pt_BR
acções	pending	pt_BR
afastado	dictionary	pt_BR
ampliar	dictionary	pt_BR
amém	dictionary	pt_BR
andares	dictionary	pt_BR
apertar	dictionary	pt_BR
arábia	dictionary	pt_BR
associadas	dictionary	pt_BR
bang	dictionary	pt_BR
bebendo	dictionary	pt_BR
bobo	dictionary	pt_BR
bondade	dictionary	pt_BR
combustíveis	dictionary	pt_BR
comi	dictionary	pt_BR
conclusões	dictionary	pt_BR
condenados	dictionary	pt_BR
considere	dictionary	pt_BR
convidou	dictionary	pt_BR
coordenadas	dictionary	pt_BR
corredores	dictionary	pt_BR
criativo	dictionary	pt_BR
critério	dictionary	pt_BR
currículo	dictionary	pt_BR
demitido	dictionary	pt_BR
demonstrou	dictionary	pt_BR
departamentos	dictionary	pt_BR
deputada	dictionary	pt_BR
destinada	dictionary	pt_BR
determinou	dictionary	pt_BR
diárias	dictionary	pt_BR
domínios	dictionary	pt_BR
editores	dictionary	pt_BR
ego	dictionary	pt_BR
encontrará	dictionary	pt_BR
entusiasmo	dictionary	pt_BR
evangelho	dictionary	pt_BR
expresso	dictionary	pt_BR
fabricante	dictionary	pt_BR
fiscais	dictionary	pt_BR
fornecedores	dictionary	pt_BR
funk	dictionary	pt_BR
fusão	dictionary	pt_BR
fáceis	dictionary	pt_BR
gases	dictionary	pt_BR
gatilho	dictionary	pt_BR
gloria	dictionary	pt_BR
grossa	dictionary	pt_BR
habitual	dictionary	pt_BR
imóvel	dictionary	pt_BR
infra	dictionary	pt_BR
invadir	dictionary	pt_BR
jó	dictionary	pt_BR
lemos	dictionary	pt_BR
lesões	dictionary	pt_BR
levá	dictionary	pt_BR
liberar	dictionary	pt_BR
literária	dictionary	pt_BR
lições	dictionary	pt_BR
manteiga	dictionary	pt_BR
mantida	dictionary	pt_BR
mantêm	dictionary	pt_BR
mataram	dictionary	pt_BR
medeiros	dictionary	pt_BR
moreno	dictionary	pt_BR
mísseis	dictionary	pt_BR
módulo	dictionary	pt_BR
negativas	dictionary	pt_BR
novinha	dictionary	pt_BR
observado	dictionary	pt_BR
perdem	dictionary	pt_BR
poeira	dictionary	pt_BR
portuguesas	dictionary	pt_BR
posicionamento	dictionary	pt_BR
praças	dictionary	pt_BR
preferido	dictionary	pt_BR
primos	dictionary	pt_BR
procurado	dictionary	pt_BR
profundas	dictionary	pt_BR
proibida	dictionary	pt_BR
propriamente	dictionary	pt_BR
pára	dictionary	pt_BR
reforçar	dictionary	pt_BR
refúgio	dictionary	pt_BR
reitor	dictionary	pt_BR
relatou	dictionary	pt_BR
rendimento	dictionary	pt_BR
repressão	dictionary	pt_BR
resume	dictionary	pt_BR
roubou	dictionary	pt_BR
santuário	dictionary	pt_BR
saudita	dictionary	pt_BR
selecionados	dictionary	pt_BR
servido	dictionary	pt_BR
soberania	dictionary	pt_BR
sujeitos	dictionary	pt_BR
suprema	dictionary	pt_BR
surpresas	dictionary	pt_BR
tende	dictionary	pt_BR
tentado	dictionary	pt_BR
terrorismo	dictionary	pt_BR
torne	dictionary	pt_BR
trabalhista	dictionary	pt_BR
tradutor	dictionary	pt_BR
transportar	dictionary	pt_BR
tributo	dictionary	pt_BR
trouxeram	dictionary	pt_BR
urbanas	dictionary	pt_BR
usamos	dictionary	pt_BR
utilidade	dictionary	pt_BR
vapor	dictionary	pt_BR
vera	dictionary	pt_BR
verdades	dictionary	pt_BR
virá	dictionary	pt_BR
aconteceram	dictionary	pt_BR
admite	dictionary	pt_BR
adversários	dictionary	pt_BR
aplicado	dictionary	pt_BR
apoiado	dictionary	pt_BR
apontou	dictionary	pt_BR
apostar	dictionary	pt_BR
arrecadação	dictionary	pt_BR
asiático	dictionary	pt_BR
assustador	dictionary	pt_BR
atentado	dictionary	pt_BR
atlas	dictionary	pt_BR
atualizar	dictionary	pt_BR
automóvel	dictionary	pt_BR
autorais	dictionary	pt_BR
balanço	dictionary	pt_BR
biografia	dictionary	pt_BR
bonitos	dictionary	pt_BR
brigar	dictionary	pt_BR
camiseta	dictionary	pt_BR
chamaram	dictionary	pt_BR
chat	dictionary	pt_BR
cheias	dictionary	pt_BR
churrasco	dictionary	pt_BR
competência	dictionary	pt_BR
complexa	dictionary	pt_BR
conferências	dictionary	pt_BR
constituem	dictionary	pt_BR
cordas	dictionary	pt_BR
credibilidade	dictionary	pt_BR
credo	dictionary	pt_BR
cuidando	dictionary	pt_BR
decidimos	dictionary	pt_BR
defeitos	dictionary	pt_BR
definitiva	dictionary	pt_BR
desce	dictionary	pt_BR
difusão	dictionary	pt_BR
diretrizes	dictionary	pt_BR
dispostos	dictionary	pt_BR
doar	dictionary	pt_BR
dêem	pending	pt_BR
emissoras	dictionary	pt_BR
entendido	dictionary	pt_BR
enxergar	dictionary	pt_BR
escudo	dictionary	pt_BR
especializado	dictionary	pt_BR
executiva	dictionary	pt_BR
experimento	dictionary	pt_BR
faltar	dictionary	pt_BR
femininas	dictionary	pt_BR
grade	dictionary	pt_BR
guedes	dictionary	pt_BR
incidentes	dictionary	pt_BR
infinito	dictionary	pt_BR
interagir	dictionary	pt_BR
intercâmbio	dictionary	pt_BR
irlanda	dictionary	pt_BR
justificar	dictionary	pt_BR
lembrei	dictionary	pt_BR
liderar	dictionary	pt_BR
lorena	dictionary	pt_BR
lucrativos	dictionary	pt_BR
manifestantes	dictionary	pt_BR
mate	dictionary	pt_BR
melhorias	dictionary	pt_BR
mencionou	dictionary	pt_BR
mobilização	dictionary	pt_BR
monstros	dictionary	pt_BR
morando	dictionary	pt_BR
musica	dictionary	pt_BR
observatório	dictionary	pt_BR
obtido	dictionary	pt_BR
opera	dictionary	pt_BR
orquestra	dictionary	pt_BR
panorama	dictionary	pt_BR
pareça	dictionary	pt_BR
passados	dictionary	pt_BR
perfis	dictionary	pt_BR
permanecem	dictionary	pt_BR
postado	dictionary	pt_BR
preocupados	dictionary	pt_BR
pretendia	dictionary	pt_BR
processamento	dictionary	pt_BR
reagir	dictionary	pt_BR
reclamações	dictionary	pt_BR
reduzido	dictionary	pt_BR
reforço	dictionary	pt_BR
requisitos	dictionary	pt_BR
resolvi	dictionary	pt_BR
saldo	dictionary	pt_BR
sensibilidade	dictionary	pt_BR
seremos	dictionary	pt_BR
sombras	dictionary	pt_BR
suspenso	dictionary	pt_BR
terceiros	dictionary	pt_BR
teresa	dictionary	pt_BR
tricolor	dictionary	pt_BR
turco	dictionary	pt_BR
túmulo	dictionary	pt_BR
voando	dictionary	pt_BR
voltada	dictionary	pt_BR
xadrez	dictionary	pt_BR
barras	dictionary	pt_BR
bicho	dictionary	pt_BR
bilhete	dictionary	pt_BR
boletim	dictionary	pt_BR
brito	dictionary	pt_BR
buracos	dictionary	pt_BR
carneiro	dictionary	pt_BR
cavaleiros	dictionary	pt_BR
caçar	dictionary	pt_BR
cenários	dictionary	pt_BR
chip	dictionary	pt_BR
ciclistas	dictionary	pt_BR
cineasta	dictionary	pt_BR
cinzas	dictionary	pt_BR
climáticas	dictionary	pt_BR
colaborar	dictionary	pt_BR
cole	dictionary	pt_BR
competir	dictionary	pt_BR
concedida	dictionary	pt_BR
conclui	dictionary	pt_BR
concorrentes	dictionary	pt_BR
conectar	dictionary	pt_BR
conjunta	dictionary	pt_BR
construindo	dictionary	pt_BR
continental	dictionary	pt_BR
dai	dictionary	pt_BR
delicioso	dictionary	pt_BR
delta	dictionary	pt_BR
denunciar	dictionary	pt_BR
dera	dictionary	pt_BR
diamante	dictionary	pt_BR
dificilmente	dictionary	pt_BR
dirigiu	dictionary	pt_BR
distantes	dictionary	pt_BR
doméstico	dictionary	pt_BR
duque	dictionary	pt_BR
eco	dictionary	pt_BR
elegante	dictionary	pt_BR
empresarial	dictionary	pt_BR
emprestado	dictionary	pt_BR
encontrando	dictionary	pt_BR
engraçada	dictionary	pt_BR
escuridão	dictionary	pt_BR
esquadra	dictionary	pt_BR
frágil	dictionary	pt_BR
fábricas	dictionary	pt_BR
gota	dictionary	pt_BR
governamental	dictionary	pt_BR
historicamente	dictionary	pt_BR
horta	dictionary	pt_BR
industriais	dictionary	pt_BR
insegurança	dictionary	pt_BR
interferência	dictionary	pt_BR
interpretar	dictionary	pt_BR
macau	dictionary	pt_BR
manifesto	dictionary	pt_BR
mete	dictionary	pt_BR
mexicana	dictionary	pt_BR
microfone	dictionary	pt_BR
mira	dictionary	pt_BR
modernas	dictionary	pt_BR
mole	dictionary	pt_BR
morada	dictionary	pt_BR
movimentação	dictionary	pt_BR
múltiplas	dictionary	pt_BR
novelas	dictionary	pt_BR
ocorrendo	dictionary	pt_BR
palestina	dictionary	pt_BR
partilha	dictionary	pt_BR
peitos	dictionary	pt_BR
porção	dictionary	pt_BR
precisou	dictionary	pt_BR
preencher	dictionary	pt_BR
publico	dictionary	pt_BR
pássaros	dictionary	pt_BR
quilos	dictionary	pt_BR
quisesse	dictionary	pt_BR
rapariga	dictionary	pt_BR
ratos	dictionary	pt_BR
reféns	dictionary	pt_BR
relaxa	dictionary	pt_BR
restrição	dictionary	pt_BR
rivais	dictionary	pt_BR
romano	dictionary	pt_BR
sargento	dictionary	pt_BR
secundária	dictionary	pt_BR
sobrinha	dictionary	pt_BR
solteira	dictionary	pt_BR
sozinhos	dictionary	pt_BR
supermercado	dictionary	pt_BR
sustentar	dictionary	pt_BR
sócios	dictionary	pt_BR
tanques	dictionary	pt_BR
tesão	dictionary	pt_BR
transformado	dictionary	pt_BR
tópicos	dictionary	pt_BR
ultra	dictionary	pt_BR
utilizador	dictionary	pt_BR
vegetais	dictionary	pt_BR
vilão	dictionary	pt_BR
viúva	dictionary	pt_BR
vocês	dictionary	pt_BR
vício	dictionary	pt_BR
acervo	dictionary	pt_BR
adaptar	dictionary	pt_BR
almirante	dictionary	pt_BR
amanhecer	dictionary	pt_BR
angel	dictionary	pt_BR
apartamentos	dictionary	pt_BR
apreciar	dictionary	pt_BR
arriscar	dictionary	pt_BR
atrai	dictionary	pt_BR
atribuição	dictionary	pt_BR
avançada	dictionary	pt_BR
avisa	dictionary	pt_BR
barragem	dictionary	pt_BR
bélgica	dictionary	pt_BR
bônus	dictionary	pt_BR
calmo	dictionary	pt_BR
cantou	dictionary	pt_BR
claros	dictionary	pt_BR
condicionado	dictionary	pt_BR
confusa	dictionary	pt_BR
contribui	dictionary	pt_BR
corporação	dictionary	pt_BR
cuide	dictionary	pt_BR
desaparecido	dictionary	pt_BR
dispõe	dictionary	pt_BR
diziam	dictionary	pt_BR
domésticos	dictionary	pt_BR
educacionais	dictionary	pt_BR
enviadas	dictionary	pt_BR
equipas	dictionary	pt_BR
esportivo	dictionary	pt_BR
esqueçam	dictionary	pt_BR
estabelecimentos	dictionary	pt_BR
exclusão	dictionary	pt_BR
externas	dictionary	pt_BR
faltava	dictionary	pt_BR
falência	dictionary	pt_BR
formatos	dictionary	pt_BR
fracos	dictionary	pt_BR
frequente	dictionary	pt_BR
gerado	dictionary	pt_BR
gorda	dictionary	pt_BR
gostamos	dictionary	pt_BR
identificados	dictionary	pt_BR
importam	dictionary	pt_BR
incomodar	dictionary	pt_BR
incêndios	dictionary	pt_BR
influências	dictionary	pt_BR
informe	dictionary	pt_BR
lançando	dictionary	pt_BR
ambiguidade	dictionary	pt_BR
arquitetônico	dictionary	pt_BR
biblioteca	dictionary	pt_BR
bilíngue	dictionary	pt_BR
brócolis	dictionary	pt_BR
calendário	dictionary	pt_BR
circunferência	dictionary	pt_BR
computador	dictionary	pt_BR
desenvolver	dictionary	pt_BR
desidratação	dictionary	pt_BR
dinossauro	dictionary	pt_BR
eletrodoméstico	dictionary	pt_BR
exceção	dictionary	pt_BR
excêntrico	dictionary	pt_BR
exibição	dictionary	pt_BR
extraordinário	dictionary	pt_BR
exuberante	dictionary	pt_BR
farmácia	dictionary	pt_BR
hambúrguer	dictionary	pt_BR
hemorragia	dictionary	pt_BR
hieróglifo	dictionary	pt_BR
hipopótamo	dictionary	pt_BR
idiossincrasia	dictionary	pt_BR
imprescindível	dictionary	pt_BR
inconstitucional	dictionary	pt_BR
justaposição	dictionary	pt_BR
linguística	dictionary	pt_BR
maiúscula	dictionary	pt_BR
minúscula	dictionary	pt_BR
obstáculo	dictionary	pt_BR
ortográfico	dictionary	pt_BR
psicólogo	dictionary	pt_BR
quilômetro	dictionary	pt_BR
reivindicar	dictionary	pt_BR
satisfação	dictionary	pt_BR
televisão	dictionary	pt_BR
transatlântico	dictionary	pt_BR
ventilador	dictionary	pt_BR
vicissitude	dictionary	pt_BR
xilofone	dictionary	pt_BR
população	dictionary	pt_BR
temporada	dictionary	pt_BR
conhecido	dictionary	pt_BR
diferentes	dictionary	pt_BR
principal	dictionary	pt_BR
incluindo	dictionary	pt_BR
habitantes	dictionary	pt_BR
construção	dictionary	pt_BR
primeiros	dictionary	pt_BR
fevereiro	dictionary	pt_BR
presidente	dictionary	pt_BR
novamente	dictionary	pt_BR
geralmente	dictionary	pt_BR
desenvolvimento	dictionary	pt_BR
principalmente	dictionary	pt_BR
principais	dictionary	pt_BR
lançamento	dictionary	pt_BR
importante	dictionary	pt_BR
município	dictionary	pt_BR
problemas	dictionary	pt_BR
movimento	dictionary	pt_BR
conhecida	dictionary	pt_BR
resultado	dictionary	pt_BR
conseguiu	dictionary	pt_BR
personagem	dictionary	pt_BR
atividades	dictionary	pt_BR
considerado	dictionary	pt_BR
universidade	dictionary	pt_BR
estrutura	dictionary	pt_BR
personagens	dictionary	pt_BR
capacidade	dictionary	pt_BR
jogadores	dictionary	pt_BR
competição	dictionary	pt_BR
primeiras	dictionary	pt_BR
organização	dictionary	pt_BR
participação	dictionary	pt_BR
sociedade	dictionary	pt_BR
elementos	dictionary	pt_BR
casamento	dictionary	pt_BR
atualmente	dictionary	pt_BR
apresenta	dictionary	pt_BR
trabalhos	dictionary	pt_BR
continuou	dictionary	pt_BR
posteriormente	dictionary	pt_BR
território	dictionary	pt_BR
trabalhar	dictionary	pt_BR
aproximadamente	dictionary	pt_BR
categoria	dictionary	pt_BR
condições	dictionary	pt_BR
importantes	dictionary	pt_BR
encontrar	dictionary	pt_BR
programas	dictionary	pt_BR
segurança	dictionary	pt_BR
entretanto	dictionary	pt_BR
comunidade	dictionary	pt_BR
responsável	dictionary	pt_BR
começaram	dictionary	pt_BR
rapidamente	dictionary	pt_BR
qualidade	dictionary	pt_BR
militares	dictionary	pt_BR
episódios	dictionary	pt_BR
informações	dictionary	pt_BR
frequentemente	dictionary	pt_BR
características	dictionary	pt_BR
professor	dictionary	pt_BR
considerada	dictionary	pt_BR
realizado	dictionary	pt_BR
utilizado	dictionary	pt_BR
influência	dictionary	pt_BR
internacional	dictionary	pt_BR
normalmente	dictionary	pt_BR
quantidade	dictionary	pt_BR
realizada	dictionary	pt_BR
especialmente	dictionary	pt_BR
finalmente	dictionary	pt_BR
profissional	dictionary	pt_BR
necessário	dictionary	pt_BR
interesse	dictionary	pt_BR
anteriores	dictionary	pt_BR
campeonato	dictionary	pt_BR
contrário	dictionary	pt_BR
diferente	dictionary	pt_BR
resultados	dictionary	pt_BR
significa	dictionary	pt_BR
atividade	dictionary	pt_BR
participou	dictionary	pt_BR
existência	dictionary	pt_BR
instituto	dictionary	pt_BR
conhecimento	dictionary	pt_BR
municipal	dictionary	pt_BR
brasileiro	dictionary	pt_BR
diretamente	dictionary	pt_BR
propriedade	dictionary	pt_BR
trabalhou	dictionary	pt_BR
superfície	dictionary	pt_BR
seguintes	dictionary	pt_BR
totalmente	dictionary	pt_BR
publicado	dictionary	pt_BR
tratamento	dictionary	pt_BR
velocidade	dictionary	pt_BR
experiência	dictionary	pt_BR
completamente	dictionary	pt_BR
crescimento	dictionary	pt_BR
inicialmente	dictionary	pt_BR
oficialmente	dictionary	pt_BR
república	dictionary	pt_BR
indústria	dictionary	pt_BR
provavelmente	dictionary	pt_BR
comprimento	dictionary	pt_BR
brasileira	dictionary	pt_BR
políticas	dictionary	pt_BR
comercial	dictionary	pt_BR
referência	dictionary	pt_BR
informação	dictionary	pt_BR
passageiros	dictionary	pt_BR
realidade	dictionary	pt_BR
companhia	dictionary	pt_BR
nacionais	dictionary	pt_BR
participar	dictionary	pt_BR
representa	dictionary	pt_BR
juntamente	dictionary	pt_BR
administração	dictionary	pt_BR
funcionários	dictionary	pt_BR
conquistou	dictionary	pt_BR
distância	dictionary	pt_BR
histórias	dictionary	pt_BR
importância	dictionary	pt_BR
indivíduos	dictionary	pt_BR
presentes	dictionary	pt_BR
profissionais	dictionary	pt_BR
tentativa	dictionary	pt_BR
português	dictionary	pt_BR
necessidade	dictionary	pt_BR
comunicação	dictionary	pt_BR
homenagem	dictionary	pt_BR
construído	dictionary	pt_BR
simplesmente	dictionary	pt_BR
permaneceu	dictionary	pt_BR
suficiente	dictionary	pt_BR
tecnologia	dictionary	pt_BR
inclusive	dictionary	pt_BR
tradicional	dictionary	pt_BR
originalmente	dictionary	pt_BR
distribuição	dictionary	pt_BR
realmente	dictionary	pt_BR
autoridade	dictionary	pt_BR
estudantes	dictionary	pt_BR
transporte	dictionary	pt_BR
sequência	dictionary	pt_BR
independente	dictionary	pt_BR
relacionamento	dictionary	pt_BR
conhecidos	dictionary	pt_BR
anteriormente	dictionary	pt_BR
apresentação	dictionary	pt_BR
classificação	dictionary	pt_BR
operações	dictionary	pt_BR
disponível	dictionary	pt_BR
científica	dictionary	pt_BR
processos	dictionary	pt_BR
variedade	dictionary	pt_BR
anunciado	dictionary	pt_BR
entrevista	dictionary	pt_BR
comerciais	dictionary	pt_BR
temperatura	dictionary	pt_BR
associação	dictionary	pt_BR
comportamento	dictionary	pt_BR
desempenho	dictionary	pt_BR
semelhante	dictionary	pt_BR
instituição	dictionary	pt_BR
utilizada	dictionary	pt_BR
apresentou	dictionary	pt_BR
autoridades	dictionary	pt_BR
imediatamente	dictionary	pt_BR
participantes	dictionary	pt_BR
particular	dictionary	pt_BR
possibilidade	dictionary	pt_BR
resistência	dictionary	pt_BR
localizado	dictionary	pt_BR
encontrado	dictionary	pt_BR
ministério	dictionary	pt_BR
apresentam	dictionary	pt_BR
exposição	dictionary	pt_BR
originais	dictionary	pt_BR
tempestade	dictionary	pt_BR
expressão	dictionary	pt_BR
liberdade	dictionary	pt_BR
materiais	dictionary	pt_BR
programação	dictionary	pt_BR
aconteceu	dictionary	pt_BR
audiência	dictionary	pt_BR
construída	dictionary	pt_BR
intitulado	dictionary	pt_BR
realizadas	dictionary	pt_BR
especiais	dictionary	pt_BR
internacionais	dictionary	pt_BR
temporadas	dictionary	pt_BR
linguagem	dictionary	pt_BR
políticos	dictionary	pt_BR
edifícios	dictionary	pt_BR
instituições	dictionary	pt_BR
relativamente	dictionary	pt_BR
praticamente	dictionary	pt_BR
transmissão	dictionary	pt_BR
literatura	dictionary	pt_BR
apresentar	dictionary	pt_BR
identidade	dictionary	pt_BR
potencial	dictionary	pt_BR
construir	dictionary	pt_BR
histórico	dictionary	pt_BR
substituído	dictionary	pt_BR
continuar	dictionary	pt_BR
oportunidade	dictionary	pt_BR
província	dictionary	pt_BR
extremamente	dictionary	pt_BR
publicação	dictionary	pt_BR
americano	dictionary	pt_BR
produzido	dictionary	pt_BR
estruturas	dictionary	pt_BR
governador	dictionary	pt_BR
liderança	dictionary	pt_BR
brasileiros	dictionary	pt_BR
reconhecimento	dictionary	pt_BR
tradicionais	dictionary	pt_BR
congresso	dictionary	pt_BR
publicada	dictionary	pt_BR
utilizados	dictionary	pt_BR
dificuldades	dictionary	pt_BR
portuguesa	dictionary	pt_BR
princípio	dictionary	pt_BR
propriedades	dictionary	pt_BR
composição	dictionary	pt_BR
frequência	dictionary	pt_BR
investigação	dictionary	pt_BR
plataforma	dictionary	pt_BR
densidade	dictionary	pt_BR
disponíveis	dictionary	pt_BR
movimentos	dictionary	pt_BR
assassinato	dictionary	pt_BR
habilidades	dictionary	pt_BR
populares	dictionary	pt_BR
localizada	dictionary	pt_BR
fundamental	dictionary	pt_BR
trabalhadores	dictionary	pt_BR
apresentado	dictionary	pt_BR
categorias	dictionary	pt_BR
característica	dictionary	pt_BR
gravadora	dictionary	pt_BR
gravações	dictionary	pt_BR
instrumentos	dictionary	pt_BR
moradores	dictionary	pt_BR
candidato	dictionary	pt_BR
indivíduo	dictionary	pt_BR
colocação	dictionary	pt_BR
culturais	dictionary	pt_BR
desenvolvido	dictionary	pt_BR
assembleia	dictionary	pt_BR
encontrados	dictionary	pt_BR
verdadeira	dictionary	pt_BR
austrália	dictionary	pt_BR
pesquisas	dictionary	pt_BR
situações	dictionary	pt_BR
econômica	dictionary	pt_BR
equipamentos	dictionary	pt_BR
freguesia	dictionary	pt_BR
individual	dictionary	pt_BR
realização	dictionary	pt_BR
trabalhando	dictionary	pt_BR
amplamente	dictionary	pt_BR
interpretação	dictionary	pt_BR
alterações	dictionary	pt_BR
conseguir	dictionary	pt_BR
franceses	dictionary	pt_BR
independência	dictionary	pt_BR
imperador	dictionary	pt_BR
organizações	dictionary	pt_BR
fronteira	dictionary	pt_BR
nascimento	dictionary	pt_BR
permitindo	dictionary	pt_BR
semelhantes	dictionary	pt_BR
arquitetura	dictionary	pt_BR
conseguiram	dictionary	pt_BR
considerados	dictionary	pt_BR
diferença	dictionary	pt_BR
documentos	dictionary	pt_BR
estrangeiros	dictionary	pt_BR
jornalista	dictionary	pt_BR
treinamento	dictionary	pt_BR
utilização	dictionary	pt_BR
conhecidas	dictionary	pt_BR
determinado	dictionary	pt_BR
municípios	dictionary	pt_BR
professores	dictionary	pt_BR
faculdade	dictionary	pt_BR
aplicação	dictionary	pt_BR
facilmente	dictionary	pt_BR
significado	dictionary	pt_BR
alimentos	dictionary	pt_BR
instalações	dictionary	pt_BR
violência	dictionary	pt_BR
aeroporto	dictionary	pt_BR
conclusão	dictionary	pt_BR
constante	dictionary	pt_BR
necessária	dictionary	pt_BR
prefeitura	dictionary	pt_BR
compositor	dictionary	pt_BR
quilômetros	dictionary	pt_BR
encontram	dictionary	pt_BR
pacientes	dictionary	pt_BR
desenvolveu	dictionary	pt_BR
realizados	dictionary	pt_BR
aeronaves	dictionary	pt_BR
exclusivamente	dictionary	pt_BR
existentes	dictionary	pt_BR
julgamento	dictionary	pt_BR
particularmente	dictionary	pt_BR
personalidade	dictionary	pt_BR
respondeu	dictionary	pt_BR
americana	dictionary	pt_BR
aparência	dictionary	pt_BR
descoberta	dictionary	pt_BR
eventualmente	dictionary	pt_BR
representação	dictionary	pt_BR
respectivamente	dictionary	pt_BR
treinador	dictionary	pt_BR
visitantes	dictionary	pt_BR
britânicos	dictionary	pt_BR
verdadeiro	dictionary	pt_BR
anualmente	dictionary	pt_BR
combustível	dictionary	pt_BR
definição	dictionary	pt_BR
experiências	dictionary	pt_BR
performance	dictionary	pt_BR
popularidade	dictionary	pt_BR
portugueses	dictionary	pt_BR
produtores	dictionary	pt_BR
religiosa	dictionary	pt_BR
apresentações	dictionary	pt_BR
avaliação	dictionary	pt_BR
conquista	dictionary	pt_BR
igualmente	dictionary	pt_BR
integrantes	dictionary	pt_BR
objetivos	dictionary	pt_BR
aniversário	dictionary	pt_BR
cobertura	dictionary	pt_BR
escritório	dictionary	pt_BR
industrial	dictionary	pt_BR
introdução	dictionary	pt_BR
britânico	dictionary	pt_BR
confirmou	dictionary	pt_BR
derrotado	dictionary	pt_BR
descobrir	dictionary	pt_BR
diferenças	dictionary	pt_BR
fortemente	dictionary	pt_BR
instalação	dictionary	pt_BR
interesses	dictionary	pt_BR
orçamento	dictionary	pt_BR
posteriores	dictionary	pt_BR
colaboração	dictionary	pt_BR
denominação	dictionary	pt_BR
dificuldade	dictionary	pt_BR
adicionais	dictionary	pt_BR
estabelecer	dictionary	pt_BR
habilidade	dictionary	pt_BR
localização	dictionary	pt_BR
princípios	dictionary	pt_BR
aprovação	dictionary	pt_BR
candidatos	dictionary	pt_BR
conflitos	dictionary	pt_BR
encontrou	dictionary	pt_BR
evidências	dictionary	pt_BR
responsáveis	dictionary	pt_BR
sobretudo	dictionary	pt_BR
constituição	dictionary	pt_BR
ferramentas	dictionary	pt_BR
manutenção	dictionary	pt_BR
reconhecido	dictionary	pt_BR
religiosas	dictionary	pt_BR
departamento	dictionary	pt_BR
associado	dictionary	pt_BR
inaugurado	dictionary	pt_BR
parcialmente	dictionary	pt_BR
receberam	dictionary	pt_BR
restantes	dictionary	pt_BR
federação	dictionary	pt_BR
altamente	dictionary	pt_BR
comunidades	dictionary	pt_BR
envolvidos	dictionary	pt_BR
toneladas	dictionary	pt_BR
afirmando	dictionary	pt_BR
americanos	dictionary	pt_BR
espectadores	dictionary	pt_BR
independentes	dictionary	pt_BR
publicados	dictionary	pt_BR
recentemente	dictionary	pt_BR
relacionados	dictionary	pt_BR
videoclipe	dictionary	pt_BR
acontecimentos	dictionary	pt_BR
aparentemente	dictionary	pt_BR
artística	dictionary	pt_BR
colocados	dictionary	pt_BR
combinação	dictionary	pt_BR
descreveu	dictionary	pt_BR
encontrada	dictionary	pt_BR
necessidades	dictionary	pt_BR
recuperação	dictionary	pt_BR
continuaram	dictionary	pt_BR
destruição	dictionary	pt_BR
envolvendo	dictionary	pt_BR
recebendo	dictionary	pt_BR
religiosos	dictionary	pt_BR
superiores	dictionary	pt_BR
circulação	dictionary	pt_BR
documento	dictionary	pt_BR
escolhido	dictionary	pt_BR
filosofia	dictionary	pt_BR
funcionamento	dictionary	pt_BR
permanece	dictionary	pt_BR
possivelmente	dictionary	pt_BR
quadrinhos	dictionary	pt_BR
representantes	dictionary	pt_BR
alimentação	dictionary	pt_BR
controlar	dictionary	pt_BR
determinada	dictionary	pt_BR
imigrantes	dictionary	pt_BR
populações	dictionary	pt_BR
posterior	dictionary	pt_BR
tripulação	dictionary	pt_BR
argentina	dictionary	pt_BR
campanhas	dictionary	pt_BR
descobriu	dictionary	pt_BR
empresário	dictionary	pt_BR
iniciativa	dictionary	pt_BR
pensamento	dictionary	pt_BR
raramente	dictionary	pt_BR
sentimentos	dictionary	pt_BR
competições	dictionary	pt_BR
concentração	dictionary	pt_BR
específico	dictionary	pt_BR
esperança	dictionary	pt_BR
estabeleceu	dictionary	pt_BR
existente	dictionary	pt_BR
ocidental	dictionary	pt_BR
produzida	dictionary	pt_BR
residência	dictionary	pt_BR
tentativas	dictionary	pt_BR
abordagem	dictionary	pt_BR
composições	dictionary	pt_BR
construídos	dictionary	pt_BR
convidado	dictionary	pt_BR
dependendo	dictionary	pt_BR
dispositivo	dictionary	pt_BR
filmagens	dictionary	pt_BR
populacional	dictionary	pt_BR
possíveis	dictionary	pt_BR
aplicações	dictionary	pt_BR
intervenção	dictionary	pt_BR
mostrando	dictionary	pt_BR
policiais	dictionary	pt_BR
registros	dictionary	pt_BR
componentes	dictionary	pt_BR
concertos	dictionary	pt_BR
definitivamente	dictionary	pt_BR
descendentes	dictionary	pt_BR
determinar	dictionary	pt_BR
historiadores	dictionary	pt_BR
positivas	dictionary	pt_BR
proprietários	dictionary	pt_BR
relacionadas	dictionary	pt_BR
distritos	dictionary	pt_BR
enfrentar	dictionary	pt_BR
inteligência	dictionary	pt_BR
italianos	dictionary	pt_BR
japoneses	dictionary	pt_BR
localidade	dictionary	pt_BR
registrou	dictionary	pt_BR
utilizadas	dictionary	pt_BR
abandonar	dictionary	pt_BR
associados	dictionary	pt_BR
considerável	dictionary	pt_BR
econômico	dictionary	pt_BR
estratégia	dictionary	pt_BR
estudante	dictionary	pt_BR
exatamente	dictionary	pt_BR
executivo	dictionary	pt_BR
instrumento	dictionary	pt_BR
interação	dictionary	pt_BR
produzidos	dictionary	pt_BR
professora	dictionary	pt_BR
promovido	dictionary	pt_BR
proprietário	dictionary	pt_BR
assistente	dictionary	pt_BR
brilhante	dictionary	pt_BR
compostos	dictionary	pt_BR
consciência	dictionary	pt_BR
evidência	dictionary	pt_BR
histórica	dictionary	pt_BR
matemática	dictionary	pt_BR
propostas	dictionary	pt_BR
brasileiras	dictionary	pt_BR
comandante	dictionary	pt_BR
crescente	dictionary	pt_BR
disputada	dictionary	pt_BR
individuais	dictionary	pt_BR
recuperar	dictionary	pt_BR
tecnologias	dictionary	pt_BR
apresentada	dictionary	pt_BR
continuam	dictionary	pt_BR
específicos	dictionary	pt_BR
expedição	dictionary	pt_BR
inteiramente	dictionary	pt_BR
juventude	dictionary	pt_BR
masculino	dictionary	pt_BR
pagamento	dictionary	pt_BR
presidência	dictionary	pt_BR
quadrados	dictionary	pt_BR
significativa	dictionary	pt_BR
tendência	dictionary	pt_BR
trabalhava	dictionary	pt_BR
artístico	dictionary	pt_BR
cerimônia	dictionary	pt_BR
cientistas	dictionary	pt_BR
companheiros	dictionary	pt_BR
comparação	dictionary	pt_BR
confiança	dictionary	pt_BR
contribuiu	dictionary	pt_BR
equivalente	dictionary	pt_BR
financeira	dictionary	pt_BR
necessários	dictionary	pt_BR
propósito	dictionary	pt_BR
publicações	dictionary	pt_BR
regionais	dictionary	pt_BR
representam	dictionary	pt_BR
transição	dictionary	pt_BR
consideradas	dictionary	pt_BR
continente	dictionary	pt_BR
denominado	dictionary	pt_BR
dispositivos	dictionary	pt_BR
exploração	dictionary	pt_BR
exposições	dictionary	pt_BR
intensidade	dictionary	pt_BR
negociações	dictionary	pt_BR
perspectiva	dictionary	pt_BR
religioso	dictionary	pt_BR
territórios	dictionary	pt_BR
vencedores	dictionary	pt_BR
apartamento	dictionary	pt_BR
consequência	dictionary	pt_BR
denominada	dictionary	pt_BR
dimensões	dictionary	pt_BR
equilíbrio	dictionary	pt_BR
impressão	dictionary	pt_BR
incidente	dictionary	pt_BR
indígenas	dictionary	pt_BR
municipais	dictionary	pt_BR
orientação	dictionary	pt_BR
profundidade	dictionary	pt_BR
representando	dictionary	pt_BR
separação	dictionary	pt_BR
vocalista	dictionary	pt_BR
completar	dictionary	pt_BR
comumente	dictionary	pt_BR
entrevistas	dictionary	pt_BR
especificamente	dictionary	pt_BR
familiares	dictionary	pt_BR
históricos	dictionary	pt_BR
integração	dictionary	pt_BR
partículas	dictionary	pt_BR
pontuação	dictionary	pt_BR
relatório	dictionary	pt_BR
acreditam	dictionary	pt_BR
agricultura	dictionary	pt_BR
apresentando	dictionary	pt_BR
assistência	dictionary	pt_BR
britânica	dictionary	pt_BR
comentários	dictionary	pt_BR
constantemente	dictionary	pt_BR
financeiros	dictionary	pt_BR
intitulada	dictionary	pt_BR
profissão	dictionary	pt_BR
representante	dictionary	pt_BR
resolução	dictionary	pt_BR
ocorreram	dictionary	pt_BR
pesquisadores	dictionary	pt_BR
províncias	dictionary	pt_BR
relacionado	dictionary	pt_BR
terminando	dictionary	pt_BR
secretaria	dictionary	pt_BR
anunciada	dictionary	pt_BR
aquisição	dictionary	pt_BR
construções	dictionary	pt_BR
declaração	dictionary	pt_BR
depressão	dictionary	pt_BR
encontradas	dictionary	pt_BR
envolvimento	dictionary	pt_BR
identificação	dictionary	pt_BR
infraestrutura	dictionary	pt_BR
permanecer	dictionary	pt_BR
plataformas	dictionary	pt_BR
prisioneiros	dictionary	pt_BR
produzidas	dictionary	pt_BR
referências	dictionary	pt_BR
temperaturas	dictionary	pt_BR
variações	dictionary	pt_BR
acreditava	dictionary	pt_BR
classificados	dictionary	pt_BR
conceitos	dictionary	pt_BR
conquistar	dictionary	pt_BR
conservação	dictionary	pt_BR
considera	dictionary	pt_BR
construiu	dictionary	pt_BR
envolvido	dictionary	pt_BR
ferramenta	dictionary	pt_BR
inauguração	dictionary	pt_BR
modificações	dictionary	pt_BR
perseguição	dictionary	pt_BR
utilizando	dictionary	pt_BR
administrativa	dictionary	pt_BR
apresentava	dictionary	pt_BR
assinatura	dictionary	pt_BR
atmosfera	dictionary	pt_BR
conjuntos	dictionary	pt_BR
constituído	dictionary	pt_BR
contratado	dictionary	pt_BR
convidados	dictionary	pt_BR
eleitores	dictionary	pt_BR
enfrentou	dictionary	pt_BR
estudiosos	dictionary	pt_BR
oportunidades	dictionary	pt_BR
patrimônio	dictionary	pt_BR
universidades	dictionary	pt_BR
abandonou	dictionary	pt_BR
alternativa	dictionary	pt_BR
atribuído	dictionary	pt_BR
começando	dictionary	pt_BR
contribuições	dictionary	pt_BR
escritores	dictionary	pt_BR
indústrias	dictionary	pt_BR
inteligente	dictionary	pt_BR
legislação	dictionary	pt_BR
ligeiramente	dictionary	pt_BR
mecanismo	dictionary	pt_BR
mensagens	dictionary	pt_BR
representar	dictionary	pt_BR
reputação	dictionary	pt_BR
adaptação	dictionary	pt_BR
ambientes	dictionary	pt_BR
conseguido	dictionary	pt_BR
discussão	dictionary	pt_BR
emergência	dictionary	pt_BR
especialistas	dictionary	pt_BR
iluminação	dictionary	pt_BR
lentamente	dictionary	pt_BR
montanhas	dictionary	pt_BR
permanente	dictionary	pt_BR
repertório	dictionary	pt_BR
reprodução	dictionary	pt_BR
restrições	dictionary	pt_BR
seguidores	dictionary	pt_BR
simultaneamente	dictionary	pt_BR
trabalham	dictionary	pt_BR
acusações	dictionary	pt_BR
autorização	dictionary	pt_BR
desenvolvida	dictionary	pt_BR
distribuídos	dictionary	pt_BR
documentário	dictionary	pt_BR
estadunidense	dictionary	pt_BR
exercício	dictionary	pt_BR
identificar	dictionary	pt_BR
impossível	dictionary	pt_BR
interface	dictionary	pt_BR
modalidade	dictionary	pt_BR
necessárias	dictionary	pt_BR
progresso	dictionary	pt_BR
protestos	dictionary	pt_BR
proteínas	dictionary	pt_BR
adversário	dictionary	pt_BR
ambiental	dictionary	pt_BR
classificado	dictionary	pt_BR
decidiram	dictionary	pt_BR
declarado	dictionary	pt_BR
excelente	dictionary	pt_BR
fabricação	dictionary	pt_BR
preocupação	dictionary	pt_BR
produções	dictionary	pt_BR
registrado	dictionary	pt_BR
representações	dictionary	pt_BR
separados	dictionary	pt_BR
transferência	dictionary	pt_BR
adicional	dictionary	pt_BR
adolescentes	dictionary	pt_BR
assistências	dictionary	pt_BR
cavalaria	dictionary	pt_BR
concordou	dictionary	pt_BR
descobertas	dictionary	pt_BR
desconhecida	dictionary	pt_BR
eleitoral	dictionary	pt_BR
entidades	dictionary	pt_BR
espanhola	dictionary	pt_BR
estaduais	dictionary	pt_BR
formalmente	dictionary	pt_BR
implementação	dictionary	pt_BR
necessariamente	dictionary	pt_BR
residentes	dictionary	pt_BR
resultando	dictionary	pt_BR
significativo	dictionary	pt_BR
substituição	dictionary	pt_BR
associada	dictionary	pt_BR
campeonatos	dictionary	pt_BR
considerar	dictionary	pt_BR
considerou	dictionary	pt_BR
desenvolve	dictionary	pt_BR
diminuição	dictionary	pt_BR
distintas	dictionary	pt_BR
engenharia	dictionary	pt_BR
entretenimento	dictionary	pt_BR
essencial	dictionary	pt_BR
estivesse	dictionary	pt_BR
florestas	dictionary	pt_BR
históricas	dictionary	pt_BR
interpretou	dictionary	pt_BR
particulares	dictionary	pt_BR
pertencia	dictionary	pt_BR
publicidade	dictionary	pt_BR
representado	dictionary	pt_BR
revolução	dictionary	pt_BR
sobreviventes	dictionary	pt_BR
supostamente	dictionary	pt_BR
terminaram	dictionary	pt_BR
aumentando	dictionary	pt_BR
aventuras	dictionary	pt_BR
claramente	dictionary	pt_BR
compreensão	dictionary	pt_BR
contribuição	dictionary	pt_BR
descoberto	dictionary	pt_BR
fotografia	dictionary	pt_BR
fundadores	dictionary	pt_BR
guitarrista	dictionary	pt_BR
inscrição	dictionary	pt_BR
integrante	dictionary	pt_BR
investigações	dictionary	pt_BR
laboratório	dictionary	pt_BR
protagonista	dictionary	pt_BR
sobrevivência	dictionary	pt_BR
tradições	dictionary	pt_BR
transformação	dictionary	pt_BR
vegetação	dictionary	pt_BR
aceitação	dictionary	pt_BR
agrícolas	dictionary	pt_BR
autonomia	dictionary	pt_BR
companhias	dictionary	pt_BR
computadores	dictionary	pt_BR
condenado	dictionary	pt_BR
constantes	dictionary	pt_BR
construídas	dictionary	pt_BR
divididos	dictionary	pt_BR
divulgação	dictionary	pt_BR
encontraram	dictionary	pt_BR
equipamento	dictionary	pt_BR
específica	dictionary	pt_BR
exemplares	dictionary	pt_BR
lira	dictionary	pt_BR
mana	dictionary	pt_BR
marcador	dictionary	pt_BR
marinhas	dictionary	pt_BR
mecânicos	dictionary	pt_BR
mentem	dictionary	pt_BR
moderação	dictionary	pt_BR
moção	dictionary	pt_BR
noivado	dictionary	pt_BR
noutro	dictionary	pt_BR
nozes	dictionary	pt_BR
obtiveram	dictionary	pt_BR
oculto	dictionary	pt_BR
ocuparam	dictionary	pt_BR
oferecidas	dictionary	pt_BR
orientais	dictionary	pt_BR
palestinos	dictionary	pt_BR
pantera	dictionary	pt_BR
partidário	dictionary	pt_BR
paulistas	dictionary	pt_BR
perturbação	dictionary	pt_BR
pilhas	dictionary	pt_BR
plana	dictionary	pt_BR
poupe	dictionary	pt_BR
praticantes	dictionary	pt_BR
precedente	dictionary	pt_BR
prefeita	dictionary	pt_BR
preferências	dictionary	pt_BR
probabilidades	dictionary	pt_BR
propondo	dictionary	pt_BR
providência	dictionary	pt_BR
provisório	dictionary	pt_BR
publicitária	dictionary	pt_BR
pólvora	dictionary	pt_BR
quaresma	dictionary	pt_BR
questionou	dictionary	pt_BR
quiseres	dictionary	pt_BR
rebaixado	dictionary	pt_BR
recinto	dictionary	pt_BR
reclamou	dictionary	pt_BR
rejeitada	dictionary	pt_BR
renomado	dictionary	pt_BR
renome	dictionary	pt_BR
represa	dictionary	pt_BR
resumida	dictionary	pt_BR
ringue	dictionary	pt_BR
rude	dictionary	pt_BR
rumor	dictionary	pt_BR
saberão	dictionary	pt_BR
saias	dictionary	pt_BR
secretários	dictionary	pt_BR
sepultura	dictionary	pt_BR
sogro	dictionary	pt_BR
solidária	dictionary	pt_BR
substituída	dictionary	pt_BR
teoricamente	dictionary	pt_BR
terminada	dictionary	pt_BR
tocante	dictionary	pt_BR
transforme	dictionary	pt_BR
trave	dictionary	pt_BR
trágica	dictionary	pt_BR
unindo	dictionary	pt_BR
utopia	dictionary	pt_BR
valência	dictionary	pt_BR
valiosa	dictionary	pt_BR
veiga	dictionary	pt_BR
vibração	dictionary	pt_BR
virgens	dictionary	pt_BR
virgindade	dictionary	pt_BR
visitam	dictionary	pt_BR
vésperas	dictionary	pt_BR
zone	dictionary	pt_BR
acidental	dictionary	pt_BR
acordem	dictionary	pt_BR
actuação	pending	pt_BR
adequados	dictionary	pt_BR
afastada	dictionary	pt_BR
afetando	dictionary	pt_BR
afundar	dictionary	pt_BR
agulhas	dictionary	pt_BR
alienação	dictionary	pt_BR
apóstolo	dictionary	pt_BR
aranhas	dictionary	pt_BR
assado	dictionary	pt_BR
atualizados	dictionary	pt_BR
avaliado	dictionary	pt_BR
bailarina	dictionary	pt_BR
baixado	dictionary	pt_BR
balneário	dictionary	pt_BR
bilheteria	dictionary	pt_BR
boicote	dictionary	pt_BR
bombeiro	dictionary	pt_BR
buscava	dictionary	pt_BR
bíblico	dictionary	pt_BR
camaradas	dictionary	pt_BR
caneca	dictionary	pt_BR
carinha	dictionary	pt_BR
casco	dictionary	pt_BR
celebrou	dictionary	pt_BR
chegavam	dictionary	pt_BR
chocada	dictionary	pt_BR
combinada	dictionary	pt_BR
combinações	dictionary	pt_BR
comentado	dictionary	pt_BR
comprimidos	dictionary	pt_BR
comprometeu	dictionary	pt_BR
comprometidos	dictionary	pt_BR
continuarem	dictionary	pt_BR
contribuído	dictionary	pt_BR
cristãs	dictionary	pt_BR
cruzados	dictionary	pt_BR
cérebros	dictionary	pt_BR
dedicadas	dictionary	pt_BR
desistindo	dictionary	pt_BR
desvendar	dictionary	pt_BR
distinto	dictionary	pt_BR
ditos	dictionary	pt_BR
doado	dictionary	pt_BR
downloads	dictionary	pt_BR
electricidade	pending	pt_BR
elimina	dictionary	pt_BR
embarcações	dictionary	pt_BR
empregadas	dictionary	pt_BR
encontrem	dictionary	pt_BR
enfatiza	dictionary	pt_BR
enterrada	dictionary	pt_BR
equipados	dictionary	pt_BR
esclarecimento	dictionary	pt_BR
escondeu	dictionary	pt_BR
espalhe	dictionary	pt_BR
especiarias	dictionary	pt_BR
especulações	dictionary	pt_BR
estáveis	dictionary	pt_BR
exagerada	dictionary	pt_BR
extinto	dictionary	pt_BR
extraído	dictionary	pt_BR
extremas	dictionary	pt_BR
farra	dictionary	pt_BR
figueirense	dictionary	pt_BR
figurino	dictionary	pt_BR
freira	dictionary	pt_BR
fuzil	dictionary	pt_BR
gigantesco	dictionary	pt_BR
golpista	dictionary	pt_BR
grafite	dictionary	pt_BR
granadas	dictionary	pt_BR
húngaro	dictionary	pt_BR
idosa	dictionary	pt_BR
ignorou	dictionary	pt_BR
ilegalmente	dictionary	pt_BR
impossíveis	dictionary	pt_BR
incompetência	dictionary	pt_BR
incorporar	dictionary	pt_BR
incremento	dictionary	pt_BR
iniciados	dictionary	pt_BR
insistência	dictionary	pt_BR
insulto	dictionary	pt_BR
invisíveis	dictionary	pt_BR
irrigação	dictionary	pt_BR
jé	dictionary	pt_BR
jus	dictionary	pt_BR
leila	dictionary	pt_BR
leiria	dictionary	pt_BR
leitão	dictionary	pt_BR
liberou	dictionary	pt_BR
liderando	dictionary	pt_BR
litro	dictionary	pt_BR
loiro	dictionary	pt_BR
luva	dictionary	pt_BR
marítima	dictionary	pt_BR
mendigo	dictionary	pt_BR
mercê	dictionary	pt_BR
mine	dictionary	pt_BR
movida	dictionary	pt_BR
multiplicação	dictionary	pt_BR
mutantes	dictionary	pt_BR
mínimas	dictionary	pt_BR
míssil	dictionary	pt_BR
noutras	dictionary	pt_BR
nuca	dictionary	pt_BR
obtendo	dictionary	pt_BR
opinar	dictionary	pt_BR
ordena	dictionary	pt_BR
pagode	dictionary	pt_BR
patriota	dictionary	pt_BR
patrocinado	dictionary	pt_BR
pedagogia	dictionary	pt_BR
pegamos	dictionary	pt_BR
pernambucano	dictionary	pt_BR
picada	dictionary	pt_BR
possibilitando	dictionary	pt_BR
precisaria	dictionary	pt_BR
premissa	dictionary	pt_BR
proclamação	dictionary	pt_BR
prometem	dictionary	pt_BR
propostos	dictionary	pt_BR
pseudônimo	dictionary	pt_BR
queridas	dictionary	pt_BR
quilo	dictionary	pt_BR
rapidinho	dictionary	pt_BR
recipiente	dictionary	pt_BR
recusado	dictionary	pt_BR
reeleito	dictionary	pt_BR
remete	dictionary	pt_BR
repasse	dictionary	pt_BR
repleto	dictionary	pt_BR
republicana	dictionary	pt_BR
resolvida	dictionary	pt_BR
reyes	dictionary	pt_BR
sagradas	dictionary	pt_BR
salgada	dictionary	pt_BR
salvamento	dictionary	pt_BR
salvos	dictionary	pt_BR
servos	dictionary	pt_BR
silenciosa	dictionary	pt_BR
sobreviveram	dictionary	pt_BR
solene	dictionary	pt_BR
sortudo	dictionary	pt_BR
submundo	dictionary	pt_BR
suborno	dictionary	pt_BR
subsistência	dictionary	pt_BR
subsolo	dictionary	pt_BR
sucedidas	dictionary	pt_BR
suíço	dictionary	pt_BR
sê	dictionary	pt_BR
tabu	dictionary	pt_BR
telenovela	dictionary	pt_BR
temperamento	dictionary	pt_BR
testado	dictionary	pt_BR
tios	dictionary	pt_BR
tomava	dictionary	pt_BR
trocados	dictionary	pt_BR
uh	dictionary	pt_BR
ventura	dictionary	pt_BR
vestiário	dictionary	pt_BR
viciados	dictionary	pt_BR
viriam	dictionary	pt_BR
vivida	dictionary	pt_BR
vês	dictionary	pt_BR
zhang	pending	pt_BR
ápice	dictionary	pt_BR
ético	dictionary	pt_BR
êxodo	dictionary	pt_BR
abordou	dictionary	pt_BR
acompanhadas	dictionary	pt_BR
actuais	pending	pt_BR
adaptações	dictionary	pt_BR
adele	dictionary	pt_BR
adobe	dictionary	pt_BR
alcançada	dictionary	pt_BR
ambições	dictionary	pt_BR
animações	dictionary	pt_BR
antecedência	dictionary	pt_BR
anões	dictionary	pt_BR
apoiaram	dictionary	pt_BR
aprovados	dictionary	pt_BR
argumentar	dictionary	pt_BR
ariana	dictionary	pt_BR
arqueologia	dictionary	pt_BR
assinados	dictionary	pt_BR
assistia	dictionary	pt_BR
associar	dictionary	pt_BR
atestado	dictionary	pt_BR
atrapalha	dictionary	pt_BR
avançadas	dictionary	pt_BR
beja	dictionary	pt_BR
biológicos	dictionary	pt_BR
bis	dictionary	pt_BR
bloqueada	dictionary	pt_BR
bloqueios	dictionary	pt_BR
bíblica	dictionary	pt_BR
caixinha	dictionary	pt_BR
camões	dictionary	pt_BR
capturou	dictionary	pt_BR
caracterizada	dictionary	pt_BR
cartuchos	dictionary	pt_BR
cegueira	dictionary	pt_BR
cês	dictionary	pt_BR
chefia	dictionary	pt_BR
chiclete	dictionary	pt_BR
ciclismo	dictionary	pt_BR
cinzento	dictionary	pt_BR
colocava	dictionary	pt_BR
comparados	dictionary	pt_BR
compareceu	dictionary	pt_BR
compressão	dictionary	pt_BR
condena	dictionary	pt_BR
conheçam	dictionary	pt_BR
conseguisse	dictionary	pt_BR
consistência	dictionary	pt_BR
contará	dictionary	pt_BR
contempla	dictionary	pt_BR
contradições	dictionary	pt_BR
cruzou	dictionary	pt_BR
curador	dictionary	pt_BR
decretou	dictionary	pt_BR
demarcação	dictionary	pt_BR
desaparecidas	dictionary	pt_BR
desgaste	dictionary	pt_BR
designada	dictionary	pt_BR
designar	dictionary	pt_BR
desisto	dictionary	pt_BR
detectado	dictionary	pt_BR
direi	dictionary	pt_BR
discutem	dictionary	pt_BR
diverte	dictionary	pt_BR
dobra	dictionary	pt_BR
doeu	dictionary	pt_BR
doutores	dictionary	pt_BR
duvidas	dictionary	pt_BR
elites	dictionary	pt_BR
embarcação	dictionary	pt_BR
emite	dictionary	pt_BR
enchentes	dictionary	pt_BR
enciclopédia	dictionary	pt_BR
enrolar	dictionary	pt_BR
entregas	dictionary	pt_BR
entrevistado	dictionary	pt_BR
envolva	dictionary	pt_BR
erguer	dictionary	pt_BR
escorpião	dictionary	pt_BR
esgotos	dictionary	pt_BR
estabeleceram	dictionary	pt_BR
estendeu	dictionary	pt_BR
evite	dictionary	pt_BR
excessivamente	dictionary	pt_BR
exigia	dictionary	pt_BR
explicitamente	dictionary	pt_BR
fax	dictionary	pt_BR
filósofos	dictionary	pt_BR
finaliza	dictionary	pt_BR
fizeste	dictionary	pt_BR
florença	dictionary	pt_BR
fluir	dictionary	pt_BR
furar	dictionary	pt_BR
ganância	dictionary	pt_BR
garotinho	dictionary	pt_BR
girando	dictionary	pt_BR
guerreira	dictionary	pt_BR
guru	dictionary	pt_BR
hospedado	dictionary	pt_BR
imediatas	dictionary	pt_BR
informante	dictionary	pt_BR
iniciadas	dictionary	pt_BR
insignificante	dictionary	pt_BR
integram	dictionary	pt_BR
iogurte	dictionary	pt_BR
ironicamente	dictionary	pt_BR
judô	dictionary	pt_BR
lareira	dictionary	pt_BR
livra	dictionary	pt_BR
manejo	dictionary	pt_BR
manualmente	dictionary	pt_BR
marinheiro	dictionary	pt_BR
mattos	pending	pt_BR
montando	dictionary	pt_BR
moradias	dictionary	pt_BR
motivações	dictionary	pt_BR
negativamente	dictionary	pt_BR
normalidade	dictionary	pt_BR
obesidade	dictionary	pt_BR
obscuro	dictionary	pt_BR
olhamos	dictionary	pt_BR
ongs	pending	pt_BR
ovelha	dictionary	pt_BR
parciais	dictionary	pt_BR
pardo	dictionary	pt_BR
participarem	dictionary	pt_BR
patrões	dictionary	pt_BR
pedreira	dictionary	pt_BR
percam	dictionary	pt_BR
permitidos	dictionary	pt_BR
perseguidos	dictionary	pt_BR
piorou	dictionary	pt_BR
pirataria	dictionary	pt_BR
pormenores	dictionary	pt_BR
porteiro	dictionary	pt_BR
potássio	dictionary	pt_BR
praticando	dictionary	pt_BR
preciosas	dictionary	pt_BR
procuradores	dictionary	pt_BR
procuraram	dictionary	pt_BR
profissões	dictionary	pt_BR
progressos	dictionary	pt_BR
progressão	dictionary	pt_BR
protegem	dictionary	pt_BR
rapto	dictionary	pt_BR
redentor	dictionary	pt_BR
reduzidos	dictionary	pt_BR
relataram	dictionary	pt_BR
rende	dictionary	pt_BR
repetidas	dictionary	pt_BR
reunido	dictionary	pt_BR
saberia	dictionary	pt_BR
salientar	dictionary	pt_BR
saltou	dictionary	pt_BR
servirá	dictionary	pt_BR
soltos	dictionary	pt_BR
souberam	dictionary	pt_BR
superintendente	dictionary	pt_BR
suporto	dictionary	pt_BR
surpreendentes	dictionary	pt_BR
tambor	dictionary	pt_BR
tara	dictionary	pt_BR
telhados	dictionary	pt_BR
temáticas	dictionary	pt_BR
tensa	dictionary	pt_BR
tintas	dictionary	pt_BR
tornozelo	dictionary	pt_BR
totais	dictionary	pt_BR
transa	dictionary	pt_BR
transmitidas	dictionary	pt_BR
traído	dictionary	pt_BR
trezentos	dictionary	pt_BR
tóxicos	dictionary	pt_BR
usarem	dictionary	pt_BR
variantes	dictionary	pt_BR
viés	dictionary	pt_BR
voltarem	dictionary	pt_BR
vontades	dictionary	pt_BR
vó	dictionary	pt_BR
étnico	dictionary	pt_BR
abaixa	dictionary	pt_BR
absorver	dictionary	pt_BR
acende	dictionary	pt_BR
acolhimento	dictionary	pt_BR
adi	dictionary	pt_BR
adicione	dictionary	pt_BR
adoramos	dictionary	pt_BR
advento	dictionary	pt_BR
agitado	dictionary	pt_BR
agradeceu	dictionary	pt_BR
agressividade	dictionary	pt_BR
alemãs	dictionary	pt_BR
alfândega	dictionary	pt_BR
alienígenas	dictionary	pt_BR
alterou	dictionary	pt_BR
alvorada	dictionary	pt_BR
angolano	dictionary	pt_BR
anima	dictionary	pt_BR
arrisca	dictionary	pt_BR
artéria	dictionary	pt_BR
ativado	dictionary	pt_BR
atribuições	dictionary	pt_BR
atropelado	dictionary	pt_BR
baixinho	dictionary	pt_BR
bancários	dictionary	pt_BR
barca	dictionary	pt_BR
bife	dictionary	pt_BR
blogueira	dictionary	pt_BR
bárbaros	dictionary	pt_BR
canada	dictionary	pt_BR
caracterização	dictionary	pt_BR
carisma	dictionary	pt_BR
cassino	dictionary	pt_BR
chamá	dictionary	pt_BR
cheirar	dictionary	pt_BR
cisco	dictionary	pt_BR
comboios	dictionary	pt_BR
compartilhou	dictionary	pt_BR
compositores	dictionary	pt_BR
comprimido	dictionary	pt_BR
concebida	dictionary	pt_BR
contados	dictionary	pt_BR
convicções	dictionary	pt_BR
convincente	dictionary	pt_BR
convocar	dictionary	pt_BR
copyright	dictionary	pt_BR
coroas	dictionary	pt_BR
cortei	dictionary	pt_BR
coruja	dictionary	pt_BR
corvo	dictionary	pt_BR
coxas	dictionary	pt_BR
cru	dictionary	pt_BR
cueca	dictionary	pt_BR
cumprimentar	dictionary	pt_BR
dane	dictionary	pt_BR
daremos	dictionary	pt_BR
descansa	dictionary	pt_BR
descaso	dictionary	pt_BR
desenrolar	dictionary	pt_BR
desgosto	dictionary	pt_BR
destina	dictionary	pt_BR
destruíram	dictionary	pt_BR
dissertação	dictionary	pt_BR
distancia	dictionary	pt_BR
docinho	dictionary	pt_BR
duram	dictionary	pt_BR
débito	dictionary	pt_BR
dória	dictionary	pt_BR
eliminados	dictionary	pt_BR
elogiado	dictionary	pt_BR
empregadores	dictionary	pt_BR
enfrentamento	dictionary	pt_BR
entendida	dictionary	pt_BR
envelope	dictionary	pt_BR
esquisito	dictionary	pt_BR
estaríamos	dictionary	pt_BR
estuprador	dictionary	pt_BR
etária	dictionary	pt_BR
exatos	dictionary	pt_BR
expulsou	dictionary	pt_BR
expôs	dictionary	pt_BR
fabricados	dictionary	pt_BR
feroz	dictionary	pt_BR
ficaremos	dictionary	pt_BR
firmeza	dictionary	pt_BR
flui	dictionary	pt_BR
fornecida	dictionary	pt_BR
frustrado	dictionary	pt_BR
furiosa	dictionary	pt_BR
gentilmente	dictionary	pt_BR
geo	dictionary	pt_BR
golfinhos	dictionary	pt_BR
grandioso	dictionary	pt_BR
gêmea	dictionary	pt_BR
herdeiros	dictionary	pt_BR
holandesa	dictionary	pt_BR
homenageado	dictionary	pt_BR
humanitária	dictionary	pt_BR
híbrido	dictionary	pt_BR
iluminar	dictionary	pt_BR
imitação	dictionary	pt_BR
incluía	dictionary	pt_BR
incômodo	dictionary	pt_BR
inerente	dictionary	pt_BR
infelizes	dictionary	pt_BR
iniciação	dictionary	pt_BR
instantes	dictionary	pt_BR
integralmente	dictionary	pt_BR
introduzida	dictionary	pt_BR
invenções	dictionary	pt_BR
investido	dictionary	pt_BR
investindo	dictionary	pt_BR
irmos	dictionary	pt_BR
isolar	dictionary	pt_BR
israelenses	dictionary	pt_BR
joia	dictionary	pt_BR
julgam	dictionary	pt_BR
juvenis	dictionary	pt_BR
leoa	dictionary	pt_BR
liguem	dictionary	pt_BR
livrarias	dictionary	pt_BR
magnético	dictionary	pt_BR
mantenham	dictionary	pt_BR
matança	dictionary	pt_BR
mencionadas	dictionary	pt_BR
metabolismo	dictionary	pt_BR
metrópole	dictionary	pt_BR
moscas	dictionary	pt_BR
mostrem	dictionary	pt_BR
motim	dictionary	pt_BR
módulos	dictionary	pt_BR
neutra	dictionary	pt_BR
neutralidade	dictionary	pt_BR
nus	dictionary	pt_BR
ordenar	dictionary	pt_BR
ouvida	dictionary	pt_BR
ouçam	dictionary	pt_BR
palace	dictionary	pt_BR
permitia	dictionary	pt_BR
persegue	dictionary	pt_BR
persistente	dictionary	pt_BR
pesadelos	dictionary	pt_BR
petrobrás	pending	pt_BR
planeamento	dictionary	pt_BR
podermos	dictionary	pt_BR
polar	dictionary	pt_BR
policiamento	dictionary	pt_BR
portador	dictionary	pt_BR
posicionar	dictionary	pt_BR
pousada	dictionary	pt_BR
precisos	dictionary	pt_BR
premiações	dictionary	pt_BR
preparam	dictionary	pt_BR
pressionando	dictionary	pt_BR
prestados	dictionary	pt_BR
processados	dictionary	pt_BR
produziram	dictionary	pt_BR
provocação	dictionary	pt_BR
pulmonar	dictionary	pt_BR
qaeda	pending	pt_BR
rampa	dictionary	pt_BR
rancor	dictionary	pt_BR
refazer	dictionary	pt_BR
reforçada	dictionary	pt_BR
regente	dictionary	pt_BR
regula	dictionary	pt_BR
regulamentar	dictionary	pt_BR
reparo	dictionary	pt_BR
reparos	dictionary	pt_BR
respectivo	dictionary	pt_BR
reter	dictionary	pt_BR
rígida	dictionary	pt_BR
saudações	dictionary	pt_BR
seduzir	dictionary	pt_BR
seguirá	dictionary	pt_BR
seguramente	dictionary	pt_BR
seletivo	dictionary	pt_BR
senhas	dictionary	pt_BR
separou	dictionary	pt_BR
seriedade	dictionary	pt_BR
severamente	dictionary	pt_BR
significou	dictionary	pt_BR
submetida	dictionary	pt_BR
subsídio	dictionary	pt_BR
subterrâneo	dictionary	pt_BR
subúrbios	dictionary	pt_BR
sujas	dictionary	pt_BR
sultão	dictionary	pt_BR
superado	dictionary	pt_BR
supermercados	dictionary	pt_BR
talentosa	dictionary	pt_BR
tecla	dictionary	pt_BR
teres	dictionary	pt_BR
tranquilamente	dictionary	pt_BR
transmitindo	dictionary	pt_BR
treinadores	dictionary	pt_BR
trevor	dictionary	pt_BR
trovão	dictionary	pt_BR
turísticas	dictionary	pt_BR
tutela	dictionary	pt_BR
valiosas	dictionary	pt_BR
venceram	dictionary	pt_BR
violeta	dictionary	pt_BR
árbitros	dictionary	pt_BR
íamos	dictionary	pt_BR
abaixar	dictionary	pt_BR
abrigos	dictionary	pt_BR
abundante	dictionary	pt_BR
acadêmicas	dictionary	pt_BR
acostumados	dictionary	pt_BR
afirmava	dictionary	pt_BR
alegres	dictionary	pt_BR
altera	dictionary	pt_BR
amas	dictionary	pt_BR
angolana	dictionary	pt_BR
antenas	dictionary	pt_BR
aparenta	dictionary	pt_BR
apito	dictionary	pt_BR
apos	dictionary	pt_BR
apto	dictionary	pt_BR
areias	dictionary	pt_BR
arrependo	dictionary	pt_BR
arriscado	dictionary	pt_BR
assumiram	dictionary	pt_BR
assustadora	dictionary	pt_BR
atendido	dictionary	pt_BR
ateu	dictionary	pt_BR
atiradores	dictionary	pt_BR
ativismo	dictionary	pt_BR
avise	dictionary	pt_BR
barril	dictionary	pt_BR
bicha	dictionary	pt_BR
boquete	dictionary	pt_BR
bordas	dictionary	pt_BR
burguesia	dictionary	pt_BR
cachorrinho	dictionary	pt_BR
camarote	dictionary	pt_BR
carnes	dictionary	pt_BR
cascata	dictionary	pt_BR
ceia	dictionary	pt_BR
cerebrais	dictionary	pt_BR
chovendo	dictionary	pt_BR
chácara	dictionary	pt_BR
comemorado	dictionary	pt_BR
competindo	dictionary	pt_BR
complementares	dictionary	pt_BR
compreendem	dictionary	pt_BR
concluindo	dictionary	pt_BR
confirmadas	dictionary	pt_BR
conjuntamente	dictionary	pt_BR
contornar	dictionary	pt_BR
controversa	dictionary	pt_BR
coordenadores	dictionary	pt_BR
corporais	dictionary	pt_BR
cruéis	dictionary	pt_BR
decisiva	dictionary	pt_BR
delação	dictionary	pt_BR
descendência	dictionary	pt_BR
desesperadamente	dictionary	pt_BR
desperdiçar	dictionary	pt_BR
detalhadas	dictionary	pt_BR
diagrama	dictionary	pt_BR
diplomatas	dictionary	pt_BR
direcionada	dictionary	pt_BR
doadores	dictionary	pt_BR
drenagem	dictionary	pt_BR
emitidos	dictionary	pt_BR
emocionada	dictionary	pt_BR
empurra	dictionary	pt_BR
empurrando	dictionary	pt_BR
enfatizou	dictionary	pt_BR
enlouquecer	dictionary	pt_BR
erra	dictionary	pt_BR
escopo	dictionary	pt_BR
espinhos	dictionary	pt_BR
estudava	dictionary	pt_BR
etnias	dictionary	pt_BR
excluído	dictionary	pt_BR
facilita	dictionary	pt_BR
falharam	dictionary	pt_BR
fardo	dictionary	pt_BR
fecham	dictionary	pt_BR
ficheiros	dictionary	pt_BR
finas	dictionary	pt_BR
frito	dictionary	pt_BR
gastei	dictionary	pt_BR
gel	dictionary	pt_BR
glorioso	dictionary	pt_BR
goku	pending	pt_BR
gravados	dictionary	pt_BR
guardo	dictionary	pt_BR
habeas	dictionary	pt_BR
habita	dictionary	pt_BR
habitacional	dictionary	pt_BR
hebraico	dictionary	pt_BR
ilustrado	dictionary	pt_BR
implorar	dictionary	pt_BR
importado	dictionary	pt_BR
importando	dictionary	pt_BR
impulsionar	dictionary	pt_BR
indignada	dictionary	pt_BR
informaram	dictionary	pt_BR
iniciam	dictionary	pt_BR
inserir	dictionary	pt_BR
instaladas	dictionary	pt_BR
investigados	dictionary	pt_BR
lanches	dictionary	pt_BR
largas	dictionary	pt_BR
leque	dictionary	pt_BR
levantado	dictionary	pt_BR
loureiro	dictionary	pt_BR
machine	dictionary	pt_BR
malandro	dictionary	pt_BR
manu	dictionary	pt_BR
márcio	dictionary	pt_BR
medina	dictionary	pt_BR
memes	dictionary	pt_BR
menções	dictionary	pt_BR
metralhadora	dictionary	pt_BR
moderada	dictionary	pt_BR
modesta	dictionary	pt_BR
modificada	dictionary	pt_BR
morangos	dictionary	pt_BR
mostrada	dictionary	pt_BR
motivar	dictionary	pt_BR
movem	dictionary	pt_BR
nana	dictionary	pt_BR
negando	dictionary	pt_BR
notoriedade	dictionary	pt_BR
oculta	dictionary	pt_BR
orientada	dictionary	pt_BR
orçamentos	dictionary	pt_BR
passasse	dictionary	pt_BR
patético	dictionary	pt_BR
paulistana	dictionary	pt_BR
penetrar	dictionary	pt_BR
pensador	dictionary	pt_BR
periodicamente	dictionary	pt_BR
pertinho	dictionary	pt_BR
poderei	dictionary	pt_BR
polonês	dictionary	pt_BR
pombo	dictionary	pt_BR
portland	dictionary	pt_BR
portuária	dictionary	pt_BR
proibidas	dictionary	pt_BR
pães	dictionary	pt_BR
pôster	dictionary	pt_BR
questionada	dictionary	pt_BR
rangel	dictionary	pt_BR
ranger	dictionary	pt_BR
recebimento	dictionary	pt_BR
recuso	dictionary	pt_BR
removida	dictionary	pt_BR
removidos	dictionary	pt_BR
rendas	dictionary	pt_BR
repara	dictionary	pt_BR
resenhas	dictionary	pt_BR
resumir	dictionary	pt_BR
retirando	dictionary	pt_BR
retornando	dictionary	pt_BR
reunidas	dictionary	pt_BR
românticos	dictionary	pt_BR
roteiros	dictionary	pt_BR
rumos	dictionary	pt_BR
sabores	dictionary	pt_BR
salões	dictionary	pt_BR
sediar	dictionary	pt_BR
sesc	pending	pt_BR
sextas	dictionary	pt_BR
sueca	dictionary	pt_BR
supervisionar	dictionary	pt_BR
supressão	dictionary	pt_BR
suprir	dictionary	pt_BR
surpreendida	dictionary	pt_BR
súbita	dictionary	pt_BR
taxista	dictionary	pt_BR
taças	dictionary	pt_BR
tenhas	dictionary	pt_BR
tentarem	dictionary	pt_BR
tequila	dictionary	pt_BR
testemunhou	dictionary	pt_BR
tinto	dictionary	pt_BR
torneira	dictionary	pt_BR
trade	dictionary	pt_BR
tré	dictionary	pt_BR
tri	dictionary	pt_BR
tube	dictionary	pt_BR
tábua	dictionary	pt_BR
tédio	dictionary	pt_BR
térreo	dictionary	pt_BR
universais	dictionary	pt_BR
vacinação	dictionary	pt_BR
vassoura	dictionary	pt_BR
visitá	dictionary	pt_BR
vitorioso	dictionary	pt_BR
weber	dictionary	pt_BR
íntimas	dictionary	pt_BR
óbito	dictionary	pt_BR
ab	dictionary	pt_BR
abraão	dictionary	pt_BR
abraça	dictionary	pt_BR
acesa	dictionary	pt_BR
acolhe	dictionary	pt_BR
acompanharam	dictionary	pt_BR
acumular	dictionary	pt_BR
ajudaria	dictionary	pt_BR
aleatório	dictionary	pt_BR
alteza	dictionary	pt_BR
amarrar	dictionary	pt_BR
andes	dictionary	pt_BR
apoiados	dictionary	pt_BR
apoios	dictionary	pt_BR
apreciado	dictionary	pt_BR
aproveitado	dictionary	pt_BR
aquático	dictionary	pt_BR
aroma	dictionary	pt_BR
arqueológico	dictionary	pt_BR
assentamentos	dictionary	pt_BR
aterro	dictionary	pt_BR
ateus	dictionary	pt_BR
avesso	dictionary	pt_BR
bacharel	dictionary	pt_BR
baltimore	dictionary	pt_BR
bastão	dictionary	pt_BR
beneficia	dictionary	pt_BR
bieber	pending	pt_BR
blogueiro	dictionary	pt_BR
bolinho	dictionary	pt_BR
bravura	dictionary	pt_BR
busque	dictionary	pt_BR
cagar	dictionary	pt_BR
caldeirão	dictionary	pt_BR
capturada	dictionary	pt_BR
carregam	dictionary	pt_BR
cedeu	dictionary	pt_BR
chatear	dictionary	pt_BR
chegados	dictionary	pt_BR
cobrando	dictionary	pt_BR
coincide	dictionary	pt_BR
combinados	dictionary	pt_BR
comparou	dictionary	pt_BR
concretizar	dictionary	pt_BR
condessa	dictionary	pt_BR
confiam	dictionary	pt_BR
confissões	dictionary	pt_BR
conquistada	dictionary	pt_BR
conseguiam	dictionary	pt_BR
conselheira	dictionary	pt_BR
conservar	dictionary	pt_BR
consolação	dictionary	pt_BR
constatou	dictionary	pt_BR
construtor	dictionary	pt_BR
continuaremos	dictionary	pt_BR
contornos	dictionary	pt_BR
controlador	dictionary	pt_BR
conveniência	dictionary	pt_BR
converteu	dictionary	pt_BR
convocada	dictionary	pt_BR
convênio	dictionary	pt_BR
coordenada	dictionary	pt_BR
coringa	dictionary	pt_BR
correlação	dictionary	pt_BR
cortadas	dictionary	pt_BR
cozido	dictionary	pt_BR
cresça	dictionary	pt_BR
criminosas	dictionary	pt_BR
darei	dictionary	pt_BR
deixasse	dictionary	pt_BR
demorado	dictionary	pt_BR
dental	dictionary	pt_BR
derrubada	dictionary	pt_BR
descarregar	dictionary	pt_BR
descritas	dictionary	pt_BR
desesperados	dictionary	pt_BR
deterioração	dictionary	pt_BR
diagnosticado	dictionary	pt_BR
diversificada	dictionary	pt_BR
divertidas	dictionary	pt_BR
divindade	dictionary	pt_BR
doa	dictionary	pt_BR
duros	dictionary	pt_BR
ecossistemas	dictionary	pt_BR
efetuar	dictionary	pt_BR
elaborados	dictionary	pt_BR
elogiar	dictionary	pt_BR
enriquecimento	dictionary	pt_BR
entendia	dictionary	pt_BR
entrevistar	dictionary	pt_BR
envenenamento	dictionary	pt_BR
escolta	dictionary	pt_BR
espanholas	dictionary	pt_BR
esperados	dictionary	pt_BR
esqui	dictionary	pt_BR
estimula	dictionary	pt_BR
estudada	dictionary	pt_BR
exercendo	dictionary	pt_BR
existirem	dictionary	pt_BR
extremidade	dictionary	pt_BR
fezes	dictionary	pt_BR
firmemente	dictionary	pt_BR
fiscalizar	dictionary	pt_BR
funda	dictionary	pt_BR
fórmulas	dictionary	pt_BR
gaita	dictionary	pt_BR
gancho	dictionary	pt_BR
ganhará	dictionary	pt_BR
garras	dictionary	pt_BR
habitações	dictionary	pt_BR
hidráulica	dictionary	pt_BR
hinos	dictionary	pt_BR
hormônios	dictionary	pt_BR
iluminado	dictionary	pt_BR
ilustrar	dictionary	pt_BR
ilustre	dictionary	pt_BR
inca	dictionary	pt_BR
incomodado	dictionary	pt_BR
inexistência	dictionary	pt_BR
inserida	dictionary	pt_BR
intensos	dictionary	pt_BR
inundação	dictionary	pt_BR
investidor	dictionary	pt_BR
ipod	pending	pt_BR
irregulares	dictionary	pt_BR
japonesas	dictionary	pt_BR
lances	dictionary	pt_BR
lanchonete	dictionary	pt_BR
layout	dictionary	pt_BR
levantei	dictionary	pt_BR
locutor	dictionary	pt_BR
madagáscar	dictionary	pt_BR
mangas	dictionary	pt_BR
maringá	dictionary	pt_BR
metido	dictionary	pt_BR
mobilizar	dictionary	pt_BR
multinacionais	dictionary	pt_BR
mutirão	dictionary	pt_BR
mutuamente	dictionary	pt_BR
nero	dictionary	pt_BR
nevada	dictionary	pt_BR
nobreza	dictionary	pt_BR
nuas	dictionary	pt_BR
obstrução	dictionary	pt_BR
originário	dictionary	pt_BR
pedofilia	dictionary	pt_BR
pianista	dictionary	pt_BR
pinho	dictionary	pt_BR
piscar	dictionary	pt_BR
premiados	dictionary	pt_BR
prisional	dictionary	pt_BR
prossegue	dictionary	pt_BR
quebrados	dictionary	pt_BR
quinhentos	dictionary	pt_BR
radicalmente	dictionary	pt_BR
ração	dictionary	pt_BR
realistas	dictionary	pt_BR
realize	dictionary	pt_BR
receberem	dictionary	pt_BR
reformar	dictionary	pt_BR
reforçado	dictionary	pt_BR
resolvem	dictionary	pt_BR
retribuir	dictionary	pt_BR
riacho	dictionary	pt_BR
roubados	dictionary	pt_BR
rue	dictionary	pt_BR
sarcasmo	dictionary	pt_BR
separando	dictionary	pt_BR
significaria	dictionary	pt_BR
sindicais	dictionary	pt_BR
solteiros	dictionary	pt_BR
sombria	dictionary	pt_BR
stevens	dictionary	pt_BR
suspendeu	dictionary	pt_BR
tai	dictionary	pt_BR
temem	dictionary	pt_BR
temendo	dictionary	pt_BR
torcidas	dictionary	pt_BR
tornamos	dictionary	pt_BR
traça	dictionary	pt_BR
trocam	dictionary	pt_BR
tsunami	dictionary	pt_BR
tucano	dictionary	pt_BR
tumulto	dictionary	pt_BR
utilizaram	dictionary	pt_BR
vazou	dictionary	pt_BR
velório	dictionary	pt_BR
vertente	dictionary	pt_BR
zâmbia	dictionary	pt_BR
índico	dictionary	pt_BR
abrangendo	dictionary	pt_BR
abrangência	dictionary	pt_BR
aclamado	dictionary	pt_BR
administrado	dictionary	pt_BR
adotaram	dictionary	pt_BR
adquire	dictionary	pt_BR
afaste	dictionary	pt_BR
aflição	dictionary	pt_BR
afogar	dictionary	pt_BR
alcoolismo	dictionary	pt_BR
ambulante	dictionary	pt_BR
anitta	pending	pt_BR
ansiosamente	dictionary	pt_BR
aparências	dictionary	pt_BR
arranque	dictionary	pt_BR
articulações	dictionary	pt_BR
assemelha	dictionary	pt_BR
atacantes	dictionary	pt_BR
atendem	dictionary	pt_BR
atiraram	dictionary	pt_BR
augusta	dictionary	pt_BR
aumentos	dictionary	pt_BR
ausentes	dictionary	pt_BR
autoral	dictionary	pt_BR
balé	dictionary	pt_BR
baterista	dictionary	pt_BR
besteiras	dictionary	pt_BR
bonde	dictionary	pt_BR
canadenses	dictionary	pt_BR
candidatas	dictionary	pt_BR
canoa	dictionary	pt_BR
carregados	dictionary	pt_BR
castanha	dictionary	pt_BR
comentaristas	dictionary	pt_BR
complete	dictionary	pt_BR
compreendo	dictionary	pt_BR
concha	dictionary	pt_BR
concorrendo	dictionary	pt_BR
condutores	dictionary	pt_BR
confrontar	dictionary	pt_BR
continuado	dictionary	pt_BR
contrabando	dictionary	pt_BR
controverso	dictionary	pt_BR
convence	dictionary	pt_BR
convidadas	dictionary	pt_BR
convidando	dictionary	pt_BR
corporativo	dictionary	pt_BR
corrido	dictionary	pt_BR
coube	dictionary	pt_BR
cruzando	dictionary	pt_BR
cuidadoso	dictionary	pt_BR
cápsulas	dictionary	pt_BR
date	dictionary	pt_BR
definindo	dictionary	pt_BR
desativar	dictionary	pt_BR
dezesseis	dictionary	pt_BR
difundir	dictionary	pt_BR
discípulo	dictionary	pt_BR
disponibilizados	dictionary	pt_BR
distingue	dictionary	pt_BR
dominantes	dictionary	pt_BR
dora	dictionary	pt_BR
dormitório	dictionary	pt_BR
dotado	dictionary	pt_BR
duo	dictionary	pt_BR
egoísmo	dictionary	pt_BR
elementar	dictionary	pt_BR
encanta	dictionary	pt_BR
enchendo	dictionary	pt_BR
escolhidas	dictionary	pt_BR
escritura	dictionary	pt_BR
espontâneo	dictionary	pt_BR
estante	dictionary	pt_BR
estranhamente	dictionary	pt_BR
experimentou	dictionary	pt_BR
explicam	dictionary	pt_BR
faze	dictionary	pt_BR
filmou	dictionary	pt_BR
fizerem	dictionary	pt_BR
focando	dictionary	pt_BR
formula	dictionary	pt_BR
frasco	dictionary	pt_BR
freguesias	dictionary	pt_BR
frita	dictionary	pt_BR
furtado	dictionary	pt_BR
ganharia	dictionary	pt_BR
garotinha	dictionary	pt_BR
gere	dictionary	pt_BR
gotas	dictionary	pt_BR
gozo	dictionary	pt_BR
gradual	dictionary	pt_BR
gratos	dictionary	pt_BR
hobby	dictionary	pt_BR
ilustra	dictionary	pt_BR
imitando	dictionary	pt_BR
importações	dictionary	pt_BR
impressionar	dictionary	pt_BR
impôs	dictionary	pt_BR
inadequado	dictionary	pt_BR
inexistente	dictionary	pt_BR
interativa	dictionary	pt_BR
interpretada	dictionary	pt_BR
introduziu	dictionary	pt_BR
invadindo	dictionary	pt_BR
investiu	dictionary	pt_BR
inéditos	dictionary	pt_BR
jornadas	dictionary	pt_BR
jornalístico	dictionary	pt_BR
lacunas	dictionary	pt_BR
laudo	dictionary	pt_BR
lavanderia	dictionary	pt_BR
lego	dictionary	pt_BR
letivo	dictionary	pt_BR
listadas	dictionary	pt_BR
magna	dictionary	pt_BR
malafaia	dictionary	pt_BR
mandamentos	dictionary	pt_BR
marcadores	dictionary	pt_BR
marquei	dictionary	pt_BR
marquês	dictionary	pt_BR
marxismo	dictionary	pt_BR
marxista	dictionary	pt_BR
medico	dictionary	pt_BR
medíocre	dictionary	pt_BR
milícias	dictionary	pt_BR
mocidade	dictionary	pt_BR
mostras	dictionary	pt_BR
movimentar	dictionary	pt_BR
mu	dictionary	pt_BR
nomeados	dictionary	pt_BR
nominal	dictionary	pt_BR
ocorrerá	dictionary	pt_BR
onça	dictionary	pt_BR
ouvinte	dictionary	pt_BR
pagaram	dictionary	pt_BR
parava	dictionary	pt_BR
passaportes	dictionary	pt_BR
passarela	dictionary	pt_BR
pata	dictionary	pt_BR
paulistano	dictionary	pt_BR
pedacinho	dictionary	pt_BR
pertinentes	dictionary	pt_BR
peruana	dictionary	pt_BR
peão	dictionary	pt_BR
pila	dictionary	pt_BR
ponho	dictionary	pt_BR
possibilitar	dictionary	pt_BR
praticam	dictionary	pt_BR
prefeituras	dictionary	pt_BR
pressionado	dictionary	pt_BR
previu	dictionary	pt_BR
promocionais	dictionary	pt_BR
promotora	dictionary	pt_BR
provedores	dictionary	pt_BR
põem	dictionary	pt_BR
queimou	dictionary	pt_BR
recordações	dictionary	pt_BR
recorrentes	dictionary	pt_BR
regressa	dictionary	pt_BR
respeitada	dictionary	pt_BR
respirando	dictionary	pt_BR
restringir	dictionary	pt_BR
reviravolta	dictionary	pt_BR
revoluções	dictionary	pt_BR
revólver	dictionary	pt_BR
roubadas	dictionary	pt_BR
rum	dictionary	pt_BR
salsa	dictionary	pt_BR
sanguínea	dictionary	pt_BR
saudação	dictionary	pt_BR
sedução	dictionary	pt_BR
sintoma	dictionary	pt_BR
subterrânea	dictionary	pt_BR
sérvios	dictionary	pt_BR
tardes	dictionary	pt_BR
temple	dictionary	pt_BR
terceirização	dictionary	pt_BR
tocada	dictionary	pt_BR
tonta	dictionary	pt_BR
torneios	dictionary	pt_BR
transposição	dictionary	pt_BR
treina	dictionary	pt_BR
treinou	dictionary	pt_BR
tribal	dictionary	pt_BR
ufrgs	pending	pt_BR
ufrj	pending	pt_BR
vaidade	dictionary	pt_BR
venezuelano	dictionary	pt_BR
vidros	dictionary	pt_BR
visam	dictionary	pt_BR
zinco	dictionary	pt_BR
abacaxi	dictionary	pt_BR
abusar	dictionary	pt_BR
aconselho	dictionary	pt_BR
adiantou	dictionary	pt_BR
admirável	dictionary	pt_BR
afastados	dictionary	pt_BR
afronta	dictionary	pt_BR
alonso	dictionary	pt_BR
ameaçadas	dictionary	pt_BR
amplas	dictionary	pt_BR
analogia	dictionary	pt_BR
anarquista	dictionary	pt_BR
angelina	dictionary	pt_BR
apanhou	dictionary	pt_BR
aprimorar	dictionary	pt_BR
arbustos	dictionary	pt_BR
arqueológicos	dictionary	pt_BR
arraial	dictionary	pt_BR
arrasta	dictionary	pt_BR
assaltantes	dictionary	pt_BR
assistiram	dictionary	pt_BR
ativação	dictionary	pt_BR
banqueiro	dictionary	pt_BR
brecha	dictionary	pt_BR
burros	dictionary	pt_BR
calcula	dictionary	pt_BR
calçadas	dictionary	pt_BR
candomblé	dictionary	pt_BR
capoeira	dictionary	pt_BR
casaram	dictionary	pt_BR
caseira	dictionary	pt_BR
caças	dictionary	pt_BR
cereja	dictionary	pt_BR
certidão	dictionary	pt_BR
charmoso	dictionary	pt_BR
chegaria	dictionary	pt_BR
cicatriz	dictionary	pt_BR
circulando	dictionary	pt_BR
compatíveis	dictionary	pt_BR
concentrações	dictionary	pt_BR
conectada	dictionary	pt_BR
confusões	dictionary	pt_BR
consideraram	dictionary	pt_BR
constam	dictionary	pt_BR
contras	dictionary	pt_BR
convertido	dictionary	pt_BR
cortados	dictionary	pt_BR
covardia	dictionary	pt_BR
crepúsculo	dictionary	pt_BR
cruzam	dictionary	pt_BR
cupom	dictionary	pt_BR
cônsul	dictionary	pt_BR
danificado	dictionary	pt_BR
descontentamento	dictionary	pt_BR
desejou	dictionary	pt_BR
detentos	dictionary	pt_BR
difere	dictionary	pt_BR
diplomático	dictionary	pt_BR
disciplinar	dictionary	pt_BR
discordo	dictionary	pt_BR
divisa	dictionary	pt_BR
duramente	dictionary	pt_BR
elaborou	dictionary	pt_BR
eldorado	dictionary	pt_BR
elogia	dictionary	pt_BR
enganada	dictionary	pt_BR
enviamos	dictionary	pt_BR
esfregar	dictionary	pt_BR
estrelado	dictionary	pt_BR
existindo	dictionary	pt_BR
explosivo	dictionary	pt_BR
falsificação	dictionary	pt_BR
farofa	dictionary	pt_BR
fere	dictionary	pt_BR
feriu	dictionary	pt_BR
finalizou	dictionary	pt_BR
fracassado	dictionary	pt_BR
fragmento	dictionary	pt_BR
funcionalidade	dictionary	pt_BR
funcionalidades	dictionary	pt_BR
geradas	dictionary	pt_BR
gritam	dictionary	pt_BR
homofóbico	dictionary	pt_BR
hospitalar	dictionary	pt_BR
ideologias	dictionary	pt_BR
impulsos	dictionary	pt_BR
indeterminado	dictionary	pt_BR
infantaria	dictionary	pt_BR
infectados	dictionary	pt_BR
instantânea	dictionary	pt_BR
inventando	dictionary	pt_BR
julgada	dictionary	pt_BR
jundiaí	dictionary	pt_BR
lacuna	dictionary	pt_BR
legislador	dictionary	pt_BR
legumes	dictionary	pt_BR
lembramos	dictionary	pt_BR
leucemia	dictionary	pt_BR
maneiro	dictionary	pt_BR
mantenho	dictionary	pt_BR
matrimônio	dictionary	pt_BR
memorando	dictionary	pt_BR
milênio	dictionary	pt_BR
monetária	dictionary	pt_BR
monta	dictionary	pt_BR
mostramos	dictionary	pt_BR
motiva	dictionary	pt_BR
motocicletas	dictionary	pt_BR
mourão	dictionary	pt_BR
moveu	dictionary	pt_BR
navegadores	dictionary	pt_BR
nego	dictionary	pt_BR
negocio	dictionary	pt_BR
noutra	dictionary	pt_BR
noé	dictionary	pt_BR
nudez	dictionary	pt_BR
observadas	dictionary	pt_BR
ocorridas	dictionary	pt_BR
oitavas	dictionary	pt_BR
opor	dictionary	pt_BR
oposta	dictionary	pt_BR
ordinário	dictionary	pt_BR
pandora	dictionary	pt_BR
panfletos	dictionary	pt_BR
paralisia	dictionary	pt_BR
parcelas	dictionary	pt_BR
pareces	dictionary	pt_BR
paredão	dictionary	pt_BR
passarão	dictionary	pt_BR
pirâmides	dictionary	pt_BR
pistolas	dictionary	pt_BR
prancha	dictionary	pt_BR
predadores	dictionary	pt_BR
prefácio	dictionary	pt_BR
presunto	dictionary	pt_BR
progressistas	dictionary	pt_BR
prolongado	dictionary	pt_BR
prometida	dictionary	pt_BR
punhado	dictionary	pt_BR
queimaduras	dictionary	pt_BR
rafa	dictionary	pt_BR
rastro	dictionary	pt_BR
relatados	dictionary	pt_BR
relâmpago	dictionary	pt_BR
repetiu	dictionary	pt_BR
respeitados	dictionary	pt_BR
retenção	dictionary	pt_BR
retiraram	dictionary	pt_BR
rigorosa	dictionary	pt_BR
rom	dictionary	pt_BR
roxa	dictionary	pt_BR
ruanda	dictionary	pt_BR
rush	dictionary	pt_BR
saca	dictionary	pt_BR
sacrificar	dictionary	pt_BR
salmão	dictionary	pt_BR
secundárias	dictionary	pt_BR
semanalmente	dictionary	pt_BR
sequestrado	dictionary	pt_BR
sertaneja	dictionary	pt_BR
sobrancelhas	dictionary	pt_BR
socorros	dictionary	pt_BR
subiram	dictionary	pt_BR
submarinos	dictionary	pt_BR
supostos	dictionary	pt_BR
suprimento	dictionary	pt_BR
teia	dictionary	pt_BR
temporárias	dictionary	pt_BR
tolerar	dictionary	pt_BR
torto	dictionary	pt_BR
torturado	dictionary	pt_BR
tributária	dictionary	pt_BR
trovoada	dictionary	pt_BR
táxis	dictionary	pt_BR
ursinho	dictionary	pt_BR
vazar	dictionary	pt_BR
vibrante	dictionary	pt_BR
óssea	dictionary	pt_BR
úmido	dictionary	pt_BR
aba	dictionary	pt_BR
aceitos	dictionary	pt_BR
adaptada	dictionary	pt_BR
adicionou	dictionary	pt_BR
adormecer	dictionary	pt_BR
agradecimentos	dictionary	pt_BR
agradeça	dictionary	pt_BR
alheio	dictionary	pt_BR
amarelos	dictionary	pt_BR
anais	dictionary	pt_BR
anestesia	dictionary	pt_BR
apego	dictionary	pt_BR
aprendam	dictionary	pt_BR
apresentadores	dictionary	pt_BR
artefatos	dictionary	pt_BR
asma	dictionary	pt_BR
aumente	dictionary	pt_BR
australianos	dictionary	pt_BR
autorizadas	dictionary	pt_BR
autorizar	dictionary	pt_BR
banquete	dictionary	pt_BR
bebem	dictionary	pt_BR
beijinhos	dictionary	pt_BR
biquíni	dictionary	pt_BR
bolinhos	dictionary	pt_BR
breves	dictionary	pt_BR
brincos	dictionary	pt_BR
bula	dictionary	pt_BR
cantoras	dictionary	pt_BR
castelos	dictionary	pt_BR
celas	dictionary	pt_BR
chapéus	dictionary	pt_BR
classifica	dictionary	pt_BR
colegial	dictionary	pt_BR
combustão	dictionary	pt_BR
comitês	dictionary	pt_BR
compensa	dictionary	pt_BR
competitiva	dictionary	pt_BR
compramos	dictionary	pt_BR
concentram	dictionary	pt_BR
consideramos	dictionary	pt_BR
consultora	dictionary	pt_BR
continuarão	dictionary	pt_BR
controlando	dictionary	pt_BR
conversam	dictionary	pt_BR
crescentes	dictionary	pt_BR
croata	dictionary	pt_BR
cubra	dictionary	pt_BR
cúmplice	dictionary	pt_BR
desafia	dictionary	pt_BR
descobrirem	dictionary	pt_BR
desejável	dictionary	pt_BR
despesa	dictionary	pt_BR
devolução	dictionary	pt_BR
diferencia	dictionary	pt_BR
dinâmicas	dictionary	pt_BR
discutiu	dictionary	pt_BR
dióxido	dictionary	pt_BR
doendo	dictionary	pt_BR
dormido	dictionary	pt_BR
doutoramento	dictionary	pt_BR
dígitos	dictionary	pt_BR
edificação	dictionary	pt_BR
eleva	dictionary	pt_BR
emergências	dictionary	pt_BR
encantadora	dictionary	pt_BR
encenação	dictionary	pt_BR
enriquecer	dictionary	pt_BR
espiritualidade	dictionary	pt_BR
estejamos	dictionary	pt_BR
evidentes	dictionary	pt_BR
expandindo	dictionary	pt_BR
expediente	dictionary	pt_BR
fantásticas	dictionary	pt_BR
farmacêutica	dictionary	pt_BR
feias	dictionary	pt_BR
fisiologia	dictionary	pt_BR
fosso	dictionary	pt_BR
fotógrafa	dictionary	pt_BR
furacões	dictionary	pt_BR
gaiola	dictionary	pt_BR
ganso	dictionary	pt_BR
golf	dictionary	pt_BR
guerrilheiros	dictionary	pt_BR
hindu	dictionary	pt_BR
homenageia	dictionary	pt_BR
imprevisível	dictionary	pt_BR
inevitavelmente	dictionary	pt_BR
insere	dictionary	pt_BR
instala	dictionary	pt_BR
insônia	dictionary	pt_BR
interrompeu	dictionary	pt_BR
invocação	dictionary	pt_BR
isabela	dictionary	pt_BR
israelita	dictionary	pt_BR
jogadora	dictionary	pt_BR
jornalística	dictionary	pt_BR
juntem	dictionary	pt_BR
juristas	dictionary	pt_BR
lenço	dictionary	pt_BR
leram	dictionary	pt_BR
lobão	dictionary	pt_BR
lutamos	dictionary	pt_BR
lâminas	dictionary	pt_BR
magistrados	dictionary	pt_BR
marítimo	dictionary	pt_BR
matias	dictionary	pt_BR
melhoras	dictionary	pt_BR
milena	dictionary	pt_BR
mimi	dictionary	pt_BR
mister	dictionary	pt_BR
modelagem	dictionary	pt_BR
moinhos	dictionary	pt_BR
motivada	dictionary	pt_BR
motivou	dictionary	pt_BR
mágicas	dictionary	pt_BR
nicolau	dictionary	pt_BR
notes	dictionary	pt_BR
ocultar	dictionary	pt_BR
ocupações	dictionary	pt_BR
ordinária	dictionary	pt_BR
organizacional	dictionary	pt_BR
palmares	dictionary	pt_BR
papeis	dictionary	pt_BR
parasitas	dictionary	pt_BR
parasse	dictionary	pt_BR
parti	dictionary	pt_BR
participava	dictionary	pt_BR
pautas	dictionary	pt_BR
peixoto	dictionary	pt_BR
penitenciário	dictionary	pt_BR
permanecerá	dictionary	pt_BR
pescar	dictionary	pt_BR
piranha	dictionary	pt_BR
piscinas	dictionary	pt_BR
portuguese	dictionary	pt_BR
portáteis	dictionary	pt_BR
preferidos	dictionary	pt_BR
prejudicado	dictionary	pt_BR
prendendo	dictionary	pt_BR
preparadas	dictionary	pt_BR
primárias	dictionary	pt_BR
produtoras	dictionary	pt_BR
profetas	dictionary	pt_BR
proporcionou	dictionary	pt_BR
prosseguiu	dictionary	pt_BR
provam	dictionary	pt_BR
providenciar	dictionary	pt_BR
quebradas	dictionary	pt_BR
recebê	dictionary	pt_BR
recomendar	dictionary	pt_BR
referidos	dictionary	pt_BR
refiro	dictionary	pt_BR
reflexos	dictionary	pt_BR
regulador	dictionary	pt_BR
representava	dictionary	pt_BR
requerimento	dictionary	pt_BR
resistentes	dictionary	pt_BR
retaliação	dictionary	pt_BR
retardado	dictionary	pt_BR
retrocesso	dictionary	pt_BR
revisar	dictionary	pt_BR
riu	dictionary	pt_BR
sabermos	dictionary	pt_BR
sectores	dictionary	pt_BR
seita	dictionary	pt_BR
semifinais	dictionary	pt_BR
sentes	dictionary	pt_BR
sentida	dictionary	pt_BR
sequências	dictionary	pt_BR
serenidade	dictionary	pt_BR
serio	dictionary	pt_BR
severas	dictionary	pt_BR
signos	dictionary	pt_BR
simpósio	dictionary	pt_BR
sofremos	dictionary	pt_BR
solidário	dictionary	pt_BR
sucedeu	dictionary	pt_BR
suicidas	dictionary	pt_BR
sujos	dictionary	pt_BR
surda	dictionary	pt_BR
sustentação	dictionary	pt_BR
sábios	dictionary	pt_BR
telefonemas	dictionary	pt_BR
telefônicas	dictionary	pt_BR
telemóveis	dictionary	pt_BR
tiramos	dictionary	pt_BR
tragam	dictionary	pt_BR
traseiras	dictionary	pt_BR
trator	dictionary	pt_BR
travesti	dictionary	pt_BR
troquei	dictionary	pt_BR
turbulência	dictionary	pt_BR
utilizá	dictionary	pt_BR
valentina	dictionary	pt_BR
vertentes	dictionary	pt_BR
viaduto	dictionary	pt_BR
vibrações	dictionary	pt_BR
viemos	dictionary	pt_BR
vitima	dictionary	pt_BR
willian	pending	pt_BR
éticos	dictionary	pt_BR
óscar	dictionary	pt_BR
abandonando	dictionary	pt_BR
abordados	dictionary	pt_BR
absurdas	dictionary	pt_BR
acabada	dictionary	pt_BR
acabará	dictionary	pt_BR
ada	dictionary	pt_BR
afiada	dictionary	pt_BR
alegam	dictionary	pt_BR
alentejo	dictionary	pt_BR
algoritmos	dictionary	pt_BR
andamos	dictionary	pt_BR
apertada	dictionary	pt_BR
arqueiro	dictionary	pt_BR
arrumou	dictionary	pt_BR
assassina	dictionary	pt_BR
assumo	dictionary	pt_BR
astronautas	dictionary	pt_BR
astronomia	dictionary	pt_BR
atendida	dictionary	pt_BR
atribuídas	dictionary	pt_BR
atualizando	dictionary	pt_BR
bactéria	dictionary	pt_BR
barracas	dictionary	pt_BR
bateram	dictionary	pt_BR
blitz	dictionary	pt_BR
blogueiros	dictionary	pt_BR
brega	dictionary	pt_BR
brilhando	dictionary	pt_BR
cabeleireiro	dictionary	pt_BR
calheiros	dictionary	pt_BR
carece	dictionary	pt_BR
cascavel	dictionary	pt_BR
castor	dictionary	pt_BR
cavaco	dictionary	pt_BR
centavo	dictionary	pt_BR
cercados	dictionary	pt_BR
cilindros	dictionary	pt_BR
circula	dictionary	pt_BR
clérigos	dictionary	pt_BR
cobriu	dictionary	pt_BR
colateral	dictionary	pt_BR
compartimento	dictionary	pt_BR
comunitárias	dictionary	pt_BR
concentrados	dictionary	pt_BR
consoante	dictionary	pt_BR
consultivo	dictionary	pt_BR
corregedoria	dictionary	pt_BR
cortinas	dictionary	pt_BR
curado	dictionary	pt_BR
cólera	dictionary	pt_BR
deixes	dictionary	pt_BR
democráticas	dictionary	pt_BR
densa	dictionary	pt_BR
derrame	dictionary	pt_BR
desaparecem	dictionary	pt_BR
dirigem	dictionary	pt_BR
disponibilizou	dictionary	pt_BR
distorção	dictionary	pt_BR
doador	dictionary	pt_BR
doe	dictionary	pt_BR
dureza	dictionary	pt_BR
educadora	dictionary	pt_BR
educados	dictionary	pt_BR
educativo	dictionary	pt_BR
emblema	dictionary	pt_BR
encostar	dictionary	pt_BR
escute	dictionary	pt_BR
escutou	dictionary	pt_BR
estacionado	dictionary	pt_BR
estagiários	dictionary	pt_BR
estourar	dictionary	pt_BR
estátuas	dictionary	pt_BR
excluída	dictionary	pt_BR
exilados	dictionary	pt_BR
explícita	dictionary	pt_BR
expressiva	dictionary	pt_BR
extensões	dictionary	pt_BR
extermínio	dictionary	pt_BR
farmacêutico	dictionary	pt_BR
fausto	dictionary	pt_BR
fenda	dictionary	pt_BR
ferroviária	dictionary	pt_BR
fev	dictionary	pt_BR
fluidos	dictionary	pt_BR
focados	dictionary	pt_BR
fofocas	dictionary	pt_BR
forca	dictionary	pt_BR
fracas	dictionary	pt_BR
funcionais	dictionary	pt_BR
genuíno	dictionary	pt_BR
gone	dictionary	pt_BR
greves	dictionary	pt_BR
guardando	dictionary	pt_BR
guarnição	dictionary	pt_BR
hilário	dictionary	pt_BR
humilhado	dictionary	pt_BR
humilhar	dictionary	pt_BR
humorista	dictionary	pt_BR
hábil	dictionary	pt_BR
idêntico	dictionary	pt_BR
ignorada	dictionary	pt_BR
imobiliários	dictionary	pt_BR
inaugural	dictionary	pt_BR
inaugurou	dictionary	pt_BR
influenciam	dictionary	pt_BR
ingestão	dictionary	pt_BR
insisto	dictionary	pt_BR
intoxicação	dictionary	pt_BR
islamismo	dictionary	pt_BR
islâmicos	dictionary	pt_BR
ji	dictionary	pt_BR
laje	dictionary	pt_BR
limitando	dictionary	pt_BR
lino	dictionary	pt_BR
longevidade	dictionary	pt_BR
maciça	dictionary	pt_BR
magnífica	dictionary	pt_BR
maias	dictionary	pt_BR
maionese	dictionary	pt_BR
malhação	dictionary	pt_BR
merecemos	dictionary	pt_BR
merecido	dictionary	pt_BR
miley	pending	pt_BR
monde	dictionary	pt_BR
movimentado	dictionary	pt_BR
nascemos	dictionary	pt_BR
nerds	dictionary	pt_BR
nilton	pending	pt_BR
nojenta	dictionary	pt_BR
odor	dictionary	pt_BR
orfanato	dictionary	pt_BR
originou	dictionary	pt_BR
palestino	dictionary	pt_BR
pancada	dictionary	pt_BR
parasita	dictionary	pt_BR
passeando	dictionary	pt_BR
percorreu	dictionary	pt_BR
periódicos	dictionary	pt_BR
perseguições	dictionary	pt_BR
persistência	dictionary	pt_BR
pintada	dictionary	pt_BR
poluentes	dictionary	pt_BR
portar	dictionary	pt_BR
porções	dictionary	pt_BR
precauções	dictionary	pt_BR
promovidas	dictionary	pt_BR
publicando	dictionary	pt_BR
pulsos	dictionary	pt_BR
puseram	dictionary	pt_BR
radiodifusão	dictionary	pt_BR
recipientes	dictionary	pt_BR
reencontro	dictionary	pt_BR
registar	dictionary	pt_BR
registrando	dictionary	pt_BR
relembra	dictionary	pt_BR
relembrando	dictionary	pt_BR
rendição	dictionary	pt_BR
requerer	dictionary	pt_BR
resolvendo	dictionary	pt_BR
reunida	dictionary	pt_BR
rezando	dictionary	pt_BR
rompeu	dictionary	pt_BR
sangrenta	dictionary	pt_BR
sesi	pending	pt_BR
significante	dictionary	pt_BR
soar	dictionary	pt_BR
soberana	dictionary	pt_BR
sobral	dictionary	pt_BR
sociólogo	dictionary	pt_BR
soviéticos	dictionary	pt_BR
step	dictionary	pt_BR
subitamente	dictionary	pt_BR
suplemento	dictionary	pt_BR
suplente	dictionary	pt_BR
teclados	dictionary	pt_BR
temporários	dictionary	pt_BR
tentavam	dictionary	pt_BR
teses	dictionary	pt_BR
tradutores	dictionary	pt_BR
traduziu	dictionary	pt_BR
transportados	dictionary	pt_BR
tumores	dictionary	pt_BR
têxtil	dictionary	pt_BR
urgentemente	dictionary	pt_BR
