# CC-BANK-PURITY F2 ledger: word<TAB>verdict<TAB>source. One line per bank row, bank order.
# verdicts: dictionary | exception (signed) | pending (auditor sheet). No new row may ever enter as pending.
#tier	easy	0xF46F5AF0DB4EC754
#tier	medium	0xA91535F8E8DD6F5B
#tier	hard	0x35525247EC95C44A
#tier	expert	0x3156D6BD7FA9C822
автобус	dictionary	ru_RU
бежать	dictionary	ru_RU
белый	dictionary	ru_RU
бог	dictionary	ru_RU
боль	dictionary	ru_RU
большой	dictionary	ru_RU
брат	dictionary	ru_RU
бумага	dictionary	ru_RU
быстрый	dictionary	ru_RU
верх	dictionary	ru_RU
весна	dictionary	ru_RU
ветер	dictionary	ru_RU
взять	dictionary	ru_RU
вино	dictionary	ru_RU
власть	dictionary	ru_RU
вода	dictionary	ru_RU
война	dictionary	ru_RU
волк	dictionary	ru_RU
волна	dictionary	ru_RU
волосы	dictionary	ru_RU
восемь	dictionary	ru_RU
восток	dictionary	ru_RU
время	dictionary	ru_RU
всегда	dictionary	ru_RU
глаз	dictionary	ru_RU
год	dictionary	ru_RU
голова	dictionary	ru_RU
голос	dictionary	ru_RU
гора	dictionary	ru_RU
город	dictionary	ru_RU
горячий	dictionary	ru_RU
дать	dictionary	ru_RU
два	dictionary	ru_RU
дверь	dictionary	ru_RU
девочка	dictionary	ru_RU
девять	dictionary	ru_RU
делать	dictionary	ru_RU
день	dictionary	ru_RU
деньги	dictionary	ru_RU
деревня	dictionary	ru_RU
дерево	dictionary	ru_RU
держать	dictionary	ru_RU
десять	dictionary	ru_RU
длинный	dictionary	ru_RU
дно	dictionary	ru_RU
дождь	dictionary	ru_RU
дом	dictionary	ru_RU
дорога	dictionary	ru_RU
друг	dictionary	ru_RU
думать	dictionary	ru_RU
дух	dictionary	ru_RU
душа	dictionary	ru_RU
дым	dictionary	ru_RU
еда	dictionary	ru_RU
есть	dictionary	ru_RU
железо	dictionary	ru_RU
женщина	dictionary	ru_RU
жизнь	dictionary	ru_RU
жёлтый	dictionary	ru_RU
закон	dictionary	ru_RU
запад	dictionary	ru_RU
звезда	dictionary	ru_RU
звук	dictionary	ru_RU
здесь	dictionary	ru_RU
зелёный	dictionary	ru_RU
земля	dictionary	ru_RU
зима	dictionary	ru_RU
знать	dictionary	ru_RU
золото	dictionary	ru_RU
игра	dictionary	ru_RU
играть	dictionary	ru_RU
идти	dictionary	ru_RU
имя	dictionary	ru_RU
иногда	dictionary	ru_RU
история	dictionary	ru_RU
камень	dictionary	ru_RU
камера	dictionary	ru_RU
картина	dictionary	ru_RU
квадрат	dictionary	ru_RU
класс	dictionary	ru_RU
ключ	dictionary	ru_RU
книга	dictionary	ru_RU
кожа	dictionary	ru_RU
колодец	dictionary	ru_RU
кольцо	dictionary	ru_RU
комната	dictionary	ru_RU
корабль	dictionary	ru_RU
корень	dictionary	ru_RU
коробка	dictionary	ru_RU
король	dictionary	ru_RU
кость	dictionary	ru_RU
кот	dictionary	ru_RU
красный	dictionary	ru_RU
кровать	dictionary	ru_RU
кровь	dictionary	ru_RU
круг	dictionary	ru_RU
крыша	dictionary	ru_RU
кухня	dictionary	ru_RU
лампа	dictionary	ru_RU
левый	dictionary	ru_RU
лето	dictionary	ru_RU
линия	dictionary	ru_RU
лиса	dictionary	ru_RU
лист	dictionary	ru_RU
лодка	dictionary	ru_RU
ломать	dictionary	ru_RU
лошадь	dictionary	ru_RU
луна	dictionary	ru_RU
любить	dictionary	ru_RU
любовь	dictionary	ru_RU
люди	dictionary	ru_RU
лёгкий	dictionary	ru_RU
лёд	dictionary	ru_RU
магазин	dictionary	ru_RU
малыш	dictionary	ru_RU
мальчик	dictionary	ru_RU
мать	dictionary	ru_RU
машина	dictionary	ru_RU
медведь	dictionary	ru_RU
месяц	dictionary	ru_RU
металл	dictionary	ru_RU
мир	dictionary	ru_RU
миска	dictionary	ru_RU
мокрый	dictionary	ru_RU
молоко	dictionary	ru_RU
монета	dictionary	ru_RU
море	dictionary	ru_RU
мост	dictionary	ru_RU
мужчина	dictionary	ru_RU
музыка	dictionary	ru_RU
мышь	dictionary	ru_RU
мягкий	dictionary	ru_RU
мясо	dictionary	ru_RU
мяч	dictionary	ru_RU
надежда	dictionary	ru_RU
найти	dictionary	ru_RU
нация	dictionary	ru_RU
небо	dictionary	ru_RU
неделя	dictionary	ru_RU
нести	dictionary	ru_RU
нет	dictionary	ru_RU
никогда	dictionary	ru_RU
новый	dictionary	ru_RU
нога	dictionary	ru_RU
номер	dictionary	ru_RU
нос	dictionary	ru_RU
носок	dictionary	ru_RU
ночь	dictionary	ru_RU
нужда	dictionary	ru_RU
облако	dictionary	ru_RU
огонь	dictionary	ru_RU
один	dictionary	ru_RU
озеро	dictionary	ru_RU
окно	dictionary	ru_RU
остров	dictionary	ru_RU
отец	dictionary	ru_RU
открыть	dictionary	ru_RU
пальто	dictionary	ru_RU
перёд	dictionary	ru_RU
песня	dictionary	ru_RU
песок	dictionary	ru_RU
писать	dictionary	ru_RU
письмо	dictionary	ru_RU
плавать	dictionary	ru_RU
пластик	dictionary	ru_RU
платить	dictionary	ru_RU
плохой	dictionary	ru_RU
подарок	dictionary	ru_RU
поезд	dictionary	ru_RU
пол	dictionary	ru_RU
поле	dictionary	ru_RU
помощь	dictionary	ru_RU
послать	dictionary	ru_RU
право	dictionary	ru_RU
природа	dictionary	ru_RU
прыгать	dictionary	ru_RU
птица	dictionary	ru_RU
пять	dictionary	ru_RU
работа	dictionary	ru_RU
размер	dictionary	ru_RU
ребёнок	dictionary	ru_RU
река	dictionary	ru_RU
рис	dictionary	ru_RU
рот	dictionary	ru_RU
рука	dictionary	ru_RU
рыба	dictionary	ru_RU
рынок	dictionary	ru_RU
самолёт	dictionary	ru_RU
сахар	dictionary	ru_RU
свет	dictionary	ru_RU
свинья	dictionary	ru_RU
север	dictionary	ru_RU
сегодня	dictionary	ru_RU
сейчас	dictionary	ru_RU
семь	dictionary	ru_RU
семья	dictionary	ru_RU
семя	dictionary	ru_RU
сердце	dictionary	ru_RU
серебро	dictionary	ru_RU
серый	dictionary	ru_RU
сестра	dictionary	ru_RU
сильный	dictionary	ru_RU
синий	dictionary	ru_RU
скала	dictionary	ru_RU
слабый	dictionary	ru_RU
слово	dictionary	ru_RU
смерть	dictionary	ru_RU
снег	dictionary	ru_RU
собака	dictionary	ru_RU
солнце	dictionary	ru_RU
соль	dictionary	ru_RU
спина	dictionary	ru_RU
старый	dictionary	ru_RU
стекло	dictionary	ru_RU
стена	dictionary	ru_RU
сто	dictionary	ru_RU
стол	dictionary	ru_RU
страна	dictionary	ru_RU
страх	dictionary	ru_RU
строить	dictionary	ru_RU
студент	dictionary	ru_RU
ступня	dictionary	ru_RU
сухой	dictionary	ru_RU
сын	dictionary	ru_RU
там	dictionary	ru_RU
тарелка	dictionary	ru_RU
твёрдый	dictionary	ru_RU
тело	dictionary	ru_RU
терять	dictionary	ru_RU
тогда	dictionary	ru_RU
толкать	dictionary	ru_RU
точка	dictionary	ru_RU
трава	dictionary	ru_RU
три	dictionary	ru_RU
тысяча	dictionary	ru_RU
тянуть	dictionary	ru_RU
тёмный	dictionary	ru_RU
тёплый	dictionary	ru_RU
улица	dictionary	ru_RU
утка	dictionary	ru_RU
утро	dictionary	ru_RU
ухо	dictionary	ru_RU
учитель	dictionary	ru_RU
ферма	dictionary	ru_RU
фильм	dictionary	ru_RU
форма	dictionary	ru_RU
холм	dictionary	ru_RU
хороший	dictionary	ru_RU
хотеть	dictionary	ru_RU
цвет	dictionary	ru_RU
цветок	dictionary	ru_RU
цена	dictionary	ru_RU
цепь	dictionary	ru_RU
церковь	dictionary	ru_RU
чай	dictionary	ru_RU
час	dictionary	ru_RU
часто	dictionary	ru_RU
чашка	dictionary	ru_RU
четыре	dictionary	ru_RU
читать	dictionary	ru_RU
чёрный	dictionary	ru_RU
шесть	dictionary	ru_RU
школа	dictionary	ru_RU
шляпа	dictionary	ru_RU
шум	dictionary	ru_RU
юг	dictionary	ru_RU
яйцо	dictionary	ru_RU
на	dictionary	ru_RU
не	dictionary	ru_RU
года	dictionary	ru_RU
году	dictionary	ru_RU
по	dictionary	ru_RU
из	dictionary	ru_RU
что	dictionary	ru_RU
был	dictionary	ru_RU
его	dictionary	ru_RU
для	dictionary	ru_RU
как	dictionary	ru_RU
от	dictionary	ru_RU
он	dictionary	ru_RU
за	dictionary	ru_RU
было	dictionary	ru_RU
до	dictionary	ru_RU
но	dictionary	ru_RU
были	dictionary	ru_RU
была	dictionary	ru_RU
или	dictionary	ru_RU
же	dictionary	ru_RU
их	dictionary	ru_RU
её	dictionary	ru_RU
при	dictionary	ru_RU
во	dictionary	ru_RU
это	dictionary	ru_RU
лет	dictionary	ru_RU
под	dictionary	ru_RU
то	dictionary	ru_RU
так	dictionary	ru_RU
она	dictionary	ru_RU
того	dictionary	ru_RU
они	dictionary	ru_RU
где	dictionary	ru_RU
со	dictionary	ru_RU
стал	dictionary	ru_RU
этом	dictionary	ru_RU
том	dictionary	ru_RU
все	dictionary	ru_RU
ему	dictionary	ru_RU
ещё	dictionary	ru_RU
уже	dictionary	ru_RU
них	dictionary	ru_RU
быть	dictionary	ru_RU
всех	dictionary	ru_RU
свою	dictionary	ru_RU
годы	dictionary	ru_RU
раз	dictionary	ru_RU
этой	dictionary	ru_RU
себя	dictionary	ru_RU
чем	dictionary	ru_RU
двух	dictionary	ru_RU
века	dictionary	ru_RU
этот	dictionary	ru_RU
над	dictionary	ru_RU
без	dictionary	ru_RU
него	dictionary	ru_RU
тем	dictionary	ru_RU
мира	dictionary	ru_RU
лишь	dictionary	ru_RU
бы	dictionary	ru_RU
им	dictionary	ru_RU
даже	dictionary	ru_RU
об	dictionary	ru_RU
ни	dictionary	ru_RU
свои	dictionary	ru_RU
этих	dictionary	ru_RU
всё	dictionary	ru_RU
чего	dictionary	ru_RU
тот	dictionary	ru_RU
свой	dictionary	ru_RU
если	dictionary	ru_RU
две	dictionary	ru_RU
ней	dictionary	ru_RU
ним	dictionary	ru_RU
роль	dictionary	ru_RU
хотя	dictionary	ru_RU
эти	dictionary	ru_RU
игры	dictionary	ru_RU
клуб	dictionary	ru_RU
ей	dictionary	ru_RU
своё	dictionary	ru_RU
дома	dictionary	ru_RU
виде	dictionary	ru_RU
себе	dictionary	ru_RU
сам	dictionary	ru_RU
мая	dictionary	ru_RU
июля	dictionary	ru_RU
ряд	dictionary	ru_RU
неё	dictionary	ru_RU
июня	dictionary	ru_RU
тех	dictionary	ru_RU
трёх	dictionary	ru_RU
мы	dictionary	ru_RU
дней	dictionary	ru_RU
нём	dictionary	ru_RU
реки	dictionary	ru_RU
роли	dictionary	ru_RU
имел	dictionary	ru_RU
одна	dictionary	ru_RU
тому	dictionary	ru_RU
пор	dictionary	ru_RU
пока	dictionary	ru_RU
селе	dictionary	ru_RU
ходе	dictionary	ru_RU
этим	dictionary	ru_RU
эту	dictionary	ru_RU
силы	dictionary	ru_RU
всей	dictionary	ru_RU
кто	dictionary	ru_RU
де	dictionary	ru_RU
мог	dictionary	ru_RU
типа	dictionary	ru_RU
умер	dictionary	ru_RU
эта	dictionary	ru_RU
отца	dictionary	ru_RU
наук	dictionary	ru_RU
всю	dictionary	ru_RU
ли	dictionary	ru_RU
игр	dictionary	ru_RU
пути	dictionary	ru_RU
либо	dictionary	ru_RU
мире	dictionary	ru_RU
дня	dictionary	ru_RU
воды	dictionary	ru_RU
сына	dictionary	ru_RU
тела	dictionary	ru_RU
села	dictionary	ru_RU
одну	dictionary	ru_RU
смог	dictionary	ru_RU
дочь	dictionary	ru_RU
рода	dictionary	ru_RU
ними	dictionary	ru_RU
км	dictionary	ru_RU
сил	dictionary	ru_RU
те	dictionary	ru_RU
вид	dictionary	ru_RU
книг	dictionary	ru_RU
оно	dictionary	ru_RU
боя	dictionary	ru_RU
игре	dictionary	ru_RU
доме	dictionary	ru_RU
одно	dictionary	ru_RU
веке	dictionary	ru_RU
июне	dictionary	ru_RU
язык	dictionary	ru_RU
мере	dictionary	ru_RU
выше	dictionary	ru_RU
путь	dictionary	ru_RU
всем	dictionary	ru_RU
той	dictionary	ru_RU
раза	dictionary	ru_RU
см	dictionary	ru_RU
нему	dictionary	ru_RU
кино	dictionary	ru_RU
мае	dictionary	ru_RU
счёт	dictionary	ru_RU
тоже	dictionary	ru_RU
пяти	dictionary	ru_RU
еще	dictionary	ru_RU
матч	dictionary	ru_RU
силу	dictionary	ru_RU
мест	dictionary	ru_RU
дело	dictionary	ru_RU
храм	dictionary	ru_RU
ее	dictionary	ru_RU
моря	dictionary	ru_RU
весь	dictionary	ru_RU
меня	dictionary	ru_RU
июле	dictionary	ru_RU
сих	dictionary	ru_RU
бой	dictionary	ru_RU
ряда	dictionary	ru_RU
село	dictionary	ru_RU
суда	dictionary	ru_RU
дел	dictionary	ru_RU
мне	dictionary	ru_RU
ниже	dictionary	ru_RU
базе	dictionary	ru_RU
жил	dictionary	ru_RU
игру	dictionary	ru_RU
края	dictionary	ru_RU
сети	dictionary	ru_RU
вида	dictionary	ru_RU
деле	dictionary	ru_RU
пост	dictionary	ru_RU
ныне	dictionary	ru_RU
поля	dictionary	ru_RU
дела	dictionary	ru_RU
мало	dictionary	ru_RU
руки	dictionary	ru_RU
нас	dictionary	ru_RU
оба	dictionary	ru_RU
лиц	dictionary	ru_RU
член	dictionary	ru_RU
даёт	dictionary	ru_RU
план	dictionary	ru_RU
слов	dictionary	ru_RU
лица	dictionary	ru_RU
дети	dictionary	ru_RU
мм	dictionary	ru_RU
гол	dictionary	ru_RU
лиге	dictionary	ru_RU
шоу	dictionary	ru_RU
лиги	dictionary	ru_RU
трех	dictionary	ru_RU
цели	dictionary	ru_RU
бою	dictionary	ru_RU
полк	dictionary	ru_RU
чаще	dictionary	ru_RU
воду	dictionary	ru_RU
жить	dictionary	ru_RU
боях	dictionary	ru_RU
виды	dictionary	ru_RU
реке	dictionary	ru_RU
став	dictionary	ru_RU
дал	dictionary	ru_RU
плен	dictionary	ru_RU
сама	dictionary	ru_RU
идёт	dictionary	ru_RU
срок	dictionary	ru_RU
жены	dictionary	ru_RU
суд	dictionary	ru_RU
жена	dictionary	ru_RU
рост	dictionary	ru_RU
брак	dictionary	ru_RU
зоны	dictionary	ru_RU
миру	dictionary	ru_RU
сеть	dictionary	ru_RU
мужа	dictionary	ru_RU
дни	dictionary	ru_RU
уезд	dictionary	ru_RU
знак	dictionary	ru_RU
ими	dictionary	ru_RU
ко	dictionary	ru_RU
опыт	dictionary	ru_RU
тут	dictionary	ru_RU
куда	dictionary	ru_RU
семи	dictionary	ru_RU
тонн	dictionary	ru_RU
убит	dictionary	ru_RU
удар	dictionary	ru_RU
чуть	dictionary	ru_RU
курс	dictionary	ru_RU
ряде	dictionary	ru_RU
сами	dictionary	ru_RU
надо	dictionary	ru_RU
ушёл	dictionary	ru_RU
гола	dictionary	ru_RU
школ	dictionary	ru_RU
горы	dictionary	ru_RU
леса	dictionary	ru_RU
взял	dictionary	ru_RU
обе	dictionary	ru_RU
тему	dictionary	ru_RU
та	dictionary	ru_RU
улиц	dictionary	ru_RU
идеи	dictionary	ru_RU
меры	dictionary	ru_RU
прав	dictionary	ru_RU
фон	dictionary	ru_RU
факт	dictionary	ru_RU
ход	dictionary	ru_RU
пара	dictionary	ru_RU
темы	dictionary	ru_RU
ты	dictionary	ru_RU
вне	dictionary	ru_RU
вёл	dictionary	ru_RU
делу	dictionary	ru_RU
про	dictionary	ru_RU
счет	dictionary	ru_RU
туда	dictionary	ru_RU
виду	dictionary	ru_RU
зоне	dictionary	ru_RU
воде	dictionary	ru_RU
парк	dictionary	ru_RU
вся	dictionary	ru_RU
часа	dictionary	ru_RU
вы	dictionary	ru_RU
пары	dictionary	ru_RU
птиц	dictionary	ru_RU
базы	dictionary	ru_RU
знал	dictionary	ru_RU
нам	dictionary	ru_RU
речь	dictionary	ru_RU
имея	dictionary	ru_RU
тип	dictionary	ru_RU
флот	dictionary	ru_RU
фоне	dictionary	ru_RU
юге	dictionary	ru_RU
га	dictionary	ru_RU
жили	dictionary	ru_RU
лицо	dictionary	ru_RU
окна	dictionary	ru_RU
сад	dictionary	ru_RU
свое	dictionary	ru_RU
ночи	dictionary	ru_RU
род	dictionary	ru_RU
царя	dictionary	ru_RU
союз	dictionary	ru_RU
зал	dictionary	ru_RU
реку	dictionary	ru_RU
тура	dictionary	ru_RU
цель	dictionary	ru_RU
штат	dictionary	ru_RU
пола	dictionary	ru_RU
бои	dictionary	ru_RU
вниз	dictionary	ru_RU
ради	dictionary	ru_RU
снят	dictionary	ru_RU
стен	dictionary	ru_RU
форм	dictionary	ru_RU
ходу	dictionary	ru_RU
цикл	dictionary	ru_RU
вещи	dictionary	ru_RU
двое	dictionary	ru_RU
идея	dictionary	ru_RU
сей	dictionary	ru_RU
роты	dictionary	ru_RU
руку	dictionary	ru_RU
чём	dictionary	ru_RU
вот	dictionary	ru_RU
газа	dictionary	ru_RU
ноги	dictionary	ru_RU
уйти	dictionary	ru_RU
ван	dictionary	ru_RU
всём	dictionary	ru_RU
лесу	dictionary	ru_RU
млн	dictionary	ru_RU
огня	dictionary	ru_RU
речи	dictionary	ru_RU
этап	dictionary	ru_RU
дали	dictionary	ru_RU
рек	dictionary	ru_RU
вели	dictionary	ru_RU
иной	dictionary	ru_RU
трое	dictionary	ru_RU
идею	dictionary	ru_RU
наши	dictionary	ru_RU
да	dictionary	ru_RU
нем	dictionary	ru_RU
труд	dictionary	ru_RU
фонд	dictionary	ru_RU
чему	dictionary	ru_RU
бюро	dictionary	ru_RU
идут	dictionary	ru_RU
кг	dictionary	ru_RU
едва	dictionary	ru_RU
туре	dictionary	ru_RU
убил	dictionary	ru_RU
зале	dictionary	ru_RU
суде	dictionary	ru_RU
ведь	dictionary	ru_RU
гор	dictionary	ru_RU
двор	dictionary	ru_RU
идей	dictionary	ru_RU
дают	dictionary	ru_RU
др	dictionary	ru_RU
сила	dictionary	ru_RU
тебя	dictionary	ru_RU
хоть	dictionary	ru_RU
кожи	dictionary	ru_RU
ту	dictionary	ru_RU
штаб	dictionary	ru_RU
близ	dictionary	ru_RU
вес	dictionary	ru_RU
диск	dictionary	ru_RU
отцу	dictionary	ru_RU
пару	dictionary	ru_RU
пищи	dictionary	ru_RU
углу	dictionary	ru_RU
ею	dictionary	ru_RU
рано	dictionary	ru_RU
шла	dictionary	ru_RU
шли	dictionary	ru_RU
явно	dictionary	ru_RU
атак	dictionary	ru_RU
боёв	dictionary	ru_RU
горе	dictionary	ru_RU
зону	dictionary	ru_RU
ищет	dictionary	ru_RU
карт	dictionary	ru_RU
муж	dictionary	ru_RU
трон	dictionary	ru_RU
блок	dictionary	ru_RU
вход	dictionary	ru_RU
пар	dictionary	ru_RU
приз	dictionary	ru_RU
рук	dictionary	ru_RU
сути	dictionary	ru_RU
баку	dictionary	ru_RU
бога	dictionary	ru_RU
базу	dictionary	ru_RU
жену	dictionary	ru_RU
идет	dictionary	ru_RU
мяча	dictionary	ru_RU
сбор	dictionary	ru_RU
югу	dictionary	ru_RU
граф	dictionary	ru_RU
край	dictionary	ru_RU
моей	dictionary	ru_RU
озёр	dictionary	ru_RU
реже	dictionary	ru_RU
ряды	dictionary	ru_RU
сюда	dictionary	ru_RU
шёл	dictionary	ru_RU
ядра	dictionary	ru_RU
герб	dictionary	ru_RU
лес	dictionary	ru_RU
оси	dictionary	ru_RU
эфир	dictionary	ru_RU
юга	dictionary	ru_RU
депо	dictionary	ru_RU
евро	dictionary	ru_RU
сыну	dictionary	ru_RU
часы	dictionary	ru_RU
вас	dictionary	ru_RU
войн	dictionary	ru_RU
глав	dictionary	ru_RU
душу	dictionary	ru_RU
жюри	dictionary	ru_RU
кого	dictionary	ru_RU
лета	dictionary	ru_RU
лигу	dictionary	ru_RU
лице	dictionary	ru_RU
силе	dictionary	ru_RU
ушли	dictionary	ru_RU
база	dictionary	ru_RU
банк	dictionary	ru_RU
борт	dictionary	ru_RU
дата	dictionary	ru_RU
код	dictionary	ru_RU
очка	dictionary	ru_RU
веры	dictionary	ru_RU
души	dictionary	ru_RU
жене	dictionary	ru_RU
зная	dictionary	ru_RU
зона	dictionary	ru_RU
иных	dictionary	ru_RU
кафе	dictionary	ru_RU
ум	dictionary	ru_RU
вела	dictionary	ru_RU
дала	dictionary	ru_RU
дому	dictionary	ru_RU
клип	dictionary	ru_RU
очки	dictionary	ru_RU
ста	dictionary	ru_RU
утра	dictionary	ru_RU
ясно	dictionary	ru_RU
боб	dictionary	ru_RU
взят	dictionary	ru_RU
дает	dictionary	ru_RU
дано	dictionary	ru_RU
мой	dictionary	ru_RU
риск	dictionary	ru_RU
танк	dictionary	ru_RU
теме	dictionary	ru_RU
трек	dictionary	ru_RU
флаг	dictionary	ru_RU
эры	dictionary	ru_RU
яйца	dictionary	ru_RU
дон	dictionary	ru_RU
дало	dictionary	ru_RU
краю	dictionary	ru_RU
ног	dictionary	ru_RU
разу	dictionary	ru_RU
сада	dictionary	ru_RU
сцен	dictionary	ru_RU
тур	dictionary	ru_RU
ума	dictionary	ru_RU
ушла	dictionary	ru_RU
боли	dictionary	ru_RU
веса	dictionary	ru_RU
дне	dictionary	ru_RU
паре	dictionary	ru_RU
порт	dictionary	ru_RU
снял	dictionary	ru_RU
тема	dictionary	ru_RU
царь	dictionary	ru_RU
цен	dictionary	ru_RU
вам	dictionary	ru_RU
вкус	dictionary	ru_RU
врач	dictionary	ru_RU
жила	dictionary	ru_RU
мэра	dictionary	ru_RU
одни	dictionary	ru_RU
пищу	dictionary	ru_RU
поэт	dictionary	ru_RU
тыл	dictionary	ru_RU
угля	dictionary	ru_RU
хуже	dictionary	ru_RU
шаг	dictionary	ru_RU
яиц	dictionary	ru_RU
вел	dictionary	ru_RU
воли	dictionary	ru_RU
днём	dictionary	ru_RU
миль	dictionary	ru_RU
рыбы	dictionary	ru_RU
сбил	dictionary	ru_RU
угол	dictionary	ru_RU
фазы	dictionary	ru_RU
хода	dictionary	ru_RU
шло	dictionary	ru_RU
ярко	dictionary	ru_RU
крис	dictionary	ru_RU
лев	dictionary	ru_RU
внёс	dictionary	ru_RU
дабы	dictionary	ru_RU
даты	dictionary	ru_RU
ибо	dictionary	ru_RU
мужу	dictionary	ru_RU
рака	dictionary	ru_RU
сайт	dictionary	ru_RU
само	dictionary	ru_RU
скот	dictionary	ru_RU
тел	dictionary	ru_RU
ушел	dictionary	ru_RU
этаж	dictionary	ru_RU
луны	dictionary	ru_RU
англ	dictionary	ru_RU
весе	dictionary	ru_RU
вод	dictionary	ru_RU
двум	dictionary	ru_RU
духа	dictionary	ru_RU
духе	dictionary	ru_RU
зла	dictionary	ru_RU
кофе	dictionary	ru_RU
крае	dictionary	ru_RU
очко	dictionary	ru_RU
полу	dictionary	ru_RU
руке	dictionary	ru_RU
слой	dictionary	ru_RU
теле	dictionary	ru_RU
угла	dictionary	ru_RU
боев	dictionary	ru_RU
вала	dictionary	ru_RU
вину	dictionary	ru_RU
воле	dictionary	ru_RU
газ	dictionary	ru_RU
зала	dictionary	ru_RU
июнь	dictionary	ru_RU
кому	dictionary	ru_RU
масс	dictionary	ru_RU
моя	dictionary	ru_RU
нее	dictionary	ru_RU
окон	dictionary	ru_RU
расы	dictionary	ru_RU
ряду	dictionary	ru_RU
щита	dictionary	ru_RU
эссе	dictionary	ru_RU
взяв	dictionary	ru_RU
март	dictionary	ru_RU
мер	dictionary	ru_RU
наше	dictionary	ru_RU
офис	dictionary	ru_RU
типу	dictionary	ru_RU
урон	dictionary	ru_RU
шанс	dictionary	ru_RU
щит	dictionary	ru_RU
ран	dictionary	ru_RU
беге	dictionary	ru_RU
волю	dictionary	ru_RU
дяди	dictionary	ru_RU
зимы	dictionary	ru_RU
иные	dictionary	ru_RU
кода	dictionary	ru_RU
также	dictionary	ru_RU
после	dictionary	ru_RU
более	dictionary	ru_RU
только	dictionary	ru_RU
этого	dictionary	ru_RU
чтобы	dictionary	ru_RU
однако	dictionary	ru_RU
может	dictionary	ru_RU
когда	dictionary	ru_RU
между	dictionary	ru_RU
своей	dictionary	ru_RU
города	dictionary	ru_RU
часть	dictionary	ru_RU
жизни	dictionary	ru_RU
через	dictionary	ru_RU
место	dictionary	ru_RU
годах	dictionary	ru_RU
около	dictionary	ru_RU
войны	dictionary	ru_RU
части	dictionary	ru_RU
можно	dictionary	ru_RU
своего	dictionary	ru_RU
очень	dictionary	ru_RU
против	dictionary	ru_RU
работы	dictionary	ru_RU
всего	dictionary	ru_RU
других	dictionary	ru_RU
имеет	dictionary	ru_RU
вместе	dictionary	ru_RU
затем	dictionary	ru_RU
стала	dictionary	ru_RU
группы	dictionary	ru_RU
своих	dictionary	ru_RU
состав	dictionary	ru_RU
начал	dictionary	ru_RU
годов	dictionary	ru_RU
конце	dictionary	ru_RU
могут	dictionary	ru_RU
среди	dictionary	ru_RU
будет	dictionary	ru_RU
собой	dictionary	ru_RU
начале	dictionary	ru_RU
стали	dictionary	ru_RU
одной	dictionary	ru_RU
кроме	dictionary	ru_RU
второй	dictionary	ru_RU
менее	dictionary	ru_RU
одним	dictionary	ru_RU
период	dictionary	ru_RU
числе	dictionary	ru_RU
больше	dictionary	ru_RU
людей	dictionary	ru_RU
первый	dictionary	ru_RU
другие	dictionary	ru_RU
связи	dictionary	ru_RU
смерти	dictionary	ru_RU
городе	dictionary	ru_RU
сезона	dictionary	ru_RU
армии	dictionary	ru_RU
работу	dictionary	ru_RU
начала	dictionary	ru_RU
одного	dictionary	ru_RU
района	dictionary	ru_RU
детей	dictionary	ru_RU
перед	dictionary	ru_RU
страны	dictionary	ru_RU
момент	dictionary	ru_RU
много	dictionary	ru_RU
первой	dictionary	ru_RU
почти	dictionary	ru_RU
вновь	dictionary	ru_RU
случае	dictionary	ru_RU
многих	dictionary	ru_RU
семье	dictionary	ru_RU
своим	dictionary	ru_RU
женщин	dictionary	ru_RU
власти	dictionary	ru_RU
стало	dictionary	ru_RU
января	dictionary	ru_RU
тысяч	dictionary	ru_RU
месте	dictionary	ru_RU
церкви	dictionary	ru_RU
имени	dictionary	ru_RU
сезоне	dictionary	ru_RU
школы	dictionary	ru_RU
провёл	dictionary	ru_RU
имеют	dictionary	ru_RU
апреля	dictionary	ru_RU
должен	dictionary	ru_RU
партии	dictionary	ru_RU
метров	dictionary	ru_RU
обычно	dictionary	ru_RU
группа	dictionary	ru_RU
многие	dictionary	ru_RU
снова	dictionary	ru_RU
фильма	dictionary	ru_RU
марта	dictionary	ru_RU
клуба	dictionary	ru_RU
первым	dictionary	ru_RU
таких	dictionary	ru_RU
песни	dictionary	ru_RU
серии	dictionary	ru_RU
вышел	dictionary	ru_RU
места	dictionary	ru_RU
должны	dictionary	ru_RU
ноября	dictionary	ru_RU
позже	dictionary	ru_RU
мужчин	dictionary	ru_RU
районе	dictionary	ru_RU
разных	dictionary	ru_RU
самых	dictionary	ru_RU
другой	dictionary	ru_RU
новых	dictionary	ru_RU
работ	dictionary	ru_RU
новые	dictionary	ru_RU
таким	dictionary	ru_RU
школу	dictionary	ru_RU
фильме	dictionary	ru_RU
основе	dictionary	ru_RU
вскоре	dictionary	ru_RU
самым	dictionary	ru_RU
школе	dictionary	ru_RU
альбом	dictionary	ru_RU
линии	dictionary	ru_RU
число	dictionary	ru_RU
данным	dictionary	ru_RU
сразу	dictionary	ru_RU
хорошо	dictionary	ru_RU
именно	dictionary	ru_RU
первых	dictionary	ru_RU
матчей	dictionary	ru_RU
сыграл	dictionary	ru_RU
принял	dictionary	ru_RU
книги	dictionary	ru_RU
семьи	dictionary	ru_RU
конца	dictionary	ru_RU
членом	dictionary	ru_RU
первые	dictionary	ru_RU
войска	dictionary	ru_RU
этому	dictionary	ru_RU
нового	dictionary	ru_RU
войск	dictionary	ru_RU
итоге	dictionary	ru_RU
первом	dictionary	ru_RU
ранее	dictionary	ru_RU
могли	dictionary	ru_RU
работе	dictionary	ru_RU
быстро	dictionary	ru_RU
помощи	dictionary	ru_RU
своём	dictionary	ru_RU
стран	dictionary	ru_RU
такие	dictionary	ru_RU
видов	dictionary	ru_RU
земли	dictionary	ru_RU
потому	dictionary	ru_RU
здания	dictionary	ru_RU
играл	dictionary	ru_RU
новой	dictionary	ru_RU
забил	dictionary	ru_RU
здание	dictionary	ru_RU
двумя	dictionary	ru_RU
сезон	dictionary	ru_RU
первую	dictionary	ru_RU
цвета	dictionary	ru_RU
округа	dictionary	ru_RU
версии	dictionary	ru_RU
каждый	dictionary	ru_RU
целью	dictionary	ru_RU
права	dictionary	ru_RU
начали	dictionary	ru_RU
спустя	dictionary	ru_RU
просто	dictionary	ru_RU
совета	dictionary	ru_RU
имели	dictionary	ru_RU
рамках	dictionary	ru_RU
службы	dictionary	ru_RU
вышла	dictionary	ru_RU
сильно	dictionary	ru_RU
формы	dictionary	ru_RU
стать	dictionary	ru_RU
мнению	dictionary	ru_RU
самого	dictionary	ru_RU
стране	dictionary	ru_RU
языка	dictionary	ru_RU
одном	dictionary	ru_RU
рядом	dictionary	ru_RU
данных	dictionary	ru_RU
службу	dictionary	ru_RU
уровне	dictionary	ru_RU
своими	dictionary	ru_RU
автор	dictionary	ru_RU
каждой	dictionary	ru_RU
решил	dictionary	ru_RU
самой	dictionary	ru_RU
теперь	dictionary	ru_RU
матче	dictionary	ru_RU
будут	dictionary	ru_RU
занял	dictionary	ru_RU
ничего	dictionary	ru_RU
помимо	dictionary	ru_RU
членов	dictionary	ru_RU
языке	dictionary	ru_RU
центр	dictionary	ru_RU
честь	dictionary	ru_RU
вокруг	dictionary	ru_RU
друга	dictionary	ru_RU
ноябре	dictionary	ru_RU
другим	dictionary	ru_RU
матча	dictionary	ru_RU
вместо	dictionary	ru_RU
самом	dictionary	ru_RU
центре	dictionary	ru_RU
частью	dictionary	ru_RU
район	dictionary	ru_RU
должна	dictionary	ru_RU
солдат	dictionary	ru_RU
такой	dictionary	ru_RU
целом	dictionary	ru_RU
группе	dictionary	ru_RU
класса	dictionary	ru_RU
минут	dictionary	ru_RU
словам	dictionary	ru_RU
театра	dictionary	ru_RU
звание	dictionary	ru_RU
часов	dictionary	ru_RU
потом	dictionary	ru_RU
проект	dictionary	ru_RU
марте	dictionary	ru_RU
январе	dictionary	ru_RU
назад	dictionary	ru_RU
улицы	dictionary	ru_RU
союза	dictionary	ru_RU
полка	dictionary	ru_RU
игрок	dictionary	ru_RU
начало	dictionary	ru_RU
слова	dictionary	ru_RU
песню	dictionary	ru_RU
прежде	dictionary	ru_RU
форму	dictionary	ru_RU
клубе	dictionary	ru_RU
своему	dictionary	ru_RU
точки	dictionary	ru_RU
группу	dictionary	ru_RU
модели	dictionary	ru_RU
песен	dictionary	ru_RU
статус	dictionary	ru_RU
апреле	dictionary	ru_RU
дороги	dictionary	ru_RU
форме	dictionary	ru_RU
лучших	dictionary	ru_RU
победу	dictionary	ru_RU
летом	dictionary	ru_RU
боевых	dictionary	ru_RU
данные	dictionary	ru_RU
создан	dictionary	ru_RU
избран	dictionary	ru_RU
берегу	dictionary	ru_RU
матери	dictionary	ru_RU
завод	dictionary	ru_RU
титул	dictionary	ru_RU
входит	dictionary	ru_RU
команд	dictionary	ru_RU
весьма	dictionary	ru_RU
выхода	dictionary	ru_RU
уровня	dictionary	ru_RU
кубка	dictionary	ru_RU
храма	dictionary	ru_RU
данный	dictionary	ru_RU
первое	dictionary	ru_RU
улице	dictionary	ru_RU
вопрос	dictionary	ru_RU
зрения	dictionary	ru_RU
числа	dictionary	ru_RU
делает	dictionary	ru_RU
записи	dictionary	ru_RU
матчах	dictionary	ru_RU
новую	dictionary	ru_RU
теории	dictionary	ru_RU
втором	dictionary	ru_RU
иметь	dictionary	ru_RU
машины	dictionary	ru_RU
сделал	dictionary	ru_RU
защиты	dictionary	ru_RU
меньше	dictionary	ru_RU
разные	dictionary	ru_RU
главе	dictionary	ru_RU
нужно	dictionary	ru_RU
премии	dictionary	ru_RU
музыки	dictionary	ru_RU
писал	dictionary	ru_RU
домов	dictionary	ru_RU
дочери	dictionary	ru_RU
завода	dictionary	ru_RU
заявил	dictionary	ru_RU
сторон	dictionary	ru_RU
флота	dictionary	ru_RU
хочет	dictionary	ru_RU
центра	dictionary	ru_RU
дважды	dictionary	ru_RU
именем	dictionary	ru_RU
народа	dictionary	ru_RU
победы	dictionary	ru_RU
решает	dictionary	ru_RU
частей	dictionary	ru_RU
образ	dictionary	ru_RU
газеты	dictionary	ru_RU
путём	dictionary	ru_RU
служил	dictionary	ru_RU
список	dictionary	ru_RU
вошли	dictionary	ru_RU
общей	dictionary	ru_RU
лучшим	dictionary	ru_RU
имела	dictionary	ru_RU
музея	dictionary	ru_RU
создал	dictionary	ru_RU
стиле	dictionary	ru_RU
брата	dictionary	ru_RU
версия	dictionary	ru_RU
внутри	dictionary	ru_RU
книге	dictionary	ru_RU
памяти	dictionary	ru_RU
раньше	dictionary	ru_RU
широко	dictionary	ru_RU
войне	dictionary	ru_RU
домой	dictionary	ru_RU
жители	dictionary	ru_RU
местах	dictionary	ru_RU
очков	dictionary	ru_RU
члены	dictionary	ru_RU
первая	dictionary	ru_RU
армию	dictionary	ru_RU
дворов	dictionary	ru_RU
спорта	dictionary	ru_RU
вдоль	dictionary	ru_RU
вплоть	dictionary	ru_RU
итогам	dictionary	ru_RU
борьбе	dictionary	ru_RU
музей	dictionary	ru_RU
открыт	dictionary	ru_RU
попал	dictionary	ru_RU
другом	dictionary	ru_RU
сказал	dictionary	ru_RU
короля	dictionary	ru_RU
могла	dictionary	ru_RU
статей	dictionary	ru_RU
групп	dictionary	ru_RU
озера	dictionary	ru_RU
рублей	dictionary	ru_RU
стоит	dictionary	ru_RU
оружия	dictionary	ru_RU
совет	dictionary	ru_RU
данной	dictionary	ru_RU
должно	dictionary	ru_RU
такого	dictionary	ru_RU
всему	dictionary	ru_RU
голов	dictionary	ru_RU
статьи	dictionary	ru_RU
крайне	dictionary	ru_RU
вести	dictionary	ru_RU
заводе	dictionary	ru_RU
концу	dictionary	ru_RU
месяца	dictionary	ru_RU
южной	dictionary	ru_RU
армия	dictionary	ru_RU
книгу	dictionary	ru_RU
фронта	dictionary	ru_RU
вклад	dictionary	ru_RU
денег	dictionary	ru_RU
прошёл	dictionary	ru_RU
связь	dictionary	ru_RU
память	dictionary	ru_RU
раунде	dictionary	ru_RU
успех	dictionary	ru_RU
замуж	dictionary	ru_RU
игрока	dictionary	ru_RU
новым	dictionary	ru_RU
уезда	dictionary	ru_RU
хотел	dictionary	ru_RU
шести	dictionary	ru_RU
корпус	dictionary	ru_RU
романа	dictionary	ru_RU
новое	dictionary	ru_RU
свыше	dictionary	ru_RU
сумел	dictionary	ru_RU
дороге	dictionary	ru_RU
играет	dictionary	ru_RU
оружие	dictionary	ru_RU
стены	dictionary	ru_RU
вошёл	dictionary	ru_RU
играх	dictionary	ru_RU
будучи	dictionary	ru_RU
войну	dictionary	ru_RU
легко	dictionary	ru_RU
лучше	dictionary	ru_RU
медали	dictionary	ru_RU
прошли	dictionary	ru_RU
студии	dictionary	ru_RU
театре	dictionary	ru_RU
труда	dictionary	ru_RU
веков	dictionary	ru_RU
здании	dictionary	ru_RU
ответ	dictionary	ru_RU
сцене	dictionary	ru_RU
борьбы	dictionary	ru_RU
лично	dictionary	ru_RU
любой	dictionary	ru_RU
обоих	dictionary	ru_RU
самый	dictionary	ru_RU
систем	dictionary	ru_RU
такое	dictionary	ru_RU
третий	dictionary	ru_RU
глаза	dictionary	ru_RU
помочь	dictionary	ru_RU
причём	dictionary	ru_RU
прямо	dictionary	ru_RU
резко	dictionary	ru_RU
убить	dictionary	ru_RU
атаки	dictionary	ru_RU
вышли	dictionary	ru_RU
землю	dictionary	ru_RU
любви	dictionary	ru_RU
науки	dictionary	ru_RU
вообще	dictionary	ru_RU
журнал	dictionary	ru_RU
каждом	dictionary	ru_RU
конец	dictionary	ru_RU
ночью	dictionary	ru_RU
роман	dictionary	ru_RU
света	dictionary	ru_RU
финале	dictionary	ru_RU
женой	dictionary	ru_RU
заняла	dictionary	ru_RU
медаль	dictionary	ru_RU
пункт	dictionary	ru_RU
скорее	dictionary	ru_RU
людьми	dictionary	ru_RU
модель	dictionary	ru_RU
никто	dictionary	ru_RU
общего	dictionary	ru_RU
погиб	dictionary	ru_RU
ранен	dictionary	ru_RU
вторым	dictionary	ru_RU
газете	dictionary	ru_RU
нельзя	dictionary	ru_RU
носит	dictionary	ru_RU
отряд	dictionary	ru_RU
пользу	dictionary	ru_RU
смогли	dictionary	ru_RU
счётом	dictionary	ru_RU
возле	dictionary	ru_RU
высшей	dictionary	ru_RU
голову	dictionary	ru_RU
далее	dictionary	ru_RU
плане	dictionary	ru_RU
редко	dictionary	ru_RU
силами	dictionary	ru_RU
стиль	dictionary	ru_RU
сыном	dictionary	ru_RU
тысячи	dictionary	ru_RU
друзей	dictionary	ru_RU
клубом	dictionary	ru_RU
орудий	dictionary	ru_RU
поводу	dictionary	ru_RU
потери	dictionary	ru_RU
языков	dictionary	ru_RU
новая	dictionary	ru_RU
провел	dictionary	ru_RU
стихи	dictionary	ru_RU
турнир	dictionary	ru_RU
всеми	dictionary	ru_RU
героев	dictionary	ru_RU
женат	dictionary	ru_RU
земле	dictionary	ru_RU
второе	dictionary	ru_RU
гибели	dictionary	ru_RU
одному	dictionary	ru_RU
просит	dictionary	ru_RU
старше	dictionary	ru_RU
ведёт	dictionary	ru_RU
входят	dictionary	ru_RU
выйти	dictionary	ru_RU
дальше	dictionary	ru_RU
метод	dictionary	ru_RU
отряда	dictionary	ru_RU
парка	dictionary	ru_RU
пишет	dictionary	ru_RU
радио	dictionary	ru_RU
семей	dictionary	ru_RU
тремя	dictionary	ru_RU
доктор	dictionary	ru_RU
концов	dictionary	ru_RU
метра	dictionary	ru_RU
могло	dictionary	ru_RU
принят	dictionary	ru_RU
успеха	dictionary	ru_RU
учился	dictionary	ru_RU
штаба	dictionary	ru_RU
штата	dictionary	ru_RU
этапе	dictionary	ru_RU
доход	dictionary	ru_RU
сингл	dictionary	ru_RU
ворота	dictionary	ru_RU
евреев	dictionary	ru_RU
музыку	dictionary	ru_RU
премию	dictionary	ru_RU
языках	dictionary	ru_RU
видео	dictionary	ru_RU
видит	dictionary	ru_RU
задачи	dictionary	ru_RU
отдела	dictionary	ru_RU
партия	dictionary	ru_RU
танков	dictionary	ru_RU
водой	dictionary	ru_RU
головы	dictionary	ru_RU
длиной	dictionary	ru_RU
каждые	dictionary	ru_RU
своем	dictionary	ru_RU
спасти	dictionary	ru_RU
битвы	dictionary	ru_RU
методы	dictionary	ru_RU
роста	dictionary	ru_RU
способ	dictionary	ru_RU
звания	dictionary	ru_RU
сцены	dictionary	ru_RU
финал	dictionary	ru_RU
высоты	dictionary	ru_RU
главы	dictionary	ru_RU
наших	dictionary	ru_RU
совсем	dictionary	ru_RU
умерла	dictionary	ru_RU
индии	dictionary	ru_RU
боевой	dictionary	ru_RU
героя	dictionary	ru_RU
уходит	dictionary	ru_RU
целей	dictionary	ru_RU
борьбу	dictionary	ru_RU
зданий	dictionary	ru_RU
недель	dictionary	ru_RU
полной	dictionary	ru_RU
решили	dictionary	ru_RU
самое	dictionary	ru_RU
смогла	dictionary	ru_RU
крови	dictionary	ru_RU
нижней	dictionary	ru_RU
орудия	dictionary	ru_RU
подряд	dictionary	ru_RU
руках	dictionary	ru_RU
ухода	dictionary	ru_RU
врага	dictionary	ru_RU
машин	dictionary	ru_RU
музее	dictionary	ru_RU
наряду	dictionary	ru_RU
начать	dictionary	ru_RU
режиме	dictionary	ru_RU
считал	dictionary	ru_RU
театр	dictionary	ru_RU
автора	dictionary	ru_RU
бывший	dictionary	ru_RU
выпуск	dictionary	ru_RU
земель	dictionary	ru_RU
недели	dictionary	ru_RU
ордена	dictionary	ru_RU
основу	dictionary	ru_RU
отдыха	dictionary	ru_RU
отцом	dictionary	ru_RU
пройти	dictionary	ru_RU
семью	dictionary	ru_RU
тренер	dictionary	ru_RU
эпохи	dictionary	ru_RU
башни	dictionary	ru_RU
высоте	dictionary	ru_RU
дорог	dictionary	ru_RU
карты	dictionary	ru_RU
местом	dictionary	ru_RU
назван	dictionary	ru_RU
неделю	dictionary	ru_RU
стадии	dictionary	ru_RU
узнаёт	dictionary	ru_RU
давно	dictionary	ru_RU
десяти	dictionary	ru_RU
знает	dictionary	ru_RU
каждая	dictionary	ru_RU
машину	dictionary	ru_RU
общины	dictionary	ru_RU
откуда	dictionary	ru_RU
партий	dictionary	ru_RU
режима	dictionary	ru_RU
текст	dictionary	ru_RU
тяжело	dictionary	ru_RU
фронт	dictionary	ru_RU
выбор	dictionary	ru_RU
годами	dictionary	ru_RU
замок	dictionary	ru_RU
обеих	dictionary	ru_RU
равно	dictionary	ru_RU
родину	dictionary	ru_RU
вверх	dictionary	ru_RU
вполне	dictionary	ru_RU
долго	dictionary	ru_RU
замка	dictionary	ru_RU
клубов	dictionary	ru_RU
курсы	dictionary	ru_RU
людям	dictionary	ru_RU
новом	dictionary	ru_RU
письма	dictionary	ru_RU
плана	dictionary	ru_RU
помог	dictionary	ru_RU
пришёл	dictionary	ru_RU
прошла	dictionary	ru_RU
термин	dictionary	ru_RU
точно	dictionary	ru_RU
детьми	dictionary	ru_RU
другу	dictionary	ru_RU
мнение	dictionary	ru_RU
объём	dictionary	ru_RU
районы	dictionary	ru_RU
целях	dictionary	ru_RU
запись	dictionary	ru_RU
плохо	dictionary	ru_RU
правах	dictionary	ru_RU
пришли	dictionary	ru_RU
ранних	dictionary	ru_RU
решила	dictionary	ru_RU
службе	dictionary	ru_RU
типов	dictionary	ru_RU
борту	dictionary	ru_RU
защиту	dictionary	ru_RU
назвал	dictionary	ru_RU
началу	dictionary	ru_RU
общем	dictionary	ru_RU
охраны	dictionary	ru_RU
ролей	dictionary	ru_RU
силой	dictionary	ru_RU
таком	dictionary	ru_RU
аренду	dictionary	ru_RU
вошла	dictionary	ru_RU
входил	dictionary	ru_RU
герой	dictionary	ru_RU
графа	dictionary	ru_RU
линию	dictionary	ru_RU
призёр	dictionary	ru_RU
самые	dictionary	ru_RU
серию	dictionary	ru_RU
столь	dictionary	ru_RU
сфере	dictionary	ru_RU
финала	dictionary	ru_RU
берега	dictionary	ru_RU
выборы	dictionary	ru_RU
далеко	dictionary	ru_RU
достиг	dictionary	ru_RU
задач	dictionary	ru_RU
мужем	dictionary	ru_RU
побед	dictionary	ru_RU
поезда	dictionary	ru_RU
правом	dictionary	ru_RU
режим	dictionary	ru_RU
рынка	dictionary	ru_RU
старых	dictionary	ru_RU
брака	dictionary	ru_RU
видел	dictionary	ru_RU
дворе	dictionary	ru_RU
имена	dictionary	ru_RU
любит	dictionary	ru_RU
моста	dictionary	ru_RU
приказ	dictionary	ru_RU
рекорд	dictionary	ru_RU
севере	dictionary	ru_RU
сотни	dictionary	ru_RU
суток	dictionary	ru_RU
этапа	dictionary	ru_RU
герба	dictionary	ru_RU
данном	dictionary	ru_RU
играла	dictionary	ru_RU
подход	dictionary	ru_RU
связан	dictionary	ru_RU
случай	dictionary	ru_RU
трудно	dictionary	ru_RU
фильмы	dictionary	ru_RU
вперёд	dictionary	ru_RU
клубы	dictionary	ru_RU
мелких	dictionary	ru_RU
народ	dictionary	ru_RU
огнём	dictionary	ru_RU
родном	dictionary	ru_RU
сайте	dictionary	ru_RU
станет	dictionary	ru_RU
ткани	dictionary	ru_RU
языки	dictionary	ru_RU
языком	dictionary	ru_RU
атаку	dictionary	ru_RU
битве	dictionary	ru_RU
братом	dictionary	ru_RU
бывшей	dictionary	ru_RU
времён	dictionary	ru_RU
высоко	dictionary	ru_RU
газета	dictionary	ru_RU
годом	dictionary	ru_RU
доступ	dictionary	ru_RU
карте	dictionary	ru_RU
общее	dictionary	ru_RU
сверху	dictionary	ru_RU
стихов	dictionary	ru_RU
лагеря	dictionary	ru_RU
осенью	dictionary	ru_RU
отзывы	dictionary	ru_RU
планы	dictionary	ru_RU
собора	dictionary	ru_RU
среды	dictionary	ru_RU
строя	dictionary	ru_RU
вторая	dictionary	ru_RU
органы	dictionary	ru_RU
пенсию	dictionary	ru_RU
посту	dictionary	ru_RU
фирмы	dictionary	ru_RU
этими	dictionary	ru_RU
общая	dictionary	ru_RU
аренды	dictionary	ru_RU
гонки	dictionary	ru_RU
делам	dictionary	ru_RU
звезды	dictionary	ru_RU
мозга	dictionary	ru_RU
музыке	dictionary	ru_RU
мячей	dictionary	ru_RU
нашей	dictionary	ru_RU
нашли	dictionary	ru_RU
немцев	dictionary	ru_RU
одежды	dictionary	ru_RU
оперы	dictionary	ru_RU
раунда	dictionary	ru_RU
собрал	dictionary	ru_RU
войско	dictionary	ru_RU
вторую	dictionary	ru_RU
двери	dictionary	ru_RU
двора	dictionary	ru_RU
зимой	dictionary	ru_RU
какой	dictionary	ru_RU
лагерь	dictionary	ru_RU
нашёл	dictionary	ru_RU
открыл	dictionary	ru_RU
причин	dictionary	ru_RU
пункта	dictionary	ru_RU
такая	dictionary	ru_RU
тюрьме	dictionary	ru_RU
весной	dictionary	ru_RU
главой	dictionary	ru_RU
городу	dictionary	ru_RU
друзья	dictionary	ru_RU
знаком	dictionary	ru_RU
классе	dictionary	ru_RU
копий	dictionary	ru_RU
лежит	dictionary	ru_RU
лицом	dictionary	ru_RU
ответственность	dictionary	ru_RU
ошибки	dictionary	ru_RU
помогите	dictionary	ru_RU
понедельник	dictionary	ru_RU
понимаешь	dictionary	ru_RU
последняя	dictionary	ru_RU
сможешь	dictionary	ru_RU
смотрел	dictionary	ru_RU
состоится	dictionary	ru_RU
услуги	dictionary	ru_RU
хорошего	dictionary	ru_RU
хотим	dictionary	ru_RU
авторы	dictionary	ru_RU
воскресенье	dictionary	ru_RU
дай	dictionary	ru_RU
детям	dictionary	ru_RU
добрый	dictionary	ru_RU
здоровье	dictionary	ru_RU
знала	dictionary	ru_RU
зовут	dictionary	ru_RU
изд	dictionary	ru_RU
комнате	dictionary	ru_RU
мое	dictionary	ru_RU
получится	dictionary	ru_RU
привести	dictionary	ru_RU
продукты	dictionary	ru_RU
ред	dictionary	ru_RU
решить	dictionary	ru_RU
снять	dictionary	ru_RU
советов	dictionary	ru_RU
спокойной	dictionary	ru_RU
угодно	dictionary	ru_RU
услуг	dictionary	ru_RU
федерального	dictionary	ru_RU
брать	dictionary	ru_RU
выставка	dictionary	ru_RU
главная	dictionary	ru_RU
делаю	dictionary	ru_RU
интернете	dictionary	ru_RU
лучшее	dictionary	ru_RU
любишь	dictionary	ru_RU
моем	dictionary	ru_RU
ненавижу	dictionary	ru_RU
объем	dictionary	ru_RU
ответить	dictionary	ru_RU
оценка	dictionary	ru_RU
пить	dictionary	ru_RU
понимать	dictionary	ru_RU
правил	dictionary	ru_RU
путем	dictionary	ru_RU
словами	dictionary	ru_RU
удачи	dictionary	ru_RU
анализ	dictionary	ru_RU
бороться	dictionary	ru_RU
будете	dictionary	ru_RU
вашего	dictionary	ru_RU
великого	dictionary	ru_RU
весело	dictionary	ru_RU
воздух	dictionary	ru_RU
давать	dictionary	ru_RU
западе	dictionary	ru_RU
канал	dictionary	ru_RU
концерт	dictionary	ru_RU
любого	dictionary	ru_RU
московский	dictionary	ru_RU
повышение	dictionary	ru_RU
подумал	dictionary	ru_RU
разница	dictionary	ru_RU
республике	dictionary	ru_RU
рынке	dictionary	ru_RU
самому	dictionary	ru_RU
стоят	dictionary	ru_RU
увеличить	dictionary	ru_RU
учитывая	dictionary	ru_RU
чемпион	dictionary	ru_RU
американский	dictionary	ru_RU
ах	dictionary	ru_RU
буквально	dictionary	ru_RU
говорила	dictionary	ru_RU
голоса	dictionary	ru_RU
думаете	dictionary	ru_RU
думаешь	dictionary	ru_RU
иди	dictionary	ru_RU
итоги	dictionary	ru_RU
каждому	dictionary	ru_RU
каждую	dictionary	ru_RU
машине	dictionary	ru_RU
нато	pending	ru_RU
онлайн	dictionary	ru_RU
отдел	dictionary	ru_RU
понятия	dictionary	ru_RU
правду	dictionary	ru_RU
процентов	dictionary	ru_RU
проще	dictionary	ru_RU
рабочий	dictionary	ru_RU
рассказала	dictionary	ru_RU
ремонт	dictionary	ru_RU
санкции	dictionary	ru_RU
смешно	dictionary	ru_RU
социально	dictionary	ru_RU
схема	dictionary	ru_RU
узнал	dictionary	ru_RU
учетом	dictionary	ru_RU
цска	pending	ru_RU
чисто	dictionary	ru_RU
борьба	dictionary	ru_RU
бумаги	dictionary	ru_RU
естественно	dictionary	ru_RU
забыл	dictionary	ru_RU
любят	dictionary	ru_RU
мужик	dictionary	ru_RU
наука	dictionary	ru_RU
нечто	dictionary	ru_RU
огромное	dictionary	ru_RU
платье	dictionary	ru_RU
повышения	dictionary	ru_RU
пойдет	dictionary	ru_RU
появится	dictionary	ru_RU
регистрации	dictionary	ru_RU
ситуацию	dictionary	ru_RU
скажи	dictionary	ru_RU
сказано	dictionary	ru_RU
смысла	dictionary	ru_RU
старые	dictionary	ru_RU
счастье	dictionary	ru_RU
теория	dictionary	ru_RU
ужин	dictionary	ru_RU
футболу	dictionary	ru_RU
адвокат	dictionary	ru_RU
встречу	dictionary	ru_RU
делал	dictionary	ru_RU
делом	dictionary	ru_RU
забыть	dictionary	ru_RU
игроки	dictionary	ru_RU
иду	dictionary	ru_RU
лечение	dictionary	ru_RU
операция	dictionary	ru_RU
парни	dictionary	ru_RU
посмотрите	dictionary	ru_RU
представитель	dictionary	ru_RU
прошлой	dictionary	ru_RU
решать	dictionary	ru_RU
солнца	dictionary	ru_RU
топ	dictionary	ru_RU
украинских	dictionary	ru_RU
экономических	dictionary	ru_RU
экс	dictionary	ru_RU
блин	dictionary	ru_RU
больницу	dictionary	ru_RU
вещь	dictionary	ru_RU
внезапно	dictionary	ru_RU
вопросу	dictionary	ru_RU
воспоминания	dictionary	ru_RU
говорится	dictionary	ru_RU
законы	dictionary	ru_RU
интересы	dictionary	ru_RU
каждое	dictionary	ru_RU
каждым	dictionary	ru_RU
квартире	dictionary	ru_RU
купил	dictionary	ru_RU
лейтенант	dictionary	ru_RU
ми	dictionary	ru_RU
наверняка	dictionary	ru_RU
номера	dictionary	ru_RU
открытие	dictionary	ru_RU
пр	dictionary	ru_RU
рок	dictionary	ru_RU
следующей	dictionary	ru_RU
слушать	dictionary	ru_RU
черный	dictionary	ru_RU
вера	dictionary	ru_RU
верю	dictionary	ru_RU
вечно	dictionary	ru_RU
департамента	dictionary	ru_RU
запада	dictionary	ru_RU
животное	dictionary	ru_RU
приносить	dictionary	ru_RU
покупать	dictionary	ru_RU
закрывать	dictionary	ru_RU
холодный	dictionary	ru_RU
компьютер	dictionary	ru_RU
прохладный	dictionary	ru_RU
больница	dictionary	ru_RU
смотреть	dictionary	ru_RU
лекарство	dictionary	ru_RU
середина	dictionary	ru_RU
растение	dictionary	ru_RU
стихотворение	dictionary	ru_RU
королева	dictionary	ru_RU
продавать	dictionary	ru_RU
короткий	dictionary	ru_RU
медленный	dictionary	ru_RU
маленький	dictionary	ru_RU
начинать	dictionary	ru_RU
останавливать	dictionary	ru_RU
инструмент	dictionary	ru_RU
путешествие	dictionary	ru_RU
который	dictionary	ru_RU
является	dictionary	ru_RU
которые	dictionary	ru_RU
человек	dictionary	ru_RU
которых	dictionary	ru_RU
времени	dictionary	ru_RU
которая	dictionary	ru_RU
получил	dictionary	ru_RU
которой	dictionary	ru_RU
области	dictionary	ru_RU
качестве	dictionary	ru_RU
работал	dictionary	ru_RU
истории	dictionary	ru_RU
составе	dictionary	ru_RU
образом	dictionary	ru_RU
участие	dictionary	ru_RU
которого	dictionary	ru_RU
течение	dictionary	ru_RU
команды	dictionary	ru_RU
человека	dictionary	ru_RU
название	dictionary	ru_RU
стороны	dictionary	ru_RU
котором	dictionary	ru_RU
вернулся	dictionary	ru_RU
являются	dictionary	ru_RU
декабря	dictionary	ru_RU
поэтому	dictionary	ru_RU
августа	dictionary	ru_RU
удалось	dictionary	ru_RU
основном	dictionary	ru_RU
которое	dictionary	ru_RU
карьеру	dictionary	ru_RU
жителей	dictionary	ru_RU
первого	dictionary	ru_RU
культуры	dictionary	ru_RU
сентября	dictionary	ru_RU
которую	dictionary	ru_RU
системы	dictionary	ru_RU
несмотря	dictionary	ru_RU
возрасте	dictionary	ru_RU
решение	dictionary	ru_RU
компании	dictionary	ru_RU
октября	dictionary	ru_RU
впервые	dictionary	ru_RU
помощью	dictionary	ru_RU
наиболее	dictionary	ru_RU
получила	dictionary	ru_RU
например	dictionary	ru_RU
состоит	dictionary	ru_RU
родился	dictionary	ru_RU
выступал	dictionary	ru_RU
согласно	dictionary	ru_RU
команда	dictionary	ru_RU
общества	dictionary	ru_RU
особенно	dictionary	ru_RU
назначен	dictionary	ru_RU
развития	dictionary	ru_RU
перешёл	dictionary	ru_RU
альбома	dictionary	ru_RU
февраля	dictionary	ru_RU
станции	dictionary	ru_RU
главным	dictionary	ru_RU
команду	dictionary	ru_RU
степени	dictionary	ru_RU
временем	dictionary	ru_RU
сборной	dictionary	ru_RU
правило	dictionary	ru_RU
начинает	dictionary	ru_RU
которым	dictionary	ru_RU
работать	dictionary	ru_RU
движения	dictionary	ru_RU
действия	dictionary	ru_RU
говорит	dictionary	ru_RU
внимание	dictionary	ru_RU
деревни	dictionary	ru_RU
отличие	dictionary	ru_RU
команде	dictionary	ru_RU
большое	dictionary	ru_RU
середине	dictionary	ru_RU
проекта	dictionary	ru_RU
включая	dictionary	ru_RU
другими	dictionary	ru_RU
примерно	dictionary	ru_RU
второго	dictionary	ru_RU
контракт	dictionary	ru_RU
система	dictionary	ru_RU
создания	dictionary	ru_RU
четырёх	dictionary	ru_RU
долларов	dictionary	ru_RU
значение	dictionary	ru_RU
работает	dictionary	ru_RU
условиях	dictionary	ru_RU
мировой	dictionary	ru_RU
научных	dictionary	ru_RU
состава	dictionary	ru_RU
компания	dictionary	ru_RU
очередь	dictionary	ru_RU
сделать	dictionary	ru_RU
известно	dictionary	ru_RU
возможно	dictionary	ru_RU
сентябре	dictionary	ru_RU
женщины	dictionary	ru_RU
карьеры	dictionary	ru_RU
окончил	dictionary	ru_RU
слишком	dictionary	ru_RU
получили	dictionary	ru_RU
империи	dictionary	ru_RU
написал	dictionary	ru_RU
позиции	dictionary	ru_RU
получить	dictionary	ru_RU
довольно	dictionary	ru_RU
месяцев	dictionary	ru_RU
деревне	dictionary	ru_RU
дивизии	dictionary	ru_RU
основной	dictionary	ru_RU
проходит	dictionary	ru_RU
декабре	dictionary	ru_RU
пришлось	dictionary	ru_RU
сторону	dictionary	ru_RU
августе	dictionary	ru_RU
историю	dictionary	ru_RU
корпуса	dictionary	ru_RU
октябре	dictionary	ru_RU
пытается	dictionary	ru_RU
развитие	dictionary	ru_RU
оказался	dictionary	ru_RU
кладбище	dictionary	ru_RU
большую	dictionary	ru_RU
журнала	dictionary	ru_RU
проблемы	dictionary	ru_RU
активно	dictionary	ru_RU
местных	dictionary	ru_RU
выиграл	dictionary	ru_RU
странах	dictionary	ru_RU
имеется	dictionary	ru_RU
острова	dictionary	ru_RU
процесс	dictionary	ru_RU
действий	dictionary	ru_RU
феврале	dictionary	ru_RU
великой	dictionary	ru_RU
основных	dictionary	ru_RU
остался	dictionary	ru_RU
вынужден	dictionary	ru_RU
главного	dictionary	ru_RU
игроков	dictionary	ru_RU
известен	dictionary	ru_RU
крупных	dictionary	ru_RU
половине	dictionary	ru_RU
следует	dictionary	ru_RU
уровень	dictionary	ru_RU
названия	dictionary	ru_RU
включает	dictionary	ru_RU
операции	dictionary	ru_RU
появился	dictionary	ru_RU
средства	dictionary	ru_RU
большим	dictionary	ru_RU
каждого	dictionary	ru_RU
работали	dictionary	ru_RU
площади	dictionary	ru_RU
рождения	dictionary	ru_RU
военных	dictionary	ru_RU
площадь	dictionary	ru_RU
средств	dictionary	ru_RU
являлся	dictionary	ru_RU
работала	dictionary	ru_RU
академии	dictionary	ru_RU
называют	dictionary	ru_RU
сборную	dictionary	ru_RU
фильмов	dictionary	ru_RU
характер	dictionary	ru_RU
животных	dictionary	ru_RU
стороне	dictionary	ru_RU
влияние	dictionary	ru_RU
обучения	dictionary	ru_RU
картины	dictionary	ru_RU
сначала	dictionary	ru_RU
игроком	dictionary	ru_RU
момента	dictionary	ru_RU
обороны	dictionary	ru_RU
означает	dictionary	ru_RU
приводит	dictionary	ru_RU
решения	dictionary	ru_RU
принято	dictionary	ru_RU
системе	dictionary	ru_RU
военного	dictionary	ru_RU
началась	dictionary	ru_RU
получает	dictionary	ru_RU
занимал	dictionary	ru_RU
которому	dictionary	ru_RU
периода	dictionary	ru_RU
события	dictionary	ru_RU
турнира	dictionary	ru_RU
позднее	dictionary	ru_RU
функции	dictionary	ru_RU
военной	dictionary	ru_RU
губернии	dictionary	ru_RU
участия	dictionary	ru_RU
комитета	dictionary	ru_RU
русской	dictionary	ru_RU
событий	dictionary	ru_RU
выходит	dictionary	ru_RU
турнире	dictionary	ru_RU
центром	dictionary	ru_RU
русских	dictionary	ru_RU
рабочих	dictionary	ru_RU
средней	dictionary	ru_RU
случаях	dictionary	ru_RU
значения	dictionary	ru_RU
началось	dictionary	ru_RU
поступил	dictionary	ru_RU
тренером	dictionary	ru_RU
городов	dictionary	ru_RU
главный	dictionary	ru_RU
институт	dictionary	ru_RU
остаётся	dictionary	ru_RU
скорость	dictionary	ru_RU
занимает	dictionary	ru_RU
построен	dictionary	ru_RU
привело	dictionary	ru_RU
область	dictionary	ru_RU
создании	dictionary	ru_RU
фильмах	dictionary	ru_RU
движение	dictionary	ru_RU
контроль	dictionary	ru_RU
создание	dictionary	ru_RU
условия	dictionary	ru_RU
содержит	dictionary	ru_RU
успешно	dictionary	ru_RU
остались	dictionary	ru_RU
передачи	dictionary	ru_RU
политики	dictionary	ru_RU
приняли	dictionary	ru_RU
техники	dictionary	ru_RU
большого	dictionary	ru_RU
главной	dictionary	ru_RU
главных	dictionary	ru_RU
принять	dictionary	ru_RU
систему	dictionary	ru_RU
степень	dictionary	ru_RU
большей	dictionary	ru_RU
интерес	dictionary	ru_RU
местного	dictionary	ru_RU
немного	dictionary	ru_RU
переписи	dictionary	ru_RU
училище	dictionary	ru_RU
большая	dictionary	ru_RU
большие	dictionary	ru_RU
высокой	dictionary	ru_RU
острове	dictionary	ru_RU
активных	dictionary	ru_RU
корабля	dictionary	ru_RU
основан	dictionary	ru_RU
середины	dictionary	ru_RU
создать	dictionary	ru_RU
приходит	dictionary	ru_RU
больших	dictionary	ru_RU
выборах	dictionary	ru_RU
причине	dictionary	ru_RU
вероятно	dictionary	ru_RU
времена	dictionary	ru_RU
проблем	dictionary	ru_RU
создана	dictionary	ru_RU
северной	dictionary	ru_RU
вопросам	dictionary	ru_RU
комиссии	dictionary	ru_RU
крупные	dictionary	ru_RU
подписал	dictionary	ru_RU
выпущен	dictionary	ru_RU
выступил	dictionary	ru_RU
железной	dictionary	ru_RU
началом	dictionary	ru_RU
общество	dictionary	ru_RU
принимал	dictionary	ru_RU
начались	dictionary	ru_RU
растений	dictionary	ru_RU
русский	dictionary	ru_RU
народов	dictionary	ru_RU
удаётся	dictionary	ru_RU
основным	dictionary	ru_RU
вступил	dictionary	ru_RU
границы	dictionary	ru_RU
интервью	dictionary	ru_RU
кораблей	dictionary	ru_RU
оставил	dictionary	ru_RU
работой	dictionary	ru_RU
ситуации	dictionary	ru_RU
требует	dictionary	ru_RU
бригады	dictionary	ru_RU
действие	dictionary	ru_RU
родилась	dictionary	ru_RU
состоял	dictionary	ru_RU
красной	dictionary	ru_RU
группой	dictionary	ru_RU
имеются	dictionary	ru_RU
попытки	dictionary	ru_RU
процессе	dictionary	ru_RU
пытался	dictionary	ru_RU
скорости	dictionary	ru_RU
болезни	dictionary	ru_RU
бывшего	dictionary	ru_RU
командой	dictionary	ru_RU
которыми	dictionary	ru_RU
никаких	dictionary	ru_RU
объектов	dictionary	ru_RU
традиции	dictionary	ru_RU
зависит	dictionary	ru_RU
зрителей	dictionary	ru_RU
начинают	dictionary	ru_RU
начиная	dictionary	ru_RU
офицеров	dictionary	ru_RU
полиции	dictionary	ru_RU
считает	dictionary	ru_RU
сыновей	dictionary	ru_RU
вариант	dictionary	ru_RU
журнале	dictionary	ru_RU
искусств	dictionary	ru_RU
карьере	dictionary	ru_RU
качества	dictionary	ru_RU
мужчины	dictionary	ru_RU
обладает	dictionary	ru_RU
издания	dictionary	ru_RU
молодых	dictionary	ru_RU
основные	dictionary	ru_RU
покинул	dictionary	ru_RU
потерял	dictionary	ru_RU
русского	dictionary	ru_RU
частично	dictionary	ru_RU
автором	dictionary	ru_RU
городах	dictionary	ru_RU
крепости	dictionary	ru_RU
процесса	dictionary	ru_RU
гораздо	dictionary	ru_RU
завоевал	dictionary	ru_RU
органов	dictionary	ru_RU
природы	dictionary	ru_RU
женился	dictionary	ru_RU
находит	dictionary	ru_RU
погибли	dictionary	ru_RU
русском	dictionary	ru_RU
сериала	dictionary	ru_RU
станция	dictionary	ru_RU
детства	dictionary	ru_RU
живописи	dictionary	ru_RU
начался	dictionary	ru_RU
обратно	dictionary	ru_RU
самолёта	dictionary	ru_RU
связано	dictionary	ru_RU
элементы	dictionary	ru_RU
воздуха	dictionary	ru_RU
войсками	dictionary	ru_RU
девушка	dictionary	ru_RU
комплекс	dictionary	ru_RU
немецких	dictionary	ru_RU
обучение	dictionary	ru_RU
отставку	dictionary	ru_RU
проходят	dictionary	ru_RU
вопросы	dictionary	ru_RU
данного	dictionary	ru_RU
ребёнка	dictionary	ru_RU
проходил	dictionary	ru_RU
считают	dictionary	ru_RU
внимания	dictionary	ru_RU
деревьев	dictionary	ru_RU
западной	dictionary	ru_RU
молодой	dictionary	ru_RU
научной	dictionary	ru_RU
участок	dictionary	ru_RU
верхней	dictionary	ru_RU
контроля	dictionary	ru_RU
местные	dictionary	ru_RU
отметил	dictionary	ru_RU
районов	dictionary	ru_RU
среднем	dictionary	ru_RU
убивает	dictionary	ru_RU
уровнем	dictionary	ru_RU
пунктов	dictionary	ru_RU
убийства	dictionary	ru_RU
военные	dictionary	ru_RU
возраста	dictionary	ru_RU
граждан	dictionary	ru_RU
дивизия	dictionary	ru_RU
другого	dictionary	ru_RU
половины	dictionary	ru_RU
порядке	dictionary	ru_RU
провести	dictionary	ru_RU
третьего	dictionary	ru_RU
волости	dictionary	ru_RU
встречи	dictionary	ru_RU
региона	dictionary	ru_RU
сериале	dictionary	ru_RU
совершил	dictionary	ru_RU
известна	dictionary	ru_RU
корабли	dictionary	ru_RU
авторов	dictionary	ru_RU
открытия	dictionary	ru_RU
сведения	dictionary	ru_RU
связаны	dictionary	ru_RU
доктора	dictionary	ru_RU
понимает	dictionary	ru_RU
работают	dictionary	ru_RU
сборник	dictionary	ru_RU
сообщает	dictionary	ru_RU
тренера	dictionary	ru_RU
однажды	dictionary	ru_RU
выпуска	dictionary	ru_RU
памятник	dictionary	ru_RU
переехал	dictionary	ru_RU
причиной	dictionary	ru_RU
регионе	dictionary	ru_RU
собрания	dictionary	ru_RU
успехом	dictionary	ru_RU
выборов	dictionary	ru_RU
гимназии	dictionary	ru_RU
покинуть	dictionary	ru_RU
помогает	dictionary	ru_RU
увидеть	dictionary	ru_RU
участием	dictionary	ru_RU
известны	dictionary	ru_RU
компаний	dictionary	ru_RU
основана	dictionary	ru_RU
победил	dictionary	ru_RU
проводит	dictionary	ru_RU
родители	dictionary	ru_RU
свободы	dictionary	ru_RU
энергии	dictionary	ru_RU
вызывает	dictionary	ru_RU
директор	dictionary	ru_RU
лечения	dictionary	ru_RU
наконец	dictionary	ru_RU
народных	dictionary	ru_RU
получив	dictionary	ru_RU
развитию	dictionary	ru_RU
здоровья	dictionary	ru_RU
объявил	dictionary	ru_RU
попадает	dictionary	ru_RU
сторона	dictionary	ru_RU
вернуть	dictionary	ru_RU
осталась	dictionary	ru_RU
показал	dictionary	ru_RU
приняла	dictionary	ru_RU
проектов	dictionary	ru_RU
случайно	dictionary	ru_RU
среднего	dictionary	ru_RU
условий	dictionary	ru_RU
участник	dictionary	ru_RU
будущего	dictionary	ru_RU
влиянием	dictionary	ru_RU
выставки	dictionary	ru_RU
городом	dictionary	ru_RU
завершил	dictionary	ru_RU
издание	dictionary	ru_RU
основал	dictionary	ru_RU
открыта	dictionary	ru_RU
старший	dictionary	ru_RU
чемпиона	dictionary	ru_RU
экипажа	dictionary	ru_RU
авиации	dictionary	ru_RU
временно	dictionary	ru_RU
границу	dictionary	ru_RU
миллиона	dictionary	ru_RU
немецкой	dictionary	ru_RU
осталось	dictionary	ru_RU
районах	dictionary	ru_RU
созданы	dictionary	ru_RU
убийство	dictionary	ru_RU
высшего	dictionary	ru_RU
говорят	dictionary	ru_RU
игровой	dictionary	ru_RU
изучения	dictionary	ru_RU
наличие	dictionary	ru_RU
нередко	dictionary	ru_RU
порядка	dictionary	ru_RU
связана	dictionary	ru_RU
случаев	dictionary	ru_RU
считать	dictionary	ru_RU
торговли	dictionary	ru_RU
третьей	dictionary	ru_RU
чувства	dictionary	ru_RU
влияния	dictionary	ru_RU
золотой	dictionary	ru_RU
избежать	dictionary	ru_RU
местной	dictionary	ru_RU
орденом	dictionary	ru_RU
питания	dictionary	ru_RU
проекту	dictionary	ru_RU
свободу	dictionary	ru_RU
генерала	dictionary	ru_RU
занятия	dictionary	ru_RU
обществе	dictionary	ru_RU
позицию	dictionary	ru_RU
признан	dictionary	ru_RU
системой	dictionary	ru_RU
составил	dictionary	ru_RU
старшего	dictionary	ru_RU
сыграла	dictionary	ru_RU
участке	dictionary	ru_RU
художник	dictionary	ru_RU
военную	dictionary	ru_RU
ежегодно	dictionary	ru_RU
кафедры	dictionary	ru_RU
крайней	dictionary	ru_RU
морской	dictionary	ru_RU
оставить	dictionary	ru_RU
приказал	dictionary	ru_RU
прошлом	dictionary	ru_RU
высокие	dictionary	ru_RU
кампании	dictionary	ru_RU
конкурсе	dictionary	ru_RU
министра	dictionary	ru_RU
называли	dictionary	ru_RU
недалеко	dictionary	ru_RU
отвечает	dictionary	ru_RU
получают	dictionary	ru_RU
посёлка	dictionary	ru_RU
программ	dictionary	ru_RU
ресурсов	dictionary	ru_RU
состояла	dictionary	ru_RU
учебных	dictionary	ru_RU
средний	dictionary	ru_RU
детстве	dictionary	ru_RU
кажется	dictionary	ru_RU
командир	dictionary	ru_RU
конечном	dictionary	ru_RU
конкурса	dictionary	ru_RU
критиков	dictionary	ru_RU
недавно	dictionary	ru_RU
отметить	dictionary	ru_RU
растения	dictionary	ru_RU
учеников	dictionary	ru_RU
являлась	dictionary	ru_RU
защитил	dictionary	ru_RU
классов	dictionary	ru_RU
методов	dictionary	ru_RU
размера	dictionary	ru_RU
топлива	dictionary	ru_RU
участии	dictionary	ru_RU
частных	dictionary	ru_RU
святого	dictionary	ru_RU
деревню	dictionary	ru_RU
добиться	dictionary	ru_RU
коммуны	dictionary	ru_RU
описание	dictionary	ru_RU
поисках	dictionary	ru_RU
правила	dictionary	ru_RU
пределах	dictionary	ru_RU
братьев	dictionary	ru_RU
будущем	dictionary	ru_RU
военный	dictionary	ru_RU
выиграла	dictionary	ru_RU
выпустил	dictionary	ru_RU
детских	dictionary	ru_RU
капитана	dictionary	ru_RU
надпись	dictionary	ru_RU
показали	dictionary	ru_RU
посёлок	dictionary	ru_RU
привели	dictionary	ru_RU
развитии	dictionary	ru_RU
решением	dictionary	ru_RU
русские	dictionary	ru_RU
сезонов	dictionary	ru_RU
девушки	dictionary	ru_RU
договор	dictionary	ru_RU
крестьян	dictionary	ru_RU
перевод	dictionary	ru_RU
практике	dictionary	ru_RU
призёром	dictionary	ru_RU
регионов	dictionary	ru_RU
собрание	dictionary	ru_RU
турнирах	dictionary	ru_RU
участка	dictionary	ru_RU
входили	dictionary	ru_RU
высоких	dictionary	ru_RU
главную	dictionary	ru_RU
критики	dictionary	ru_RU
награду	dictionary	ru_RU
операций	dictionary	ru_RU
передач	dictionary	ru_RU
призван	dictionary	ru_RU
размеры	dictionary	ru_RU
свойства	dictionary	ru_RU
сообщил	dictionary	ru_RU
хозяйств	dictionary	ru_RU
альбомов	dictionary	ru_RU
ведущих	dictionary	ru_RU
возраст	dictionary	ru_RU
встрече	dictionary	ru_RU
говорил	dictionary	ru_RU
голосов	dictionary	ru_RU
комитет	dictionary	ru_RU
лидеров	dictionary	ru_RU
личности	dictionary	ru_RU
писателя	dictionary	ru_RU
предметы	dictionary	ru_RU
приказу	dictionary	ru_RU
провела	dictionary	ru_RU
решений	dictionary	ru_RU
удостоен	dictionary	ru_RU
хранения	dictionary	ru_RU
детский	dictionary	ru_RU
крепость	dictionary	ru_RU
никакого	dictionary	ru_RU
порядок	dictionary	ru_RU
ситуация	dictionary	ru_RU
сказать	dictionary	ru_RU
сражения	dictionary	ru_RU
средняя	dictionary	ru_RU
аэропорт	dictionary	ru_RU
больницы	dictionary	ru_RU
властей	dictionary	ru_RU
военным	dictionary	ru_RU
генерал	dictionary	ru_RU
говорить	dictionary	ru_RU
компанию	dictionary	ru_RU
моделей	dictionary	ru_RU
написана	dictionary	ru_RU
остатки	dictionary	ru_RU
открыто	dictionary	ru_RU
перешли	dictionary	ru_RU
поставил	dictionary	ru_RU
сложных	dictionary	ru_RU
сознание	dictionary	ru_RU
старшим	dictionary	ru_RU
взрослых	dictionary	ru_RU
десятков	dictionary	ru_RU
задачей	dictionary	ru_RU
колонии	dictionary	ru_RU
местном	dictionary	ru_RU
названа	dictionary	ru_RU
наоборот	dictionary	ru_RU
научные	dictionary	ru_RU
отправил	dictionary	ru_RU
попасть	dictionary	ru_RU
пытались	dictionary	ru_RU
смертью	dictionary	ru_RU
снялась	dictionary	ru_RU
средних	dictionary	ru_RU
премьера	dictionary	ru_RU
больнице	dictionary	ru_RU
владения	dictionary	ru_RU
вызвало	dictionary	ru_RU
выпущено	dictionary	ru_RU
зачастую	dictionary	ru_RU
изучению	dictionary	ru_RU
намного	dictionary	ru_RU
номером	dictionary	ru_RU
планеты	dictionary	ru_RU
политике	dictionary	ru_RU
привела	dictionary	ru_RU
проекты	dictionary	ru_RU
станций	dictionary	ru_RU
батальон	dictionary	ru_RU
включены	dictionary	ru_RU
древних	dictionary	ru_RU
культуре	dictionary	ru_RU
материал	dictionary	ru_RU
морских	dictionary	ru_RU
объекты	dictionary	ru_RU
оставив	dictionary	ru_RU
остается	dictionary	ru_RU
островов	dictionary	ru_RU
посёлке	dictionary	ru_RU
провели	dictionary	ru_RU
проиграл	dictionary	ru_RU
процессы	dictionary	ru_RU
пытаются	dictionary	ru_RU
рабочей	dictionary	ru_RU
учителя	dictionary	ru_RU
активное	dictionary	ru_RU
анализа	dictionary	ru_RU
включают	dictionary	ru_RU
выходил	dictionary	ru_RU
головой	dictionary	ru_RU
давления	dictionary	ru_RU
девушек	dictionary	ru_RU
девушку	dictionary	ru_RU
минимум	dictionary	ru_RU
моменту	dictionary	ru_RU
одержал	dictionary	ru_RU
отдельно	dictionary	ru_RU
прибыли	dictionary	ru_RU
работах	dictionary	ru_RU
рабочего	dictionary	ru_RU
рассказы	dictionary	ru_RU
реакции	dictionary	ru_RU
рубежом	dictionary	ru_RU
стадионе	dictionary	ru_RU
столицы	dictionary	ru_RU
сценарий	dictionary	ru_RU
вечером	dictionary	ru_RU
высокую	dictionary	ru_RU
выставке	dictionary	ru_RU
дивизион	dictionary	ru_RU
доступа	dictionary	ru_RU
дочерью	dictionary	ru_RU
колхоза	dictionary	ru_RU
конфликт	dictionary	ru_RU
королём	dictionary	ru_RU
крупный	dictionary	ru_RU
лидером	dictionary	ru_RU
назвать	dictionary	ru_RU
начинал	dictionary	ru_RU
погибших	dictionary	ru_RU
показать	dictionary	ru_RU
политику	dictionary	ru_RU
получило	dictionary	ru_RU
продажи	dictionary	ru_RU
религии	dictionary	ru_RU
реформы	dictionary	ru_RU
сведений	dictionary	ru_RU
столетия	dictionary	ru_RU
убийстве	dictionary	ru_RU
членами	dictionary	ru_RU
впрочем	dictionary	ru_RU
высоким	dictionary	ru_RU
закончил	dictionary	ru_RU
изданий	dictionary	ru_RU
найдены	dictionary	ru_RU
наследия	dictionary	ru_RU
объекта	dictionary	ru_RU
природе	dictionary	ru_RU
причинам	dictionary	ru_RU
служить	dictionary	ru_RU
созданию	dictionary	ru_RU
солдаты	dictionary	ru_RU
считали	dictionary	ru_RU
третьем	dictionary	ru_RU
участки	dictionary	ru_RU
училища	dictionary	ru_RU
фамилия	dictionary	ru_RU
основная	dictionary	ru_RU
аппарата	dictionary	ru_RU
большом	dictionary	ru_RU
законов	dictionary	ru_RU
изделий	dictionary	ru_RU
имелось	dictionary	ru_RU
капитан	dictionary	ru_RU
комиссия	dictionary	ru_RU
мальчика	dictionary	ru_RU
написано	dictionary	ru_RU
остаются	dictionary	ru_RU
передать	dictionary	ru_RU
перехода	dictionary	ru_RU
персонаж	dictionary	ru_RU
площадью	dictionary	ru_RU
подобных	dictionary	ru_RU
позиций	dictionary	ru_RU
получал	dictionary	ru_RU
сделано	dictionary	ru_RU
учиться	dictionary	ru_RU
церквей	dictionary	ru_RU
возникла	dictionary	ru_RU
выходят	dictionary	ru_RU
границей	dictionary	ru_RU
давление	dictionary	ru_RU
династии	dictionary	ru_RU
задания	dictionary	ru_RU
картине	dictionary	ru_RU
колхозе	dictionary	ru_RU
конкурс	dictionary	ru_RU
напротив	dictionary	ru_RU
немецкие	dictionary	ru_RU
оружием	dictionary	ru_RU
остаться	dictionary	ru_RU
переводе	dictionary	ru_RU
перейти	dictionary	ru_RU
переход	dictionary	ru_RU
подходит	dictionary	ru_RU
политика	dictionary	ru_RU
примеру	dictionary	ru_RU
принятия	dictionary	ru_RU
размеров	dictionary	ru_RU
разными	dictionary	ru_RU
сборная	dictionary	ru_RU
сделали	dictionary	ru_RU
способом	dictionary	ru_RU
широкой	dictionary	ru_RU
внешних	dictionary	ru_RU
высокого	dictionary	ru_RU
движении	dictionary	ru_RU
друзьями	dictionary	ru_RU
занялся	dictionary	ru_RU
находят	dictionary	ru_RU
площадки	dictionary	ru_RU
получать	dictionary	ru_RU
потеряли	dictionary	ru_RU
приехал	dictionary	ru_RU
кодекса	dictionary	ru_RU
комплексов	dictionary	ru_RU
кресло	dictionary	ru_RU
кругу	dictionary	ru_RU
легких	dictionary	ru_RU
лидеры	dictionary	ru_RU
любим	dictionary	ru_RU
малый	dictionary	ru_RU
месяцы	dictionary	ru_RU
мирного	dictionary	ru_RU
населением	dictionary	ru_RU
обслуживание	dictionary	ru_RU
обстоятельствах	dictionary	ru_RU
обсуждения	dictionary	ru_RU
однозначно	dictionary	ru_RU
окей	pending	ru_RU
оп	dictionary	ru_RU
оставляет	dictionary	ru_RU
открывается	dictionary	ru_RU
открытом	dictionary	ru_RU
относиться	dictionary	ru_RU
отправиться	dictionary	ru_RU
отчасти	dictionary	ru_RU
офицеры	dictionary	ru_RU
официальные	dictionary	ru_RU
перевести	dictionary	ru_RU
перевозки	dictionary	ru_RU
перестать	dictionary	ru_RU
периодически	dictionary	ru_RU
перми	dictionary	ru_RU
персонала	dictionary	ru_RU
пистолет	dictionary	ru_RU
плакать	dictionary	ru_RU
планах	dictionary	ru_RU
победила	dictionary	ru_RU
поворот	dictionary	ru_RU
повсюду	dictionary	ru_RU
поддержал	dictionary	ru_RU
полномочий	dictionary	ru_RU
получат	dictionary	ru_RU
порту	dictionary	ru_RU
посетил	dictionary	ru_RU
почта	dictionary	ru_RU
правительстве	dictionary	ru_RU
предложила	dictionary	ru_RU
предполагалось	dictionary	ru_RU
представлять	dictionary	ru_RU
приглашение	dictionary	ru_RU
приготовления	dictionary	ru_RU
придумать	dictionary	ru_RU
признаков	dictionary	ru_RU
продукцию	dictionary	ru_RU
произойти	dictionary	ru_RU
протокол	dictionary	ru_RU
прочим	dictionary	ru_RU
ракет	dictionary	ru_RU
республик	dictionary	ru_RU
свидетелей	dictionary	ru_RU
свободный	dictionary	ru_RU
смотря	dictionary	ru_RU
содержится	dictionary	ru_RU
сообщество	dictionary	ru_RU
соседей	dictionary	ru_RU
спал	dictionary	ru_RU
статистики	dictionary	ru_RU
столкновения	dictionary	ru_RU
стрелять	dictionary	ru_RU
схеме	dictionary	ru_RU
такова	dictionary	ru_RU
танки	dictionary	ru_RU
телевидение	dictionary	ru_RU
телом	dictionary	ru_RU
теряет	dictionary	ru_RU
товарищи	dictionary	ru_RU
трагедии	dictionary	ru_RU
уверенность	dictionary	ru_RU
угрозой	dictionary	ru_RU
ударил	dictionary	ru_RU
удержать	dictionary	ru_RU
успела	dictionary	ru_RU
федеральной	dictionary	ru_RU
фондов	dictionary	ru_RU
фу	dictionary	ru_RU
хлеба	dictionary	ru_RU
целых	dictionary	ru_RU
челси	pending	ru_RU
чувствуешь	dictionary	ru_RU
экз	dictionary	ru_RU
академия	dictionary	ru_RU
бояться	dictionary	ru_RU
британский	dictionary	ru_RU
бутылку	dictionary	ru_RU
ведущие	dictionary	ru_RU
взрослые	dictionary	ru_RU
внешний	dictionary	ru_RU
враги	dictionary	ru_RU
встречались	dictionary	ru_RU
вызывают	dictionary	ru_RU
выполнил	dictionary	ru_RU
давали	dictionary	ru_RU
деятелей	dictionary	ru_RU
джейн	pending	ru_RU
долга	dictionary	ru_RU
древней	dictionary	ru_RU
заняли	dictionary	ru_RU
занятие	dictionary	ru_RU
запас	dictionary	ru_RU
записки	dictionary	ru_RU
зарплата	dictionary	ru_RU
капли	dictionary	ru_RU
катастрофы	dictionary	ru_RU
киевского	dictionary	ru_RU
контакты	dictionary	ru_RU
кредита	dictionary	ru_RU
ларри	pending	ru_RU
легенда	dictionary	ru_RU
лед	dictionary	ru_RU
ленты	dictionary	ru_RU
лучшему	dictionary	ru_RU
львов	dictionary	ru_RU
любите	dictionary	ru_RU
максимальная	dictionary	ru_RU
массовых	dictionary	ru_RU
медалей	dictionary	ru_RU
минуте	dictionary	ru_RU
найден	dictionary	ru_RU
настоящей	dictionary	ru_RU
национальные	dictionary	ru_RU
недостатки	dictionary	ru_RU
нужды	dictionary	ru_RU
образца	dictionary	ru_RU
образцы	dictionary	ru_RU
одних	dictionary	ru_RU
олимпийский	dictionary	ru_RU
оставалось	dictionary	ru_RU
официального	dictionary	ru_RU
официальным	dictionary	ru_RU
ощущения	dictionary	ru_RU
палец	dictionary	ru_RU
победили	dictionary	ru_RU
покупки	dictionary	ru_RU
полезно	dictionary	ru_RU
помнит	dictionary	ru_RU
поначалу	dictionary	ru_RU
понравился	dictionary	ru_RU
потребовал	dictionary	ru_RU
почувствовал	dictionary	ru_RU
превращается	dictionary	ru_RU
приема	dictionary	ru_RU
принесла	dictionary	ru_RU
пройдут	dictionary	ru_RU
пропаганды	dictionary	ru_RU
пропустить	dictionary	ru_RU
прямом	dictionary	ru_RU
прямые	dictionary	ru_RU
рассмотреть	dictionary	ru_RU
регионального	dictionary	ru_RU
региональных	dictionary	ru_RU
российском	dictionary	ru_RU
русскую	dictionary	ru_RU
сделаны	dictionary	ru_RU
секса	dictionary	ru_RU
скорой	dictionary	ru_RU
собственным	dictionary	ru_RU
современная	dictionary	ru_RU
сотен	dictionary	ru_RU
сперва	dictionary	ru_RU
стакан	dictionary	ru_RU
статуса	dictionary	ru_RU
стояли	dictionary	ru_RU
считаем	dictionary	ru_RU
сыграли	dictionary	ru_RU
танцы	dictionary	ru_RU
удачно	dictionary	ru_RU
указано	dictionary	ru_RU
укрепление	dictionary	ru_RU
условно	dictionary	ru_RU
устроил	dictionary	ru_RU
федерация	dictionary	ru_RU
финансирования	dictionary	ru_RU
фотографию	dictionary	ru_RU
частях	dictionary	ru_RU
чистой	dictionary	ru_RU
экране	dictionary	ru_RU
бассейн	dictionary	ru_RU
благодарность	dictionary	ru_RU
боги	dictionary	ru_RU
бригада	dictionary	ru_RU
важная	dictionary	ru_RU
ведомости	dictionary	ru_RU
визит	dictionary	ru_RU
возникают	dictionary	ru_RU
встретился	dictionary	ru_RU
выпустили	dictionary	ru_RU
высоту	dictionary	ru_RU
германию	dictionary	ru_RU
госпожа	dictionary	ru_RU
готовиться	dictionary	ru_RU
дальнейшее	dictionary	ru_RU
дамы	dictionary	ru_RU
деталей	dictionary	ru_RU
дешевле	dictionary	ru_RU
директоров	dictionary	ru_RU
дна	dictionary	ru_RU
желающих	dictionary	ru_RU
женщинам	dictionary	ru_RU
живем	dictionary	ru_RU
заключить	dictionary	ru_RU
закончить	dictionary	ru_RU
занят	dictionary	ru_RU
изменилась	dictionary	ru_RU
имело	dictionary	ru_RU
имеющие	dictionary	ru_RU
инструментов	dictionary	ru_RU
казни	dictionary	ru_RU
каналов	dictionary	ru_RU
квартир	dictionary	ru_RU
китайского	dictionary	ru_RU
коллегии	dictionary	ru_RU
конгресса	dictionary	ru_RU
концепция	dictionary	ru_RU
крутой	dictionary	ru_RU
крыши	dictionary	ru_RU
лесной	dictionary	ru_RU
массового	dictionary	ru_RU
меню	dictionary	ru_RU
месяце	dictionary	ru_RU
мощный	dictionary	ru_RU
нагрузки	dictionary	ru_RU
написали	dictionary	ru_RU
нарушений	dictionary	ru_RU
находящихся	dictionary	ru_RU
нации	dictionary	ru_RU
неважно	dictionary	ru_RU
некогда	dictionary	ru_RU
некуда	dictionary	ru_RU
нету	dictionary	ru_RU
общение	dictionary	ru_RU
оператора	dictionary	ru_RU
опубликованы	dictionary	ru_RU
осень	dictionary	ru_RU
оснований	dictionary	ru_RU
отделе	dictionary	ru_RU
открылась	dictionary	ru_RU
офицера	dictionary	ru_RU
пальцев	dictionary	ru_RU
песков	dictionary	ru_RU
петербургского	dictionary	ru_RU
петров	dictionary	ru_RU
печально	dictionary	ru_RU
платят	dictionary	ru_RU
подобно	dictionary	ru_RU
пожаловать	dictionary	ru_RU
позволила	dictionary	ru_RU
покажет	dictionary	ru_RU
полицейского	dictionary	ru_RU
полуострова	dictionary	ru_RU
полученные	dictionary	ru_RU
понимал	dictionary	ru_RU
послушать	dictionary	ru_RU
пострадал	dictionary	ru_RU
практику	dictionary	ru_RU
представьте	dictionary	ru_RU
президенты	dictionary	ru_RU
применять	dictionary	ru_RU
примером	dictionary	ru_RU
принципу	dictionary	ru_RU
приняты	dictionary	ru_RU
продал	dictionary	ru_RU
прокуратура	dictionary	ru_RU
профиль	dictionary	ru_RU
прочитать	dictionary	ru_RU
пьесы	dictionary	ru_RU
распоряжении	dictionary	ru_RU
рассматривается	dictionary	ru_RU
рассмотрения	dictionary	ru_RU
реакцию	dictionary	ru_RU
регионах	dictionary	ru_RU
священник	dictionary	ru_RU
сделайте	dictionary	ru_RU
сидели	dictionary	ru_RU
словарь	dictionary	ru_RU
сменить	dictionary	ru_RU
сокращения	dictionary	ru_RU
социал	dictionary	ru_RU
старое	dictionary	ru_RU
стекла	dictionary	ru_RU
стремится	dictionary	ru_RU
сумме	dictionary	ru_RU
таблетки	dictionary	ru_RU
твое	dictionary	ru_RU
телеканала	dictionary	ru_RU
торговле	dictionary	ru_RU
третьим	dictionary	ru_RU
тяжелой	dictionary	ru_RU
тяжелые	dictionary	ru_RU
уверенно	dictionary	ru_RU
уильямс	pending	ru_RU
указал	dictionary	ru_RU
умирает	dictionary	ru_RU
фамилию	dictionary	ru_RU
физико	dictionary	ru_RU
ценой	dictionary	ru_RU
церемония	dictionary	ru_RU
шагом	dictionary	ru_RU
экран	dictionary	ru_RU
эксперимент	dictionary	ru_RU
экспорт	dictionary	ru_RU
этажа	dictionary	ru_RU
юридических	dictionary	ru_RU
ящик	dictionary	ru_RU
агента	dictionary	ru_RU
али	dictionary	ru_RU
бойцы	dictionary	ru_RU
болезней	dictionary	ru_RU
весом	dictionary	ru_RU
возможное	dictionary	ru_RU
воинов	dictionary	ru_RU
вооружения	dictionary	ru_RU
воспоминаний	dictionary	ru_RU
горит	dictionary	ru_RU
госдумы	dictionary	ru_RU
делаете	dictionary	ru_RU
достал	dictionary	ru_RU
жарко	dictionary	ru_RU
заводов	dictionary	ru_RU
законодательство	dictionary	ru_RU
замечательный	dictionary	ru_RU
заработал	dictionary	ru_RU
затрат	dictionary	ru_RU
знание	dictionary	ru_RU
издательство	dictionary	ru_RU
изнутри	dictionary	ru_RU
император	dictionary	ru_RU
итальянский	dictionary	ru_RU
конкретных	dictionary	ru_RU
концерта	dictionary	ru_RU
концерты	dictionary	ru_RU
кремль	dictionary	ru_RU
кругом	dictionary	ru_RU
культур	dictionary	ru_RU
летних	dictionary	ru_RU
лицами	dictionary	ru_RU
льва	dictionary	ru_RU
любому	dictionary	ru_RU
молодости	dictionary	ru_RU
моментов	dictionary	ru_RU
мусор	dictionary	ru_RU
навального	dictionary	ru_RU
носят	dictionary	ru_RU
образованию	dictionary	ru_RU
объявлено	dictionary	ru_RU
обычной	dictionary	ru_RU
обязательства	dictionary	ru_RU
оказать	dictionary	ru_RU
определенно	dictionary	ru_RU
определяет	dictionary	ru_RU
отказа	dictionary	ru_RU
откровенно	dictionary	ru_RU
официальной	dictionary	ru_RU
охота	dictionary	ru_RU
памятники	dictionary	ru_RU
пешком	dictionary	ru_RU
победе	dictionary	ru_RU
погоды	dictionary	ru_RU
поднялся	dictionary	ru_RU
пойдут	dictionary	ru_RU
политическим	dictionary	ru_RU
политическое	dictionary	ru_RU
пользуются	dictionary	ru_RU
помещений	dictionary	ru_RU
понравилась	dictionary	ru_RU
посла	dictionary	ru_RU
посмотрела	dictionary	ru_RU
постоянное	dictionary	ru_RU
потерь	dictionary	ru_RU
православной	dictionary	ru_RU
праву	dictionary	ru_RU
приведет	dictionary	ru_RU
продажа	dictionary	ru_RU
пустой	dictionary	ru_RU
работник	dictionary	ru_RU
реализация	dictionary	ru_RU
реального	dictionary	ru_RU
родственники	dictionary	ru_RU
росту	dictionary	ru_RU
рус	dictionary	ru_RU
свердловской	dictionary	ru_RU
северный	dictionary	ru_RU
сильного	dictionary	ru_RU
следствием	dictionary	ru_RU
смеется	dictionary	ru_RU
создают	dictionary	ru_RU
сооружения	dictionary	ru_RU
сорта	dictionary	ru_RU
составляли	dictionary	ru_RU
среда	dictionary	ru_RU
странные	dictionary	ru_RU
строительству	dictionary	ru_RU
счастливой	dictionary	ru_RU
счастливы	dictionary	ru_RU
тексты	dictionary	ru_RU
темно	dictionary	ru_RU
тепла	dictionary	ru_RU
техническое	dictionary	ru_RU
толстой	dictionary	ru_RU
торговые	dictionary	ru_RU
трубы	dictionary	ru_RU
убийца	dictionary	ru_RU
убиты	dictionary	ru_RU
уважения	dictionary	ru_RU
указывают	dictionary	ru_RU
условиям	dictionary	ru_RU
участниками	dictionary	ru_RU
учитывать	dictionary	ru_RU
фабрики	dictionary	ru_RU
факту	dictionary	ru_RU
характеристика	dictionary	ru_RU
целая	dictionary	ru_RU
чести	dictionary	ru_RU
шевченко	pending	ru_RU
шестой	dictionary	ru_RU
экзамен	dictionary	ru_RU
экономически	dictionary	ru_RU
ядерной	dictionary	ru_RU
алкоголя	dictionary	ru_RU
ассоциация	dictionary	ru_RU
беседы	dictionary	ru_RU
библиотеке	dictionary	ru_RU
верят	dictionary	ru_RU
видимому	dictionary	ru_RU
вопросе	dictionary	ru_RU
воспитание	dictionary	ru_RU
встреч	dictionary	ru_RU
встречаться	dictionary	ru_RU
всяком	dictionary	ru_RU
выжить	dictionary	ru_RU
выросли	dictionary	ru_RU
высоком	dictionary	ru_RU
горячей	dictionary	ru_RU
гостях	dictionary	ru_RU
градусов	dictionary	ru_RU
дальнем	dictionary	ru_RU
дама	dictionary	ru_RU
добрые	dictionary	ru_RU
доверия	dictionary	ru_RU
дочка	dictionary	ru_RU
душой	dictionary	ru_RU
законопроект	dictionary	ru_RU
западном	dictionary	ru_RU
запретить	dictionary	ru_RU
инвестиций	dictionary	ru_RU
интересный	dictionary	ru_RU
квартал	dictionary	ru_RU
классно	dictionary	ru_RU
коммунистической	dictionary	ru_RU
красное	dictionary	ru_RU
купили	dictionary	ru_RU
лагере	dictionary	ru_RU
лукашенко	pending	ru_RU
медиа	pending	ru_RU
методом	dictionary	ru_RU
миссис	dictionary	ru_RU
называемый	dictionary	ru_RU
народы	dictionary	ru_RU
населенных	dictionary	ru_RU
недолго	dictionary	ru_RU
ненависти	dictionary	ru_RU
номере	dictionary	ru_RU
оборот	dictionary	ru_RU
обратить	dictionary	ru_RU
общественно	dictionary	ru_RU
общественное	dictionary	ru_RU
общественности	dictionary	ru_RU
опубликован	dictionary	ru_RU
организациями	dictionary	ru_RU
остановился	dictionary	ru_RU
осуществлять	dictionary	ru_RU
отделении	dictionary	ru_RU
открыты	dictionary	ru_RU
отправились	dictionary	ru_RU
официальное	dictionary	ru_RU
переходе	dictionary	ru_RU
печать	dictionary	ru_RU
побережья	dictionary	ru_RU
поделиться	dictionary	ru_RU
подозреваемый	dictionary	ru_RU
подруги	dictionary	ru_RU
породы	dictionary	ru_RU
посты	dictionary	ru_RU
поцелуй	dictionary	ru_RU
появятся	dictionary	ru_RU
правого	dictionary	ru_RU
предоставить	dictionary	ru_RU
предыдущего	dictionary	ru_RU
преимущества	dictionary	ru_RU
преодолеть	dictionary	ru_RU
применением	dictionary	ru_RU
продукта	dictionary	ru_RU
произошли	dictionary	ru_RU
промышленного	dictionary	ru_RU
путину	dictionary	ru_RU
разрыв	dictionary	ru_RU
расположенных	dictionary	ru_RU
раунд	dictionary	ru_RU
реальный	dictionary	ru_RU
ресторане	dictionary	ru_RU
роза	dictionary	ru_RU
российское	dictionary	ru_RU
свадьбу	dictionary	ru_RU
секреты	dictionary	ru_RU
сигнала	dictionary	ru_RU
сидят	dictionary	ru_RU
слабо	dictionary	ru_RU
слабость	dictionary	ru_RU
словах	dictionary	ru_RU
случается	dictionary	ru_RU
совести	dictionary	ru_RU
соответствующих	dictionary	ru_RU
сочинений	dictionary	ru_RU
спине	dictionary	ru_RU
справедливо	dictionary	ru_RU
столицу	dictionary	ru_RU
стояла	dictionary	ru_RU
страниц	dictionary	ru_RU
сцена	dictionary	ru_RU
тайна	dictionary	ru_RU
телефоны	dictionary	ru_RU
темноте	dictionary	ru_RU
трассе	dictionary	ru_RU
узнав	dictionary	ru_RU
умру	dictionary	ru_RU
ух	dictionary	ru_RU
федеральным	dictionary	ru_RU
фигура	dictionary	ru_RU
ходила	dictionary	ru_RU
ценностей	dictionary	ru_RU
черной	dictionary	ru_RU
черта	dictionary	ru_RU
четверть	dictionary	ru_RU
чтение	dictionary	ru_RU
шеф	dictionary	ru_RU
штаты	dictionary	ru_RU
адмирал	dictionary	ru_RU
алекс	pending	ru_RU
алкоголь	dictionary	ru_RU
аниме	dictionary	ru_RU
беженцев	dictionary	ru_RU
близок	dictionary	ru_RU
будущий	dictionary	ru_RU
важна	dictionary	ru_RU
ведет	dictionary	ru_RU
владеет	dictionary	ru_RU
вложений	dictionary	ru_RU
внести	dictionary	ru_RU
выходных	dictionary	ru_RU
героем	dictionary	ru_RU
горных	dictionary	ru_RU
готовят	dictionary	ru_RU
гражданина	dictionary	ru_RU
грех	dictionary	ru_RU
двойной	dictionary	ru_RU
девяти	dictionary	ru_RU
длины	dictionary	ru_RU
допустим	dictionary	ru_RU
достигли	dictionary	ru_RU
единства	dictionary	ru_RU
заодно	dictionary	ru_RU
запуск	dictionary	ru_RU
заставили	dictionary	ru_RU
знакомые	dictionary	ru_RU
инструкции	dictionary	ru_RU
информацией	dictionary	ru_RU
информационных	dictionary	ru_RU
казино	dictionary	ru_RU
камня	dictionary	ru_RU
китайские	dictionary	ru_RU
клиента	dictionary	ru_RU
комиссар	dictionary	ru_RU
конгресс	dictionary	ru_RU
красных	dictionary	ru_RU
кредиты	dictionary	ru_RU
крымской	dictionary	ru_RU
кухню	dictionary	ru_RU
летать	dictionary	ru_RU
лжи	dictionary	ru_RU
мальчиков	dictionary	ru_RU
маршрут	dictionary	ru_RU
месторождений	dictionary	ru_RU
мобильный	dictionary	ru_RU
называл	dictionary	ru_RU
налога	dictionary	ru_RU
напрямую	dictionary	ru_RU
наркотики	dictionary	ru_RU
некоторыми	dictionary	ru_RU
ноль	dictionary	ru_RU
обладают	dictionary	ru_RU
образований	dictionary	ru_RU
обстановка	dictionary	ru_RU
обувь	dictionary	ru_RU
объектом	dictionary	ru_RU
объявления	dictionary	ru_RU
обязательств	dictionary	ru_RU
округ	dictionary	ru_RU
октябрьской	dictionary	ru_RU
офисе	dictionary	ru_RU
параметры	dictionary	ru_RU
пережить	dictionary	ru_RU
перемены	dictionary	ru_RU
печени	dictionary	ru_RU
пишу	dictionary	ru_RU
плата	dictionary	ru_RU
погибла	dictionary	ru_RU
подальше	dictionary	ru_RU
подарил	dictionary	ru_RU
подойти	dictionary	ru_RU
подпись	dictionary	ru_RU
поиграть	dictionary	ru_RU
понравится	dictionary	ru_RU
попов	dictionary	ru_RU
посетить	dictionary	ru_RU
посмотрю	dictionary	ru_RU
почты	dictionary	ru_RU
предметом	dictionary	ru_RU
признали	dictionary	ru_RU
принца	dictionary	ru_RU
присоединиться	dictionary	ru_RU
проснулся	dictionary	ru_RU
профессиональный	dictionary	ru_RU
проходить	dictionary	ru_RU
процента	dictionary	ru_RU
прямых	dictionary	ru_RU
работающих	dictionary	ru_RU
развивать	dictionary	ru_RU
разницы	dictionary	ru_RU
расскажу	dictionary	ru_RU
рейтинге	dictionary	ru_RU
сделка	dictionary	ru_RU
семена	dictionary	ru_RU
сердцу	dictionary	ru_RU
смесь	dictionary	ru_RU
создано	dictionary	ru_RU
солнечной	dictionary	ru_RU
сообщила	dictionary	ru_RU
спортивных	dictionary	ru_RU
справедливость	dictionary	ru_RU
сравнения	dictionary	ru_RU
странам	dictionary	ru_RU
страсти	dictionary	ru_RU
стрельбы	dictionary	ru_RU
стремление	dictionary	ru_RU
суп	dictionary	ru_RU
счете	dictionary	ru_RU
сырья	dictionary	ru_RU
увидев	dictionary	ru_RU
украинцы	dictionary	ru_RU
учебное	dictionary	ru_RU
учреждение	dictionary	ru_RU
хорошем	dictionary	ru_RU
шт	dictionary	ru_RU
японской	dictionary	ru_RU
авиакомпании	dictionary	ru_RU
автобусов	dictionary	ru_RU
актов	dictionary	ru_RU
белое	dictionary	ru_RU
будущих	dictionary	ru_RU
важен	dictionary	ru_RU
ведется	dictionary	ru_RU
воронежской	dictionary	ru_RU
всемирной	dictionary	ru_RU
выполняет	dictionary	ru_RU
гвардии	dictionary	ru_RU
гонка	dictionary	ru_RU
горжусь	dictionary	ru_RU
граница	dictionary	ru_RU
дверей	dictionary	ru_RU
действующих	dictionary	ru_RU
европейский	dictionary	ru_RU
едем	dictionary	ru_RU
жилой	dictionary	ru_RU
заводы	dictionary	ru_RU
займет	dictionary	ru_RU
заняты	dictionary	ru_RU
заработной	dictionary	ru_RU
захвата	dictionary	ru_RU
захотел	dictionary	ru_RU
захочет	dictionary	ru_RU
землей	dictionary	ru_RU
значительный	dictionary	ru_RU
зомби	dictionary	ru_RU
изменился	dictionary	ru_RU
камер	dictionary	ru_RU
китайских	dictionary	ru_RU
колеса	dictionary	ru_RU
коммунисты	dictionary	ru_RU
красавица	dictionary	ru_RU
легкой	dictionary	ru_RU
ленинградской	dictionary	ru_RU
лицам	dictionary	ru_RU
лодки	dictionary	ru_RU
лука	dictionary	ru_RU
массу	dictionary	ru_RU
международное	dictionary	ru_RU
местным	dictionary	ru_RU
музыкой	dictionary	ru_RU
называемые	dictionary	ru_RU
найдет	dictionary	ru_RU
налоги	dictionary	ru_RU
напомнить	dictionary	ru_RU
наступает	dictionary	ru_RU
наступления	dictionary	ru_RU
национальную	dictionary	ru_RU
ненависть	dictionary	ru_RU
нынче	dictionary	ru_RU
объеме	dictionary	ru_RU
объяснять	dictionary	ru_RU
овощей	dictionary	ru_RU
одежде	dictionary	ru_RU
одинаково	dictionary	ru_RU
ожидает	dictionary	ru_RU
оказывает	dictionary	ru_RU
особые	dictionary	ru_RU
оставила	dictionary	ru_RU
оставшиеся	dictionary	ru_RU
отечества	dictionary	ru_RU
открылся	dictionary	ru_RU
открытии	dictionary	ru_RU
перестали	dictionary	ru_RU
писем	dictionary	ru_RU
площадке	dictionary	ru_RU
подачи	dictionary	ru_RU
подняться	dictionary	ru_RU
подошел	dictionary	ru_RU
позвонить	dictionary	ru_RU
покоя	dictionary	ru_RU
положил	dictionary	ru_RU
получим	dictionary	ru_RU
пользуется	dictionary	ru_RU
помещении	dictionary	ru_RU
попытке	dictionary	ru_RU
посреди	dictionary	ru_RU
постоянный	dictionary	ru_RU
предварительно	dictionary	ru_RU
прекрасное	dictionary	ru_RU
приготовить	dictionary	ru_RU
принятие	dictionary	ru_RU
проблемам	dictionary	ru_RU
пускай	dictionary	ru_RU
регулирования	dictionary	ru_RU
результата	dictionary	ru_RU
родины	dictionary	ru_RU
родов	dictionary	ru_RU
самолеты	dictionary	ru_RU
сделку	dictionary	ru_RU
сказка	dictionary	ru_RU
совместной	dictionary	ru_RU
споры	dictionary	ru_RU
станцию	dictionary	ru_RU
стенах	dictionary	ru_RU
стив	pending	ru_RU
страсть	dictionary	ru_RU
съезд	dictionary	ru_RU
теорию	dictionary	ru_RU
тесно	dictionary	ru_RU
технике	dictionary	ru_RU
толпа	dictionary	ru_RU
торговый	dictionary	ru_RU
трагедия	dictionary	ru_RU
трижды	dictionary	ru_RU
туризма	dictionary	ru_RU
убийцы	dictionary	ru_RU
увеличению	dictionary	ru_RU
управлению	dictionary	ru_RU
учащихся	dictionary	ru_RU
ученый	dictionary	ru_RU
фифа	dictionary	ru_RU
ценность	dictionary	ru_RU
черту	dictionary	ru_RU
чиновники	dictionary	ru_RU
шагов	dictionary	ru_RU
шутки	dictionary	ru_RU
энергетики	dictionary	ru_RU
эффективно	dictionary	ru_RU
южно	dictionary	ru_RU
южном	dictionary	ru_RU
агентов	dictionary	ru_RU
американцев	dictionary	ru_RU
атака	dictionary	ru_RU
будущей	dictionary	ru_RU
внешнего	dictionary	ru_RU
военном	dictionary	ru_RU
воля	dictionary	ru_RU
вопросами	dictionary	ru_RU
воспитания	dictionary	ru_RU
выплаты	dictionary	ru_RU
выпустить	dictionary	ru_RU
выразил	dictionary	ru_RU
высказывания	dictionary	ru_RU
голосом	dictionary	ru_RU
гордость	dictionary	ru_RU
господина	dictionary	ru_RU
государственное	dictionary	ru_RU
грубо	dictionary	ru_RU
дальний	dictionary	ru_RU
двенадцать	dictionary	ru_RU
джей	pending	ru_RU
доброго	dictionary	ru_RU
жди	dictionary	ru_RU
жертвой	dictionary	ru_RU
жестоко	dictionary	ru_RU
журналов	dictionary	ru_RU
завершился	dictionary	ru_RU
заключил	dictionary	ru_RU
известная	dictionary	ru_RU
инспектор	dictionary	ru_RU
исключение	dictionary	ru_RU
исключения	dictionary	ru_RU
испытание	dictionary	ru_RU
километрах	dictionary	ru_RU
колледже	dictionary	ru_RU
колонны	dictionary	ru_RU
комментарий	dictionary	ru_RU
комплексы	dictionary	ru_RU
контексте	dictionary	ru_RU
корпорации	dictionary	ru_RU
космических	dictionary	ru_RU
курить	dictionary	ru_RU
лежать	dictionary	ru_RU
магазинах	dictionary	ru_RU
маленького	dictionary	ru_RU
марио	pending	ru_RU
металлов	dictionary	ru_RU
моими	dictionary	ru_RU
молчание	dictionary	ru_RU
мю	dictionary	ru_RU
наград	dictionary	ru_RU
найду	dictionary	ru_RU
налог	dictionary	ru_RU
напряжение	dictionary	ru_RU
небольшую	dictionary	ru_RU
нормальный	dictionary	ru_RU
обещали	dictionary	ru_RU
объявление	dictionary	ru_RU
объяснение	dictionary	ru_RU
опрос	dictionary	ru_RU
остальным	dictionary	ru_RU
отдельный	dictionary	ru_RU
охрану	dictionary	ru_RU
папой	dictionary	ru_RU
повесть	dictionary	ru_RU
поднял	dictionary	ru_RU
поездка	dictionary	ru_RU
познакомился	dictionary	ru_RU
полета	dictionary	ru_RU
положительно	dictionary	ru_RU
предупреждение	dictionary	ru_RU
президенту	dictionary	ru_RU
придут	dictionary	ru_RU
признался	dictionary	ru_RU
приложений	dictionary	ru_RU
продолжения	dictionary	ru_RU
производителей	dictionary	ru_RU
производить	dictionary	ru_RU
просили	dictionary	ru_RU
профсоюзов	dictionary	ru_RU
рамки	dictionary	ru_RU
рассчитывать	dictionary	ru_RU
расширить	dictionary	ru_RU
русскими	dictionary	ru_RU
самолет	dictionary	ru_RU
свободных	dictionary	ru_RU
сельское	dictionary	ru_RU
скажут	dictionary	ru_RU
скорей	dictionary	ru_RU
следовать	dictionary	ru_RU
следующая	dictionary	ru_RU
снаружи	dictionary	ru_RU
снимки	dictionary	ru_RU
соединенных	dictionary	ru_RU
солдата	dictionary	ru_RU
старался	dictionary	ru_RU
страница	dictionary	ru_RU
студия	dictionary	ru_RU
супруги	dictionary	ru_RU
сюрприз	dictionary	ru_RU
танцевать	dictionary	ru_RU
творчестве	dictionary	ru_RU
течении	dictionary	ru_RU
удары	dictionary	ru_RU
узнает	dictionary	ru_RU
управляющий	dictionary	ru_RU
уровней	dictionary	ru_RU
уровню	dictionary	ru_RU
установления	dictionary	ru_RU
ученики	dictionary	ru_RU
финансового	dictionary	ru_RU
финансовые	dictionary	ru_RU
фонды	dictionary	ru_RU
чая	dictionary	ru_RU
черном	dictionary	ru_RU
экспертов	dictionary	ru_RU
экспресс	dictionary	ru_RU
активной	dictionary	ru_RU
арестованы	dictionary	ru_RU
армией	dictionary	ru_RU
бабушки	dictionary	ru_RU
баланс	dictionary	ru_RU
беременности	dictionary	ru_RU
бомбы	dictionary	ru_RU
брату	dictionary	ru_RU
британской	dictionary	ru_RU
ванной	dictionary	ru_RU
вдвоем	dictionary	ru_RU
вирус	dictionary	ru_RU
водных	dictionary	ru_RU
воевать	dictionary	ru_RU
всерьез	dictionary	ru_RU
вступления	dictionary	ru_RU
выгодно	dictionary	ru_RU
вызвала	dictionary	ru_RU
высокое	dictionary	ru_RU
выступить	dictionary	ru_RU
газету	dictionary	ru_RU
говорилось	dictionary	ru_RU
голода	dictionary	ru_RU
дин	dictionary	ru_RU
добровольно	dictionary	ru_RU
добыча	dictionary	ru_RU
документа	dictionary	ru_RU
документах	dictionary	ru_RU
жилье	dictionary	ru_RU
жителям	dictionary	ru_RU
заданий	dictionary	ru_RU
замена	dictionary	ru_RU
замечает	dictionary	ru_RU
заставил	dictionary	ru_RU
заявку	dictionary	ru_RU
злой	dictionary	ru_RU
изготовления	dictionary	ru_RU
исполнительной	dictionary	ru_RU
колледжа	dictionary	ru_RU
королевства	dictionary	ru_RU
костей	dictionary	ru_RU
крупнейший	dictionary	ru_RU
лесных	dictionary	ru_RU
лицензии	dictionary	ru_RU
лучшем	dictionary	ru_RU
любили	dictionary	ru_RU
майдан	dictionary	ru_RU
массовые	dictionary	ru_RU
металла	dictionary	ru_RU
мировом	dictionary	ru_RU
мусора	dictionary	ru_RU
начну	dictionary	ru_RU
непременно	dictionary	ru_RU
низкий	dictionary	ru_RU
ночам	dictionary	ru_RU
обороне	dictionary	ru_RU
обсуждали	dictionary	ru_RU
овощи	dictionary	ru_RU
ожидании	dictionary	ru_RU
органах	dictionary	ru_RU
останутся	dictionary	ru_RU
отдавать	dictionary	ru_RU
открывать	dictionary	ru_RU
открытое	dictionary	ru_RU
отметим	dictionary	ru_RU
отсутствием	dictionary	ru_RU
па	dictionary	ru_RU
пермь	dictionary	ru_RU
планируется	dictionary	ru_RU
подписать	dictionary	ru_RU
поеду	dictionary	ru_RU
показ	dictionary	ru_RU
положительные	dictionary	ru_RU
помощника	dictionary	ru_RU
постановлением	dictionary	ru_RU
поступает	dictionary	ru_RU
потеря	dictionary	ru_RU
правильное	dictionary	ru_RU
предотвратить	dictionary	ru_RU
прессе	dictionary	ru_RU
привык	dictionary	ru_RU
пригласили	dictionary	ru_RU
приключения	dictionary	ru_RU
принципиально	dictionary	ru_RU
приходить	dictionary	ru_RU
проблемами	dictionary	ru_RU
проверку	dictionary	ru_RU
продюсер	dictionary	ru_RU
просьбе	dictionary	ru_RU
прощения	dictionary	ru_RU
пытаться	dictionary	ru_RU
пятого	dictionary	ru_RU
развиваться	dictionary	ru_RU
разному	dictionary	ru_RU
рекламу	dictionary	ru_RU
родила	dictionary	ru_RU
северном	dictionary	ru_RU
советском	dictionary	ru_RU
совещания	dictionary	ru_RU
согласиться	dictionary	ru_RU
сотрудника	dictionary	ru_RU
социальный	dictionary	ru_RU
сочетание	dictionary	ru_RU
спорить	dictionary	ru_RU
способствует	dictionary	ru_RU
среднее	dictionary	ru_RU
ставят	dictionary	ru_RU
стоить	dictionary	ru_RU
столица	dictionary	ru_RU
страшного	dictionary	ru_RU
стрит	pending	ru_RU
счастливым	dictionary	ru_RU
счету	dictionary	ru_RU
съемки	dictionary	ru_RU
татар	dictionary	ru_RU
торгового	dictionary	ru_RU
традиция	dictionary	ru_RU
туалет	dictionary	ru_RU
ударов	dictionary	ru_RU
улучшение	dictionary	ru_RU
ученик	dictionary	ru_RU
финансирование	dictionary	ru_RU
химия	dictionary	ru_RU
хозяина	dictionary	ru_RU
художники	dictionary	ru_RU
человеческой	dictionary	ru_RU
читает	dictionary	ru_RU
чужие	dictionary	ru_RU
эдвард	pending	ru_RU
экономическое	dictionary	ru_RU
электронная	dictionary	ru_RU
электронные	dictionary	ru_RU
эмоций	dictionary	ru_RU
ядерного	dictionary	ru_RU
автобусе	dictionary	ru_RU
академик	dictionary	ru_RU
активный	dictionary	ru_RU
акцию	dictionary	ru_RU
белым	dictionary	ru_RU
белье	dictionary	ru_RU
бесконечно	dictionary	ru_RU
близки	dictionary	ru_RU
британского	dictionary	ru_RU
важной	dictionary	ru_RU
вернусь	dictionary	ru_RU
властями	dictionary	ru_RU
войной	dictionary	ru_RU
волнует	dictionary	ru_RU
вопросах	dictionary	ru_RU
встретили	dictionary	ru_RU
выполнены	dictionary	ru_RU
главном	dictionary	ru_RU
годовой	dictionary	ru_RU
диплом	dictionary	ru_RU
добился	dictionary	ru_RU
долгие	dictionary	ru_RU
дошло	dictionary	ru_RU
ехал	dictionary	ru_RU
зубов	dictionary	ru_RU
играю	dictionary	ru_RU
идиот	dictionary	ru_RU
изменил	dictionary	ru_RU
измерения	dictionary	ru_RU
изучать	dictionary	ru_RU
инвестиции	dictionary	ru_RU
индия	dictionary	ru_RU
институтов	dictionary	ru_RU
интереса	dictionary	ru_RU
историк	dictionary	ru_RU
историко	dictionary	ru_RU
карьера	dictionary	ru_RU
кислоты	dictionary	ru_RU
космический	dictionary	ru_RU
кричать	dictionary	ru_RU
легкие	dictionary	ru_RU
лорд	dictionary	ru_RU
ля	dictionary	ru_RU
молчать	dictionary	ru_RU
монет	dictionary	ru_RU
московские	dictionary	ru_RU
наибольшее	dictionary	ru_RU
найдется	dictionary	ru_RU
напали	dictionary	ru_RU
направлены	dictionary	ru_RU
недостаток	dictionary	ru_RU
независимых	dictionary	ru_RU
неподалеку	dictionary	ru_RU
несут	dictionary	ru_RU
нм	dictionary	ru_RU
нормальной	dictionary	ru_RU
обнаружен	dictionary	ru_RU
оборону	dictionary	ru_RU
образованием	dictionary	ru_RU
объявлен	dictionary	ru_RU
ос	dictionary	ru_RU
основатель	dictionary	ru_RU
оставлять	dictionary	ru_RU
ответов	dictionary	ru_RU
отличные	dictionary	ru_RU
отметили	dictionary	ru_RU
отмечал	dictionary	ru_RU
отныне	dictionary	ru_RU
отпустить	dictionary	ru_RU
пак	dictionary	ru_RU
пальцем	dictionary	ru_RU
патриарх	dictionary	ru_RU
певец	dictionary	ru_RU
передачу	dictionary	ru_RU
перерыв	dictionary	ru_RU
поддержкой	dictionary	ru_RU
подразделение	dictionary	ru_RU
полковника	dictionary	ru_RU
несколько	dictionary	ru_RU
территории	dictionary	ru_RU
результате	dictionary	ru_RU
составляет	dictionary	ru_RU
находится	dictionary	ru_RU
количество	dictionary	ru_RU
населения	dictionary	ru_RU
нескольких	dictionary	ru_RU
различных	dictionary	ru_RU
настоящее	dictionary	ru_RU
полностью	dictionary	ru_RU
некоторые	dictionary	ru_RU
некоторых	dictionary	ru_RU
становится	dictionary	ru_RU
возможность	dictionary	ru_RU
названием	dictionary	ru_RU
деятельности	dictionary	ru_RU
организации	dictionary	ru_RU
чемпионате	dictionary	ru_RU
происходит	dictionary	ru_RU
чемпионата	dictionary	ru_RU
благодаря	dictionary	ru_RU
поскольку	dictionary	ru_RU
деятельность	dictionary	ru_RU
противника	dictionary	ru_RU
управления	dictionary	ru_RU
окончания	dictionary	ru_RU
практически	dictionary	ru_RU
население	dictionary	ru_RU
используется	dictionary	ru_RU
образования	dictionary	ru_RU
должность	dictionary	ru_RU
протяжении	dictionary	ru_RU
представляет	dictionary	ru_RU
частности	dictionary	ru_RU
различные	dictionary	ru_RU
отношения	dictionary	ru_RU
участвовал	dictionary	ru_RU
искусства	dictionary	ru_RU
находился	dictionary	ru_RU
значительно	dictionary	ru_RU
использовать	dictionary	ru_RU
производства	dictionary	ru_RU
позволяет	dictionary	ru_RU
множество	dictionary	ru_RU
занимался	dictionary	ru_RU
программы	dictionary	ru_RU
университета	dictionary	ru_RU
находятся	dictionary	ru_RU
впоследствии	dictionary	ru_RU
достаточно	dictionary	ru_RU
руководством	dictionary	ru_RU
существует	dictionary	ru_RU
республики	dictionary	ru_RU
института	dictionary	ru_RU
большинство	dictionary	ru_RU
информации	dictionary	ru_RU
должности	dictionary	ru_RU
государства	dictionary	ru_RU
исследования	dictionary	ru_RU
постоянно	dictionary	ru_RU
следующий	dictionary	ru_RU
сельского	dictionary	ru_RU
одновременно	dictionary	ru_RU
относительно	dictionary	ru_RU
необходимо	dictionary	ru_RU
состоянию	dictionary	ru_RU
строительство	dictionary	ru_RU
изменения	dictionary	ru_RU
произведений	dictionary	ru_RU
дальнейшем	dictionary	ru_RU
зависимости	dictionary	ru_RU
начинается	dictionary	ru_RU
последние	dictionary	ru_RU
российской	dictionary	ru_RU
произведения	dictionary	ru_RU
возможности	dictionary	ru_RU
считается	dictionary	ru_RU
строительства	dictionary	ru_RU
некоторое	dictionary	ru_RU
расположен	dictionary	ru_RU
правительства	dictionary	ru_RU
состоянии	dictionary	ru_RU
безопасности	dictionary	ru_RU
производство	dictionary	ru_RU
заниматься	dictionary	ru_RU
правительство	dictionary	ru_RU
расположены	dictionary	ru_RU
университете	dictionary	ru_RU
появляется	dictionary	ru_RU
преимущественно	dictionary	ru_RU
продолжал	dictionary	ru_RU
правления	dictionary	ru_RU
исследований	dictionary	ru_RU
последний	dictionary	ru_RU
положение	dictionary	ru_RU
городского	dictionary	ru_RU
миллионов	dictionary	ru_RU
образование	dictionary	ru_RU
находились	dictionary	ru_RU
поверхности	dictionary	ru_RU
участников	dictionary	ru_RU
отечественной	dictionary	ru_RU
использования	dictionary	ru_RU
постепенно	dictionary	ru_RU
поселения	dictionary	ru_RU
международных	dictionary	ru_RU
состоялась	dictionary	ru_RU
окончании	dictionary	ru_RU
неоднократно	dictionary	ru_RU
появилась	dictionary	ru_RU
совершенно	dictionary	ru_RU
председателем	dictionary	ru_RU
чемпионом	dictionary	ru_RU
продолжил	dictionary	ru_RU
использование	dictionary	ru_RU
используются	dictionary	ru_RU
построена	dictionary	ru_RU
появились	dictionary	ru_RU
вернуться	dictionary	ru_RU
депутатов	dictionary	ru_RU
категории	dictionary	ru_RU
советских	dictionary	ru_RU
литературы	dictionary	ru_RU
следующем	dictionary	ru_RU
относится	dictionary	ru_RU
состоялся	dictionary	ru_RU
отправился	dictionary	ru_RU
официально	dictionary	ru_RU
поддержку	dictionary	ru_RU
произошло	dictionary	ru_RU
рассказывает	dictionary	ru_RU
состояние	dictionary	ru_RU
фактически	dictionary	ru_RU
известных	dictionary	ru_RU
небольшой	dictionary	ru_RU
предложил	dictionary	ru_RU
промышленности	dictionary	ru_RU
соответствии	dictionary	ru_RU
хозяйства	dictionary	ru_RU
верховного	dictionary	ru_RU
возглавил	dictionary	ru_RU
отличается	dictionary	ru_RU
иностранных	dictionary	ru_RU
направлении	dictionary	ru_RU
скончался	dictionary	ru_RU
оказывается	dictionary	ru_RU
предлагает	dictionary	ru_RU
художников	dictionary	ru_RU
директором	dictionary	ru_RU
исключением	dictionary	ru_RU
количества	dictionary	ru_RU
исключительно	dictionary	ru_RU
отделения	dictionary	ru_RU
федерации	dictionary	ru_RU
материалов	dictionary	ru_RU
основания	dictionary	ru_RU
представителей	dictionary	ru_RU
проведения	dictionary	ru_RU
соревнованиях	dictionary	ru_RU
командира	dictionary	ru_RU
непосредственно	dictionary	ru_RU
политической	dictionary	ru_RU
национального	dictionary	ru_RU
отдельных	dictionary	ru_RU
отношении	dictionary	ru_RU
позволило	dictionary	ru_RU
принимать	dictionary	ru_RU
провинции	dictionary	ru_RU
происхождения	dictionary	ru_RU
чемпионат	dictionary	ru_RU
дебютировал	dictionary	ru_RU
называется	dictionary	ru_RU
отделение	dictionary	ru_RU
приходилось	dictionary	ru_RU
сравнению	dictionary	ru_RU
директора	dictionary	ru_RU
получения	dictionary	ru_RU
революции	dictionary	ru_RU
соответственно	dictionary	ru_RU
относятся	dictionary	ru_RU
поражение	dictionary	ru_RU
составляло	dictionary	ru_RU
человеком	dictionary	ru_RU
выступает	dictionary	ru_RU
многочисленные	dictionary	ru_RU
организаций	dictionary	ru_RU
представители	dictionary	ru_RU
управление	dictionary	ru_RU
элементов	dictionary	ru_RU
возвращается	dictionary	ru_RU
городской	dictionary	ru_RU
государственной	dictionary	ru_RU
отсутствие	dictionary	ru_RU
различными	dictionary	ru_RU
совместно	dictionary	ru_RU
первоначально	dictionary	ru_RU
встречается	dictionary	ru_RU
отказался	dictionary	ru_RU
современных	dictionary	ru_RU
составляла	dictionary	ru_RU
установки	dictionary	ru_RU
единственным	dictionary	ru_RU
местности	dictionary	ru_RU
остальных	dictionary	ru_RU
подготовки	dictionary	ru_RU
руководство	dictionary	ru_RU
существование	dictionary	ru_RU
существования	dictionary	ru_RU
упоминается	dictionary	ru_RU
художника	dictionary	ru_RU
последнего	dictionary	ru_RU
результаты	dictionary	ru_RU
комплекса	dictionary	ru_RU
крупнейших	dictionary	ru_RU
необходимости	dictionary	ru_RU
остальные	dictionary	ru_RU
председателя	dictionary	ru_RU
представлены	dictionary	ru_RU
советской	dictionary	ru_RU
студентов	dictionary	ru_RU
компанией	dictionary	ru_RU
населённых	dictionary	ru_RU
настолько	dictionary	ru_RU
окончательно	dictionary	ru_RU
современной	dictionary	ru_RU
встречаются	dictionary	ru_RU
конструкции	dictionary	ru_RU
предприятия	dictionary	ru_RU
присоединился	dictionary	ru_RU
территорию	dictionary	ru_RU
начальника	dictionary	ru_RU
оказались	dictionary	ru_RU
становятся	dictionary	ru_RU
известный	dictionary	ru_RU
национальной	dictionary	ru_RU
принимает	dictionary	ru_RU
существенно	dictionary	ru_RU
выступления	dictionary	ru_RU
находилась	dictionary	ru_RU
отношение	dictionary	ru_RU
президента	dictionary	ru_RU
экономики	dictionary	ru_RU
информацию	dictionary	ru_RU
использует	dictionary	ru_RU
внутренних	dictionary	ru_RU
институте	dictionary	ru_RU
монастыря	dictionary	ru_RU
оказалось	dictionary	ru_RU
основании	dictionary	ru_RU
предложение	dictionary	ru_RU
результат	dictionary	ru_RU
специально	dictionary	ru_RU
регулярно	dictionary	ru_RU
технологии	dictionary	ru_RU
материала	dictionary	ru_RU
предприятий	dictionary	ru_RU
президентом	dictionary	ru_RU
принадлежит	dictionary	ru_RU
расположена	dictionary	ru_RU
российских	dictionary	ru_RU
оставался	dictionary	ru_RU
поддержки	dictionary	ru_RU
последней	dictionary	ru_RU
последующие	dictionary	ru_RU
программа	dictionary	ru_RU
проживало	dictionary	ru_RU
деятельностью	dictionary	ru_RU
занимается	dictionary	ru_RU
изображения	dictionary	ru_RU
назначения	dictionary	ru_RU
пассажиров	dictionary	ru_RU
последних	dictionary	ru_RU
сотрудников	dictionary	ru_RU
арестован	dictionary	ru_RU
изначально	dictionary	ru_RU
начальником	dictionary	ru_RU
отношений	dictionary	ru_RU
проводится	dictionary	ru_RU
сложности	dictionary	ru_RU
заместителем	dictionary	ru_RU
невозможно	dictionary	ru_RU
построено	dictionary	ru_RU
самолётов	dictionary	ru_RU
составляют	dictionary	ru_RU
архитектуры	dictionary	ru_RU
использовались	dictionary	ru_RU
конференции	dictionary	ru_RU
профессор	dictionary	ru_RU
сохранились	dictionary	ru_RU
оказалась	dictionary	ru_RU
организация	dictionary	ru_RU
современного	dictionary	ru_RU
способности	dictionary	ru_RU
установлены	dictionary	ru_RU
центральной	dictionary	ru_RU
безработных	dictionary	ru_RU
выступала	dictionary	ru_RU
действительно	dictionary	ru_RU
используют	dictionary	ru_RU
композиции	dictionary	ru_RU
образован	dictionary	ru_RU
положения	dictionary	ru_RU
представлен	dictionary	ru_RU
продолжает	dictionary	ru_RU
расположено	dictionary	ru_RU
следующие	dictionary	ru_RU
возвращения	dictionary	ru_RU
выступать	dictionary	ru_RU
персонажей	dictionary	ru_RU
постройки	dictionary	ru_RU
достижения	dictionary	ru_RU
европейских	dictionary	ru_RU
командованием	dictionary	ru_RU
материалы	dictionary	ru_RU
опубликовал	dictionary	ru_RU
отдельные	dictionary	ru_RU
университет	dictionary	ru_RU
переименован	dictionary	ru_RU
поселение	dictionary	ru_RU
представляют	dictionary	ru_RU
продукции	dictionary	ru_RU
родителей	dictionary	ru_RU
собственной	dictionary	ru_RU
гражданской	dictionary	ru_RU
депутатом	dictionary	ru_RU
единственный	dictionary	ru_RU
награждён	dictionary	ru_RU
неизвестно	dictionary	ru_RU
объединения	dictionary	ru_RU
последнее	dictionary	ru_RU
самостоятельно	dictionary	ru_RU
составлял	dictionary	ru_RU
транспорта	dictionary	ru_RU
установлен	dictionary	ru_RU
администрации	dictionary	ru_RU
действует	dictionary	ru_RU
источников	dictionary	ru_RU
небольших	dictionary	ru_RU
осуществляется	dictionary	ru_RU
писателей	dictionary	ru_RU
показывает	dictionary	ru_RU
политических	dictionary	ru_RU
поражения	dictionary	ru_RU
разработки	dictionary	ru_RU
состояния	dictionary	ru_RU
устройства	dictionary	ru_RU
советского	dictionary	ru_RU
вследствие	dictionary	ru_RU
государств	dictionary	ru_RU
государственных	dictionary	ru_RU
известность	dictionary	ru_RU
использовали	dictionary	ru_RU
кандидатов	dictionary	ru_RU
национальных	dictionary	ru_RU
помещения	dictionary	ru_RU
применения	dictionary	ru_RU
руководил	dictionary	ru_RU
творчества	dictionary	ru_RU
библиотека	dictionary	ru_RU
большинстве	dictionary	ru_RU
встречает	dictionary	ru_RU
заключения	dictionary	ru_RU
международного	dictionary	ru_RU
наступление	dictionary	ru_RU
отказывается	dictionary	ru_RU
поддержке	dictionary	ru_RU
приходится	dictionary	ru_RU
соревнований	dictionary	ru_RU
соревнования	dictionary	ru_RU
социальной	dictionary	ru_RU
специалистов	dictionary	ru_RU
уничтожить	dictionary	ru_RU
участвовать	dictionary	ru_RU
численность	dictionary	ru_RU
автомобиля	dictionary	ru_RU
большинства	dictionary	ru_RU
использованием	dictionary	ru_RU
особенности	dictionary	ru_RU
министерства	dictionary	ru_RU
возглавлял	dictionary	ru_RU
восстания	dictionary	ru_RU
диссертацию	dictionary	ru_RU
документы	dictionary	ru_RU
завершения	dictionary	ru_RU
исторических	dictionary	ru_RU
литературе	dictionary	ru_RU
немедленно	dictionary	ru_RU
оборудования	dictionary	ru_RU
обязанности	dictionary	ru_RU
отличаются	dictionary	ru_RU
представлена	dictionary	ru_RU
программу	dictionary	ru_RU
сельсовета	dictionary	ru_RU
социальных	dictionary	ru_RU
специальных	dictionary	ru_RU
установить	dictionary	ru_RU
английский	dictionary	ru_RU
батальона	dictionary	ru_RU
изображение	dictionary	ru_RU
императора	dictionary	ru_RU
обеспечения	dictionary	ru_RU
присвоено	dictionary	ru_RU
структуры	dictionary	ru_RU
библиотеки	dictionary	ru_RU
государственный	dictionary	ru_RU
известной	dictionary	ru_RU
использовался	dictionary	ru_RU
направления	dictionary	ru_RU
организацию	dictionary	ru_RU
поведение	dictionary	ru_RU
попытался	dictionary	ru_RU
появляются	dictionary	ru_RU
сопротивление	dictionary	ru_RU
территория	dictionary	ru_RU
олимпийских	dictionary	ru_RU
использовал	dictionary	ru_RU
монастырь	dictionary	ru_RU
представления	dictionary	ru_RU
программе	dictionary	ru_RU
существуют	dictionary	ru_RU
температура	dictionary	ru_RU
философии	dictionary	ru_RU
экспедиции	dictionary	ru_RU
московской	dictionary	ru_RU
автомобиль	dictionary	ru_RU
восточной	dictionary	ru_RU
двигатель	dictionary	ru_RU
километров	dictionary	ru_RU
командиром	dictionary	ru_RU
отношению	dictionary	ru_RU
отправляется	dictionary	ru_RU
построены	dictionary	ru_RU
присутствует	dictionary	ru_RU
проводятся	dictionary	ru_RU
профессора	dictionary	ru_RU
распространение	dictionary	ru_RU
результатом	dictionary	ru_RU
связанные	dictionary	ru_RU
участвовали	dictionary	ru_RU
инициативе	dictionary	ru_RU
общественной	dictionary	ru_RU
определяется	dictionary	ru_RU
освобождения	dictionary	ru_RU
помощником	dictionary	ru_RU
появление	dictionary	ru_RU
работников	dictionary	ru_RU
следующего	dictionary	ru_RU
температуры	dictionary	ru_RU
вынуждены	dictionary	ru_RU
выполнения	dictionary	ru_RU
изменений	dictionary	ru_RU
неожиданно	dictionary	ru_RU
определения	dictionary	ru_RU
основного	dictionary	ru_RU
проводить	dictionary	ru_RU
расположение	dictionary	ru_RU
участвовала	dictionary	ru_RU
информация	dictionary	ru_RU
командование	dictionary	ru_RU
проводились	dictionary	ru_RU
реализации	dictionary	ru_RU
сообщения	dictionary	ru_RU
характера	dictionary	ru_RU
внутренней	dictionary	ru_RU
возникает	dictionary	ru_RU
выступление	dictionary	ru_RU
городских	dictionary	ru_RU
искусство	dictionary	ru_RU
переговоры	dictionary	ru_RU
положении	dictionary	ru_RU
последним	dictionary	ru_RU
пределами	dictionary	ru_RU
предметов	dictionary	ru_RU
принимали	dictionary	ru_RU
происхождение	dictionary	ru_RU
разработке	dictionary	ru_RU
располагается	dictionary	ru_RU
сегодняшний	dictionary	ru_RU
сообщение	dictionary	ru_RU
составила	dictionary	ru_RU
формирования	dictionary	ru_RU
использоваться	dictionary	ru_RU
многочисленных	dictionary	ru_RU
направление	dictionary	ru_RU
связанных	dictionary	ru_RU
соглашение	dictionary	ru_RU
указывает	dictionary	ru_RU
участвует	dictionary	ru_RU
исследование	dictionary	ru_RU
количеством	dictionary	ru_RU
музыкальных	dictionary	ru_RU
небольшие	dictionary	ru_RU
независимости	dictionary	ru_RU
общественных	dictionary	ru_RU
персонажа	dictionary	ru_RU
поколения	dictionary	ru_RU
похоронен	dictionary	ru_RU
процессов	dictionary	ru_RU
редактором	dictionary	ru_RU
состоялось	dictionary	ru_RU
способность	dictionary	ru_RU
требуется	dictionary	ru_RU
установлена	dictionary	ru_RU
английском	dictionary	ru_RU
коллектива	dictionary	ru_RU
народного	dictionary	ru_RU
обеспечивает	dictionary	ru_RU
очередной	dictionary	ru_RU
переходит	dictionary	ru_RU
подразделения	dictionary	ru_RU
позволяют	dictionary	ru_RU
популярность	dictionary	ru_RU
последующих	dictionary	ru_RU
собственную	dictionary	ru_RU
стоимость	dictionary	ru_RU
определить	dictionary	ru_RU
применяется	dictionary	ru_RU
результатам	dictionary	ru_RU
советские	dictionary	ru_RU
специальности	dictionary	ru_RU
технических	dictionary	ru_RU
учреждений	dictionary	ru_RU
хозяйство	dictionary	ru_RU
чемпионов	dictionary	ru_RU
автомобилей	dictionary	ru_RU
выполнять	dictionary	ru_RU
двигателя	dictionary	ru_RU
источниках	dictionary	ru_RU
насчитывалось	dictionary	ru_RU
обнаруживает	dictionary	ru_RU
общественного	dictionary	ru_RU
отсутствия	dictionary	ru_RU
памятника	dictionary	ru_RU
победителем	dictionary	ru_RU
соединения	dictionary	ru_RU
строительстве	dictionary	ru_RU
технологий	dictionary	ru_RU
французского	dictionary	ru_RU
эксплуатацию	dictionary	ru_RU
вернулась	dictionary	ru_RU
дивизионе	dictionary	ru_RU
дистанции	dictionary	ru_RU
используя	dictionary	ru_RU
направлен	dictionary	ru_RU
независимо	dictionary	ru_RU
подготовке	dictionary	ru_RU
представлял	dictionary	ru_RU
президент	dictionary	ru_RU
преступления	dictionary	ru_RU
режиссёра	dictionary	ru_RU
содержания	dictionary	ru_RU
соответствует	dictionary	ru_RU
сравнительно	dictionary	ru_RU
выступлений	dictionary	ru_RU
источники	dictionary	ru_RU
немецкого	dictionary	ru_RU
подготовку	dictionary	ru_RU
пребывания	dictionary	ru_RU
продолжать	dictionary	ru_RU
собственного	dictionary	ru_RU
спортивной	dictionary	ru_RU
требования	dictionary	ru_RU
устройство	dictionary	ru_RU
документов	dictionary	ru_RU
известным	dictionary	ru_RU
музыкантов	dictionary	ru_RU
обеспечить	dictionary	ru_RU
обнаружил	dictionary	ru_RU
оборудование	dictionary	ru_RU
отсутствует	dictionary	ru_RU
отсутствуют	dictionary	ru_RU
последнем	dictionary	ru_RU
результатов	dictionary	ru_RU
руководства	dictionary	ru_RU
сохранить	dictionary	ru_RU
становился	dictionary	ru_RU
факультет	dictionary	ru_RU
фестиваля	dictionary	ru_RU
художественной	dictionary	ru_RU
американских	dictionary	ru_RU
значительной	dictionary	ru_RU
независимость	dictionary	ru_RU
несколькими	dictionary	ru_RU
номинации	dictionary	ru_RU
обнаружены	dictionary	ru_RU
отправлен	dictionary	ru_RU
плотность	dictionary	ru_RU
политического	dictionary	ru_RU
продуктов	dictionary	ru_RU
руководителем	dictionary	ru_RU
собственные	dictionary	ru_RU
собственный	dictionary	ru_RU
сохранилось	dictionary	ru_RU
союзников	dictionary	ru_RU
фотографии	dictionary	ru_RU
заместитель	dictionary	ru_RU
коллекции	dictionary	ru_RU
командовал	dictionary	ru_RU
настоящий	dictionary	ru_RU
организацией	dictionary	ru_RU
оставалась	dictionary	ru_RU
отношениях	dictionary	ru_RU
памятников	dictionary	ru_RU
появления	dictionary	ru_RU
принимают	dictionary	ru_RU
происходило	dictionary	ru_RU
проходили	dictionary	ru_RU
публикаций	dictionary	ru_RU
разработан	dictionary	ru_RU
расстоянии	dictionary	ru_RU
реконструкции	dictionary	ru_RU
создавать	dictionary	ru_RU
эксплуатации	dictionary	ru_RU
ассоциации	dictionary	ru_RU
вооружение	dictionary	ru_RU
действовать	dictionary	ru_RU
достигает	dictionary	ru_RU
заключается	dictionary	ru_RU
значительные	dictionary	ru_RU
испытания	dictionary	ru_RU
начальник	dictionary	ru_RU
описывает	dictionary	ru_RU
первенстве	dictionary	ru_RU
поверхность	dictionary	ru_RU
применение	dictionary	ru_RU
собственных	dictionary	ru_RU
социального	dictionary	ru_RU
артиллерии	dictionary	ru_RU
действиях	dictionary	ru_RU
музыкального	dictionary	ru_RU
находилось	dictionary	ru_RU
предложения	dictionary	ru_RU
продолжали	dictionary	ru_RU
содержание	dictionary	ru_RU
специального	dictionary	ru_RU
специальные	dictionary	ru_RU
установлено	dictionary	ru_RU
экономической	dictionary	ru_RU
автоматически	dictionary	ru_RU
дивизиона	dictionary	ru_RU
дополнительных	dictionary	ru_RU
занимались	dictionary	ru_RU
интересов	dictionary	ru_RU
исполнения	dictionary	ru_RU
испытаний	dictionary	ru_RU
множества	dictionary	ru_RU
отправляются	dictionary	ru_RU
правительством	dictionary	ru_RU
профессором	dictionary	ru_RU
проходила	dictionary	ru_RU
распространения	dictionary	ru_RU
утверждает	dictionary	ru_RU
вернувшись	dictionary	ru_RU
московского	dictionary	ru_RU
английского	dictionary	ru_RU
захватить	dictionary	ru_RU
известного	dictionary	ru_RU
обвинения	dictionary	ru_RU
окружающей	dictionary	ru_RU
особенностью	dictionary	ru_RU
первенства	dictionary	ru_RU
политические	dictionary	ru_RU
популярных	dictionary	ru_RU
преподавателем	dictionary	ru_RU
проведена	dictionary	ru_RU
производится	dictionary	ru_RU
участники	dictionary	ru_RU
международной	dictionary	ru_RU
американской	dictionary	ru_RU
вернулись	dictionary	ru_RU
возвращении	dictionary	ru_RU
восстановления	dictionary	ru_RU
единственной	dictionary	ru_RU
использовании	dictionary	ru_RU
коллектив	dictionary	ru_RU
музыкальной	dictionary	ru_RU
муниципального	dictionary	ru_RU
напоминает	dictionary	ru_RU
необходимость	dictionary	ru_RU
обработки	dictionary	ru_RU
оккупации	dictionary	ru_RU
официальных	dictionary	ru_RU
поведения	dictionary	ru_RU
появилось	dictionary	ru_RU
превышает	dictionary	ru_RU
председатель	dictionary	ru_RU
развитием	dictionary	ru_RU
российского	dictionary	ru_RU
советское	dictionary	ru_RU
телевидении	dictionary	ru_RU
вынуждена	dictionary	ru_RU
значительную	dictionary	ru_RU
изображением	dictionary	ru_RU
мероприятия	dictionary	ru_RU
небольшим	dictionary	ru_RU
областного	dictionary	ru_RU
опасности	dictionary	ru_RU
оставаться	dictionary	ru_RU
побережье	dictionary	ru_RU
посредством	dictionary	ru_RU
предыдущих	dictionary	ru_RU
приблизительно	dictionary	ru_RU
прохождения	dictionary	ru_RU
современные	dictionary	ru_RU
управлением	dictionary	ru_RU
фестивале	dictionary	ru_RU
французский	dictionary	ru_RU
чемпионатах	dictionary	ru_RU
чрезвычайно	dictionary	ru_RU
восстановить	dictionary	ru_RU
выступали	dictionary	ru_RU
двигателей	dictionary	ru_RU
дополнительные	dictionary	ru_RU
заканчивается	dictionary	ru_RU
заместителя	dictionary	ru_RU
занималась	dictionary	ru_RU
лаборатории	dictionary	ru_RU
монографий	dictionary	ru_RU
недостаточно	dictionary	ru_RU
обеспечение	dictionary	ru_RU
параллельно	dictionary	ru_RU
предприятие	dictionary	ru_RU
пространство	dictionary	ru_RU
публикации	dictionary	ru_RU
расследование	dictionary	ru_RU
скоростью	dictionary	ru_RU
собственности	dictionary	ru_RU
сопротивления	dictionary	ru_RU
телевидения	dictionary	ru_RU
факультета	dictionary	ru_RU
французских	dictionary	ru_RU
церемонии	dictionary	ru_RU
эффективность	dictionary	ru_RU
президиума	dictionary	ru_RU
американского	dictionary	ru_RU
английской	dictionary	ru_RU
вариантов	dictionary	ru_RU
выпустила	dictionary	ru_RU
государство	dictionary	ru_RU
значительное	dictionary	ru_RU
известные	dictionary	ru_RU
источника	dictionary	ru_RU
кандидата	dictionary	ru_RU
медицинской	dictionary	ru_RU
наблюдения	dictionary	ru_RU
нападения	dictionary	ru_RU
небольшая	dictionary	ru_RU
некоторым	dictionary	ru_RU
обнаружено	dictionary	ru_RU
организовал	dictionary	ru_RU
подготовка	dictionary	ru_RU
построить	dictionary	ru_RU
представление	dictionary	ru_RU
проведение	dictionary	ru_RU
пространства	dictionary	ru_RU
разрешение	dictionary	ru_RU
расширение	dictionary	ru_RU
следующих	dictionary	ru_RU
собирается	dictionary	ru_RU
собственное	dictionary	ru_RU
согласился	dictionary	ru_RU
соединений	dictionary	ru_RU
составили	dictionary	ru_RU
сотрудничества	dictionary	ru_RU
сохранилась	dictionary	ru_RU
сохранился	dictionary	ru_RU
фортепиано	dictionary	ru_RU
численности	dictionary	ru_RU
абсолютно	dictionary	ru_RU
закончился	dictionary	ru_RU
исполнение	dictionary	ru_RU
исторической	dictionary	ru_RU
количестве	dictionary	ru_RU
мастерской	dictionary	ru_RU
международном	dictionary	ru_RU
наказания	dictionary	ru_RU
настоящего	dictionary	ru_RU
областной	dictionary	ru_RU
переехала	dictionary	ru_RU
поддерживает	dictionary	ru_RU
продолжить	dictionary	ru_RU
пространстве	dictionary	ru_RU
руководителя	dictionary	ru_RU
спортсменов	dictionary	ru_RU
структура	dictionary	ru_RU
творчество	dictionary	ru_RU
увеличивается	dictionary	ru_RU
участником	dictionary	ru_RU
фестиваль	dictionary	ru_RU
экземпляров	dictionary	ru_RU
международный	dictionary	ru_RU
олимпиады	dictionary	ru_RU
впечатление	dictionary	ru_RU
дополнение	dictionary	ru_RU
исследователей	dictionary	ru_RU
количеству	dictionary	ru_RU
конфликта	dictionary	ru_RU
королевской	dictionary	ru_RU
культурного	dictionary	ru_RU
выбран	dictionary	ru_RU
выглядели	dictionary	ru_RU
вызова	dictionary	ru_RU
выражает	dictionary	ru_RU
выстрелы	dictionary	ru_RU
галерея	dictionary	ru_RU
гамма	dictionary	ru_RU
германского	dictionary	ru_RU
глубокую	dictionary	ru_RU
глупые	dictionary	ru_RU
гордостью	dictionary	ru_RU
городским	dictionary	ru_RU
горячего	dictionary	ru_RU
горячее	dictionary	ru_RU
гостиница	dictionary	ru_RU
грозного	dictionary	ru_RU
дается	dictionary	ru_RU
дебют	dictionary	ru_RU
делить	dictionary	ru_RU
денежной	dictionary	ru_RU
деревянных	dictionary	ru_RU
десятилетие	dictionary	ru_RU
джеффри	pending	ru_RU
дикие	dictionary	ru_RU
длинной	dictionary	ru_RU
длинными	dictionary	ru_RU
добилась	dictionary	ru_RU
донской	dictionary	ru_RU
допроса	dictionary	ru_RU
допустил	dictionary	ru_RU
достали	dictionary	ru_RU
достигают	dictionary	ru_RU
достигнуть	dictionary	ru_RU
драку	dictionary	ru_RU
духовный	dictionary	ru_RU
дышит	dictionary	ru_RU
еврейской	dictionary	ru_RU
ела	dictionary	ru_RU
жалуются	dictionary	ru_RU
желаний	dictionary	ru_RU
жизненный	dictionary	ru_RU
заднего	dictionary	ru_RU
занимала	dictionary	ru_RU
захарченко	pending	ru_RU
захочешь	dictionary	ru_RU
заявив	dictionary	ru_RU
заявлений	dictionary	ru_RU
змеи	dictionary	ru_RU
знаменитые	dictionary	ru_RU
извлечь	dictionary	ru_RU
издержки	dictionary	ru_RU
изменением	dictionary	ru_RU
имелись	dictionary	ru_RU
инвесторов	dictionary	ru_RU
иностранными	dictionary	ru_RU
интернету	dictionary	ru_RU
исп	dictionary	ru_RU
исполняет	dictionary	ru_RU
использовано	dictionary	ru_RU
капитального	dictionary	ru_RU
китайском	dictionary	ru_RU
классом	dictionary	ru_RU
клиентам	dictionary	ru_RU
книжка	dictionary	ru_RU
кнопки	dictionary	ru_RU
кожей	dictionary	ru_RU
командном	dictionary	ru_RU
компаниями	dictionary	ru_RU
контент	dictionary	ru_RU
концентрация	dictionary	ru_RU
кончилось	dictionary	ru_RU
корова	dictionary	ru_RU
краевой	dictionary	ru_RU
кредитной	dictionary	ru_RU
крысы	dictionary	ru_RU
культурой	dictionary	ru_RU
кусочки	dictionary	ru_RU
лекарственных	dictionary	ru_RU
лунный	dictionary	ru_RU
мальчиком	dictionary	ru_RU
мелодия	dictionary	ru_RU
мертвые	dictionary	ru_RU
мистера	dictionary	ru_RU
мифы	dictionary	ru_RU
младше	dictionary	ru_RU
могила	dictionary	ru_RU
молодому	dictionary	ru_RU
молчания	dictionary	ru_RU
молчит	dictionary	ru_RU
мужские	dictionary	ru_RU
мусульмане	dictionary	ru_RU
мышление	dictionary	ru_RU
надежд	dictionary	ru_RU
надеясь	dictionary	ru_RU
наличием	dictionary	ru_RU
намерение	dictionary	ru_RU
направился	dictionary	ru_RU
настаивал	dictionary	ru_RU
насчитывается	dictionary	ru_RU
натрия	dictionary	ru_RU
нахожу	dictionary	ru_RU
нахожусь	dictionary	ru_RU
начнутся	dictionary	ru_RU
небеса	dictionary	ru_RU
негде	dictionary	ru_RU
недостатка	dictionary	ru_RU
неизвестных	dictionary	ru_RU
необходимого	dictionary	ru_RU
необычный	dictionary	ru_RU
неудачу	dictionary	ru_RU
нижних	dictionary	ru_RU
новичков	dictionary	ru_RU
обиды	dictionary	ru_RU
обоснование	dictionary	ru_RU
обошлось	dictionary	ru_RU
объективно	dictionary	ru_RU
объяснений	dictionary	ru_RU
оказание	dictionary	ru_RU
опроверг	dictionary	ru_RU
опубликовали	dictionary	ru_RU
особенный	dictionary	ru_RU
оставит	dictionary	ru_RU
открытую	dictionary	ru_RU
отличной	dictionary	ru_RU
ото	dictionary	ru_RU
отпустил	dictionary	ru_RU
отрывок	dictionary	ru_RU
оттого	dictionary	ru_RU
отыскать	dictionary	ru_RU
ошибочно	dictionary	ru_RU
пабло	pending	ru_RU
педагогических	dictionary	ru_RU
пензенской	dictionary	ru_RU
передовой	dictionary	ru_RU
переезд	dictionary	ru_RU
писателем	dictionary	ru_RU
пища	dictionary	ru_RU
плавание	dictionary	ru_RU
побыть	dictionary	ru_RU
подарили	dictionary	ru_RU
подключения	dictionary	ru_RU
подозревают	dictionary	ru_RU
получаю	dictionary	ru_RU
популярная	dictionary	ru_RU
правильной	dictionary	ru_RU
правильном	dictionary	ru_RU
православная	dictionary	ru_RU
предлагали	dictionary	ru_RU
предложению	dictionary	ru_RU
предназначены	dictionary	ru_RU
предположил	dictionary	ru_RU
представь	dictionary	ru_RU
преподавателя	dictionary	ru_RU
престола	dictionary	ru_RU
пригороде	dictionary	ru_RU
признано	dictionary	ru_RU
признают	dictionary	ru_RU
приложении	dictionary	ru_RU
принадлежащих	dictionary	ru_RU
природой	dictionary	ru_RU
причинами	dictionary	ru_RU
проводился	dictionary	ru_RU
продан	dictionary	ru_RU
пропавших	dictionary	ru_RU
просмотр	dictionary	ru_RU
протоколы	dictionary	ru_RU
проходило	dictionary	ru_RU
проценты	dictionary	ru_RU
проявлять	dictionary	ru_RU
психологической	dictionary	ru_RU
пятью	dictionary	ru_RU
работало	dictionary	ru_RU
рабство	dictionary	ru_RU
рабы	dictionary	ru_RU
радиус	dictionary	ru_RU
разбили	dictionary	ru_RU
развлечения	dictionary	ru_RU
размышления	dictionary	ru_RU
реальную	dictionary	ru_RU
республиканской	dictionary	ru_RU
рецензия	dictionary	ru_RU
речью	dictionary	ru_RU
решился	dictionary	ru_RU
рисунков	dictionary	ru_RU
рогозин	pending	ru_RU
рождается	dictionary	ru_RU
садится	dictionary	ru_RU
салют	dictionary	ru_RU
сборнике	dictionary	ru_RU
сбросить	dictionary	ru_RU
светлый	dictionary	ru_RU
свету	dictionary	ru_RU
связям	dictionary	ru_RU
сгорел	dictionary	ru_RU
сдержать	dictionary	ru_RU
сегодняшней	dictionary	ru_RU
семейная	dictionary	ru_RU
серебряные	dictionary	ru_RU
сибирский	dictionary	ru_RU
сильнейших	dictionary	ru_RU
складе	dictionary	ru_RU
скрыться	dictionary	ru_RU
скульптуры	dictionary	ru_RU
славян	dictionary	ru_RU
следующему	dictionary	ru_RU
сложить	dictionary	ru_RU
смартфона	dictionary	ru_RU
снаряд	dictionary	ru_RU
собакой	dictionary	ru_RU
сознательно	dictionary	ru_RU
сократилось	dictionary	ru_RU
сорвать	dictionary	ru_RU
спасет	dictionary	ru_RU
ссылаясь	dictionary	ru_RU
столик	dictionary	ru_RU
столкновений	dictionary	ru_RU
существенное	dictionary	ru_RU
сэкономить	dictionary	ru_RU
тайные	dictionary	ru_RU
текущей	dictionary	ru_RU
террорист	dictionary	ru_RU
тигр	dictionary	ru_RU
тор	dictionary	ru_RU
точность	dictionary	ru_RU
труба	dictionary	ru_RU
трудные	dictionary	ru_RU
уволить	dictionary	ru_RU
уголовно	dictionary	ru_RU
уголовной	dictionary	ru_RU
уилсон	pending	ru_RU
уйдут	dictionary	ru_RU
указать	dictionary	ru_RU
укреплению	dictionary	ru_RU
упражнений	dictionary	ru_RU
усадьбы	dictionary	ru_RU
успешный	dictionary	ru_RU
утверждению	dictionary	ru_RU
уходе	dictionary	ru_RU
учебника	dictionary	ru_RU
фанат	dictionary	ru_RU
федеральная	dictionary	ru_RU
фернандо	pending	ru_RU
физическая	dictionary	ru_RU
физическое	dictionary	ru_RU
финансовая	dictionary	ru_RU
фокус	dictionary	ru_RU
формулу	dictionary	ru_RU
фракция	dictionary	ru_RU
французским	dictionary	ru_RU
фрэнка	pending	ru_RU
фрэнсис	pending	ru_RU
хирургии	dictionary	ru_RU
ходишь	dictionary	ru_RU
цифр	dictionary	ru_RU
частную	dictionary	ru_RU
часу	dictionary	ru_RU
читателя	dictionary	ru_RU
чувствуете	dictionary	ru_RU
шасси	dictionary	ru_RU
шутить	dictionary	ru_RU
экземпляр	dictionary	ru_RU
экскурсию	dictionary	ru_RU
энергетических	dictionary	ru_RU
як	dictionary	ru_RU
авт	dictionary	ru_RU
автомата	dictionary	ru_RU
авторских	dictionary	ru_RU
административное	dictionary	ru_RU
англичан	dictionary	ru_RU
андерсон	pending	ru_RU
антонов	dictionary	ru_RU
аппарате	dictionary	ru_RU
аппетит	dictionary	ru_RU
арсенала	dictionary	ru_RU
архиве	dictionary	ru_RU
аукцион	dictionary	ru_RU
бактерий	dictionary	ru_RU
банковских	dictionary	ru_RU
безумие	dictionary	ru_RU
беременность	dictionary	ru_RU
библиография	dictionary	ru_RU
бирже	dictionary	ru_RU
боевое	dictionary	ru_RU
бойтесь	dictionary	ru_RU
борьбой	dictionary	ru_RU
бунт	dictionary	ru_RU
бытового	dictionary	ru_RU
вводится	dictionary	ru_RU
ведьма	dictionary	ru_RU
видна	dictionary	ru_RU
визитом	dictionary	ru_RU
виктории	dictionary	ru_RU
влево	dictionary	ru_RU
влюблена	dictionary	ru_RU
внесения	dictionary	ru_RU
вошло	dictionary	ru_RU
вправду	dictionary	ru_RU
вправо	dictionary	ru_RU
всея	dictionary	ru_RU
вуз	dictionary	ru_RU
вхождения	dictionary	ru_RU
выделяет	dictionary	ru_RU
вызывали	dictionary	ru_RU
вылета	dictionary	ru_RU
вылечить	dictionary	ru_RU
выносить	dictionary	ru_RU
выявлены	dictionary	ru_RU
галерее	dictionary	ru_RU
галереи	dictionary	ru_RU
гоголь	dictionary	ru_RU
горные	dictionary	ru_RU
готовили	dictionary	ru_RU
гражданским	dictionary	ru_RU
грамоты	dictionary	ru_RU
грань	dictionary	ru_RU
грязные	dictionary	ru_RU
двенадцати	dictionary	ru_RU
девушками	dictionary	ru_RU
дисков	dictionary	ru_RU
дневной	dictionary	ru_RU
доставка	dictionary	ru_RU
древняя	dictionary	ru_RU
епископ	dictionary	ru_RU
завершается	dictionary	ru_RU
замечание	dictionary	ru_RU
запасных	dictionary	ru_RU
записано	dictionary	ru_RU
записывать	dictionary	ru_RU
зарубежной	dictionary	ru_RU
звоните	dictionary	ru_RU
здоровью	dictionary	ru_RU
здравоохранение	dictionary	ru_RU
значении	dictionary	ru_RU
значимых	dictionary	ru_RU
игровые	dictionary	ru_RU
игрушек	dictionary	ru_RU
избил	dictionary	ru_RU
изменять	dictionary	ru_RU
изобретение	dictionary	ru_RU
изобретения	dictionary	ru_RU
изучает	dictionary	ru_RU
имеющиеся	dictionary	ru_RU
иммунитет	dictionary	ru_RU
инструкция	dictionary	ru_RU
инструментом	dictionary	ru_RU
интересуют	dictionary	ru_RU
инфляции	dictionary	ru_RU
информационная	dictionary	ru_RU
ислама	dictionary	ru_RU
испытать	dictionary	ru_RU
ищи	dictionary	ru_RU
камнем	dictionary	ru_RU
каналу	dictionary	ru_RU
кира	pending	ru_RU
кисти	dictionary	ru_RU
компетенции	dictionary	ru_RU
контр	dictionary	ru_RU
красивым	dictionary	ru_RU
красотой	dictionary	ru_RU
кристи	pending	ru_RU
критикой	dictionary	ru_RU
лайнер	dictionary	ru_RU
лбу	dictionary	ru_RU
ленинский	dictionary	ru_RU
листов	dictionary	ru_RU
логике	dictionary	ru_RU
любимую	dictionary	ru_RU
макарова	pending	ru_RU
малым	dictionary	ru_RU
мальчишки	dictionary	ru_RU
мелкими	dictionary	ru_RU
мес	dictionary	ru_RU
младших	dictionary	ru_RU
модификации	dictionary	ru_RU
модуль	dictionary	ru_RU
молитва	dictionary	ru_RU
моментально	dictionary	ru_RU
мостов	dictionary	ru_RU
мурманской	dictionary	ru_RU
мысленно	dictionary	ru_RU
мэтт	pending	ru_RU
налогового	dictionary	ru_RU
написан	dictionary	ru_RU
наплевать	dictionary	ru_RU
научилась	dictionary	ru_RU
националистов	dictionary	ru_RU
невозможным	dictionary	ru_RU
немногие	dictionary	ru_RU
новинки	dictionary	ru_RU
областью	dictionary	ru_RU
обороты	dictionary	ru_RU
объявляет	dictionary	ru_RU
оливер	pending	ru_RU
оплате	dictionary	ru_RU
опроса	dictionary	ru_RU
организованы	dictionary	ru_RU
оригинал	dictionary	ru_RU
остановилась	dictionary	ru_RU
остановите	dictionary	ru_RU
острой	dictionary	ru_RU
отдает	dictionary	ru_RU
откажется	dictionary	ru_RU
отказал	dictionary	ru_RU
отличался	dictionary	ru_RU
отличным	dictionary	ru_RU
отмечен	dictionary	ru_RU
пела	dictionary	ru_RU
плавания	dictionary	ru_RU
платформу	dictionary	ru_RU
повреждение	dictionary	ru_RU
подбор	dictionary	ru_RU
подозрение	dictionary	ru_RU
поездок	dictionary	ru_RU
позициях	dictionary	ru_RU
покажите	dictionary	ru_RU
показа	dictionary	ru_RU
показателям	dictionary	ru_RU
политически	dictionary	ru_RU
послали	dictionary	ru_RU
последующим	dictionary	ru_RU
поставку	dictionary	ru_RU
появлению	dictionary	ru_RU
превышать	dictionary	ru_RU
предварительный	dictionary	ru_RU
предназначен	dictionary	ru_RU
представлений	dictionary	ru_RU
прежний	dictionary	ru_RU
прекрасную	dictionary	ru_RU
прекрасных	dictionary	ru_RU
престарелых	dictionary	ru_RU
придерживаться	dictionary	ru_RU
приезжают	dictionary	ru_RU
продолжением	dictionary	ru_RU
проехать	dictionary	ru_RU
прохождение	dictionary	ru_RU
процессу	dictionary	ru_RU
публичной	dictionary	ru_RU
пытаемся	dictionary	ru_RU
пятидесяти	dictionary	ru_RU
равной	dictionary	ru_RU
разнообразных	dictionary	ru_RU
рая	dictionary	ru_RU
резерва	dictionary	ru_RU
репетиции	dictionary	ru_RU
рига	dictionary	ru_RU
ролях	dictionary	ru_RU
рукам	dictionary	ru_RU
сбыта	dictionary	ru_RU
сволочь	dictionary	ru_RU
секретные	dictionary	ru_RU
семьдесят	dictionary	ru_RU
сестер	dictionary	ru_RU
сидим	dictionary	ru_RU
сложившейся	dictionary	ru_RU
сложную	dictionary	ru_RU
случилась	dictionary	ru_RU
слушаешь	dictionary	ru_RU
смелость	dictionary	ru_RU
смене	dictionary	ru_RU
сойти	dictionary	ru_RU
соседка	dictionary	ru_RU
сотрудникам	dictionary	ru_RU
сохранили	dictionary	ru_RU
социалистическая	dictionary	ru_RU
спецслужб	dictionary	ru_RU
списку	dictionary	ru_RU
способствовало	dictionary	ru_RU
ставок	dictionary	ru_RU
стадию	dictionary	ru_RU
стакана	dictionary	ru_RU
стихотворений	dictionary	ru_RU
стой	dictionary	ru_RU
столкновении	dictionary	ru_RU
стоянки	dictionary	ru_RU
страдал	dictionary	ru_RU
страховой	dictionary	ru_RU
стрельбу	dictionary	ru_RU
строительный	dictionary	ru_RU
строчку	dictionary	ru_RU
стук	dictionary	ru_RU
тактика	dictionary	ru_RU
творчеству	dictionary	ru_RU
теоретической	dictionary	ru_RU
теракт	dictionary	ru_RU
транспортная	dictionary	ru_RU
турецкие	dictionary	ru_RU
увольнения	dictionary	ru_RU
угольной	dictionary	ru_RU
удовлетворение	dictionary	ru_RU
уменьшается	dictionary	ru_RU
ураган	dictionary	ru_RU
устава	dictionary	ru_RU
устранения	dictionary	ru_RU
уч	dictionary	ru_RU
фашизма	dictionary	ru_RU
федеральное	dictionary	ru_RU
финальной	dictionary	ru_RU
фондом	dictionary	ru_RU
футов	dictionary	ru_RU
химический	dictionary	ru_RU
храмов	dictionary	ru_RU
христианской	dictionary	ru_RU
ценным	dictionary	ru_RU
центральное	dictionary	ru_RU
чайка	dictionary	ru_RU
чистых	dictionary	ru_RU
чужим	dictionary	ru_RU
шерсти	dictionary	ru_RU
шкафу	dictionary	ru_RU
школьные	dictionary	ru_RU
эксплуатация	dictionary	ru_RU
элементом	dictionary	ru_RU
эффективный	dictionary	ru_RU
эффектов	dictionary	ru_RU
юнеско	pending	ru_RU
юриста	dictionary	ru_RU
ягоды	dictionary	ru_RU
ярость	dictionary	ru_RU
автомобильного	dictionary	ru_RU
американскими	dictionary	ru_RU
английски	dictionary	ru_RU
аплодисменты	dictionary	ru_RU
благополучия	dictionary	ru_RU
боевая	dictionary	ru_RU
боевую	dictionary	ru_RU
борта	dictionary	ru_RU
важными	dictionary	ru_RU
ванну	dictionary	ru_RU
верните	dictionary	ru_RU
верхних	dictionary	ru_RU
винтовки	dictionary	ru_RU
возрастной	dictionary	ru_RU
воронежского	dictionary	ru_RU
встречали	dictionary	ru_RU
встречах	dictionary	ru_RU
вступать	dictionary	ru_RU
выбору	dictionary	ru_RU
выполнению	dictionary	ru_RU
выявления	dictionary	ru_RU
выявлено	dictionary	ru_RU
ген	dictionary	ru_RU
географических	dictionary	ru_RU
глубокие	dictionary	ru_RU
глубокое	dictionary	ru_RU
глупый	dictionary	ru_RU
горят	dictionary	ru_RU
государственному	dictionary	ru_RU
группировок	dictionary	ru_RU
группового	dictionary	ru_RU
давыдов	pending	ru_RU
двойного	dictionary	ru_RU
действии	dictionary	ru_RU
демократы	dictionary	ru_RU
джейми	pending	ru_RU
добавляет	dictionary	ru_RU
добрались	dictionary	ru_RU
дойдет	dictionary	ru_RU
евровидение	dictionary	ru_RU
ездит	dictionary	ru_RU
жажда	dictionary	ru_RU
жертвам	dictionary	ru_RU
живота	dictionary	ru_RU
заболела	dictionary	ru_RU
задал	dictionary	ru_RU
задницу	dictionary	ru_RU
задумался	dictionary	ru_RU
запросто	dictionary	ru_RU
запущен	dictionary	ru_RU
заработок	dictionary	ru_RU
зарегистрирован	dictionary	ru_RU
захотели	dictionary	ru_RU
заявок	dictionary	ru_RU
злые	dictionary	ru_RU
значительного	dictionary	ru_RU
идеальной	dictionary	ru_RU
избрания	dictionary	ru_RU
изменению	dictionary	ru_RU
имуществом	dictionary	ru_RU
индексы	dictionary	ru_RU
исполнители	dictionary	ru_RU
испытывал	dictionary	ru_RU
истинного	dictionary	ru_RU
кабардино	dictionary	ru_RU
калининградской	dictionary	ru_RU
китайцев	dictionary	ru_RU
клетку	dictionary	ru_RU
клинической	dictionary	ru_RU
коммунист	dictionary	ru_RU
компьютерные	dictionary	ru_RU
компьютерных	dictionary	ru_RU
конкурентов	dictionary	ru_RU
конструктор	dictionary	ru_RU
королевского	dictionary	ru_RU
кристаллы	dictionary	ru_RU
кричали	dictionary	ru_RU
крупнейшей	dictionary	ru_RU
крыльями	dictionary	ru_RU
кубе	dictionary	ru_RU
культ	dictionary	ru_RU
курт	pending	ru_RU
лада	dictionary	ru_RU
легла	dictionary	ru_RU
лету	dictionary	ru_RU
летят	dictionary	ru_RU
литературная	dictionary	ru_RU
манере	dictionary	ru_RU
машинами	dictionary	ru_RU
медалями	dictionary	ru_RU
медленнее	dictionary	ru_RU
местному	dictionary	ru_RU
местонахождение	dictionary	ru_RU
металлические	dictionary	ru_RU
микрофон	dictionary	ru_RU
миллиарды	dictionary	ru_RU
милой	dictionary	ru_RU
мобильной	dictionary	ru_RU
молодыми	dictionary	ru_RU
мужиков	dictionary	ru_RU
муз	dictionary	ru_RU
наблюдателей	dictionary	ru_RU
настрой	dictionary	ru_RU
насчет	dictionary	ru_RU
начальнику	dictionary	ru_RU
начальство	dictionary	ru_RU
начато	dictionary	ru_RU
недоволен	dictionary	ru_RU
некотором	dictionary	ru_RU
ноты	dictionary	ru_RU
ночей	dictionary	ru_RU
обозреватель	dictionary	ru_RU
обслуживанию	dictionary	ru_RU
объяснила	dictionary	ru_RU
ограничен	dictionary	ru_RU
одинокий	dictionary	ru_RU
окончательного	dictionary	ru_RU
опираясь	dictionary	ru_RU
опыту	dictionary	ru_RU
орбиты	dictionary	ru_RU
организует	dictionary	ru_RU
осадки	dictionary	ru_RU
освоение	dictionary	ru_RU
особенное	dictionary	ru_RU
осужден	dictionary	ru_RU
отверстие	dictionary	ru_RU
отдельными	dictionary	ru_RU
открылись	dictionary	ru_RU
отобрать	dictionary	ru_RU
отойти	dictionary	ru_RU
отпускать	dictionary	ru_RU
отступить	dictionary	ru_RU
охотников	dictionary	ru_RU
патриарха	dictionary	ru_RU
пациенты	dictionary	ru_RU
переводить	dictionary	ru_RU
переводом	dictionary	ru_RU
передано	dictionary	ru_RU
переживаю	dictionary	ru_RU
перенесли	dictionary	ru_RU
перестройки	dictionary	ru_RU
переходом	dictionary	ru_RU
перспективных	dictionary	ru_RU
печатных	dictionary	ru_RU
плакаты	dictionary	ru_RU
повторил	dictionary	ru_RU
погибшие	dictionary	ru_RU
поделился	dictionary	ru_RU
поднялись	dictionary	ru_RU
подушки	dictionary	ru_RU
поистине	dictionary	ru_RU
покажется	dictionary	ru_RU
поклонники	dictionary	ru_RU
полезной	dictionary	ru_RU
полем	dictionary	ru_RU
полости	dictionary	ru_RU
помещениях	dictionary	ru_RU
портфель	dictionary	ru_RU
послушайте	dictionary	ru_RU
потере	dictionary	ru_RU
потоков	dictionary	ru_RU
потребовала	dictionary	ru_RU
почтовый	dictionary	ru_RU
появлялся	dictionary	ru_RU
предварительной	dictionary	ru_RU
предоставлении	dictionary	ru_RU
прежнее	dictionary	ru_RU
привлечение	dictionary	ru_RU
призналась	dictionary	ru_RU
приказом	dictionary	ru_RU
принимаем	dictionary	ru_RU
приятель	dictionary	ru_RU
проголосовали	dictionary	ru_RU
пропаганде	dictionary	ru_RU
прототип	dictionary	ru_RU
профессию	dictionary	ru_RU
пс	dictionary	ru_RU
раде	pending	ru_RU
развивает	dictionary	ru_RU
раком	dictionary	ru_RU
ралли	dictionary	ru_RU
рассвета	dictionary	ru_RU
расстреляли	dictionary	ru_RU
рассчитывал	dictionary	ru_RU
рей	dictionary	ru_RU
рекламных	dictionary	ru_RU
рельсы	dictionary	ru_RU
роналду	pending	ru_RU
роскомнадзор	pending	ru_RU
россиянин	dictionary	ru_RU
рубашку	dictionary	ru_RU
руля	dictionary	ru_RU
свалить	dictionary	ru_RU
секретов	dictionary	ru_RU
сексуальные	dictionary	ru_RU
семейное	dictionary	ru_RU
сиди	dictionary	ru_RU
сказку	dictionary	ru_RU
скрылся	dictionary	ru_RU
слушала	dictionary	ru_RU
слушателей	dictionary	ru_RU
созданной	dictionary	ru_RU
спасла	dictionary	ru_RU
спереди	dictionary	ru_RU
спецслужбы	dictionary	ru_RU
сражались	dictionary	ru_RU
становилась	dictionary	ru_RU
станциях	dictionary	ru_RU
стартовала	dictionary	ru_RU
стихах	dictionary	ru_RU
столб	dictionary	ru_RU
стражей	dictionary	ru_RU
стреляют	dictionary	ru_RU
существенные	dictionary	ru_RU
сформировать	dictionary	ru_RU
сыром	dictionary	ru_RU
творить	dictionary	ru_RU
творчеством	dictionary	ru_RU
театральный	dictionary	ru_RU
темноты	dictionary	ru_RU
терпения	dictionary	ru_RU
течению	dictionary	ru_RU
толщиной	dictionary	ru_RU
томской	dictionary	ru_RU
топор	dictionary	ru_RU
торговая	dictionary	ru_RU
торжественное	dictionary	ru_RU
требуются	dictionary	ru_RU
тринадцать	dictionary	ru_RU
трубу	dictionary	ru_RU
трудное	dictionary	ru_RU
турецких	dictionary	ru_RU
уайт	dictionary	ru_RU
убежать	dictionary	ru_RU
удивился	dictionary	ru_RU
узла	dictionary	ru_RU
указанные	dictionary	ru_RU
улыбнулся	dictionary	ru_RU
успеху	dictionary	ru_RU
фаза	dictionary	ru_RU
факел	dictionary	ru_RU
феномен	dictionary	ru_RU
философских	dictionary	ru_RU
фракций	dictionary	ru_RU
хилл	pending	ru_RU
хоккея	dictionary	ru_RU
холодное	dictionary	ru_RU
цветных	dictionary	ru_RU
церемонию	dictionary	ru_RU
церковной	dictionary	ru_RU
цитаты	dictionary	ru_RU
частном	dictionary	ru_RU
частям	dictionary	ru_RU
шекспира	pending	ru_RU
шерсть	dictionary	ru_RU
экзаменов	dictionary	ru_RU
электрические	dictionary	ru_RU
эффективным	dictionary	ru_RU
юбилейный	dictionary	ru_RU
южную	dictionary	ru_RU
ярости	dictionary	ru_RU
ярче	dictionary	ru_RU
аваков	pending	ru_RU
автоматического	dictionary	ru_RU
администрацией	dictionary	ru_RU
арестовать	dictionary	ru_RU
бело	dictionary	ru_RU
белорусских	dictionary	ru_RU
болото	dictionary	ru_RU
борец	dictionary	ru_RU
велосипеде	dictionary	ru_RU
виделись	dictionary	ru_RU
виден	dictionary	ru_RU
влюблен	dictionary	ru_RU
внутреннюю	dictionary	ru_RU
возрастает	dictionary	ru_RU
возросла	dictionary	ru_RU
вологодской	dictionary	ru_RU
впадины	dictionary	ru_RU
вплотную	dictionary	ru_RU
всякая	dictionary	ru_RU
выглядишь	dictionary	ru_RU
выдаче	dictionary	ru_RU
выдвинул	dictionary	ru_RU
выживание	dictionary	ru_RU
выполняется	dictionary	ru_RU
выпускной	dictionary	ru_RU
высказывание	dictionary	ru_RU
генералов	dictionary	ru_RU
глазу	dictionary	ru_RU
голые	dictionary	ru_RU
гостя	dictionary	ru_RU
грей	dictionary	ru_RU
греков	dictionary	ru_RU
грузовой	dictionary	ru_RU
грунта	dictionary	ru_RU
девчонка	dictionary	ru_RU
девятый	dictionary	ru_RU
десерт	dictionary	ru_RU
диких	dictionary	ru_RU
длиннее	dictionary	ru_RU
донести	dictionary	ru_RU
дорогое	dictionary	ru_RU
доску	dictionary	ru_RU
достижении	dictionary	ru_RU
доцент	dictionary	ru_RU
духовенства	dictionary	ru_RU
духу	dictionary	ru_RU
еврейского	dictionary	ru_RU
европейским	dictionary	ru_RU
едешь	dictionary	ru_RU
жару	dictionary	ru_RU
жительница	dictionary	ru_RU
загрязнения	dictionary	ru_RU
задержки	dictionary	ru_RU
заинтересованы	dictionary	ru_RU
законности	dictionary	ru_RU
замене	dictionary	ru_RU
заменили	dictionary	ru_RU
запаха	dictionary	ru_RU
зарабатывает	dictionary	ru_RU
заслужили	dictionary	ru_RU
заходил	dictionary	ru_RU
звуковой	dictionary	ru_RU
здравствует	dictionary	ru_RU
земельные	dictionary	ru_RU
зерно	dictionary	ru_RU
зимнее	dictionary	ru_RU
зимняя	dictionary	ru_RU
значимость	dictionary	ru_RU
идентификации	dictionary	ru_RU
изучении	dictionary	ru_RU
икона	dictionary	ru_RU
инстанции	dictionary	ru_RU
интерьер	dictionary	ru_RU
инцидента	dictionary	ru_RU
искусственно	dictionary	ru_RU
испугалась	dictionary	ru_RU
исследованиям	dictionary	ru_RU
истинная	dictionary	ru_RU
картошку	dictionary	ru_RU
качественный	dictionary	ru_RU
книжный	dictionary	ru_RU
композиция	dictionary	ru_RU
консерватории	dictionary	ru_RU
контроле	dictionary	ru_RU
контрольные	dictionary	ru_RU
королевой	dictionary	ru_RU
крем	dictionary	ru_RU
круглые	dictionary	ru_RU
кружок	dictionary	ru_RU
крыс	dictionary	ru_RU
куба	dictionary	ru_RU
кузова	dictionary	ru_RU
курица	dictionary	ru_RU
курсах	dictionary	ru_RU
лабиринт	dictionary	ru_RU
лапы	dictionary	ru_RU
логан	pending	ru_RU
логотип	dictionary	ru_RU
лодок	dictionary	ru_RU
льготы	dictionary	ru_RU
материалом	dictionary	ru_RU
материи	dictionary	ru_RU
медицинскую	dictionary	ru_RU
меж	dictionary	ru_RU
месторождение	dictionary	ru_RU
младенца	dictionary	ru_RU
мониторинга	dictionary	ru_RU
монстр	dictionary	ru_RU
морозова	pending	ru_RU
муниципальные	dictionary	ru_RU
мыслях	dictionary	ru_RU
наблюдением	dictionary	ru_RU
нарушать	dictionary	ru_RU
находившихся	dictionary	ru_RU
негативные	dictionary	ru_RU
недавнего	dictionary	ru_RU
независимые	dictionary	ru_RU
неизвестны	dictionary	ru_RU
необычно	dictionary	ru_RU
необычное	dictionary	ru_RU
неправда	dictionary	ru_RU
нехорошо	dictionary	ru_RU
ножки	dictionary	ru_RU
нормам	dictionary	ru_RU
общин	dictionary	ru_RU
определенное	dictionary	ru_RU
основателя	dictionary	ru_RU
отвести	dictionary	ru_RU
ответный	dictionary	ru_RU
отказе	dictionary	ru_RU
открытыми	dictionary	ru_RU
отнять	dictionary	ru_RU
отпечаток	dictionary	ru_RU
отъезда	dictionary	ru_RU
парада	dictionary	ru_RU
паром	dictionary	ru_RU
партийных	dictionary	ru_RU
пианино	dictionary	ru_RU
пирамиды	dictionary	ru_RU
пиратов	dictionary	ru_RU
пираты	dictionary	ru_RU
письмом	dictionary	ru_RU
повода	dictionary	ru_RU
повышением	dictionary	ru_RU
погоди	dictionary	ru_RU
подвале	dictionary	ru_RU
подвергся	dictionary	ru_RU
подписей	dictionary	ru_RU
подразумевает	dictionary	ru_RU
подробностей	dictionary	ru_RU
пожилой	dictionary	ru_RU
пожилых	dictionary	ru_RU
позднего	dictionary	ru_RU
поздней	dictionary	ru_RU
пойми	dictionary	ru_RU
полагается	dictionary	ru_RU
полеты	dictionary	ru_RU
политбюро	dictionary	ru_RU
полотно	dictionary	ru_RU
полуночи	dictionary	ru_RU
понравились	dictionary	ru_RU
поражает	dictionary	ru_RU
порты	dictionary	ru_RU
посвятить	dictionary	ru_RU
послезавтра	dictionary	ru_RU
посылать	dictionary	ru_RU
православие	dictionary	ru_RU
православный	dictionary	ru_RU
правых	dictionary	ru_RU
праздничный	dictionary	ru_RU
практическое	dictionary	ru_RU
предпочел	dictionary	ru_RU
предпочитаю	dictionary	ru_RU
предприятиям	dictionary	ru_RU
представленных	dictionary	ru_RU
прекратила	dictionary	ru_RU
преподавания	dictionary	ru_RU
претензий	dictionary	ru_RU
принадлежало	dictionary	ru_RU
приоритет	dictionary	ru_RU
присоединение	dictionary	ru_RU
программирования	dictionary	ru_RU
продолжай	dictionary	ru_RU
публичных	dictionary	ru_RU
пьесу	dictionary	ru_RU
разгар	dictionary	ru_RU
ранним	dictionary	ru_RU
раскол	dictionary	ru_RU
распоряжения	dictionary	ru_RU
расследовать	dictionary	ru_RU
революционного	dictionary	ru_RU
революционной	dictionary	ru_RU
реестра	dictionary	ru_RU
резолюцию	dictionary	ru_RU
рейса	dictionary	ru_RU
рейтинги	dictionary	ru_RU
реставрации	dictionary	ru_RU
ро	dictionary	ru_RU
роберто	pending	ru_RU
сбили	dictionary	ru_RU
сборе	dictionary	ru_RU
связанным	dictionary	ru_RU
силовых	dictionary	ru_RU
сильны	dictionary	ru_RU
синтеза	dictionary	ru_RU
склада	dictionary	ru_RU
следующими	dictionary	ru_RU
слушали	dictionary	ru_RU
слышите	dictionary	ru_RU
смеялись	dictionary	ru_RU
собирал	dictionary	ru_RU
современными	dictionary	ru_RU
совхоза	dictionary	ru_RU
солнечные	dictionary	ru_RU
спектаклей	dictionary	ru_RU
списков	dictionary	ru_RU
способностью	dictionary	ru_RU
способные	dictionary	ru_RU
спроси	dictionary	ru_RU
старте	dictionary	ru_RU
стенами	dictionary	ru_RU
стоишь	dictionary	ru_RU
столы	dictionary	ru_RU
супругов	dictionary	ru_RU
сценарию	dictionary	ru_RU
тайлер	pending	ru_RU
тарелки	dictionary	ru_RU
театрального	dictionary	ru_RU
театральной	dictionary	ru_RU
терминал	dictionary	ru_RU
тихом	dictionary	ru_RU
толстая	dictionary	ru_RU
толчок	dictionary	ru_RU
тупая	dictionary	ru_RU
увидимся	dictionary	ru_RU
удержаться	dictionary	ru_RU
удивительное	dictionary	ru_RU
удовлетворения	dictionary	ru_RU
удэ	dictionary	ru_RU
упало	dictionary	ru_RU
урока	dictionary	ru_RU
устойчивость	dictionary	ru_RU
утверждали	dictionary	ru_RU
фактора	dictionary	ru_RU
фантазия	dictionary	ru_RU
фишер	pending	ru_RU
формах	dictionary	ru_RU
фундамент	dictionary	ru_RU
холодильнике	dictionary	ru_RU
христианства	dictionary	ru_RU
центральную	dictionary	ru_RU
центральные	dictionary	ru_RU
церковью	dictionary	ru_RU
четырех	dictionary	ru_RU
читай	dictionary	ru_RU
экология	dictionary	ru_RU
электрической	dictionary	ru_RU
актив	dictionary	ru_RU
актер	dictionary	ru_RU
алкоголем	dictionary	ru_RU
алматы	pending	ru_RU
аналогичным	dictionary	ru_RU
аппетита	dictionary	ru_RU
аудитория	dictionary	ru_RU
бабки	dictionary	ru_RU
бандитов	dictionary	ru_RU
беде	dictionary	ru_RU
белья	dictionary	ru_RU
берем	dictionary	ru_RU
ближайшем	dictionary	ru_RU
бойца	dictionary	ru_RU
быстрые	dictionary	ru_RU
введением	dictionary	ru_RU
вдобавок	dictionary	ru_RU
веки	dictionary	ru_RU
верным	dictionary	ru_RU
взаимоотношений	dictionary	ru_RU
взорвался	dictionary	ru_RU
вкусом	dictionary	ru_RU
водорода	dictionary	ru_RU
восторг	dictionary	ru_RU
временная	dictionary	ru_RU
всеобщей	dictionary	ru_RU
вузах	dictionary	ru_RU
вулкана	dictionary	ru_RU
вывели	dictionary	ru_RU
вызовет	dictionary	ru_RU
высказался	dictionary	ru_RU
высшую	dictionary	ru_RU
генерации	dictionary	ru_RU
горки	dictionary	ru_RU
горя	dictionary	ru_RU
гранаты	dictionary	ru_RU
давая	dictionary	ru_RU
данте	pending	ru_RU
дачу	dictionary	ru_RU
дико	dictionary	ru_RU
добыть	dictionary	ru_RU
доказано	dictionary	ru_RU
документам	dictionary	ru_RU
должностные	dictionary	ru_RU
дополнительную	dictionary	ru_RU
допускает	dictionary	ru_RU
жилищного	dictionary	ru_RU
журналах	dictionary	ru_RU
заключен	dictionary	ru_RU
закрытыми	dictionary	ru_RU
заливе	dictionary	ru_RU
записали	dictionary	ru_RU
звери	dictionary	ru_RU
зерновых	dictionary	ru_RU
злая	dictionary	ru_RU
идеальная	dictionary	ru_RU
идеальное	dictionary	ru_RU
имеющихся	dictionary	ru_RU
инициатором	dictionary	ru_RU
интересной	dictionary	ru_RU
интересом	dictionary	ru_RU
исследованиями	dictionary	ru_RU
казанский	dictionary	ru_RU
калужской	dictionary	ru_RU
картах	dictionary	ru_RU
картинка	dictionary	ru_RU
качеств	dictionary	ru_RU
кладбища	dictionary	ru_RU
классическая	dictionary	ru_RU
классического	dictionary	ru_RU
командный	dictionary	ru_RU
комментировать	dictionary	ru_RU
коне	dictionary	ru_RU
конкурсов	dictionary	ru_RU
кражу	dictionary	ru_RU
кристалл	dictionary	ru_RU
кристофер	pending	ru_RU
куклы	dictionary	ru_RU
левые	dictionary	ru_RU
легкое	dictionary	ru_RU
лесом	dictionary	ru_RU
литра	dictionary	ru_RU
луиса	pending	ru_RU
магазинам	dictionary	ru_RU
майдане	dictionary	ru_RU
массе	dictionary	ru_RU
матрицы	dictionary	ru_RU
маяк	dictionary	ru_RU
меньшее	dictionary	ru_RU
мертвой	dictionary	ru_RU
минеральных	dictionary	ru_RU
минимальной	dictionary	ru_RU
митрополита	dictionary	ru_RU
морей	dictionary	ru_RU
мужей	dictionary	ru_RU
мышей	dictionary	ru_RU
мягкие	dictionary	ru_RU
мясной	dictionary	ru_RU
набережная	dictionary	ru_RU
навести	dictionary	ru_RU
наглядно	dictionary	ru_RU
нагрузку	dictionary	ru_RU
наибольший	dictionary	ru_RU
напоминать	dictionary	ru_RU
народно	dictionary	ru_RU
народном	dictionary	ru_RU
нарушает	dictionary	ru_RU
настоящем	dictionary	ru_RU
науч	dictionary	ru_RU
незначительно	dictionary	ru_RU
необходимый	dictionary	ru_RU
непрерывно	dictionary	ru_RU
нижнее	dictionary	ru_RU
обладать	dictionary	ru_RU
образовалась	dictionary	ru_RU
общался	dictionary	ru_RU
огонек	dictionary	ru_RU
олимпиаду	dictionary	ru_RU
опубликованных	dictionary	ru_RU
опыте	dictionary	ru_RU
основанный	dictionary	ru_RU
ответственным	dictionary	ru_RU
отличную	dictionary	ru_RU
отмена	dictionary	ru_RU
отмечать	dictionary	ru_RU
отношением	dictionary	ru_RU
отопления	dictionary	ru_RU
отошли	dictionary	ru_RU
отрицает	dictionary	ru_RU
отрыв	dictionary	ru_RU
пакеты	dictionary	ru_RU
патроны	dictionary	ru_RU
педагоги	dictionary	ru_RU
переведены	dictionary	ru_RU
пещеры	dictionary	ru_RU
племя	dictionary	ru_RU
поверх	dictionary	ru_RU
поворота	dictionary	ru_RU
повсеместно	dictionary	ru_RU
подавления	dictionary	ru_RU
подвел	dictionary	ru_RU
пожарные	dictionary	ru_RU
пожелал	dictionary	ru_RU
покажи	dictionary	ru_RU
показан	dictionary	ru_RU
покушение	dictionary	ru_RU
политолог	dictionary	ru_RU
помогу	dictionary	ru_RU
поручения	dictionary	ru_RU
посвященной	dictionary	ru_RU
посередине	dictionary	ru_RU
постараемся	dictionary	ru_RU
постараться	dictionary	ru_RU
построение	dictionary	ru_RU
посылает	dictionary	ru_RU
появлялись	dictionary	ru_RU
предательство	dictionary	ru_RU
предоставляется	dictionary	ru_RU
предыдущем	dictionary	ru_RU
преступлениях	dictionary	ru_RU
привезти	dictionary	ru_RU
приводить	dictionary	ru_RU
приводятся	dictionary	ru_RU
приготовила	dictionary	ru_RU
приезжать	dictionary	ru_RU
прикрытием	dictionary	ru_RU
притом	dictionary	ru_RU
проверяют	dictionary	ru_RU
проводиться	dictionary	ru_RU
прогноза	dictionary	ru_RU
продаются	dictionary	ru_RU
проектах	dictionary	ru_RU
проиграть	dictionary	ru_RU
происходящего	dictionary	ru_RU
противно	dictionary	ru_RU
профессий	dictionary	ru_RU
профессионал	dictionary	ru_RU
профессиональное	dictionary	ru_RU
профилактики	dictionary	ru_RU
процедур	dictionary	ru_RU
прочность	dictionary	ru_RU
прошение	dictionary	ru_RU
путешествий	dictionary	ru_RU
ракетных	dictionary	ru_RU
расстались	dictionary	ru_RU
регулярные	dictionary	ru_RU
рекой	dictionary	ru_RU
решающий	dictionary	ru_RU
ромео	pending	ru_RU
росли	dictionary	ru_RU
рубашки	dictionary	ru_RU
ружье	dictionary	ru_RU
светлое	dictionary	ru_RU
связанное	dictionary	ru_RU
секретный	dictionary	ru_RU
сердцах	dictionary	ru_RU
серебряных	dictionary	ru_RU
синего	dictionary	ru_RU
склонны	dictionary	ru_RU
скромный	dictionary	ru_RU
смертности	dictionary	ru_RU
снаряды	dictionary	ru_RU
снимается	dictionary	ru_RU
совершении	dictionary	ru_RU
совместная	dictionary	ru_RU
создаст	dictionary	ru_RU
сообщать	dictionary	ru_RU
спектра	dictionary	ru_RU
спецназ	dictionary	ru_RU
спора	dictionary	ru_RU
способствуют	dictionary	ru_RU
спутники	dictionary	ru_RU
ссылке	dictionary	ru_RU
стан	dictionary	ru_RU
стандарта	dictionary	ru_RU
станем	dictionary	ru_RU
ствола	dictionary	ru_RU
стоим	dictionary	ru_RU
стратегического	dictionary	ru_RU
стресса	dictionary	ru_RU
ступень	dictionary	ru_RU
сухого	dictionary	ru_RU
счастливые	dictionary	ru_RU
сырье	dictionary	ru_RU
тай	dictionary	ru_RU
тарелку	dictionary	ru_RU
текущем	dictionary	ru_RU
тетрадь	dictionary	ru_RU
тишине	dictionary	ru_RU
товарищеском	dictionary	ru_RU
точках	dictionary	ru_RU
точная	dictionary	ru_RU
травм	dictionary	ru_RU
транспортом	dictionary	ru_RU
тройку	dictionary	ru_RU
убью	dictionary	ru_RU
угловой	dictionary	ru_RU
удачу	dictionary	ru_RU
удивляться	dictionary	ru_RU
удобства	dictionary	ru_RU
удостоверение	dictionary	ru_RU
улыбки	dictionary	ru_RU
умел	dictionary	ru_RU
уравнение	dictionary	ru_RU
успешное	dictionary	ru_RU
устраивают	dictionary	ru_RU
утвердить	dictionary	ru_RU
фашистских	dictionary	ru_RU
федеральные	dictionary	ru_RU
физиологии	dictionary	ru_RU
филармонии	dictionary	ru_RU
финансовую	dictionary	ru_RU
франс	pending	ru_RU
французски	dictionary	ru_RU
характерные	dictionary	ru_RU
художественном	dictionary	ru_RU
цитата	dictionary	ru_RU
часам	dictionary	ru_RU
частенько	dictionary	ru_RU
чемпионатов	dictionary	ru_RU
четвертая	dictionary	ru_RU
четвертьфинал	dictionary	ru_RU
четверых	dictionary	ru_RU
чувствами	dictionary	ru_RU
шах	dictionary	ru_RU
шведский	dictionary	ru_RU
шествие	dictionary	ru_RU
шестом	dictionary	ru_RU
широком	dictionary	ru_RU
штрафы	dictionary	ru_RU
эгидой	dictionary	ru_RU
экономисты	dictionary	ru_RU
электрических	dictionary	ru_RU
эффективная	dictionary	ru_RU
эффективные	dictionary	ru_RU
эффективных	dictionary	ru_RU
юбилея	dictionary	ru_RU
юноши	dictionary	ru_RU
ящики	dictionary	ru_RU
абсолютная	dictionary	ru_RU
авиационной	dictionary	ru_RU
автодороги	dictionary	ru_RU
астраханской	dictionary	ru_RU
аудиторию	dictionary	ru_RU
барс	dictionary	ru_RU
бегом	dictionary	ru_RU
бедствия	dictionary	ru_RU
беременна	dictionary	ru_RU
берет	dictionary	ru_RU
бесплатной	dictionary	ru_RU
боба	dictionary	ru_RU
бокал	dictionary	ru_RU
большинству	dictionary	ru_RU
бор	dictionary	ru_RU
босс	dictionary	ru_RU
бывшему	dictionary	ru_RU
вежливо	dictionary	ru_RU
вернула	dictionary	ru_RU
верхнюю	dictionary	ru_RU
визы	dictionary	ru_RU
вином	dictionary	ru_RU
владел	dictionary	ru_RU
вложить	dictionary	ru_RU
вниманием	dictionary	ru_RU
военному	dictionary	ru_RU
воина	dictionary	ru_RU
вокзале	dictionary	ru_RU
волшебный	dictionary	ru_RU
воплощение	dictionary	ru_RU
вчерашний	dictionary	ru_RU
выборами	dictionary	ru_RU
выживания	dictionary	ru_RU
высказать	dictionary	ru_RU
высот	dictionary	ru_RU
выступлении	dictionary	ru_RU
генералы	dictionary	ru_RU
гонках	dictionary	ru_RU
горами	dictionary	ru_RU
горько	dictionary	ru_RU
гостиницу	dictionary	ru_RU
графику	dictionary	ru_RU
греческий	dictionary	ru_RU
греческого	dictionary	ru_RU
грузовиков	dictionary	ru_RU
давить	dictionary	ru_RU
двукратный	dictionary	ru_RU
демократического	dictionary	ru_RU
демонстрация	dictionary	ru_RU
держу	dictionary	ru_RU
деталях	dictionary	ru_RU
детское	dictionary	ru_RU
джереми	pending	ru_RU
дизель	dictionary	ru_RU
добавляют	dictionary	ru_RU
долгой	dictionary	ru_RU
донецкого	dictionary	ru_RU
допускать	dictionary	ru_RU
дорожки	dictionary	ru_RU
достигнуто	dictionary	ru_RU
дрова	dictionary	ru_RU
дэнни	pending	ru_RU
единица	dictionary	ru_RU
единственную	dictionary	ru_RU
единственные	dictionary	ru_RU
епархии	dictionary	ru_RU
желал	dictionary	ru_RU
забывай	dictionary	ru_RU
заключалась	dictionary	ru_RU
заповедника	dictionary	ru_RU
заражения	dictionary	ru_RU
заслуга	dictionary	ru_RU
зафиксировано	dictionary	ru_RU
звуков	dictionary	ru_RU
здоровы	dictionary	ru_RU
идеями	dictionary	ru_RU
избирательный	dictionary	ru_RU
инженерных	dictionary	ru_RU
интеллигенции	dictionary	ru_RU
искусственный	dictionary	ru_RU
испытывают	dictionary	ru_RU
исчезнет	dictionary	ru_RU
кафедрой	dictionary	ru_RU
квалификацию	dictionary	ru_RU
ковер	dictionary	ru_RU
коллективом	dictionary	ru_RU
колоний	dictionary	ru_RU
коммерческой	dictionary	ru_RU
комплексной	dictionary	ru_RU
комплимент	dictionary	ru_RU
комсомола	dictionary	ru_RU
конечной	dictionary	ru_RU
континента	dictionary	ru_RU
концом	dictionary	ru_RU
корреспондентом	dictionary	ru_RU
кошелек	dictionary	ru_RU
краевого	dictionary	ru_RU
красоте	dictionary	ru_RU
крепкие	dictionary	ru_RU
крымские	dictionary	ru_RU
лагерях	dictionary	ru_RU
лег	dictionary	ru_RU
липецкой	dictionary	ru_RU
лишены	dictionary	ru_RU
малейшего	dictionary	ru_RU
малое	dictionary	ru_RU
марку	dictionary	ru_RU
мастером	dictionary	ru_RU
матушка	dictionary	ru_RU
микки	pending	ru_RU
митинги	dictionary	ru_RU
мнений	dictionary	ru_RU
мозгу	dictionary	ru_RU
монро	pending	ru_RU
мостом	dictionary	ru_RU
мухи	dictionary	ru_RU
надеялись	dictionary	ru_RU
направили	dictionary	ru_RU
нарушить	dictionary	ru_RU
настройки	dictionary	ru_RU
находка	dictionary	ru_RU
находящегося	dictionary	ru_RU
начальных	dictionary	ru_RU
независимый	dictionary	ru_RU
немецко	dictionary	ru_RU
необычного	dictionary	ru_RU
несправедливо	dictionary	ru_RU
номерами	dictionary	ru_RU
ноутбук	dictionary	ru_RU
нынешнее	dictionary	ru_RU
нынешних	dictionary	ru_RU
обложке	dictionary	ru_RU
обнять	dictionary	ru_RU
обозрение	dictionary	ru_RU
образуются	dictionary	ru_RU
обстоятельство	dictionary	ru_RU
общественность	dictionary	ru_RU
объектах	dictionary	ru_RU
опасное	dictionary	ru_RU
определенную	dictionary	ru_RU
освобожден	dictionary	ru_RU
оставляя	dictionary	ru_RU
остатков	dictionary	ru_RU
осуществляют	dictionary	ru_RU
открываются	dictionary	ru_RU
отличить	dictionary	ru_RU
отметки	dictionary	ru_RU
отправлены	dictionary	ru_RU
отраслях	dictionary	ru_RU
охранять	dictionary	ru_RU
падении	dictionary	ru_RU
переезда	dictionary	ru_RU
переписки	dictionary	ru_RU
пишешь	dictionary	ru_RU
пищевых	dictionary	ru_RU
плачь	dictionary	ru_RU
плечами	dictionary	ru_RU
плоти	dictionary	ru_RU
повышается	dictionary	ru_RU
подлежит	dictionary	ru_RU
подушку	dictionary	ru_RU
подчиняться	dictionary	ru_RU
позволял	dictionary	ru_RU
познания	dictionary	ru_RU
покупатель	dictionary	ru_RU
полагал	dictionary	ru_RU
полны	dictionary	ru_RU
полных	dictionary	ru_RU
получаются	dictionary	ru_RU
помогала	dictionary	ru_RU
понравиться	dictionary	ru_RU
поправок	dictionary	ru_RU
посадка	dictionary	ru_RU
послания	dictionary	ru_RU
последовало	dictionary	ru_RU
поставит	dictionary	ru_RU
потеряв	dictionary	ru_RU
потомки	dictionary	ru_RU
почву	dictionary	ru_RU
пояснил	dictionary	ru_RU
предположим	dictionary	ru_RU
преобладают	dictionary	ru_RU
прибудет	dictionary	ru_RU
привел	dictionary	ru_RU
признаюсь	dictionary	ru_RU
принимается	dictionary	ru_RU
принципах	dictionary	ru_RU
приступ	dictionary	ru_RU
прихожу	dictionary	ru_RU
проверили	dictionary	ru_RU
провокации	dictionary	ru_RU
продолжаю	dictionary	ru_RU
произведен	dictionary	ru_RU
прокате	dictionary	ru_RU
профессионалов	dictionary	ru_RU
пустых	dictionary	ru_RU
работаешь	dictionary	ru_RU
работающие	dictionary	ru_RU
разговаривали	dictionary	ru_RU
разрабатывает	dictionary	ru_RU
районной	dictionary	ru_RU
раннее	dictionary	ru_RU
расследованию	dictionary	ru_RU
режиссер	dictionary	ru_RU
резонанс	dictionary	ru_RU
репрессий	dictionary	ru_RU
ресторанов	dictionary	ru_RU
решена	dictionary	ru_RU
роботы	dictionary	ru_RU
ром	dictionary	ru_RU
роману	dictionary	ru_RU
рыжий	dictionary	ru_RU
саймон	pending	ru_RU
свойствами	dictionary	ru_RU
связанная	dictionary	ru_RU
связях	dictionary	ru_RU
сдаваться	dictionary	ru_RU
сдаться	dictionary	ru_RU
седан	dictionary	ru_RU
сексуального	dictionary	ru_RU
сервер	dictionary	ru_RU
сиденье	dictionary	ru_RU
сим	dictionary	ru_RU
синтез	dictionary	ru_RU
сказке	dictionary	ru_RU
склады	dictionary	ru_RU
скучала	dictionary	ru_RU
следам	dictionary	ru_RU
слияния	dictionary	ru_RU
службой	dictionary	ru_RU
смотрится	dictionary	ru_RU
смущает	dictionary	ru_RU
снижении	dictionary	ru_RU
собираешься	dictionary	ru_RU
собственностью	dictionary	ru_RU
совокупность	dictionary	ru_RU
согласится	dictionary	ru_RU
содержимое	dictionary	ru_RU
соответствия	dictionary	ru_RU
состоящий	dictionary	ru_RU
спастись	dictionary	ru_RU
специальном	dictionary	ru_RU
спешит	dictionary	ru_RU
сплошной	dictionary	ru_RU
спокойствия	dictionary	ru_RU
старики	dictionary	ru_RU
степи	dictionary	ru_RU
стилем	dictionary	ru_RU
страховых	dictionary	ru_RU
строгого	dictionary	ru_RU
строитель	dictionary	ru_RU
субъект	dictionary	ru_RU
судебная	dictionary	ru_RU
сюжеты	dictionary	ru_RU
таблеток	dictionary	ru_RU
телевидению	dictionary	ru_RU
телефонные	dictionary	ru_RU
темная	dictionary	ru_RU
температур	dictionary	ru_RU
тенденцию	dictionary	ru_RU
термина	dictionary	ru_RU
термины	dictionary	ru_RU
технологический	dictionary	ru_RU
толстых	dictionary	ru_RU
точных	dictionary	ru_RU
трактора	dictionary	ru_RU
трофей	dictionary	ru_RU
убейте	dictionary	ru_RU
убийцу	dictionary	ru_RU
убрали	dictionary	ru_RU
увеличил	dictionary	ru_RU
уволил	dictionary	ru_RU
уеду	dictionary	ru_RU
ужаса	dictionary	ru_RU
украинское	dictionary	ru_RU
уникальная	dictionary	ru_RU
уроженец	dictionary	ru_RU
усердно	dictionary	ru_RU
установленного	dictionary	ru_RU
феррари	dictionary	ru_RU
функцией	dictionary	ru_RU
характерны	dictionary	ru_RU
хер	dictionary	ru_RU
хозяйству	dictionary	ru_RU
холодные	dictionary	ru_RU
целой	dictionary	ru_RU
чью	dictionary	ru_RU
шахте	dictionary	ru_RU
широким	dictionary	ru_RU
шкале	dictionary	ru_RU
юридический	dictionary	ru_RU
авангарда	dictionary	ru_RU
автономного	dictionary	ru_RU
амуре	dictionary	ru_RU
английская	dictionary	ru_RU
анжи	pending	ru_RU
ансамбля	dictionary	ru_RU
арены	dictionary	ru_RU
ассоциаций	dictionary	ru_RU
бабушку	dictionary	ru_RU
бактерии	dictionary	ru_RU
банковской	dictionary	ru_RU
белорусские	dictionary	ru_RU
береги	dictionary	ru_RU
беспорядков	dictionary	ru_RU
биография	dictionary	ru_RU
бит	dictionary	ru_RU
благодарна	dictionary	ru_RU
блондинка	dictionary	ru_RU
борода	dictionary	ru_RU
босса	dictionary	ru_RU
браки	dictionary	ru_RU
буквами	dictionary	ru_RU
вали	dictionary	ru_RU
вашими	dictionary	ru_RU
взрывов	dictionary	ru_RU
владимирской	dictionary	ru_RU
волкова	pending	ru_RU
воры	dictionary	ru_RU
временам	dictionary	ru_RU
вручил	dictionary	ru_RU
вспомни	dictionary	ru_RU
вузы	dictionary	ru_RU
выборам	dictionary	ru_RU
выходным	dictionary	ru_RU
габриэль	pending	ru_RU
газы	dictionary	ru_RU
генов	dictionary	ru_RU
географического	dictionary	ru_RU
глобальной	dictionary	ru_RU
годовых	dictionary	ru_RU
голубая	dictionary	ru_RU
госпиталя	dictionary	ru_RU
гостям	dictionary	ru_RU
готовился	dictionary	ru_RU
дальнейшая	dictionary	ru_RU
даны	dictionary	ru_RU
дача	dictionary	ru_RU
динамику	dictionary	ru_RU
догнать	dictionary	ru_RU
договоренности	dictionary	ru_RU
дошел	dictionary	ru_RU
духовным	dictionary	ru_RU
еде	dictionary	ru_RU
естественный	dictionary	ru_RU
жозе	pending	ru_RU
забирает	dictionary	ru_RU
заведомо	dictionary	ru_RU
завидую	dictionary	ru_RU
завоевания	dictionary	ru_RU
зак	dictionary	ru_RU
заказчика	dictionary	ru_RU
законами	dictionary	ru_RU
закрывается	dictionary	ru_RU
заменит	dictionary	ru_RU
западным	dictionary	ru_RU
запрете	dictionary	ru_RU
запросов	dictionary	ru_RU
звон	dictionary	ru_RU
звезд	dictionary	ru_RU
играм	dictionary	ru_RU
играми	dictionary	ru_RU
идеология	dictionary	ru_RU
издалека	dictionary	ru_RU
изданиях	dictionary	ru_RU
индийский	dictionary	ru_RU
интеллект	dictionary	ru_RU
интерпретации	dictionary	ru_RU
искра	dictionary	ru_RU
исполнению	dictionary	ru_RU
истребитель	dictionary	ru_RU
исходит	dictionary	ru_RU
исчезают	dictionary	ru_RU
итого	dictionary	ru_RU
итогов	dictionary	ru_RU
канцлер	dictionary	ru_RU
касающихся	dictionary	ru_RU
католической	dictionary	ru_RU
киевском	dictionary	ru_RU
коалиция	dictionary	ru_RU
колеблется	dictionary	ru_RU
командами	dictionary	ru_RU
командиры	dictionary	ru_RU
компьютером	dictionary	ru_RU
конкретный	dictionary	ru_RU
космонавтов	dictionary	ru_RU
красивую	dictionary	ru_RU
красноярский	dictionary	ru_RU
красок	dictionary	ru_RU
кредитные	dictionary	ru_RU
кросс	dictionary	ru_RU
кук	dictionary	ru_RU
купол	dictionary	ru_RU
лагерей	dictionary	ru_RU
ланч	pending	ru_RU
ликвидирован	dictionary	ru_RU
лимит	dictionary	ru_RU
листы	dictionary	ru_RU
лишние	dictionary	ru_RU
мальчику	dictionary	ru_RU
мамочка	dictionary	ru_RU
матрица	dictionary	ru_RU
медалью	dictionary	ru_RU
международному	dictionary	ru_RU
менеджером	dictionary	ru_RU
мечтой	dictionary	ru_RU
младшая	dictionary	ru_RU
молекулы	dictionary	ru_RU
монополий	dictionary	ru_RU
морали	dictionary	ru_RU
мораль	dictionary	ru_RU
мороза	dictionary	ru_RU
московскую	dictionary	ru_RU
мошенничество	dictionary	ru_RU
мужское	dictionary	ru_RU
мягкая	dictionary	ru_RU
надежный	dictionary	ru_RU
назвав	dictionary	ru_RU
называлась	dictionary	ru_RU
налоговых	dictionary	ru_RU
налогообложения	dictionary	ru_RU
нападающего	dictionary	ru_RU
напиши	dictionary	ru_RU
нарочно	dictionary	ru_RU
наследник	dictionary	ru_RU
насчитывает	dictionary	ru_RU
начнется	dictionary	ru_RU
нашлось	dictionary	ru_RU
негативных	dictionary	ru_RU
неизвестным	dictionary	ru_RU
несли	dictionary	ru_RU
несчастного	dictionary	ru_RU
неясно	dictionary	ru_RU
носитель	dictionary	ru_RU
нынешнем	dictionary	ru_RU
обвиняемого	dictionary	ru_RU
обладал	dictionary	ru_RU
областная	dictionary	ru_RU
образу	dictionary	ru_RU
обратили	dictionary	ru_RU
обстреляли	dictionary	ru_RU
обсуждении	dictionary	ru_RU
обыграть	dictionary	ru_RU
обычном	dictionary	ru_RU
одержали	dictionary	ru_RU
одиночества	dictionary	ru_RU
одобрение	dictionary	ru_RU
одобрения	dictionary	ru_RU
окне	dictionary	ru_RU
оливье	dictionary	ru_RU
опустился	dictionary	ru_RU
орбите	dictionary	ru_RU
осознал	dictionary	ru_RU
оставаясь	dictionary	ru_RU
остановили	dictionary	ru_RU
отдельную	dictionary	ru_RU
открывают	dictionary	ru_RU
открытием	dictionary	ru_RU
отличались	dictionary	ru_RU
отмечена	dictionary	ru_RU
отступать	dictionary	ru_RU
палочки	dictionary	ru_RU
передан	dictionary	ru_RU
переписку	dictionary	ru_RU
переработке	dictionary	ru_RU
переулок	dictionary	ru_RU
перси	dictionary	ru_RU
песка	dictionary	ru_RU
поблагодарил	dictionary	ru_RU
поговорили	dictionary	ru_RU
подверглись	dictionary	ru_RU
подчинения	dictionary	ru_RU
полезны	dictionary	ru_RU
помешало	dictionary	ru_RU
популярен	dictionary	ru_RU
портала	dictionary	ru_RU
последнему	dictionary	ru_RU
потенциальных	dictionary	ru_RU
потерю	dictionary	ru_RU
потратили	dictionary	ru_RU
похожим	dictionary	ru_RU
правитель	dictionary	ru_RU
практикой	dictionary	ru_RU
практические	dictionary	ru_RU
представителям	dictionary	ru_RU
предупредили	dictionary	ru_RU
прекратили	dictionary	ru_RU
преследовать	dictionary	ru_RU
призвала	dictionary	ru_RU
примечание	dictionary	ru_RU
приходила	dictionary	ru_RU
проверяет	dictionary	ru_RU
проводилось	dictionary	ru_RU
продлил	dictionary	ru_RU
произвели	dictionary	ru_RU
противостояния	dictionary	ru_RU
прошедших	dictionary	ru_RU
проявление	dictionary	ru_RU
пса	dictionary	ru_RU
рабства	dictionary	ru_RU
разглядеть	dictionary	ru_RU
размерах	dictionary	ru_RU
райт	pending	ru_RU
расслабиться	dictionary	ru_RU
религиозного	dictionary	ru_RU
ремонте	dictionary	ru_RU
ресурсами	dictionary	ru_RU
рецензии	dictionary	ru_RU
решило	dictionary	ru_RU
саммита	dictionary	ru_RU
самок	dictionary	ru_RU
сбить	dictionary	ru_RU
светлые	dictionary	ru_RU
свободном	dictionary	ru_RU
сводит	dictionary	ru_RU
сдался	dictionary	ru_RU
сеньор	dictionary	ru_RU
симон	pending	ru_RU
сладкая	dictionary	ru_RU
следили	dictionary	ru_RU
следовал	dictionary	ru_RU
словаря	dictionary	ru_RU
снятие	dictionary	ru_RU
собираетесь	dictionary	ru_RU
соблюдением	dictionary	ru_RU
современную	dictionary	ru_RU
создаются	dictionary	ru_RU
сокол	dictionary	ru_RU
солдатами	dictionary	ru_RU
соревновании	dictionary	ru_RU
спасите	dictionary	ru_RU
спешить	dictionary	ru_RU
ссылку	dictionary	ru_RU
стабильно	dictionary	ru_RU
стилю	dictionary	ru_RU
страхе	dictionary	ru_RU
страшной	dictionary	ru_RU
стрелял	dictionary	ru_RU
судьей	dictionary	ru_RU
супругой	dictionary	ru_RU
существенный	dictionary	ru_RU
счастливого	dictionary	ru_RU
талантов	dictionary	ru_RU
таланты	dictionary	ru_RU
театры	dictionary	ru_RU
текущих	dictionary	ru_RU
телевизора	dictionary	ru_RU
теорема	dictionary	ru_RU
теплая	dictionary	ru_RU
тетради	dictionary	ru_RU
тишины	dictionary	ru_RU
тонкая	dictionary	ru_RU
торги	dictionary	ru_RU
традиционным	dictionary	ru_RU
требуя	dictionary	ru_RU
трейлер	dictionary	ru_RU
тренеров	dictionary	ru_RU
треугольник	dictionary	ru_RU
трибуны	dictionary	ru_RU
убеждения	dictionary	ru_RU
убрал	dictionary	ru_RU
уведомления	dictionary	ru_RU
углерода	dictionary	ru_RU
упомянул	dictionary	ru_RU
ускорения	dictionary	ru_RU
услугам	dictionary	ru_RU
услышав	dictionary	ru_RU
успокоиться	dictionary	ru_RU
успокойся	dictionary	ru_RU
фашисты	dictionary	ru_RU
физическим	dictionary	ru_RU
фирму	dictionary	ru_RU
хабаровского	dictionary	ru_RU
хозяйством	dictionary	ru_RU
хоп	dictionary	ru_RU
хребта	dictionary	ru_RU
целым	dictionary	ru_RU
ценный	dictionary	ru_RU
чистоты	dictionary	ru_RU
чужую	dictionary	ru_RU
шампанского	dictionary	ru_RU
шмидт	pending	ru_RU
экспертиза	dictionary	ru_RU
эпизоды	dictionary	ru_RU
этапом	dictionary	ru_RU
эффективное	dictionary	ru_RU
являться	dictionary	ru_RU
автоматической	dictionary	ru_RU
актрисой	dictionary	ru_RU
алюминия	dictionary	ru_RU
атомных	dictionary	ru_RU
бак	dictionary	ru_RU
барбара	pending	ru_RU
биржи	dictionary	ru_RU
богатого	dictionary	ru_RU
бросок	dictionary	ru_RU
букет	dictionary	ru_RU
ввоз	dictionary	ru_RU
взорвать	dictionary	ru_RU
взрывы	dictionary	ru_RU
взяться	dictionary	ru_RU
винограда	dictionary	ru_RU
внука	dictionary	ru_RU
водители	dictionary	ru_RU
водить	dictionary	ru_RU
водка	dictionary	ru_RU
водоснабжения	dictionary	ru_RU
военнослужащие	dictionary	ru_RU
возобновить	dictionary	ru_RU
возрасту	dictionary	ru_RU
волнуюсь	dictionary	ru_RU
вооружении	dictionary	ru_RU
ворон	dictionary	ru_RU
всемирно	dictionary	ru_RU
всесоюзного	dictionary	ru_RU
встречают	dictionary	ru_RU
входящие	dictionary	ru_RU
выводить	dictionary	ru_RU
выгнали	dictionary	ru_RU
выделяют	dictionary	ru_RU
выплат	dictionary	ru_RU
выполнили	dictionary	ru_RU
выполняли	dictionary	ru_RU
вырваться	dictionary	ru_RU
выяснил	dictionary	ru_RU
гари	dictionary	ru_RU
генеральная	dictionary	ru_RU
герою	dictionary	ru_RU
гигантский	dictionary	ru_RU
годовщины	dictionary	ru_RU
гранат	dictionary	ru_RU
гроза	dictionary	ru_RU
губернаторы	dictionary	ru_RU
даль	dictionary	ru_RU
девиз	dictionary	ru_RU
действовала	dictionary	ru_RU
декларация	dictionary	ru_RU
дереве	dictionary	ru_RU
джинсы	dictionary	ru_RU
дипломата	dictionary	ru_RU
дискуссия	dictionary	ru_RU
дистанцию	dictionary	ru_RU
долина	dictionary	ru_RU
допускается	dictionary	ru_RU
дорогого	dictionary	ru_RU
дочку	dictionary	ru_RU
жестокий	dictionary	ru_RU
живую	dictionary	ru_RU
завершила	dictionary	ru_RU
заканчиваются	dictionary	ru_RU
заключает	dictionary	ru_RU
замглавы	pending	ru_RU
замечать	dictionary	ru_RU
запасе	dictionary	ru_RU
заплатили	dictionary	ru_RU
заполнения	dictionary	ru_RU
запрещает	dictionary	ru_RU
зарплате	dictionary	ru_RU
звездами	dictionary	ru_RU
зверей	dictionary	ru_RU
зеркале	dictionary	ru_RU
знакомо	dictionary	ru_RU
зоной	dictionary	ru_RU
игрушка	dictionary	ru_RU
извинился	dictionary	ru_RU
изменениях	dictionary	ru_RU
индивидуальный	dictionary	ru_RU
исламского	dictionary	ru_RU
каникул	dictionary	ru_RU
канун	dictionary	ru_RU
канцелярии	dictionary	ru_RU
кварталов	dictionary	ru_RU
кислород	dictionary	ru_RU
классики	dictionary	ru_RU
клиентами	dictionary	ru_RU
клинику	dictionary	ru_RU
князю	dictionary	ru_RU
колена	dictionary	ru_RU
комплексом	dictionary	ru_RU
корм	dictionary	ru_RU
коррекции	dictionary	ru_RU
кроссовер	dictionary	ru_RU
крупнейшая	dictionary	ru_RU
кулак	dictionary	ru_RU
купли	dictionary	ru_RU
курение	dictionary	ru_RU
лили	dictionary	ru_RU
лишили	dictionary	ru_RU
лоуренс	pending	ru_RU
мечети	dictionary	ru_RU
мода	dictionary	ru_RU
моде	dictionary	ru_RU
молод	dictionary	ru_RU
монстров	dictionary	ru_RU
морального	dictionary	ru_RU
мясом	dictionary	ru_RU
намек	dictionary	ru_RU
направлять	dictionary	ru_RU
наравне	dictionary	ru_RU
народами	dictionary	ru_RU
невыносимо	dictionary	ru_RU
немногим	dictionary	ru_RU
нехватки	dictionary	ru_RU
ничья	dictionary	ru_RU
ногти	dictionary	ru_RU
номеру	dictionary	ru_RU
нужного	dictionary	ru_RU
нужную	dictionary	ru_RU
обмана	dictionary	ru_RU
обратное	dictionary	ru_RU
обряд	dictionary	ru_RU
объявлены	dictionary	ru_RU
объяснял	dictionary	ru_RU
ограниченной	dictionary	ru_RU
ограничены	dictionary	ru_RU
одет	dictionary	ru_RU
одинок	dictionary	ru_RU
ознакомиться	dictionary	ru_RU
оперу	dictionary	ru_RU
описывается	dictionary	ru_RU
освободил	dictionary	ru_RU
осколки	dictionary	ru_RU
отверстия	dictionary	ru_RU
отечественная	dictionary	ru_RU
охоте	dictionary	ru_RU
панель	dictionary	ru_RU
партиями	dictionary	ru_RU
педагогов	dictionary	ru_RU
перспектива	dictionary	ru_RU
песнями	dictionary	ru_RU
повара	dictionary	ru_RU
повышать	dictionary	ru_RU
подают	dictionary	ru_RU
подбора	dictionary	ru_RU
подвергается	dictionary	ru_RU
подводной	dictionary	ru_RU
подготовили	dictionary	ru_RU
поддержит	dictionary	ru_RU
подъезда	dictionary	ru_RU
позволяющий	dictionary	ru_RU
поздний	dictionary	ru_RU
полузащитника	dictionary	ru_RU
получаешь	dictionary	ru_RU
получиться	dictionary	ru_RU
полы	dictionary	ru_RU
польза	dictionary	ru_RU
пользователям	dictionary	ru_RU
помощников	dictionary	ru_RU
портить	dictionary	ru_RU
поры	dictionary	ru_RU
последующего	dictionary	ru_RU
постановил	dictionary	ru_RU
потенциально	dictionary	ru_RU
потребует	dictionary	ru_RU
поттер	pending	ru_RU
похорон	dictionary	ru_RU
появлении	dictionary	ru_RU
поет	dictionary	ru_RU
практических	dictionary	ru_RU
предлагать	dictionary	ru_RU
предупреждает	dictionary	ru_RU
привод	dictionary	ru_RU
приводится	dictionary	ru_RU
приговорен	dictionary	ru_RU
придурок	dictionary	ru_RU
принесло	dictionary	ru_RU
пробиться	dictionary	ru_RU
провожу	dictionary	ru_RU
