# CC-BANK-PURITY F2 ledger: word<TAB>verdict<TAB>source. One line per bank row, bank order.
# verdicts: dictionary | exception (signed) | pending (auditor sheet). No new row may ever enter as pending.
ai4|爱	dictionary	CC-CEDICT
ba1|八	dictionary	CC-CEDICT
bai2|白	dictionary	CC-CEDICT
bai3|百	dictionary	CC-CEDICT
ban1|搬	dictionary	CC-CEDICT
ban1|班	dictionary	CC-CEDICT
bang1zhu4|帮助	dictionary	CC-CEDICT
bao3bao5|宝宝	dictionary	CC-CEDICT
bei1zi5|杯子	dictionary	CC-CEDICT
bei3|北	dictionary	CC-CEDICT
bi2zi5|鼻子	dictionary	CC-CEDICT
bing1|冰	dictionary	CC-CEDICT
bo1li5|玻璃	dictionary	CC-CEDICT
bu4|不	dictionary	CC-CEDICT
cao3|草	dictionary	CC-CEDICT
cha2|茶	dictionary	CC-CEDICT
chao2shi1|潮湿	dictionary	CC-CEDICT
cheng2shi4|城市	dictionary	CC-CEDICT
chi1|吃	dictionary	CC-CEDICT
chu2fang2|厨房	dictionary	CC-CEDICT
chuan2|船	dictionary	CC-CEDICT
chuang1|窗	dictionary	CC-CEDICT
chuang2|床	dictionary	CC-CEDICT
chun1tian1|春天	dictionary	CC-CEDICT
ci2|词	dictionary	CC-CEDICT
cong2bu4|从不	dictionary	CC-CEDICT
cun1zhuang1|村庄	dictionary	CC-CEDICT
da3po4|打破	dictionary	CC-CEDICT
da4xiao3|大小	dictionary	CC-CEDICT
da4|大	dictionary	CC-CEDICT
dai4|带	dictionary	CC-CEDICT
dan4|蛋	dictionary	CC-CEDICT
dao3|岛	dictionary	CC-CEDICT
deng1|灯	dictionary	CC-CEDICT
di4ban3|地板	dictionary	CC-CEDICT
di4qiu2|地球	dictionary	CC-CEDICT
dian3|点	dictionary	CC-CEDICT
dian4nao3|电脑	dictionary	CC-CEDICT
dian4ying3|电影	dictionary	CC-CEDICT
dian4|店	dictionary	CC-CEDICT
dong1tian1|冬天	dictionary	CC-CEDICT
dong1|东	dictionary	CC-CEDICT
dong4wu4|动物	dictionary	CC-CEDICT
du2|读	dictionary	CC-CEDICT
duan3|短	dictionary	CC-CEDICT
er2zi5|儿子	dictionary	CC-CEDICT
er3duo3|耳朵	dictionary	CC-CEDICT
er4|二	dictionary	CC-CEDICT
fa3lü4|法律	dictionary	CC-CEDICT
fang1|方	dictionary	CC-CEDICT
fang2jian1|房间	dictionary	CC-CEDICT
fang2zi5|房子	dictionary	CC-CEDICT
fei1ji1|飞机	dictionary	CC-CEDICT
feng1|风	dictionary	CC-CEDICT
fu4qin1|父亲	dictionary	CC-CEDICT
fu4|付	dictionary	CC-CEDICT
gan4|干	dictionary	CC-CEDICT
ge1ge5|哥哥	dictionary	CC-CEDICT
ge1|歌	dictionary	CC-CEDICT
gei3|给	dictionary	CC-CEDICT
gen1|根	dictionary	CC-CEDICT
gong1jiao1|公交	dictionary	CC-CEDICT
gong1ju4|工具	dictionary	CC-CEDICT
gong1zuo4|工作	dictionary	CC-CEDICT
gou3|狗	dictionary	CC-CEDICT
gu3tou5|骨头	dictionary	CC-CEDICT
gu4shi4|故事	dictionary	CC-CEDICT
guan1|关	dictionary	CC-CEDICT
guang1|光	dictionary	CC-CEDICT
guo2jia1|国家	dictionary	CC-CEDICT
guo2wang2|国王	dictionary	CC-CEDICT
hai2zi5|孩子	dictionary	CC-CEDICT
hai3|海	dictionary	CC-CEDICT
hai4pa4|害怕	dictionary	CC-CEDICT
hao3|好	dictionary	CC-CEDICT
he2ping2|和平	dictionary	CC-CEDICT
he2zi5|盒子	dictionary	CC-CEDICT
he2|河	dictionary	CC-CEDICT
hei1an4|黑暗	dictionary	CC-CEDICT
hei1|黑	dictionary	CC-CEDICT
hong2|红	dictionary	CC-CEDICT
hou4|后	dictionary	CC-CEDICT
hu2li5|狐狸	dictionary	CC-CEDICT
hu2|湖	dictionary	CC-CEDICT
hua1|花	dictionary	CC-CEDICT
huai4|坏	dictionary	CC-CEDICT
huang2|黄	dictionary	CC-CEDICT
hui1|灰	dictionary	CC-CEDICT
huo3che1|火车	dictionary	CC-CEDICT
huo3|火	dictionary	CC-CEDICT
ji1qi4|机器	dictionary	CC-CEDICT
jia1ting2|家庭	dictionary	CC-CEDICT
jia4ge2|价格	dictionary	CC-CEDICT
jian4kang1|健康	dictionary	CC-CEDICT
jian4|建	dictionary	CC-CEDICT
jiao3|脚	dictionary	CC-CEDICT
jiao4tang2|教堂	dictionary	CC-CEDICT
jie1dao4|街道	dictionary	CC-CEDICT
jie3jie5|姐姐	dictionary	CC-CEDICT
jie4zhi3|戒指	dictionary	CC-CEDICT
jin1shu3|金属	dictionary	CC-CEDICT
jin1tian1|今天	dictionary	CC-CEDICT
jin1|金	dictionary	CC-CEDICT
jing1chang2|经常	dictionary	CC-CEDICT
jing1shen2|精神	dictionary	CC-CEDICT
jing3|井	dictionary	CC-CEDICT
jiu3|九	dictionary	CC-CEDICT
jiu3|酒	dictionary	CC-CEDICT
kai1shi3|开始	dictionary	CC-CEDICT
kai1|开	dictionary	CC-CEDICT
kan4|看	dictionary	CC-CEDICT
kuai4|快	dictionary	CC-CEDICT
la1|拉	dictionary	CC-CEDICT
lan2|蓝	dictionary	CC-CEDICT
lang2|狼	dictionary	CC-CEDICT
lang4|浪	dictionary	CC-CEDICT
lao3shi1|老师	dictionary	CC-CEDICT
lao3shu3|老鼠	dictionary	CC-CEDICT
lao3|老	dictionary	CC-CEDICT
leng3|冷	dictionary	CC-CEDICT
li3wu4|礼物	dictionary	CC-CEDICT
li4liang5|力量	dictionary	CC-CEDICT
lian4tiao2|链条	dictionary	CC-CEDICT
liang2|凉	dictionary	CC-CEDICT
ling2hun2|灵魂	dictionary	CC-CEDICT
liu4|六	dictionary	CC-CEDICT
lu4|路	dictionary	CC-CEDICT
lv3xing2|旅行	dictionary	CC-CEDICT
lv4|绿	dictionary	CC-CEDICT
ma3|马	dictionary	CC-CEDICT
mai3|买	dictionary	CC-CEDICT
mai4|卖	dictionary	CC-CEDICT
man4|慢	dictionary	CC-CEDICT
mao1|猫	dictionary	CC-CEDICT
mao4zi5|帽子	dictionary	CC-CEDICT
men2|门	dictionary	CC-CEDICT
mi3|米	dictionary	CC-CEDICT
min2zu2|民族	dictionary	CC-CEDICT
ming2zi5|名字	dictionary	CC-CEDICT
mu3qin1|母亲	dictionary	CC-CEDICT
mu4tou5|木头	dictionary	CC-CEDICT
na2|拿	dictionary	CC-CEDICT
na4li5|那里	dictionary	CC-CEDICT
nan2hai2|男孩	dictionary	CC-CEDICT
nan2ren2|男人	dictionary	CC-CEDICT
nan2|南	dictionary	CC-CEDICT
nian2|年	dictionary	CC-CEDICT
niao3|鸟	dictionary	CC-CEDICT
niu2nai3|牛奶	dictionary	CC-CEDICT
nong2chang3|农场	dictionary	CC-CEDICT
nuan3|暖	dictionary	CC-CEDICT
nv3hai2|女孩	dictionary	CC-CEDICT
nv3wang2|女王	dictionary	CC-CEDICT
nü3ren2|女人	dictionary	CC-CEDICT
pan2zi5|盘子	dictionary	CC-CEDICT
pao3|跑	dictionary	CC-CEDICT
peng2you5|朋友	dictionary	CC-CEDICT
pi2fu1|皮肤	dictionary	CC-CEDICT
qi1|七	dictionary	CC-CEDICT
qi4che1|汽车	dictionary	CC-CEDICT
qian1|千	dictionary	CC-CEDICT
qian2|前	dictionary	CC-CEDICT
qian2|钱	dictionary	CC-CEDICT
qiang2bi4|墙壁	dictionary	CC-CEDICT
qiang2|强	dictionary	CC-CEDICT
qiao2|桥	dictionary	CC-CEDICT
qiu2|球	dictionary	CC-CEDICT
qu3|取	dictionary	CC-CEDICT
ran2hou4|然后	dictionary	CC-CEDICT
re4|热	dictionary	CC-CEDICT
ren2men5|人们	dictionary	CC-CEDICT
rong2yi4|容易	dictionary	CC-CEDICT
rou4|肉	dictionary	CC-CEDICT
ruan3|软	dictionary	CC-CEDICT
ruo4|弱	dictionary	CC-CEDICT
san1|三	dictionary	CC-CEDICT
sha1|沙	dictionary	CC-CEDICT
shan1|山	dictionary	CC-CEDICT
shang1dian4|商店	dictionary	CC-CEDICT
shang4|上	dictionary	CC-CEDICT
shen1ti3|身体	dictionary	CC-CEDICT
shen2|神	dictionary	CC-CEDICT
sheng1huo2|生活	dictionary	CC-CEDICT
sheng1yin1|声音	dictionary	CC-CEDICT
shi1qu4|失去	dictionary	CC-CEDICT
shi1|诗	dictionary	CC-CEDICT
shi2jian1|时间	dictionary	CC-CEDICT
shi2tou5|石头	dictionary	CC-CEDICT
shi2wu4|食物	dictionary	CC-CEDICT
shi2|十	dictionary	CC-CEDICT
shi4chang3|市场	dictionary	CC-CEDICT
shi4jie4|世界	dictionary	CC-CEDICT
shou3bi4|手臂	dictionary	CC-CEDICT
shou3|手	dictionary	CC-CEDICT
shu1|书	dictionary	CC-CEDICT
shu4zi4|数字	dictionary	CC-CEDICT
shu4|树	dictionary	CC-CEDICT
shui3|水	dictionary	CC-CEDICT
shuo1|说	dictionary	CC-CEDICT
si3|死	dictionary	CC-CEDICT
si4|四	dictionary	CC-CEDICT
song4|送	dictionary	CC-CEDICT
su4liao4|塑料	dictionary	CC-CEDICT
tai4yang2|太阳	dictionary	CC-CEDICT
tang2|糖	dictionary	CC-CEDICT
teng2|疼	dictionary	CC-CEDICT
tian1|天	dictionary	CC-CEDICT
tian2|田	dictionary	CC-CEDICT
tiao4wu3|跳舞	dictionary	CC-CEDICT
tiao4|跳	dictionary	CC-CEDICT
tie3|铁	dictionary	CC-CEDICT
ting2|停	dictionary	CC-CEDICT
tou2fa5|头发	dictionary	CC-CEDICT
tou2|头	dictionary	CC-CEDICT
tu2hua4|图画	dictionary	CC-CEDICT
tui1|推	dictionary	CC-CEDICT
tui3|腿	dictionary	CC-CEDICT
wa4zi5|袜子	dictionary	CC-CEDICT
wai4tao4|外套	dictionary	CC-CEDICT
wan2|玩	dictionary	CC-CEDICT
wan3|碗	dictionary	CC-CEDICT
wu1ding3|屋顶	dictionary	CC-CEDICT
wu3|五	dictionary	CC-CEDICT
xi1wang4|希望	dictionary	CC-CEDICT
xi1|西	dictionary	CC-CEDICT
xi3huan5|喜欢	dictionary	CC-CEDICT
xia4|下	dictionary	CC-CEDICT
xia4|夏	dictionary	CC-CEDICT
xian4zai4|现在	dictionary	CC-CEDICT
xian4|线	dictionary	CC-CEDICT
xiang3|想	dictionary	CC-CEDICT
xiang4ji1|相机	dictionary	CC-CEDICT
xiao3shi2|小时	dictionary	CC-CEDICT
xiao3|小	dictionary	CC-CEDICT
xie3|写	dictionary	CC-CEDICT
xin1|心	dictionary	CC-CEDICT
xin1|新	dictionary	CC-CEDICT
xin4|信	dictionary	CC-CEDICT
xing1qi1|星期	dictionary	CC-CEDICT
xing1|星	dictionary	CC-CEDICT
xing2zhuang4|形状	dictionary	CC-CEDICT
xiong2|熊	dictionary	CC-CEDICT
xu1yao4|需要	dictionary	CC-CEDICT
xue2sheng5|学生	dictionary	CC-CEDICT
xue2xiao4|学校	dictionary	CC-CEDICT
xue3|雪	dictionary	CC-CEDICT
xue4|血	dictionary	CC-CEDICT
ya1|鸭	dictionary	CC-CEDICT
yan1|烟	dictionary	CC-CEDICT
yan2se4|颜色	dictionary	CC-CEDICT
yan2shi2|岩石	dictionary	CC-CEDICT
yan2|盐	dictionary	CC-CEDICT
yan3jing5|眼睛	dictionary	CC-CEDICT
yao4shi5|钥匙	dictionary	CC-CEDICT
yao4|药	dictionary	CC-CEDICT
yao4|要	dictionary	CC-CEDICT
ye4zi5|叶子	dictionary	CC-CEDICT
ye4|夜	dictionary	CC-CEDICT
ye4|页	dictionary	CC-CEDICT
yi1yuan4|医院	dictionary	CC-CEDICT
yi1|一	dictionary	CC-CEDICT
yi4shu4|艺术	dictionary	CC-CEDICT
yin1yue4|音乐	dictionary	CC-CEDICT
yin2|银	dictionary	CC-CEDICT
ying4bi4|硬币	dictionary	CC-CEDICT
ying4|硬	dictionary	CC-CEDICT
you2xi4|游戏	dictionary	CC-CEDICT
you2yong3|游泳	dictionary	CC-CEDICT
you3shi2|有时	dictionary	CC-CEDICT
you4|右	dictionary	CC-CEDICT
yu2|鱼	dictionary	CC-CEDICT
yu3|雨	dictionary	CC-CEDICT
yuan2|圆	dictionary	CC-CEDICT
yue4liang4|月亮	dictionary	CC-CEDICT
yue4|月	dictionary	CC-CEDICT
yun2|云	dictionary	CC-CEDICT
zao3shang5|早上	dictionary	CC-CEDICT
zao4yin1|噪音	dictionary	CC-CEDICT
zhan4zheng1|战争	dictionary	CC-CEDICT
chang2|长	dictionary	CC-CEDICT
zhao3|找	dictionary	CC-CEDICT
zhe4li3|这里	dictionary	CC-CEDICT
zhen4|镇	dictionary	CC-CEDICT
zhi1dao4|知道	dictionary	CC-CEDICT
zhi2wu4|植物	dictionary	CC-CEDICT
zhi3|纸	dictionary	CC-CEDICT
zhong1jian1|中间	dictionary	CC-CEDICT
zhong3zi5|种子	dictionary	CC-CEDICT
zhu1|猪	dictionary	CC-CEDICT
zhuo1zi5|桌子	dictionary	CC-CEDICT
zi4ran2|自然	dictionary	CC-CEDICT
zong3shi4|总是	dictionary	CC-CEDICT
zou3|走	dictionary	CC-CEDICT
zui3|嘴	dictionary	CC-CEDICT
zuo3|左	dictionary	CC-CEDICT
zuo4|做	dictionary	CC-CEDICT
zi4ji3|自己	dictionary	CC-CEDICT
ke3yi3|可以	dictionary	CC-CEDICT
yi3jing1|已经	dictionary	CC-CEDICT
zhe4yang4|这样	dictionary	CC-CEDICT
ru2guo3|如果	dictionary	CC-CEDICT
yin1wei4|因为	dictionary	CC-CEDICT
wen4ti2|问题	dictionary	CC-CEDICT
dan4shi4|但是	dictionary	CC-CEDICT
ke3neng2|可能	dictionary	CC-CEDICT
suo3yi3|所以	dictionary	CC-CEDICT
na4me5|那么	dictionary	CC-CEDICT
zhe4me5|这么	dictionary	CC-CEDICT
ren4wei2|认为	dictionary	CC-CEDICT
ying1gai1|应该	dictionary	CC-CEDICT
da4jia1|大家	dictionary	CC-CEDICT
fa1xian4|发现	dictionary	CC-CEDICT
yi1ding4|一定	dictionary	CC-CEDICT
yi1zhi2|一直	dictionary	CC-CEDICT
bu4guo4|不过	dictionary	CC-CEDICT
gong1si1|公司	dictionary	CC-CEDICT
bu4yao4|不要	dictionary	CC-CEDICT
suo3you3|所有	dictionary	CC-CEDICT
er2qie3|而且	dictionary	CC-CEDICT
bi4xu1|必须	dictionary	CC-CEDICT
cheng2wei2|成为	dictionary	CC-CEDICT
qi2ta1|其他	dictionary	CC-CEDICT
shi4qing5|事情	dictionary	CC-CEDICT
gan3jue2|感觉	dictionary	CC-CEDICT
wei4shen2me5|为什么	dictionary	CC-CEDICT
jin4xing2|进行	dictionary	CC-CEDICT
chu1xian4|出现	dictionary	CC-CEDICT
jian4dao4|见到	dictionary	CC-CEDICT
tong1guo4|通过	dictionary	CC-CEDICT
guo4qu4|过去	dictionary	CC-CEDICT
can1jia1|参加	dictionary	CC-CEDICT
an1quan2|安全	dictionary	CC-CEDICT
jie1guo3|结果	dictionary	CC-CEDICT
huo4zhe3|或者	dictionary	CC-CEDICT
bu4cuo4|不错	dictionary	CC-CEDICT
ji1hui4|机会	dictionary	CC-CEDICT
wan2quan2|完全	dictionary	CC-CEDICT
ji4hua4|计划	dictionary	CC-CEDICT
ke3shi4|可是	dictionary	CC-CEDICT
yi3hou4|以后	dictionary	CC-CEDICT
yao1qiu2|要求	dictionary	CC-CEDICT
xiang1xin4|相信	dictionary	CC-CEDICT
sui1ran2|虽然	dictionary	CC-CEDICT
yuan2yin1|原因	dictionary	CC-CEDICT
zhi3yao4|只要	dictionary	CC-CEDICT
jin4ru4|进入	dictionary	CC-CEDICT
bu4tong2|不同	dictionary	CC-CEDICT
you3ren2|有人	dictionary	CC-CEDICT
fen1zhong1|分钟	dictionary	CC-CEDICT
jie1shou4|接受	dictionary	CC-CEDICT
qi2zhong1|其中	dictionary	CC-CEDICT
neng2gou4|能够	dictionary	CC-CEDICT
wan2cheng2|完成	dictionary	CC-CEDICT
nu3li4|努力	dictionary	CC-CEDICT
dang1shi2|当时	dictionary	CC-CEDICT
bu4fen5|部分	dictionary	CC-CEDICT
yi3qian2|以前	dictionary	CC-CEDICT
ban4fa3|办法	dictionary	CC-CEDICT
te4bie2|特别	dictionary	CC-CEDICT
zhen1zheng4|真正	dictionary	CC-CEDICT
gai3bian4|改变	dictionary	CC-CEDICT
li2kai1|离开	dictionary	CC-CEDICT
tong2shi2|同时	dictionary	CC-CEDICT
yi3wei2|以为	dictionary	CC-CEDICT
fang1fa3|方法	dictionary	CC-CEDICT
zhi2jie1|直接	dictionary	CC-CEDICT
ying3xiang3|影响	dictionary	CC-CEDICT
yong3yuan3|永远	dictionary	CC-CEDICT
ye3xu3|也许	dictionary	CC-CEDICT
fang1mian4|方面	dictionary	CC-CEDICT
huo2dong4|活动	dictionary	CC-CEDICT
xin4xi1|信息	dictionary	CC-CEDICT
zui4jin4|最近	dictionary	CC-CEDICT
kuai4le4|快乐	dictionary	CC-CEDICT
shi3yong4|使用	dictionary	CC-CEDICT
lai2zi4|来自	dictionary	CC-CEDICT
jian3cha2|检查	dictionary	CC-CEDICT
zhong1xin1|中心	dictionary	CC-CEDICT
xing2dong4|行动	dictionary	CC-CEDICT
kai1xin1|开心	dictionary	CC-CEDICT
dai4lai2|带来	dictionary	CC-CEDICT
guo4lai2|过来	dictionary	CC-CEDICT
quan2bu4|全部	dictionary	CC-CEDICT
gang1gang5|刚刚	dictionary	CC-CEDICT
zheng4chang2|正常	dictionary	CC-CEDICT
fu2wu4|服务	dictionary	CC-CEDICT
xiang3dao4|想到	dictionary	CC-CEDICT
xing2wei2|行为	dictionary	CC-CEDICT
hao3xiang4|好像	dictionary	CC-CEDICT
yuan4yi4|愿意	dictionary	CC-CEDICT
gan3xie4|感谢	dictionary	CC-CEDICT
na4yang4|那样	dictionary	CC-CEDICT
zhao4pian4|照片	dictionary	CC-CEDICT
gan3dao4|感到	dictionary	CC-CEDICT
qing1chu5|清楚	dictionary	CC-CEDICT
yin2hang2|银行	dictionary	CC-CEDICT
yuan2lai2|原来	dictionary	CC-CEDICT
ta1men5|它们	dictionary	CC-CEDICT
huan1ying2|欢迎	dictionary	CC-CEDICT
yi1ban1|一般	dictionary	CC-CEDICT
ke3ai4|可爱	dictionary	CC-CEDICT
xin1wen2|新闻	dictionary	CC-CEDICT
zuo4dao4|做到	dictionary	CC-CEDICT
zen3yang4|怎样	dictionary	CC-CEDICT
bian4cheng2|变成	dictionary	CC-CEDICT
shou4dao4|受到	dictionary	CC-CEDICT
jing1guo4|经过	dictionary	CC-CEDICT
zhi3neng2|只能	dictionary	CC-CEDICT
chong2xin1|重新	dictionary	CC-CEDICT
piao4liang5|漂亮	dictionary	CC-CEDICT
mian4qian2|面前	dictionary	CC-CEDICT
jie2mu4|节目	dictionary	CC-CEDICT
zuo4yong4|作用	dictionary	CC-CEDICT
shuo1ming2|说明	dictionary	CC-CEDICT
xu3duo1|许多	dictionary	CC-CEDICT
tong2yang4|同样	dictionary	CC-CEDICT
shen1bian1|身边	dictionary	CC-CEDICT
yue4lai2yue4|越来越	dictionary	CC-CEDICT
yi4si5|意思	dictionary	CC-CEDICT
yi4jian4|意见	dictionary	CC-CEDICT
zhu3yao4|主要	dictionary	CC-CEDICT
bu4shao3|不少	dictionary	CC-CEDICT
tao3lun4|讨论	dictionary	CC-CEDICT
chao1guo4|超过	dictionary	CC-CEDICT
bi3ru2|比如	dictionary	CC-CEDICT
hou4lai2|后来	dictionary	CC-CEDICT
zi4you2|自由	dictionary	CC-CEDICT
jiu4yao4|就要	dictionary	CC-CEDICT
jia1you2|加油	dictionary	CC-CEDICT
shi2fen1|十分	dictionary	CC-CEDICT
nian2qing1|年轻	dictionary	CC-CEDICT
tiao2jian4|条件	dictionary	CC-CEDICT
wan3an1|晚安	dictionary	CC-CEDICT
guang3gao4|广告	dictionary	CC-CEDICT
ti2chu1|提出	dictionary	CC-CEDICT
shang4wei4|尚未	dictionary	CC-CEDICT
wen2jian4|文件	dictionary	CC-CEDICT
cheng2xu4|程序	dictionary	CC-CEDICT
qu3dai4|取代	dictionary	CC-CEDICT
shi2ji4|实际	dictionary	CC-CEDICT
wei4neng2|未能	dictionary	CC-CEDICT
tou2ru4|投入	dictionary	CC-CEDICT
di4mian4|地面	dictionary	CC-CEDICT
fa3yuan4|法院	dictionary	CC-CEDICT
ying1chi3|英尺	dictionary	CC-CEDICT
zhong1gong4|中共	dictionary	CC-CEDICT
xiang1guan1|相关	dictionary	CC-CEDICT
sui2hou4|随后	dictionary	CC-CEDICT
biao1zhun3|标准	dictionary	CC-CEDICT
gai4nian4|概念	dictionary	CC-CEDICT
jian4zao4|建造	dictionary	CC-CEDICT
xiao4guo3|效果	dictionary	CC-CEDICT
jing3fang1|警方	dictionary	CC-CEDICT
she4you3|设有	dictionary	CC-CEDICT
zhi4zuo4|制作	dictionary	CC-CEDICT
fang1an4|方案	dictionary	CC-CEDICT
yue4tai2|月台	dictionary	CC-CEDICT
nan2zi5|男子	dictionary	CC-CEDICT
ou1zhou1|欧洲	dictionary	CC-CEDICT
kai1fa1|开发	dictionary	CC-CEDICT
yan3chang4|演唱	dictionary	CC-CEDICT
huang2di4|皇帝	dictionary	CC-CEDICT
di4xia4|地下	dictionary	CC-CEDICT
shui3yu4|水域	dictionary	CC-CEDICT
ju4da4|巨大	dictionary	CC-CEDICT
kuai4su4|快速	dictionary	CC-CEDICT
you3xiao4|有效	dictionary	CC-CEDICT
zhan4dou4|战斗	dictionary	CC-CEDICT
ren2gong1|人工	dictionary	CC-CEDICT
da4duo1|大多	dictionary	CC-CEDICT
ying3pian4|影片	dictionary	CC-CEDICT
ji2zhong1|集中	dictionary	CC-CEDICT
fa1biao3|发表	dictionary	CC-CEDICT
bu4fen4|部份	dictionary	CC-CEDICT
ge2ming4|革命	dictionary	CC-CEDICT
qi3ye4|企业	dictionary	CC-CEDICT
chuan2tong3|传统	dictionary	CC-CEDICT
wang3luo4|网络	dictionary	CC-CEDICT
hao2mi3|毫米	dictionary	CC-CEDICT
dan1wei4|单位	dictionary	CC-CEDICT
yuan2su4|元素	dictionary	CC-CEDICT
si1xiang3|思想	dictionary	CC-CEDICT
shui3ping2|水平	dictionary	CC-CEDICT
zhi1yuan2|支援	dictionary	CC-CEDICT
xun4su4|迅速	dictionary	CC-CEDICT
bei3bu4|北部	dictionary	CC-CEDICT
mei2ti3|媒体	dictionary	CC-CEDICT
ju1zhu4|居住	dictionary	CC-CEDICT
shi4min2|市民	dictionary	CC-CEDICT
jin4shi4|进士	dictionary	CC-CEDICT
bi4mian3|避免	dictionary	CC-CEDICT
ci3hou4|此后	dictionary	CC-CEDICT
sheng1zhang3|生长	dictionary	CC-CEDICT
ting2zhi3|停止	dictionary	CC-CEDICT
an4zhao4|按照	dictionary	CC-CEDICT
jie1jin4|接近	dictionary	CC-CEDICT
bao3liu2|保留	dictionary	CC-CEDICT
chu1qi1|初期	dictionary	CC-CEDICT
mou3xie1|某些	dictionary	CC-CEDICT
sheng1ya2|生涯	dictionary	CC-CEDICT
chang4pian4|唱片	dictionary	CC-CEDICT
he2xin1|核心	dictionary	CC-CEDICT
zhong1wen2|中文	dictionary	CC-CEDICT
qu3xiao1|取消	dictionary	CC-CEDICT
ming2cheng1|名称	dictionary	CC-CEDICT
li3lun4|理论	dictionary	CC-CEDICT
ke1xue2|科学	dictionary	CC-CEDICT
di4wu3|第五	dictionary	CC-CEDICT
wen2zhang1|文章	dictionary	CC-CEDICT
bu4zu2|不足	dictionary	CC-CEDICT
quan2mian4|全面	dictionary	CC-CEDICT
da4lu4|大陆	dictionary	CC-CEDICT
shi2xian4|实现	dictionary	CC-CEDICT
ti2sheng1|提升	dictionary	CC-CEDICT
cai2liao4|材料	dictionary	CC-CEDICT
zuo4chu1|作出	dictionary	CC-CEDICT
nan2bu4|南部	dictionary	CC-CEDICT
ge4di4|各地	dictionary	CC-CEDICT
de2yi3|得以	dictionary	CC-CEDICT
jin4zhi3|禁止	dictionary	CC-CEDICT
fan3hui2|返回	dictionary	CC-CEDICT
neng2liang4|能量	dictionary	CC-CEDICT
gao1zhong1|高中	dictionary	CC-CEDICT
chu1sheng1|出生	dictionary	CC-CEDICT
nan2jing1|南京	dictionary	CC-CEDICT
zuo4zhe3|作者	dictionary	CC-CEDICT
shi2er4|十二	dictionary	CC-CEDICT
jian4cheng2|建成	dictionary	CC-CEDICT
de2zhi1|得知	dictionary	CC-CEDICT
pu3tong1|普通	dictionary	CC-CEDICT
biao3mian4|表面	dictionary	CC-CEDICT
fa1bu4|发布	dictionary	CC-CEDICT
zai4du4|再度	dictionary	CC-CEDICT
jing4nei4|境内	dictionary	CC-CEDICT
shi2dai4|时代	dictionary	CC-CEDICT
fan4wei2|范围	dictionary	CC-CEDICT
ren4ming4|任命	dictionary	CC-CEDICT
ji2qi2|及其	dictionary	CC-CEDICT
zhi2zhi4|直至	dictionary	CC-CEDICT
xi1fang1|西方	dictionary	CC-CEDICT
fan3dui4|反对	dictionary	CC-CEDICT
nian2du4|年度	dictionary	CC-CEDICT
zhi1xia4|之下	dictionary	CC-CEDICT
jie2zhi4|截至	dictionary	CC-CEDICT
yu3yan2|语言	dictionary	CC-CEDICT
bo1fang4|播放	dictionary	CC-CEDICT
bai2se4|白色	dictionary	CC-CEDICT
jiang4di1|降低	dictionary	CC-CEDICT
gong1min2|公民	dictionary	CC-CEDICT
ke3da2|可达	dictionary	CC-CEDICT
shi4bing1|士兵	dictionary	CC-CEDICT
wan2zheng3|完整	dictionary	CC-CEDICT
ba1shi4|巴士	dictionary	CC-CEDICT
pu3bian4|普遍	dictionary	CC-CEDICT
xian4lu4|线路	dictionary	CC-CEDICT
bei4jing3|背景	dictionary	CC-CEDICT
xu1qiu2|需求	dictionary	CC-CEDICT
ge4zhong3|各种	dictionary	CC-CEDICT
hai3jun1|海军	dictionary	CC-CEDICT
zhong1xue2|中学	dictionary	CC-CEDICT
ju3xing2|举行	dictionary	CC-CEDICT
zhong4da4|重大	dictionary	CC-CEDICT
ying4yong4|应用	dictionary	CC-CEDICT
xi1nan2|西南	dictionary	CC-CEDICT
yin1su4|因素	dictionary	CC-CEDICT
te4ding4|特定	dictionary	CC-CEDICT
feng1ge2|风格	dictionary	CC-CEDICT
gai3ming2|改名	dictionary	CC-CEDICT
sen1lin2|森林	dictionary	CC-CEDICT
wen2zi4|文字	dictionary	CC-CEDICT
you3zhu4|有着	dictionary	CC-CEDICT
yan3yuan2|演员	dictionary	CC-CEDICT
yuan2nian2|元年	dictionary	CC-CEDICT
chu1kou3|出口	dictionary	CC-CEDICT
cao1zuo4|操作	dictionary	CC-CEDICT
mo2xing2|模型	dictionary	CC-CEDICT
gong1fen1|公分	dictionary	CC-CEDICT
gai3shan4|改善	dictionary	CC-CEDICT
dian4|电	dictionary	CC-CEDICT
tong3zhi4|统治	dictionary	CC-CEDICT
sheng4li4|胜利	dictionary	CC-CEDICT
yi1jia1|一家	dictionary	CC-CEDICT
yi1bu4fen4|一部分	dictionary	CC-CEDICT
zhu3zhang1|主张	dictionary	CC-CEDICT
wei3da4|伟大	dictionary	CC-CEDICT
zen3me5ban4|怎么办	dictionary	CC-CEDICT
wo3yao4|我要	dictionary	CC-CEDICT
huan4|换	dictionary	CC-CEDICT
gai3|改	dictionary	CC-CEDICT
shi4yin1wei4|是因为	dictionary	CC-CEDICT
mao2ze2dong1|毛泽东	dictionary	CC-CEDICT
huo2|活	dictionary	CC-CEDICT
te4|特	dictionary	CC-CEDICT
gui1ze2|规则	dictionary	CC-CEDICT
mao4yi4|贸易	dictionary	CC-CEDICT
zhe4wei4|这位	dictionary	CC-CEDICT
mian4lin2|面临	dictionary	CC-CEDICT
xiang4|项	dictionary	CC-CEDICT
yi1zhang1|一张	dictionary	CC-CEDICT
yi1ju4|依据	dictionary	CC-CEDICT
lao2dong4|劳动	dictionary	CC-CEDICT
fa1chu1|发出	dictionary	CC-CEDICT
he2fa3|合法	dictionary	CC-CEDICT
ma1|妈	dictionary	CC-CEDICT
wang3|往	dictionary	CC-CEDICT
cheng2zhang3|成长	dictionary	CC-CEDICT
kuo4da4|扩大	dictionary	CC-CEDICT
yang4zi5|样子	dictionary	CC-CEDICT
xiang1dui4|相对	dictionary	CC-CEDICT
li2|离	dictionary	CC-CEDICT
yun4yong4|运用	dictionary	CC-CEDICT
lian4jie1|链接	dictionary	CC-CEDICT
bu4ke3|不可	dictionary	CC-CEDICT
bu4gou4|不够	dictionary	CC-CEDICT
xi2guan4|习惯	dictionary	CC-CEDICT
ya4|亚	dictionary	CC-CEDICT
chuan2|传	dictionary	CC-CEDICT
zuo4|坐	dictionary	CC-CEDICT
gan4bu4|干部	dictionary	CC-CEDICT
di2ren2|敌人	dictionary	CC-CEDICT
jiu4|旧	dictionary	CC-CEDICT
meng4|梦	dictionary	CC-CEDICT
min2zhong4|民众	dictionary	CC-CEDICT
tong1zhi1|通知	dictionary	CC-CEDICT
zhuan1men2|专门	dictionary	CC-CEDICT
hu4lian2wang3|互联网	dictionary	CC-CEDICT
ti3|体	dictionary	CC-CEDICT
ti3xian4|体现	dictionary	CC-CEDICT
xing4qu4|兴趣	dictionary	CC-CEDICT
ji3tian1|几天	dictionary	CC-CEDICT
ka3|卡	dictionary	CC-CEDICT
he1|喝	dictionary	CC-CEDICT
fu4za2|复杂	dictionary	CC-CEDICT
shao3shu4|少数	dictionary	CC-CEDICT
zhi3dao3|指导	dictionary	CC-CEDICT
ming2que4|明确	dictionary	CC-CEDICT
li3you2|理由	dictionary	CC-CEDICT
lian2he2guo2|联合国	dictionary	CC-CEDICT
ping2guo3|苹果	dictionary	CC-CEDICT
zhu4|著	dictionary	CC-CEDICT
ji4suan4|计算	dictionary	CC-CEDICT
huo4bi4|货币	dictionary	CC-CEDICT
ying2|赢	dictionary	CC-CEDICT
sui2|随	dictionary	CC-CEDICT
zheng1qu3|争取	dictionary	CC-CEDICT
chuan2bo1|传播	dictionary	CC-CEDICT
ti3zhi4|体制	dictionary	CC-CEDICT
zhi2|值	dictionary	CC-CEDICT
dan1|单	dictionary	CC-CEDICT
fou3ze2|否则	dictionary	CC-CEDICT
zhou1|周	dictionary	CC-CEDICT
du4|度	dictionary	CC-CEDICT
hen3da4|很大	dictionary	CC-CEDICT
hen3kuai4|很快	dictionary	CC-CEDICT
wo3hui4|我会	dictionary	CC-CEDICT
wen2|文	dictionary	CC-CEDICT
si1|斯	dictionary	CC-CEDICT
za2zhi4|杂志	dictionary	CC-CEDICT
man3zu2|满足	dictionary	CC-CEDICT
dian4shi4tai2|电视台	dictionary	CC-CEDICT
yu3|语	dictionary	CC-CEDICT
jin4bu4|进步	dictionary	CC-CEDICT
lian2xu4|连续	dictionary	CC-CEDICT
zao1|遭	dictionary	CC-CEDICT
jiu3|久	dictionary	CC-CEDICT
jin1|今	dictionary	CC-CEDICT
cong2shi4|从事	dictionary	CC-CEDICT
you1xiu4|优秀	dictionary	CC-CEDICT
zhi4ding4|制定	dictionary	CC-CEDICT
shuang1|双	dictionary	CC-CEDICT
shi3|史	dictionary	CC-CEDICT
yuan2gong1|员工	dictionary	CC-CEDICT
qiang2lie4|强烈	dictionary	CC-CEDICT
tiao3zhan4|挑战	dictionary	CC-CEDICT
tui1jin4|推进	dictionary	CC-CEDICT
zheng3ti3|整体	dictionary	CC-CEDICT
wen2ming2|文明	dictionary	CC-CEDICT
ming2|明	dictionary	CC-CEDICT
xian3ran2|显然	dictionary	CC-CEDICT
mou3|某	dictionary	CC-CEDICT
te4dian3|特点	dictionary	CC-CEDICT
jie1|皆	dictionary	CC-CEDICT
kan4zhe5|看着	dictionary	CC-CEDICT
ke1|科	dictionary	CC-CEDICT
niu3yue1|纽约	dictionary	CC-CEDICT
mei3li4|美丽	dictionary	CC-CEDICT
lao3po2|老婆	dictionary	CC-CEDICT
fang3wen4|访问	dictionary	CC-CEDICT
ping2jia4|评价	dictionary	CC-CEDICT
gong4xian4|贡献	dictionary	CC-CEDICT
cai2chan3|财产	dictionary	CC-CEDICT
ju4li2|距离	dictionary	CC-CEDICT
na4zhong3|那种	dictionary	CC-CEDICT
zhong4shi4|重视	dictionary	CC-CEDICT
shi2pin3|食品	dictionary	CC-CEDICT
bu4hao3|不好	dictionary	CC-CEDICT
you1shi4|优势	dictionary	CC-CEDICT
shang1hai4|伤害	dictionary	CC-CEDICT
bao3zhang4|保障	dictionary	CC-CEDICT
jian1|兼	dictionary	CC-CEDICT
ban4|半	dictionary	CC-CEDICT
dui4xiang4|对象	dictionary	CC-CEDICT
jin3|尽	dictionary	CC-CEDICT
shi1|师	dictionary	CC-CEDICT
gan3shou4|感受	dictionary	CC-CEDICT
cun1|村	dictionary	CC-CEDICT
an4|案	dictionary	CC-CEDICT
fa3gui1|法规	dictionary	CC-CEDICT
yi2dong4|移动	dictionary	CC-CEDICT
fan1yi4|翻译	dictionary	CC-CEDICT
biao3da2|表达	dictionary	CC-CEDICT
she4shi1|设施	dictionary	CC-CEDICT
chu2|除	dictionary	CC-CEDICT
ren2ren2|人人	dictionary	CC-CEDICT
bao1|包	dictionary	CC-CEDICT
hua4|化	dictionary	CC-CEDICT
guan1|官	dictionary	CC-CEDICT
er3|尔	dictionary	CC-CEDICT
jiu4|救	dictionary	CC-CEDICT
geng4hao3|更好	dictionary	CC-CEDICT
zui4xin1|最新	dictionary	CC-CEDICT
li3|李	dictionary	CC-CEDICT
shui4|睡	dictionary	CC-CEDICT
fu2li4|福利	dictionary	CC-CEDICT
zi4dong4|自动	dictionary	CC-CEDICT
jie1|街	dictionary	CC-CEDICT
zheng4ju4|证据	dictionary	CC-CEDICT
lu4xian4|路线	dictionary	CC-CEDICT
gao1ji2|高级	dictionary	CC-CEDICT
yi1jian4|一件	dictionary	CC-CEDICT
yi1duan4|一段	dictionary	CC-CEDICT
wan4yuan2|万元	dictionary	CC-CEDICT
zhu3yi4|主义	dictionary	CC-CEDICT
ren2cai2|人才	dictionary	CC-CEDICT
yi4yuan2|亿元	dictionary	CC-CEDICT
ke4|克	dictionary	CC-CEDICT
chong1tu1|冲突	dictionary	CC-CEDICT
chu1|初	dictionary	CC-CEDICT
juan3|卷	dictionary	CC-CEDICT
fa1hui1|发挥	dictionary	CC-CEDICT
shou4shang1|受伤	dictionary	CC-CEDICT
na3ge5|哪个	dictionary	CC-CEDICT
shang1pin3|商品	dictionary	CC-CEDICT
guo2min2|国民	dictionary	CC-CEDICT
guo2min2dang3|国民党	dictionary	CC-CEDICT
kuai4|块	dictionary	CC-CEDICT
da4bu4fen4|大部分	dictionary	CC-CEDICT
dang1nian2|当年	dictionary	CC-CEDICT
pa4|怕	dictionary	CC-CEDICT
ge2|格	dictionary	CC-CEDICT
xiao1fei4|消费	dictionary	CC-CEDICT
wang3you3|网友	dictionary	CC-CEDICT
zhi4jin1|至今	dictionary	CC-CEDICT
xi1ban1ya2|西班牙	dictionary	CC-CEDICT
yan2|言	dictionary	CC-CEDICT
ke4cheng2|课程	dictionary	CC-CEDICT
zi1ge2|资格	dictionary	CC-CEDICT
chao1ji2|超级	dictionary	CC-CEDICT
a1|阿	dictionary	CC-CEDICT
shou3ci4|首次	dictionary	CC-CEDICT
zhu4|驻	dictionary	CC-CEDICT
chan3|产	dictionary	CC-CEDICT
pei2xun4|培训	dictionary	CC-CEDICT
ru2jin1|如今	dictionary	CC-CEDICT
shan1dong1|山东	dictionary	CC-CEDICT
cha4|差	dictionary	CC-CEDICT
di4guo2|帝国	dictionary	CC-CEDICT
tui1guang3|推广	dictionary	CC-CEDICT
xin1jia1po1|新加坡	dictionary	CC-CEDICT
ji1zhi4|机制	dictionary	CC-CEDICT
bao4fa1|爆发	dictionary	CC-CEDICT
she4hui4zhu3yi4|社会主义	dictionary	CC-CEDICT
di4yi2ge4|第一个	dictionary	CC-CEDICT
ji4nian4|纪念	dictionary	CC-CEDICT
lun4|论	dictionary	CC-CEDICT
chao1|超	dictionary	CC-CEDICT
chen2|陈	dictionary	CC-CEDICT
shi4wu4|事务	dictionary	CC-CEDICT
fen4|份	dictionary	CC-CEDICT
chong1man3|充满	dictionary	CC-CEDICT
qu1bie2|区别	dictionary	CC-CEDICT
fan3ying4|反映	dictionary	CC-CEDICT
chu3yu2|处于	dictionary	CC-CEDICT
shi2yan4|实验	dictionary	CC-CEDICT
zhan3kai1|展开	dictionary	CC-CEDICT
zhan4|战	dictionary	CC-CEDICT
diao4|掉	dictionary	CC-CEDICT
jie1|接	dictionary	CC-CEDICT
zhi1fu4|支付	dictionary	CC-CEDICT
shou1dao4|收到	dictionary	CC-CEDICT
jiao4xue2|教学	dictionary	CC-CEDICT
ji1xie4|机械	dictionary	CC-CEDICT
ji2|极	dictionary	CC-CEDICT
cha2|查	dictionary	CC-CEDICT
hua4|画	dictionary	CC-CEDICT
liang2shi2|粮食	dictionary	CC-CEDICT
wei2chi2|维持	dictionary	CC-CEDICT
jie2|节	dictionary	CC-CEDICT
guan1zhong4|观众	dictionary	CC-CEDICT
tie1|贴	dictionary	CC-CEDICT
zhe4jian4|这件	dictionary	CC-CEDICT
fei1zhou1|非洲	dictionary	CC-CEDICT
shang4mian4|上面	dictionary	CC-CEDICT
liang3nian2|两年	dictionary	CC-CEDICT
fa1dong4|发动	dictionary	CC-CEDICT
kou3|口	dictionary	CC-CEDICT
he2|合	dictionary	CC-CEDICT
tuan2jie2|团结	dictionary	CC-CEDICT
an1|安	dictionary	CC-CEDICT
shi2ji4shang4|实际上	dictionary	CC-CEDICT
xiao3xue2|小学	dictionary	CC-CEDICT
qiang2da4|强大	dictionary	CC-CEDICT
che4di3|彻底	dictionary	CC-CEDICT
dai4|待	dictionary	CC-CEDICT
qiang1|枪	dictionary	CC-CEDICT
wu3han4|武汉	dictionary	CC-CEDICT
bi3li4|比例	dictionary	CC-CEDICT
sheng1tai4|生态	dictionary	CC-CEDICT
guan1cha2|观察	dictionary	CC-CEDICT
gui1fan4|规范	dictionary	CC-CEDICT
yun4shu1|运输	dictionary	CC-CEDICT
liang4|量	dictionary	CC-CEDICT
chu1fa1|出发	dictionary	CC-CEDICT
ge4ge4|各个	dictionary	CC-CEDICT
ting1shuo1|听说	dictionary	CC-CEDICT
pei2yang3|培养	dictionary	CC-CEDICT
tian1xia4|天下	dictionary	CC-CEDICT
wan2mei3|完美	dictionary	CC-CEDICT
xin1li3|心里	dictionary	CC-CEDICT
huai2yi2|怀疑	dictionary	CC-CEDICT
xing4zhi4|性质	dictionary	CC-CEDICT
xiang3fa3|想法	dictionary	CC-CEDICT
cao1|操	dictionary	CC-CEDICT
zheng4shi4|正是	dictionary	CC-CEDICT
zhu4ce4|注册	dictionary	CC-CEDICT
ce4shi4|测试	dictionary	CC-CEDICT
wang3shang4|网上	dictionary	CC-CEDICT
zi1chan3|资产	dictionary	CC-CEDICT
yi1xiang4|一项	dictionary	CC-CEDICT
cong2lai2|从来	dictionary	CC-CEDICT
sheng1ji2|升级	dictionary	CC-CEDICT
shen3cha2|审查	dictionary	CC-CEDICT
jiu4ye4|就业	dictionary	CC-CEDICT
tou2|投	dictionary	CC-CEDICT
gua4|挂	dictionary	CC-CEDICT
shen1zhen4|深圳	dictionary	CC-CEDICT
you2xing2|游行	dictionary	CC-CEDICT
zhi2bo1|直播	dictionary	CC-CEDICT
que4bao3|确保	dictionary	CC-CEDICT
biao3|表	dictionary	CC-CEDICT
ling3|领	dictionary	CC-CEDICT
ling3dao3ren2|领导人	dictionary	CC-CEDICT
pian4|骗	dictionary	CC-CEDICT
yi1bu4|一步	dictionary	CC-CEDICT
xia4mian4|下面	dictionary	CC-CEDICT
dong1fang1|东方	dictionary	CC-CEDICT
zhong4duo1|众多	dictionary	CC-CEDICT
bei4|倍	dictionary	CC-CEDICT
gong1ping2|公平	dictionary	CC-CEDICT
wei4sheng1|卫生	dictionary	CC-CEDICT
fu4|复	dictionary	CC-CEDICT
duo1me5|多么	dictionary	CC-CEDICT
shi2jian4|实践	dictionary	CC-CEDICT
shao4nv3|少女	dictionary	CC-CEDICT
gong1chang3|工厂	dictionary	CC-CEDICT
fang4zai4|放在	dictionary	CC-CEDICT
ri4zi5|日子	dictionary	CC-CEDICT
gou4cheng2|构成	dictionary	CC-CEDICT
mao2|毛	dictionary	CC-CEDICT
min2jian1|民间	dictionary	CC-CEDICT
zhu4|注	dictionary	CC-CEDICT
qing1|清	dictionary	CC-CEDICT
ai4qing2|爱情	dictionary	CC-CEDICT
shi2you2|石油	dictionary	CC-CEDICT
li4fa3|立法	dictionary	CC-CEDICT
zhuang1|装	dictionary	CC-CEDICT
san1nian2|三年	dictionary	CC-CEDICT
bu4gan3|不敢	dictionary	CC-CEDICT
yan2ge2|严格	dictionary	CC-CEDICT
ji3nian2|几年	dictionary	CC-CEDICT
li4|力	dictionary	CC-CEDICT
chang3|厂	dictionary	CC-CEDICT
da4gai4|大概	dictionary	CC-CEDICT
shen3pan4|审判	dictionary	CC-CEDICT
ceng2|层	dictionary	CC-CEDICT
ping2deng3|平等	dictionary	CC-CEDICT
yin3fa1|引发	dictionary	CC-CEDICT
dang1ju2|当局	dictionary	CC-CEDICT
shou1|收	dictionary	CC-CEDICT
yong4lai2|用来	dictionary	CC-CEDICT
jian1yu4|监狱	dictionary	CC-CEDICT
lian2bang1|联邦	dictionary	CC-CEDICT
du2zhe3|读者	dictionary	CC-CEDICT
fei4yong4|费用	dictionary	CC-CEDICT
wei2fa3|违法	dictionary	CC-CEDICT
jiu3dian4|酒店	dictionary	CC-CEDICT
dai4li3|代理	dictionary	CC-CEDICT
guan1bi4|关闭	dictionary	CC-CEDICT
chu1xi2|出席	dictionary	CC-CEDICT
pan4duan4|判断	dictionary	CC-CEDICT
shi4li4|势力	dictionary	CC-CEDICT
hou4mian4|后面	dictionary	CC-CEDICT
dao3yan3|导演	dictionary	CC-CEDICT
xiao3zu3|小组	dictionary	CC-CEDICT
mang2|忙	dictionary	CC-CEDICT
gu4|故	dictionary	CC-CEDICT
you3ge4|有个	dictionary	CC-CEDICT
zheng4yi4|正义	dictionary	CC-CEDICT
shen1|深	dictionary	CC-CEDICT
pian4|片	dictionary	CC-CEDICT
bing4|病	dictionary	CC-CEDICT
qu1shi4|趋势	dictionary	CC-CEDICT
zu2gou4|足够	dictionary	CC-CEDICT
zhuan3yi2|转移	dictionary	CC-CEDICT
zhui1|追	dictionary	CC-CEDICT
yu4suan4|预算	dictionary	CC-CEDICT
fei1|飞	dictionary	CC-CEDICT
yi1fen4|一份	dictionary	CC-CEDICT
yi1ju4|一句	dictionary	CC-CEDICT
yi1bu4|一部	dictionary	CC-CEDICT
luan4|乱	dictionary	CC-CEDICT
ren4he2ren2|任何人	dictionary	CC-CEDICT
zuo4chu1|做出	dictionary	CC-CEDICT
fen1lei4|分类	dictionary	CC-CEDICT
n2|嗯	dictionary	CC-CEDICT
si4ge4|四个	dictionary	CC-CEDICT
cheng2zhen4|城镇	dictionary	CC-CEDICT
duo1ge4|多个	dictionary	CC-CEDICT
jiu4suan4|就算	dictionary	CC-CEDICT
shi4zhang3|市长	dictionary	CC-CEDICT
kang4yi4|抗议	dictionary	CC-CEDICT
shi2ke4|时刻	dictionary	CC-CEDICT
lai2kan4|来看	dictionary	CC-CEDICT
biao1zhi4|标志	dictionary	CC-CEDICT
meng4xiang3|梦想	dictionary	CC-CEDICT
tong4ku3|痛苦	dictionary	CC-CEDICT
di2que4|的确	dictionary	CC-CEDICT
que4ren4|确认	dictionary	CC-CEDICT
li4chang3|立场	dictionary	CC-CEDICT
wang3ye4|网页	dictionary	CC-CEDICT
jin4kou3|进口	dictionary	CC-CEDICT
chong2qing4|重庆	dictionary	CC-CEDICT
yu4ce4|预测	dictionary	CC-CEDICT
pin2dao4|频道	dictionary	CC-CEDICT
zhu3dong4|主动	dictionary	CC-CEDICT
jiao1|交	dictionary	CC-CEDICT
xin4hao4|信号	dictionary	CC-CEDICT
xiang4shi4|像是	dictionary	CC-CEDICT
gang1cai2|刚才	dictionary	CC-CEDICT
ming2dan1|名单	dictionary	CC-CEDICT
di4zhen4|地震	dictionary	CC-CEDICT
gou4|够	dictionary	CC-CEDICT
ying1dang1|应当	dictionary	CC-CEDICT
dang1zhong1|当中	dictionary	CC-CEDICT
wei1xin4|微信	dictionary	CC-CEDICT
cheng2jiu4|成就	dictionary	CC-CEDICT
ting3|挺	dictionary	CC-CEDICT
jiang1su1|江苏	dictionary	CC-CEDICT
miao3|秒	dictionary	CC-CEDICT
luo2|罗	dictionary	CC-CEDICT
bu3chong1|补充	dictionary	CC-CEDICT
ji4|记	dictionary	CC-CEDICT
long2|龙	dictionary	CC-CEDICT
lin2shi2|临时	dictionary	CC-CEDICT
zheng1yi4|争议	dictionary	CC-CEDICT
ren2da4|人大	dictionary	CC-CEDICT
gong1|供	dictionary	CC-CEDICT
chong1|冲	dictionary	CC-CEDICT
ming4yun4|命运	dictionary	CC-CEDICT
ku1|哭	dictionary	CC-CEDICT
di4tu2|地图	dictionary	CC-CEDICT
sheng1ming2|声明	dictionary	CC-CEDICT
shi3zhong1|始终	dictionary	CC-CEDICT
shi2li4|实力	dictionary	CC-CEDICT
xiao3hai2|小孩	dictionary	CC-CEDICT
guang3da4|广大	dictionary	CC-CEDICT
gan3|敢	dictionary	CC-CEDICT
xin1jiang1|新疆	dictionary	CC-CEDICT
ao4zhou1|澳洲	dictionary	CC-CEDICT
zhao4gu4|照顾	dictionary	CC-CEDICT
niu2|牛	dictionary	CC-CEDICT
bai3du4|百度	dictionary	CC-CEDICT
jing4ran2|竟然	dictionary	CC-CEDICT
gu3fen4|股份	dictionary	CC-CEDICT
jiao3du4|角度	dictionary	CC-CEDICT
cai3fang3|采访	dictionary	CC-CEDICT
guan3|馆	dictionary	CC-CEDICT
zhang4fu1|丈夫	dictionary	CC-CEDICT
bu4xing2|不行	dictionary	CC-CEDICT
jiao1huan4|交换	dictionary	CC-CEDICT
ti3yan4|体验	dictionary	CC-CEDICT
can1kao3|参考	dictionary	CC-CEDICT
sha2|啥	dictionary	CC-CEDICT
da4duo1shu4|大多数	dictionary	CC-CEDICT
tian1tian1|天天	dictionary	CC-CEDICT
shi2|实	dictionary	CC-CEDICT
ju2|局	dictionary	CC-CEDICT
ba1xi1|巴西	dictionary	CC-CEDICT
wang4|忘	dictionary	CC-CEDICT
si1kao3|思考	dictionary	CC-CEDICT
shou4quan2|授权	dictionary	CC-CEDICT
you3qu4|有趣	dictionary	CC-CEDICT
wu3zhuang1|武装	dictionary	CC-CEDICT
zhao4|照	dictionary	CC-CEDICT
deng3dai4|等待	dictionary	CC-CEDICT
zu3he2|组合	dictionary	CC-CEDICT
jing1dian3|经典	dictionary	CC-CEDICT
lv4se4|绿色	dictionary	CC-CEDICT
ji4suan4ji1|计算机	dictionary	CC-CEDICT
diao4|调	dictionary	CC-CEDICT
cai2fu4|财富	dictionary	CC-CEDICT
shi4ying4|适应	dictionary	CC-CEDICT
shi4dang4|适当	dictionary	CC-CEDICT
yi1zhi1|一只	dictionary	CC-CEDICT
yi1qun2|一群	dictionary	CC-CEDICT
yi4|义	dictionary	CC-CEDICT
shi4shi2shang4|事实上	dictionary	CC-CEDICT
er2|儿	dictionary	CC-CEDICT
dong4li4|动力	dictionary	CC-CEDICT
ji2jiang1|即将	dictionary	CC-CEDICT
zhou1nian2|周年	dictionary	CC-CEDICT
zan2men5|咱们	dictionary	CC-CEDICT
dui4dai4|对待	dictionary	CC-CEDICT
zuo4|座	dictionary	CC-CEDICT
bao4zhi3|报纸	dictionary	CC-CEDICT
ji4ran2|既然	dictionary	CC-CEDICT
lou2|楼	dictionary	CC-CEDICT
tai4guo2|泰国	dictionary	CC-CEDICT
lv4|率	dictionary	CC-CEDICT
pian1|篇	dictionary	CC-CEDICT
shi4|视	dictionary	CC-CEDICT
xiang4|象	dictionary	CC-CEDICT
zhuan4|赚	dictionary	CC-CEDICT
lian2jie2|连结	dictionary	CC-CEDICT
tong1|通	dictionary	CC-CEDICT
shou3du1|首都	dictionary	CC-CEDICT
hei1ren2|黑人	dictionary	CC-CEDICT
shang4shi4|上市	dictionary	CC-CEDICT
ren2min2bi4|人民币	dictionary	CC-CEDICT
ling4ren2|令人	dictionary	CC-CEDICT
hui4yuan2|会员	dictionary	CC-CEDICT
shi2nian2|十年	dictionary	CC-CEDICT
si1fa3|司法	dictionary	CC-CEDICT
sheng1|声	dictionary	CC-CEDICT
wan2shan4|完善	dictionary	CC-CEDICT
jia1zhang3|家长	dictionary	CC-CEDICT
dang1qian2|当前	dictionary	CC-CEDICT
yi4wai4|意外	dictionary	CC-CEDICT
gan3qing2|感情	dictionary	CC-CEDICT
wu1ran3|污染	dictionary	CC-CEDICT
jiu1jing4|究竟	dictionary	CC-CEDICT
da2an4|答案	dictionary	CC-CEDICT
hong2se4|红色	dictionary	CC-CEDICT
bei4hou4|背后	dictionary	CC-CEDICT
neng2yuan2|能源	dictionary	CC-CEDICT
zi4sha1|自杀	dictionary	CC-CEDICT
xi1zang4|西藏	dictionary	CC-CEDICT
jiang3hua4|讲话	dictionary	CC-CEDICT
xiang2xi4|详细	dictionary	CC-CEDICT
lun2|轮	dictionary	CC-CEDICT
ling3xiu4|领袖	dictionary	CC-CEDICT
dong1bu4|东部	dictionary	CC-CEDICT
liang3zhong3|两种	dictionary	CC-CEDICT
xiang1cun1|乡村	dictionary	CC-CEDICT
jue2yi4|决议	dictionary	CC-CEDICT
ji2shi2|及时	dictionary	CC-CEDICT
ke3pa4|可怕	dictionary	CC-CEDICT
he2li3|合理	dictionary	CC-CEDICT
zeng1qiang2|增强	dictionary	CC-CEDICT
da4xue2sheng1|大学生	dictionary	CC-CEDICT
shi4|室	dictionary	CC-CEDICT
gong1zi1|工资	dictionary	CC-CEDICT
fu3|府	dictionary	CC-CEDICT
nong4|弄	dictionary	CC-CEDICT
yi4|意	dictionary	CC-CEDICT
cheng2guo3|成果	dictionary	CC-CEDICT
suo3you3ren2|所有人	dictionary	CC-CEDICT
qiang3|抢	dictionary	CC-CEDICT
shou1ji2|收集	dictionary	CC-CEDICT
bao4li4|暴力	dictionary	CC-CEDICT
qi1dai4|期待	dictionary	CC-CEDICT
wu4|物	dictionary	CC-CEDICT
sheng1cun2|生存	dictionary	CC-CEDICT
liu2|留	dictionary	CC-CEDICT
zhi1|知	dictionary	CC-CEDICT
zui4|罪	dictionary	CC-CEDICT
gu3|股	dictionary	CC-CEDICT
yao4shi4|要是	dictionary	CC-CEDICT
fei4|费	dictionary	CC-CEDICT
ying2de2|赢得	dictionary	CC-CEDICT
ma3lai2xi1ya4|马来西亚	dictionary	CC-CEDICT
wei2zhu3|为主	dictionary	CC-CEDICT
ban4li3|办理	dictionary	CC-CEDICT
dong4tai4|动态	dictionary	CC-CEDICT
fa1she4|发射	dictionary	CC-CEDICT
zai4xian4|在线	dictionary	CC-CEDICT
di4li3|地理	dictionary	CC-CEDICT
bu4|布	dictionary	CC-CEDICT
zong3jie2|总结	dictionary	CC-CEDICT
qing2|情	dictionary	CC-CEDICT
cheng2shu2|成熟	dictionary	CC-CEDICT
zheng4dang3|政党	dictionary	CC-CEDICT
shu4xue2|数学	dictionary	CC-CEDICT
ti4|替	dictionary	CC-CEDICT
tiao2li4|条例	dictionary	CC-CEDICT
lin2|林	dictionary	CC-CEDICT
shen1ru4|深入	dictionary	CC-CEDICT
xian4dai4hua4|现代化	dictionary	CC-CEDICT
dian4li4|电力	dictionary	CC-CEDICT
kan4fa3|看法	dictionary	CC-CEDICT
ke1xue2jia1|科学家	dictionary	CC-CEDICT
jian3zhi2|简直	dictionary	CC-CEDICT
jian3cheng1|简称	dictionary	CC-CEDICT
ying1|英	dictionary	CC-CEDICT
zheng4quan4|证券	dictionary	CC-CEDICT
qing3qiu2|请求	dictionary	CC-CEDICT
cai2zheng4|财政	dictionary	CC-CEDICT
zou3xiang4|走向	dictionary	CC-CEDICT
zhe4yi1|这一	dictionary	CC-CEDICT
zhui1qiu2|追求	dictionary	CC-CEDICT
luo2ji2|逻辑	dictionary	CC-CEDICT
ji2ti3|集体	dictionary	CC-CEDICT
shun4li4|顺利	dictionary	CC-CEDICT
ma4|骂	dictionary	CC-CEDICT
ma2fan2|麻烦	dictionary	CC-CEDICT
yi1zuo4|一座	dictionary	CC-CEDICT
ye4|业	dictionary	CC-CEDICT
le4|乐	dictionary	CC-CEDICT
yun2nan2|云南	dictionary	CC-CEDICT
ren2jia1|人家	dictionary	CC-CEDICT
lun2dun1|伦敦	dictionary	CC-CEDICT
dang3yuan2|党员	dictionary	CC-CEDICT
ju4bei4|具备	dictionary	CC-CEDICT
ting1|厅	dictionary	CC-CEDICT
si1ji1|司机	dictionary	CC-CEDICT
zhou1wei2|周围	dictionary	CC-CEDICT
zi1xun2|咨询	dictionary	CC-CEDICT
duo1jiu3|多久	dictionary	CC-CEDICT
da4zhong4|大众	dictionary	CC-CEDICT
ping2|平	dictionary	CC-CEDICT
yi4da4li4|意大利	dictionary	CC-CEDICT
yuan4|愿	dictionary	CC-CEDICT
ti2xing3|提醒	dictionary	CC-CEDICT
gou1tong1|沟通	dictionary	CC-CEDICT
cai1|猜	dictionary	CC-CEDICT
ce4lve4|策略	dictionary	CC-CEDICT
fei1lv4bin1|菲律宾	dictionary	CC-CEDICT
zhuan3bian4|转变	dictionary	CC-CEDICT
bian1|边	dictionary	CC-CEDICT
wei2fan3|违反	dictionary	CC-CEDICT
yu4ji4|预计	dictionary	CC-CEDICT
gui3|鬼	dictionary	CC-CEDICT
diu1|丢	dictionary	CC-CEDICT
chuan2shuo1|传说	dictionary	CC-CEDICT
quan2ti3|全体	dictionary	CC-CEDICT
ci4ji1|刺激	dictionary	CC-CEDICT
xie2tiao2|协调	dictionary	CC-CEDICT
na3xie1|哪些	dictionary	CC-CEDICT
zhe2xue2|哲学	dictionary	CC-CEDICT
si4chuan1|四川	dictionary	CC-CEDICT
guo2hui4|国会	dictionary	CC-CEDICT
qi2guai4|奇怪	dictionary	CC-CEDICT
cha1yi4|差异	dictionary	CC-CEDICT
xing4yun4|幸运	dictionary	CC-CEDICT
gan3|感	dictionary	CC-CEDICT
cheng2dan1|承担	dictionary	CC-CEDICT
shou1gou4|收购	dictionary	CC-CEDICT
shou1fei4|收费	dictionary	CC-CEDICT
ri4chang2|日常	dictionary	CC-CEDICT
mei3ci4|每次	dictionary	CC-CEDICT
zhi4li3|治理	dictionary	CC-CEDICT
xiao1fei4zhe3|消费者	dictionary	CC-CEDICT
li3xiang3|理想	dictionary	CC-CEDICT
kan4qi3lai2|看起来	dictionary	CC-CEDICT
qian1shu3|签署	dictionary	CC-CEDICT
mei3nv3|美女	dictionary	CC-CEDICT
luo4shi2|落实	dictionary	CC-CEDICT
zhuang1bei4|装备	dictionary	CC-CEDICT
jie3fang4|解放	dictionary	CC-CEDICT
jing3gao4|警告	dictionary	CC-CEDICT
tui4chu1|退出	dictionary	CC-CEDICT
shi4yong4|适用	dictionary	CC-CEDICT
yi4mei3yuan2|亿美元	dictionary	CC-CEDICT
zuo4zhan4|作战	dictionary	CC-CEDICT
e2guo2|俄国	dictionary	CC-CEDICT
bao3xian3|保险	dictionary	CC-CEDICT
quan2min2|全民	dictionary	CC-CEDICT
dao4chu4|到处	dictionary	CC-CEDICT
qian2jin4|前进	dictionary	CC-CEDICT
hua4xue2|化学	dictionary	CC-CEDICT
bo2wu4guan3|博物馆	dictionary	CC-CEDICT
zhan4ling3|占领	dictionary	CC-CEDICT
fa1qi3|发起	dictionary	CC-CEDICT
tong2yi1|同一	dictionary	CC-CEDICT
ming4|命	dictionary	CC-CEDICT
nian2di3|年底	dictionary	CC-CEDICT
dang1xuan3|当选	dictionary	CC-CEDICT
xin1zhong1|心中	dictionary	CC-CEDICT
xiang3qi3|想起	dictionary	CC-CEDICT
fang2|房	dictionary	CC-CEDICT
she4ying3|摄影	dictionary	CC-CEDICT
ri4bao4|日报	dictionary	CC-CEDICT
ming2xing1|明星	dictionary	CC-CEDICT
xiang1hu4|相互	dictionary	CC-CEDICT
xiang1ying4|相应	dictionary	CC-CEDICT
po4|破	dictionary	CC-CEDICT
piao4|票	dictionary	CC-CEDICT
li4ke4|立刻	dictionary	CC-CEDICT
jie2lun4|结论	dictionary	CC-CEDICT
se4|色	dictionary	CC-CEDICT
cang2|藏	dictionary	CC-CEDICT
shi4yan4|试验	dictionary	CC-CEDICT
shu1|输	dictionary	CC-CEDICT
sui2shi2|随时	dictionary	CC-CEDICT
han2|韩	dictionary	CC-CEDICT
yi1sheng1|一生	dictionary	CC-CEDICT
shi4wu4|事物	dictionary	CC-CEDICT
yi1lang3|伊朗	dictionary	CC-CEDICT
ju4|具	dictionary	CC-CEDICT
fan3er2|反而	dictionary	CC-CEDICT
zuo4zai4|坐在	dictionary	CC-CEDICT
ji1|基	dictionary	CC-CEDICT
da4gui1mo2|大规模	dictionary	CC-CEDICT
an1zhuang1|安装	dictionary	CC-CEDICT
jiang1hui4|将会	dictionary	CC-CEDICT
xi1la4|希腊	dictionary	CC-CEDICT
nian2qing1ren2|年轻人	dictionary	CC-CEDICT
zong3bu4|总部	dictionary	CC-CEDICT
geng4shi4|更是	dictionary	CC-CEDICT
qi4|气	dictionary	CC-CEDICT
zhe4jiang1|浙江	dictionary	CC-CEDICT
man3|满	dictionary	CC-CEDICT
re4qing2|热情	dictionary	CC-CEDICT
xi1sheng1|牺牲	dictionary	CC-CEDICT
kong1qi4|空气	dictionary	CC-CEDICT
bian1|编	dictionary	CC-CEDICT
zhi2wu4|职务	dictionary	CC-CEDICT
gu3dong1|股东	dictionary	CC-CEDICT
qing1|轻	dictionary	CC-CEDICT
shou3|首	dictionary	CC-CEDICT
jiu4shi4|就是	dictionary	CC-CEDICT
fa1sheng1|发生	dictionary	CC-CEDICT
wei4le5|为了	dictionary	CC-CEDICT
zhi3shi4|只是	dictionary	CC-CEDICT
qing2kuang4|情况	dictionary	CC-CEDICT
bi3sai4|比赛	dictionary	CC-CEDICT
dan1xin1|担心	dictionary	CC-CEDICT
ji4xu4|继续	dictionary	CC-CEDICT
zhi1hou4|之后	dictionary	CC-CEDICT
guan1xi5|关系	dictionary	CC-CEDICT
liao3jie3|了解	dictionary	CC-CEDICT
yi1qie4|一切	dictionary	CC-CEDICT
ren4he2|任何	dictionary	CC-CEDICT
jue2ding4|决定	dictionary	CC-CEDICT
xuan3ze2|选择	dictionary	CC-CEDICT
zhi3you3|只有	dictionary	CC-CEDICT
ru2he2|如何	dictionary	CC-CEDICT
zuo4wei2|作为	dictionary	CC-CEDICT
qi2shi2|其实	dictionary	CC-CEDICT
dang1ran2|当然	dictionary	CC-CEDICT
xiao1xi5|消息	dictionary	CC-CEDICT
biao3xian4|表现	dictionary	CC-CEDICT
jie3jue2|解决	dictionary	CC-CEDICT
zhi1jian1|之间	dictionary	CC-CEDICT
cheng2gong1|成功	dictionary	CC-CEDICT
guan1yu2|关于	dictionary	CC-CEDICT
shen4zhi4|甚至	dictionary	CC-CEDICT
zhi1qian2|之前	dictionary	CC-CEDICT
wu2fa3|无法	dictionary	CC-CEDICT
dui4yu2|对于	dictionary	CC-CEDICT
jie2shu4|结束	dictionary	CC-CEDICT
diao4cha2|调查	dictionary	CC-CEDICT
fang1shi4|方式	dictionary	CC-CEDICT
mei3yuan2|美元	dictionary	CC-CEDICT
chu3li3|处理	dictionary	CC-CEDICT
zheng4fu3|政府	dictionary	CC-CEDICT
neng2li4|能力	dictionary	CC-CEDICT
bao3hu4|保护	dictionary	CC-CEDICT
zhi1chi2|支持	dictionary	CC-CEDICT
zhu4yi4|注意	dictionary	CC-CEDICT
xi4tong3|系统	dictionary	CC-CEDICT
shi4fou3|是否	dictionary	CC-CEDICT
yi3ji2|以及	dictionary	CC-CEDICT
zheng3ge4|整个	dictionary	CC-CEDICT
ji2le5|极了	dictionary	CC-CEDICT
yan2jiu1|研究	dictionary	CC-CEDICT
bao3zheng4|保证	dictionary	CC-CEDICT
gen1ben3|根本	dictionary	CC-CEDICT
mu4qian2|目前	dictionary	CC-CEDICT
bi3jiao4|比较	dictionary	CC-CEDICT
kao3lü4|考虑	dictionary	CC-CEDICT
cun2zai4|存在	dictionary	CC-CEDICT
ti2gong1|提供	dictionary	CC-CEDICT
zhong1yu2|终于	dictionary	CC-CEDICT
xian4chang3|现场	dictionary	CC-CEDICT
xia4lai5|下来	dictionary	CC-CEDICT
ge4ren2|个人	dictionary	CC-CEDICT
chu2le5|除了	dictionary	CC-CEDICT
dai4biao3|代表	dictionary	CC-CEDICT
bao3chi2|保持	dictionary	CC-CEDICT
tu1ran2|突然	dictionary	CC-CEDICT
li3mian4|里面	dictionary	CC-CEDICT
que4ding4|确定	dictionary	CC-CEDICT
mu4biao1|目标	dictionary	CC-CEDICT
ren4wu5|任务	dictionary	CC-CEDICT
lian2xi4|联系	dictionary	CC-CEDICT
yin1ci3|因此	dictionary	CC-CEDICT
he2zuo4|合作	dictionary	CC-CEDICT
ren2yuan2|人员	dictionary	CC-CEDICT
bao4gao4|报告	dictionary	CC-CEDICT
zhi4liao2|治疗	dictionary	CC-CEDICT
gen1ju4|根据	dictionary	CC-CEDICT
huo4de2|获得	dictionary	CC-CEDICT
sheng1ming4|生命	dictionary	CC-CEDICT
ming2xian3|明显	dictionary	CC-CEDICT
ceng2jing1|曾经	dictionary	CC-CEDICT
ling4wai4|另外	dictionary	CC-CEDICT
jian3dan1|简单	dictionary	CC-CEDICT
dao4di3|到底	dictionary	CC-CEDICT
jue2dui4|绝对	dictionary	CC-CEDICT
jian1chi2|坚持	dictionary	CC-CEDICT
hao3hao3|好好	dictionary	CC-CEDICT
ji4shu4|技术	dictionary	CC-CEDICT
she4ji4|设计	dictionary	CC-CEDICT
wei4lai2|未来	dictionary	CC-CEDICT
li4yong4|利用	dictionary	CC-CEDICT
kan4lai5|看来	dictionary	CC-CEDICT
jian4yi4|建议	dictionary	CC-CEDICT
yan2zhong4|严重	dictionary	CC-CEDICT
ge4wei4|各位	dictionary	CC-CEDICT
bao1kuo4|包括	dictionary	CC-CEDICT
yi4yi4|意义	dictionary	CC-CEDICT
bing4qie3|并且	dictionary	CC-CEDICT
she4hui4|社会	dictionary	CC-CEDICT
xia4qu4|下去	dictionary	CC-CEDICT
zheng4ming2|证明	dictionary	CC-CEDICT
ji4zhe3|记者	dictionary	CC-CEDICT
que4shi2|确实	dictionary	CC-CEDICT
bu4guan3|不管	dictionary	CC-CEDICT
fa1zhan3|发展	dictionary	CC-CEDICT
zhi4shao3|至少	dictionary	CC-CEDICT
jie3shi4|解释	dictionary	CC-CEDICT
fu4ze2|负责	dictionary	CC-CEDICT
shou3xian1|首先	dictionary	CC-CEDICT
jiao1yi4|交易	dictionary	CC-CEDICT
li4shi3|历史	dictionary	CC-CEDICT
li3jie3|理解	dictionary	CC-CEDICT
bao4dao4|报道	dictionary	CC-CEDICT
fu4mu3|父母	dictionary	CC-CEDICT
zhi1yi1|之一	dictionary	CC-CEDICT
an1pai2|安排	dictionary	CC-CEDICT
xiang4mu4|项目	dictionary	CC-CEDICT
zao4cheng2|造成	dictionary	CC-CEDICT
ren2sheng1|人生	dictionary	CC-CEDICT
hui4yi4|会议	dictionary	CC-CEDICT
xing4fu2|幸福	dictionary	CC-CEDICT
ze2ren4|责任	dictionary	CC-CEDICT
ren2min2|人民	dictionary	CC-CEDICT
mian4dui4|面对	dictionary	CC-CEDICT
shi4jian4|事件	dictionary	CC-CEDICT
ya1li4|压力	dictionary	CC-CEDICT
you2yu2|由于	dictionary	CC-CEDICT
jie2hun1|结婚	dictionary	CC-CEDICT
xun4lian4|训练	dictionary	CC-CEDICT
tong2yi4|同意	dictionary	CC-CEDICT
zong3tong3|总统	dictionary	CC-CEDICT
bu4men2|部门	dictionary	CC-CEDICT
si4hu1|似乎	dictionary	CC-CEDICT
ji1hu1|几乎	dictionary	CC-CEDICT
guo4cheng2|过程	dictionary	CC-CEDICT
bao3bei4|宝贝	dictionary	CC-CEDICT
wei4zhi5|位置	dictionary	CC-CEDICT
fu4jin4|附近	dictionary	CC-CEDICT
xuan3shou3|选手	dictionary	CC-CEDICT
can1yu4|参与	dictionary	CC-CEDICT
reng2ran2|仍然	dictionary	CC-CEDICT
xian3shi4|显示	dictionary	CC-CEDICT
er2shi4|而是	dictionary	CC-CEDICT
shu3yu2|属于	dictionary	CC-CEDICT
zhi2de5|值得	dictionary	CC-CEDICT
ren2lei4|人类	dictionary	CC-CEDICT
shou3shu4|手术	dictionary	CC-CEDICT
jing1li4|经历	dictionary	CC-CEDICT
jia1ru4|加入	dictionary	CC-CEDICT
xiong1di4|兄弟	dictionary	CC-CEDICT
yu4dao4|遇到	dictionary	CC-CEDICT
di4zhi3|地址	dictionary	CC-CEDICT
wu2lun4|无论	dictionary	CC-CEDICT
jin3zhang1|紧张	dictionary	CC-CEDICT
shi4shi2|事实	dictionary	CC-CEDICT
ben3lai2|本来	dictionary	CC-CEDICT
ji1ben3|基本	dictionary	CC-CEDICT
zhuan1jia1|专家	dictionary	CC-CEDICT
yi3lai2|以来	dictionary	CC-CEDICT
fan3ying4|反应	dictionary	CC-CEDICT
di4qu1|地区	dictionary	CC-CEDICT
guan1zhu4|关注	dictionary	CC-CEDICT
biao3yan3|表演	dictionary	CC-CEDICT
jing3cha2|警察	dictionary	CC-CEDICT
zi1liao4|资料	dictionary	CC-CEDICT
jia4zhi2|价值	dictionary	CC-CEDICT
xiang1dang1|相当	dictionary	CC-CEDICT
kun4nan5|困难	dictionary	CC-CEDICT
zhuan1ye4|专业	dictionary	CC-CEDICT
nan2dao4|难道	dictionary	CC-CEDICT
yu2shi4|于是	dictionary	CC-CEDICT
gui1ding4|规定	dictionary	CC-CEDICT
chan3sheng1|产生	dictionary	CC-CEDICT
dui4fang1|对方	dictionary	CC-CEDICT
zhuang4tai4|状态	dictionary	CC-CEDICT
xin1li3|心理	dictionary	CC-CEDICT
huan2jing4|环境	dictionary	CC-CEDICT
jian4li4|建立	dictionary	CC-CEDICT
ting2xia4|停下	dictionary	CC-CEDICT
geng4jia1|更加	dictionary	CC-CEDICT
lao3ban3|老板	dictionary	CC-CEDICT
qi1zi3|妻子	dictionary	CC-CEDICT
bi4yao4|必要	dictionary	CC-CEDICT
wei1xian3|危险	dictionary	CC-CEDICT
qin1ai4|亲爱	dictionary	CC-CEDICT
guan3li3|管理	dictionary	CC-CEDICT
shi4he2|适合	dictionary	CC-CEDICT
zheng4shi4|正式	dictionary	CC-CEDICT
yin3qi3|引起	dictionary	CC-CEDICT
mi4mi4|秘密	dictionary	CC-CEDICT
ling3dao3|领导	dictionary	CC-CEDICT
hei1se4|黑色	dictionary	CC-CEDICT
deng3deng3|等等	dictionary	CC-CEDICT
cong2er2|从而	dictionary	CC-CEDICT
yi1ran2|依然	dictionary	CC-CEDICT
bian4hua4|变化	dictionary	CC-CEDICT
lei4si4|类似	dictionary	CC-CEDICT
biao3ming2|表明	dictionary	CC-CEDICT
she4bei4|设备	dictionary	CC-CEDICT
yun4xing2|运行	dictionary	CC-CEDICT
gong1bu4|公布	dictionary	CC-CEDICT
chuang4zuo4|创作	dictionary	CC-CEDICT
ji1chu3|基础	dictionary	CC-CEDICT
chong2jian4|重建	dictionary	CC-CEDICT
ping2tai2|平台	dictionary	CC-CEDICT
dong1jing1|东京	dictionary	CC-CEDICT
fen4zi3|分子	dictionary	CC-CEDICT
xi1bu4|西部	dictionary	CC-CEDICT
sui2zhe5|随着	dictionary	CC-CEDICT
er4shi2|二十	dictionary	CC-CEDICT
yue4nan2|越南	dictionary	CC-CEDICT
dan1qu1|单曲	dictionary	CC-CEDICT
cuo4shi1|措施	dictionary	CC-CEDICT
ben3di4|本地	dictionary	CC-CEDICT
mei3ge4|每个	dictionary	CC-CEDICT
liu2xia4|留下	dictionary	CC-CEDICT
shang4ying4|上映	dictionary	CC-CEDICT
zhu3chi2|主持	dictionary	CC-CEDICT
shu1ji4|书记	dictionary	CC-CEDICT
zuo4jia1|作家	dictionary	CC-CEDICT
gong1lu4|公路	dictionary	CC-CEDICT
fen1bu4|分布	dictionary	CC-CEDICT
xing2xiang4|形象	dictionary	CC-CEDICT
geng1ming2|更名	dictionary	CC-CEDICT
liu2xing2|流行	dictionary	CC-CEDICT
yi2min2|移民	dictionary	CC-CEDICT
zhu2jian4|逐渐	dictionary	CC-CEDICT
lü3ke4|旅客	dictionary	CC-CEDICT
li4ji2|立即	dictionary	CC-CEDICT
chan3pin3|产品	dictionary	CC-CEDICT
ju3ban4|举办	dictionary	CC-CEDICT
she4li4|设立	dictionary	CC-CEDICT
cheng2ke4|乘客	dictionary	CC-CEDICT
gong1yuan2|公园	dictionary	CC-CEDICT
gai3zao4|改造	dictionary	CC-CEDICT
man4hua4|漫画	dictionary	CC-CEDICT
xian4dai4|现代	dictionary	CC-CEDICT
ji4lu4|纪录	dictionary	CC-CEDICT
xi1bei3|西北	dictionary	CC-CEDICT
shang4shu4|上述	dictionary	CC-CEDICT
zai1pei2|栽培	dictionary	CC-CEDICT
zi4shen1|自身	dictionary	CC-CEDICT
zhong1hua2|中华	dictionary	CC-CEDICT
fen1wei2|分为	dictionary	CC-CEDICT
fu2he2|符合	dictionary	CC-CEDICT
xin4yang3|信仰	dictionary	CC-CEDICT
xiu1gai3|修改	dictionary	CC-CEDICT
nei4bu4|内部	dictionary	CC-CEDICT
dong4hua4|动画	dictionary	CC-CEDICT
ru2xia4|如下	dictionary	CC-CEDICT
guang3chang3|广场	dictionary	CC-CEDICT
pei4he2|配合	dictionary	CC-CEDICT
xi1yin3|吸引	dictionary	CC-CEDICT
wang3wang3|往往	dictionary	CC-CEDICT
shou1ru4|收入	dictionary	CC-CEDICT
wen2xue2|文学	dictionary	CC-CEDICT
ge1shou3|歌手	dictionary	CC-CEDICT
di4liu4|第六	dictionary	CC-CEDICT
shi4gu4|事故	dictionary	CC-CEDICT
zhu4zuo4|著作	dictionary	CC-CEDICT
sui2zhu4|随著	dictionary	CC-CEDICT
ti2dao4|提到	dictionary	CC-CEDICT
su1lian2|苏联	dictionary	CC-CEDICT
yi1tong2|一同	dictionary	CC-CEDICT
nan2fang1|南方	dictionary	CC-CEDICT
gu4ding4|固定	dictionary	CC-CEDICT
shi4wei4|视为	dictionary	CC-CEDICT
tou4guo4|透过	dictionary	CC-CEDICT
jiao1liu2|交流	dictionary	CC-CEDICT
wei3yuan2|委员	dictionary	CC-CEDICT
zhi3ding4|指定	dictionary	CC-CEDICT
po4huai4|破坏	dictionary	CC-CEDICT
bu4luo4|部落	dictionary	CC-CEDICT
zu3zhi3|阻止	dictionary	CC-CEDICT
shang1ye4|商业	dictionary	CC-CEDICT
yu3zhou4|宇宙	dictionary	CC-CEDICT
liu2yu4|流域	dictionary	CC-CEDICT
er2yan2|而言	dictionary	CC-CEDICT
xuan3ju3|选举	dictionary	CC-CEDICT
bao3cun2|保存	dictionary	CC-CEDICT
che1liang4|车辆	dictionary	CC-CEDICT
gong1zhu3|公主	dictionary	CC-CEDICT
ji1yin1|基因	dictionary	CC-CEDICT
qiu2dui4|球队	dictionary	CC-CEDICT
lian2jie1|连接	dictionary	CC-CEDICT
bing4mei2|并没	dictionary	CC-CEDICT
ba1li2|巴黎	dictionary	CC-CEDICT
yong4hu4|用户	dictionary	CC-CEDICT
yao4shuo1|要说	dictionary	CC-CEDICT
jiao3|角	dictionary	CC-CEDICT
zheng4shu1|证书	dictionary	CC-CEDICT
shuo1fu2|说服	dictionary	CC-CEDICT
zou3chu1|走出	dictionary	CC-CEDICT
qi3dian3|起点	dictionary	CC-CEDICT
chang2jiang1|长江	dictionary	CC-CEDICT
yin1mou2|阴谋	dictionary	CC-CEDICT
sui2yi4|随意	dictionary	CC-CEDICT
lu4chu1|露出	dictionary	CC-CEDICT
shi2|食	dictionary	CC-CEDICT
shou3xiang4|首相	dictionary	CC-CEDICT
yi1ti3|一体	dictionary	CC-CEDICT
yi1ri4|一日	dictionary	CC-CEDICT
yi1shi2|一时	dictionary	CC-CEDICT
yi1kuan3|一款	dictionary	CC-CEDICT
san1ci4|三次	dictionary	CC-CEDICT
yue4tuan2|乐团	dictionary	CC-CEDICT
chan3zhi2|产值	dictionary	CC-CEDICT
di1yu2|低于	dictionary	CC-CEDICT
ou3xiang4|偶像	dictionary	CC-CEDICT
nong2|农	dictionary	CC-CEDICT
sheng4|剩	dictionary	CC-CEDICT
nan2bei3|南北	dictionary	CC-CEDICT
shi3shang4|史上	dictionary	CC-CEDICT
he2cheng2|合成	dictionary	CC-CEDICT
zhou1en1lai2|周恩来	dictionary	CC-CEDICT
hui2tou2|回头	dictionary	CC-CEDICT
jian1ding4|坚定	dictionary	CC-CEDICT
tang2|堂	dictionary	CC-CEDICT
chu3fa2|处罚	dictionary	CC-CEDICT
da4jie1|大街	dictionary	CC-CEDICT
cun2|存	dictionary	CC-CEDICT
feng1bi4|封闭	dictionary	CC-CEDICT
xiao3zhen4|小镇	dictionary	CC-CEDICT
wang3lai2|往来	dictionary	CC-CEDICT
zha1|扎	dictionary	CC-CEDICT
di3kang4|抵抗	dictionary	CC-CEDICT
zhao1|招	dictionary	CC-CEDICT
zhao1sheng1|招生	dictionary	CC-CEDICT
ni3|拟	dictionary	CC-CEDICT
fang4xia4|放下	dictionary	CC-CEDICT
xin1hua2she4|新华社	dictionary	CC-CEDICT
xin1xian1|新鲜	dictionary	CC-CEDICT
qi2zhi4|旗帜	dictionary	CC-CEDICT
shi2ji1|时机	dictionary	CC-CEDICT
you3li4|有利	dictionary	CC-CEDICT
you3yong4|有用	dictionary	CC-CEDICT
mei3yue4|每月	dictionary	CC-CEDICT
min2zhu3dang3|民主党	dictionary	CC-CEDICT
gang3kou3|港口	dictionary	CC-CEDICT
shu2|熟	dictionary	CC-CEDICT
pian4duan4|片段	dictionary	CC-CEDICT
shi1zi5|狮子	dictionary	CC-CEDICT
hua4jia1|画家	dictionary	CC-CEDICT
cheng1hu1|称呼	dictionary	CC-CEDICT
kong1jun1|空军	dictionary	CC-CEDICT
qian1ming2|签名	dictionary	CC-CEDICT
ba4le5|罢了	dictionary	CC-CEDICT
lao3shi2|老实	dictionary	CC-CEDICT
hu2|胡	dictionary	CC-CEDICT
dong3shi4|董事	dictionary	CC-CEDICT
hu3|虎	dictionary	CC-CEDICT
lun4shu4|论述	dictionary	CC-CEDICT
tan2lun4|谈论	dictionary	CC-CEDICT
du3|赌	dictionary	CC-CEDICT
shen1fen4|身分	dictionary	CC-CEDICT
ying2jie1|迎接	dictionary	CC-CEDICT
zhe4zhang1|这张	dictionary	CC-CEDICT
song4dao4|送到	dictionary	CC-CEDICT
zheng4zhou1|郑州	dictionary	CC-CEDICT
dui4yuan2|队员	dictionary	CC-CEDICT
gao1chao2|高潮	dictionary	CC-CEDICT
bu4liang2|不良	dictionary	CC-CEDICT
bu4xu3|不许	dictionary	CC-CEDICT
yu3ci3tong2shi2|与此同时	dictionary	CC-CEDICT
zhong1wu3|中午	dictionary	CC-CEDICT
zhong1qi1|中期	dictionary	CC-CEDICT
lin2|临	dictionary	CC-CEDICT
chan3wu4|产物	dictionary	CC-CEDICT
ren2li4|人力	dictionary	CC-CEDICT
shang1xin1|伤心	dictionary	CC-CEDICT
ti3nei4|体内	dictionary	CC-CEDICT
gong1ji3|供给	dictionary	CC-CEDICT
ou3er3|偶尔	dictionary	CC-CEDICT
liu4yue4|六月	dictionary	CC-CEDICT
ju4qing2|剧情	dictionary	CC-CEDICT
hua4gong1|化工	dictionary	CC-CEDICT
xia4men2|厦门	dictionary	CC-CEDICT
fa1dian4|发电	dictionary	CC-CEDICT
ge4ji2|各级	dictionary	CC-CEDICT
wei4|喂	dictionary	CC-CEDICT
o1|喔	dictionary	CC-CEDICT
guo2nei4wai4|国内外	dictionary	CC-CEDICT
shi4|士	dictionary	CC-CEDICT
da4ge1|大哥	dictionary	CC-CEDICT
jie3mei4|姐妹	dictionary	CC-CEDICT
niao4|尿	dictionary	CC-CEDICT
chang2wu4|常务	dictionary	CC-CEDICT
ping2an1|平安	dictionary	CC-CEDICT
kai1tong1|开通	dictionary	CC-CEDICT
ying3xiang4|影像	dictionary	CC-CEDICT
zheng1|征	dictionary	CC-CEDICT
tou2xiang2|投降	dictionary	CC-CEDICT
bao4ming2|报名	dictionary	CC-CEDICT
wu2liao2|无聊	dictionary	CC-CEDICT
you3li4|有力	dictionary	CC-CEDICT
ji2qi2|极其	dictionary	CC-CEDICT
gou4zao4|构造	dictionary	CC-CEDICT
ou1mei3|欧美	dictionary	CC-CEDICT
si3zhe3|死者	dictionary	CC-CEDICT
hun4|混	dictionary	CC-CEDICT
qing1xi1|清晰	dictionary	CC-CEDICT
ran2liao4|燃料	dictionary	CC-CEDICT
liu2xue2|留学	dictionary	CC-CEDICT
yi4miao2|疫苗	dictionary	CC-CEDICT
que4li4|确立	dictionary	CC-CEDICT
shen2qi2|神奇	dictionary	CC-CEDICT
wen3|稳	dictionary	CC-CEDICT
fu2hao4|符号	dictionary	CC-CEDICT
huan3man4|缓慢	dictionary	CC-CEDICT
ba4gong1|罢工	dictionary	CC-CEDICT
zi4yuan4|自愿	dictionary	CC-CEDICT
ku3|苦	dictionary	CC-CEDICT
pu2tao2ya2|葡萄牙	dictionary	CC-CEDICT
xu1ni3|虚拟	dictionary	CC-CEDICT
she2|蛇	dictionary	CC-CEDICT
bu3zhu4|补助	dictionary	CC-CEDICT
yi4|译	dictionary	CC-CEDICT
zou3jin4|走进	dictionary	CC-CEDICT
feng1jing3|风景	dictionary	CC-CEDICT
yin3liao4|饮料	dictionary	CC-CEDICT
wan4sui4|万岁	dictionary	CC-CEDICT
bu4ming2|不明	dictionary	CC-CEDICT
bu4suan4|不算	dictionary	CC-CEDICT
zhuan1li4|专利	dictionary	CC-CEDICT
dong1ya4|东亚	dictionary	CC-CEDICT
zhi1ji4|之际	dictionary	CC-CEDICT
ren2jian1|人间	dictionary	CC-CEDICT
jia4zhi2guan1|价值观	dictionary	CC-CEDICT
yi1si1lan2jiao4|伊斯兰教	dictionary	CC-CEDICT
zhong4ren2|众人	dictionary	CC-CEDICT
yang3zhi2|养殖	dictionary	CC-CEDICT
nei4meng2gu3|内蒙古	dictionary	CC-CEDICT
chu1tai2|出台	dictionary	CC-CEDICT
ji1bai4|击败	dictionary	CC-CEDICT
zhi4fu2|制服	dictionary	CC-CEDICT
tong2qing2|同情	dictionary	CC-CEDICT
ming2jiao4|名叫	dictionary	CC-CEDICT
tu3|吐	dictionary	CC-CEDICT
xiang4qian2|向前	dictionary	CC-CEDICT
gao4zhi1|告知	dictionary	CC-CEDICT
ha1er3bin1|哈尔滨	dictionary	CC-CEDICT
si4da4|四大	dictionary	CC-CEDICT
yuan2|园	dictionary	CC-CEDICT
chang3he2|场合	dictionary	CC-CEDICT
ai1|埃	dictionary	CC-CEDICT
shi1|失	dictionary	CC-CEDICT
guan1fang1wang3zhan4|官方网站	dictionary	CC-CEDICT
ji4|寄	dictionary	CC-CEDICT
feng1jian4|封建	dictionary	CC-CEDICT
xiao3qu1|小区	dictionary	CC-CEDICT
jiu4rang4|就让	dictionary	CC-CEDICT
gan4shen2me5|干什么	dictionary	CC-CEDICT
gan1yu4|干预	dictionary	CC-CEDICT
dang1shi4ren2|当事人	dictionary	CC-CEDICT
hu1lve4|忽略	dictionary	CC-CEDICT
jie2tu2|截图	dictionary	CC-CEDICT
suo3de5|所得	dictionary	CC-CEDICT
shou1cang2|收藏	dictionary	CC-CEDICT
fang4song1|放松	dictionary	CC-CEDICT
zheng3|整	dictionary	CC-CEDICT
wu2gu1|无辜	dictionary	CC-CEDICT
yue4di3|月底	dictionary	CC-CEDICT
fu2wu4qi4|服务器	dictionary	CC-CEDICT
ben3ci4|本次	dictionary	CC-CEDICT
dang4|档	dictionary	CC-CEDICT
yong3jiu3|永久	dictionary	CC-CEDICT
mei2guan1xi4|没关系	dictionary	CC-CEDICT
yan2hai3|沿海	dictionary	CC-CEDICT
liu2chuan2|流传	dictionary	CC-CEDICT
ji3nan2|济南	dictionary	CC-CEDICT
hai3nan2|海南	dictionary	CC-CEDICT
tian1jia1|添加	dictionary	CC-CEDICT
qian2li4|潜力	dictionary	CC-CEDICT
ji1fa1|激发	dictionary	CC-CEDICT
wang2zi3|王子	dictionary	CC-CEDICT
rui4shi4|瑞士	dictionary	CC-CEDICT
you2ci3|由此	dictionary	CC-CEDICT
jia3|甲	dictionary	CC-CEDICT
bai3nian2|百年	dictionary	CC-CEDICT
huang2hou4|皇后	dictionary	CC-CEDICT
xiang1dang1yu2|相当于	dictionary	CC-CEDICT
kan4chu1|看出	dictionary	CC-CEDICT
zhen1li3|真理	dictionary	CC-CEDICT
za2|砸	dictionary	CC-CEDICT
shuo4shi4|硕士	dictionary	CC-CEDICT
ke1yan2|科研	dictionary	CC-CEDICT
zhong1zhi3|终止	dictionary	CC-CEDICT
mei3zhou1|美洲	dictionary	CC-CEDICT
hua1fei4|花费	dictionary	CC-CEDICT
jie3fang4jun1|解放军	dictionary	CC-CEDICT
pei2chang2|赔偿	dictionary	CC-CEDICT
shen1wei4|身为	dictionary	CC-CEDICT
cai3|采	dictionary	CC-CEDICT
gang1tie3|钢铁	dictionary	CC-CEDICT
fang2yu4|防御	dictionary	CC-CEDICT
ji2he2|集合	dictionary	CC-CEDICT
mian4bao1|面包	dictionary	CC-CEDICT
yin1|音	dictionary	CC-CEDICT
yu3yi3|予以	dictionary	CC-CEDICT
er4ren2|二人	dictionary	CC-CEDICT
cong2qian2|从前	dictionary	CC-CEDICT
yi2qi4|仪器	dictionary	CC-CEDICT
qin1lve4|侵略	dictionary	CC-CEDICT
xiu1fu4|修复	dictionary	CC-CEDICT
jian3|减	dictionary	CC-CEDICT
bie2shuo1|别说	dictionary	CC-CEDICT
li4du4|力度	dictionary	CC-CEDICT
zhan4ju4|占据	dictionary	CC-CEDICT
yin4shua1|印刷	dictionary	CC-CEDICT
gu3dian3|古典	dictionary	CC-CEDICT
he2ge2|合格	dictionary	CC-CEDICT
shan4|善	dictionary	CC-CEDICT
sheng4jing1|圣经	dictionary	CC-CEDICT
duo1ren2|多人	dictionary	CC-CEDICT
da4nao3|大脑	dictionary	CC-CEDICT
zi3dan4|子弹	dictionary	CC-CEDICT
an1jing4|安静	dictionary	CC-CEDICT
jia1xiang1|家乡	dictionary	CC-CEDICT
dao3shi1|导师	dictionary	CC-CEDICT
gan1ga4|尴尬	dictionary	CC-CEDICT
jin4li4|尽力	dictionary	CC-CEDICT
ceng2ci4|层次	dictionary	CC-CEDICT
zhan3|展	dictionary	CC-CEDICT
gong3gu4|巩固	dictionary	CC-CEDICT
chang2wei3|常委	dictionary	CC-CEDICT
yi4|异	dictionary	CC-CEDICT
qiang2du4|强度	dictionary	CC-CEDICT
ying3|影	dictionary	CC-CEDICT
zhan4sheng4|战胜	dictionary	CC-CEDICT
shou3zhi3|手指	dictionary	CC-CEDICT
reng1|扔	dictionary	CC-CEDICT
bao4yuan4|抱怨	dictionary	CC-CEDICT
jie1shou1|接收	dictionary	CC-CEDICT
miao2xie3|描写	dictionary	CC-CEDICT
shan4chang2|擅长	dictionary	CC-CEDICT
jiao4yu4bu4|教育部	dictionary	CC-CEDICT
xian3zhu4|显著	dictionary	CC-CEDICT
shai4|晒	dictionary	CC-CEDICT
ji4|暨	dictionary	CC-CEDICT
you3yi4|有意	dictionary	CC-CEDICT
fu2cong2|服从	dictionary	CC-CEDICT
ben3tu3|本土	dictionary	CC-CEDICT
zhi2min2|殖民	dictionary	CC-CEDICT
mu3|母	dictionary	CC-CEDICT
qi4xiang4|气象	dictionary	CC-CEDICT
jiang1|江	dictionary	CC-CEDICT
tang1|汤	dictionary	CC-CEDICT
mei2yong4|没用	dictionary	CC-CEDICT
bao4|爆	dictionary	CC-CEDICT
gan1su4|甘肃	dictionary	CC-CEDICT
sheng1xiao4|生效	dictionary	CC-CEDICT
dian4chi2|电池	dictionary	CC-CEDICT
nan2you3|男友	dictionary	CC-CEDICT
jian1shi4|监视	dictionary	CC-CEDICT
yan3lei4|眼泪	dictionary	CC-CEDICT
cheng1hao4|称号	dictionary	CC-CEDICT
su4|素	dictionary	CC-CEDICT
yue1ding4|约定	dictionary	CC-CEDICT
tong3|统	dictionary	CC-CEDICT
bian1hao4|编号	dictionary	CC-CEDICT
wang3yi4|网易	dictionary	CC-CEDICT
han3jian4|罕见	dictionary	CC-CEDICT
ye2|耶	dictionary	CC-CEDICT
zi4xin4|自信	dictionary	CC-CEDICT
ban1de5|般的	dictionary	CC-CEDICT
shu1cai4|蔬菜	dictionary	CC-CEDICT
jie1shang4|街上	dictionary	CC-CEDICT
bian4lun4|辩论	dictionary	CC-CEDICT
zhe4shi2|这时	dictionary	CC-CEDICT
yu4jian4|遇见	dictionary	CC-CEDICT
pei4bei4|配备	dictionary	CC-CEDICT
jiu3ba1|酒吧	dictionary	CC-CEDICT
xing3|醒	dictionary	CC-CEDICT
a1gen1ting2|阿根廷	dictionary	CC-CEDICT
xian4|限	dictionary	CC-CEDICT
yuan4xiao4|院校	dictionary	CC-CEDICT
ge2|隔	dictionary	CC-CEDICT
lei2|雷	dictionary	CC-CEDICT
zhen4jing1|震惊	dictionary	CC-CEDICT
ban1fa1|颁发	dictionary	CC-CEDICT
yu4ding4|预定	dictionary	CC-CEDICT
pin2fan2|频繁	dictionary	CC-CEDICT
gao1qing1|高清	dictionary	CC-CEDICT
yi1sheng1|一声	dictionary	CC-CEDICT
yi1bian4|一遍	dictionary	CC-CEDICT
shang4ci4|上次	dictionary	CC-CEDICT
bu4yuan4|不愿	dictionary	CC-CEDICT
cang1ku4|仓库	dictionary	CC-CEDICT
ren4yi4|任意	dictionary	CC-CEDICT
gong1shi4|公式	dictionary	CC-CEDICT
liu4ge4|六个	dictionary	CC-CEDICT
mao4|冒	dictionary	CC-CEDICT
jun1fang1|军方	dictionary	CC-CEDICT
nong2chan3pin3|农产品	dictionary	CC-CEDICT
ju4ben3|剧本	dictionary	CC-CEDICT
gong1fu5|功夫	dictionary	CC-CEDICT
zhan4you3|占有	dictionary	CC-CEDICT
fan3ji1|反击	dictionary	CC-CEDICT
fa1yu4|发育	dictionary	CC-CEDICT
he2yue1|合约	dictionary	CC-CEDICT
xi1|吸	dictionary	CC-CEDICT
zeng1|增	dictionary	CC-CEDICT
zi1shi4|姿势	dictionary	CC-CEDICT
xue2li4|学历	dictionary	CC-CEDICT
guan1wang3|官网	dictionary	CC-CEDICT
si4|寺	dictionary	CC-CEDICT
kai1qiang1|开枪	dictionary	CC-CEDICT
kai1wan2xiao4|开玩笑	dictionary	CC-CEDICT
zong3shu1ji4|总书记	dictionary	CC-CEDICT
zong3ren2kou3|总人口	dictionary	CC-CEDICT
e4hua4|恶化	dictionary	CC-CEDICT
jie2zhi3|截止	dictionary	CC-CEDICT
shou3shang4|手上	dictionary	CC-CEDICT
jiao4cai2|教材	dictionary	CC-CEDICT
shu4ju4ku4|数据库	dictionary	CC-CEDICT
xin1xing1|新兴	dictionary	CC-CEDICT
xin1lang4|新浪	dictionary	CC-CEDICT
wu2lun4ru2he2|无论如何	dictionary	CC-CEDICT
jie2chu1|杰出	dictionary	CC-CEDICT
shu4li4|树立	dictionary	CC-CEDICT
ge2shi4|格式	dictionary	CC-CEDICT
shen3yang2|沈阳	dictionary	CC-CEDICT
sha1mo4|沙漠	dictionary	CC-CEDICT
zhang3|涨	dictionary	CC-CEDICT
ji1li4|激励	dictionary	CC-CEDICT
re4dai4|热带	dictionary	CC-CEDICT
re4men2|热门	dictionary	CC-CEDICT
du2zi4|独自	dictionary	CC-CEDICT
wa3|瓦	dictionary	CC-CEDICT
shen2me5|甚么	dictionary	CC-CEDICT
ai2zheng4|癌症	dictionary	CC-CEDICT
po4chan3|破产	dictionary	CC-CEDICT
shen2sheng4|神圣	dictionary	CC-CEDICT
cheng1zhi1wei4|称之为	dictionary	CC-CEDICT
yi2|移	dictionary	CC-CEDICT
cheng2|程	dictionary	CC-CEDICT
shao1|稍	dictionary	CC-CEDICT
di4er4tian1|第二天	dictionary	CC-CEDICT
qian1zheng4|签证	dictionary	CC-CEDICT
jin3mi4|紧密	dictionary	CC-CEDICT
ji2bie2|级别	dictionary	CC-CEDICT
chun2cui4|纯粹	dictionary	CC-CEDICT
que1shao3|缺少	dictionary	CC-CEDICT
wang3min2|网民	dictionary	CC-CEDICT
zui4xing2|罪行	dictionary	CC-CEDICT
kao3yan4|考验	dictionary	CC-CEDICT
zi4jue2|自觉	dictionary	CC-CEDICT
jie2zou4|节奏	dictionary	CC-CEDICT
dong3shi4hui4|董事会	dictionary	CC-CEDICT
huang3yan2|谎言	dictionary	CC-CEDICT
du3chang3|赌场	dictionary	CC-CEDICT
zan4cheng2|赞成	dictionary	CC-CEDICT
bian4hu4|辩护	dictionary	CC-CEDICT
zhe4jia1|这家	dictionary	CC-CEDICT
wei2bei4|违背	dictionary	CC-CEDICT
zao4xing2|造型	dictionary	CC-CEDICT
suo3|锁	dictionary	CC-CEDICT
nao4|闹	dictionary	CC-CEDICT
jie1ceng2|阶层	dictionary	CC-CEDICT
po3|颇	dictionary	CC-CEDICT
mai4|麦	dictionary	CC-CEDICT
yi1duan4shi2jian1|一段时间	dictionary	CC-CEDICT
san1yue4|三月	dictionary	CC-CEDICT
bu4jin3jin3|不仅仅	dictionary	CC-CEDICT
bu4zai4hu1|不在乎	dictionary	CC-CEDICT
zhu3yan3|主演	dictionary	CC-CEDICT
ren2da4dai4biao3|人大代表	dictionary	CC-CEDICT
yi3ci3|以此	dictionary	CC-CEDICT
qi3ye4jia1|企业家	dictionary	CC-CEDICT
hui4zhang3|会长	dictionary	CC-CEDICT
ti3hui4|体会	dictionary	CC-CEDICT
shi3ming4|使命	dictionary	CC-CEDICT
bao3wei4|保卫	dictionary	CC-CEDICT
jia3zhuang1|假装	dictionary	CC-CEDICT
dang3wei3|党委	dictionary	CC-CEDICT
gong1yue1|公约	dictionary	CC-CEDICT
jun1guan1|军官	dictionary	CC-CEDICT
qian2zhe3|前者	dictionary	CC-CEDICT
zhu4|助	dictionary	CC-CEDICT
yuan2chuang4|原创	dictionary	CC-CEDICT
fa1song4|发送	dictionary	CC-CEDICT
tong2yi1ge4|同一个	dictionary	CC-CEDICT
tong2bao1|同胞	dictionary	CC-CEDICT
ming2ren2|名人	dictionary	CC-CEDICT
tu3rang3|土壤	dictionary	CC-CEDICT
cheng2xiang1|城乡	dictionary	CC-CEDICT
wai4zi1|外资	dictionary	CC-CEDICT
da4sha4|大厦	dictionary	CC-CEDICT
tou2nao3|头脑	dictionary	CC-CEDICT
mu3|姆	dictionary	CC-CEDICT
shou3|守	dictionary	CC-CEDICT
shen3he2|审核	dictionary	CC-CEDICT
kai1hui4|开会	dictionary	CC-CEDICT
re3|惹	dictionary	CC-CEDICT
ci2shan4|慈善	dictionary	CC-CEDICT
wo3neng2|我能	dictionary	CC-CEDICT
kang4|抗	dictionary	CC-CEDICT
bao4fu4|报复	dictionary	CC-CEDICT
zhao1pin4|招聘	dictionary	CC-CEDICT
wa1|挖	dictionary	CC-CEDICT
ti2qi3|提起	dictionary	CC-CEDICT
ca1|擦	dictionary	CC-CEDICT
jiu4yuan2|救援	dictionary	CC-CEDICT
dou4|斗	dictionary	CC-CEDICT
xin1sheng1|新生	dictionary	CC-CEDICT
wu2xiao4|无效	dictionary	CC-CEDICT
you3yi4si5|有意思	dictionary	CC-CEDICT
you3qian2|有钱	dictionary	CC-CEDICT
mo4|末	dictionary	CC-CEDICT
biao1|标	dictionary	CC-CEDICT
biao1qian1|标签	dictionary	CC-CEDICT
jian3cha2|检察	dictionary	CC-CEDICT
qi1pian4|欺骗	dictionary	CC-CEDICT
han4zu2|汉族	dictionary	CC-CEDICT
mo4shou1|没收	dictionary	CC-CEDICT
liu2lan3|浏览	dictionary	CC-CEDICT
qian2zai4|潜在	dictionary	CC-CEDICT
zai1hai4|灾害	dictionary	CC-CEDICT
wu4liu2|物流	dictionary	CC-CEDICT
wang2chao2|王朝	dictionary	CC-CEDICT
yi2wen4|疑问	dictionary	CC-CEDICT
chuan1yue4|穿越	dictionary	CC-CEDICT
di4er4ge4|第二个	dictionary	CC-CEDICT
fa2kuan3|罚款	dictionary	CC-CEDICT
qun2dao3|群岛	dictionary	CC-CEDICT
xing2zheng4qu1|行政区	dictionary	CC-CEDICT
yu3yin1|语音	dictionary	CC-CEDICT
sai4ji4|赛季	dictionary	CC-CEDICT
gen1zong1|跟踪	dictionary	CC-CEDICT
guo4fen4|过分	dictionary	CC-CEDICT
jin4dai4|近代	dictionary	CC-CEDICT
bang1|邦	dictionary	CC-CEDICT
lu4jun1|陆军	dictionary	CC-CEDICT
sui2ji2|随即	dictionary	CC-CEDICT
shun4xu4|顺序	dictionary	CC-CEDICT
yi1gen1|一根	dictionary	CC-CEDICT
bu4li4|不利	dictionary	CC-CEDICT
bu4bian4|不变	dictionary	CC-CEDICT
zhong1duan4|中断	dictionary	CC-CEDICT
le4guan1|乐观	dictionary	CC-CEDICT
qiao2zhi4|乔治	dictionary	CC-CEDICT
qin1qi1|亲戚	dictionary	CC-CEDICT
you1dian3|优点	dictionary	CC-CEDICT
hui4tan2|会谈	dictionary	CC-CEDICT
cu4shi3|促使	dictionary	CC-CEDICT
ke4fu2|克服	dictionary	CC-CEDICT
quan2nian2|全年	dictionary	CC-CEDICT
quan2sheng3|全省	dictionary	CC-CEDICT
xiong1shou3|凶手	dictionary	CC-CEDICT
lie4ru4|列入	dictionary	CC-CEDICT
bo1xue1|剥削	dictionary	CC-CEDICT
yi1shi1|医师	dictionary	CC-CEDICT
nan2hai3|南海	dictionary	CC-CEDICT
shuang1shou3|双手	dictionary	CC-CEDICT
kou3wei4|口味	dictionary	CC-CEDICT
gu3ba1|古巴	dictionary	CC-CEDICT
xiang3ying4|响应	dictionary	CC-CEDICT
tang2|唐	dictionary	CC-CEDICT
si4yue4|四月	dictionary	CC-CEDICT
hui2shou1|回收	dictionary	CC-CEDICT
jing4wai4|境外	dictionary	CC-CEDICT
wai4wei2|外围	dictionary	CC-CEDICT
qu3|娶	dictionary	CC-CEDICT
ji4jie2|季节	dictionary	CC-CEDICT
gu1du2|孤独	dictionary	CC-CEDICT
fu4|富	dictionary	CC-CEDICT
shu3xing4|属性	dictionary	CC-CEDICT
ling3|岭	dictionary	CC-CEDICT
gong1zuo4zhe3|工作者	dictionary	CC-CEDICT
xi1|希	dictionary	CC-CEDICT
chang2yong4|常用	dictionary	CC-CEDICT
suo3zai4di4|所在地	dictionary	CC-CEDICT
kuo4san4|扩散	dictionary	CC-CEDICT
chi2you3|持有	dictionary	CC-CEDICT
zheng4|政	dictionary	CC-CEDICT
wu2bi3|无比	dictionary	CC-CEDICT
ming2nian2|明年	dictionary	CC-CEDICT
mu4|木	dictionary	CC-CEDICT
jian3pu3zhai4|柬埔寨	dictionary	CC-CEDICT
qian4|欠	dictionary	CC-CEDICT
zhi2min2di4|殖民地	dictionary	CC-CEDICT
bi4ye4sheng1|毕业生	dictionary	CC-CEDICT
qi4ti3|气体	dictionary	CC-CEDICT
zhi4an1|治安	dictionary	CC-CEDICT
pao4|泡	dictionary	CC-CEDICT
hai3an4|海岸	dictionary	CC-CEDICT
zhu3|煮	dictionary	CC-CEDICT
shuang3|爽	dictionary	CC-CEDICT
ban3quan2|版权	dictionary	CC-CEDICT
yan3zhong1|眼中	dictionary	CC-CEDICT
shun4jian1|瞬间	dictionary	CC-CEDICT
shi4fan4|示范	dictionary	CC-CEDICT
jian4|舰	dictionary	CC-CEDICT
yi4|裔	dictionary	CC-CEDICT
ping2|评	dictionary	CC-CEDICT
shi2|识	dictionary	CC-CEDICT
zei2|贼	dictionary	CC-CEDICT
chao1shi4|超市	dictionary	CC-CEDICT
zu2yi3|足以	dictionary	CC-CEDICT
shen1fen4zheng4|身份证	dictionary	CC-CEDICT
jin4hua4|进化	dictionary	CC-CEDICT
lin2jin4|邻近	dictionary	CC-CEDICT
jian4die2|间谍	dictionary	CC-CEDICT
wen2|闻	dictionary	CC-CEDICT
qi2|齐	dictionary	CC-CEDICT
yi1tai2|一台	dictionary	CC-CEDICT
yi1xian4|一线	dictionary	CC-CEDICT
yue4dui4|乐队	dictionary	CC-CEDICT
er4zhan4|二战	dictionary	CC-CEDICT
xiu1ding4|修订	dictionary	CC-CEDICT
an3|俺	dictionary	CC-CEDICT
xing1qi3|兴起	dictionary	CC-CEDICT
leng3jing4|冷静	dictionary	CC-CEDICT
fen1shou3|分手	dictionary	CC-CEDICT
qian2xian4|前线	dictionary	CC-CEDICT
qu1fen1|区分	dictionary	CC-CEDICT
chang3shang1|厂商	dictionary	CC-CEDICT
bian4dong4|变动	dictionary	CC-CEDICT
gao4|告	dictionary	CC-CEDICT
ai1|哎	dictionary	CC-CEDICT
he1jiu3|喝酒	dictionary	CC-CEDICT
di4dai4|地带	dictionary	CC-CEDICT
da4zhi4|大致	dictionary	CC-CEDICT
tian1di4|天地	dictionary	CC-CEDICT
hao3wan2|好玩	dictionary	CC-CEDICT
shi2yong4|实用	dictionary	CC-CEDICT
xiao3nv3hai2|小女孩	dictionary	CC-CEDICT
zhou1zhang3|州长	dictionary	CC-CEDICT
fei4|废	dictionary	CC-CEDICT
lu4yin1|录音	dictionary	CC-CEDICT
zong3jing1li3|总经理	dictionary	CC-CEDICT
hu4zhao4|护照	dictionary	CC-CEDICT
tuo4zhan3|拓展	dictionary	CC-CEDICT
pai2lie4|排列	dictionary	CC-CEDICT
ti2shi4|提示	dictionary	CC-CEDICT
wu2li4|无力	dictionary	CC-CEDICT
ri4yu3|日语	dictionary	CC-CEDICT
zao3chen2|早晨	dictionary	CC-CEDICT
an4|暗	dictionary	CC-CEDICT
qu1|曲	dictionary	CC-CEDICT
zui4zhang3|最长	dictionary	CC-CEDICT
huan1le4|欢乐	dictionary	CC-CEDICT
hui4lv4|汇率	dictionary	CC-CEDICT
fa3ling4|法令	dictionary	CC-CEDICT
bo1dong4|波动	dictionary	CC-CEDICT
pai4chu1|派出	dictionary	CC-CEDICT
hai3tan1|海滩	dictionary	CC-CEDICT
qing1jie2|清洁	dictionary	CC-CEDICT
ji1qing2|激情	dictionary	CC-CEDICT
du2|独	dictionary	CC-CEDICT
xian4jin1|现今	dictionary	CC-CEDICT
xian4xing2|现行	dictionary	CC-CEDICT
jian1cha2|监察	dictionary	CC-CEDICT
dao4|盗	dictionary	CC-CEDICT
kan4bu2dao4|看不到	dictionary	CC-CEDICT
lei4bie2|类别	dictionary	CC-CEDICT
fang3zhi1|纺织	dictionary	CC-CEDICT
zhong1shen1|终身	dictionary	CC-CEDICT
hui4hua4|绘画	dictionary	CC-CEDICT
lao3bai3xing4|老百姓	dictionary	CC-CEDICT
ji1rou4|肌肉	dictionary	CC-CEDICT
zi4xing2che1|自行车	dictionary	CC-CEDICT
hang2ban1|航班	dictionary	CC-CEDICT
jian4dui4|舰队	dictionary	CC-CEDICT
dong3shi4zhang3|董事长	dictionary	CC-CEDICT
nve4dai4|虐待	dictionary	CC-CEDICT
xue4ye4|血液	dictionary	CC-CEDICT
bu3tie1|补贴	dictionary	CC-CEDICT
yi4ti2|议题	dictionary	CC-CEDICT
shi2bie2|识别	dictionary	CC-CEDICT
zhen3duan4|诊断	dictionary	CC-CEDICT
ke4ti2|课题	dictionary	CC-CEDICT
jin3shen4|谨慎	dictionary	CC-CEDICT
fu4mian4|负面	dictionary	CC-CEDICT
cai2jing1|财经	dictionary	CC-CEDICT
pin2qiong2|贫穷	dictionary	CC-CEDICT
jia3|贾	dictionary	CC-CEDICT
ju4|距	dictionary	CC-CEDICT
gen1sui2|跟随	dictionary	CC-CEDICT
qian1|迁	dictionary	CC-CEDICT
you2jian4|邮件	dictionary	CC-CEDICT
fu4|附	dictionary	CC-CEDICT
nan2du4|难度	dictionary	CC-CEDICT
nan2ti2|难题	dictionary	CC-CEDICT
pian4ju2|骗局	dictionary	CC-CEDICT
yi1xing2|一行	dictionary	CC-CEDICT
ye4ji4|业绩	dictionary	CC-CEDICT
zhi1sheng1|之声	dictionary	CC-CEDICT
jie4ru4|介入	dictionary	CC-CEDICT
ta1hui4|他会	dictionary	CC-CEDICT
jia4qi1|假期	dictionary	CC-CEDICT
zuo4ai4|做爱	dictionary	CC-CEDICT
xian1feng1|先锋	dictionary	CC-CEDICT
guang1ming2|光明	dictionary	CC-CEDICT
liu4nian2|六年	dictionary	CC-CEDICT
jian3qing1|减轻	dictionary	CC-CEDICT
ci4|刺	dictionary	CC-CEDICT
ban4gong1|办公	dictionary	CC-CEDICT
fan3fu4|反复	dictionary	CC-CEDICT
fou3ding4|否定	dictionary	CC-CEDICT
wei4|味	dictionary	CC-CEDICT
ai1|唉	dictionary	CC-CEDICT
guo2chan3|国产	dictionary	CC-CEDICT
zai4hu1|在乎	dictionary	CC-CEDICT
tian1zhu3jiao4|天主教	dictionary	CC-CEDICT
hao3ren2|好人	dictionary	CC-CEDICT
shi3|始	dictionary	CC-CEDICT
xuan1gao4|宣告	dictionary	CC-CEDICT
ji4mo4|寂寞	dictionary	CC-CEDICT
zun1jing4|尊敬	dictionary	CC-CEDICT
xiao3shi2hou4|小时候	dictionary	CC-CEDICT
xi2|席	dictionary	CC-CEDICT
ping2fang1qian1mi3|平方千米	dictionary	CC-CEDICT
kai1chu2|开除	dictionary	CC-CEDICT
yin3ru4|引入	dictionary	CC-CEDICT
dang1ri4|当日	dictionary	CC-CEDICT
lu4xiang4|录像	dictionary	CC-CEDICT
zheng1fu2|征服	dictionary	CC-CEDICT
cheng2nian2|成年	dictionary	CC-CEDICT
zhan4shu4|战术	dictionary	CC-CEDICT
shou3xu4|手续	dictionary	CC-CEDICT
kang4zheng1|抗争	dictionary	CC-CEDICT
zhe2mo2|折磨	dictionary	CC-CEDICT
bao4jing3|报警	dictionary	CC-CEDICT
pi1lu4|披露	dictionary	CC-CEDICT
zhi3nan2|指南	dictionary	CC-CEDICT
she4ying3shi1|摄影师	dictionary	CC-CEDICT
geng4da4|更大	dictionary	CC-CEDICT
geng1huan4|更换	dictionary	CC-CEDICT
fu2|服	dictionary	CC-CEDICT
bu4zhou4|步骤	dictionary	CC-CEDICT
pai4qian3|派遣	dictionary	CC-CEDICT
ran2shao1|燃烧	dictionary	CC-CEDICT
te4qu1|特区	dictionary	CC-CEDICT
te4quan2|特权	dictionary	CC-CEDICT
du2cai2|独裁	dictionary	CC-CEDICT
yan3jing4|眼镜	dictionary	CC-CEDICT
kan3|砍	dictionary	CC-CEDICT
yan2zhi4|研制	dictionary	CC-CEDICT
ji4|祭	dictionary	CC-CEDICT
ke1xue2yuan4|科学院	dictionary	CC-CEDICT
shui4shou1|税收	dictionary	CC-CEDICT
que1dian3|缺点	dictionary	CC-CEDICT
zhi2quan2|职权	dictionary	CC-CEDICT
xiong1|胸	dictionary	CC-CEDICT
nao3zi5|脑子	dictionary	CC-CEDICT
rong2yao4|荣耀	dictionary	CC-CEDICT
huo4jiang3|获奖	dictionary	CC-CEDICT
xi1ya4|西亚	dictionary	CC-CEDICT
feng3ci4|讽刺	dictionary	CC-CEDICT
xuan3piao4|选票	dictionary	CC-CEDICT
pei4tao4|配套	dictionary	CC-CEDICT
gang1qin2|钢琴	dictionary	CC-CEDICT
a1fu4han4|阿富汗	dictionary	CC-CEDICT
lu4|陆	dictionary	CC-CEDICT
shou3xi2|首席	dictionary	CC-CEDICT
yan4zheng4|验证	dictionary	CC-CEDICT
gao1feng1|高峰	dictionary	CC-CEDICT
bu4gu4|不顾	dictionary	CC-CEDICT
cheng2|乘	dictionary	CC-CEDICT
ye3jiu4shi4shuo1|也就是说	dictionary	CC-CEDICT
shen2|什	dictionary	CC-CEDICT
cong2zhong1|从中	dictionary	CC-CEDICT
kuai4ji4|会计	dictionary	CC-CEDICT
wei3|伪	dictionary	CC-CEDICT
li4wai4|例外	dictionary	CC-CEDICT
bao3luo2|保罗	dictionary	CC-CEDICT
ru4jing4|入境	dictionary	CC-CEDICT
gong1yuan2|公元	dictionary	CC-CEDICT
gong1che1|公车	dictionary	CC-CEDICT
chu1se4|出色	dictionary	CC-CEDICT
jia1meng2|加盟	dictionary	CC-CEDICT
shi4|势	dictionary	CC-CEDICT
shi2wu3|十五	dictionary	CC-CEDICT
shi2ba1|十八	dictionary	CC-CEDICT
si1ling4|司令	dictionary	CC-CEDICT
tu2shu1|图书	dictionary	CC-CEDICT
zai4yi4|在意	dictionary	CC-CEDICT
sheng1yuan2|声援	dictionary	CC-CEDICT
chu3zhi4|处置	dictionary	CC-CEDICT
zong1zhi3|宗旨	dictionary	CC-CEDICT
xuan1cheng1|宣称	dictionary	CC-CEDICT
feng1mian4|封面	dictionary	CC-CEDICT
xi1te4lei1|希特勒	dictionary	CC-CEDICT
dai4zou3|带走	dictionary	CC-CEDICT
ping2jing4|平静	dictionary	CC-CEDICT
kai1pi4|开辟	dictionary	CC-CEDICT
ying3shi4|影视	dictionary	CC-CEDICT
zong3du1|总督	dictionary	CC-CEDICT
bei1shang1|悲伤	dictionary	CC-CEDICT
yi4tu2|意图	dictionary	CC-CEDICT
che3|扯	dictionary	CC-CEDICT
miao2hui4|描绘	dictionary	CC-CEDICT
xie2dai4|携带	dictionary	CC-CEDICT
zhuan4xie3|撰写	dictionary	CC-CEDICT
zhi1chu1|支出	dictionary	CC-CEDICT
shou1huo4|收获	dictionary	CC-CEDICT
xin1zeng1|新增	dictionary	CC-CEDICT
xin1niang2|新娘	dictionary	CC-CEDICT
cha2xun2|查询	dictionary	CC-CEDICT
liang2|梁	dictionary	CC-CEDICT
mo2fang3|模仿	dictionary	CC-CEDICT
ci3ke4|此刻	dictionary	CC-CEDICT
ci3qian2|此前	dictionary	CC-CEDICT
fa3yu3|法语	dictionary	CC-CEDICT
huo2li4|活力	dictionary	CC-CEDICT
liu2cheng2|流程	dictionary	CC-CEDICT
mei2gui1|玫瑰	dictionary	CC-CEDICT
yong4tu2|用途	dictionary	CC-CEDICT
fan1|番	dictionary	CC-CEDICT
duan3pian4|短片	dictionary	CC-CEDICT
peng4dao4|碰到	dictionary	CC-CEDICT
qiong2|穷	dictionary	CC-CEDICT
chuan1guo4|穿过	dictionary	CC-CEDICT
hong2jun1|红军	dictionary	CC-CEDICT
que1|缺	dictionary	CC-CEDICT
lai2|莱	dictionary	CC-CEDICT
jiang3jie4shi2|蒋介石	dictionary	CC-CEDICT
jian4jie3|见解	dictionary	CC-CEDICT
qing3yuan4|请愿	dictionary	CC-CEDICT
guo4hou4|过后	dictionary	CC-CEDICT
yao2yuan3|遥远	dictionary	CC-CEDICT
sui2ji1|随机	dictionary	CC-CEDICT
ge2li2|隔离	dictionary	CC-CEDICT
mian4shi4|面试	dictionary	CC-CEDICT
e2wai4|额外	dictionary	CC-CEDICT
yi1chu4|一处	dictionary	CC-CEDICT
san1ji2|三级	dictionary	CC-CEDICT
bu4pa4|不怕	dictionary	CC-CEDICT
zhuan1zhi4|专制	dictionary	CC-CEDICT
yan2li4|严厉	dictionary	CC-CEDICT
shu1xie3|书写	dictionary	CC-CEDICT
er4ji2|二级	dictionary	CC-CEDICT
ren2ge2|人格	dictionary	CC-CEDICT
ren2xuan3|人选	dictionary	CC-CEDICT
shang1wang2|伤亡	dictionary	CC-CEDICT
ban4sui2|伴随	dictionary	CC-CEDICT
bao3an1|保安	dictionary	CC-CEDICT
xin4nian4|信念	dictionary	CC-CEDICT
ting2liu2|停留	dictionary	CC-CEDICT
mian3|免	dictionary	CC-CEDICT
ba1nian2|八年	dictionary	CC-CEDICT
ba1yue4|八月	dictionary	CC-CEDICT
gong1yi4|公益	dictionary	CC-CEDICT
feng4huang2|凤凰	dictionary	CC-CEDICT
fa1sheng1|发声	dictionary	CC-CEDICT
tai2feng1|台风	dictionary	CC-CEDICT
guo2tu3|国土	dictionary	CC-CEDICT
da4di4|大地	dictionary	CC-CEDICT
da4qi4|大气	dictionary	CC-CEDICT
shi1wu4|失误	dictionary	CC-CEDICT
tou2shang4|头上	dictionary	CC-CEDICT
sun1|孙	dictionary	CC-CEDICT
shen3|审	dictionary	CC-CEDICT
dui4mian4|对面	dictionary	CC-CEDICT
chi3cun4|尺寸	dictionary	CC-CEDICT
shi4wei3|市委	dictionary	CC-CEDICT
di4|帝	dictionary	CC-CEDICT
ren3bu2zhu4|忍不住	dictionary	CC-CEDICT
zhi4yuan4|志愿	dictionary	CC-CEDICT
e4lie4|恶劣	dictionary	CC-CEDICT
qing2ren2|情人	dictionary	CC-CEDICT
qiang3jie2|抢劫	dictionary	CC-CEDICT
tiao1|挑	dictionary	CC-CEDICT
dang3|挡	dictionary	CC-CEDICT
xiao4li4|效力	dictionary	CC-CEDICT
san4|散	dictionary	CC-CEDICT
xin1jian4|新建	dictionary	CC-CEDICT
shi1xing2|施行	dictionary	CC-CEDICT
chun1|春	dictionary	CC-CEDICT
pu3|普	dictionary	CC-CEDICT
gou4jian4|构建	dictionary	CC-CEDICT
kuang1jia4|框架	dictionary	CC-CEDICT
mo2hu2|模糊	dictionary	CC-CEDICT
mei3dang1|每当	dictionary	CC-CEDICT
hui4|汇	dictionary	CC-CEDICT
qing1xing3|清醒	dictionary	CC-CEDICT
huo3che1zhan4|火车站	dictionary	CC-CEDICT
re4dian3|热点	dictionary	CC-CEDICT
shuai4xian1|率先	dictionary	CC-CEDICT
shuai4ling3|率领	dictionary	CC-CEDICT
deng1shang4|登上	dictionary	CC-CEDICT
mu4guang1|目光	dictionary	CC-CEDICT
yan2jiu1yuan2|研究员	dictionary	CC-CEDICT
zhu4fu2|祝福	dictionary	CC-CEDICT
wo1|窝	dictionary	CC-CEDICT
ji2|籍	dictionary	CC-CEDICT
fen3|粉	dictionary	CC-CEDICT
jing1li4|精力	dictionary	CC-CEDICT
xu4|续	dictionary	CC-CEDICT
ken3|肯	dictionary	CC-CEDICT
sou1|艘	dictionary	CC-CEDICT
ying2yun4|营运	dictionary	CC-CEDICT
jie3du2|解读	dictionary	CC-CEDICT
ren4zhi1|认知	dictionary	CC-CEDICT
zi1ben3jia1|资本家	dictionary	CC-CEDICT
ruan3ti3|软体	dictionary	CC-CEDICT
zhe4zuo4|这座	dictionary	CC-CEDICT
duan4lian4|锻炼	dictionary	CC-CEDICT
lu4|露	dictionary	CC-CEDICT
qu1dong4|驱动	dictionary	CC-CEDICT
qu1zhu2|驱逐	dictionary	CC-CEDICT
sao1rao3|骚扰	dictionary	CC-CEDICT
mo2fa3|魔法	dictionary	CC-CEDICT
yi1zu3|一组	dictionary	CC-CEDICT
qi1yue4|七月	dictionary	CC-CEDICT
bu4an1|不安	dictionary	CC-CEDICT
zhuan1zhu4|专注	dictionary	CC-CEDICT
zhong1you3|中有	dictionary	CC-CEDICT
jiu3yue4|九月	dictionary	CC-CEDICT
cong2xiao3|从小	dictionary	CC-CEDICT
dai4biao3tuan2|代表团	dictionary	CC-CEDICT
xiu1xian2|休闲	dictionary	CC-CEDICT
chuan2da2|传达	dictionary	CC-CEDICT
xin4yong4ka3|信用卡	dictionary	CC-CEDICT
chu3cun2|储存	dictionary	CC-CEDICT
quan2li4|全力	dictionary	CC-CEDICT
xing1|兴	dictionary	CC-CEDICT
jian1zhi2|兼职	dictionary	CC-CEDICT
nei4han2|内涵	dictionary	CC-CEDICT
li4lv4|利率	dictionary	CC-CEDICT
ban4ge4|半个	dictionary	CC-CEDICT
li2mi3|厘米	dictionary	CC-CEDICT
bian4geng1|变更	dictionary	CC-CEDICT
tong2xing4|同性	dictionary	CC-CEDICT
wu2|吴	dictionary	CC-CEDICT
zhou1kan1|周刊	dictionary	CC-CEDICT
ha1ha1|哈哈	dictionary	CC-CEDICT
chang4ge1|唱歌	dictionary	CC-CEDICT
kun4jing4|困境	dictionary	CC-CEDICT
guo2qi2|国旗	dictionary	CC-CEDICT
guo2ji2|国籍	dictionary	CC-CEDICT
tu2an4|图案	dictionary	CC-CEDICT
zai4chang3|在场	dictionary	CC-CEDICT
di4yu4|地域	dictionary	CC-CEDICT
pei2yu4|培育	dictionary	CC-CEDICT
fu4zhi4|复制	dictionary	CC-CEDICT
ao4di4li4|奥地利	dictionary	CC-CEDICT
wan2bi4|完毕	dictionary	CC-CEDICT
ke4qi4|客气	dictionary	CC-CEDICT
lv3xing2|履行	dictionary	CC-CEDICT
chong2bai4|崇拜	dictionary	CC-CEDICT
shi4zheng4fu3|市政府	dictionary	CC-CEDICT
shi1fu4|师傅	dictionary	CC-CEDICT
zhang4|帐	dictionary	CC-CEDICT
di4zi3|弟子	dictionary	CC-CEDICT
yi4yuan4|意愿	dictionary	CC-CEDICT
suo3you3quan2|所有权	dictionary	CC-CEDICT
bao4qian4|抱歉	dictionary	CC-CEDICT
pin1|拼	dictionary	CC-CEDICT
zhi3ling4|指令	dictionary	CC-CEDICT
ti2an4|提案	dictionary	CC-CEDICT
gai3bian1|改编	dictionary	CC-CEDICT
shu4mu4|数目	dictionary	CC-CEDICT
si3qu4|死去	dictionary	CC-CEDICT
fa3zhi4|法制	dictionary	CC-CEDICT
luo4|洛	dictionary	CC-CEDICT
hai3xia2|海峡	dictionary	CC-CEDICT
qing1dan1|清单	dictionary	CC-CEDICT
wen1rou2|温柔	dictionary	CC-CEDICT
ling2huo2|灵活	dictionary	CC-CEDICT
shen1bao4|申报	dictionary	CC-CEDICT
ying2li4|盈利	dictionary	CC-CEDICT
jian1ce4|监测	dictionary	CC-CEDICT
xiang1chu3|相处	dictionary	CC-CEDICT
xiang1ji4|相继	dictionary	CC-CEDICT
duan3zan4|短暂	dictionary	CC-CEDICT
qiong2ren2|穷人	dictionary	CC-CEDICT
chuang1kou3|窗口	dictionary	CC-CEDICT
guan3dao4|管道	dictionary	CC-CEDICT
zui4ming2|罪名	dictionary	CC-CEDICT
mei3guo2zheng4fu3|美国政府	dictionary	CC-CEDICT
kao3sheng1|考生	dictionary	CC-CEDICT
nai4xin1|耐心	dictionary	CC-CEDICT
gu3shi4|股市	dictionary	CC-CEDICT
yao4su4|要素	dictionary	CC-CEDICT
guan1ce4|观测	dictionary	CC-CEDICT
gui1ge2|规格	dictionary	CC-CEDICT
you4huo4|诱惑	dictionary	CC-CEDICT
qi3fei1|起飞	dictionary	CC-CEDICT
jin4nian2|近年	dictionary	CC-CEDICT
zhui1zong1|追踪	dictionary	CC-CEDICT
na4er2|那儿	dictionary	CC-CEDICT
jian4ding4|鉴定	dictionary	CC-CEDICT
a1yi2|阿姨	dictionary	CC-CEDICT
gao1shou3|高手	dictionary	CC-CEDICT
gao1kao3|高考	dictionary	CC-CEDICT
yi4fen1zhong1|一分钟	dictionary	CC-CEDICT
yi1kou3|一口	dictionary	CC-CEDICT
wan4dun1|万吨	dictionary	CC-CEDICT
shang4su4|上诉	dictionary	CC-CEDICT
xia4lie4|下列	dictionary	CC-CEDICT
zhong1yi1|中医	dictionary	CC-CEDICT
xi2|习	dictionary	CC-CEDICT
xiang1zhen4|乡镇	dictionary	CC-CEDICT
shi4xian1|事先	dictionary	CC-CEDICT
ti3zhong4|体重	dictionary	CC-CEDICT
tou1tou1|偷偷	dictionary	CC-CEDICT
yang3lao3|养老	dictionary	CC-CEDICT
nei4wai4|内外	dictionary	CC-CEDICT
chu1guo2|出国	dictionary	CC-CEDICT
chu1ban3she4|出版社	dictionary	CC-CEDICT
fen1cheng2|分成	dictionary	CC-CEDICT
gang1hao3|刚好	dictionary	CC-CEDICT
xie2tong2|协同	dictionary	CC-CEDICT
dan1shen1|单身	dictionary	CC-CEDICT
wei4|卫	dictionary	CC-CEDICT
can1sai4|参赛	dictionary	CC-CEDICT
hou4xu4|后续	dictionary	CC-CEDICT
han2yi4|含义	dictionary	CC-CEDICT
he2shang4|和尚	dictionary	CC-CEDICT
heng1|哼	dictionary	CC-CEDICT
o1|噢	dictionary	CC-CEDICT
qi4guan1|器官	dictionary	CC-CEDICT
guo2ying2|国营	dictionary	CC-CEDICT
jing4|境	dictionary	CC-CEDICT
da4dui4|大队	dictionary	CC-CEDICT
tian1cai2|天才	dictionary	CC-CEDICT
xi2fu4|媳妇	dictionary	CC-CEDICT
jia4|嫁	dictionary	CC-CEDICT
shi2xi2|实习	dictionary	CC-CEDICT
su4she4|宿舍	dictionary	CC-CEDICT
mi4|密	dictionary	CC-CEDICT
jue2qi3|崛起	dictionary	CC-CEDICT
ping2chang2|平常	dictionary	CC-CEDICT
guang3dong1sheng3|广东省	dictionary	CC-CEDICT
dang1xia4|当下	dictionary	CC-CEDICT
ying3yin1|影音	dictionary	CC-CEDICT
hen3bang4|很棒	dictionary	CC-CEDICT
kuai4dian3|快点	dictionary	CC-CEDICT
yi4zhi4|抑制	dictionary	CC-CEDICT
pai1zhao4|拍照	dictionary	CC-CEDICT
yong1bao4|拥抱	dictionary	CC-CEDICT
jiao4shi4|教室	dictionary	CC-CEDICT
xin1nian2|新年	dictionary	CC-CEDICT
an4shi4|暗示	dictionary	CC-CEDICT
wei4jing1|未经	dictionary	CC-CEDICT
bo2lin2|柏林	dictionary	CC-CEDICT
ge1ci2|歌词	dictionary	CC-CEDICT
wu3li4|武力	dictionary	CC-CEDICT
fen1wei2|氛围	dictionary	CC-CEDICT
chao3|炒	dictionary	CC-CEDICT
ai4er3lan2|爱尔兰	dictionary	CC-CEDICT
fu4|父	dictionary	CC-CEDICT
qiu2mi2|球迷	dictionary	CC-CEDICT
sheng1chan3li4|生产力	dictionary	CC-CEDICT
yue1shu4|约束	dictionary	CC-CEDICT
ji4lu4pian4|纪录片	dictionary	CC-CEDICT
du3zi5|肚子	dictionary	CC-CEDICT
nao3|脑	dictionary	CC-CEDICT
fan4|范	dictionary	CC-CEDICT
guan1guang1|观光	dictionary	CC-CEDICT
zhan1mu3si1|詹姆斯	dictionary	CC-CEDICT
yao2yan2|谣言	dictionary	CC-CEDICT
cai3|踩	dictionary	CC-CEDICT
shen1wang2|身亡	dictionary	CC-CEDICT
zhe4ju4|这句	dictionary	CC-CEDICT
chi2|迟	dictionary	CC-CEDICT
yu4|遇	dictionary	CC-CEDICT
zun1xun2|遵循	dictionary	CC-CEDICT
chong2zu3|重组	dictionary	CC-CEDICT
ye3sheng1|野生	dictionary	CC-CEDICT
jian4jie1|间接	dictionary	CC-CEDICT
yi1ke4|一刻	dictionary	CC-CEDICT
yi1hao4|一号	dictionary	CC-CEDICT
yi4dian3dian3|一点点	dictionary	CC-CEDICT
bu4yi4|不易	dictionary	CC-CEDICT
yan2|严	dictionary	CC-CEDICT
wei2qi1|为期	dictionary	CC-CEDICT
zhu3li4|主力	dictionary	CC-CEDICT
zhu3bian1|主编	dictionary	CC-CEDICT
ya4ma3xun4|亚马逊	dictionary	CC-CEDICT
heng1li4|亨利	dictionary	CC-CEDICT
mu3|亩	dictionary	CC-CEDICT
ren2xin1|人心	dictionary	CC-CEDICT
you1liang2|优良	dictionary	CC-CEDICT
shang1kou3|伤口	dictionary	CC-CEDICT
fu2|佛	dictionary	CC-CEDICT
dong1ji4|冬季	dictionary	CC-CEDICT
chuang4shi3ren2|创始人	dictionary	CC-CEDICT
pan4chu3|判处	dictionary	CC-CEDICT
quan4|劝	dictionary	CC-CEDICT
jin4|劲	dictionary	CC-CEDICT
shi2jiu3|十九	dictionary	CC-CEDICT
ka3er3|卡尔	dictionary	CC-CEDICT
yuan2you3|原有	dictionary	CC-CEDICT
can1yi4yuan2|参议员	dictionary	CC-CEDICT
fan3si1|反思	dictionary	CC-CEDICT
ting1qu3|听取	dictionary	CC-CEDICT
yo1|哟	dictionary	CC-CEDICT
shang1chang3|商场	dictionary	CC-CEDICT
kun4rao3|困扰	dictionary	CC-CEDICT
guo2yu3|国语	dictionary	CC-CEDICT
cheng2bao3|城堡	dictionary	CC-CEDICT
wai4lai2|外来	dictionary	CC-CEDICT
tian1ran2qi4|天然气	dictionary	CC-CEDICT
hao3ping2|好评	dictionary	CC-CEDICT
wei3|委	dictionary	CC-CEDICT
niang2|娘	dictionary	CC-CEDICT
cun2kuan3|存款	dictionary	CC-CEDICT
an1zhi4|安置	dictionary	CC-CEDICT
jiang4ling3|将领	dictionary	CC-CEDICT
ni2ya4|尼亚	dictionary	CC-CEDICT
gong1zuo4shi4|工作室	dictionary	CC-CEDICT
shi4zhong1xin1|市中心	dictionary	CC-CEDICT
zhang4hao4|帐号	dictionary	CC-CEDICT
mu4hou4|幕后	dictionary	CC-CEDICT
you4er2yuan2|幼儿园	dictionary	CC-CEDICT
kai1kou3|开口	dictionary	CC-CEDICT
si1lu4|思路	dictionary	CC-CEDICT
xing4ming4|性命	dictionary	CC-CEDICT
xiang3xiang4|想像	dictionary	CC-CEDICT
zhe2|折	dictionary	CC-CEDICT
hu4|护	dictionary	CC-CEDICT
na2lai2|拿来	dictionary	CC-CEDICT
sou1hu2|搜狐	dictionary	CC-CEDICT
cheng1|撑	dictionary	CC-CEDICT
sa1|撒	dictionary	CC-CEDICT
shou1hui2|收回	dictionary	CC-CEDICT
zheng3tian1|整天	dictionary	CC-CEDICT
zheng3dun4|整顿	dictionary	CC-CEDICT
wu2lun4shi4|无论是	dictionary	CC-CEDICT
chun1jie2|春节	dictionary	CC-CEDICT
you3ming2|有名	dictionary	CC-CEDICT
ben3ke1|本科	dictionary	CC-CEDICT
zhu1|朱	dictionary	CC-CEDICT
jia4gou4|架构	dictionary	CC-CEDICT
biao1yu3|标语	dictionary	CC-CEDICT
xiao4|校	dictionary	CC-CEDICT
ci4shu4|次数	dictionary	CC-CEDICT
shui3ni2|水泥	dictionary	CC-CEDICT
she4xian2|涉嫌	dictionary	CC-CEDICT
shen1hua4|深化	dictionary	CC-CEDICT
man4chang2|漫长	dictionary	CC-CEDICT
kuang2|狂	dictionary	CC-CEDICT
yu4mi3|玉米	dictionary	CC-CEDICT
li3shi4|理事	dictionary	CC-CEDICT
zhi2xia2shi4|直辖市	dictionary	CC-CEDICT
chou2bei4|筹备	dictionary	CC-CEDICT
jing1que4|精确	dictionary	CC-CEDICT
jing1ying1|精英	dictionary	CC-CEDICT
jiu1fen1|纠纷	dictionary	CC-CEDICT
yue1hui4|约会	dictionary	CC-CEDICT
zhong1jie2|终结	dictionary	CC-CEDICT
lao3tou2|老头	dictionary	CC-CEDICT
zhi2yuan2|职员	dictionary	CC-CEDICT
cui4ruo4|脆弱	dictionary	CC-CEDICT
su1wei2ai1|苏维埃	dictionary	CC-CEDICT
ying2zao4|营造	dictionary	CC-CEDICT
ji2|藉	dictionary	CC-CEDICT
xing2cheng2|行程	dictionary	CC-CEDICT
cai2jue2|裁决	dictionary	CC-CEDICT
jian4zheng4|见证	dictionary	CC-CEDICT
ding4|订	dictionary	CC-CEDICT
zhu1|诸	dictionary	CC-CEDICT
cai2|财	dictionary	CC-CEDICT
tan1wu1|贪污	dictionary	CC-CEDICT
zhe4cai2|这才	dictionary	CC-CEDICT
tu2zhong1|途中	dictionary	CC-CEDICT
ye3man2|野蛮	dictionary	CC-CEDICT
xie2|鞋	dictionary	CC-CEDICT
sao1|骚	dictionary	CC-CEDICT
gao1yu2|高于	dictionary	CC-CEDICT
yi1shou3|一首	dictionary	CC-CEDICT
san1zhong3|三种	dictionary	CC-CEDICT
zhuan1xiang4|专项	dictionary	CC-CEDICT
ju3dong4|举动	dictionary	CC-CEDICT
ye3hao3|也好	dictionary	CC-CEDICT
ren2wen2|人文	dictionary	CC-CEDICT
ren2qi4|人气	dictionary	CC-CEDICT
chuan2shu1|传输	dictionary	CC-CEDICT
zuo4feng1|作风	dictionary	CC-CEDICT
chu1mai4|出卖	dictionary	CC-CEDICT
jia1da4|加大	dictionary	CC-CEDICT
lao2gong1|劳工	dictionary	CC-CEDICT
dan1yuan2|单元	dictionary	CC-CEDICT
fan3dong4|反动	dictionary	CC-CEDICT
jun1|君	dictionary	CC-CEDICT
han2liang4|含量	dictionary	CC-CEDICT
za3|咋	dictionary	CC-CEDICT
cheng2qu1|城区	dictionary	CC-CEDICT
ji1du1tu2|基督徒	dictionary	CC-CEDICT
ji1jin1hui4|基金会	dictionary	CC-CEDICT
fu4xing1|复兴	dictionary	CC-CEDICT
xia4ji4|夏季	dictionary	CC-CEDICT
nv3hai2zi5|女孩子	dictionary	CC-CEDICT
zi4mu4|字幕	dictionary	CC-CEDICT
sun1zi5|孙子	dictionary	CC-CEDICT
ning4yuan4|宁愿	dictionary	CC-CEDICT
an1na4|安娜	dictionary	CC-CEDICT
chong3wu4|宠物	dictionary	CC-CEDICT
ju2bu4|局部	dictionary	CC-CEDICT
chuan1|川	dictionary	CC-CEDICT
cha4dian3|差点	dictionary	CC-CEDICT
miao4|庙	dictionary	CC-CEDICT
bi3de2|彼得	dictionary	CC-CEDICT
da3dao3|打倒	dictionary	CC-CEDICT
pai1mai4|拍卖	dictionary	CC-CEDICT
jian3|捡	dictionary	CC-CEDICT
jie1dai4|接待	dictionary	CC-CEDICT
ti2ji2|提及	dictionary	CC-CEDICT
ti2qu3|提取	dictionary	CC-CEDICT
cao1zong4|操纵	dictionary	CC-CEDICT
zheng4bian4|政变	dictionary	CC-CEDICT
gu4zhang4|故障	dictionary	CC-CEDICT
xin1xi1lan2|新西兰	dictionary	CC-CEDICT
kun1ming2|昆明	dictionary	CC-CEDICT
zui4qiang2|最强	dictionary	CC-CEDICT
sha1shou3|杀手	dictionary	CC-CEDICT
ji2du4|极度	dictionary	CC-CEDICT
biao1ji4|标记	dictionary	CC-CEDICT
zheng4gui1|正规	dictionary	CC-CEDICT
can2ren3|残忍	dictionary	CC-CEDICT
xiao1hao4|消耗	dictionary	CC-CEDICT
qing1xi3|清洗	dictionary	CC-CEDICT
qing1chu2|清除	dictionary	CC-CEDICT
huo3zai1|火灾	dictionary	CC-CEDICT
mie4wang2|灭亡	dictionary	CC-CEDICT
fan2nao3|烦恼	dictionary	CC-CEDICT
ya2|牙	dictionary	CC-CEDICT
te4you3|特有	dictionary	CC-CEDICT
sheng1li3|生理	dictionary	CC-CEDICT
sheng3fen4|省份	dictionary	CC-CEDICT
sheng3ji2|省级	dictionary	CC-CEDICT
she4tuan2|社团	dictionary	CC-CEDICT
shao1wei1|稍微	dictionary	CC-CEDICT
kong1tiao2|空调	dictionary	CC-CEDICT
jian3hua4|简化	dictionary	CC-CEDICT
suan4le5|算了	dictionary	CC-CEDICT
na4cui4|纳粹	dictionary	CC-CEDICT
zhong1|终	dictionary	CC-CEDICT
rao4|绕	dictionary	CC-CEDICT
huan3jie3|缓解	dictionary	CC-CEDICT
lao3da4|老大	dictionary	CC-CEDICT
lao3hu3|老虎	dictionary	CC-CEDICT
kao3gu3|考古	dictionary	CC-CEDICT
zi4dong4hua4|自动化	dictionary	CC-CEDICT
yi4ren2|艺人	dictionary	CC-CEDICT
meng2|蒙	dictionary	CC-CEDICT
ku4zi5|裤子	dictionary	CC-CEDICT
jue2|觉	dictionary	CC-CEDICT
tan2dao4|谈到	dictionary	CC-CEDICT
zan4tong2|赞同	dictionary	CC-CEDICT
hong1zha4|轰炸	dictionary	CC-CEDICT
yun4zhuan4|运转	dictionary	CC-CEDICT
sui4|遂	dictionary	CC-CEDICT
jin1sha1|金沙	dictionary	CC-CEDICT
bi4|闭	dictionary	CC-CEDICT
ke1|颗	dictionary	CC-CEDICT
ji1ba1|鸡巴	dictionary	CC-CEDICT
shang4zhou1|上周	dictionary	CC-CEDICT
shang4xian4|上线	dictionary	CC-CEDICT
shang4ke4|上课	dictionary	CC-CEDICT
bu4tai4|不太	dictionary	CC-CEDICT
zhong1fang1|中方	dictionary	CC-CEDICT
lin2chuang2|临床	dictionary	CC-CEDICT
xi2su2|习俗	dictionary	CC-CEDICT
jiao1tan2|交谈	dictionary	CC-CEDICT
liang4|亮	dictionary	CC-CEDICT
qin1ren2|亲人	dictionary	CC-CEDICT
jia4qian2|价钱	dictionary	CC-CEDICT
shi4|似	dictionary	CC-CEDICT
bian4li4|便利	dictionary	CC-CEDICT
pian1|偏	dictionary	CC-CEDICT
ting2che1|停车	dictionary	CC-CEDICT
gong4chan3zhu3yi4|共产主义	dictionary	CC-CEDICT
chong1dong4|冲动	dictionary	CC-CEDICT
fen1qi2|分歧	dictionary	CC-CEDICT
zhi4zao4ye4|制造业	dictionary	CC-CEDICT
ji4|剂	dictionary	CC-CEDICT
bo2|博	dictionary	CC-CEDICT
yuan2liang4|原谅	dictionary	CC-CEDICT
wu2|吾	dictionary	CC-CEDICT
yu4ming2|域名	dictionary	CC-CEDICT
duo1ming2|多名	dictionary	CC-CEDICT
da4du1|大都	dictionary	CC-CEDICT
ao4si1ka3|奥斯卡	dictionary	CC-CEDICT
tuo3xie2|妥协	dictionary	CC-CEDICT
cun2chu3|存储	dictionary	CC-CEDICT
ning2|宁	dictionary	CC-CEDICT
wan2zheng3ban3|完整版	dictionary	CC-CEDICT
shi2shi2|实时	dictionary	CC-CEDICT
shen3pi1|审批	dictionary	CC-CEDICT
shen3li3|审理	dictionary	CC-CEDICT
xiao3zi5|小子	dictionary	CC-CEDICT
wei3|尾	dictionary	CC-CEDICT
ping2fang1gong1li3|平方公里	dictionary	CC-CEDICT
kai1tou2|开头	dictionary	CC-CEDICT
tan2xing4|弹性	dictionary	CC-CEDICT
tai4|态	dictionary	CC-CEDICT
zong3mian4ji1|总面积	dictionary	CC-CEDICT
zhan4dou4ji1|战斗机	dictionary	CC-CEDICT
dan1you1|担忧	dictionary	CC-CEDICT
ti2chang4|提倡	dictionary	CC-CEDICT
sou1ji2|搜集	dictionary	CC-CEDICT
da1pei4|搭配	dictionary	CC-CEDICT
wu2xian4|无线	dictionary	CC-CEDICT
ri4jun1|日军	dictionary	CC-CEDICT
jing3dian3|景点	dictionary	CC-CEDICT
ji1yu4|机遇	dictionary	CC-CEDICT
hong2shui3|洪水	dictionary	CC-CEDICT
lan4yong4|滥用	dictionary	CC-CEDICT
yan3chang4hui4|演唱会	dictionary	CC-CEDICT
you2tai4|犹太	dictionary	CC-CEDICT
zhen1gui4|珍贵	dictionary	CC-CEDICT
bai2tian1|白天	dictionary	CC-CEDICT
zhen1ren2|真人	dictionary	CC-CEDICT
zhen1xin1|真心	dictionary	CC-CEDICT
yan3guang1|眼光	dictionary	CC-CEDICT
li3bai4|礼拜	dictionary	CC-CEDICT
liang2|粮	dictionary	CC-CEDICT
suo3|索	dictionary	CC-CEDICT
jiu1zheng4|纠正	dictionary	CC-CEDICT
que1xian4|缺陷	dictionary	CC-CEDICT
mei3wei4|美味	dictionary	CC-CEDICT
lian2he2hui4|联合会	dictionary	CC-CEDICT
lian2xiang3|联想	dictionary	CC-CEDICT
chou4|臭	dictionary	CC-CEDICT
zhi4ming4|致命	dictionary	CC-CEDICT
shu1shi4|舒适	dictionary	CC-CEDICT
su1dan1|苏丹	dictionary	CC-CEDICT
rong2ru4|融入	dictionary	CC-CEDICT
fang3tan2|访谈	dictionary	CC-CEDICT
shuo1wan2|说完	dictionary	CC-CEDICT
zhuan3zai3|转载	dictionary	CC-CEDICT
tou4|透	dictionary	CC-CEDICT
tong1wang3|通往	dictionary	CC-CEDICT
na4wei4|那位	dictionary	CC-CEDICT
guo1|郭	dictionary	CC-CEDICT
ling2shou4|零售	dictionary	CC-CEDICT
ding3ji2|顶级	dictionary	CC-CEDICT
shun4|顺	dictionary	CC-CEDICT
yi1gong4|一共	dictionary	CC-CEDICT
yi1ye4|一夜	dictionary	CC-CEDICT
yi1jia4|一架	dictionary	CC-CEDICT
wan4yi1|万一	dictionary	CC-CEDICT
shang4yan3|上演	dictionary	CC-CEDICT
zhuan1lan2|专栏	dictionary	CC-CEDICT
zhong1gong4zhong1yang1|中共中央	dictionary	CC-CEDICT
le4qu4|乐趣	dictionary	CC-CEDICT
zheng1duo2|争夺	dictionary	CC-CEDICT
cong2lai2bu4|从来不	dictionary	CC-CEDICT
fang3fu2|仿佛	dictionary	CC-CEDICT
chu3bei4|储备	dictionary	CC-CEDICT
dang3nei4|党内	dictionary	CC-CEDICT
gong4he2|共和	dictionary	CC-CEDICT
guan1shui4|关税	dictionary	CC-CEDICT
jing4|净	dictionary	CC-CEDICT
chu1zu1che1|出租车	dictionary	CC-CEDICT
chu1zi4|出自	dictionary	CC-CEDICT
qian2jing3|前景	dictionary	CC-CEDICT
ban4xue2|办学	dictionary	CC-CEDICT
zhu4shou3|助手	dictionary	CC-CEDICT
bei3mei3|北美	dictionary	CC-CEDICT
shi2yue4|十月	dictionary	CC-CEDICT
fa1jue2|发掘	dictionary	CC-CEDICT
bian4qian1|变迁	dictionary	CC-CEDICT
ji2lin2|吉林	dictionary	CC-CEDICT
ming2yu4|名誉	dictionary	CC-CEDICT
qi3fa1|启发	dictionary	CC-CEDICT
qi3yong4|启用	dictionary	CC-CEDICT
shan4yu2|善于	dictionary	CC-CEDICT
si4chu4|四处	dictionary	CC-CEDICT
xing2hao4|型号	dictionary	CC-CEDICT
mu4|墓	dictionary	CC-CEDICT
wai4mao4|外贸	dictionary	CC-CEDICT
ye4wan3|夜晚	dictionary	CC-CEDICT
da4shi3guan3|大使馆	dictionary	CC-CEDICT
tou2bu4|头部	dictionary	CC-CEDICT
kua1zhang1|夸张	dictionary	CC-CEDICT
hao3bu4hao3|好不好	dictionary	CC-CEDICT
wa2wa2|娃娃	dictionary	CC-CEDICT
zuo3pai4|左派	dictionary	CC-CEDICT
kai1gong1|开工	dictionary	CC-CEDICT
kai1men2|开门	dictionary	CC-CEDICT
xiang3nian4|想念	dictionary	CC-CEDICT
zhao3chu1|找出	dictionary	CC-CEDICT
bai4tuo1|拜托	dictionary	CC-CEDICT
tiao1xuan3|挑选	dictionary	CC-CEDICT
zheng1zha2|挣扎	dictionary	CC-CEDICT
pai2fang4|排放	dictionary	CC-CEDICT
ti2wen4|提问	dictionary	CC-CEDICT
lu1|撸	dictionary	CC-CEDICT
shi1|施	dictionary	CC-CEDICT
lv3|旅	dictionary	CC-CEDICT
ri4qi3|日起	dictionary	CC-CEDICT
chun1qiu1|春秋	dictionary	CC-CEDICT
pu3cha2|普查	dictionary	CC-CEDICT
man4|曼	dictionary	CC-CEDICT
mou3ren2|某人	dictionary	CC-CEDICT
mei2|梅	dictionary	CC-CEDICT
bang3|榜	dictionary	CC-CEDICT
ci3chu4|此处	dictionary	CC-CEDICT
wu3shi4|武士	dictionary	CC-CEDICT
bi3li4shi2|比利时	dictionary	CC-CEDICT
qi4wen1|气温	dictionary	CC-CEDICT
shui3zhong1|水中	dictionary	CC-CEDICT
hui4bao4|汇报	dictionary	CC-CEDICT
hai3guan1|海关	dictionary	CC-CEDICT
han2gai4|涵盖	dictionary	CC-CEDICT
yuan2yu2|源于	dictionary	CC-CEDICT
huo3shan1|火山	dictionary	CC-CEDICT
pao4|炮	dictionary	CC-CEDICT
ai4shang4|爱上	dictionary	CC-CEDICT
ai4xin1|爱心	dictionary	CC-CEDICT
mu4shi1|牧师	dictionary	CC-CEDICT
bing4li4|病例	dictionary	CC-CEDICT
yan3li3|眼里	dictionary	CC-CEDICT
she4zhang3|社长	dictionary	CC-CEDICT
jin4|禁	dictionary	CC-CEDICT
bi3ji4|笔记	dictionary	CC-CEDICT
jing1ling2|精灵	dictionary	CC-CEDICT
xian4suo3|线索	dictionary	CC-CEDICT
bian1xie3|编写	dictionary	CC-CEDICT
xu1jia3|虚假	dictionary	CC-CEDICT
yi4|议	dictionary	CC-CEDICT
shi4dian3|试点	dictionary	CC-CEDICT
zou3shang4|走上	dictionary	CC-CEDICT
qi3yuan2|起源	dictionary	CC-CEDICT
shen1cai2|身材	dictionary	CC-CEDICT
yun4qi4|运气	dictionary	CC-CEDICT
lian2ren4|连任	dictionary	CC-CEDICT
yu4shang4|遇上	dictionary	CC-CEDICT
chan3shu4|阐述	dictionary	CC-CEDICT
xian3|险	dictionary	CC-CEDICT
yin3si1|隐私	dictionary	CC-CEDICT
yu4yan2|预言	dictionary	CC-CEDICT
ling3qu3|领取	dictionary	CC-CEDICT
shou3wei4|首位	dictionary	CC-CEDICT
shou3ge1|首歌	dictionary	CC-CEDICT
yi2xiang4|一向	dictionary	CC-CEDICT
yi1ceng2|一层	dictionary	CC-CEDICT
yi1shi4|一是	dictionary	CC-CEDICT
xia4die1|下跌	dictionary	CC-CEDICT
bu4dang4|不当	dictionary	CC-CEDICT
bu4zhi3|不止	dictionary	CC-CEDICT
shi4ren2|世人	dictionary	CC-CEDICT
dong1hai3|东海	dictionary	CC-CEDICT
zhong1hua2min2guo2|中华民国	dictionary	CC-CEDICT
wu1|乌	dictionary	CC-CEDICT
qiao2|乔	dictionary	CC-CEDICT
wu3da4|五大	dictionary	CC-CEDICT
jiao1you3|交友	dictionary	CC-CEDICT
zuo4wu4|作物	dictionary	CC-CEDICT
shi3yong4zhe3|使用者	dictionary	CC-CEDICT
wu3ru3|侮辱	dictionary	CC-CEDICT
jian4quan2|健全	dictionary	CC-CEDICT
xian1qian2|先前	dictionary	CC-CEDICT
guang1xu4|光绪	dictionary	CC-CEDICT
ji3wei4|几位	dictionary	CC-CEDICT
fen1san4|分散	dictionary	CC-CEDICT
qie4shi2|切实	dictionary	CC-CEDICT
chu1ji2|初级	dictionary	CC-CEDICT
qian2qi1|前期	dictionary	CC-CEDICT
qian1nian2|千年	dictionary	CC-CEDICT
shou4huan1ying2|受欢迎	dictionary	CC-CEDICT
wei2|围	dictionary	CC-CEDICT
jing4jie4|境界	dictionary	CC-CEDICT
da4guo2|大国	dictionary	CC-CEDICT
hao3lai2wu4|好莱坞	dictionary	CC-CEDICT
ji4nv3|妓女	dictionary	CC-CEDICT
na4|娜	dictionary	CC-CEDICT
ning2bo1|宁波	dictionary	CC-CEDICT
shi4nei4|室内	dictionary	CC-CEDICT
zhang4hu4|帐户	dictionary	CC-CEDICT
ping2yuan2|平原	dictionary	CC-CEDICT
qing4dian3|庆典	dictionary	CC-CEDICT
zuo4wei4|座位	dictionary	CC-CEDICT
mi2bu3|弥补	dictionary	CC-CEDICT
zheng1shou1|征收	dictionary	CC-CEDICT
qing2lv3|情侣	dictionary	CC-CEDICT
gan3xing4qu4|感兴趣	dictionary	CC-CEDICT
pai2dui4|排队	dictionary	CC-CEDICT
yan3gai4|掩盖	dictionary	CC-CEDICT
zhi1chi2zhe3|支持者	dictionary	CC-CEDICT
xiao4yi4|效益	dictionary	CC-CEDICT
fang1yan2|方言	dictionary	CC-CEDICT
xing1qi1yi1|星期一	dictionary	CC-CEDICT
zuo2ri4|昨日	dictionary	CC-CEDICT
an4sha1|暗杀	dictionary	CC-CEDICT
qi1xian4|期限	dictionary	CC-CEDICT
ji2xian4|极限	dictionary	CC-CEDICT
ge2ju2|格局	dictionary	CC-CEDICT
sen1|森	dictionary	CC-CEDICT
hai3yu4|海域	dictionary	CC-CEDICT
shen1ye4|深夜	dictionary	CC-CEDICT
mie4|灭	dictionary	CC-CEDICT
ai4hao4|爱好	dictionary	CC-CEDICT
die1|爹	dictionary	CC-CEDICT
ya2chi3|牙齿	dictionary	CC-CEDICT
wu4ti3|物体	dictionary	CC-CEDICT
dian4ti1|电梯	dictionary	CC-CEDICT
deng1chang2|登场	dictionary	CC-CEDICT
ji1fen1|积分	dictionary	CC-CEDICT
jian3li4|简历	dictionary	CC-CEDICT
ji4lv4|纪律	dictionary	CC-CEDICT
jue2da4duo1shu4|绝大多数	dictionary	CC-CEDICT
bian1ju4|编剧	dictionary	CC-CEDICT
suo1duan3|缩短	dictionary	CC-CEDICT
bo2zi5|脖子	dictionary	CC-CEDICT
fan4chou2|范畴	dictionary	CC-CEDICT
cai4|蔡	dictionary	CC-CEDICT
bao2|薄	dictionary	CC-CEDICT
jie3san4|解散	dictionary	CC-CEDICT
bei4er3|贝尔	dictionary	CC-CEDICT
sai4shi4|赛事	dictionary	CC-CEDICT
guo4lv4|过滤	dictionary	CC-CEDICT
yuan3yuan3|远远	dictionary	CC-CEDICT
bu4wei4|部位	dictionary	CC-CEDICT
zhong4yao4xing4|重要性	dictionary	CC-CEDICT
zhong4liang4|重量	dictionary	CC-CEDICT
qian2bao1|钱包	dictionary	CC-CEDICT
fang2zhi4|防治	dictionary	CC-CEDICT
yin1ying3|阴影	dictionary	CC-CEDICT
wu4|雾	dictionary	CC-CEDICT
yu4bei4|预备	dictionary	CC-CEDICT
ji1dan4|鸡蛋	dictionary	CC-CEDICT
yi4liu2|一流	dictionary	CC-CEDICT
yi1yan3|一眼	dictionary	CC-CEDICT
shang4tai2|上台	dictionary	CC-CEDICT
bu4ken3|不肯	dictionary	CC-CEDICT
chou3wen2|丑闻	dictionary	CC-CEDICT
shi4jie4ge4di4|世界各地	dictionary	CC-CEDICT
zhong1hua2min2zu2|中华民族	dictionary	CC-CEDICT
dan1|丹	dictionary	CC-CEDICT
zhu3chang3|主场	dictionary	CC-CEDICT
ya4li4shan1da4|亚历山大	dictionary	CC-CEDICT
hui4shang4|会上	dictionary	CC-CEDICT
shen1chu1|伸出	dictionary	CC-CEDICT
xiu1jian4|修建	dictionary	CC-CEDICT
jie4kou3|借口	dictionary	CC-CEDICT
guang1rong2|光荣	dictionary	CC-CEDICT
fen1zhi1|分支	dictionary	CC-CEDICT
fen1jie3|分解	dictionary	CC-CEDICT
lie4ning2|列宁	dictionary	CC-CEDICT
qian2tu2|前途	dictionary	CC-CEDICT
jia1ju4|加剧	dictionary	CC-CEDICT
wu4|务	dictionary	CC-CEDICT
ka3la1|卡拉	dictionary	CC-CEDICT
can1yi4yuan4|参议院	dictionary	CC-CEDICT
shuang1chong2|双重	dictionary	CC-CEDICT
shu1shu1|叔叔	dictionary	CC-CEDICT
shou4bu4liao3|受不了	dictionary	CC-CEDICT
ke3xiao4|可笑	dictionary	CC-CEDICT
tong2hang2|同行	dictionary	CC-CEDICT
ge1lun2bi3ya4|哥伦比亚	dictionary	CC-CEDICT
pi2jiu3|啤酒	dictionary	CC-CEDICT
hai1|嗨	dictionary	CC-CEDICT
kun4|困	dictionary	CC-CEDICT
chu3jing4|处境	dictionary	CC-CEDICT
tai4zi5|太子	dictionary	CC-CEDICT
jia1|夹	dictionary	CC-CEDICT
qi4yue1|契约	dictionary	CC-CEDICT
bao3gui4|宝贵	dictionary	CC-CEDICT
ping2mu4|屏幕	dictionary	CC-CEDICT
dai4dao4|带到	dictionary	CC-CEDICT
fu2|幅	dictionary	CC-CEDICT
bi4hu4|庇护	dictionary	CC-CEDICT
kai1chuang4|开创	dictionary	CC-CEDICT
kai1cai3|开采	dictionary	CC-CEDICT
qiang2xing2|强行	dictionary	CC-CEDICT
zong3jian1|总监	dictionary	CC-CEDICT
e4mo2|恶魔	dictionary	CC-CEDICT
da3si3|打死	dictionary	CC-CEDICT
kou4|扣	dictionary	CC-CEDICT
cheng2|承	dictionary	CC-CEDICT
ji3|挤	dictionary	CC-CEDICT
kong4gao4|控告	dictionary	CC-CEDICT
tui1wen2|推文	dictionary	CC-CEDICT
che4li2|撤离	dictionary	CC-CEDICT
shou1shi2|收拾	dictionary	CC-CEDICT
zheng4zhi4jia1|政治家	dictionary	CC-CEDICT
wu2zhi1|无知	dictionary	CC-CEDICT
jing3qu1|景区	dictionary	CC-CEDICT
qu1xian4|曲线	dictionary	CC-CEDICT
you3zhu4yu2|有助于	dictionary	CC-CEDICT
wei4bi4|未必	dictionary	CC-CEDICT
jian3cha2guan1|检察官	dictionary	CC-CEDICT
jiang1nan2|江南	dictionary	CC-CEDICT
fa3ding4|法定	dictionary	CC-CEDICT
ce4|测	dictionary	CC-CEDICT
shen1shen1|深深	dictionary	CC-CEDICT
qing1chen2|清晨	dictionary	CC-CEDICT
yu2ye4|渔业	dictionary	CC-CEDICT
yan3zou4|演奏	dictionary	CC-CEDICT
chao2|潮	dictionary	CC-CEDICT
chao2liu2|潮流	dictionary	CC-CEDICT
wu4jia4|物价	dictionary	CC-CEDICT
cai1ce4|猜测	dictionary	CC-CEDICT
tian2|甜	dictionary	CC-CEDICT
hen2ji4|痕迹	dictionary	CC-CEDICT
miao2zhun3|瞄准	dictionary	CC-CEDICT
yan2jiu1yuan4|研究院	dictionary	CC-CEDICT
que4qie4|确切	dictionary	CC-CEDICT
fu2zhou1|福州	dictionary	CC-CEDICT
xi4|细	dictionary	CC-CEDICT
liao2|聊	dictionary	CC-CEDICT
hang2xian4|航线	dictionary	CC-CEDICT
hua1qian2|花钱	dictionary	CC-CEDICT
ku3nan4|苦难	dictionary	CC-CEDICT
gui1ju3|规矩	dictionary	CC-CEDICT
shi4ye3|视野	dictionary	CC-CEDICT
ci2hui4|词汇	dictionary	CC-CEDICT
shi4zhe5|试着	dictionary	CC-CEDICT
zhu1ru2|诸如	dictionary	CC-CEDICT
bei4|贝	dictionary	CC-CEDICT
che1zi5|车子	dictionary	CC-CEDICT
zhuan3rang4|转让	dictionary	CC-CEDICT
wei2gui1|违规	dictionary	CC-CEDICT
zui4|醉	dictionary	CC-CEDICT
chang2chun1|长春	dictionary	CC-CEDICT
yang2|阳	dictionary	CC-CEDICT
yin3man2|隐瞒	dictionary	CC-CEDICT
nan2de2|难得	dictionary	CC-CEDICT
ti2mu4|题目	dictionary	CC-CEDICT
xian1ming2|鲜明	dictionary	CC-CEDICT
yi1fan1|一番	dictionary	CC-CEDICT
yi2guan4|一贯	dictionary	CC-CEDICT
yi1zhen4|一阵	dictionary	CC-CEDICT
qi1ge4|七个	dictionary	CC-CEDICT
bu4cheng2|不成	dictionary	CC-CEDICT
zhong1jie4|中介	dictionary	CC-CEDICT
le4yuan2|乐园	dictionary	CC-CEDICT
kui1|亏	dictionary	CC-CEDICT
kui1sun3|亏损	dictionary	CC-CEDICT
ren2shi4|人事	dictionary	CC-CEDICT
yu2e2|余额	dictionary	CC-CEDICT
jia1|佳	dictionary	CC-CEDICT
zhen1tan4|侦探	dictionary	CC-CEDICT
xin4dai4|信贷	dictionary	CC-CEDICT
lie4biao3|列表	dictionary	CC-CEDICT
bei3da4|北大	dictionary	CC-CEDICT
shi2san1|十三	dictionary	CC-CEDICT
ka3che1|卡车	dictionary	CC-CEDICT
gao4bie2|告别	dictionary	CC-CEDICT
huai4ren2|坏人	dictionary	CC-CEDICT
mai2|埋	dictionary	CC-CEDICT
duo1jia1|多家	dictionary	CC-CEDICT
da4yu2|大于	dictionary	CC-CEDICT
tian1fu4|天赋	dictionary	CC-CEDICT
xue2dao4|学到	dictionary	CC-CEDICT
shou3hu4|守护	dictionary	CC-CEDICT
dao3xiang4|导向	dictionary	CC-CEDICT
xiao3hai2zi5|小孩子	dictionary	CC-CEDICT
you2|尤	dictionary	CC-CEDICT
jin3ke3neng2|尽可能	dictionary	CC-CEDICT
gong1shang1|工商	dictionary	CC-CEDICT
dai4gei3|带给	dictionary	CC-CEDICT
chang2gui1|常规	dictionary	CC-CEDICT
ping2mian4|平面	dictionary	CC-CEDICT
ying1you3|应有	dictionary	CC-CEDICT
cai3|彩	dictionary	CC-CEDICT
de2zhou1|德州	dictionary	CC-CEDICT
zhi4yuan4zhe3|志愿者	dictionary	CC-CEDICT
zhong1cheng2|忠诚	dictionary	CC-CEDICT
zong3gong4|总共	dictionary	CC-CEDICT
e4yi4|恶意	dictionary	CC-CEDICT
wo3gang1|我刚	dictionary	CC-CEDICT
niu3qu1|扭曲	dictionary	CC-CEDICT
mo3|抹	dictionary	CC-CEDICT
chai1|拆	dictionary	CC-CEDICT
na2xia4|拿下	dictionary	CC-CEDICT
juan1kuan3|捐款	dictionary	CC-CEDICT
che4|撤	dictionary	CC-CEDICT
gu4xiang1|故乡	dictionary	CC-CEDICT
jiao4dao3|教导	dictionary	CC-CEDICT
liao4li3|料理	dictionary	CC-CEDICT
xuan2zhuan3|旋转	dictionary	CC-CEDICT
wu2xu1|无需	dictionary	CC-CEDICT
ji4you3|既有	dictionary	CC-CEDICT
shi2chang2|时常	dictionary	CC-CEDICT
shi4fei1|是非	dictionary	CC-CEDICT
zui4xiao3|最小	dictionary	CC-CEDICT
you3hai4|有害	dictionary	CC-CEDICT
mei2|枚	dictionary	CC-CEDICT
mu2yang4|模样	dictionary	CC-CEDICT
zhu4ru4|注入	dictionary	CC-CEDICT
zhou1|洲	dictionary	CC-CEDICT
xiao1|消	dictionary	CC-CEDICT
shen4tou4|渗透	dictionary	CC-CEDICT
dian3ji1|点击	dictionary	CC-CEDICT
kao3|烤	dictionary	CC-CEDICT
jiao1lv4|焦虑	dictionary	CC-CEDICT
xian4cun2|现存	dictionary	CC-CEDICT
zheng4|症	dictionary	CC-CEDICT
bai2gong1|白宫	dictionary	CC-CEDICT
bi4lu3|秘鲁	dictionary	CC-CEDICT
zu1|租	dictionary	CC-CEDICT
jing4zheng1li4|竞争力	dictionary	CC-CEDICT
lao3zi5|老子	dictionary	CC-CEDICT
zhi4shi3|致使	dictionary	CC-CEDICT
yi4|艺	dictionary	CC-CEDICT
rong2huo4|荣获	dictionary	CC-CEDICT
jue2xing3|觉醒	dictionary	CC-CEDICT
jiang3zuo4|讲座	dictionary	CC-CEDICT
wu4jie3|误解	dictionary	CC-CEDICT
shuo1bu4ding4|说不定	dictionary	CC-CEDICT
mou2|谋	dictionary	CC-CEDICT
gui4|跪	dictionary	CC-CEDICT
zhe4kuai4|这块	dictionary	CC-CEDICT
mi2ni3|迷你	dictionary	CC-CEDICT
xuan3qu1|选区	dictionary	CC-CEDICT
xuan3ba2|选拔	dictionary	CC-CEDICT
yi2chuan2|遗传	dictionary	CC-CEDICT
suan1|酸	dictionary	CC-CEDICT
jin1pai2|金牌	dictionary	CC-CEDICT
zuan1|钻	dictionary	CC-CEDICT
zuan4shi2|钻石	dictionary	CC-CEDICT
xiao1liang4|销量	dictionary	CC-CEDICT
chang2cheng2|长城	dictionary	CC-CEDICT
zhang3guan1|长官	dictionary	CC-CEDICT
li4shu3|隶属	dictionary	CC-CEDICT
ya3|雅	dictionary	CC-CEDICT
shun4bian4|顺便	dictionary	CC-CEDICT
fei1xing2yuan2|飞行员	dictionary	CC-CEDICT
yi1gu3|一股	dictionary	CC-CEDICT
san1da4|三大	dictionary	CC-CEDICT
xia4shu3|下属	dictionary	CC-CEDICT
xia4hua2|下滑	dictionary	CC-CEDICT
bu4xiang4|不像	dictionary	CC-CEDICT
bu4ji2|不及	dictionary	CC-CEDICT
ye4yu2|业余	dictionary	CC-CEDICT
zhong1shan1|中山	dictionary	CC-CEDICT
zhu3yi4|主意	dictionary	CC-CEDICT
nai3zhi4|乃至	dictionary	CC-CEDICT
qin1mi4|亲密	dictionary	CC-CEDICT
chou2hen4|仇恨	dictionary	CC-CEDICT
chang4dao3|倡导	dictionary	CC-CEDICT
quan2wen2|全文	dictionary	CC-CEDICT
gong4tong2ti3|共同体	dictionary	CC-CEDICT
zi1|兹	dictionary	CC-CEDICT
fan2shi4|凡是	dictionary	CC-CEDICT
ping2jie4|凭借	dictionary	CC-CEDICT
chu1ming2|出名	dictionary	CC-CEDICT
kan1deng1|刊登	dictionary	CC-CEDICT
dong4man4|动漫	dictionary	CC-CEDICT
yuan2xian1|原先	dictionary	CC-CEDICT
you4cheng1|又称	dictionary	CC-CEDICT
zhao4ji2|召集	dictionary	CC-CEDICT
tong2qi1|同期	dictionary	CC-CEDICT
tong2meng2|同盟	dictionary	CC-CEDICT
zhou1ri4|周日	dictionary	CC-CEDICT
shan4liang2|善良	dictionary	CC-CEDICT
pen1|喷	dictionary	CC-CEDICT
zui3li3|嘴里	dictionary	CC-CEDICT
hui2fu4|回复	dictionary	CC-CEDICT
chang3di4|场地	dictionary	CC-CEDICT
chang3mian4|场面	dictionary	CC-CEDICT
wai4guan1|外观	dictionary	CC-CEDICT
da4wei4|大卫	dictionary	CC-CEDICT
duo2qu3|夺取	dictionary	CC-CEDICT
hao3xiao1xi1|好消息	dictionary	CC-CEDICT
fu4yu4|富裕	dictionary	CC-CEDICT
chi3du4|尺度	dictionary	CC-CEDICT
qiao3ke4li4|巧克力	dictionary	CC-CEDICT
shuai4ge1|帅哥	dictionary	CC-CEDICT
you1mo4|幽默	dictionary	CC-CEDICT
guang3kuo4|广阔	dictionary	CC-CEDICT
di3xia4|底下	dictionary	CC-CEDICT
cheng2jiao1|成交	dictionary	CC-CEDICT
lve4duo2|掠夺	dictionary	CC-CEDICT
tui1ce4|推测	dictionary	CC-CEDICT
wu2nai4|无奈	dictionary	CC-CEDICT
wei2yi1|唯一	dictionary	CC-CEDICT
ru2ci3|如此	dictionary	CC-CEDICT
ken3ding4|肯定	dictionary	CC-CEDICT
you3guan1|有关	dictionary	CC-CEDICT
kong4zhi4|控制	dictionary	CC-CEDICT
zu3zhi1|组织	dictionary	CC-CEDICT
yong1you3|拥有	dictionary	CC-CEDICT
zui4zhong1|最终	dictionary	CC-CEDICT
bu4zai4|不再	dictionary	CC-CEDICT
si3wang2|死亡	dictionary	CC-CEDICT
zai4ci4|再次	dictionary	CC-CEDICT
fang4qi4|放弃	dictionary	CC-CEDICT
ji2shi3|即使	dictionary	CC-CEDICT
jin3guan3|尽管	dictionary	CC-CEDICT
tou2piao4|投票	dictionary	CC-CEDICT
ke4hu4|客户	dictionary	CC-CEDICT
ju1ran2|居然	dictionary	CC-CEDICT
fen1xi1|分析	dictionary	CC-CEDICT
xiang3shou4|享受	dictionary	CC-CEDICT
fan4zui4|犯罪	dictionary	CC-CEDICT
guan1jian4|关键	dictionary	CC-CEDICT
guan4jun1|冠军	dictionary	CC-CEDICT
hui1fu4|恢复	dictionary	CC-CEDICT
tong2zhi4|同志	dictionary	CC-CEDICT
yi4shi2|意识	dictionary	CC-CEDICT
yi1dan4|一旦	dictionary	CC-CEDICT
zhi2xing2|执行	dictionary	CC-CEDICT
fen1xiang3|分享	dictionary	CC-CEDICT
er2yi3|而已	dictionary	CC-CEDICT
nü3xing4|女性	dictionary	CC-CEDICT
zhi1lei4|之类	dictionary	CC-CEDICT
tao3yan4|讨厌	dictionary	CC-CEDICT
ren2wu4|人物	dictionary	CC-CEDICT
ju4jue2|拒绝	dictionary	CC-CEDICT
dui4wu3|队伍	dictionary	CC-CEDICT
bu4zhi1|不知	dictionary	CC-CEDICT
ying1xiong2|英雄	dictionary	CC-CEDICT
xie2yi4|协议	dictionary	CC-CEDICT
wei1xie2|威胁	dictionary	CC-CEDICT
gong1ji1|攻击	dictionary	CC-CEDICT
jing4zheng1|竞争	dictionary	CC-CEDICT
gu1ji4|估计	dictionary	CC-CEDICT
yi4wei4zhe5|意味着	dictionary	CC-CEDICT
ju4le4bu4|俱乐部	dictionary	CC-CEDICT
yun3xu3|允许	dictionary	CC-CEDICT
cuo4guo4|错过	dictionary	CC-CEDICT
suo3wei4|所谓	dictionary	CC-CEDICT
an4jian4|案件	dictionary	CC-CEDICT
zhi1zhong1|之中	dictionary	CC-CEDICT
kong3bu4|恐怖	dictionary	CC-CEDICT
zi4wo3|自我	dictionary	CC-CEDICT
jian4zhu4|建筑	dictionary	CC-CEDICT
feng1kuang2|疯狂	dictionary	CC-CEDICT
wei3yuan2hui4|委员会	dictionary	CC-CEDICT
you3suo3|有所	dictionary	CC-CEDICT
yao1qing3|邀请	dictionary	CC-CEDICT
jia1shang4|加上	dictionary	CC-CEDICT
pai1she4|拍摄	dictionary	CC-CEDICT
qu1yu4|区域	dictionary	CC-CEDICT
nan2yi3|难以	dictionary	CC-CEDICT
shuo1shi2hua4|说实话	dictionary	CC-CEDICT
shi2shang4|时尚	dictionary	CC-CEDICT
jia1huo5|家伙	dictionary	CC-CEDICT
bao4zha4|爆炸	dictionary	CC-CEDICT
zhan3shi4|展示	dictionary	CC-CEDICT
ji1di4|基地	dictionary	CC-CEDICT
qing2xu4|情绪	dictionary	CC-CEDICT
zhang3wo4|掌握	dictionary	CC-CEDICT
zui4jia1|最佳	dictionary	CC-CEDICT
ji4yi4|记忆	dictionary	CC-CEDICT
sheng4xia4|剩下	dictionary	CC-CEDICT
jun1dui4|军队	dictionary	CC-CEDICT
ji1jin1|基金	dictionary	CC-CEDICT
she4qu1|社区	dictionary	CC-CEDICT
shou3duan4|手段	dictionary	CC-CEDICT
xue2hui4|学会	dictionary	CC-CEDICT
yi2han4|遗憾	dictionary	CC-CEDICT
bu4dui4|部队	dictionary	CC-CEDICT
jie1chu4|接触	dictionary	CC-CEDICT
cong1ming5|聪明	dictionary	CC-CEDICT
li4hai5|厉害	dictionary	CC-CEDICT
zun1zhong4|尊重	dictionary	CC-CEDICT
sun3shi1|损失	dictionary	CC-CEDICT
ke3lian2|可怜	dictionary	CC-CEDICT
wei4he2|为何	dictionary	CC-CEDICT
zhong1yang1|中央	dictionary	CC-CEDICT
xi2ji1|袭击	dictionary	CC-CEDICT
cheng2nuo4|承诺	dictionary	CC-CEDICT
gan3ran3|感染	dictionary	CC-CEDICT
qi3dong4|启动	dictionary	CC-CEDICT
nian2ling2|年龄	dictionary	CC-CEDICT
yi1yi1|一一	dictionary	CC-CEDICT
suan4shi4|算是	dictionary	CC-CEDICT
ke3xi1|可惜	dictionary	CC-CEDICT
hui2yi4|回忆	dictionary	CC-CEDICT
hun1yin1|婚姻	dictionary	CC-CEDICT
da3ji1|打击	dictionary	CC-CEDICT
zhi1wai4|之外	dictionary	CC-CEDICT
shu2xi1|熟悉	dictionary	CC-CEDICT
shi2qi1|时期	dictionary	CC-CEDICT
hao3yun4|好运	dictionary	CC-CEDICT
sheng1wu4|生物	dictionary	CC-CEDICT
ren2shi4|人士	dictionary	CC-CEDICT
ji2tuan2|集团	dictionary	CC-CEDICT
wei2zhi3|为止	dictionary	CC-CEDICT
bi3ci3|彼此	dictionary	CC-CEDICT
tui1jian4|推荐	dictionary	CC-CEDICT
pin3pai2|品牌	dictionary	CC-CEDICT
shi4pin2|视频	dictionary	CC-CEDICT
zhen1xiang4|真相	dictionary	CC-CEDICT
zan4shi2|暂时	dictionary	CC-CEDICT
jing1xi3|惊喜	dictionary	CC-CEDICT
you3zhe5|有着	dictionary	CC-CEDICT
bing4du2|病毒	dictionary	CC-CEDICT
quan2li4|权力	dictionary	CC-CEDICT
hao2wu2|毫无	dictionary	CC-CEDICT
chang2shi4|尝试	dictionary	CC-CEDICT
ji2bing4|疾病	dictionary	CC-CEDICT
zi3xi4|仔细	dictionary	CC-CEDICT
yu2le4|娱乐	dictionary	CC-CEDICT
ming4ling4|命令	dictionary	CC-CEDICT
xin1shang3|欣赏	dictionary	CC-CEDICT
zheng4ce4|政策	dictionary	CC-CEDICT
shen2jing1|神经	dictionary	CC-CEDICT
gao1du4|高度	dictionary	CC-CEDICT
fa3ting2|法庭	dictionary	CC-CEDICT
yi1bei4zi5|一辈子	dictionary	CC-CEDICT
quan2shi4jie4|全世界	dictionary	CC-CEDICT
lian2meng2|联盟	dictionary	CC-CEDICT
shuo1fa3|说法	dictionary	CC-CEDICT
ping2lun4|评论	dictionary	CC-CEDICT
wu4zhi4|物质	dictionary	CC-CEDICT
yi2shi4|仪式	dictionary	CC-CEDICT
neng2fou3|能否	dictionary	CC-CEDICT
jin4gong1|进攻	dictionary	CC-CEDICT
zai4shuo1|再说	dictionary	CC-CEDICT
you2qi2|尤其	dictionary	CC-CEDICT
bing4fei1|并非	dictionary	CC-CEDICT
fei1fa3|非法	dictionary	CC-CEDICT
ben3shen1|本身	dictionary	CC-CEDICT
shang4di4|上帝	dictionary	CC-CEDICT
shi2guang1|时光	dictionary	CC-CEDICT
bu4jian4|不见	dictionary	CC-CEDICT
bo2shi4|博士	dictionary	CC-CEDICT
huo4shi4|或是	dictionary	CC-CEDICT
lang4man4|浪漫	dictionary	CC-CEDICT
qiu2yuan2|球员	dictionary	CC-CEDICT
dao4de2|道德	dictionary	CC-CEDICT
bian1ji2|编辑	dictionary	CC-CEDICT
si1ren2|私人	dictionary	CC-CEDICT
xin1ku3|辛苦	dictionary	CC-CEDICT
zheng4shi2|证实	dictionary	CC-CEDICT
yi1lu4|一路	dictionary	CC-CEDICT
yao4me5|要么	dictionary	CC-CEDICT
ling3yu4|领域	dictionary	CC-CEDICT
jiang1jun1|将军	dictionary	CC-CEDICT
tou4lu4|透露	dictionary	CC-CEDICT
bi4jing4|毕竟	dictionary	CC-CEDICT
gong1xi3|恭喜	dictionary	CC-CEDICT
shi1ti3|尸体	dictionary	CC-CEDICT
lian4ai4|恋爱	dictionary	CC-CEDICT
tuan2dui4|团队	dictionary	CC-CEDICT
zhi3bu5guo4|只不过	dictionary	CC-CEDICT
ge1qu3|歌曲	dictionary	CC-CEDICT
mo2shi4|模式	dictionary	CC-CEDICT
yi4chang2|异常	dictionary	CC-CEDICT
dang4an4|档案	dictionary	CC-CEDICT
xie2hui4|协会	dictionary	CC-CEDICT
xi4bao1|细胞	dictionary	CC-CEDICT
yi1mian4|一面	dictionary	CC-CEDICT
zheng4zhuang4|症状	dictionary	CC-CEDICT
shi4tu2|试图	dictionary	CC-CEDICT
huan4zhe3|患者	dictionary	CC-CEDICT
jun1shi4|军事	dictionary	CC-CEDICT
fen3si1|粉丝	dictionary	CC-CEDICT
zhi4yu2|至于	dictionary	CC-CEDICT
suo3zai4|所在	dictionary	CC-CEDICT
dai4kuan3|贷款	dictionary	CC-CEDICT
que1fa2|缺乏	dictionary	CC-CEDICT
ling2chen2|凌晨	dictionary	CC-CEDICT
ta1ren2|他人	dictionary	CC-CEDICT
tao2tai4|淘汰	dictionary	CC-CEDICT
gong1zhong4|公众	dictionary	CC-CEDICT
shi4fang4|释放	dictionary	CC-CEDICT
huo4sheng4|获胜	dictionary	CC-CEDICT
da2cheng2|达成	dictionary	CC-CEDICT
gu3li4|鼓励	dictionary	CC-CEDICT
dan4gao1|蛋糕	dictionary	CC-CEDICT
ben3ren2|本人	dictionary	CC-CEDICT
xin1zang4|心脏	dictionary	CC-CEDICT
hou4hui3|后悔	dictionary	CC-CEDICT
dou4zheng1|斗争	dictionary	CC-CEDICT
jia1zu2|家族	dictionary	CC-CEDICT
mei4li4|魅力	dictionary	CC-CEDICT
ji3yu3|给予	dictionary	CC-CEDICT
wu3dao3|舞蹈	dictionary	CC-CEDICT
tu1po4|突破	dictionary	CC-CEDICT
pi1zhun3|批准	dictionary	CC-CEDICT
kong1jian1|空间	dictionary	CC-CEDICT
xian4ru4|陷入	dictionary	CC-CEDICT
ti3zhang3|体长	dictionary	CC-CEDICT
yi2du4|一度	dictionary	CC-CEDICT
hu4xiang1|互相	dictionary	CC-CEDICT
xie2zhu4|协助	dictionary	CC-CEDICT
gong1ye4|工业	dictionary	CC-CEDICT
she4ji2|涉及	dictionary	CC-CEDICT
xiang1si4|相似	dictionary	CC-CEDICT
gui1mo2|规模	dictionary	CC-CEDICT
bing4yu2|并于	dictionary	CC-CEDICT
chi2xu4|持续	dictionary	CC-CEDICT
te4se4|特色	dictionary	CC-CEDICT
lei4xing2|类型	dictionary	CC-CEDICT
yi2zhi4|一致	dictionary	CC-CEDICT
zhu3jiao4|主教	dictionary	CC-CEDICT
da4chen2|大臣	dictionary	CC-CEDICT
dian4zi5|电子	dictionary	CC-CEDICT
di4qi1|第七	dictionary	CC-CEDICT
gui1hua4|规划	dictionary	CC-CEDICT
bei3fang1|北方	dictionary	CC-CEDICT
yin3qing2|引擎	dictionary	CC-CEDICT
you3xian4|有限	dictionary	CC-CEDICT
shen1du4|深度	dictionary	CC-CEDICT
huang2jia1|皇家	dictionary	CC-CEDICT
tong1dao4|通道	dictionary	CC-CEDICT
ding4yi4|定义	dictionary	CC-CEDICT
fa3an4|法案	dictionary	CC-CEDICT
zhi4zao4|制造	dictionary	CC-CEDICT
cheng2ben3|成本	dictionary	CC-CEDICT
yi4hui4|议会	dictionary	CC-CEDICT
sui4dao4|隧道	dictionary	CC-CEDICT
tuan2ti3|团体	dictionary	CC-CEDICT
da4yue1|大约	dictionary	CC-CEDICT
dong1nan2|东南	dictionary	CC-CEDICT
tong3yi1|统一	dictionary	CC-CEDICT
dong1bei3|东北	dictionary	CC-CEDICT
yi3wai4|以外	dictionary	CC-CEDICT
li4yi4|利益	dictionary	CC-CEDICT
gu3dai4|古代	dictionary	CC-CEDICT
ming2wei4|名为	dictionary	CC-CEDICT
guang3fan4|广泛	dictionary	CC-CEDICT
gai3wei2|改为	dictionary	CC-CEDICT
wu4li3|物理	dictionary	CC-CEDICT
te4zheng1|特征	dictionary	CC-CEDICT
yi4yuan2|议员	dictionary	CC-CEDICT
xue2zhe3|学者	dictionary	CC-CEDICT
kai1fang4|开放	dictionary	CC-CEDICT
hai3wai4|海外	dictionary	CC-CEDICT
zhe4shi4|这是	dictionary	CC-CEDICT
jin1ri4|今日	dictionary	CC-CEDICT
xian1hou4|先后	dictionary	CC-CEDICT
chu1ren4|出任	dictionary	CC-CEDICT
bu4de2|不得	dictionary	CC-CEDICT
you4ming2|又名	dictionary	CC-CEDICT
gong1ren2|工人	dictionary	CC-CEDICT
min2guo2|民国	dictionary	CC-CEDICT
he2bing4|合并	dictionary	CC-CEDICT
xia4jiang4|下降	dictionary	CC-CEDICT
shao4nian2|少年	dictionary	CC-CEDICT
qi1xi1|栖息	dictionary	CC-CEDICT
xiao3shuo1|小说	dictionary	CC-CEDICT
yin3zhong3|引种	dictionary	CC-CEDICT
zhi3hui1|指挥	dictionary	CC-CEDICT
ao4men2|澳门	dictionary	CC-CEDICT
fu2jian4|福建	dictionary	CC-CEDICT
shi4shi4|逝世	dictionary	CC-CEDICT
yuan2shi3|原始	dictionary	CC-CEDICT
zi4mu3|字母	dictionary	CC-CEDICT
jia1zhong1|家中	dictionary	CC-CEDICT
zuo3you4|左右	dictionary	CC-CEDICT
da3suan4|打算	dictionary	CC-CEDICT
chai1chu2|拆除	dictionary	CC-CEDICT
chao2ting2|朝廷	dictionary	CC-CEDICT
jia1jing4|嘉靖	dictionary	CC-CEDICT
chang2chang2|常常	dictionary	CC-CEDICT
guang3bo1|广播	dictionary	CC-CEDICT
fang1bian4|方便	dictionary	CC-CEDICT
xiao1shi1|消失	dictionary	CC-CEDICT
ji4zai3|记载	dictionary	CC-CEDICT
she4zhi4|设置	dictionary	CC-CEDICT
bu4duan4|不断	dictionary	CC-CEDICT
fang2wu1|房屋	dictionary	CC-CEDICT
chao2xian1|朝鲜	dictionary	CC-CEDICT
bi4ye4|毕业	dictionary	CC-CEDICT
zhong1bu4|中部	dictionary	CC-CEDICT
ge4zi4|各自	dictionary	CC-CEDICT
wai4jiao1|外交	dictionary	CC-CEDICT
lian2sai4|联赛	dictionary	CC-CEDICT
wu3tai2|舞台	dictionary	CC-CEDICT
liang2hao3|良好	dictionary	CC-CEDICT
gong1kai1|公开	dictionary	CC-CEDICT
yuan2ming2|原名	dictionary	CC-CEDICT
ji1yu2|基于	dictionary	CC-CEDICT
tian1jin1|天津	dictionary	CC-CEDICT
xing4neng2|性能	dictionary	CC-CEDICT
bing4zai4|并在	dictionary	CC-CEDICT
bu4shi4|不适	dictionary	CC-CEDICT
zhong1xun2|中旬	dictionary	CC-CEDICT
fu4kuan3|付款	dictionary	CC-CEDICT
fen4e2|份额	dictionary	CC-CEDICT
bo2jue2|伯爵	dictionary	CC-CEDICT
ban4|伴	dictionary	CC-CEDICT
he2bi4|何必	dictionary	CC-CEDICT
yi1tuo1|依托	dictionary	CC-CEDICT
qin1ru4|侵入	dictionary	CC-CEDICT
xin4yu4|信誉	dictionary	CC-CEDICT
guang1xian4|光线	dictionary	CC-CEDICT
ke4la1|克拉	dictionary	CC-CEDICT
ru4yu4|入狱	dictionary	CC-CEDICT
qi2jian1|其间	dictionary	CC-CEDICT
cou4|凑	dictionary	CC-CEDICT
ju4lie4|剧烈	dictionary	CC-CEDICT
gong1lv4|功率	dictionary	CC-CEDICT
dong4luan4|动乱	dictionary	CC-CEDICT
dong4yong4|动用	dictionary	CC-CEDICT
shi2yi1yue4|十一月	dictionary	CC-CEDICT
hua2xia4|华夏	dictionary	CC-CEDICT
ka3pian4|卡片	dictionary	CC-CEDICT
xi3yue4|喜悦	dictionary	CC-CEDICT
tuan2zhang3|团长	dictionary	CC-CEDICT
fu4su1|复苏	dictionary	CC-CEDICT
wai4di4|外地	dictionary	CC-CEDICT
wai4yu3|外语	dictionary	CC-CEDICT
wai4zhang3|外长	dictionary	CC-CEDICT
da4ma1|大妈	dictionary	CC-CEDICT
da4yu3|大雨	dictionary	CC-CEDICT
nv3lang2|女郎	dictionary	CC-CEDICT
nai3fen3|奶粉	dictionary	CC-CEDICT
jie3|姐	dictionary	CC-CEDICT
zhai2|宅	dictionary	CC-CEDICT
an1quan2xing4|安全性	dictionary	CC-CEDICT
xiao3huo3zi5|小伙子	dictionary	CC-CEDICT
ni2ke4|尼克	dictionary	CC-CEDICT
dai4tou2|带头	dictionary	CC-CEDICT
fu2du4|幅度	dictionary	CC-CEDICT
jian4zhi4|建制	dictionary	CC-CEDICT
kai1ye4|开业	dictionary	CC-CEDICT
gui1lai2|归来	dictionary	CC-CEDICT
gui1huan2|归还	dictionary	CC-CEDICT
xin1yi4|心意	dictionary	CC-CEDICT
kong3he4|恐吓	dictionary	CC-CEDICT
guan4li4|惯例	dictionary	CC-CEDICT
shan4|扇	dictionary	CC-CEDICT
kang4ri4zhan4zheng1|抗日战争	dictionary	CC-CEDICT
tan4ce4|探测	dictionary	CC-CEDICT
tui1song4|推送	dictionary	CC-CEDICT
sou1xun2|搜寻	dictionary	CC-CEDICT
fang4guo4|放过	dictionary	CC-CEDICT
san4fa4|散发	dictionary	CC-CEDICT
zheng3zheng3|整整	dictionary	CC-CEDICT
xin1yi2dai4|新一代	dictionary	CC-CEDICT
xin1ren4|新任	dictionary	CC-CEDICT
xing1ji4|星际	dictionary	CC-CEDICT
jin4sheng1|晋升	dictionary	CC-CEDICT
jin4ji2|晋级	dictionary	CC-CEDICT
zui4shao3|最少	dictionary	CC-CEDICT
zui4mei3|最美	dictionary	CC-CEDICT
lai2yuan2yu2|来源于	dictionary	CC-CEDICT
mo2|模	dictionary	CC-CEDICT
bi3lv4|比率	dictionary	CC-CEDICT
min2zu2zhu3yi4|民族主义	dictionary	CC-CEDICT
shui3li4|水利	dictionary	CC-CEDICT
liu2xie3|流血	dictionary	CC-CEDICT
tu2|涂	dictionary	CC-CEDICT
yong3xian4|涌现	dictionary	CC-CEDICT
hun4ning2tu3|混凝土	dictionary	CC-CEDICT
huo3li4|火力	dictionary	CC-CEDICT
hui1se4|灰色	dictionary	CC-CEDICT
re4nao4|热闹	dictionary	CC-CEDICT
kuang2re4|狂热	dictionary	CC-CEDICT
hou2zi5|猴子	dictionary	CC-CEDICT
qin2|琴	dictionary	CC-CEDICT
bai3fen1dian3|百分点	dictionary	CC-CEDICT
sheng3zheng4fu3|省政府	dictionary	CC-CEDICT
qiu1tian1|秋天	dictionary	CC-CEDICT
cheng1zuo4|称作	dictionary	CC-CEDICT
guan3li3ju2|管理局	dictionary	CC-CEDICT
su4cai2|素材	dictionary	CC-CEDICT
fan2zhi2|繁殖	dictionary	CC-CEDICT
zhong1duan1|终端	dictionary	CC-CEDICT
lv4hua4|绿化	dictionary	CC-CEDICT
huan3he2|缓和	dictionary	CC-CEDICT
ji1fu1|肌肤	dictionary	CC-CEDICT
mo2|膜	dictionary	CC-CEDICT
hang2tian1|航天	dictionary	CC-CEDICT
hang2xing2|航行	dictionary	CC-CEDICT
xu1gou4|虚构	dictionary	CC-CEDICT
cai2ding4|裁定	dictionary	CC-CEDICT
jie3jue2wen4ti2|解决问题	dictionary	CC-CEDICT
yi4lun4|议论	dictionary	CC-CEDICT
ci2yu3|词语	dictionary	CC-CEDICT
wei4|谓	dictionary	CC-CEDICT
cai2wu4|财物	dictionary	CC-CEDICT
ze2|责	dictionary	CC-CEDICT
tan1lan2|贪婪	dictionary	CC-CEDICT
shen1hou4|身后	dictionary	CC-CEDICT
zao4jiu4|造就	dictionary	CC-CEDICT
na4nian2|那年	dictionary	CC-CEDICT
shan3dian4|闪电	dictionary	CC-CEDICT
pei2ban4|陪伴	dictionary	CC-CEDICT
diao1xiang4|雕像	dictionary	CC-CEDICT
diao1su4|雕塑	dictionary	CC-CEDICT
zhen4dong4|震动	dictionary	CC-CEDICT
wei2|韦	dictionary	CC-CEDICT
ji1e4|饥饿	dictionary	CC-CEDICT
xiang1yan1|香烟	dictionary	CC-CEDICT
yi1qian1|一千	dictionary	CC-CEDICT
shang4chuang2|上床	dictionary	CC-CEDICT
liang3dian3|两点	dictionary	CC-CEDICT
yan2mi4|严密	dictionary	CC-CEDICT
zhong1yang1zheng4fu3|中央政府	dictionary	CC-CEDICT
wei4ming2|为名	dictionary	CC-CEDICT
zhu3ye4|主页	dictionary	CC-CEDICT
jiu3ge4|九个	dictionary	CC-CEDICT
jiu3zhou1|九州	dictionary	CC-CEDICT
shu1fa3|书法	dictionary	CC-CEDICT
shu1mian4|书面	dictionary	CC-CEDICT
jiao1cha1|交叉	dictionary	CC-CEDICT
yi3zhi4|以至	dictionary	CC-CEDICT
chuan2dao4|传到	dictionary	CC-CEDICT
di1xia4|低下	dictionary	CC-CEDICT
ti3yu4chang3|体育场	dictionary	CC-CEDICT
zhai4|债	dictionary	CC-CEDICT
nei4cun2|内存	dictionary	CC-CEDICT
zai4sheng1|再生	dictionary	CC-CEDICT
ning2ju4|凝聚	dictionary	CC-CEDICT
ji3zhong3|几种	dictionary	CC-CEDICT
chu1shi4|出事	dictionary	CC-CEDICT
lie4ju3|列举	dictionary	CC-CEDICT
shi2liu4|十六	dictionary	CC-CEDICT
nan2ya4|南亚	dictionary	CC-CEDICT
can1zhao4|参照	dictionary	CC-CEDICT
zhi3xiang3|只想	dictionary	CC-CEDICT
ke3bei1|可悲	dictionary	CC-CEDICT
zhou1er4|周二	dictionary	CC-CEDICT
guo2du4|国度	dictionary	CC-CEDICT
sheng4ren2|圣人	dictionary	CC-CEDICT
zuo4biao1|坐标	dictionary	CC-CEDICT
ping2|坪	dictionary	CC-CEDICT
yu4|域	dictionary	CC-CEDICT
tian2bu3|填补	dictionary	CC-CEDICT
zhuang4da4|壮大	dictionary	CC-CEDICT
chu3li3qi4|处理器	dictionary	CC-CEDICT
tian1ti3|天体	dictionary	CC-CEDICT
duo2guan4|夺冠	dictionary	CC-CEDICT
zi5gong1|子宫	dictionary	CC-CEDICT
ning4ke3|宁可	dictionary	CC-CEDICT
rong2ren3|容忍	dictionary	CC-CEDICT
kuan1rong2|宽容	dictionary	CC-CEDICT
liao2|寮	dictionary	CC-CEDICT
ju2xian4|局限	dictionary	CC-CEDICT
wu1zi5|屋子	dictionary	CC-CEDICT
wu1li3|屋里	dictionary	CC-CEDICT
zhan3xin1|崭新	dictionary	CC-CEDICT
you4er2|幼儿	dictionary	CC-CEDICT
yin3ling3|引领	dictionary	CC-CEDICT
zhong1shi2|忠实	dictionary	CC-CEDICT
nian4tou5|念头	dictionary	CC-CEDICT
kong3long2|恐龙	dictionary	CC-CEDICT
gan3mao4|感冒	dictionary	CC-CEDICT
da3duan4|打断	dictionary	CC-CEDICT
tou2ji1|投机	dictionary	CC-CEDICT
bao4kan1|报刊	dictionary	CC-CEDICT
dan1|担	dictionary	CC-CEDICT
an4niu3|按钮	dictionary	CC-CEDICT
bu3yu2|捕鱼	dictionary	CC-CEDICT
tui1te4shang4|推特上	dictionary	CC-CEDICT
jie1shi4|揭示	dictionary	CC-CEDICT
fang4shou3|放手	dictionary	CC-CEDICT
xin1ban3|新版	dictionary	CC-CEDICT
wu2di2|无敌	dictionary	CC-CEDICT
jiu4jin1shan1|旧金山	dictionary	CC-CEDICT
xing1qi1ri4|星期日	dictionary	CC-CEDICT
pu3tong1hua4|普通话	dictionary	CC-CEDICT
ben3shi4|本事	dictionary	CC-CEDICT
shu4yu3|术语	dictionary	CC-CEDICT
tiao2wen2|条文	dictionary	CC-CEDICT
biao1zhun3hua4|标准化	dictionary	CC-CEDICT
jiao4dui4|校对	dictionary	CC-CEDICT
lou2shang4|楼上	dictionary	CC-CEDICT
lei4|泪	dictionary	CC-CEDICT
liu2shi1|流失	dictionary	CC-CEDICT
qing1hua2|清华	dictionary	CC-CEDICT
pu4bu4|瀑布	dictionary	CC-CEDICT
dian3ran2|点燃	dictionary	CC-CEDICT
pai2zi5|牌子	dictionary	CC-CEDICT
zhi2xian4|直线	dictionary	CC-CEDICT
zhi1shi2chan3quan2|知识产权	dictionary	CC-CEDICT
duan3pian1|短篇	dictionary	CC-CEDICT
que4xin4|确信	dictionary	CC-CEDICT
mu4han3mo4de2|穆罕默德	dictionary	CC-CEDICT
tong2|童	dictionary	CC-CEDICT
tong2hua4|童话	dictionary	CC-CEDICT
guan3li3yuan2|管理员	dictionary	CC-CEDICT
fen3sui4|粉碎	dictionary	CC-CEDICT
yue4yu3|粤语	dictionary	CC-CEDICT
zao1|糟	dictionary	CC-CEDICT
suo3ni2|索尼	dictionary	CC-CEDICT
hong2bao1|红包	dictionary	CC-CEDICT
hong2qi2|红旗	dictionary	CC-CEDICT
zhi1|织	dictionary	CC-CEDICT
wei2ji1|维基	dictionary	CC-CEDICT
wei2sheng1su4|维生素	dictionary	CC-CEDICT
luo2bo2te4|罗伯特	dictionary	CC-CEDICT
he2|荷	dictionary	CC-CEDICT
xu1wei3|虚伪	dictionary	CC-CEDICT
xue4tong3|血统	dictionary	CC-CEDICT
xing2ren2|行人	dictionary	CC-CEDICT
jie3gu4|解雇	dictionary	CC-CEDICT
jing3guan1|警官	dictionary	CC-CEDICT
jing3cha2ju2|警察局	dictionary	CC-CEDICT
zu3zhou4|诅咒	dictionary	CC-CEDICT
wu4|误	dictionary	CC-CEDICT
qi3cao3|起草	dictionary	CC-CEDICT
qi4jin1|迄今	dictionary	CC-CEDICT
guo4shi2|过时	dictionary	CC-CEDICT
yun4ying2shang1|运营商	dictionary	CC-CEDICT
zhe4tao4|这套	dictionary	CC-CEDICT
jin4chu1|进出	dictionary	CC-CEDICT
xie2|邪	dictionary	CC-CEDICT
pei4jian4|配件	dictionary	CC-CEDICT
shi4|释	dictionary	CC-CEDICT
liang4zi3|量子	dictionary	CC-CEDICT
xian2|闲	dictionary	CC-CEDICT
chan3ming2|阐明	dictionary	CC-CEDICT
ji2zhong1ying2|集中营	dictionary	CC-CEDICT
yu4gao4|预告	dictionary	CC-CEDICT
feng1bo1|风波	dictionary	CC-CEDICT
shou3ge4|首个	dictionary	CC-CEDICT
gao1zhong1sheng1|高中生	dictionary	CC-CEDICT
gao1yuan2|高原	dictionary	CC-CEDICT
yi1qie4dou1shi4|一切都是	dictionary	CC-CEDICT
san1shi2|三十	dictionary	CC-CEDICT
shang4nian2|上年	dictionary	CC-CEDICT
shang4lu4|上路	dictionary	CC-CEDICT
dong1guan3|东莞	dictionary	CC-CEDICT
si1wa4|丝袜	dictionary	CC-CEDICT
liang3da4|两大	dictionary	CC-CEDICT
zhong1jiang4|中将	dictionary	CC-CEDICT
zhong1nian2|中年	dictionary	CC-CEDICT
wei4sha2|为啥	dictionary	CC-CEDICT
zhi1ming2|之名	dictionary	CC-CEDICT
cheng2zuo4|乘坐	dictionary	CC-CEDICT
shi4ji4|事迹	dictionary	CC-CEDICT
zhu4yuan4|住院	dictionary	CC-CEDICT
ti3zhi4|体质	dictionary	CC-CEDICT
e2yu3|俄语	dictionary	CC-CEDICT
xin4tu2|信徒	dictionary	CC-CEDICT
xin4lai4|信赖	dictionary	CC-CEDICT
jie4jian4|借鉴	dictionary	CC-CEDICT
tu4zi5|兔子	dictionary	CC-CEDICT
nei4mu4|内幕	dictionary	CC-CEDICT
kuang4qie3|况且	dictionary	CC-CEDICT
ke4yi4|刻意	dictionary	CC-CEDICT
hua2li4|华丽	dictionary	CC-CEDICT
fa1shou4|发售	dictionary	CC-CEDICT
shou4yi4|受益	dictionary	CC-CEDICT
gu3cheng2|古城	dictionary	CC-CEDICT
ju4zi5|句子	dictionary	CC-CEDICT
guo2qing2|国情	dictionary	CC-CEDICT
di4xing2|地形	dictionary	CC-CEDICT
cheng2qiang2|城墙	dictionary	CC-CEDICT
fu4he2|复合	dictionary	CC-CEDICT
da4zi4ran2|大自然	dictionary	CC-CEDICT
tai4guo4|太过	dictionary	CC-CEDICT
nu2yi4|奴役	dictionary	CC-CEDICT
hao3jiu3|好久	dictionary	CC-CEDICT
biao3zi5|婊子	dictionary	CC-CEDICT
ding4zhi4|定制	dictionary	CC-CEDICT
ding4ju1|定居	dictionary	CC-CEDICT
ding4xing4|定性	dictionary	CC-CEDICT
ke4ting1|客厅	dictionary	CC-CEDICT
xian4zheng4|宪政	dictionary	CC-CEDICT
rong2na4|容纳	dictionary	CC-CEDICT
xiao3ren2|小人	dictionary	CC-CEDICT
ba1na2ma3|巴拿马	dictionary	CC-CEDICT
shi4zheng4|市政	dictionary	CC-CEDICT
jian4gou4|建构	dictionary	CC-CEDICT
kai1fa1shang1|开发商	dictionary	CC-CEDICT
qi4|弃	dictionary	CC-CEDICT
kuai4yao4|快要	dictionary	CC-CEDICT
kuai4di4|快递	dictionary	CC-CEDICT
bei1ai1|悲哀	dictionary	CC-CEDICT
xiang3guo4|想过	dictionary	CC-CEDICT
wo3ma1|我妈	dictionary	CC-CEDICT
zhan4you3|战友	dictionary	CC-CEDICT
suo3zhang3|所长	dictionary	CC-CEDICT
da3yin4|打印	dictionary	CC-CEDICT
ji4|技	dictionary	CC-CEDICT
bao4chou2|报仇	dictionary	CC-CEDICT
la1mei3|拉美	dictionary	CC-CEDICT
cuo4zhe2|挫折	dictionary	CC-CEDICT
wan3jiu4|挽救	dictionary	CC-CEDICT
jie1na4|接纳	dictionary	CC-CEDICT
yan3hu4|掩护	dictionary	CC-CEDICT
jie1mi4|揭秘	dictionary	CC-CEDICT
she4xiang4tou2|摄像头	dictionary	CC-CEDICT
yao2gun3|摇滚	dictionary	CC-CEDICT
jiu4ji4|救济	dictionary	CC-CEDICT
jiao4tu2|教徒	dictionary	CC-CEDICT
shu4nian2|数年	dictionary	CC-CEDICT
zu2ren2|族人	dictionary	CC-CEDICT
bao4yu3|暴雨	dictionary	CC-CEDICT
ben3neng2|本能	dictionary	CC-CEDICT
qiang1ji1|枪击	dictionary	CC-CEDICT
dong4|栋	dictionary	CC-CEDICT
lan2mu4|栏目	dictionary	CC-CEDICT
sang1|桑	dictionary	CC-CEDICT
xiang4jiao1|橡胶	dictionary	CC-CEDICT
min2shi4|民事	dictionary	CC-CEDICT
qi4wei4|气味	dictionary	CC-CEDICT
ce4yan4|测验	dictionary	CC-CEDICT
zhe4jiang1sheng3|浙江省	dictionary	CC-CEDICT
zai1qu1|灾区	dictionary	CC-CEDICT
shao1hui3|烧毁	dictionary	CC-CEDICT
te4zhong3|特种	dictionary	CC-CEDICT
wang2shi4|王室	dictionary	CC-CEDICT
dian4qi4|电气	dictionary	CC-CEDICT
sui4|碎	dictionary	CC-CEDICT
jian3yi4|简易	dictionary	CC-CEDICT
yuan2gu4|缘故	dictionary	CC-CEDICT
que1xi2|缺席	dictionary	CC-CEDICT
zang4|脏	dictionary	CC-CEDICT
tun2|臀	dictionary	CC-CEDICT
zhi4jing4|致敬	dictionary	CC-CEDICT
hang2mu3|航母	dictionary	CC-CEDICT
ying2di4|营地	dictionary	CC-CEDICT
luo4di4|落地	dictionary	CC-CEDICT
ji2you2|藉由	dictionary	CC-CEDICT
yan3sheng1|衍生	dictionary	CC-CEDICT
biao3ge2|表格	dictionary	CC-CEDICT
qun2zi5|裙子	dictionary	CC-CEDICT
jie3shuo1|解说	dictionary	CC-CEDICT
jian4|贱	dictionary	CC-CEDICT
shang3|赏	dictionary	CC-CEDICT
lu4kou3|路口	dictionary	CC-CEDICT
gui3ji4|轨迹	dictionary	CC-CEDICT
zhuan3wei2|转为	dictionary	CC-CEDICT
hong1zha4ji1|轰炸机	dictionary	CC-CEDICT
po4qie4|迫切	dictionary	CC-CEDICT
mi2ren2|迷人	dictionary	CC-CEDICT
zhui1jia1|追加	dictionary	CC-CEDICT
bi4|避	dictionary	CC-CEDICT
zhen4di4|阵地	dictionary	CC-CEDICT
chu2wai4|除外	dictionary	CC-CEDICT
gu4yuan2|雇员	dictionary	CC-CEDICT
yu4|预	dictionary	CC-CEDICT
dian1fu4|颠覆	dictionary	CC-CEDICT
shou3fu3|首府	dictionary	CC-CEDICT
shou3pi1|首批	dictionary	CC-CEDICT
gu3gan4|骨干	dictionary	CC-CEDICT
hong2|鸿	dictionary	CC-CEDICT
gu3wu3|鼓舞	dictionary	CC-CEDICT
yi1wan4|一万	dictionary	CC-CEDICT
yi1ti3hua4|一体化	dictionary	CC-CEDICT
yi1sou1|一艘	dictionary	CC-CEDICT
san1jiao3|三角	dictionary	CC-CEDICT
bu4bian4|不便	dictionary	CC-CEDICT
diu1lian3|丢脸	dictionary	CC-CEDICT
liang3xiang4|两项	dictionary	CC-CEDICT
chuan4|串	dictionary	CC-CEDICT
wei4li4|为例	dictionary	CC-CEDICT
xiang1xia4|乡下	dictionary	CC-CEDICT
hu4zhu4|互助	dictionary	CC-CEDICT
chan3quan2|产权	dictionary	CC-CEDICT
xiu1|休	dictionary	CC-CEDICT
wei4ju1|位居	dictionary	CC-CEDICT
zuo4fa3|作法	dictionary	CC-CEDICT
cu4|促	dictionary	CC-CEDICT
zuo4fan4|做饭	dictionary	CC-CEDICT
jian4|健	dictionary	CC-CEDICT
guang1xue2|光学	dictionary	CC-CEDICT
guang1mang2|光芒	dictionary	CC-CEDICT
ru4xuan3|入选	dictionary	CC-CEDICT
gong1zi5|公子	dictionary	CC-CEDICT
nong2tian2|农田	dictionary	CC-CEDICT
jian3ruo4|减弱	dictionary	CC-CEDICT
fen1hui4|分会	dictionary	CC-CEDICT
ke4|刻	dictionary	CC-CEDICT
jia1re4|加热	dictionary	CC-CEDICT
bei3han2|北韩	dictionary	CC-CEDICT
dan1ci2|单词	dictionary	CC-CEDICT
chu2shi1|厨师	dictionary	CC-CEDICT
you3ren2|友人	dictionary	CC-CEDICT
shi3liao4|史料	dictionary	CC-CEDICT
hao4xian4|号线	dictionary	CC-CEDICT
ge4da4|各大	dictionary	CC-CEDICT
he2fei2|合肥	dictionary	CC-CEDICT
hou4qin2|后勤	dictionary	CC-CEDICT
fou3jue2|否决	dictionary	CC-CEDICT
ge1|咯	dictionary	CC-CEDICT
ge1men5|哥们	dictionary	CC-CEDICT
si4chuan1sheng3|四川省	dictionary	CC-CEDICT
guo2gong4|国共	dictionary	CC-CEDICT
tu2xing2|图形	dictionary	CC-CEDICT
jun1heng2|均衡	dictionary	CC-CEDICT
jian1shou3|坚守	dictionary	CC-CEDICT
du3|堵	dictionary	CC-CEDICT
sai1er3wei2ya4|塞尔维亚	dictionary	CC-CEDICT
duo1wan4|多万	dictionary	CC-CEDICT
tao4can1|套餐	dictionary	CC-CEDICT
nv3zhu3jue2|女主角	dictionary	CC-CEDICT
nai3zi5|奶子	dictionary	CC-CEDICT
po2po5|婆婆	dictionary	CC-CEDICT
xiao3wu1|小屋	dictionary	CC-CEDICT
gan4xian4|干线	dictionary	CC-CEDICT
nian2fen4|年份	dictionary	CC-CEDICT
nian2mo4|年末	dictionary	CC-CEDICT
xin1zang4bing4|心脏病	dictionary	CC-CEDICT
guai4yi4|怪异	dictionary	CC-CEDICT
heng2xing1|恒星	dictionary	CC-CEDICT
xiang3bu2dao4|想不到	dictionary	CC-CEDICT
yang2|扬	dictionary	CC-CEDICT
peng1ji1|抨击	dictionary	CC-CEDICT
chou1yan1|抽烟	dictionary	CC-CEDICT
bo1kuan3|拨款	dictionary	CC-CEDICT
quan2tou5|拳头	dictionary	CC-CEDICT
jie1kou3|接口	dictionary	CC-CEDICT
tui1li3|推理	dictionary	CC-CEDICT
mo2|摩	dictionary	CC-CEDICT
shou1kan4|收看	dictionary	CC-CEDICT
gai3zhi4|改制	dictionary	CC-CEDICT
fang4ru4|放入	dictionary	CC-CEDICT
fang4zhi4|放置	dictionary	CC-CEDICT
shu4ma3|数码	dictionary	CC-CEDICT
lv3you2ye4|旅游业	dictionary	CC-CEDICT
ri4jian4|日渐	dictionary	CC-CEDICT
ming2dai4|明代	dictionary	CC-CEDICT
yue4guang1|月光	dictionary	CC-CEDICT
zhen4|朕	dictionary	CC-CEDICT
ji1ti3|机体	dictionary	CC-CEDICT
cai2|材	dictionary	CC-CEDICT
lai2wang3|来往	dictionary	CC-CEDICT
ji2pin3|极品	dictionary	CC-CEDICT
gou4xiang3|构想	dictionary	CC-CEDICT
shu1niu3|枢纽	dictionary	CC-CEDICT
ge1ju4|歌剧	dictionary	CC-CEDICT
can2|残	dictionary	CC-CEDICT
can2ji2|残疾	dictionary	CC-CEDICT
min2diao4|民调	dictionary	CC-CEDICT
he2nan2sheng3|河南省	dictionary	CC-CEDICT
ni2|泥	dictionary	CC-CEDICT
ze2|泽	dictionary	CC-CEDICT
xiao1ji2|消极	dictionary	CC-CEDICT
you2ji1dui4|游击队	dictionary	CC-CEDICT
hu2nan2sheng3|湖南省	dictionary	CC-CEDICT
yan3hua4|演化	dictionary	CC-CEDICT
lie4ren2|猎人	dictionary	CC-CEDICT
meng3lie4|猛烈	dictionary	CC-CEDICT
ma3li4ya4|玛丽亚	dictionary	CC-CEDICT
zhen1xi1|珍惜	dictionary	CC-CEDICT
shuai3|甩	dictionary	CC-CEDICT
chang4xiao1|畅销	dictionary	CC-CEDICT
bing4qing2|病情	dictionary	CC-CEDICT
he2|盒	dictionary	CC-CEDICT
ai3|矮	dictionary	CC-CEDICT
kuang4chan3|矿产	dictionary	CC-CEDICT
peng4zhuang4|碰撞	dictionary	CC-CEDICT
shui4wu4|税务	dictionary	CC-CEDICT
wen3bu4|稳步	dictionary	CC-CEDICT
zhu2|竹	dictionary	CC-CEDICT
zhan1|粘	dictionary	CC-CEDICT
lao3nian2|老年	dictionary	CC-CEDICT
jian1bang3|肩膀	dictionary	CC-CEDICT
zhi1fang2|脂肪	dictionary	CC-CEDICT
zi4xue2|自学	dictionary	CC-CEDICT
zhi4si3|致死	dictionary	CC-CEDICT
she3|舍	dictionary	CC-CEDICT
ai4lun2|艾伦	dictionary	CC-CEDICT
ying1yong3|英勇	dictionary	CC-CEDICT
ying1cun4|英寸	dictionary	CC-CEDICT
sha1|莎	dictionary	CC-CEDICT
jing3|警	dictionary	CC-CEDICT
jing3yuan2|警员	dictionary	CC-CEDICT
yi4cheng2|议程	dictionary	CC-CEDICT
xu3ke3zheng4|许可证	dictionary	CC-CEDICT
mi2|谜	dictionary	CC-CEDICT
zhang4|账	dictionary	CC-CEDICT
he4|贺	dictionary	CC-CEDICT
chao1ren2|超人	dictionary	CC-CEDICT
ruan3ruo4|软弱	dictionary	CC-CEDICT
la4|辣	dictionary	CC-CEDICT
zhe4pian4|这片	dictionary	CC-CEDICT
yuan3dong1|远东	dictionary	CC-CEDICT
xuan3yong4|选用	dictionary	CC-CEDICT
li3tou5|里头	dictionary	CC-CEDICT
bang4|镑	dictionary	CC-CEDICT
men2wai4|门外	dictionary	CC-CEDICT
yin1dao4|阴道	dictionary	CC-CEDICT
lu4di4|陆地	dictionary	CC-CEDICT
ji2zi1|集资	dictionary	CC-CEDICT
gu4|顾	dictionary	CC-CEDICT
qi2quan2|齐全	dictionary	CC-CEDICT
bu4jie4yi4|不介意	dictionary	CC-CEDICT
bu4fang2|不妨	dictionary	CC-CEDICT
zhi1zhan4|之战	dictionary	CC-CEDICT
wu1lu3mu4qi2|乌鲁木齐	dictionary	CC-CEDICT
jiao1dai4|交代	dictionary	CC-CEDICT
ren2zao4|人造	dictionary	CC-CEDICT
zhong4yi4yuan4|众议院	dictionary	CC-CEDICT
chuan2yan2|传言	dictionary	CC-CEDICT
wei3zhuang1|伪装	dictionary	CC-CEDICT
ti3ji1|体积	dictionary	CC-CEDICT
zhen1cha2|侦查	dictionary	CC-CEDICT
ce4mian4|侧面	dictionary	CC-CEDICT
dao3mei2|倒霉	dictionary	CC-CEDICT
jie4dai4|借贷	dictionary	CC-CEDICT
quan2guo2xing4|全国性	dictionary	CC-CEDICT
jun1tuan2|军团	dictionary	CC-CEDICT
jun1jing3|军警	dictionary	CC-CEDICT
nong2fu1|农夫	dictionary	CC-CEDICT
xiong1|凶	dictionary	CC-CEDICT
fen1bian4|分辨	dictionary	CC-CEDICT
zhi4cheng2|制成	dictionary	CC-CEDICT
zhi4zao4shang1|制造商	dictionary	CC-CEDICT
qian2suo3wei4you3|前所未有	dictionary	CC-CEDICT
qian2fang1|前方	dictionary	CC-CEDICT
wu4shi2|务实	dictionary	CC-CEDICT
shi4bi4|势必	dictionary	CC-CEDICT
hua4zhuang1pin3|化妆品	dictionary	CC-CEDICT
wo4shi4|卧室	dictionary	CC-CEDICT
li4dai4|历代	dictionary	CC-CEDICT
li4shi3xing4|历史性	dictionary	CC-CEDICT
qu3chu1|取出	dictionary	CC-CEDICT
he2fa3xing4|合法性	dictionary	CC-CEDICT
ji2ta1|吉他	dictionary	CC-CEDICT
ming2pai2|名牌	dictionary	CC-CEDICT
xiang4wang3|向往	dictionary	CC-CEDICT
chao3jia4|吵架	dictionary	CC-CEDICT
he1|呵	dictionary	CC-CEDICT
hu1|呼	dictionary	CC-CEDICT
hui2he2|回合	dictionary	CC-CEDICT
yin1ying4|因应	dictionary	CC-CEDICT
tu2biao3|图表	dictionary	CC-CEDICT
yuan2man3|圆满	dictionary	CC-CEDICT
sheng4mu3|圣母	dictionary	CC-CEDICT
sheng4dan4|圣诞	dictionary	CC-CEDICT
di4zhong1hai3|地中海	dictionary	CC-CEDICT
fang1|坊	dictionary	CC-CEDICT
sheng1yu4|声誉	dictionary	CC-CEDICT
chu4zhang3|处长	dictionary	CC-CEDICT
duo1mei2ti3|多媒体	dictionary	CC-CEDICT
nv3tong2|女童	dictionary	CC-CEDICT
ji2du4|嫉妒	dictionary	CC-CEDICT
xian2yi2ren2|嫌疑人	dictionary	CC-CEDICT
si4miao4|寺庙	dictionary	CC-CEDICT
xun2|寻	dictionary	CC-CEDICT
xiao3tou1|小偷	dictionary	CC-CEDICT
wei3ba5|尾巴	dictionary	CC-CEDICT
qi3|岂	dictionary	CC-CEDICT
xing4cun2zhe3|幸存者	dictionary	CC-CEDICT
qing4|庆	dictionary	CC-CEDICT
yan2qi1|延期	dictionary	CC-CEDICT
jian4cai2|建材	dictionary	CC-CEDICT
kai1guan1|开关	dictionary	CC-CEDICT
kai1chu1|开出	dictionary	CC-CEDICT
kai1lai2|开来	dictionary	CC-CEDICT
qia4hao3|恰好	dictionary	CC-CEDICT
gan3tan4|感叹	dictionary	CC-CEDICT
chuo1|戳	dictionary	CC-CEDICT
da3chu1|打出	dictionary	CC-CEDICT
da3rao3|打扰	dictionary	CC-CEDICT
fu2chi2|扶持	dictionary	CC-CEDICT
chao1|抄	dictionary	CC-CEDICT
hui1|挥	dictionary	CC-CEDICT
jie1lian2|接连	dictionary	CC-CEDICT
sa1huang3|撒谎	dictionary	CC-CEDICT
cao1zuo4xi4tong3|操作系统	dictionary	CC-CEDICT
xiao4neng2|效能	dictionary	CC-CEDICT
lv3xing2she4|旅行社	dictionary	CC-CEDICT
shi2duan4|时段	dictionary	CC-CEDICT
xi1ri4|昔日	dictionary	CC-CEDICT
xian3xian4|显现	dictionary	CC-CEDICT
cao2cao1|曹操	dictionary	CC-CEDICT
zui4you3|最有	dictionary	CC-CEDICT
qi1huo4|期货	dictionary	CC-CEDICT
cun1li3|村里	dictionary	CC-CEDICT
ge2wai4|格外	dictionary	CC-CEDICT
gui4lin2|桂林	dictionary	CC-CEDICT
bi3er3|比尔	dictionary	CC-CEDICT
bi3te4|比特	dictionary	CC-CEDICT
min2su2|民俗	dictionary	CC-CEDICT
yang2|洋	dictionary	CC-CEDICT
gang3ao4|港澳	dictionary	CC-CEDICT
zi1wei4|滋味	dictionary	CC-CEDICT
di1|滴	dictionary	CC-CEDICT
lian4|炼	dictionary	CC-CEDICT
xiong2mao1|熊猫	dictionary	CC-CEDICT
te4gong1|特工	dictionary	CC-CEDICT
du2cai2zhe3|独裁者	dictionary	CC-CEDICT
zhen1zhu1|珍珠	dictionary	CC-CEDICT
sheng1qian2|生前	dictionary	CC-CEDICT
yi2si4|疑似	dictionary	CC-CEDICT
sheng4da4|盛大	dictionary	CC-CEDICT
zhi2jue2|直觉	dictionary	CC-CEDICT
zhi1hu1|知乎	dictionary	CC-CEDICT
zhi1ming2du4|知名度	dictionary	CC-CEDICT
li3yi2|礼仪	dictionary	CC-CEDICT
zu3fu4|祖父	dictionary	CC-CEDICT
dao3gao4|祷告	dictionary	CC-CEDICT
zu1jin1|租金	dictionary	CC-CEDICT
qin2|秦	dictionary	CC-CEDICT
da2fu4|答复	dictionary	CC-CEDICT
mei3xue2|美学	dictionary	CC-CEDICT
lao3ma1|老妈	dictionary	CC-CEDICT
xiao4|肖	dictionary	CC-CEDICT
wei4|胃	dictionary	CC-CEDICT
sheng4chu1|胜出	dictionary	CC-CEDICT
lian3shu1|脸书	dictionary	CC-CEDICT
zi4you3|自有	dictionary	CC-CEDICT
man4yan2|蔓延	dictionary	CC-CEDICT
xue4guan3|血管	dictionary	CC-CEDICT
luo3ti3|裸体	dictionary	CC-CEDICT
ding4yue4|订阅	dictionary	CC-CEDICT
tao3|讨	dictionary	CC-CEDICT
rang4bu4|让步	dictionary	CC-CEDICT
shuo1huang3|说谎	dictionary	CC-CEDICT
dou4fu3|豆腐	dictionary	CC-CEDICT
cai2zheng4bu4|财政部	dictionary	CC-CEDICT
zan4yang2|赞扬	dictionary	CC-CEDICT
gan3zou3|赶走	dictionary	CC-CEDICT
qu1|趋	dictionary	CC-CEDICT
lun2tai1|轮胎	dictionary	CC-CEDICT
qing1qing1|轻轻	dictionary	CC-CEDICT
bian4|辩	dictionary	CC-CEDICT
guo4shi4|过世	dictionary	CC-CEDICT
tong1hua4|通话	dictionary	CC-CEDICT
cai3na4|采纳	dictionary	CC-CEDICT
chong2chong2|重重	dictionary	CC-CEDICT
xian4ding4|限定	dictionary	CC-CEDICT
gu4yong4|雇用	dictionary	CC-CEDICT
ling3di4|领地	dictionary	CC-CEDICT
yin3|饮	dictionary	CC-CEDICT
gao1di1|高低	dictionary	CC-CEDICT
gao1chu1|高出	dictionary	CC-CEDICT
gao1da4|高大	dictionary	CC-CEDICT
shang4men2|上门	dictionary	CC-CEDICT
xia4yi2dai4|下一代	dictionary	CC-CEDICT
xia4shou3|下手	dictionary	CC-CEDICT
bu4he2|不合	dictionary	CC-CEDICT
bu4yi3|不已	dictionary	CC-CEDICT
shi4jian1|世间	dictionary	CC-CEDICT
yan2jin3|严谨	dictionary	CC-CEDICT
zhong4du2|中毒	dictionary	CC-CEDICT
cang1|仓	dictionary	CC-CEDICT
xiu1jia4|休假	dictionary	CC-CEDICT
di1tou2|低头	dictionary	CC-CEDICT
qin1quan2|侵权	dictionary	CC-CEDICT
cu4xiao1|促销	dictionary	CC-CEDICT
bao3zhu4|保住	dictionary	CC-CEDICT
bao3yang3|保养	dictionary	CC-CEDICT
chang2huan2|偿还	dictionary	CC-CEDICT
gong4he2dang3|共和党	dictionary	CC-CEDICT
dian3|典	dictionary	CC-CEDICT
xie3chu1|写出	dictionary	CC-CEDICT
jun1jian4|军舰	dictionary	CC-CEDICT
guan1|冠	dictionary	CC-CEDICT
jing4hua4|净化	dictionary	CC-CEDICT
chu1lu2|出炉	dictionary	CC-CEDICT
qian2qu4|前去	dictionary	CC-CEDICT
qian2feng1|前锋	dictionary	CC-CEDICT
li4xue2|力学	dictionary	CC-CEDICT
qu1hua4|区划	dictionary	CC-CEDICT
shi2zu2|十足	dictionary	CC-CEDICT
nan2ji2|南极	dictionary	CC-CEDICT
ka3si1|卡斯	dictionary	CC-CEDICT
fa1cai2|发财	dictionary	CC-CEDICT
shou4hai4ren2|受害人	dictionary	CC-CEDICT
shi3mi4si1|史密斯	dictionary	CC-CEDICT
chi1jing1|吃惊	dictionary	CC-CEDICT
tun1|吞	dictionary	CC-CEDICT
xi1yan1|吸烟	dictionary	CC-CEDICT
jia1|嘉	dictionary	CC-CEDICT
zuo4lao2|坐牢	dictionary	CC-CEDICT
jian1xin4|坚信	dictionary	CC-CEDICT
zeng1tian1|增添	dictionary	CC-CEDICT
bei4shou4|备受	dictionary	CC-CEDICT
fu4huo2|复活	dictionary	CC-CEDICT
da4xiang4|大象	dictionary	CC-CEDICT
tai4hao3le5|太好了	dictionary	CC-CEDICT
yang1hang2|央行	dictionary	CC-CEDICT
shi1xiao4|失效	dictionary	CC-CEDICT
wei3nei4rui4la1|委内瑞拉	dictionary	CC-CEDICT
wei1er3|威尔	dictionary	CC-CEDICT
bao3shi2|宝石	dictionary	CC-CEDICT
shi2shi4qiu2shi4|实事求是	dictionary	CC-CEDICT
gong1dian4|宫殿	dictionary	CC-CEDICT
bin1|宾	dictionary	CC-CEDICT
xiao3dao3|小岛	dictionary	CC-CEDICT
jiu4shi4shuo1|就是说	dictionary	CC-CEDICT
dao3guo2|岛国	dictionary	CC-CEDICT
kai1fa1qu1|开发区	dictionary	CC-CEDICT
peng2|彭	dictionary	CC-CEDICT
xu2zhou1|徐州	dictionary	CC-CEDICT
de2yu3|德语	dictionary	CC-CEDICT
xin1mu4|心目	dictionary	CC-CEDICT
bi4jiang1|必将	dictionary	CC-CEDICT
qia4qia4|恰恰	dictionary	CC-CEDICT
zhan4che1|战车	dictionary	CC-CEDICT
shou3gong1ye4|手工业	dictionary	CC-CEDICT
da3jia4|打架	dictionary	CC-CEDICT
yang2zhou1|扬州	dictionary	CC-CEDICT
tou2zi1ren2|投资人	dictionary	CC-CEDICT
bao4she4|报社	dictionary	CC-CEDICT
ba2|拔	dictionary	CC-CEDICT
ju1bu3|拘捕	dictionary	CC-CEDICT
zhao1shou1|招收	dictionary	CC-CEDICT
pin1ming4|拼命	dictionary	CC-CEDICT
nie1|捏	dictionary	CC-CEDICT
huan4qu3|换取	dictionary	CC-CEDICT
ban1qian1|搬迁	dictionary	CC-CEDICT
zhi1fu4bao3|支付宝	dictionary	CC-CEDICT
zhi1zhu4|支柱	dictionary	CC-CEDICT
zheng4ju2|政局	dictionary	CC-CEDICT
san4bu4|散布	dictionary	CC-CEDICT
san3wen2|散文	dictionary	CC-CEDICT
ri4chang2sheng1huo2|日常生活	dictionary	CC-CEDICT
jiu4zhi3|旧址	dictionary	CC-CEDICT
kun1chong2|昆虫	dictionary	CC-CEDICT
xing1zuo4|星座	dictionary	CC-CEDICT
yue4qiu2|月球	dictionary	CC-CEDICT
you3shi4|有事	dictionary	CC-CEDICT
wang4yuan3jing4|望远镜	dictionary	CC-CEDICT
ge2la1|格拉	dictionary	CC-CEDICT
tao2yuan2|桃园	dictionary	CC-CEDICT
tao2hua1|桃花	dictionary	CC-CEDICT
tong3|桶	dictionary	CC-CEDICT
mo2kuai4|模块	dictionary	CC-CEDICT
ci3ren2|此人	dictionary	CC-CEDICT
bi3yu4|比喻	dictionary	CC-CEDICT
wu1shui3|污水	dictionary	CC-CEDICT
zhu4ming2|注明	dictionary	CC-CEDICT
nong2hou4|浓厚	dictionary	CC-CEDICT
yu2min2|渔民	dictionary	CC-CEDICT
dian3zi5|点子	dictionary	CC-CEDICT
lao2|牢	dictionary	CC-CEDICT
dian4ji1|电机	dictionary	CC-CEDICT
shu1san4|疏散	dictionary	CC-CEDICT
sheng4xing2|盛行	dictionary	CC-CEDICT
li2qu4|离去	dictionary	CC-CEDICT
li2zi5|离子	dictionary	CC-CEDICT
si1xia4|私下	dictionary	CC-CEDICT
ke1xue2ji4shu4|科学技术	dictionary	CC-CEDICT
tu1ji1|突击	dictionary	CC-CEDICT
di4yi4ming2|第一名	dictionary	CC-CEDICT
di4san1ge4|第三个	dictionary	CC-CEDICT
zu3zhang3|组长	dictionary	CC-CEDICT
jing1mao4|经贸	dictionary	CC-CEDICT
jie2wei3|结尾	dictionary	CC-CEDICT
bian1ma3|编码	dictionary	CC-CEDICT
que1kou3|缺口	dictionary	CC-CEDICT
lao3shi4|老是	dictionary	CC-CEDICT
chi3ru3|耻辱	dictionary	CC-CEDICT
zi4wei4|自慰	dictionary	CC-CEDICT
zang4li3|葬礼	dictionary	CC-CEDICT
shi4xian4|视线	dictionary	CC-CEDICT
jie3tuo1|解脱	dictionary	CC-CEDICT
gui3yi4|诡异	dictionary	CC-CEDICT
zeng4song4|赠送	dictionary	CC-CEDICT
dun1|蹲	dictionary	CC-CEDICT
shen1pang2|身旁	dictionary	CC-CEDICT
guo4min3|过敏	dictionary	CC-CEDICT
mai4|迈	dictionary	CC-CEDICT
zhe4hui2|这回	dictionary	CC-CEDICT
zhen4rong2|阵容	dictionary	CC-CEDICT
ji4|际	dictionary	CC-CEDICT
ge2xin1|革新	dictionary	CC-CEDICT
yu4ding4|预订	dictionary	CC-CEDICT
feng1qi4|风气	dictionary	CC-CEDICT
bao3|饱	dictionary	CC-CEDICT
wei4|魏	dictionary	CC-CEDICT
yi1tang4|一趟	dictionary	CC-CEDICT
yi1lun2|一轮	dictionary	CC-CEDICT
yi1men2|一门	dictionary	CC-CEDICT
shang4jiang4|上将	dictionary	CC-CEDICT
shang4xiao4|上校	dictionary	CC-CEDICT
xia4gang3|下岗	dictionary	CC-CEDICT
bu4yi2|不宜	dictionary	CC-CEDICT
bu4xi1|不惜	dictionary	CC-CEDICT
chou3lou4|丑陋	dictionary	CC-CEDICT
liang3zhi3|两只	dictionary	CC-CEDICT
zhong1yao4|中药	dictionary	CC-CEDICT
qin1jin4|亲近	dictionary	CC-CEDICT
ren2shen1|人身	dictionary	CC-CEDICT
hui4chang3|会场	dictionary	CC-CEDICT
gong1ying4shang1|供应商	dictionary	CC-CEDICT
yi1ci4|依次	dictionary	CC-CEDICT
fu2lu3|俘虏	dictionary	CC-CEDICT
xin4feng4|信奉	dictionary	CC-CEDICT
zhai4quan2ren2|债权人	dictionary	CC-CEDICT
chong1dang1|充当	dictionary	CC-CEDICT
ke4li3si1|克里斯	dictionary	CC-CEDICT
ba1da4|八大	dictionary	CC-CEDICT
gong1kai1xin4|公开信	dictionary	CC-CEDICT
zai4you3|再有	dictionary	CC-CEDICT
ji3ju4|几句	dictionary	CC-CEDICT
fen1gong1si1|分公司	dictionary	CC-CEDICT
shan1|删	dictionary	CC-CEDICT
li4ya4|利亚	dictionary	CC-CEDICT
yong3|勇	dictionary	CC-CEDICT
hua4zhuang1|化妆	dictionary	CC-CEDICT
sheng1gao1|升高	dictionary	CC-CEDICT
ban4dao3ti3|半导体	dictionary	CC-CEDICT
hua2yi4|华裔	dictionary	CC-CEDICT
hua2yu3|华语	dictionary	CC-CEDICT
xian4zhang3|县长	dictionary	CC-CEDICT
fan3xing3|反省	dictionary	CC-CEDICT
fan3ge2ming4|反革命	dictionary	CC-CEDICT
fa1gei3|发给	dictionary	CC-CEDICT
he2ji4|合计	dictionary	CC-CEDICT
tong2deng3|同等	dictionary	CC-CEDICT
qi3meng2|启蒙	dictionary	CC-CEDICT
na4|呐	dictionary	CC-CEDICT
he1he1|呵呵	dictionary	CC-CEDICT
guo2ji4fa3|国际法	dictionary	CC-CEDICT
dian4|垫	dictionary	CC-CEDICT
ji1chu3she4shi1|基础设施	dictionary	CC-CEDICT
tian2xie3|填写	dictionary	CC-CEDICT
fu4xi2|复习	dictionary	CC-CEDICT
wai4jiao1guan1|外交官	dictionary	CC-CEDICT
duo1wei4|多位	dictionary	CC-CEDICT
da4wang2|大王	dictionary	CC-CEDICT
da4gang1|大纲	dictionary	CC-CEDICT
tou2tiao2|头条	dictionary	CC-CEDICT
nv3xu4|女婿	dictionary	CC-CEDICT
zi4yang4|字样	dictionary	CC-CEDICT
gu1er2|孤儿	dictionary	CC-CEDICT
gu1dan1|孤单	dictionary	CC-CEDICT
ning2jing4|宁静	dictionary	CC-CEDICT
ding4lv4|定律	dictionary	CC-CEDICT
han2leng3|寒冷	dictionary	CC-CEDICT
yan2|岩	dictionary	CC-CEDICT
bu4lei2|布雷	dictionary	CC-CEDICT
ping2xing2|平行	dictionary	CC-CEDICT
guang3yi4|广义	dictionary	CC-CEDICT
dian4li3|店里	dictionary	CC-CEDICT
kai1zhan4|开战	dictionary	CC-CEDICT
ji2ju4|急剧	dictionary	CC-CEDICT
xuan2gua4|悬挂	dictionary	CC-CEDICT
lan3|懒	dictionary	CC-CEDICT
huo4zhe3shuo1|或者说	dictionary	CC-CEDICT
hu4wai4|户外	dictionary	CC-CEDICT
tuo1ma3si1|托马斯	dictionary	CC-CEDICT
la1ding1|拉丁	dictionary	CC-CEDICT
peng3|捧	dictionary	CC-CEDICT
da1cheng2|搭乘	dictionary	CC-CEDICT
jing4|敬	dictionary	CC-CEDICT
wu2tiao2jian4|无条件	dictionary	CC-CEDICT
ri4chu1|日出	dictionary	CC-CEDICT
ri4dian4|日电	dictionary	CC-CEDICT
shi2hui4|时会	dictionary	CC-CEDICT
wan3fan4|晚饭	dictionary	CC-CEDICT
fu2yi4|服役	dictionary	CC-CEDICT
huan1hu1|欢呼	dictionary	CC-CEDICT
zheng4tong3|正统	dictionary	CC-CEDICT
wu3shu4|武术	dictionary	CC-CEDICT
sha1te4|沙特	dictionary	CC-CEDICT
he2bei3sheng3|河北省	dictionary	CC-CEDICT
you2jia4|油价	dictionary	CC-CEDICT
zhan1|沾	dictionary	CC-CEDICT
zhu4shi4|注释	dictionary	CC-CEDICT
pai4chu1suo3|派出所	dictionary	CC-CEDICT
liu2xiang4|流向	dictionary	CC-CEDICT
lang4chao2|浪潮	dictionary	CC-CEDICT
shen1hou4|深厚	dictionary	CC-CEDICT
shen1zhen4shi4|深圳市	dictionary	CC-CEDICT
qing1zhen1si4|清真寺	dictionary	CC-CEDICT
peng1ren4|烹饪	dictionary	CC-CEDICT
gou3gou3|狗狗	dictionary	CC-CEDICT
wan2yi4|玩意	dictionary	CC-CEDICT
li3suo3dang1ran2|理所当然	dictionary	CC-CEDICT
tian2mi4|甜蜜	dictionary	CC-CEDICT
jie4mian4|界面	dictionary	CC-CEDICT
mu4du3|目睹	dictionary	CC-CEDICT
ke1pu3|科普	dictionary	CC-CEDICT
jing4ji4|竞技	dictionary	CC-CEDICT
bi3ji4ben3|笔记本	dictionary	CC-CEDICT
di4yi1bu4|第一部	dictionary	CC-CEDICT
shai1xuan3|筛选	dictionary	CC-CEDICT
jing1zhi4|精致	dictionary	CC-CEDICT
tang2niao4bing4|糖尿病	dictionary	CC-CEDICT
jin3jin3|紧紧	dictionary	CC-CEDICT
na4shui4|纳税	dictionary	CC-CEDICT
yi4|翼	dictionary	CC-CEDICT
geng1di4|耕地	dictionary	CC-CEDICT
lian2jun1|联军	dictionary	CC-CEDICT
zhi4fu4|致富	dictionary	CC-CEDICT
ci2|茨	dictionary	CC-CEDICT
dang4|荡	dictionary	CC-CEDICT
shuai1tui4|衰退	dictionary	CC-CEDICT
dai4|袋	dictionary	CC-CEDICT
jiang3jiu1|讲究	dictionary	CC-CEDICT
lun4dian3|论点	dictionary	CC-CEDICT
bian3zhi2|贬值	dictionary	CC-CEDICT
dai4|贷	dictionary	CC-CEDICT
zou3shi4|走势	dictionary	CC-CEDICT
duo3bi4|躲避	dictionary	CC-CEDICT
fan3|返	dictionary	CC-CEDICT
lian2tong2|连同	dictionary	CC-CEDICT
tao2zou3|逃走	dictionary	CC-CEDICT
jin1gang1|金刚	dictionary	CC-CEDICT
chang2zheng1|长征	dictionary	CC-CEDICT
chuang3|闯	dictionary	CC-CEDICT
chuang3ru4|闯入	dictionary	CC-CEDICT
a1man4|阿曼	dictionary	CC-CEDICT
yin3xing2|隐形	dictionary	CC-CEDICT
li4shu3yu2|隶属于	dictionary	CC-CEDICT
mian4zi5|面子	dictionary	CC-CEDICT
si4liao4|饲料	dictionary	CC-CEDICT
man2tou5|馒头	dictionary	CC-CEDICT
li2ming2|黎明	dictionary	CC-CEDICT
yi1zhong1|一中	dictionary	CC-CEDICT
yi1chu1|一出	dictionary	CC-CEDICT
yi1zhan4|一战	dictionary	CC-CEDICT
xia4chang3|下场	dictionary	CC-CEDICT
shi4su2|世俗	dictionary	CC-CEDICT
diu1shi1|丢失	dictionary	CC-CEDICT
liang3chang3|两场	dictionary	CC-CEDICT
guai1guai1|乖乖	dictionary	CC-CEDICT
yi3|乙	dictionary	CC-CEDICT
jiu3nian2|九年	dictionary	CC-CEDICT
jiu3long2|九龙	dictionary	CC-CEDICT
jiao1chu1|交出	dictionary	CC-CEDICT
ren2kou3pu3cha2|人口普查	dictionary	CC-CEDICT
san3|伞	dictionary	CC-CEDICT
xin4jian4|信件	dictionary	CC-CEDICT
qing1|倾	dictionary	CC-CEDICT
jia3ding4|假定	dictionary	CC-CEDICT
zuo4ge4|做个	dictionary	CC-CEDICT
tu4|兔	dictionary	CC-CEDICT
quan2hui4|全会	dictionary	CC-CEDICT
quan2chang3|全场	dictionary	CC-CEDICT
gong1an1ju2|公安局	dictionary	CC-CEDICT
nei4yi1|内衣	dictionary	CC-CEDICT
mao4fan4|冒犯	dictionary	CC-CEDICT
hua4shi2|化石	dictionary	CC-CEDICT
pi3pei4|匹配	dictionary	CC-CEDICT
wei4sheng1bu4|卫生部	dictionary	CC-CEDICT
chang3jia1|厂家	dictionary	CC-CEDICT
fa1da2guo2jia1|发达国家	dictionary	CC-CEDICT
he2zuo4she4|合作社	dictionary	CC-CEDICT
xi1xue4gui3|吸血鬼	dictionary	CC-CEDICT
hu1huan4|呼唤	dictionary	CC-CEDICT
zhe2xue2jia1|哲学家	dictionary	CC-CEDICT
guo2fang2bu4zhang3|国防部长	dictionary	CC-CEDICT
tu2ku4|图库	dictionary	CC-CEDICT
sheng4di4|圣地	dictionary	CC-CEDICT
duo1duo1|多多	dictionary	CC-CEDICT
tian1jin1shi4|天津市	dictionary	CC-CEDICT
tai4bang4le5|太棒了	dictionary	CC-CEDICT
shi1ye4lv4|失业率	dictionary	CC-CEDICT
ben1chi2|奔驰	dictionary	CC-CEDICT
tao4lu4|套路	dictionary	CC-CEDICT
hao3xiao4|好笑	dictionary	CC-CEDICT
fei1|妃	dictionary	CC-CEDICT
ji1|姬	dictionary	CC-CEDICT
wa2|娃	dictionary	CC-CEDICT
xue2wen4|学问	dictionary	CC-CEDICT
an1ni1|安妮	dictionary	CC-CEDICT
an1fu3|安抚	dictionary	CC-CEDICT
wan2bei4|完备	dictionary	CC-CEDICT
wan2gong1|完工	dictionary	CC-CEDICT
ding4jia4|定价	dictionary	CC-CEDICT
ke4fu2|客服	dictionary	CC-CEDICT
xu4lie4|序列	dictionary	CC-CEDICT
zuo4tan2hui4|座谈会	dictionary	CC-CEDICT
yi4|役	dictionary	CC-CEDICT
de2ming2|得名	dictionary	CC-CEDICT
de2jun1|德军	dictionary	CC-CEDICT
xin1si1|心思	dictionary	CC-CEDICT
you1lv4|忧虑	dictionary	CC-CEDICT
qing2ren2jie2|情人节	dictionary	CC-CEDICT
ba1|扒	dictionary	CC-CEDICT
da3zhang4|打仗	dictionary	CC-CEDICT
da3bao1|打包	dictionary	CC-CEDICT
kang4ju4|抗拒	dictionary	CC-CEDICT
zheng4qian2|挣钱	dictionary	CC-CEDICT
bu3zhuo1|捕捉	dictionary	CC-CEDICT
lao1|捞	dictionary	CC-CEDICT
sou1cha2|搜查	dictionary	CC-CEDICT
ban1jia1|搬家	dictionary	CC-CEDICT
zhai1|摘	dictionary	CC-CEDICT
zhuang4ji1|撞击	dictionary	CC-CEDICT
jiu4zai1|救灾	dictionary	CC-CEDICT
wen2ku4|文库	dictionary	CC-CEDICT
wen2ji2|文集	dictionary	CC-CEDICT
ri4nei4wa3|日内瓦	dictionary	CC-CEDICT
ming2liang4|明亮	dictionary	CC-CEDICT
jing3|景	dictionary	CC-CEDICT
man4ha1dun4|曼哈顿	dictionary	CC-CEDICT
man4gu3|曼谷	dictionary	CC-CEDICT
ti4huan4|替换	dictionary	CC-CEDICT
zui4xian1|最先	dictionary	CC-CEDICT
meng4jian4|梦见	dictionary	CC-CEDICT
gai4kuo4|概括	dictionary	CC-CEDICT
bang3yang4|榜样	dictionary	CC-CEDICT
can2ji2ren2|残疾人	dictionary	CC-CEDICT
shui3yuan2|水源	dictionary	CC-CEDICT
pao4mo4|泡沫	dictionary	CC-CEDICT
tai4lei1|泰勒	dictionary	CC-CEDICT
liu2wang2|流亡	dictionary	CC-CEDICT
yuan2tou2|源头	dictionary	CC-CEDICT
ji1qi3|激起	dictionary	CC-CEDICT
re4chao2|热潮	dictionary	CC-CEDICT
ta1|它	dictionary	CC-CEDICT
shou4lie4|狩猎	dictionary	CC-CEDICT
huan2jing4bao3hu4|环境保护	dictionary	CC-CEDICT
zhu1hai3|珠海	dictionary	CC-CEDICT
li3cai2|理财	dictionary	CC-CEDICT
yong4xin1|用心	dictionary	CC-CEDICT
yong4shui3|用水	dictionary	CC-CEDICT
yi2huo4|疑惑	dictionary	CC-CEDICT
shi4wei1zhe3|示威者	dictionary	CC-CEDICT
piao4fang2|票房	dictionary	CC-CEDICT
di4yi1jie4|第一届	dictionary	CC-CEDICT
deng3hou4|等候	dictionary	CC-CEDICT
li4zi5|粒子	dictionary	CC-CEDICT
jing1ji4ren2|经纪人	dictionary	CC-CEDICT
jie2meng2|结盟	dictionary	CC-CEDICT
wei2duo1li4ya4|维多利亚	dictionary	CC-CEDICT
chan2|缠	dictionary	CC-CEDICT
jiao3na4|缴纳	dictionary	CC-CEDICT
shua3|耍	dictionary	CC-CEDICT
hao4fei4|耗费	dictionary	CC-CEDICT
lian2wang3|联网	dictionary	CC-CEDICT
fu1se4|肤色	dictionary	CC-CEDICT
cha2ye4|茶叶	dictionary	CC-CEDICT
xing2xing1|行星	dictionary	CC-CEDICT
biao3zhang1|表彰	dictionary	CC-CEDICT
yao4si3|要死	dictionary	CC-CEDICT
she4zai4|设在	dictionary	CC-CEDICT
shuo1qi3|说起	dictionary	CC-CEDICT
guan4chuan1|贯穿	dictionary	CC-CEDICT
bu4jian4|部件	dictionary	CC-CEDICT
li3cheng2|里程	dictionary	CC-CEDICT
chang2an1|长安	dictionary	CC-CEDICT
wen4hou4|问候	dictionary	CC-CEDICT
e4si3|饿死	dictionary	CC-CEDICT
gao1shang4|高尚	dictionary	CC-CEDICT
xian1xue4|鲜血	dictionary	CC-CEDICT
ya1pian4|鸦片	dictionary	CC-CEDICT
wan4ge4|万个	dictionary	CC-CEDICT
shang4xian4|上限	dictionary	CC-CEDICT
xia4ban4nian2|下半年	dictionary	CC-CEDICT
xia4fang1|下方	dictionary	CC-CEDICT
bu4kan1|不堪	dictionary	CC-CEDICT
bu4fu2|不服	dictionary	CC-CEDICT
bu4nan2|不难	dictionary	CC-CEDICT
zhuan1xin1|专心	dictionary	CC-CEDICT
liang3hui4|两会	dictionary	CC-CEDICT
zhong1chan3jie1ji2|中产阶级	dictionary	CC-CEDICT
zhong1zhi3|中止	dictionary	CC-CEDICT
lin2jin4|临近	dictionary	CC-CEDICT
dan1ni2|丹尼	dictionary	CC-CEDICT
mai3xia4|买下	dictionary	CC-CEDICT
ru3fang2|乳房	dictionary	CC-CEDICT
zheng1zhi2|争执	dictionary	CC-CEDICT
qin1you3|亲友	dictionary	CC-CEDICT
qin1shou3|亲手	dictionary	CC-CEDICT
qin1shen1|亲身	dictionary	CC-CEDICT
ta1jia1|他家	dictionary	CC-CEDICT
qi3e2|企鹅	dictionary	CC-CEDICT
di1wen1|低温	dictionary	CC-CEDICT
bao3jia1li4ya4|保加利亚	dictionary	CC-CEDICT
nei4lu4|内陆	dictionary	CC-CEDICT
leng3mo4|冷漠	dictionary	CC-CEDICT
fen1xi1shi1|分析师	dictionary	CC-CEDICT
shua1xin1|刷新	dictionary	CC-CEDICT
shi4tou5|势头	dictionary	CC-CEDICT
mu4ji2|募集	dictionary	CC-CEDICT
gou1jie2|勾结	dictionary	CC-CEDICT
wu4|勿	dictionary	CC-CEDICT
li4lai2|历来	dictionary	CC-CEDICT
kou3zhao4|口罩	dictionary	CC-CEDICT
qi3|启	dictionary	CC-CEDICT
e4|呃	dictionary	CC-CEDICT
huan4xing3|唤醒	dictionary	CC-CEDICT
hui2zu2|回族	dictionary	CC-CEDICT
tian1zhen1|天真	dictionary	CC-CEDICT
xue2shi4|学士	dictionary	CC-CEDICT
xue2qi1|学期	dictionary	CC-CEDICT
zhai4|寨	dictionary	CC-CEDICT
cui1|崔	dictionary	CC-CEDICT
shi1fan4|师范	dictionary	CC-CEDICT
bing4gou4|并购	dictionary	CC-CEDICT
zhuang1yuan2|庄园	dictionary	CC-CEDICT
qiang2jing4|强劲	dictionary	CC-CEDICT
qiang2dao4|强盗	dictionary	CC-CEDICT
qiang2ying4|强硬	dictionary	CC-CEDICT
pang2fo2|彷佛	dictionary	CC-CEDICT
jing1qi2|惊奇	dictionary	CC-CEDICT
jie4|戒	dictionary	CC-CEDICT
shou3chi2|手持	dictionary	CC-CEDICT
tuo1yan2|拖延	dictionary	CC-CEDICT
yong1ji3|拥挤	dictionary	CC-CEDICT
zhi3hui1bu4|指挥部	dictionary	CC-CEDICT
hui1wu3|挥舞	dictionary	CC-CEDICT
pai2hang2|排行	dictionary	CC-CEDICT
jie1fa1|揭发	dictionary	CC-CEDICT
fang4ying4|放映	dictionary	CC-CEDICT
you3wang4|有望	dictionary	CC-CEDICT
wei4ceng2|未曾	dictionary	CC-CEDICT
ji1qiang1|机枪	dictionary	CC-CEDICT
sha1lu4|杀戮	dictionary	CC-CEDICT
shu4lin2|树林	dictionary	CC-CEDICT
guan1cai2|棺材	dictionary	CC-CEDICT
qi1zha4|欺诈	dictionary	CC-CEDICT
he2nei4|河内	dictionary	CC-CEDICT
zhi4guo2|治国	dictionary	CC-CEDICT
lei4shui3|泪水	dictionary	CC-CEDICT
liu2lang4|流浪	dictionary	CC-CEDICT
xiao1fei4pin3|消费品	dictionary	CC-CEDICT
run4|润	dictionary	CC-CEDICT
guan4gai4|灌溉	dictionary	CC-CEDICT
gan1|甘	dictionary	CC-CEDICT
dian4zi5shu1|电子书	dictionary	CC-CEDICT
bing4fang2|病房	dictionary	CC-CEDICT
meng2you3|盟友	dictionary	CC-CEDICT
pan4|盼	dictionary	CC-CEDICT
zhi1xiao3|知晓	dictionary	CC-CEDICT
kuang4ye4|矿业	dictionary	CC-CEDICT
jin4ji4|禁忌	dictionary	CC-CEDICT
kong1qian2|空前	dictionary	CC-CEDICT
jing1shen2bing4|精神病	dictionary	CC-CEDICT
fei4yan2|肺炎	dictionary	CC-CEDICT
liang2|良	dictionary	CC-CEDICT
ying1bang4|英镑	dictionary	CC-CEDICT
huo4xi1|获悉	dictionary	CC-CEDICT
dan4bai2|蛋白	dictionary	CC-CEDICT
zhen3suo3|诊所	dictionary	CC-CEDICT
ci2dian3|词典	dictionary	CC-CEDICT
shuo1hao3|说好	dictionary	CC-CEDICT
zan4shang3|赞赏	dictionary	CC-CEDICT
che1jian1|车间	dictionary	CC-CEDICT
qian1xi3|迁徙	dictionary	CC-CEDICT
guo4de2|过得	dictionary	CC-CEDICT
zhe4ben3|这本	dictionary	CC-CEDICT
lian2huan2|连环	dictionary	CC-CEDICT
chi2zao3|迟早	dictionary	CC-CEDICT
bian4bu4|遍布	dictionary	CC-CEDICT
qian3fan3|遣返	dictionary	CC-CEDICT
lin2guo2|邻国	dictionary	CC-CEDICT
xiao1hui3|销毁	dictionary	CC-CEDICT
yang2tai2|阳台	dictionary	CC-CEDICT
ling2jian4|零件	dictionary	CC-CEDICT
qing1lai4|青睐	dictionary	CC-CEDICT
feng1qing2|风情	dictionary	CC-CEDICT
fei1dan4|飞弹	dictionary	CC-CEDICT
can1yin3|餐饮	dictionary	CC-CEDICT
jia4shi3yuan2|驾驶员	dictionary	CC-CEDICT
luo4tuo2|骆驼	dictionary	CC-CEDICT
mo2nv3|魔女	dictionary	CC-CEDICT
mai4dang1lao2|麦当劳	dictionary	CC-CEDICT
gu3chui1|鼓吹	dictionary	CC-CEDICT
yi1pang2|一旁	dictionary	CC-CEDICT
xia4xun2|下旬	dictionary	CC-CEDICT
ye4jie4|业界	dictionary	CC-CEDICT
liang3mian4|两面	dictionary	CC-CEDICT
zhi1xin1|之心	dictionary	CC-CEDICT
shi4fa1|事发	dictionary	CC-CEDICT
jiao1zhan4|交战	dictionary	CC-CEDICT
you1mei3|优美	dictionary	CC-CEDICT
chuan2jiao4|传教	dictionary	CC-CEDICT
he2kuang4|何况	dictionary	CC-CEDICT
zhen1cha2|侦察	dictionary	CC-CEDICT
bao3hu4qu1|保护区	dictionary	CC-CEDICT
xin4tuo1|信托	dictionary	CC-CEDICT
dao4tui4|倒退	dictionary	CC-CEDICT
jie4yong4|借用	dictionary	CC-CEDICT
chu1yu4|出狱	dictionary	CC-CEDICT
chuang1shang1|创伤	dictionary	CC-CEDICT
jia1zhong4|加重	dictionary	CC-CEDICT
dong4ren2|动人	dictionary	CC-CEDICT
shi2wu3nian2|十五年	dictionary	CC-CEDICT
qian1li3|千里	dictionary	CC-CEDICT
zhan4yong4|占用	dictionary	CC-CEDICT
juan3ru4|卷入	dictionary	CC-CEDICT
xian4ji2|县级	dictionary	CC-CEDICT
shuang1xiang4|双向	dictionary	CC-CEDICT
fan3zhi1|反之	dictionary	CC-CEDICT
fan3gan3|反感	dictionary	CC-CEDICT
ke3wu4|可恶	dictionary	CC-CEDICT
ke3yi2|可疑	dictionary	CC-CEDICT
you4yi4|右翼	dictionary	CC-CEDICT
si1ling4bu4|司令部	dictionary	CC-CEDICT
hou4fang1|后方	dictionary	CC-CEDICT
hou4yi4|后裔	dictionary	CC-CEDICT
hou2long2|喉咙	dictionary	CC-CEDICT
guo2li4|国立	dictionary	CC-CEDICT
bi4hua4|壁画	dictionary	CC-CEDICT
da4mi3|大米	dictionary	CC-CEDICT
da4bu4fen4|大部份	dictionary	CC-CEDICT
ru2guo3shuo1|如果说	dictionary	CC-CEDICT
yao1jing1|妖精	dictionary	CC-CEDICT
an1zhuo2|安卓	dictionary	CC-CEDICT
wan2jie2|完结	dictionary	CC-CEDICT
zun1|尊	dictionary	CC-CEDICT
shao4fu4|少妇	dictionary	CC-CEDICT
feng1hui4|峰会	dictionary	CC-CEDICT
gan4long2|干隆	dictionary	CC-CEDICT
kai1duan1|开端	dictionary	CC-CEDICT
hong2yang2|弘扬	dictionary	CC-CEDICT
xian2|弦	dictionary	CC-CEDICT
de2bu2dao4|得不到	dictionary	CC-CEDICT
mang2lu4|忙碌	dictionary	CC-CEDICT
zong3tong3fu3|总统府	dictionary	CC-CEDICT
lian4ren2|恋人	dictionary	CC-CEDICT
hui4|惠	dictionary	CC-CEDICT
zhan4shi4|战事	dictionary	CC-CEDICT
zhan4dou4li4|战斗力	dictionary	CC-CEDICT
pi1|披	dictionary	CC-CEDICT
chou1xiang4|抽象	dictionary	CC-CEDICT
zhao1dai4|招待	dictionary	CC-CEDICT
tiao3xin4|挑衅	dictionary	CC-CEDICT
zhang3|掌	dictionary	CC-CEDICT
jie1wen3|接吻	dictionary	CC-CEDICT
di2dui4|敌对	dictionary	CC-CEDICT
jiao4yi4|教义	dictionary	CC-CEDICT
zheng3zhi4|整治	dictionary	CC-CEDICT
wen2dang4|文档	dictionary	CC-CEDICT
wu2chi3|无耻	dictionary	CC-CEDICT
wu2neng2wei2li4|无能为力	dictionary	CC-CEDICT
wu2fei1|无非	dictionary	CC-CEDICT
yi4yu2|易于	dictionary	CC-CEDICT
xing1qi1er4|星期二	dictionary	CC-CEDICT
jin4|晋	dictionary	CC-CEDICT
shu3jia4|暑假	dictionary	CC-CEDICT
zui4gao1fa3yuan4|最高法院	dictionary	CC-CEDICT
ben3zhan4|本站	dictionary	CC-CEDICT
jie2ke4|杰克	dictionary	CC-CEDICT
ji2li4|极力	dictionary	CC-CEDICT
biao1shi2|标识	dictionary	CC-CEDICT
dang4ci4|档次	dictionary	CC-CEDICT
meng4huan4|梦幻	dictionary	CC-CEDICT
jian3tao3|检讨	dictionary	CC-CEDICT
min2yong4|民用	dictionary	CC-CEDICT
fan4lan4|泛滥	dictionary	CC-CEDICT
huo2po1|活泼	dictionary	CC-CEDICT
man4hua4jia1|漫画家	dictionary	CC-CEDICT
qian2shui3|潜水	dictionary	CC-CEDICT
dian3er2|点儿	dictionary	CC-CEDICT
lie4shi4|烈士	dictionary	CC-CEDICT
tang4|烫	dictionary	CC-CEDICT
shu2lian4|熟练	dictionary	CC-CEDICT
yu4zhong1|狱中	dictionary	CC-CEDICT
bai3he2|百合	dictionary	CC-CEDICT
zhuo2xiang3|着想	dictionary	CC-CEDICT
man2|瞒	dictionary	CC-CEDICT
she4hui4xue2|社会学	dictionary	CC-CEDICT
zu3mu3|祖母	dictionary	CC-CEDICT
di4yi1pi1|第一批	dictionary	CC-CEDICT
di4yi1bu4|第一步	dictionary	CC-CEDICT
zhu4|筑	dictionary	CC-CEDICT
guan3jia1|管家	dictionary	CC-CEDICT
yue4|粤	dictionary	CC-CEDICT
zong4ran2|纵然	dictionary	CC-CEDICT
xian4xia4|线下	dictionary	CC-CEDICT
bian1cheng2|编程	dictionary	CC-CEDICT
wang3qiu2|网球	dictionary	CC-CEDICT
chi4bang3|翅膀	dictionary	CC-CEDICT
lao3wai4|老外	dictionary	CC-CEDICT
kao3liang2|考量	dictionary	CC-CEDICT
sheng4guo4|胜过	dictionary	CC-CEDICT
zi4wei4|自卫	dictionary	CC-CEDICT
fan4bing1bing1|范冰冰	dictionary	CC-CEDICT
la4xia4|落下	dictionary	CC-CEDICT
pi4ru2|譬如	dictionary	CC-CEDICT
ji4shu4|记述	dictionary	CC-CEDICT
gai1shi4|该市	dictionary	CC-CEDICT
ying2jia1|赢家	dictionary	CC-CEDICT
he4|赫	dictionary	CC-CEDICT
lu4guo4|路过	dictionary	CC-CEDICT
shen1ying3|身影	dictionary	CC-CEDICT
xin1|辛	dictionary	CC-CEDICT
ye3xin1|野心	dictionary	CC-CEDICT
yu4liao4|预料	dictionary	CC-CEDICT
feng1yu3|风雨	dictionary	CC-CEDICT
sao1luan4|骚乱	dictionary	CC-CEDICT
gao1ke1ji4|高科技	dictionary	CC-CEDICT
yi4kou3qi4|一口气	dictionary	CC-CEDICT
yi1piao4|一票	dictionary	CC-CEDICT
yi1lian3|一脸	dictionary	CC-CEDICT
yi1zhen4zi5|一阵子	dictionary	CC-CEDICT
liang3zhang1|两张	dictionary	CC-CEDICT
sang4sheng1|丧生	dictionary	CC-CEDICT
zhi1di4|之地	dictionary	CC-CEDICT
zheng1chao3|争吵	dictionary	CC-CEDICT
zheng1duan1|争端	dictionary	CC-CEDICT
er4hao4|二号	dictionary	CC-CEDICT
ren2|仁	dictionary	CC-CEDICT
you1yi4|优异	dictionary	CC-CEDICT
di1gu1|低估	dictionary	CC-CEDICT
qin1shi2|侵蚀	dictionary	CC-CEDICT
dao4shu3|倒数	dictionary	CC-CEDICT
quan2mei3|全美	dictionary	CC-CEDICT
guan1qie4|关切	dictionary	CC-CEDICT
guan1jian4ci2|关键词	dictionary	CC-CEDICT
liu2shao3qi2|刘少奇	dictionary	CC-CEDICT
yong3yu2|勇于	dictionary	CC-CEDICT
hua2dong1|华东	dictionary	CC-CEDICT
hua2er3jie1|华尔街	dictionary	CC-CEDICT
xie2|协	dictionary	CC-CEDICT
can1yu4zhe3|参与者	dictionary	CC-CEDICT
fan3gong4|反共	dictionary	CC-CEDICT
fa1jiao4|发酵	dictionary	CC-CEDICT
kou3qi4|口气	dictionary	CC-CEDICT
ke3le4|可乐	dictionary	CC-CEDICT
jun1zi3|君子	dictionary	CC-CEDICT
bei5|呗	dictionary	CC-CEDICT
zhou1san1|周三	dictionary	CC-CEDICT
zhe2|哲	dictionary	CC-CEDICT
zui3chun2|嘴唇	dictionary	CC-CEDICT
wei2qiang2|围墙	dictionary	CC-CEDICT
wei2gong1|围攻	dictionary	CC-CEDICT
guo2jun1|国军	dictionary	CC-CEDICT
po1|坡	dictionary	CC-CEDICT
da4tui3|大腿	dictionary	CC-CEDICT
tai4ping2|太平	dictionary	CC-CEDICT
shi1luo4|失落	dictionary	CC-CEDICT
tou2xian2|头衔	dictionary	CC-CEDICT
qi4ji1|契机	dictionary	CC-CEDICT
shi3jian4|始建	dictionary	CC-CEDICT
zi5gong1si1|子公司	dictionary	CC-CEDICT
cun2fang4|存放	dictionary	CC-CEDICT
zuo3shou3|左手	dictionary	CC-CEDICT
yi3zhi1|已知	dictionary	CC-CEDICT
mu4|幕	dictionary	CC-CEDICT
gan1han4|干旱	dictionary	CC-CEDICT
you4nv3|幼女	dictionary	CC-CEDICT
di3bu4|底部	dictionary	CC-CEDICT
dian4pu4|店铺	dictionary	CC-CEDICT
jian4zhu4shi1|建筑师	dictionary	CC-CEDICT
yin3lai2|引来	dictionary	CC-CEDICT
zhong1|忠	dictionary	CC-CEDICT
xing4jiao1|性交	dictionary	CC-CEDICT
zong3you3|总有	dictionary	CC-CEDICT
kong3bu4fen4zi5|恐怖分子	dictionary	CC-CEDICT
zha1shi2|扎实	dictionary	CC-CEDICT
zhi2dao3|执导	dictionary	CC-CEDICT
dan1fu4|担负	dictionary	CC-CEDICT
quan2|拳	dictionary	CC-CEDICT
na2po4lun2|拿破仑	dictionary	CC-CEDICT
juan1|捐	dictionary	CC-CEDICT
zhang3sheng1|掌声	dictionary	CC-CEDICT
rou2|揉	dictionary	CC-CEDICT
shou1suo1|收缩	dictionary	CC-CEDICT
jin1|斤	dictionary	CC-CEDICT
xing1qi1si4|星期四	dictionary	CC-CEDICT
you3de5shi4|有的是	dictionary	CC-CEDICT
ji1dian4|机电	dictionary	CC-CEDICT
ji1neng2|机能	dictionary	CC-CEDICT
yang4shi4|样式	dictionary	CC-CEDICT
li2|梨	dictionary	CC-CEDICT
si3shang1|死伤	dictionary	CC-CEDICT
shui3zhi4|水质	dictionary	CC-CEDICT
nong2|浓	dictionary	CC-CEDICT
yong3|涌	dictionary	CC-CEDICT
shen1chu4|深处	dictionary	CC-CEDICT
te4zhi4|特质	dictionary	CC-CEDICT
huan2rao4|环绕	dictionary	CC-CEDICT
ting1|町	dictionary	CC-CEDICT
liu2xia4lai2|留下来	dictionary	CC-CEDICT
dao4ban3|盗版	dictionary	CC-CEDICT
xiang4pian1|相片	dictionary	CC-CEDICT
qi2qiu2|祈求	dictionary	CC-CEDICT
piao4jia4|票价	dictionary	CC-CEDICT
ji4si4|祭祀	dictionary	CC-CEDICT
fu2te4|福特	dictionary	CC-CEDICT
fu2yin1|福音	dictionary	CC-CEDICT
chou2|筹	dictionary	CC-CEDICT
mi3er3|米尔	dictionary	CC-CEDICT
ji4wei3|纪委	dictionary	CC-CEDICT
na4shui4ren2|纳税人	dictionary	CC-CEDICT
niu3|纽	dictionary	CC-CEDICT
shen1shi4|绅士	dictionary	CC-CEDICT
jie2jing1|结晶	dictionary	CC-CEDICT
ba4mian3|罢免	dictionary	CC-CEDICT
mei3fang1|美方	dictionary	CC-CEDICT
hu2zi5|胡子	dictionary	CC-CEDICT
hu2shuo1ba1dao4|胡说八道	dictionary	CC-CEDICT
cang1|舱	dictionary	CC-CEDICT
yi4shu4pin3|艺术品	dictionary	CC-CEDICT
rong2|荣	dictionary	CC-CEDICT
chun3|蠢	dictionary	CC-CEDICT
chen4shan1|衬衫	dictionary	CC-CEDICT
jie3mi4|解密	dictionary	CC-CEDICT
jing3wei4|警卫	dictionary	CC-CEDICT
ding4gou4|订购	dictionary	CC-CEDICT
xun4|训	dictionary	CC-CEDICT
yi4zhang3|议长	dictionary	CC-CEDICT
gai1dang3|该党	dictionary	CC-CEDICT
qi3bu4|起步	dictionary	CC-CEDICT
liao2|辽	dictionary	CC-CEDICT
tao2wang2|逃亡	dictionary	CC-CEDICT
e4zhi4|遏制	dictionary	CC-CEDICT
you2bao4|邮报	dictionary	CC-CEDICT
chong2qing4shi4|重庆市	dictionary	CC-CEDICT
zhang3zi3|长子	dictionary	CC-CEDICT
chang2pian1|长篇	dictionary	CC-CEDICT
min3|闽	dictionary	CC-CEDICT
long2|隆	dictionary	CC-CEDICT
diao1ke4|雕刻	dictionary	CC-CEDICT
jing4|静	dictionary	CC-CEDICT
yu4bao4|预报	dictionary	CC-CEDICT
fei1chuan2|飞船	dictionary	CC-CEDICT
shou3fa1|首发	dictionary	CC-CEDICT
lv2|驴	dictionary	CC-CEDICT
yi1mu2yi1yang4|一模一样	dictionary	CC-CEDICT
xia4luo4|下落	dictionary	CC-CEDICT
bu4xiao3|不小	dictionary	CC-CEDICT
zhong1ri4|中日	dictionary	CC-CEDICT
zhu3ren2gong1|主人公	dictionary	CC-CEDICT
jing1du1|京都	dictionary	CC-CEDICT
yi3zhi4yu2|以至于	dictionary	CC-CEDICT
hui4tong2|会同	dictionary	CC-CEDICT
dan4yuan4|但愿	dictionary	CC-CEDICT
di1ji2|低级	dictionary	CC-CEDICT
bao3quan2|保全	dictionary	CC-CEDICT
bang4wan3|傍晚	dictionary	CC-CEDICT
xian1qu1|先驱	dictionary	CC-CEDICT
ke4lin2dun4|克林顿	dictionary	CC-CEDICT
quan2neng2|全能	dictionary	CC-CEDICT
gong1li4|公立	dictionary	CC-CEDICT
gong1zhi2|公职	dictionary	CC-CEDICT
jian1ren4|兼任	dictionary	CC-CEDICT
fen1hang2|分行	dictionary	CC-CEDICT
li4bi3ya4|利比亚	dictionary	CC-CEDICT
yi1xue2yuan4|医学院	dictionary	CC-CEDICT
li4shi2|历时	dictionary	CC-CEDICT
yuan2xing2|原型	dictionary	CC-CEDICT
fa4xing2|发型	dictionary	CC-CEDICT
fa1yang2|发扬	dictionary	CC-CEDICT
fa1xian4zi4ji3|发现自己	dictionary	CC-CEDICT
qu3jue2|取决	dictionary	CC-CEDICT
qu3zi4|取自	dictionary	CC-CEDICT
kou3tou2|口头	dictionary	CC-CEDICT
tai2ci2|台词	dictionary	CC-CEDICT
he2li4|合力	dictionary	CC-CEDICT
ha1fu2|哈佛	dictionary	CC-CEDICT
he1cha2|喝茶	dictionary	CC-CEDICT
qiu2jin4|囚禁	dictionary	CC-CEDICT
guo2ji4hua4|国际化	dictionary	CC-CEDICT
yuan2xing2|圆形	dictionary	CC-CEDICT
zai4zhi2|在职	dictionary	CC-CEDICT
di4chu3|地处	dictionary	CC-CEDICT
di4pan2|地盘	dictionary	CC-CEDICT
di4tie3zhan4|地铁站	dictionary	CC-CEDICT
zhui4hui3|坠毁	dictionary	CC-CEDICT
wai4jiao1bu4zhang3|外交部长	dictionary	CC-CEDICT
duo1zhong4|多重	dictionary	CC-CEDICT
ye4li3|夜里	dictionary	CC-CEDICT
da4ju2|大局	dictionary	CC-CEDICT
da4shen2|大神	dictionary	CC-CEDICT
tian1huang2|天皇	dictionary	CC-CEDICT
tou2tong4|头痛	dictionary	CC-CEDICT
kua1|夸	dictionary	CC-CEDICT
zou4|奏	dictionary	CC-CEDICT
shi2ming2|实名	dictionary	CC-CEDICT
shi2ming2zhi4|实名制	dictionary	CC-CEDICT
shi2lu4|实录	dictionary	CC-CEDICT
rong2xu3|容许	dictionary	CC-CEDICT
fu4hao2|富豪	dictionary	CC-CEDICT
jiu4du2|就读	dictionary	CC-CEDICT
jin4qing2|尽情	dictionary	CC-CEDICT
ju1yu2|居于	dictionary	CC-CEDICT
yi3hun1|已婚	dictionary	CC-CEDICT
yi3cheng2|已成	dictionary	CC-CEDICT
kai1fa1zhe3|开发者	dictionary	CC-CEDICT
ruo4shi4|弱势	dictionary	CC-CEDICT
ying3yuan4|影院	dictionary	CC-CEDICT
xu4|恤	dictionary	CC-CEDICT
gan3ying4|感应	dictionary	CC-CEDICT
suo3zhi4|所致	dictionary	CC-CEDICT
da3ya1|打压	dictionary	CC-CEDICT
kuo4|扩	dictionary	CC-CEDICT
rao3luan4|扰乱	dictionary	CC-CEDICT
tou2chan3|投产	dictionary	CC-CEDICT
ai1|挨	dictionary	CC-CEDICT
ti2zao3|提早	dictionary	CC-CEDICT
da1jian4|搭建	dictionary	CC-CEDICT
da1dang4|搭档	dictionary	CC-CEDICT
xie2|携	dictionary	CC-CEDICT
si1tan3|斯坦	dictionary	CC-CEDICT
xin1gao1|新高	dictionary	CC-CEDICT
xing1qi1tian1|星期天	dictionary	CC-CEDICT
xian3shi4qi4|显示器	dictionary	CC-CEDICT
gan1|杆	dictionary	CC-CEDICT
qiang1sha1|枪杀	dictionary	CC-CEDICT
cha2chu3|查处	dictionary	CC-CEDICT
jian3suo3|检索	dictionary	CC-CEDICT
fa3shi1|法师	dictionary	CC-CEDICT
luo4ke4|洛克	dictionary	CC-CEDICT
hun4xiao2|混淆	dictionary	CC-CEDICT
tian1|添	dictionary	CC-CEDICT
qing1shui3|清水	dictionary	CC-CEDICT
lou4|漏	dictionary	CC-CEDICT
zhao4ming2|照明	dictionary	CC-CEDICT
wu4li3xue2|物理学	dictionary	CC-CEDICT
ma3li4ya4|玛利亚	dictionary	CC-CEDICT
sheng1ri4kuai4le4|生日快乐	dictionary	CC-CEDICT
nan2shi4|男士	dictionary	CC-CEDICT
yi2|疑	dictionary	CC-CEDICT
xiang1ai4|相爱	dictionary	CC-CEDICT
xiang1deng3|相等	dictionary	CC-CEDICT
kan4cheng2|看成	dictionary	CC-CEDICT
du1cha2|督察	dictionary	CC-CEDICT
duan3duan3|短短	dictionary	CC-CEDICT
que4zhen3|确诊	dictionary	CC-CEDICT
yi2jiao1|移交	dictionary	CC-CEDICT
shui4lv4|税率	dictionary	CC-CEDICT
li4an4|立案	dictionary	CC-CEDICT
li4fa3yuan4|立法院	dictionary	CC-CEDICT
di4ba1|第八	dictionary	CC-CEDICT
jing1zhun3|精准	dictionary	CC-CEDICT
ji4nian4ri4|纪念日	dictionary	CC-CEDICT
xi4zhi4|细致	dictionary	CC-CEDICT
hui4zhi4|绘制	dictionary	CC-CEDICT
bian1yi4|编译	dictionary	CC-CEDICT
suo1|缩	dictionary	CC-CEDICT
zhi4yu2|置于	dictionary	CC-CEDICT
lao3wo1|老挝	dictionary	CC-CEDICT
lao3ba4|老爸	dictionary	CC-CEDICT
ye2lu4sa1leng3|耶路撒冷	dictionary	CC-CEDICT
chen2|臣	dictionary	CC-CEDICT
pu2tao2jiu3|葡萄酒	dictionary	CC-CEDICT
zang4zu2|藏族	dictionary	CC-CEDICT
sui1shuo1|虽说	dictionary	CC-CEDICT
bu3ji3|补给	dictionary	CC-CEDICT
biao3shu4|表述	dictionary	CC-CEDICT
ding4li4|订立	dictionary	CC-CEDICT
gai1si3|该死	dictionary	CC-CEDICT
fu4zhai4|负债	dictionary	CC-CEDICT
huo4yun4|货运	dictionary	CC-CEDICT
tan1fu3|贪腐	dictionary	CC-CEDICT
yue4shi4|越是	dictionary	CC-CEDICT
lun2liu2|轮流	dictionary	CC-CEDICT
ci2|辞	dictionary	CC-CEDICT
yun4suan4|运算	dictionary	CC-CEDICT
yuan3fang1|远方	dictionary	CC-CEDICT
zhui1zhu2|追逐	dictionary	CC-CEDICT
bi1jin4|逼近	dictionary	CC-CEDICT
na4tiao2|那条	dictionary	CC-CEDICT
jin1shan1|金山	dictionary	CC-CEDICT
zhen4xian4|阵线	dictionary	CC-CEDICT
zu3li4|阻力	dictionary	CC-CEDICT
a1er3|阿尔	dictionary	CC-CEDICT
xian4e2|限额	dictionary	CC-CEDICT
tao2ci2|陶瓷	dictionary	CC-CEDICT
ding3jian1|顶尖	dictionary	CC-CEDICT
rao2|饶	dictionary	CC-CEDICT
ma3de2li3|马德里	dictionary	CC-CEDICT
gao1xiong2|高雄	dictionary	CC-CEDICT
mo2shu4|魔术	dictionary	CC-CEDICT
li2ba1nen4|黎巴嫩	dictionary	CC-CEDICT
hei1ke4|黑客	dictionary	CC-CEDICT
gu3|鼓	dictionary	CC-CEDICT
yi1quan1|一圈	dictionary	CC-CEDICT
yi4dian3er2|一点儿	dictionary	CC-CEDICT
yi1ye4|一页	dictionary	CC-CEDICT
san1fen1zhi1yi1|三分之一	dictionary	CC-CEDICT
san1qian1|三千	dictionary	CC-CEDICT
san1tiao2|三条	dictionary	CC-CEDICT
shang4bao4|上报	dictionary	CC-CEDICT
shang4fang1|上方	dictionary	CC-CEDICT
bu4he2li3|不合理	dictionary	CC-CEDICT
bu4rong2|不容	dictionary	CC-CEDICT
zhi1yi4|之意	dictionary	CC-CEDICT
hu1|乎	dictionary	CC-CEDICT
le4yi4|乐意	dictionary	CC-CEDICT
yi4ke3|亦可	dictionary	CC-CEDICT
chan3neng2|产能	dictionary	CC-CEDICT
xiang3yong4|享用	dictionary	CC-CEDICT
ting2|亭	dictionary	CC-CEDICT
zhu4su4|住宿	dictionary	CC-CEDICT
zhu4suo3|住所	dictionary	CC-CEDICT
ti3yu4guan3|体育馆	dictionary	CC-CEDICT
fo2shan1|佛山	dictionary	CC-CEDICT
qin1zhan4|侵占	dictionary	CC-CEDICT
bao3you4|保佑	dictionary	CC-CEDICT
ke4li3|克里	dictionary	CC-CEDICT
gong1guan1|公关	dictionary	CC-CEDICT
xie3gei3|写给	dictionary	CC-CEDICT
bing1qi2lin2|冰淇淋	dictionary	CC-CEDICT
jue2zhan4|决战	dictionary	CC-CEDICT
fen1qu1|分区	dictionary	CC-CEDICT
fen1ju2|分局	dictionary	CC-CEDICT
fen1gong1|分工	dictionary	CC-CEDICT
chuang4xia4|创下	dictionary	CC-CEDICT
gong1xiao4|功效	dictionary	CC-CEDICT
lao2dong4zhe3|劳动者	dictionary	CC-CEDICT
ban4xiao3shi2|半小时	dictionary	CC-CEDICT
hua2wen2|华文	dictionary	CC-CEDICT
mai4diao4|卖掉	dictionary	CC-CEDICT
cha1|叉	dictionary	CC-CEDICT
you3shan4|友善	dictionary	CC-CEDICT
fan3xiang3|反响	dictionary	CC-CEDICT
fan3she4|反射	dictionary	CC-CEDICT
ji2long2po1|吉隆坡	dictionary	CC-CEDICT
lv3|吕	dictionary	CC-CEDICT
you1|呦	dictionary	CC-CEDICT
zhou1si4|周四	dictionary	CC-CEDICT
guo2an1|国安	dictionary	CC-CEDICT
zeng1da4|增大	dictionary	CC-CEDICT
xia4wei1yi2|夏威夷	dictionary	CC-CEDICT
da4jie3|大姐	dictionary	CC-CEDICT
da4tu2sha1|大屠杀	dictionary	CC-CEDICT
nai4|奈	dictionary	CC-CEDICT
tuo3shan4|妥善	dictionary	CC-CEDICT
ni1|妮	dictionary	CC-CEDICT
gu1gu1|姑姑	dictionary	CC-CEDICT
zi3sun1|子孙	dictionary	CC-CEDICT
shou3wei4|守卫	dictionary	CC-CEDICT
ding4xiang4|定向	dictionary	CC-CEDICT
ding4zui4|定罪	dictionary	CC-CEDICT
yi2|宜	dictionary	CC-CEDICT
hai4xiu1|害羞	dictionary	CC-CEDICT
kuan1song1|宽松	dictionary	CC-CEDICT
cha2jue2|察觉	dictionary	CC-CEDICT
xiao3yu2|小于	dictionary	CC-CEDICT
jiu4xing2le5|就行了	dictionary	CC-CEDICT
ni2ri4li4ya4|尼日利亚	dictionary	CC-CEDICT
ping2|屏	dictionary	CC-CEDICT
shan1zhai4|山寨	dictionary	CC-CEDICT
shan1ding3|山顶	dictionary	CC-CEDICT
gong1di4|工地	dictionary	CC-CEDICT
qiao3he2|巧合	dictionary	CC-CEDICT
di4guo2zhu3yi4|帝国主义	dictionary	CC-CEDICT
gan4huo2|干活	dictionary	CC-CEDICT
you1ling2|幽灵	dictionary	CC-CEDICT
guang3zhou1shi4|广州市	dictionary	CC-CEDICT
zhang1kai1|张开	dictionary	CC-CEDICT
ying3zhan3|影展	dictionary	CC-CEDICT
tu2xing2|徒刑	dictionary	CC-CEDICT
de2yi4|得意	dictionary	CC-CEDICT
you1yu4|忧郁	dictionary	CC-CEDICT
zong3gong1si1|总公司	dictionary	CC-CEDICT
qiao1qiao1|悄悄	dictionary	CC-CEDICT
cheng2qian1shang4wan4|成千上万	dictionary	CC-CEDICT
bian3|扁	dictionary	CC-CEDICT
shou3dong4|手动	dictionary	CC-CEDICT
zhi2zheng4dang3|执政党	dictionary	CC-CEDICT
kuo4chong1|扩充	dictionary	CC-CEDICT
jue2ze2|抉择	dictionary	CC-CEDICT
tai2tou2|抬头	dictionary	CC-CEDICT
zhi1bu4|支部	dictionary	CC-CEDICT
shou1yang3|收养	dictionary	CC-CEDICT
gong1shi4|攻势	dictionary	CC-CEDICT
shu4qian1|数千	dictionary	CC-CEDICT
shu4e2|数额	dictionary	CC-CEDICT
xin1hua2|新华	dictionary	CC-CEDICT
ri4ye4|日夜	dictionary	CC-CEDICT
wan3qi1|晚期	dictionary	CC-CEDICT
pu3tong1ren2|普通人	dictionary	CC-CEDICT
you3dai4|有待	dictionary	CC-CEDICT
ji1xie4hua4|机械化	dictionary	CC-CEDICT
guo3shi2|果实	dictionary	CC-CEDICT
cha2li3|查理	dictionary	CC-CEDICT
he2zhun3|核准	dictionary	CC-CEDICT
zhuo1shang4|桌上	dictionary	CC-CEDICT
jian3|检	dictionary	CC-CEDICT
ying1hua1|樱花	dictionary	CC-CEDICT
du2yao4|毒药	dictionary	CC-CEDICT
shui3dian4|水电	dictionary	CC-CEDICT
tang1mu3|汤姆	dictionary	CC-CEDICT
bo1te4|波特	dictionary	CC-CEDICT
zhang3fu2|涨幅	dictionary	CC-CEDICT
tao2bao3|淘宝	dictionary	CC-CEDICT
qing1suan4|清算	dictionary	CC-CEDICT
hua2xue3|滑雪	dictionary	CC-CEDICT
can4lan4|灿烂	dictionary	CC-CEDICT
re4xian4|热线	dictionary	CC-CEDICT
pian1zi5|片子	dictionary	CC-CEDICT
kuang2huan1|狂欢	dictionary	CC-CEDICT
wan2nong4|玩弄	dictionary	CC-CEDICT
sheng1zhi2|生殖	dictionary	CC-CEDICT
yong4zuo4|用作	dictionary	CC-CEDICT
huang2gong1|皇宫	dictionary	CC-CEDICT
xiang1cha4|相差	dictionary	CC-CEDICT
xiang1jin4|相近	dictionary	CC-CEDICT
zhen1you3|真有	dictionary	CC-CEDICT
po4lie4|破裂	dictionary	CC-CEDICT
shen2xian1|神仙	dictionary	CC-CEDICT
zhan4dian3|站点	dictionary	CC-CEDICT
zhang1cheng2|章程	dictionary	CC-CEDICT
jun4gong1|竣工	dictionary	CC-CEDICT
ben4|笨	dictionary	CC-CEDICT
xi4shu4|系数	dictionary	CC-CEDICT
zi3|紫	dictionary	CC-CEDICT
ji4cheng2ren2|继承人	dictionary	CC-CEDICT
wei2quan2|维权	dictionary	CC-CEDICT
suo1xie3|缩写	dictionary	CC-CEDICT
lao3jia1|老家	dictionary	CC-CEDICT
chuan2yuan2|船员	dictionary	CC-CEDICT
ying1chao1|英超	dictionary	CC-CEDICT
luo4ru4|落入	dictionary	CC-CEDICT
xi1bei3bu4|西北部	dictionary	CC-CEDICT
jie3pou1|解剖	dictionary	CC-CEDICT
jing3ju2|警局	dictionary	CC-CEDICT
ren4de5|认得	dictionary	CC-CEDICT
zheng4ci2|证词	dictionary	CC-CEDICT
ping2ji2|评级	dictionary	CC-CEDICT
lu4tou4she4|路透社	dictionary	CC-CEDICT
zhuan3er2|转而	dictionary	CC-CEDICT
qing1wei1|轻微	dictionary	CC-CEDICT
mai4jin4|迈进	dictionary	CC-CEDICT
shu4|述	dictionary	CC-CEDICT
tui4yi4|退役	dictionary	CC-CEDICT
dao4jiao4|道教	dictionary	CC-CEDICT
zu3nao2|阻挠	dictionary	CC-CEDICT
nan2mian3|难免	dictionary	CC-CEDICT
nan2kan4|难看	dictionary	CC-CEDICT
dun4shi2|顿时	dictionary	CC-CEDICT
jing3|颈	dictionary	CC-CEDICT
e2du4|额度	dictionary	CC-CEDICT
shi2tang2|食堂	dictionary	CC-CEDICT
yan4shou1|验收	dictionary	CC-CEDICT
hei1bang1|黑帮	dictionary	CC-CEDICT
yi1shi4|一世	dictionary	CC-CEDICT
yi1zheng3tian1|一整天	dictionary	CC-CEDICT
shang4chang3|上场	dictionary	CC-CEDICT
bu4xia4|不下	dictionary	CC-CEDICT
yu3fou3|与否	dictionary	CC-CEDICT
dong1han4|东汉	dictionary	CC-CEDICT
zhong1dui4|中队	dictionary	CC-CEDICT
nai3shi4|乃是	dictionary	CC-CEDICT
zhi1zi5|之子	dictionary	CC-CEDICT
ya4mei3ni2ya4|亚美尼亚	dictionary	CC-CEDICT
jiao1she4|交涉	dictionary	CC-CEDICT
ren2ma3|人马	dictionary	CC-CEDICT
pu2ren2|仆人	dictionary	CC-CEDICT
chou2|仇	dictionary	CC-CEDICT
fen4zi5|份子	dictionary	CC-CEDICT
chuan2shou4|传授	dictionary	CC-CEDICT
bao3guan3|保管	dictionary	CC-CEDICT
xiu1zheng4an4|修正案	dictionary	CC-CEDICT
dao3ta1|倒塌	dictionary	CC-CEDICT
jia4ri4|假日	dictionary	CC-CEDICT
zuo4sheng1yi4|做生意	dictionary	CC-CEDICT
zuo4guo4|做过	dictionary	CC-CEDICT
gong1ran2|公然	dictionary	CC-CEDICT
bing1qi4|兵器	dictionary	CC-CEDICT
jun1min2|军民	dictionary	CC-CEDICT
jun1yong4|军用	dictionary	CC-CEDICT
nong2zuo4wu4|农作物	dictionary	CC-CEDICT
feng2|冯	dictionary	CC-CEDICT
jue2ding4xing4|决定性	dictionary	CC-CEDICT
zhun3shi2|准时	dictionary	CC-CEDICT
kai3|凯	dictionary	CC-CEDICT
qie1ge1|切割	dictionary	CC-CEDICT
chuang4shi3|创始	dictionary	CC-CEDICT
ci4sha1|刺杀	dictionary	CC-CEDICT
ju4tuan2|剧团	dictionary	CC-CEDICT
ban4an4|办案	dictionary	CC-CEDICT
hua4he2wu4|化合物	dictionary	CC-CEDICT
dan1ge4|单个	dictionary	CC-CEDICT
nan2mei3|南美	dictionary	CC-CEDICT
shuang1bian1|双边	dictionary	CC-CEDICT
bian4yi4|变异	dictionary	CC-CEDICT
gu3guai4|古怪	dictionary	CC-CEDICT
he2jin1|合金	dictionary	CC-CEDICT
qi3shi4|启示	dictionary	CC-CEDICT
hei1|嘿	dictionary	CC-CEDICT
si4wei4|四位	dictionary	CC-CEDICT
chu3si3|处死	dictionary	CC-CEDICT
bei4wang4lu4|备忘录	dictionary	CC-CEDICT
duo1xie4|多谢	dictionary	CC-CEDICT
qi2te4|奇特	dictionary	CC-CEDICT
cun2huo2|存活	dictionary	CC-CEDICT
xue2ye4|学业	dictionary	CC-CEDICT
shi2zhan4|实战	dictionary	CC-CEDICT
shi2wu4|实物	dictionary	CC-CEDICT
xuan1shi4|宣誓	dictionary	CC-CEDICT
ni2si1|尼斯	dictionary	CC-CEDICT
ping2bi4|屏蔽	dictionary	CC-CEDICT
ju4tou2|巨头	dictionary	CC-CEDICT
fei4zhi3|废止	dictionary	CC-CEDICT
fei4hua4|废话	dictionary	CC-CEDICT
jian4yu2|建于	dictionary	CC-CEDICT
yi4xing4|异性	dictionary	CC-CEDICT
wan1|弯	dictionary	CC-CEDICT
de2zui4|得罪	dictionary	CC-CEDICT
xin1tiao4|心跳	dictionary	CC-CEDICT
huai2bao4|怀抱	dictionary	CC-CEDICT
zong3zhi2|总值	dictionary	CC-CEDICT
zong3he2|总和	dictionary	CC-CEDICT
xi1|息	dictionary	CC-CEDICT
da3fa1|打发	dictionary	CC-CEDICT
fu3yang3|抚养	dictionary	CC-CEDICT
jie1shou3|接手	dictionary	CC-CEDICT
jie1zhu4|接着	dictionary	CC-CEDICT
cha1tu2|插图	dictionary	CC-CEDICT
shan4zi4|擅自	dictionary	CC-CEDICT
shou1ting1|收听	dictionary	CC-CEDICT
fang4jia4|放假	dictionary	CC-CEDICT
shu4ci4|数次	dictionary	CC-CEDICT
shi1ya1|施压	dictionary	CC-CEDICT
ri4qu1|日趋	dictionary	CC-CEDICT
shi2shi4|时事	dictionary	CC-CEDICT
shi2zhuang1|时装	dictionary	CC-CEDICT
geng4gao1|更高	dictionary	CC-CEDICT
you3he2|有何	dictionary	CC-CEDICT
you3shi3yi3lai2|有史以来	dictionary	CC-CEDICT
mo4ri4|末日	dictionary	CC-CEDICT
ji1shang4|机上	dictionary	CC-CEDICT
ji1zu3|机组	dictionary	CC-CEDICT
gang4gan3|杠杆	dictionary	CC-CEDICT
cha2er3si1|查尔斯	dictionary	CC-CEDICT
yang4pin3|样品	dictionary	CC-CEDICT
gai4shu4|概述	dictionary	CC-CEDICT
zheng4zhi2|正直	dictionary	CC-CEDICT
bi3fen1|比分	dictionary	CC-CEDICT
yang3qi4|氧气	dictionary	CC-CEDICT
shui3shang4|水上	dictionary	CC-CEDICT
jiang1xi1sheng3|江西省	dictionary	CC-CEDICT
chi2|池	dictionary	CC-CEDICT
zhao3ze2|沼泽	dictionary	CC-CEDICT
zhang3jia4|涨价	dictionary	CC-CEDICT
qing1xin1|清新	dictionary	CC-CEDICT
you2lan3|游览	dictionary	CC-CEDICT
ji1huo2|激活	dictionary	CC-CEDICT
dian3ping2|点评	dictionary	CC-CEDICT
te4yi4|特意	dictionary	CC-CEDICT
cai1xiang3|猜想	dictionary	CC-CEDICT
wang2zhe3|王者	dictionary	CC-CEDICT
dao4qie4|盗窃	dictionary	CC-CEDICT
shi2jia1zhuang1|石家庄	dictionary	CC-CEDICT
kuang4wu4|矿物	dictionary	CC-CEDICT
zhuan1|砖	dictionary	CC-CEDICT
si1ying2|私营	dictionary	CC-CEDICT
zhang1jie2|章节	dictionary	CC-CEDICT
ce4|策	dictionary	CC-CEDICT
pian1wen2zhang1|篇文章	dictionary	CC-CEDICT
fen3hong2se4|粉红色	dictionary	CC-CEDICT
zhi2chang3|职场	dictionary	CC-CEDICT
zi4dai4|自带	dictionary	CC-CEDICT
cao3mei2|草莓	dictionary	CC-CEDICT
ying2jiu4|营救	dictionary	CC-CEDICT
ma3yi3|蚂蚁	dictionary	CC-CEDICT
yuan2|袁	dictionary	CC-CEDICT
bei4hai4ren2|被害人	dictionary	CC-CEDICT
xi2|袭	dictionary	CC-CEDICT
xi1ce4|西侧	dictionary	CC-CEDICT
jue2zhu2|角逐	dictionary	CC-CEDICT
chu4ji2|触及	dictionary	CC-CEDICT
jing3ti4|警惕	dictionary	CC-CEDICT
jiang3shi1|讲师	dictionary	CC-CEDICT
hua4ju4|话剧	dictionary	CC-CEDICT
shuo1lai2|说来	dictionary	CC-CEDICT
qi3shen1|起身	dictionary	CC-CEDICT
qu1xiang4|趋向	dictionary	CC-CEDICT
ta4shang4|踏上	dictionary	CC-CEDICT
zhuan3ru4|转入	dictionary	CC-CEDICT
zai4ti3|载体	dictionary	CC-CEDICT
shu1song4|输送	dictionary	CC-CEDICT
guo4sheng4|过剩	dictionary	CC-CEDICT
guo4cuo4|过错	dictionary	CC-CEDICT
mai4a1mi4|迈阿密	dictionary	CC-CEDICT
jin4chu1kou3|进出口	dictionary	CC-CEDICT
zhui1su4|追溯	dictionary	CC-CEDICT
ni4|逆	dictionary	CC-CEDICT
zhong4xin1|重心	dictionary	CC-CEDICT
zhang3de2|长得	dictionary	CC-CEDICT
yu3shui3|雨水	dictionary	CC-CEDICT
fei1dei3|非得	dictionary	CC-CEDICT
mian4dui4mian4|面对面	dictionary	CC-CEDICT
shun4zhe5|顺着	dictionary	CC-CEDICT
jia4|驾	dictionary	CC-CEDICT
gao1dang4|高档	dictionary	CC-CEDICT
gao1gui4|高贵	dictionary	CC-CEDICT
lu4|鹿	dictionary	CC-CEDICT
wan4neng2|万能	dictionary	CC-CEDICT
shang4shi4gong1si1|上市公司	dictionary	CC-CEDICT
bu4tong1|不通	dictionary	CC-CEDICT
bu4kao4|不靠	dictionary	CC-CEDICT
diu1diao4|丢掉	dictionary	CC-CEDICT
yan2jin4|严禁	dictionary	CC-CEDICT
zhong1yang1jun1wei3|中央军委	dictionary	CC-CEDICT
er4shou3|二手	dictionary	CC-CEDICT
er4zhe3|二者	dictionary	CC-CEDICT
wu3qian1|五千	dictionary	CC-CEDICT
ren2min2wang3|人民网	dictionary	CC-CEDICT
ren2cheng1|人称	dictionary	CC-CEDICT
jie4|介	dictionary	CC-CEDICT
yi3bei3|以北	dictionary	CC-CEDICT
qi3|企	dictionary	CC-CEDICT
zhong4suo3zhou1zhi1|众所周知	dictionary	CC-CEDICT
kuai4ji4shi1|会计师	dictionary	CC-CEDICT
di1diao4|低调	dictionary	CC-CEDICT
zuo4bi4|作弊	dictionary	CC-CEDICT
pei4fu2|佩服	dictionary	CC-CEDICT
xiu1xing2|修行	dictionary	CC-CEDICT
tang3ruo4|倘若	dictionary	CC-CEDICT
hou4|候	dictionary	CC-CEDICT
zuo4ren2|做人	dictionary	CC-CEDICT
sha3zi5|傻子	dictionary	CC-CEDICT
er2nv3|儿女	dictionary	CC-CEDICT
dang3zu3zhi1|党组织	dictionary	CC-CEDICT
quan2fang1wei4|全方位	dictionary	CC-CEDICT
gong4chan3dang3yuan2|共产党员	dictionary	CC-CEDICT
xie3xin4|写信	dictionary	CC-CEDICT
nong2li4|农历	dictionary	CC-CEDICT
bing1dao3|冰岛	dictionary	CC-CEDICT
ye3jin1|冶金	dictionary	CC-CEDICT
chuang4zao4xing4|创造性	dictionary	CC-CEDICT
jia1shen1|加深	dictionary	CC-CEDICT
zhan4di4|占地	dictionary	CC-CEDICT
wei4dui4|卫队	dictionary	CC-CEDICT
fa1shi4|发誓	dictionary	CC-CEDICT
qu3di4|取缔	dictionary	CC-CEDICT
kou3yin1|口音	dictionary	CC-CEDICT
you4ce4|右侧	dictionary	CC-CEDICT
ting1cong2|听从	dictionary	CC-CEDICT
xi1du2|吸毒	dictionary	CC-CEDICT
hu1sheng1|呼声	dictionary	CC-CEDICT
hong3|哄	dictionary	CC-CEDICT
li1|哩	dictionary	CC-CEDICT
miao1|喵	dictionary	CC-CEDICT
fu4chou2|复仇	dictionary	CC-CEDICT
wai4xing2|外形	dictionary	CC-CEDICT
wai4yuan2|外援	dictionary	CC-CEDICT
ye4ye4|夜夜	dictionary	CC-CEDICT
da4jun1|大军	dictionary	CC-CEDICT
da4li3|大理	dictionary	CC-CEDICT
fu4|妇	dictionary	CC-CEDICT
jiang1|姜	dictionary	CC-CEDICT
xue2jie4|学界	dictionary	CC-CEDICT
an1ning2|安宁	dictionary	CC-CEDICT
an1hui1sheng3|安徽省	dictionary	CC-CEDICT
guan1chang3|官场	dictionary	CC-CEDICT
shi2li4|实例	dictionary	CC-CEDICT
shi2di4|实地	dictionary	CC-CEDICT
shi2hua4|实话	dictionary	CC-CEDICT
yan4hui4|宴会	dictionary	CC-CEDICT
xiao3gu1niang2|小姑娘	dictionary	CC-CEDICT
jian1|尖	dictionary	CC-CEDICT
jian1jiao4|尖叫	dictionary	CC-CEDICT
yi3ran2|已然	dictionary	CC-CEDICT
tie1|帖	dictionary	CC-CEDICT
chang2you3|常有	dictionary	CC-CEDICT
kai1mu4shi4|开幕式	dictionary	CC-CEDICT
kai1hua1|开花	dictionary	CC-CEDICT
si1suo3|思索	dictionary	CC-CEDICT
zong3ji4|总计	dictionary	CC-CEDICT
nin2hao3|您好	dictionary	CC-CEDICT
suo3yong4|所用	dictionary	CC-CEDICT
shou3tao4|手套	dictionary	CC-CEDICT
cai2hua2|才华	dictionary	CC-CEDICT
zhi3zhe5|指着	dictionary	CC-CEDICT
shou4ke4|授课	dictionary	CC-CEDICT
tan4xian3|探险	dictionary	CC-CEDICT
jie1jian4|接见	dictionary	CC-CEDICT
kong4su4|控诉	dictionary	CC-CEDICT
yao2|摇	dictionary	CC-CEDICT
gong1zhan4|攻占	dictionary	CC-CEDICT
san4bu4|散步	dictionary	CC-CEDICT
wen2hua4bu4|文化部	dictionary	CC-CEDICT
wu2ming2|无名	dictionary	CC-CEDICT
ri4ben3zheng4fu3|日本政府	dictionary	CC-CEDICT
you3qi1tu2xing2|有期徒刑	dictionary	CC-CEDICT
fu2wu4yuan2|服务员	dictionary	CC-CEDICT
ben3an4|本案	dictionary	CC-CEDICT
cun1zi5|村子	dictionary	CC-CEDICT
lai2xin4|来信	dictionary	CC-CEDICT
zhu4|柱	dictionary	CC-CEDICT
ge2li3|格里	dictionary	CC-CEDICT
heng2|横	dictionary	CC-CEDICT
yan2yong4|沿用	dictionary	CC-CEDICT
jin1|津	dictionary	CC-CEDICT
she4|涉	dictionary	CC-CEDICT
re4xue4|热血	dictionary	CC-CEDICT
ao2|熬	dictionary	CC-CEDICT
ai4de2hua2|爱德华	dictionary	CC-CEDICT
qian1|牵	dictionary	CC-CEDICT
hu2li2|狐狸	dictionary	CC-CEDICT
xia2zhai3|狭窄	dictionary	CC-CEDICT
wan2yi4er2|玩意儿	dictionary	CC-CEDICT
li3ying1|理应	dictionary	CC-CEDICT
yong4yu3|用语	dictionary	CC-CEDICT
zhen1kong1|真空	dictionary	CC-CEDICT
zhao2ji2|着急	dictionary	CC-CEDICT
zhu3mu4|瞩目	dictionary	CC-CEDICT
yi3|矣	dictionary	CC-CEDICT
yan2tao3|研讨	dictionary	CC-CEDICT
mo2|磨	dictionary	CC-CEDICT
jin4qu1|禁区	dictionary	CC-CEDICT
zhong3zu2qi2shi4|种族歧视	dictionary	CC-CEDICT
wen3gu4|稳固	dictionary	CC-CEDICT
jing1mei3|精美	dictionary	CC-CEDICT
jue2da4bu4fen4|绝大部分	dictionary	CC-CEDICT
que1shi1|缺失	dictionary	CC-CEDICT
zhao4|罩	dictionary	CC-CEDICT
xiu1chi3|羞耻	dictionary	CC-CEDICT
tai1er2|胎儿	dictionary	CC-CEDICT
jiao3xia4|脚下	dictionary	CC-CEDICT
xi1gai4|膝盖	dictionary	CC-CEDICT
zi4zhi4|自制	dictionary	CC-CEDICT
yan4|艳	dictionary	CC-CEDICT
lei3|蕾	dictionary	CC-CEDICT
jing3jie4|警戒	dictionary	CC-CEDICT
ji4liang4|计量	dictionary	CC-CEDICT
tao3fa2|讨伐	dictionary	CC-CEDICT
ping2lun4jia1|评论家	dictionary	CC-CEDICT
qing3jiao4|请教	dictionary	CC-CEDICT
hao2|豪	dictionary	CC-CEDICT
gui4xia4|跪下	dictionary	CC-CEDICT
zong1|踪	dictionary	CC-CEDICT
che1piao4|车票	dictionary	CC-CEDICT
mai4ke4er3|迈克尔	dictionary	CC-CEDICT
yun4he2|运河	dictionary	CC-CEDICT
jin4xiu1|进修	dictionary	CC-CEDICT
chi2chi2|迟迟	dictionary	CC-CEDICT
song4wang3|送往	dictionary	CC-CEDICT
song4lai2|送来	dictionary	CC-CEDICT
ni4zhuan3|逆转	dictionary	CC-CEDICT
tong1xun4she4|通讯社	dictionary	CC-CEDICT
yi2liu2|遗留	dictionary	CC-CEDICT
ye3wai4|野外	dictionary	CC-CEDICT
jin1zi4ta3|金字塔	dictionary	CC-CEDICT
zhen4shang4|镇上	dictionary	CC-CEDICT
yuan4zi5|院子	dictionary	CC-CEDICT
zhen4|震	dictionary	CC-CEDICT
gu4lv4|顾虑	dictionary	CC-CEDICT
ban1jiang3|颁奖	dictionary	CC-CEDICT
ji1huang1|饥荒	dictionary	CC-CEDICT
jia4che1|驾车	dictionary	CC-CEDICT
sao1huo4|骚货	dictionary	CC-CEDICT
jing1|鲸	dictionary	CC-CEDICT
yi1shuang1|一双	dictionary	CC-CEDICT
yi2mu4|一幕	dictionary	CC-CEDICT
yi2ci4xing4|一次性	dictionary	CC-CEDICT
yi1lian2chuan4|一连串	dictionary	CC-CEDICT
shang4tian1|上天	dictionary	CC-CEDICT
xia4zhou1|下周	dictionary	CC-CEDICT
bu4jia1|不佳	dictionary	CC-CEDICT
bu4xiang2|不详	dictionary	CC-CEDICT
bu4qi3|不起	dictionary	CC-CEDICT
bu4zu2yi3|不足以	dictionary	CC-CEDICT
liang3bei4|两倍	dictionary	CC-CEDICT
zhong1xiao3xue2|中小学	dictionary	CC-CEDICT
zhu3zai3|主宰	dictionary	CC-CEDICT
ju3li4|举例	dictionary	CC-CEDICT
zhi1ye4|之夜	dictionary	CC-CEDICT
shi4tai4|事态	dictionary	CC-CEDICT
liang4dian3|亮点	dictionary	CC-CEDICT
xian1|仙	dictionary	CC-CEDICT
yi2biao3|仪表	dictionary	CC-CEDICT
ti3cao1|体操	dictionary	CC-CEDICT
qin1|侵	dictionary	CC-CEDICT
cui1|催	dictionary	CC-CEDICT
gong1tou2|公投	dictionary	CC-CEDICT
chu1tu3|出土	dictionary	CC-CEDICT
chu1ju2|出局	dictionary	CC-CEDICT
chu1fang3|出访	dictionary	CC-CEDICT
li4wu4pu3|利物浦	dictionary	CC-CEDICT
li4zheng1|力争	dictionary	CC-CEDICT
gong1ke4|功课	dictionary	CC-CEDICT
jia1lei1bi3|加勒比	dictionary	CC-CEDICT
jia1you2zhan4|加油站	dictionary	CC-CEDICT
qu1nei4|区内	dictionary	CC-CEDICT
shi2zi4jia4|十字架	dictionary	CC-CEDICT
nan2lu4|南路	dictionary	CC-CEDICT
li4nian2|历年	dictionary	CC-CEDICT
yan4juan4|厌倦	dictionary	CC-CEDICT
fan3dao4|反倒	dictionary	CC-CEDICT
kou3an4|口岸	dictionary	CC-CEDICT
gu3ji4|古迹	dictionary	CC-CEDICT
tong2ming2|同名	dictionary	CC-CEDICT
ting1hua4|听话	dictionary	CC-CEDICT
ke2sou4|咳嗽	dictionary	CC-CEDICT
pin3wei4|品味	dictionary	CC-CEDICT
guo2min2zheng4fu3|国民政府	dictionary	CC-CEDICT
guo2min2jing1ji4|国民经济	dictionary	CC-CEDICT
chu3yi3|处以	dictionary	CC-CEDICT
wai4ren2|外人	dictionary	CC-CEDICT
tian1wen2|天文	dictionary	CC-CEDICT
ben1pao3|奔跑	dictionary	CC-CEDICT
hao3ting1|好听	dictionary	CC-CEDICT
ke4che1|客车	dictionary	CC-CEDICT
gong1ting2|宫廷	dictionary	CC-CEDICT
fu4ren2|富人	dictionary	CC-CEDICT
gua3fu4|寡妇	dictionary	CC-CEDICT
dui4jue2|对决	dictionary	CC-CEDICT
jiu4ren4|就任	dictionary	CC-CEDICT
jin3zao3|尽早	dictionary	CC-CEDICT
xun2fu3|巡抚	dictionary	CC-CEDICT
qiao3miao4|巧妙	dictionary	CC-CEDICT
ju4xing2|巨型	dictionary	CC-CEDICT
shi4nei4|市内	dictionary	CC-CEDICT
di4wang2|帝王	dictionary	CC-CEDICT
ping2fang1|平方	dictionary	CC-CEDICT
huan4jue2|幻觉	dictionary	CC-CEDICT
di3xian4|底线	dictionary	CC-CEDICT
fei4xu1|废墟	dictionary	CC-CEDICT
de2jiang3|得奖	dictionary	CC-CEDICT
wei1sheng1wu4|微生物	dictionary	CC-CEDICT
ji2xu1|急需	dictionary	CC-CEDICT
xuan2ya2|悬崖	dictionary	CC-CEDICT
can3an4|惨案	dictionary	CC-CEDICT
fang2zu1|房租	dictionary	CC-CEDICT
da3zhao1hu1|打招呼	dictionary	CC-CEDICT
tou2fang4|投放	dictionary	CC-CEDICT
ya1|押	dictionary	CC-CEDICT
la1la1|拉拉	dictionary	CC-CEDICT
pin1yin1|拼音	dictionary	CC-CEDICT
jie1zhong3|接种	dictionary	CC-CEDICT
da1zai4|搭载	dictionary	CC-CEDICT
mo2luo4ge1|摩洛哥	dictionary	CC-CEDICT
zheng4wei3|政委	dictionary	CC-CEDICT
zheng4fu3bu4men2|政府部门	dictionary	CC-CEDICT
jiao4cheng2|教程	dictionary	CC-CEDICT
wen2zhong1|文中	dictionary	CC-CEDICT
wen2ping2|文凭	dictionary	CC-CEDICT
si1luo4fa2ke4|斯洛伐克	dictionary	CC-CEDICT
si1li3lan2ka3|斯里兰卡	dictionary	CC-CEDICT
lv3tu2|旅途	dictionary	CC-CEDICT
wu2bu4|无不	dictionary	CC-CEDICT
zhao1yang2|朝阳	dictionary	CC-CEDICT
mo4qi1|末期	dictionary	CC-CEDICT
si3hou4|死后	dictionary	CC-CEDICT
he2gu3|河谷	dictionary	CC-CEDICT
yan2xian4|沿线	dictionary	CC-CEDICT
dong4xue2|洞穴	dictionary	CC-CEDICT
hai3li3|海里	dictionary	CC-CEDICT
shen1ceng2|深层	dictionary	CC-CEDICT
yan1mo4|淹没	dictionary	CC-CEDICT
liu1|溜	dictionary	CC-CEDICT
lu2|炉	dictionary	CC-CEDICT
yan1tai2|烟台	dictionary	CC-CEDICT
ba4ma1|爸妈	dictionary	CC-CEDICT
wu4li3xue2jia1|物理学家	dictionary	CC-CEDICT
rui4|瑞	dictionary	CC-CEDICT
gua1|瓜	dictionary	CC-CEDICT
dian4lan3|电缆	dictionary	CC-CEDICT
dian4shi4ji1|电视机	dictionary	CC-CEDICT
hua4zuo4|画作	dictionary	CC-CEDICT
huang2|皇	dictionary	CC-CEDICT
kan4zuo4|看作	dictionary	CC-CEDICT
zhen1shi4tai4|真是太	dictionary	CC-CEDICT
zhuo2li4|着力	dictionary	CC-CEDICT
shi2hua4|石化	dictionary	CC-CEDICT
ci2chang3|磁场	dictionary	CC-CEDICT
she4lun4|社论	dictionary	CC-CEDICT
jian3jie2|简洁	dictionary	CC-CEDICT
jin3suo1|紧缩	dictionary	CC-CEDICT
sheng2|绳	dictionary	CC-CEDICT
wei2er3|维尔	dictionary	CC-CEDICT
feng4|缝	dictionary	CC-CEDICT
zi4wei4dui4|自卫队	dictionary	CC-CEDICT
hua1yang4|花样	dictionary	CC-CEDICT
huo4zhun3|获准	dictionary	CC-CEDICT
mo2gu1|蘑菇	dictionary	CC-CEDICT
xian2jie1|衔接	dictionary	CC-CEDICT
jie1qu1|街区	dictionary	CC-CEDICT
bei4kong4|被控	dictionary	CC-CEDICT
xi1yang2|西洋	dictionary	CC-CEDICT
jian4guo4|见过	dictionary	CC-CEDICT
shi4yan2|誓言	dictionary	CC-CEDICT
jiang3jie3|讲解	dictionary	CC-CEDICT
diao4yong4|调用	dictionary	CC-CEDICT
ze2ren4gan3|责任感	dictionary	CC-CEDICT
lu4yi4si1|路易斯	dictionary	CC-CEDICT
lu4mian4|路面	dictionary	CC-CEDICT
shen1chuan1|身穿	dictionary	CC-CEDICT
che1dui4|车队	dictionary	CC-CEDICT
shu1gei3|输给	dictionary	CC-CEDICT
guo4duo1|过多	dictionary	CC-CEDICT
wei2ji4|违纪	dictionary	CC-CEDICT
guang4|逛	dictionary	CC-CEDICT
wen4da2|问答	dictionary	CC-CEDICT
fang2xian4|防线	dictionary	CC-CEDICT
zhen4|阵	dictionary	CC-CEDICT
jiang4jia4|降价	dictionary	CC-CEDICT
yin3huan4|隐患	dictionary	CC-CEDICT
mian4shang4|面上	dictionary	CC-CEDICT
yin1xiang3|音响	dictionary	CC-CEDICT
yu4jian4|预见	dictionary	CC-CEDICT
ma3lai2|马来	dictionary	CC-CEDICT
qi2ma3|骑马	dictionary	CC-CEDICT
yi1hui2|一回	dictionary	CC-CEDICT
yi1pai4|一派	dictionary	CC-CEDICT
san1jia1|三家	dictionary	CC-CEDICT
bu4zhi1bu4jue2|不知不觉	dictionary	CC-CEDICT
dong1nan2bu4|东南部	dictionary	CC-CEDICT
wu3bai3|五百	dictionary	CC-CEDICT
ya4dang1|亚当	dictionary	CC-CEDICT
ren2you3|人有	dictionary	CC-CEDICT
fu2|伏	dictionary	CC-CEDICT
chuan2gan3qi4|传感器	dictionary	CC-CEDICT
zhu4chu4|住处	dictionary	CC-CEDICT
ti3jian3|体检	dictionary	CC-CEDICT
shi3zhe3|使者	dictionary	CC-CEDICT
gong1shui3|供水	dictionary	CC-CEDICT
ju4|俱	dictionary	CC-CEDICT
pian1pian1|偏偏	dictionary	CC-CEDICT
ru4shou3|入手	dictionary	CC-CEDICT
guan1ya1|关押	dictionary	CC-CEDICT
zhun3xu3|准许	dictionary	CC-CEDICT
ji1luo4|击落	dictionary	CC-CEDICT
dao4chang3|到场	dictionary	CC-CEDICT
fu4zuo4yong4|副作用	dictionary	CC-CEDICT
wu4bi4|务必	dictionary	CC-CEDICT
bei3shang4|北上	dictionary	CC-CEDICT
pi3|匹	dictionary	CC-CEDICT
sheng1qi3|升起	dictionary	CC-CEDICT
can1zhan4|参战	dictionary	CC-CEDICT
fa1xie4|发泄	dictionary	CC-CEDICT
xu4|叙	dictionary	CC-CEDICT
tai2jie1|台阶	dictionary	CC-CEDICT
ge4chu4|各处	dictionary	CC-CEDICT
hou4tui4|后退	dictionary	CC-CEDICT
ha1fu2da4xue2|哈佛大学	dictionary	CC-CEDICT
tang2dai4|唐代	dictionary	CC-CEDICT
shang1mao4|商贸	dictionary	CC-CEDICT
hui2xiang3|回想	dictionary	CC-CEDICT
xia4ri4|夏日	dictionary	CC-CEDICT
duo1fang1|多方	dictionary	CC-CEDICT
da4fu2du4|大幅度	dictionary	CC-CEDICT
kua1da4|夸大	dictionary	CC-CEDICT
nu2li4zhi4|奴隶制	dictionary	CC-CEDICT
guan1si1|官司	dictionary	CC-CEDICT
shen3shi4|审视	dictionary	CC-CEDICT
xuan1pan4|宣判	dictionary	CC-CEDICT
xuan1zhan4|宣战	dictionary	CC-CEDICT
xiao3chou3|小丑	dictionary	CC-CEDICT
xiao3nan2hai2|小男孩	dictionary	CC-CEDICT
chang2|尝	dictionary	CC-CEDICT
you2wei4|尤为	dictionary	CC-CEDICT
shi1|尸	dictionary	CC-CEDICT
an4|岸	dictionary	CC-CEDICT
wang3shi4|往事	dictionary	CC-CEDICT
zheng1ji2|征集	dictionary	CC-CEDICT
de2lai2|得来	dictionary	CC-CEDICT
xi1ni2|悉尼	dictionary	CC-CEDICT
huan4you3|患有	dictionary	CC-CEDICT
qing2shi4|情势	dictionary	CC-CEDICT
gan3en1|感恩	dictionary	CC-CEDICT
cheng2ban4|承办	dictionary	CC-CEDICT
zhe1teng5|折腾	dictionary	CC-CEDICT
di3|抵	dictionary	CC-CEDICT
la1si1|拉斯	dictionary	CC-CEDICT
sun3|损	dictionary	CC-CEDICT
zhi1dui4|支队	dictionary	CC-CEDICT
shou1mai3|收买	dictionary	CC-CEDICT
fang4kuan1|放宽	dictionary	CC-CEDICT
di2jun1|敌军	dictionary	CC-CEDICT
jiao4yang3|教养	dictionary	CC-CEDICT
shu4xue2jia1|数学家	dictionary	CC-CEDICT
wen2mang2|文盲	dictionary	CC-CEDICT
wu2xu1|无须	dictionary	CC-CEDICT
zao3nian2|早年	dictionary	CC-CEDICT
ming2zhi1|明知	dictionary	CC-CEDICT
xing1xi4|星系	dictionary	CC-CEDICT
xian3er2yi4jian4|显而易见	dictionary	CC-CEDICT
pu3jing1|普京	dictionary	CC-CEDICT
jing3se4|景色	dictionary	CC-CEDICT
an4zhong1|暗中	dictionary	CC-CEDICT
zui4shen1|最深	dictionary	CC-CEDICT
you3ru2|有如	dictionary	CC-CEDICT
you3guo4|有过	dictionary	CC-CEDICT
lai2hui2|来回	dictionary	CC-CEDICT
zhen3tou5|枕头	dictionary	CC-CEDICT
lin2biao1|林彪	dictionary	CC-CEDICT
ran3|染	dictionary	CC-CEDICT
ke1|柯	dictionary	CC-CEDICT
liu3|柳	dictionary	CC-CEDICT
ci3zhong3|此种	dictionary	CC-CEDICT
si3yin1|死因	dictionary	CC-CEDICT
si3shen2|死神	dictionary	CC-CEDICT
min2hang2|民航	dictionary	CC-CEDICT
yang3hua4|氧化	dictionary	CC-CEDICT
qiu2zhi2|求职	dictionary	CC-CEDICT
han4zi5|汉子	dictionary	CC-CEDICT
shen3|沈	dictionary	CC-CEDICT
fa3lan2xi1|法兰西	dictionary	CC-CEDICT
ce4ding4|测定	dictionary	CC-CEDICT
du4|渡	dictionary	CC-CEDICT
ji1nu4|激怒	dictionary	CC-CEDICT
qian1yin3|牵引	dictionary	CC-CEDICT
yu2|瑜	dictionary	CC-CEDICT
shen1|申	dictionary	CC-CEDICT
jie4xian4|界限	dictionary	CC-CEDICT
xiang1shi2|相识	dictionary	CC-CEDICT
zhuo2zhong4|着重	dictionary	CC-CEDICT
qiao2qiao2|瞧瞧	dictionary	CC-CEDICT
yan2|研	dictionary	CC-CEDICT
po4sui4|破碎	dictionary	CC-CEDICT
li2bu4kai1|离不开	dictionary	CC-CEDICT
li2zhi2|离职	dictionary	CC-CEDICT
qiu1ji4|秋季	dictionary	CC-CEDICT
shao1hou4|稍后	dictionary	CC-CEDICT
wen3ding4xing4|稳定性	dictionary	CC-CEDICT
li4zu2|立足	dictionary	CC-CEDICT
zi3se4|紫色	dictionary	CC-CEDICT
hong2li4|红利	dictionary	CC-CEDICT
jing1ji4xiao4yi4|经济效益	dictionary	CC-CEDICT
wei2wu2er3|维吾尔	dictionary	CC-CEDICT
mei3guo2guo2hui4|美国国会	dictionary	CC-CEDICT
mei3miao4|美妙	dictionary	CC-CEDICT
shen4|肾	dictionary	CC-CEDICT
qiang1|腔	dictionary	CC-CEDICT
zi4ci3|自此	dictionary	CC-CEDICT
cai4dan1|菜单	dictionary	CC-CEDICT
xi1gua1|西瓜	dictionary	CC-CEDICT
ji4hua4sheng1yu4|计划生育	dictionary	CC-CEDICT
ping2fen1|评分	dictionary	CC-CEDICT
tan1|贪	dictionary	CC-CEDICT
gui4yang2|贵阳	dictionary	CC-CEDICT
yue4guo4|越过	dictionary	CC-CEDICT
shen1chu4|身处	dictionary	CC-CEDICT
che1xing2|车型	dictionary	CC-CEDICT
zhuan3bo1|转播	dictionary	CC-CEDICT
zhou2|轴	dictionary	CC-CEDICT
liao2ning2sheng3|辽宁省	dictionary	CC-CEDICT
zhe4yang4de5hua4|这样的话	dictionary	CC-CEDICT
mi2huo4|迷惑	dictionary	CC-CEDICT
cai3kuang4|采矿	dictionary	CC-CEDICT
chong2xian4|重现	dictionary	CC-CEDICT
xiao1|销	dictionary	CC-CEDICT
chang2qi1yi3lai2|长期以来	dictionary	CC-CEDICT
gu4|雇	dictionary	CC-CEDICT
qing1wa1|青蛙	dictionary	CC-CEDICT
yu4xian1|预先	dictionary	CC-CEDICT
feng1yun2|风云	dictionary	CC-CEDICT
feng1guang1|风光	dictionary	CC-CEDICT
feng1li4|风力	dictionary	CC-CEDICT
gao1ju3|高举	dictionary	CC-CEDICT
gao1shan1|高山	dictionary	CC-CEDICT
hei1she4hui4|黑社会	dictionary	CC-CEDICT
yi1ban1|一班	dictionary	CC-CEDICT
shang4yi1|上衣	dictionary	CC-CEDICT
bu4zen3me5|不怎么	dictionary	CC-CEDICT
bu4li3|不理	dictionary	CC-CEDICT
zhuan1yuan2|专员	dictionary	CC-CEDICT
ge4an4|个案	dictionary	CC-CEDICT
feng1|丰	dictionary	CC-CEDICT
wan2|丸	dictionary	CC-CEDICT
yu3|予	dictionary	CC-CEDICT
er4yang3hua4tan4|二氧化碳	dictionary	CC-CEDICT
wang2|亡	dictionary	CC-CEDICT
jiao1hu4|交互	dictionary	CC-CEDICT
jiao1ti4|交替	dictionary	CC-CEDICT
dai4hao4|代号	dictionary	CC-CEDICT
yi3dong1|以东	dictionary	CC-CEDICT
zhong4cai2|仲裁	dictionary	CC-CEDICT
di1jia4|低价	dictionary	CC-CEDICT
he2zai4|何在	dictionary	CC-CEDICT
xian1zhi1|先知	dictionary	CC-CEDICT
ru4zhu4|入住	dictionary	CC-CEDICT
yang3sheng1|养生	dictionary	CC-CEDICT
jian1bing4|兼并	dictionary	CC-CEDICT
jian1gu4|兼顾	dictionary	CC-CEDICT
leng3que4|冷却	dictionary	CC-CEDICT
fen1ji2|分级	dictionary	CC-CEDICT
xing2|刑	dictionary	CC-CEDICT
li4hai4|利害	dictionary	CC-CEDICT
jia1le4bi3hai3|加勒比海	dictionary	CC-CEDICT
lao2wu4|劳务	dictionary	CC-CEDICT
qu1kuai4|区块	dictionary	CC-CEDICT
nan2mei3zhou1|南美洲	dictionary	CC-CEDICT
yin4fa1|印发	dictionary	CC-CEDICT
yuan2gao4|原告	dictionary	CC-CEDICT
fa1shao1|发烧	dictionary	CC-CEDICT
ke3chi3|可耻	dictionary	CC-CEDICT
si1fa3bu4|司法部	dictionary	CC-CEDICT
yi2|咦	dictionary	CC-CEDICT
mi1|咪	dictionary	CC-CEDICT
xiang3qi3|响起	dictionary	CC-CEDICT
na3you3|哪有	dictionary	CC-CEDICT
xi3hao4|喜好	dictionary	CC-CEDICT
si4shi2|四十	dictionary	CC-CEDICT
si4ming2|四名	dictionary	CC-CEDICT
yuan2lin2|园林	dictionary	CC-CEDICT
gu4ti3|固体	dictionary	CC-CEDICT
gu4ding4zi1chan3|固定资产	dictionary	CC-CEDICT
quan1zi5|圈子	dictionary	CC-CEDICT
di4biao3|地表	dictionary	CC-CEDICT
fen2mu4|坟墓	dictionary	CC-CEDICT
da4jiao4|大叫	dictionary	CC-CEDICT
da4pao4|大炮	dictionary	CC-CEDICT
rong2qi4|容器	dictionary	CC-CEDICT
kuan1du4|宽度	dictionary	CC-CEDICT
cun4|寸	dictionary	CC-CEDICT
xiao3dui4|小队	dictionary	CC-CEDICT
shang4you3|尚有	dictionary	CC-CEDICT
diao3|屌	dictionary	CC-CEDICT
shan1gu3|山谷	dictionary	CC-CEDICT
gang3|岗	dictionary	CC-CEDICT
ju4xing1|巨星	dictionary	CC-CEDICT
kai1ting2|开庭	dictionary	CC-CEDICT
kai1huo3|开火	dictionary	CC-CEDICT
tan2he2|弹劾	dictionary	CC-CEDICT
bi4bei4|必备	dictionary	CC-CEDICT
kong3|恐	dictionary	CC-CEDICT
bei1guan1|悲观	dictionary	CC-CEDICT
xiang3lai2|想来	dictionary	CC-CEDICT
yi4xiang4|意向	dictionary	CC-CEDICT
wei4wen4|慰问	dictionary	CC-CEDICT
kang1kai3|慷慨	dictionary	CC-CEDICT
ge1|戈	dictionary	CC-CEDICT
bao4jia4|报价	dictionary	CC-CEDICT
di3ya1|抵押	dictionary	CC-CEDICT
la1mu3|拉姆	dictionary	CC-CEDICT
tong3|捅	dictionary	CC-CEDICT
zhang3guan3|掌管	dictionary	CC-CEDICT
mo2gen1|摩根	dictionary	CC-CEDICT
che4hui2|撤回	dictionary	CC-CEDICT
fang4chu1|放出	dictionary	CC-CEDICT
xin1cheng2|新城	dictionary	CC-CEDICT
fang1wei4|方位	dictionary	CC-CEDICT
wu2qiong2|无穷	dictionary	CC-CEDICT
zao3ri4|早日	dictionary	CC-CEDICT
you3xian4ze2ren4|有限责任	dictionary	CC-CEDICT
chao2zhe5|朝着	dictionary	CC-CEDICT
cha2chu1|查出	dictionary	CC-CEDICT
kuan3xiang4|款项	dictionary	CC-CEDICT
wu3gong1|武功	dictionary	CC-CEDICT
can2liu2|残留	dictionary	CC-CEDICT
shui3fen4|水分	dictionary	CC-CEDICT
han4zhong1|汉中	dictionary	CC-CEDICT
lun2xian4|沦陷	dictionary	CC-CEDICT
you2hua4|油画	dictionary	CC-CEDICT
xi3nao3|洗脑	dictionary	CC-CEDICT
liu2shui3|流水	dictionary	CC-CEDICT
ye4|液	dictionary	CC-CEDICT
you2yong3chi2|游泳池	dictionary	CC-CEDICT
wu4yu3|物语	dictionary	CC-CEDICT
wang2pai2|王牌	dictionary	CC-CEDICT
xian4chang3zhi2bo1|现场直播	dictionary	CC-CEDICT
dian4chang3|电厂	dictionary	CC-CEDICT
dian4zi5shang1wu4|电子商务	dictionary	CC-CEDICT
sheng4|盛	dictionary	CC-CEDICT
kuang4shan1|矿山	dictionary	CC-CEDICT
tu1fa1|突发	dictionary	CC-CEDICT
tu1xi2|突袭	dictionary	CC-CEDICT
chuang1wai4|窗外	dictionary	CC-CEDICT
guan3li3zhe3|管理者	dictionary	CC-CEDICT
fen3hong2|粉红	dictionary	CC-CEDICT
gang1|纲	dictionary	CC-CEDICT
xian4xing4|线性	dictionary	CC-CEDICT
chuo4hao4|绰号	dictionary	CC-CEDICT
bian1zuan3|编纂	dictionary	CC-CEDICT
lao3nian2ren2|老年人	dictionary	CC-CEDICT
lao3ye2|老爷	dictionary	CC-CEDICT
hu2tong4|胡同	dictionary	CC-CEDICT
jiao3ben3|脚本	dictionary	CC-CEDICT
fu4bu4|腹部	dictionary	CC-CEDICT
cao3gen1|草根	dictionary	CC-CEDICT
huang1tang2|荒唐	dictionary	CC-CEDICT
rong2xing4|荣幸	dictionary	CC-CEDICT
zang4|葬	dictionary	CC-CEDICT
xing2xiao1|行销	dictionary	CC-CEDICT
jue2wu4|觉悟	dictionary	CC-CEDICT
jie3jiu4|解救	dictionary	CC-CEDICT
qing3lai2|请来	dictionary	CC-CEDICT
ke4ben3|课本	dictionary	CC-CEDICT
fu4he4|负荷	dictionary	CC-CEDICT
che1pai2|车牌	dictionary	CC-CEDICT
ci2qu4|辞去	dictionary	CC-CEDICT
bian1shang4|边上	dictionary	CC-CEDICT
zhe4qun2|这群	dictionary	CC-CEDICT
ji4|迹	dictionary	CC-CEDICT
shi4|适	dictionary	CC-CEDICT
di4jiao1|递交	dictionary	CC-CEDICT
yu4hai4|遇害	dictionary	CC-CEDICT
zhong4hui2|重回	dictionary	CC-CEDICT
chong2sheng1|重生	dictionary	CC-CEDICT
men2hu4|门户	dictionary	CC-CEDICT
ge2xia4|阁下	dictionary	CC-CEDICT
e4|鳄	dictionary	CC-CEDICT
mo4mo4|默默	dictionary	CC-CEDICT
yi2bei4|一倍	dictionary	CC-CEDICT
yi1tuan2|一团	dictionary	CC-CEDICT
san1bai3|三百	dictionary	CC-CEDICT
san1xiang4|三项	dictionary	CC-CEDICT
bu4gong1|不公	dictionary	CC-CEDICT
bu4bi4yao4|不必要	dictionary	CC-CEDICT
bu4kuai4|不快	dictionary	CC-CEDICT
zhong1xing2|中型	dictionary	CC-CEDICT
zhong1xiao3qi3ye4|中小企业	dictionary	CC-CEDICT
zhi1li4|之力	dictionary	CC-CEDICT
shi4bian4|事变	dictionary	CC-CEDICT
ya4tai4|亚太	dictionary	CC-CEDICT
ya4zhou1|亚州	dictionary	CC-CEDICT
zhuan4ji4|传记	dictionary	CC-CEDICT
yu2di4|余地	dictionary	CC-CEDICT
li4xing2|例行	dictionary	CC-CEDICT
bao3xian3gong1si1|保险公司	dictionary	CC-CEDICT
xiu1lian4|修炼	dictionary	CC-CEDICT
pian1xiang4|偏向	dictionary	CC-CEDICT
pian1li2|偏离	dictionary	CC-CEDICT
tou1pai1|偷拍	dictionary	CC-CEDICT
ru2jia1|儒家	dictionary	CC-CEDICT
ke4luo2di4ya4|克罗地亚	dictionary	CC-CEDICT
mian3chu2|免除	dictionary	CC-CEDICT
quan2xian4|全县	dictionary	CC-CEDICT
quan2ju2|全局	dictionary	CC-CEDICT
jue2bu4|决不	dictionary	CC-CEDICT
chu1chai1|出差	dictionary	CC-CEDICT
gang1guo3|刚果	dictionary	CC-CEDICT
qian2lie4|前列	dictionary	CC-CEDICT
qian2xing2|前行	dictionary	CC-CEDICT
ju4zhong1|剧中	dictionary	CC-CEDICT
jian3ji2|剪辑	dictionary	CC-CEDICT
li4qiu2|力求	dictionary	CC-CEDICT
hua2nan2|华南	dictionary	CC-CEDICT
mai4yin2|卖淫	dictionary	CC-CEDICT
yin4du4ren2|印度人	dictionary	CC-CEDICT
chang3fang2|厂房	dictionary	CC-CEDICT
fa1bing4|发病	dictionary	CC-CEDICT
xu4shi4|叙事	dictionary	CC-CEDICT
shi3shi1|史诗	dictionary	CC-CEDICT
ji2li4|吉利	dictionary	CC-CEDICT
hou4gong1|后宫	dictionary	CC-CEDICT
fou3|否	dictionary	CC-CEDICT
ha1sa4ke4|哈萨克	dictionary	CC-CEDICT
shang1hui4|商会	dictionary	CC-CEDICT
shang1cheng2|商城	dictionary	CC-CEDICT
chao2feng3|嘲讽	dictionary	CC-CEDICT
si4ji4|四季	dictionary	CC-CEDICT
guo2qi3|国企	dictionary	CC-CEDICT
di4xia4shui3|地下水	dictionary	CC-CEDICT
jian1shi2|坚实	dictionary	CC-CEDICT
mai2zang4|埋葬	dictionary	CC-CEDICT
mo4er3ben3|墨尔本	dictionary	CC-CEDICT
duo1da2|多达	dictionary	CC-CEDICT
da4zhuan1|大专	dictionary	CC-CEDICT
da4jiang4|大将	dictionary	CC-CEDICT
tian1xian4|天线	dictionary	CC-CEDICT
tai4jian4|太监	dictionary	CC-CEDICT
tou2xiang4|头像	dictionary	CC-CEDICT
an1li3hui4|安理会	dictionary	CC-CEDICT
ding4wei4|定为	dictionary	CC-CEDICT
bao3zang4|宝藏	dictionary	CC-CEDICT
bao3ma3|宝马	dictionary	CC-CEDICT
xiao3gou3|小狗	dictionary	CC-CEDICT
xia2gu3|峡谷	dictionary	CC-CEDICT
xun2shi4|巡视	dictionary	CC-CEDICT
gan4diao4|干掉	dictionary	CC-CEDICT
ping2xi1|平息	dictionary	CC-CEDICT
bing4yong4|并用	dictionary	CC-CEDICT
zhang1xian3|彰显	dictionary	CC-CEDICT
tu2di4|徒弟	dictionary	CC-CEDICT
de2yi4zhi4|德意志	dictionary	CC-CEDICT
kuai4gan3|快感	dictionary	CC-CEDICT
zen3neng2|怎能	dictionary	CC-CEDICT
xing4sheng1huo2|性生活	dictionary	CC-CEDICT
xing4xing2wei4|性行为	dictionary	CC-CEDICT
e4xing4|恶性	dictionary	CC-CEDICT
zhan4jian4|战舰	dictionary	CC-CEDICT
di3yu4|抵御	dictionary	CC-CEDICT
zhao1hu1|招呼	dictionary	CC-CEDICT
zhi3wen2|指纹	dictionary	CC-CEDICT
tui1chong2|推崇	dictionary	CC-CEDICT
wo4shou3|握手	dictionary	CC-CEDICT
pan1sheng1|攀升	dictionary	CC-CEDICT
zheng4ti3|政体	dictionary	CC-CEDICT
jiao4zong1|教宗	dictionary	CC-CEDICT
chang3kai1|敞开	dictionary	CC-CEDICT
shu4ge4|数个	dictionary	CC-CEDICT
wen2hua4yi2chan3|文化遗产	dictionary	CC-CEDICT
xie2|斜	dictionary	CC-CEDICT
wu2chang2|无偿	dictionary	CC-CEDICT
ri4wan3|日晚	dictionary	CC-CEDICT
wan3nian2|晚年	dictionary	CC-CEDICT
zhi4ku4|智库	dictionary	CC-CEDICT
li3peng2|李鹏	dictionary	CC-CEDICT
tiao2mu4|条目	dictionary	CC-CEDICT
lin2ken3|林肯	dictionary	CC-CEDICT
guo3duan4|果断	dictionary	CC-CEDICT
he2dian4|核电	dictionary	CC-CEDICT
ge2lin2|格林	dictionary	CC-CEDICT
zheng4shi4|正视	dictionary	CC-CEDICT
wu3han4shi4|武汉市	dictionary	CC-CEDICT
wu3jing3|武警	dictionary	CC-CEDICT
wai1|歪	dictionary	CC-CEDICT
can2bao4|残暴	dictionary	CC-CEDICT
shui3liu2|水流	dictionary	CC-CEDICT
yan2ge2|沿革	dictionary	CC-CEDICT
huo2zai4|活在	dictionary	CC-CEDICT
liu2lei4|流泪	dictionary	CC-CEDICT
hai3kou3|海口	dictionary	CC-CEDICT
hai3yun4|海运	dictionary	CC-CEDICT
xuan4ran3|渲染	dictionary	CC-CEDICT
bin1hai3|滨海	dictionary	CC-CEDICT
yan3shi4|演示	dictionary	CC-CEDICT
re4liang4|热量	dictionary	CC-CEDICT
mu4chang3|牧场	dictionary	CC-CEDICT
wan2fa3|玩法	dictionary	CC-CEDICT
xian4shi2|现时	dictionary	CC-CEDICT
wa3si1|瓦斯	dictionary	CC-CEDICT
yong4ren2|用人	dictionary	CC-CEDICT
yong4dao4|用到	dictionary	CC-CEDICT
dian4shi4jie2mu4|电视节目	dictionary	CC-CEDICT
bai3huo4|百货	dictionary	CC-CEDICT
mu4qian2wei2zhi3|目前为止	dictionary	CC-CEDICT
kan4ba5|看吧	dictionary	CC-CEDICT
ke1ju3|科举	dictionary	CC-CEDICT
xiao4sheng1|笑声	dictionary	CC-CEDICT
jing1ye4|精液	dictionary	CC-CEDICT
zhong1sheng1|终生	dictionary	CC-CEDICT
gei3qian2|给钱	dictionary	CC-CEDICT
guan4|罐	dictionary	CC-CEDICT
nai4|耐	dictionary	CC-CEDICT
ju4he2|聚合	dictionary	CC-CEDICT
zi4ran2zi1yuan2|自然资源	dictionary	CC-CEDICT
wei1suo1|萎缩	dictionary	CC-CEDICT
zheng1qi4|蒸汽	dictionary	CC-CEDICT
bo2ruo4|薄弱	dictionary	CC-CEDICT
jie4kou3|藉口	dictionary	CC-CEDICT
cai2yuan2|裁员	dictionary	CC-CEDICT
zhuang1you3|装有	dictionary	CC-CEDICT
yao4bu4ran2|要不然	dictionary	CC-CEDICT
shi4shi4kan4|试试看	dictionary	CC-CEDICT
you4ren2|诱人	dictionary	CC-CEDICT
diao4du4|调度	dictionary	CC-CEDICT
pin2|贫	dictionary	CC-CEDICT
qu4wei4|趣味	dictionary	CC-CEDICT
pao3dao4|跑道	dictionary	CC-CEDICT
shen1zi5|身子	dictionary	CC-CEDICT
zhu2nian2|逐年	dictionary	CC-CEDICT
tong1huo4peng2zhang4|通货膨胀	dictionary	CC-CEDICT
zao4fan3|造反	dictionary	CC-CEDICT
jian4|鉴	dictionary	CC-CEDICT
qian1|铅	dictionary	CC-CEDICT
fang2shui3|防水	dictionary	CC-CEDICT
yin1jing1|阴茎	dictionary	CC-CEDICT
pei2tong2|陪同	dictionary	CC-CEDICT
long2zhong4|隆重	dictionary	CC-CEDICT
ba4quan2|霸权	dictionary	CC-CEDICT
mai2|霾	dictionary	CC-CEDICT
fei1fan2|非凡	dictionary	CC-CEDICT
ling3shi4guan3|领事馆	dictionary	CC-CEDICT
ying1|鹰	dictionary	CC-CEDICT
yi1ping2|一瓶	dictionary	CC-CEDICT
wan4ping2fang1mi3|万平方米	dictionary	CC-CEDICT
wan4li3|万里	dictionary	CC-CEDICT
san1xia2|三峡	dictionary	CC-CEDICT
xia4xia2|下辖	dictionary	CC-CEDICT
bu4fu2|不符	dictionary	CC-CEDICT
bu4guan3zen3yang4|不管怎样	dictionary	CC-CEDICT
zhong1xing1|中兴	dictionary	CC-CEDICT
zhu3ti2qu1|主题曲	dictionary	CC-CEDICT
ju3zhi3|举止	dictionary	CC-CEDICT
qi3gai4|乞丐	dictionary	CC-CEDICT
mai3dan1|买单	dictionary	CC-CEDICT
mai3jia1|买家	dictionary	CC-CEDICT
jing1dong1|京东	dictionary	CC-CEDICT
jie4yu2|介于	dictionary	CC-CEDICT
chuan2gei3|传给	dictionary	CC-CEDICT
gu1suan4|估算	dictionary	CC-CEDICT
zuo4wen2|作文	dictionary	CC-CEDICT
pian1hao3|偏好	dictionary	CC-CEDICT
zhao4|兆	dictionary	CC-CEDICT
mian3yu2|免于	dictionary	CC-CEDICT
gong1you3|公有	dictionary	CC-CEDICT
guan1ai4|关爱	dictionary	CC-CEDICT
tu1xian3|凸显	dictionary	CC-CEDICT
chu1xie3|出血	dictionary	CC-CEDICT
fen1zu3|分组	dictionary	CC-CEDICT
qian2shen1|前身	dictionary	CC-CEDICT
jia1ban1|加班	dictionary	CC-CEDICT
qin2lao2|勤劳	dictionary	CC-CEDICT
shi2wan4|十万	dictionary	CC-CEDICT
yuan2di4|原地	dictionary	CC-CEDICT
pan4tu2|叛徒	dictionary	CC-CEDICT
gu3ren2|古人	dictionary	CC-CEDICT
zhao4hui2|召回	dictionary	CC-CEDICT
ke3xin4|可信	dictionary	CC-CEDICT
ke3guan1|可观	dictionary	CC-CEDICT
ming2pian4|名片	dictionary	CC-CEDICT
na4han3|呐喊	dictionary	CC-CEDICT
na3lai2|哪来	dictionary	CC-CEDICT
tu2wen2|图文	dictionary	CC-CEDICT
zeng1zhi2|增值	dictionary	CC-CEDICT
wai4ke1|外科	dictionary	CC-CEDICT
duo1chu4|多处	dictionary	CC-CEDICT
da4si4|大肆	dictionary	CC-CEDICT
tian1ya2|天涯	dictionary	CC-CEDICT
hao3gan3|好感	dictionary	CC-CEDICT
xian2yi2|嫌疑	dictionary	CC-CEDICT
xuan1chuan2bu4|宣传部	dictionary	CC-CEDICT
shi4you3|室友	dictionary	CC-CEDICT
jia1wu4|家务	dictionary	CC-CEDICT
jia1dian4|家电	dictionary	CC-CEDICT
cha2|察	dictionary	CC-CEDICT
